received_utc,imei,codec,record_utc,timestamp_ms,priority,latitude,longitude,altitude_m,angle_deg,satellites,speed_kmh,event_io_id,io_json
2026-07-01T07:21:23Z,862272088542776,Codec8E,2026-06-29 00:32:36.000 UTC,1782693156000,0,40.1082750,-8.5085033,0,0,0,0,0,"{""239"":0,""240"":0,""21"":3,""200"":0,""69"":2,""237"":99,""113"":100,""303"":0,""383"":3,""1149"":1,""181"":0,""182"":0,""66"":13060,""24"":0,""206"":18,""67"":4128,""68"":0,""13"":798,""17"":-39,""18"":-27,""19"":4,""15"":1000,""241"":26801,""199"":0,""16"":142760,""12"":11143,""449"":0,""636"":0,""1148"":0,""11"":8935106000,""14"":1160700155,""387"":""2b3430313038322e373530302d303038353038352e303333332b3030302e3030302f""}"
2026-07-01T07:21:23Z,862272088542776,Codec8E,2026-06-29 01:58:44.000 UTC,1782698324000,0,40.1082750,-8.5085033,0,0,0,0,0,"{""239"":0,""240"":0,""21"":3,""200"":0,""69"":2,""237"":99,""113"":100,""303"":0,""383"":3,""1149"":1,""181"":0,""182"":0,""66"":13014,""24"":0,""206"":18,""67"":4128,""68"":0,""13"":798,""17"":-43,""18"":-24,""19"":4,""15"":0,""241"":26801,""199"":0,""16"":142760,""12"":11143,""449"":0,""636"":0,""1148"":0,""11"":8935106000,""14"":1160700155,""387"":""2b3430313038322e373530302d303038353038352e303333332b3030302e3030302f""}"
2026-07-01T07:21:24Z,862272088542776,Codec8E,2026-06-29 03:29:35.000 UTC,1782703775000,0,40.1082750,-8.5085033,0,0,0,0,0,"{""239"":0,""240"":0,""21"":3,""200"":0,""69"":2,""237"":99,""113"":100,""303"":0,""383"":3,""1149"":1,""181"":0,""182"":0,""66"":12972,""24"":0,""206"":18,""67"":4128,""68"":0,""13"":798,""17"":-44,""18"":-26,""19"":8,""15"":0,""241"":26801,""199"":0,""16"":142760,""12"":11143,""449"":0,""636"":0,""1148"":0,""11"":8935106000,""14"":1160700155,""387"":""2b3430313038322e373530302d303038353038352e303333332b3030302e3030302f""}"
2026-07-01T07:21:24Z,862272088542776,Codec8E,2026-06-29 05:00:26.000 UTC,1782709226000,0,40.1082750,-8.5085033,0,0,0,0,0,"{""239"":0,""240"":0,""21"":3,""200"":0,""69"":2,""237"":99,""113"":100,""303"":0,""383"":3,""1149"":1,""181"":0,""182"":0,""66"":12937,""24"":0,""206"":18,""67"":4128,""68"":0,""13"":798,""17"":-43,""18"":-24,""19"":5,""15"":0,""241"":26801,""199"":0,""16"":142760,""12"":11143,""449"":0,""636"":0,""1148"":0,""11"":8935106000,""14"":1160700155,""387"":""2b3430313038322e373530302d303038353038352e303333332b3030302e3030302f""}"
2026-07-01T07:21:24Z,862272088542776,Codec8E,2026-06-29 06:31:17.000 UTC,1782714677000,0,40.1082750,-8.5085033,0,0,0,0,0,"{""239"":0,""240"":0,""21"":3,""200"":0,""69"":2,""237"":99,""113"":100,""303"":0,""383"":3,""1149"":1,""181"":0,""182"":0,""66"":12946,""24"":0,""206"":18,""67"":4128,""68"":0,""13"":798,""17"":-40,""18"":-22,""19"":7,""15"":0,""241"":26801,""199"":0,""16"":142760,""12"":11143,""449"":0,""636"":0,""1148"":0,""11"":8935106000,""14"":1160700155,""387"":""2b3430313038322e373530302d303038353038352e303333332b3030302e3030302f""}"
2026-07-01T07:21:24Z,862272088542776,Codec8E,2026-06-29 08:02:07.000 UTC,1782720127000,0,40.1082750,-8.5085033,0,0,0,0,0,"{""239"":0,""240"":0,""21"":3,""200"":0,""69"":2,""237"":99,""113"":100,""303"":0,""383"":3,""1149"":1,""181"":0,""182"":0,""66"":12926,""24"":0,""206"":18,""67"":4128,""68"":0,""13"":798,""17"":-42,""18"":-24,""19"":6,""15"":0,""241"":26801,""199"":0,""16"":142760,""12"":11143,""449"":0,""636"":0,""1148"":0,""11"":8935106000,""14"":1160700155,""387"":""2b3430313038322e373530302d303038353038352e303333332b3030302e3030302f""}"
2026-07-01T07:21:24Z,862272088542776,Codec8E,2026-06-29 09:31:59.000 UTC,1782725519000,0,40.1082750,-8.5085033,0,0,0,0,0,"{""239"":0,""240"":0,""21"":3,""200"":0,""69"":2,""237"":99,""113"":100,""303"":0,""383"":3,""1149"":1,""181"":0,""182"":0,""66"":12884,""24"":0,""206"":18,""67"":4128,""68"":0,""13"":798,""17"":-43,""18"":-19,""19"":7,""15"":0,""241"":26801,""199"":0,""16"":142760,""12"":11143,""449"":0,""636"":0,""1148"":0,""11"":8935106000,""14"":1160700155,""387"":""2b3430313038322e373530302d303038353038352e303333332b3030302e3030302f""}"
2026-07-01T07:21:24Z,862272088542776,Codec8E,2026-06-29 11:02:50.000 UTC,1782730970000,0,40.1082750,-8.5085033,0,0,0,0,0,"{""239"":0,""240"":0,""21"":3,""200"":0,""69"":2,""237"":99,""113"":100,""303"":0,""383"":3,""1149"":1,""181"":0,""182"":0,""66"":12848,""24"":0,""206"":18,""67"":4128,""68"":0,""13"":798,""17"":-39,""18"":-25,""19"":4,""15"":0,""241"":26801,""199"":0,""16"":142760,""12"":11143,""449"":0,""636"":0,""1148"":0,""11"":8935106000,""14"":1160700155,""387"":""2b3430313038322e373530302d303038353038352e303333332b3030302e3030302f""}"
2026-07-01T07:21:24Z,862272088542776,Codec8E,2026-06-29 12:33:41.000 UTC,1782736421000,0,40.1082750,-8.5085033,0,0,0,0,0,"{""239"":0,""240"":0,""21"":3,""200"":0,""69"":2,""237"":99,""113"":100,""303"":0,""383"":3,""1149"":8,""181"":0,""182"":0,""66"":12840,""24"":0,""206"":10701,""67"":4128,""68"":0,""13"":798,""17"":-42,""18"":-24,""19"":7,""15"":0,""241"":26802,""199"":0,""16"":142760,""12"":11143,""449"":0,""636"":0,""1148"":0,""11"":8935106000,""14"":1160700155,""387"":""2b3430313038322e373530302d303038353038352e303333332b3030302e3030302f""}"
2026-07-01T07:21:24Z,862272088542776,Codec8E,2026-06-29 14:04:32.000 UTC,1782741872000,0,40.1082750,-8.5085033,0,0,0,0,0,"{""239"":0,""240"":0,""21"":5,""200"":0,""69"":2,""237"":99,""113"":100,""303"":0,""383"":3,""1149"":20,""181"":0,""182"":0,""66"":12838,""24"":0,""206"":18,""67"":4128,""68"":0,""13"":798,""17"":-32,""18"":-27,""19"":5,""15"":0,""241"":26801,""199"":0,""16"":142760,""12"":11143,""449"":0,""636"":0,""1148"":0,""11"":8935106000,""14"":1160700155,""387"":""2b3430313038322e373530302d303038353038352e303333332b3030302e3030302f""}"
2026-07-01T07:21:24Z,862272088542776,Codec8E,2026-06-29 15:35:53.000 UTC,1782747353000,0,40.1082750,-8.5085033,0,0,0,0,0,"{""239"":0,""240"":0,""21"":3,""200"":0,""69"":2,""237"":99,""113"":100,""303"":0,""383"":3,""1149"":1,""181"":0,""182"":0,""66"":12840,""24"":0,""206"":18,""67"":4128,""68"":0,""13"":798,""17"":-42,""18"":-25,""19"":5,""15"":0,""241"":26801,""199"":0,""16"":142760,""12"":11143,""449"":0,""636"":0,""1148"":0,""11"":8935106000,""14"":1160700155,""387"":""2b3430313038322e373530302d303038353038352e303333332b3030302e3030302f""}"
2026-07-01T07:21:24Z,862272088542776,Codec8E,2026-06-29 17:06:43.000 UTC,1782752803000,0,40.1082750,-8.5085033,0,0,0,0,0,"{""239"":0,""240"":0,""21"":3,""200"":0,""69"":2,""237"":99,""113"":100,""303"":0,""383"":3,""1149"":1,""181"":0,""182"":0,""66"":12796,""24"":0,""206"":18,""67"":4128,""68"":0,""13"":798,""17"":-38,""18"":-21,""19"":4,""15"":0,""241"":26801,""199"":0,""16"":142760,""12"":11143,""449"":0,""636"":0,""1148"":0,""11"":8935106000,""14"":1160700155,""387"":""2b3430313038322e373530302d303038353038352e303333332b3030302e3030302f""}"
2026-07-01T07:21:25Z,862272088542776,Codec8E,2026-06-29 18:37:34.000 UTC,1782758254000,0,40.1082750,-8.5085033,0,0,0,0,0,"{""239"":0,""240"":0,""21"":5,""200"":0,""69"":2,""237"":99,""113"":100,""303"":0,""383"":3,""1149"":20,""181"":0,""182"":0,""66"":12796,""24"":0,""206"":18,""67"":4128,""68"":0,""13"":798,""17"":-41,""18"":-30,""19"":8,""15"":0,""241"":26801,""199"":0,""16"":142760,""12"":11143,""449"":0,""636"":0,""1148"":0,""11"":8935106000,""14"":1160700155,""387"":""2b3430313038322e373530302d303038353038352e303333332b3030302e3030302f""}"
2026-07-01T07:21:25Z,862272088542776,Codec8E,2026-06-29 20:08:25.000 UTC,1782763705000,0,40.1082750,-8.5085033,0,0,0,0,0,"{""239"":0,""240"":0,""21"":5,""200"":0,""69"":2,""237"":99,""113"":100,""303"":0,""383"":3,""1149"":1,""181"":0,""182"":0,""66"":12796,""24"":0,""206"":18,""67"":4128,""68"":0,""13"":798,""17"":-40,""18"":-24,""19"":3,""15"":0,""241"":26801,""199"":0,""16"":142760,""12"":11143,""449"":0,""636"":0,""1148"":0,""11"":8935106000,""14"":1160700155,""387"":""2b3430313038322e373530302d303038353038352e303333332b3030302e3030302f""}"
2026-07-01T07:21:25Z,862272088542776,Codec8E,2026-06-29 21:39:46.000 UTC,1782769186000,0,40.1082750,-8.5085033,0,0,0,0,0,"{""239"":0,""240"":0,""21"":3,""200"":0,""69"":2,""237"":99,""113"":100,""303"":0,""383"":3,""1149"":8,""181"":0,""182"":0,""66"":12800,""24"":0,""206"":10701,""67"":4128,""68"":0,""13"":798,""17"":-42,""18"":-22,""19"":4,""15"":0,""241"":26802,""199"":0,""16"":142760,""12"":11143,""449"":0,""636"":0,""1148"":0,""11"":8935106000,""14"":1160700155,""387"":""2b3430313038322e373530302d303038353038352e303333332b3030302e3030302f""}"
2026-07-01T07:21:25Z,862272088542776,Codec8E,2026-06-29 23:10:37.000 UTC,1782774637000,0,40.1082750,-8.5085033,0,0,0,0,0,"{""239"":0,""240"":0,""21"":3,""200"":0,""69"":2,""237"":99,""113"":100,""303"":0,""383"":3,""1149"":1,""181"":0,""182"":0,""66"":12796,""24"":0,""206"":18,""67"":4128,""68"":0,""13"":798,""17"":-41,""18"":-30,""19"":3,""15"":0,""241"":26801,""199"":0,""16"":142760,""12"":11143,""449"":0,""636"":0,""1148"":0,""11"":8935106000,""14"":1160700155,""387"":""2b3430313038322e373530302d303038353038352e303333332b3030302e3030302f""}"
2026-06-29T17:40:21Z,862272088833183,Codec8E,2026-06-29 17:27:01.000 UTC,1782754021000,0,41.5461833,-8.4191816,0,0,0,0,0,"{""239"":0,""240"":0,""80"":0,""21"":5,""200"":3,""69"":3,""237"":2,""113"":100,""263"":1,""303"":0,""383"":3,""66"":12459,""206"":26,""67"":4051,""68"":0,""17"":-33,""18"":40,""19"":9,""13201"":278,""241"":26801,""16"":49459,""12"":259,""449"":0,""636"":110218764,""11"":893510181,""238"":0,""14"":2540732448,""387"":""2b3431353436312e383333332d303038343139312e383136372b3030302e3030302f""}"
2026-06-29T18:28:26Z,862272088833183,Codec8E,2026-06-29 18:27:01.000 UTC,1782757621000,0,41.5461833,-8.4191816,0,0,0,0,0,"{""239"":0,""240"":0,""80"":0,""21"":5,""200"":3,""69"":3,""237"":2,""113"":100,""263"":1,""303"":0,""383"":3,""66"":12463,""206"":26,""67"":4051,""68"":0,""17"":-28,""18"":39,""19"":0,""13201"":279,""241"":26801,""16"":49459,""12"":259,""449"":0,""636"":110218765,""11"":893510181,""238"":0,""14"":2540732448,""387"":""2b3431353436312e383333332d303038343139312e383136372b3030302e3030302f""}"
2026-06-29T18:50:26Z,862272088833183,Codec8E,2026-06-29 18:49:24.000 UTC,1782758964000,0,41.5461833,-8.4191816,0,0,0,0,303,"{""239"":0,""240"":0,""80"":0,""21"":4,""200"":3,""69"":3,""237"":2,""113"":100,""263"":1,""303"":1,""383"":3,""66"":12383,""206"":26,""67"":4051,""68"":0,""17"":-24,""18"":54,""19"":-3,""13201"":282,""241"":26801,""16"":49459,""12"":259,""449"":0,""636"":110218765,""11"":893510181,""238"":0,""14"":2540732448,""387"":""2b3431353436312e383333332d303038343139312e383136372b3030302e3030302f""}"
2026-06-29T18:50:26Z,862272088833183,Codec8E,2026-06-29 18:49:26.000 UTC,1782758966000,0,41.5461833,-8.4191816,0,0,0,0,240,"{""239"":0,""240"":1,""80"":1,""21"":4,""200"":0,""69"":2,""237"":2,""113"":100,""263"":1,""303"":1,""383"":3,""181"":0,""182"":0,""66"":12381,""24"":0,""206"":26,""67"":4051,""68"":0,""13"":71,""17"":-35,""18"":53,""19"":-10,""15"":1000,""13201"":282,""241"":26801,""199"":0,""16"":49459,""12"":259,""449"":0,""636"":110218765,""11"":893510181,""238"":0,""14"":2540732448,""387"":""2b3431353436312e383333332d303038343139312e383136372b3030302e3030302f""}"
2026-06-29T18:50:26Z,862272088833183,Codec8E,2026-06-29 18:49:30.000 UTC,1782758970000,0,41.5461833,-8.4191816,0,0,0,0,303,"{""239"":0,""240"":1,""80"":1,""21"":4,""200"":0,""69"":2,""237"":2,""113"":100,""263"":1,""303"":0,""383"":3,""181"":0,""182"":0,""66"":12073,""24"":0,""206"":26,""67"":4051,""68"":0,""13"":71,""17"":-31,""18"":49,""19"":-8,""15"":1000,""13201"":284,""241"":26801,""199"":0,""16"":49459,""12"":259,""449"":0,""636"":110218765,""11"":893510181,""238"":0,""14"":2540732448,""387"":""2b3431353436312e383333332d303038343139312e383136372b3030302e3030302f""}"
2026-06-29T18:50:26Z,862272088833183,Codec8E,2026-06-29 18:49:48.000 UTC,1782758988000,0,41.5461833,-8.4191816,0,0,0,0,303,"{""239"":0,""240"":1,""80"":1,""21"":4,""200"":0,""69"":2,""237"":2,""113"":100,""263"":1,""303"":1,""383"":3,""30"":0,""31"":14,""32"":25,""33"":0,""35"":36,""37"":0,""38"":5,""39"":24,""181"":0,""182"":0,""66"":11916,""24"":0,""206"":26,""67"":4051,""68"":0,""13"":71,""17"":-28,""18"":54,""19"":0,""15"":1000,""13201"":287,""36"":1301,""40"":188,""43"":0,""241"":26801,""199"":0,""16"":49459,""12"":259,""449"":0,""636"":110218765,""11"":893510181,""238"":0,""14"":2540732448,""387"":""2b3431353436312e383333332d303038343139312e383136372b3030302e3030302f""}"
2026-06-29T18:50:26Z,862272088833183,Codec8E,2026-06-29 18:49:59.000 UTC,1782758999000,0,41.5461833,-8.4191816,0,0,0,0,303,"{""239"":0,""240"":1,""80"":1,""21"":4,""200"":0,""69"":2,""237"":2,""113"":100,""263"":1,""303"":0,""383"":3,""181"":0,""182"":0,""66"":11888,""24"":0,""206"":26,""67"":4051,""68"":0,""13"":71,""17"":-14,""18"":53,""19"":16,""15"":1000,""13201"":289,""241"":26801,""199"":0,""16"":49459,""12"":259,""449"":0,""636"":110218765,""11"":893510181,""238"":0,""14"":2540732448,""387"":""2b3431353436312e383333332d303038343139312e383136372b3030302e3030302f""}"
2026-06-29T18:50:27Z,862272088833183,Codec8E,2026-06-29 18:50:04.000 UTC,1782759004000,0,41.5461833,-8.4191816,0,0,0,0,303,"{""239"":0,""240"":1,""80"":1,""21"":5,""200"":0,""69"":2,""237"":2,""113"":100,""263"":1,""303"":1,""383"":3,""181"":0,""182"":0,""66"":11910,""24"":0,""206"":26,""67"":4051,""68"":0,""13"":71,""17"":-60,""18"":-58,""19"":57,""15"":1000,""13201"":289,""241"":26801,""199"":0,""16"":49459,""12"":259,""449"":0,""636"":110218765,""11"":893510181,""238"":0,""14"":2540732448,""387"":""2b3431353436312e383333332d303038343139312e383136372b3030302e3030302f""}"
2026-06-29T18:50:27Z,862272088833183,Codec8E,2026-06-29 18:50:13.000 UTC,1782759013000,0,41.5461833,-8.4191816,0,0,0,0,239,"{""239"":1,""240"":1,""80"":1,""21"":5,""200"":0,""69"":2,""237"":2,""113"":100,""263"":1,""303"":1,""383"":3,""181"":0,""182"":0,""66"":14040,""24"":0,""206"":26,""67"":4051,""68"":0,""13"":71,""17"":-17,""18"":-154,""19"":-99,""15"":1000,""13201"":289,""241"":26801,""199"":0,""16"":49459,""12"":259,""449"":0,""636"":110218765,""11"":893510181,""238"":0,""14"":2540732448,""387"":""2b3431353436312e383333332d303038343139312e383136372b3030302e3030302f""}"
2026-06-29T18:51:21Z,862272088833183,Codec8E,2026-06-29 18:51:19.000 UTC,1782759079000,0,41.5461833,-8.4191816,0,0,0,0,303,"{""239"":1,""240"":1,""80"":1,""21"":5,""200"":0,""69"":2,""237"":2,""113"":100,""263"":1,""303"":0,""383"":3,""30"":0,""31"":12,""32"":34,""33"":0,""35"":35,""37"":0,""38"":251,""39"":25,""181"":0,""182"":0,""66"":14238,""24"":0,""206"":26,""67"":4051,""68"":0,""13"":71,""17"":-23,""18"":39,""19"":-2,""15"":1000,""13201"":296,""36"":1040,""40"":177,""43"":0,""241"":26801,""199"":0,""16"":49459,""12"":259,""449"":0,""636"":110218794,""11"":893510181,""238"":0,""14"":2540732448,""387"":""2b3431353436312e383333332d303038343139312e383136372b3030302e3030302f""}"
2026-06-29T18:51:28Z,862272088833183,Codec8E,2026-06-29 18:51:27.000 UTC,1782759087000,0,41.5461833,-8.4191816,0,0,0,0,303,"{""239"":1,""240"":1,""80"":1,""21"":5,""200"":0,""69"":2,""237"":2,""113"":100,""263"":1,""303"":1,""383"":3,""30"":0,""31"":14,""32"":35,""33"":0,""35"":38,""37"":0,""38"":0,""39"":25,""181"":0,""182"":0,""66"":14230,""24"":0,""206"":26,""67"":4051,""68"":0,""13"":71,""17"":-18,""18"":38,""19"":-16,""15"":1000,""13201"":298,""36"":1065,""40"":202,""43"":0,""241"":26801,""199"":0,""16"":49459,""12"":259,""449"":0,""636"":110218794,""11"":893510181,""238"":0,""14"":2540732448,""387"":""2b3431353436312e383333332d303038343139312e383136372b3030302e3030302f""}"
2026-06-29T18:51:37Z,862272088833183,Codec8E,2026-06-29 18:51:37.000 UTC,1782759097000,0,41.5463300,-8.4199150,177,247,5,6,0,"{""239"":1,""240"":1,""80"":1,""21"":5,""200"":0,""69"":1,""237"":2,""113"":100,""263"":1,""303"":1,""383"":3,""30"":0,""31"":14,""32"":36,""33"":0,""35"":65,""37"":6,""38"":0,""39"":25,""181"":27,""182"":25,""66"":14290,""24"":6,""206"":26,""67"":4051,""68"":0,""13"":71,""17"":-49,""18"":206,""19"":-8,""15"":1000,""13201"":300,""36"":1327,""40"":505,""43"":0,""241"":26801,""199"":5,""16"":49524,""12"":259,""449"":0,""636"":110218794,""11"":893510181,""238"":0,""14"":2540732448,""387"":""2b3431353436332e333030302d303038343139392e313530302b3030302e3137372f""}"
2026-06-29T18:51:39Z,862272088833183,Codec8E,2026-06-29 18:51:39.000 UTC,1782759099000,0,41.5463600,-8.4200133,177,264,5,9,0,"{""239"":1,""240"":1,""80"":1,""21"":5,""200"":0,""69"":1,""237"":2,""113"":100,""263"":1,""303"":1,""383"":3,""30"":0,""31"":15,""32"":37,""33"":0,""35"":31,""37"":13,""38"":0,""39"":24,""181"":36,""182"":25,""66"":14276,""24"":9,""206"":26,""67"":4051,""68"":0,""13"":71,""17"":-100,""18"":106,""19"":185,""15"":1000,""13201"":300,""36"":1725,""40"":722,""43"":0,""241"":26801,""199"":13,""16"":49532,""12"":259,""449"":0,""636"":110218795,""11"":893510181,""238"":0,""14"":2540732448,""387"":""2b3431353436332e363030302d303038343230302e313333332b3030302e3137372f""}"
2026-06-29T18:51:42Z,862272088833183,Codec8E,2026-06-29 18:51:41.000 UTC,1782759101000,0,41.5463999,-8.4200950,177,275,5,10,0,"{""239"":1,""240"":1,""80"":1,""21"":5,""200"":0,""69"":1,""237"":2,""113"":100,""263"":1,""303"":1,""383"":3,""30"":0,""31"":15,""32"":37,""33"":0,""35"":31,""37"":13,""38"":0,""39"":24,""181"":36,""182"":25,""66"":14271,""24"":10,""206"":26,""67"":4051,""68"":0,""13"":71,""17"":-58,""18"":-6,""19"":71,""15"":1000,""13201"":300,""36"":1725,""40"":722,""43"":0,""241"":26801,""199"":22,""16"":49541,""12"":259,""449"":0,""636"":110218795,""11"":893510181,""238"":0,""14"":2540732448,""387"":""2b3431353436342e303030302d303038343230302e393530302b3030302e3137372f""}"
2026-06-29T18:51:43Z,862272088833183,Codec8E,2026-06-29 18:51:43.000 UTC,1782759103000,0,41.5464583,-8.4201750,178,287,5,11,0,"{""239"":1,""240"":1,""80"":1,""21"":5,""200"":0,""69"":1,""237"":2,""113"":100,""263"":1,""303"":1,""383"":3,""30"":0,""31"":31,""32"":37,""33"":0,""35"":61,""37"":22,""38"":247,""39"":24,""181"":36,""182"":25,""66"":14288,""24"":11,""206"":26,""67"":4051,""68"":0,""13"":71,""17"":-49,""18"":0,""19"":170,""15"":1000,""13201"":301,""36"":2898,""40"":358,""43"":0,""241"":26801,""199"":31,""16"":49550,""12"":259,""449"":0,""636"":110218795,""11"":893510181,""238"":0,""14"":2540732448,""387"":""2b3431353436342e353833332d303038343230312e373530302b3030302e3137382f""}"
2026-06-29T18:51:46Z,862272088833183,Codec8E,2026-06-29 18:51:46.000 UTC,1782759106000,0,41.5465616,-8.4202716,180,303,4,12,0,"{""239"":1,""240"":1,""80"":1,""21"":5,""200"":0,""69"":1,""237"":2,""113"":100,""263"":1,""303"":1,""383"":3,""30"":0,""31"":31,""32"":37,""33"":0,""35"":61,""37"":22,""38"":247,""39"":24,""181"":37,""182"":36,""66"":14270,""24"":12,""206"":26,""67"":4051,""68"":0,""13"":71,""17"":22,""18"":35,""19"":164,""15"":1000,""13201"":302,""36"":2898,""40"":358,""43"":0,""241"":26801,""199"":46,""16"":49565,""12"":259,""449"":0,""636"":110218795,""11"":893510181,""238"":0,""14"":2540732448,""387"":""2b3431353436352e363136372d303038343230322e373136372b3030302e3138302f""}"
2026-06-29T18:51:48Z,862272088833183,Codec8E,2026-06-29 18:51:48.000 UTC,1782759108000,0,41.5467100,-8.4203466,183,315,4,14,0,"{""239"":1,""240"":1,""80"":1,""21"":5,""200"":0,""69"":1,""237"":2,""113"":100,""263"":1,""303"":1,""383"":3,""30"":0,""31"":40,""32"":37,""33"":0,""35"":84,""37"":32,""38"":238,""39"":24,""181"":37,""182"":36,""66"":14278,""24"":14,""206"":26,""67"":4051,""68"":0,""13"":71,""17"":-18,""18"":31,""19"":147,""15"":1000,""13201"":302,""36"":2973,""40"":147,""43"":0,""241"":26801,""199"":63,""16"":49582,""12"":259,""449"":0,""636"":110218795,""11"":893510181,""238"":0,""14"":2540732448,""387"":""2b3431353436372e313030302d303038343230332e343636372b3030302e3138332f""}"
2026-06-29T18:51:53Z,862272088833183,Codec8E,2026-06-29 18:51:53.000 UTC,1782759113000,0,41.5471283,-8.4205750,188,326,5,21,0,"{""239"":1,""240"":1,""80"":1,""21"":5,""200"":0,""69"":1,""237"":2,""113"":100,""263"":1,""303"":1,""383"":3,""30"":0,""31"":41,""32"":38,""33"":0,""35"":86,""37"":39,""38"":224,""39"":24,""181"":27,""182"":25,""66"":14221,""24"":21,""206"":26,""67"":4051,""68"":0,""13"":71,""17"":261,""18"":224,""19"":-123,""15"":1000,""13201"":302,""36"":2611,""40"":111,""43"":0,""241"":26801,""199"":114,""16"":49633,""12"":259,""449"":0,""636"":110218795,""11"":893510181,""238"":0,""14"":2540732448,""387"":""2b3431353437312e323833332d303038343230352e373530302b3030302e3138382f""}"
2026-06-29T18:51:59Z,862272088833183,Codec8E,2026-06-29 18:51:59.000 UTC,1782759119000,0,41.5474883,-8.4207400,190,340,6,19,0,"{""239"":1,""240"":1,""80"":1,""21"":5,""200"":0,""69"":1,""237"":2,""113"":100,""263"":1,""303"":1,""383"":3,""30"":0,""31"":3,""32"":38,""33"":0,""35"":27,""37"":12,""38"":243,""39"":25,""181"":30,""182"":17,""66"":14265,""24"":19,""206"":26,""67"":4051,""68"":0,""13"":71,""17"":-119,""18"":62,""19"":212,""15"":1000,""13201"":303,""36"":699,""40"":150,""43"":0,""241"":26801,""199"":159,""16"":49678,""12"":259,""449"":0,""636"":110218795,""11"":893510181,""238"":0,""14"":2540732448,""387"":""2b3431353437342e383833332d303038343230372e343030302b3030302e3139302f""}"
2026-06-29T18:52:01Z,862272088833183,Codec8E,2026-06-29 18:52:00.000 UTC,1782759120000,0,41.5474750,-8.4207216,190,358,6,15,0,"{""239"":1,""240"":1,""80"":1,""21"":5,""200"":0,""69"":1,""237"":2,""113"":100,""263"":1,""303"":1,""383"":3,""30"":0,""31"":3,""32"":38,""33"":0,""35"":27,""37"":12,""38"":243,""39"":25,""181"":18,""182"":15,""66"":14256,""24"":15,""206"":26,""67"":4051,""68"":0,""13"":71,""17"":-84,""18"":77,""19"":139,""15"":1000,""13201"":303,""36"":699,""40"":150,""43"":0,""241"":26801,""199"":159,""16"":49678,""12"":259,""449"":0,""636"":110218795,""11"":893510181,""238"":0,""14"":2540732448,""387"":""2b3431353437342e373530302d303038343230372e323136372b3030302e3139302f""}"
2026-06-29T18:52:01Z,862272088833183,Codec8E,2026-06-29 18:52:01.000 UTC,1782759121000,0,41.5474733,-8.4206933,191,28,6,13,0,"{""239"":1,""240"":1,""80"":1,""21"":5,""200"":0,""69"":1,""237"":2,""113"":100,""263"":1,""303"":1,""383"":3,""30"":0,""31"":3,""32"":38,""33"":0,""35"":27,""37"":12,""38"":243,""39"":25,""181"":18,""182"":15,""66"":14267,""24"":13,""206"":26,""67"":4051,""68"":0,""13"":71,""17"":-58,""18"":101,""19"":187,""15"":1000,""13201"":304,""36"":699,""40"":150,""43"":0,""241"":26801,""199"":162,""16"":49681,""12"":259,""449"":0,""636"":110218795,""11"":893510181,""238"":0,""14"":2540732448,""387"":""2b3431353437342e373333332d303038343230362e393333332b3030302e3139312f""}"
2026-06-29T18:52:02Z,862272088833183,Codec8E,2026-06-29 18:52:02.000 UTC,1782759122000,0,41.5474916,-8.4206516,192,48,6,12,0,"{""239"":1,""240"":1,""80"":1,""21"":5,""200"":0,""69"":1,""237"":2,""113"":100,""263"":1,""303"":1,""383"":3,""30"":0,""31"":14,""32"":39,""33"":255,""35"":72,""37"":3,""38"":248,""39"":25,""181"":18,""182"":15,""66"":14281,""24"":12,""206"":26,""67"":4051,""68"":0,""13"":71,""17"":-32,""18"":13,""19"":202,""15"":1000,""13201"":304,""36"":1504,""40"":805,""43"":0,""241"":26801,""199"":166,""16"":49685,""12"":259,""449"":0,""636"":110380073,""11"":893510181,""238"":0,""14"":2540732448,""387"":""2b3431353437342e393136372d303038343230362e353136372b3030302e3139322f""}"
2026-06-29T18:52:03Z,862272088833183,Codec8E,2026-06-29 18:52:03.000 UTC,1782759123000,0,41.5475166,-8.4205866,192,59,6,13,0,"{""239"":1,""240"":1,""80"":1,""21"":5,""200"":0,""69"":1,""237"":2,""113"":100,""263"":1,""303"":1,""383"":3,""30"":0,""31"":14,""32"":39,""33"":255,""35"":72,""37"":3,""38"":248,""39"":25,""181"":18,""182"":15,""66"":14281,""24"":13,""206"":26,""67"":4051,""68"":0,""13"":71,""17"":-45,""18"":34,""19"":118,""15"":1000,""13201"":304,""36"":1504,""40"":805,""43"":0,""241"":26801,""199"":173,""16"":49692,""12"":259,""449"":0,""636"":110380073,""11"":893510181,""238"":0,""14"":2540732448,""387"":""2b3431353437352e313636372d303038343230352e383636372b3030302e3139322f""}"
2026-06-29T18:52:08Z,862272088833183,Codec8E,2026-06-29 18:52:08.000 UTC,1782759128000,0,41.5476533,-8.4201450,193,67,6,26,0,"{""239"":1,""240"":1,""80"":1,""21"":5,""200"":0,""69"":1,""237"":2,""113"":100,""263"":1,""303"":1,""383"":3,""30"":0,""31"":40,""32"":39,""33"":246,""35"":82,""37"":26,""38"":240,""39"":25,""181"":18,""182"":15,""66"":14284,""24"":26,""206"":26,""67"":4051,""68"":0,""13"":71,""17"":-42,""18"":-23,""19"":80,""15"":1000,""13201"":305,""36"":2928,""40"":1533,""43"":0,""241"":26801,""199"":213,""16"":49732,""12"":259,""449"":0,""636"":110380073,""11"":893510181,""238"":0,""14"":2540732448,""387"":""2b3431353437362e353333332d303038343230312e343530302b3030302e3139332f""}"
2026-06-29T18:52:13Z,862272088833183,Codec8E,2026-06-29 18:52:13.000 UTC,1782759133000,0,41.5478699,-8.4195066,193,59,8,37,0,"{""239"":1,""240"":1,""80"":1,""21"":5,""200"":0,""69"":1,""237"":2,""113"":100,""263"":1,""303"":1,""383"":3,""30"":0,""31"":42,""32"":40,""33"":245,""35"":25,""37"":37,""38"":239,""39"":25,""181"":16,""182"":13,""66"":14297,""24"":37,""206"":26,""67"":4051,""68"":0,""13"":71,""17"":223,""18"":6,""19"":358,""15"":1000,""13201"":305,""36"":2559,""40"":1205,""43"":0,""241"":26801,""199"":271,""16"":49790,""12"":259,""449"":0,""636"":110380073,""11"":893510181,""238"":0,""14"":2540732448,""387"":""2b3431353437382e373030302d303038343139352e303636372b3030302e3139332f""}"
2026-06-29T18:52:17Z,862272088833183,Codec8E,2026-06-29 18:52:16.000 UTC,1782759136000,0,41.5480883,-8.4191266,193,46,8,42,0,"{""239"":1,""240"":1,""80"":1,""21"":5,""200"":0,""69"":1,""237"":2,""113"":100,""263"":1,""303"":1,""383"":3,""30"":0,""31"":27,""32"":40,""33"":246,""35"":81,""37"":44,""38"":237,""39"":24,""181"":16,""182"":13,""66"":14273,""24"":42,""206"":26,""67"":4051,""68"":0,""13"":71,""17"":253,""18"":170,""19"":-92,""15"":1000,""13201"":305,""36"":2941,""40"":1369,""43"":0,""241"":26801,""199"":311,""16"":49830,""12"":259,""449"":0,""636"":110380073,""11"":893510181,""238"":0,""14"":2540732448,""387"":""2b3431353438302e383833332d303038343139312e323636372b3030302e3139332f""}"
2026-06-29T18:52:23Z,862272088833183,Codec8E,2026-06-29 18:52:23.000 UTC,1782759143000,0,41.5487866,-8.4183616,194,36,8,49,0,"{""239"":1,""240"":1,""80"":1,""21"":5,""200"":0,""69"":1,""237"":2,""113"":100,""263"":1,""303"":1,""383"":3,""30"":0,""31"":36,""32"":41,""33"":249,""35"":36,""37"":49,""38"":240,""39"":25,""181"":16,""182"":13,""66"":14290,""24"":49,""206"":26,""67"":4051,""68"":0,""13"":71,""17"":98,""18"":326,""19"":130,""15"":1000,""13201"":306,""36"":2851,""40"":1197,""43"":0,""241"":26801,""199"":412,""16"":49931,""12"":259,""449"":0,""636"":110380073,""11"":893510181,""238"":0,""14"":2540732448,""387"":""2b3431353438372e383636372d303038343138332e363136372b3030302e3139342f""}"
2026-06-29T18:52:27Z,862272088833183,Codec8E,2026-06-29 18:52:26.000 UTC,1782759146000,0,41.5492266,-8.4179316,194,38,8,52,255,"{""239"":1,""240"":1,""80"":1,""21"":5,""200"":0,""69"":1,""237"":2,""113"":100,""263"":1,""303"":1,""383"":3,""30"":0,""31"":38,""32"":42,""33"":249,""35"":83,""37"":51,""38"":239,""39"":25,""255"":52,""181"":20,""182"":14,""66"":14292,""24"":52,""206"":26,""67"":4051,""68"":0,""13"":71,""17"":297,""18"":200,""19"":153,""15"":1000,""13201"":307,""36"":2568,""40"":1147,""43"":0,""241"":26801,""199"":472,""16"":49991,""12"":259,""449"":0,""636"":110380073,""11"":893510181,""238"":0,""14"":2540732448,""387"":""2b3431353439322e323636372d303038343137392e333136372b3030302e3139342f""}"
2026-06-29T18:52:31Z,862272088833183,Codec8E,2026-06-29 18:52:31.000 UTC,1782759151000,0,41.5496083,-8.4174300,196,49,8,53,0,"{""239"":1,""240"":1,""80"":1,""21"":5,""200"":0,""69"":1,""237"":2,""113"":100,""263"":1,""303"":1,""383"":3,""30"":0,""31"":37,""32"":42,""33"":249,""35"":75,""37"":54,""38"":237,""39"":25,""181"":16,""182"":13,""66"":14278,""24"":53,""206"":26,""67"":4051,""68"":0,""13"":71,""17"":373,""18"":40,""19"":18,""15"":1000,""13201"":307,""36"":2705,""40"":997,""43"":0,""241"":26801,""199"":532,""16"":50051,""12"":259,""449"":0,""636"":110218793,""11"":893510181,""238"":0,""14"":2540732448,""387"":""2b3431353439362e303833332d303038343137342e333030302b3030302e3139362f""}"
2026-06-29T18:52:35Z,862272088833183,Codec8E,2026-06-29 18:52:35.000 UTC,1782759155000,0,41.5498583,-8.4168616,197,60,8,50,0,"{""239"":1,""240"":1,""80"":1,""21"":5,""200"":0,""69"":1,""237"":2,""113"":100,""263"":1,""303"":1,""383"":3,""30"":0,""31"":30,""32"":43,""33"":250,""35"":15,""37"":52,""38"":224,""39"":25,""181"":27,""182"":15,""66"":14249,""24"":50,""206"":26,""67"":4051,""68"":0,""13"":71,""17"":307,""18"":37,""19"":-124,""15"":1000,""13201"":308,""36"":2708,""40"":122,""43"":0,""241"":26801,""199"":587,""16"":50106,""12"":259,""449"":0,""636"":110170155,""11"":893510181,""238"":0,""14"":2540732448,""387"":""2b3431353439382e353833332d303038343136382e363136372b3030302e3139372f""}"
2026-06-29T18:52:38Z,862272088833183,Codec8E,2026-06-29 18:52:36.000 UTC,1782759156000,0,41.5498866,-8.4167783,197,59,8,46,255,"{""239"":1,""240"":1,""80"":1,""21"":5,""200"":0,""69"":1,""237"":2,""113"":100,""263"":1,""303"":1,""383"":3,""30"":0,""31"":30,""32"":43,""33"":250,""35"":15,""37"":52,""38"":224,""39"":25,""255"":46,""181"":16,""182"":13,""66"":14241,""24"":46,""206"":26,""67"":4051,""68"":0,""13"":71,""17"":170,""18"":101,""19"":-217,""15"":1000,""13201"":308,""36"":2708,""40"":122,""43"":0,""241"":26801,""199"":595,""16"":50114,""12"":259,""449"":0,""636"":110170155,""11"":893510181,""238"":0,""14"":2540732448,""387"":""2b3431353439382e383636372d303038343136372e373833332b3030302e3139372f""}"
2026-06-29T18:52:38Z,862272088833183,Codec8E,2026-06-29 18:52:38.000 UTC,1782759158000,0,41.5499433,-8.4166433,198,55,8,36,0,"{""239"":1,""240"":1,""80"":1,""21"":5,""200"":0,""69"":1,""237"":2,""113"":100,""263"":1,""303"":1,""383"":3,""30"":0,""31"":3,""32"":43,""33"":0,""35"":17,""37"":22,""38"":243,""39"":26,""181"":16,""182"":13,""66"":14246,""24"":36,""206"":26,""67"":4051,""68"":0,""13"":71,""17"":31,""18"":81,""19"":-97,""15"":1000,""13201"":308,""36"":928,""40"":144,""43"":0,""241"":26801,""199"":607,""16"":50126,""12"":259,""449"":0,""636"":110170155,""11"":893510181,""238"":0,""14"":2540732448,""387"":""2b3431353439392e343333332d303038343136362e343333332b3030302e3139382f""}"
2026-06-29T18:52:40Z,862272088833183,Codec8E,2026-06-29 18:52:40.000 UTC,1782759160000,0,41.5499599,-8.4166050,198,51,8,21,0,"{""239"":1,""240"":1,""80"":1,""21"":5,""200"":0,""69"":1,""237"":2,""113"":100,""263"":1,""303"":1,""383"":3,""30"":0,""31"":3,""32"":43,""33"":0,""35"":17,""37"":22,""38"":243,""39"":26,""181"":17,""182"":13,""66"":14246,""24"":21,""206"":26,""67"":4051,""68"":0,""13"":71,""17"":-14,""18"":55,""19"":-9,""15"":1000,""13201"":308,""36"":928,""40"":144,""43"":0,""241"":26801,""199"":610,""16"":50129,""12"":259,""449"":0,""636"":110170155,""11"":893510181,""238"":0,""14"":2540732448,""387"":""2b3431353439392e363030302d303038343136362e303530302b3030302e3139382f""}"
2026-06-29T18:52:43Z,862272088833183,Codec8E,2026-06-29 18:52:43.000 UTC,1782759163000,0,41.5499633,-8.4166050,198,51,8,8,0,"{""239"":1,""240"":1,""80"":1,""21"":5,""200"":0,""69"":1,""237"":2,""113"":100,""263"":1,""303"":1,""383"":3,""30"":0,""31"":12,""32"":44,""33"":0,""35"":34,""37"":0,""38"":252,""39"":26,""181"":16,""182"":13,""66"":14245,""24"":8,""206"":26,""67"":4051,""68"":0,""13"":71,""17"":-26,""18"":64,""19"":-4,""15"":1000,""13201"":309,""36"":979,""40"":163,""43"":0,""241"":26801,""199"":610,""16"":50129,""12"":259,""449"":0,""636"":110170155,""11"":893510181,""238"":0,""14"":2540732448,""387"":""2b3431353439392e363333332d303038343136362e303530302b3030302e3139382f""}"
2026-06-29T18:52:46Z,862272088833183,Codec8E,2026-06-29 18:52:45.000 UTC,1782759165000,0,41.5499633,-8.4166050,198,51,8,3,303,"{""239"":1,""240"":1,""80"":1,""21"":5,""200"":0,""69"":1,""237"":2,""113"":100,""263"":1,""303"":0,""383"":3,""30"":0,""31"":12,""32"":44,""33"":0,""35"":34,""37"":0,""38"":252,""39"":26,""181"":16,""182"":13,""66"":14236,""24"":3,""206"":26,""67"":4051,""68"":0,""13"":71,""17"":-20,""18"":54,""19"":-11,""15"":1000,""13201"":309,""36"":979,""40"":163,""43"":0,""241"":26801,""199"":610,""16"":50129,""12"":259,""449"":0,""636"":110170155,""11"":893510181,""238"":0,""14"":2540732448,""387"":""2b3431353439392e363333332d303038343136362e303530302b3030302e3139382f""}"
2026-06-29T18:53:19Z,862272088833183,Codec8E,2026-06-29 18:53:17.000 UTC,1782759197000,0,41.5500316,-8.4166249,194,64,11,2,303,"{""239"":1,""240"":1,""80"":1,""21"":5,""200"":0,""69"":1,""237"":2,""113"":100,""263"":1,""303"":1,""383"":3,""30"":0,""31"":14,""32"":47,""33"":2,""35"":37,""37"":0,""38"":0,""39"":26,""181"":13,""182"":10,""66"":14308,""24"":2,""206"":26,""67"":4051,""68"":0,""13"":69,""17"":-15,""18"":94,""19"":146,""15"":1000,""13201"":310,""36"":1059,""40"":188,""43"":0,""241"":26801,""199"":610,""16"":50129,""12"":265,""449"":0,""636"":110656555,""11"":893510181,""238"":0,""14"":2540732448,""387"":""2b3431353530302e333136372d303038343136362e323530302b3030302e3139342f""}"
2026-06-29T18:53:23Z,862272088833183,Codec8E,2026-06-29 18:53:23.000 UTC,1782759203000,0,41.5501350,-8.4163650,192,54,10,13,0,"{""239"":1,""240"":1,""80"":1,""21"":5,""200"":0,""69"":1,""237"":2,""113"":100,""263"":1,""303"":1,""383"":3,""30"":0,""31"":25,""32"":47,""33"":2,""35"":79,""37"":10,""38"":243,""39"":26,""181"":15,""182"":12,""66"":14264,""24"":13,""206"":26,""67"":4051,""68"":0,""13"":69,""17"":116,""18"":-110,""19"":97,""15"":1000,""13201"":311,""36"":1428,""40"":350,""43"":0,""241"":26801,""199"":640,""16"":50159,""12"":265,""449"":0,""636"":110656555,""11"":893510181,""238"":0,""14"":2540732448,""387"":""2b3431353530312e333530302d303038343136332e363530302b3030302e3139322f""}"
2026-06-29T18:53:24Z,862272088833183,Codec8E,2026-06-29 18:53:24.000 UTC,1782759204000,0,41.5501600,-8.4163283,192,39,11,13,0,"{""239"":1,""240"":1,""80"":1,""21"":5,""200"":0,""69"":1,""237"":2,""113"":100,""263"":1,""303"":1,""383"":3,""30"":0,""31"":14,""32"":48,""33"":253,""35"":26,""37"":16,""38"":237,""39"":26,""181"":13,""182"":10,""66"":14292,""24"":13,""206"":26,""67"":4051,""68"":0,""13"":69,""17"":-57,""18"":-269,""19"":178,""15"":1000,""13201"":311,""36"":1880,""40"":361,""43"":0,""241"":26801,""199"":644,""16"":50163,""12"":265,""449"":0,""636"":110656555,""11"":893510181,""238"":0,""14"":2540732448,""387"":""2b3431353530312e363030302d303038343136332e323833332b3030302e3139322f""}"
2026-06-29T18:53:25Z,862272088833183,Codec8E,2026-06-29 18:53:25.000 UTC,1782759205000,0,41.5501983,-8.4163016,192,20,10,15,0,"{""239"":1,""240"":1,""80"":1,""21"":5,""200"":0,""69"":1,""237"":2,""113"":100,""263"":1,""303"":1,""383"":3,""30"":0,""31"":14,""32"":48,""33"":253,""35"":26,""37"":16,""38"":237,""39"":26,""181"":15,""182"":12,""66"":14270,""24"":15,""206"":26,""67"":4051,""68"":0,""13"":69,""17"":-86,""18"":-235,""19"":195,""15"":1000,""13201"":311,""36"":1880,""40"":361,""43"":0,""241"":26801,""199"":649,""16"":50168,""12"":265,""449"":0,""636"":110656555,""11"":893510181,""238"":0,""14"":2540732448,""387"":""2b3431353530312e393833332d303038343136332e303136372b3030302e3139322f""}"
2026-06-29T18:53:26Z,862272088833183,Codec8E,2026-06-29 18:53:26.000 UTC,1782759206000,0,41.5502399,-8.4162916,192,9,11,15,0,"{""239"":1,""240"":1,""80"":1,""21"":5,""200"":0,""69"":1,""237"":2,""113"":100,""263"":1,""303"":1,""383"":3,""30"":0,""31"":14,""32"":48,""33"":253,""35"":26,""37"":16,""38"":237,""39"":26,""181"":17,""182"":10,""66"":14281,""24"":15,""206"":26,""67"":4051,""68"":0,""13"":69,""17"":-95,""18"":-102,""19"":222,""15"":1000,""13201"":311,""36"":1880,""40"":361,""43"":0,""241"":26801,""199"":654,""16"":50173,""12"":265,""449"":0,""636"":110656555,""11"":893510181,""238"":0,""14"":2540732448,""387"":""2b3431353530322e343030302d303038343136322e393136372b3030302e3139322f""}"
2026-06-29T18:53:27Z,862272088833183,Codec8E,2026-06-29 18:53:27.000 UTC,1782759207000,0,41.5502966,-8.4163300,192,337,11,18,0,"{""239"":1,""240"":1,""80"":1,""21"":5,""200"":0,""69"":1,""237"":2,""113"":100,""263"":1,""303"":1,""383"":3,""30"":0,""31"":14,""32"":48,""33"":253,""35"":26,""37"":16,""38"":237,""39"":26,""181"":17,""182"":10,""66"":14290,""24"":18,""206"":26,""67"":4051,""68"":0,""13"":69,""17"":-72,""18"":1,""19"":248,""15"":1000,""13201"":312,""36"":1880,""40"":361,""43"":0,""241"":26801,""199"":661,""16"":50180,""12"":265,""449"":0,""636"":110656555,""11"":893510181,""238"":0,""14"":2540732448,""387"":""2b3431353530322e393636372d303038343136332e333030302b3030302e3139322f""}"
2026-06-29T18:53:31Z,862272088833183,Codec8E,2026-06-29 18:53:31.000 UTC,1782759211000,0,41.5505833,-8.4165333,193,332,11,29,0,"{""239"":1,""240"":1,""80"":1,""21"":5,""200"":0,""69"":1,""237"":2,""113"":100,""263"":1,""303"":1,""383"":3,""30"":0,""31"":39,""32"":48,""33"":248,""35"":109,""37"":26,""38"":240,""39"":27,""181"":17,""182"":10,""66"":14299,""24"":29,""206"":26,""67"":4051,""68"":0,""13"":69,""17"":3,""18"":28,""19"":107,""15"":1000,""13201"":312,""36"":2419,""40"":680,""43"":0,""241"":26801,""199"":697,""16"":50216,""12"":265,""449"":0,""636"":110656555,""11"":893510181,""238"":0,""14"":2540732448,""387"":""2b3431353530352e383333332d303038343136352e333333332b3030302e3139332f""}"
2026-06-29T18:53:43Z,862272088833183,Codec8E,2026-06-29 18:53:41.000 UTC,1782759221000,0,41.5512550,-8.4169266,196,353,11,23,253,"{""239"":1,""240"":1,""80"":1,""21"":5,""200"":0,""69"":1,""237"":2,""113"":100,""263"":1,""303"":1,""383"":3,""30"":0,""31"":3,""32"":49,""33"":0,""35"":16,""37"":31,""38"":230,""39"":27,""253"":2,""254"":28,""181"":3,""182"":2,""66"":14249,""24"":23,""206"":26,""67"":4051,""68"":0,""13"":69,""17"":-56,""18"":11,""19"":22,""15"":1000,""13201"":313,""36"":2157,""40"":86,""43"":0,""241"":26801,""199"":792,""16"":50311,""12"":265,""449"":0,""636"":110218793,""11"":893510181,""238"":0,""14"":2540732448,""387"":""2b3431353531322e353530302d303038343136392e323636372b3030302e3139362f""}"
2026-06-29T18:53:44Z,862272088833183,Codec8E,2026-06-29 18:53:44.000 UTC,1782759224000,0,41.5512450,-8.4169016,198,353,11,13,0,"{""239"":1,""240"":1,""80"":1,""21"":5,""200"":0,""69"":1,""237"":2,""113"":100,""263"":1,""303"":1,""383"":3,""30"":0,""31"":6,""32"":49,""33"":0,""35"":37,""37"":6,""38"":244,""39"":27,""181"":13,""182"":10,""66"":14244,""24"":13,""206"":26,""67"":4051,""68"":0,""13"":69,""17"":-46,""18"":14,""19"":25,""15"":1000,""13201"":313,""36"":911,""40"":147,""43"":0,""241"":26801,""199"":792,""16"":50311,""12"":265,""449"":0,""636"":110218793,""11"":893510181,""238"":0,""14"":2540732448,""387"":""2b3431353531322e343530302d303038343136392e303136372b3030302e3139382f""}"
2026-06-29T18:53:47Z,862272088833183,Codec8E,2026-06-29 18:53:47.000 UTC,1782759227000,0,41.5512466,-8.4168966,199,353,11,4,303,"{""239"":1,""240"":1,""80"":1,""21"":5,""200"":0,""69"":1,""237"":2,""113"":100,""263"":1,""303"":0,""383"":3,""30"":0,""31"":12,""32"":50,""33"":0,""35"":35,""37"":0,""38"":254,""39"":27,""181"":13,""182"":10,""66"":14230,""24"":4,""206"":26,""67"":4051,""68"":0,""13"":69,""17"":-46,""18"":8,""19"":22,""15"":1000,""13201"":313,""36"":977,""40"":163,""43"":0,""241"":26801,""199"":795,""16"":50314,""12"":265,""449"":0,""636"":110218793,""11"":893510181,""238"":0,""14"":2540732448,""387"":""2b3431353531322e343636372d303038343136382e393636372b3030302e3139392f""}"
2026-06-29T18:54:28Z,862272088833183,Codec8E,2026-06-29 18:54:26.000 UTC,1782759266000,0,41.5512466,-8.4168966,199,353,11,0,303,"{""239"":1,""240"":1,""80"":1,""21"":5,""200"":0,""69"":1,""237"":2,""113"":100,""263"":1,""303"":1,""383"":3,""30"":0,""31"":14,""32"":52,""33"":0,""35"":38,""37"":0,""38"":0,""39"":27,""181"":13,""182"":10,""66"":14277,""24"":0,""206"":26,""67"":4051,""68"":0,""13"":71,""17"":-133,""18"":27,""19"":202,""15"":1000,""13201"":315,""36"":1024,""40"":183,""43"":0,""241"":26801,""199"":795,""16"":50314,""12"":274,""449"":0,""636"":110218793,""11"":893510181,""238"":0,""14"":2540732448,""387"":""2b3431353531322e343636372d303038343136382e393636372b3030302e3139392f""}"
2026-06-29T18:54:34Z,862272088833183,Codec8E,2026-06-29 18:54:33.000 UTC,1782759273000,0,41.5514266,-8.4169666,200,332,11,8,0,"{""239"":1,""240"":1,""80"":1,""21"":5,""200"":0,""69"":1,""237"":2,""113"":100,""263"":1,""303"":1,""383"":3,""30"":0,""31"":41,""32"":53,""33"":249,""35"":81,""37"":21,""38"":225,""39"":27,""181"":13,""182"":10,""66"":14283,""24"":8,""206"":26,""67"":4051,""68"":0,""13"":72,""17"":300,""18"":106,""19"":264,""15"":1000,""13201"":316,""36"":2827,""40"":169,""43"":0,""241"":26801,""199"":815,""16"":50334,""12"":275,""449"":0,""636"":110218803,""11"":893510181,""238"":0,""14"":2540732448,""387"":""2b3431353531342e323636372d303038343136392e363636372b3030302e3230302f""}"
2026-06-29T18:54:35Z,862272088833183,Codec8E,2026-06-29 18:54:35.000 UTC,1782759275000,0,41.5515233,-8.4170166,200,346,11,11,0,"{""239"":1,""240"":1,""80"":1,""21"":5,""200"":0,""69"":1,""237"":2,""113"":100,""263"":1,""303"":1,""383"":3,""30"":0,""31"":41,""32"":53,""33"":249,""35"":81,""37"":21,""38"":225,""39"":27,""181"":13,""182"":10,""66"":14272,""24"":11,""206"":26,""67"":4051,""68"":0,""13"":72,""17"":156,""18"":133,""19"":259,""15"":1000,""13201"":316,""36"":2827,""40"":169,""43"":0,""241"":26801,""199"":827,""16"":50346,""12"":275,""449"":0,""636"":110218803,""11"":893510181,""238"":0,""14"":2540732448,""387"":""2b3431353531352e323333332d303038343137302e313636372b3030302e3230302f""}"
2026-06-29T18:54:36Z,862272088833183,Codec8E,2026-06-29 18:54:36.000 UTC,1782759276000,0,41.5515716,-8.4170300,200,5,11,13,0,"{""239"":1,""240"":1,""80"":1,""21"":5,""200"":0,""69"":1,""237"":2,""113"":100,""263"":1,""303"":1,""383"":3,""30"":0,""31"":41,""32"":53,""33"":249,""35"":81,""37"":21,""38"":225,""39"":27,""181"":17,""182"":10,""66"":14285,""24"":13,""206"":26,""67"":4051,""68"":0,""13"":72,""17"":87,""18"":-56,""19"":98,""15"":1000,""13201"":316,""36"":2827,""40"":169,""43"":0,""241"":26801,""199"":832,""16"":50351,""12"":275,""449"":0,""636"":110218803,""11"":893510181,""238"":0,""14"":2540732448,""387"":""2b3431353531352e373136372d303038343137302e333030302b3030302e3230302f""}"
2026-06-29T18:54:40Z,862272088833183,Codec8E,2026-06-29 18:54:40.000 UTC,1782759280000,0,41.5518499,-8.4170233,200,0,11,24,0,"{""239"":1,""240"":1,""80"":1,""21"":5,""200"":0,""69"":1,""237"":2,""113"":100,""263"":1,""303"":1,""383"":3,""30"":0,""31"":24,""32"":54,""33"":252,""35"":67,""37"":21,""38"":240,""39"":28,""181"":13,""182"":10,""66"":14284,""24"":24,""206"":26,""67"":4051,""68"":0,""13"":72,""17"":90,""18"":38,""19"":168,""15"":1000,""13201"":317,""36"":1976,""40"":911,""43"":0,""241"":26801,""199"":864,""16"":50383,""12"":275,""449"":0,""636"":110218803,""11"":893510181,""238"":0,""14"":2540732448,""387"":""2b3431353531382e353030302d303038343137302e323333332b3030302e3230302f""}"
2026-06-29T18:54:51Z,862272088833183,Codec8E,2026-06-29 18:54:51.000 UTC,1782759291000,0,41.5527783,-8.4170033,198,1,12,30,0,"{""239"":1,""240"":1,""80"":1,""21"":5,""200"":0,""69"":1,""237"":2,""113"":100,""263"":1,""303"":1,""383"":3,""30"":0,""31"":35,""32"":55,""33"":245,""35"":34,""37"":30,""38"":235,""39"":28,""181"":12,""182"":9,""66"":14300,""24"":30,""206"":26,""67"":4051,""68"":0,""13"":72,""17"":-26,""18"":-14,""19"":147,""15"":1000,""13201"":318,""36"":2067,""40"":841,""43"":0,""241"":26801,""199"":967,""16"":50486,""12"":275,""449"":0,""636"":110218803,""11"":893510181,""238"":0,""14"":2540732448,""387"":""2b3431353532372e373833332d303038343137302e303333332b3030302e3139382f""}"
2026-06-29T18:55:03Z,862272088833183,Codec8E,2026-06-29 18:55:02.000 UTC,1782759302000,0,41.5537016,-8.4170083,200,1,12,33,0,"{""239"":1,""240"":1,""80"":1,""21"":5,""200"":0,""69"":1,""237"":2,""113"":100,""263"":1,""303"":1,""383"":3,""30"":0,""31"":28,""32"":56,""33"":247,""35"":78,""37"":32,""38"":240,""39"":29,""181"":17,""182"":9,""66"":14304,""24"":33,""206"":26,""67"":4051,""68"":0,""13"":72,""17"":245,""18"":30,""19"":345,""15"":500,""13201"":318,""36"":2206,""40"":947,""43"":0,""241"":26801,""199"":1070,""16"":50589,""12"":275,""449"":0,""636"":110656565,""11"":893510181,""238"":0,""14"":2540732448,""387"":""2b3431353533372e303136372d303038343137302e303833332b3030302e3230302f""}"
2026-06-29T18:55:12Z,862272088833183,Codec8E,2026-06-29 18:55:12.000 UTC,1782759312000,0,41.5544183,-8.4169866,202,7,12,21,0,"{""239"":1,""240"":1,""80"":1,""21"":5,""200"":0,""69"":1,""237"":2,""113"":100,""263"":1,""303"":1,""383"":3,""30"":0,""31"":3,""32"":56,""33"":0,""35"":16,""37"":22,""38"":250,""39"":29,""181"":17,""182"":9,""66"":14271,""24"":21,""206"":26,""67"":4051,""68"":0,""13"":72,""17"":51,""18"":-21,""19"":247,""15"":500,""13201"":319,""36"":1578,""40"":125,""43"":0,""241"":26801,""199"":1150,""16"":50669,""12"":275,""449"":0,""636"":110656565,""11"":893510181,""238"":0,""14"":2540732448,""387"":""2b3431353534342e313833332d303038343136392e383636372b3030302e3230322f""}"
2026-06-29T18:55:14Z,862272088833183,Codec8E,2026-06-29 18:55:14.000 UTC,1782759314000,0,41.5544716,-8.4170000,203,357,11,16,0,"{""239"":1,""240"":1,""80"":1,""21"":5,""200"":0,""69"":1,""237"":2,""113"":100,""263"":1,""303"":1,""383"":3,""30"":0,""31"":3,""32"":56,""33"":0,""35"":16,""37"":22,""38"":250,""39"":29,""181"":18,""182"":10,""66"":14284,""24"":16,""206"":26,""67"":4051,""68"":0,""13"":72,""17"":29,""18"":45,""19"":187,""15"":500,""13201"":319,""36"":1578,""40"":125,""43"":0,""241"":26801,""199"":1156,""16"":50675,""12"":275,""449"":0,""636"":110656565,""11"":893510181,""238"":0,""14"":2540732448,""387"":""2b3431353534342e373136372d303038343137302e303030302b3030302e3230332f""}"
2026-06-29T18:55:18Z,862272088833183,Codec8E,2026-06-29 18:55:17.000 UTC,1782759317000,0,41.5546000,-8.4170133,204,7,10,17,0,"{""239"":1,""240"":1,""80"":1,""21"":5,""200"":0,""69"":1,""237"":2,""113"":100,""263"":1,""303"":1,""383"":3,""30"":0,""31"":11,""32"":57,""33"":252,""35"":86,""37"":12,""38"":242,""39"":29,""181"":22,""182"":12,""66"":14288,""24"":17,""206"":26,""67"":4051,""68"":0,""13"":72,""17"":119,""18"":277,""19"":195,""15"":500,""13201"":319,""36"":2081,""40"":983,""43"":0,""241"":26801,""199"":1170,""16"":50689,""12"":275,""449"":0,""636"":110656565,""11"":893510181,""238"":0,""14"":2540732448,""387"":""2b3431353534362e303030302d303038343137302e313333332b3030302e3230342f""}"
2026-06-29T18:55:20Z,862272088833183,Codec8E,2026-06-29 18:55:18.000 UTC,1782759318000,0,41.5546466,-8.4169866,205,24,10,17,0,"{""239"":1,""240"":1,""80"":1,""21"":5,""200"":0,""69"":1,""237"":2,""113"":100,""263"":1,""303"":1,""383"":3,""30"":0,""31"":11,""32"":57,""33"":252,""35"":86,""37"":12,""38"":242,""39"":29,""181"":23,""182"":12,""66"":14301,""24"":17,""206"":26,""67"":4051,""68"":0,""13"":72,""17"":25,""18"":102,""19"":255,""15"":500,""13201"":319,""36"":2081,""40"":983,""43"":0,""241"":26801,""199"":1176,""16"":50695,""12"":275,""449"":0,""636"":110656565,""11"":893510181,""238"":0,""14"":2540732448,""387"":""2b3431353534362e343636372d303038343136392e383636372b3030302e3230352f""}"
2026-06-29T18:55:20Z,862272088833183,Codec8E,2026-06-29 18:55:19.000 UTC,1782759319000,0,41.5546850,-8.4169449,206,40,10,18,0,"{""239"":1,""240"":1,""80"":1,""21"":5,""200"":0,""69"":1,""237"":2,""113"":100,""263"":1,""303"":1,""383"":3,""30"":0,""31"":11,""32"":57,""33"":252,""35"":86,""37"":12,""38"":242,""39"":29,""181"":15,""182"":11,""66"":14274,""24"":18,""206"":26,""67"":4051,""68"":0,""13"":72,""17"":56,""18"":-50,""19"":142,""15"":500,""13201"":319,""36"":2081,""40"":983,""43"":0,""241"":26801,""199"":1181,""16"":50700,""12"":275,""449"":0,""636"":110656565,""11"":893510181,""238"":0,""14"":2540732448,""387"":""2b3431353534362e383530302d303038343136392e343530302b3030302e3230362f""}"
2026-06-29T18:55:20Z,862272088833183,Codec8E,2026-06-29 18:55:20.000 UTC,1782759320000,0,41.5547216,-8.4168866,206,50,10,19,0,"{""239"":1,""240"":1,""80"":1,""21"":5,""200"":0,""69"":1,""237"":2,""113"":100,""263"":1,""303"":1,""383"":3,""30"":0,""31"":18,""32"":57,""33"":240,""35"":38,""37"":19,""38"":237,""39"":30,""181"":14,""182"":11,""66"":14282,""24"":19,""206"":26,""67"":4051,""68"":0,""13"":72,""17"":99,""18"":-16,""19"":110,""15"":500,""13201"":319,""36"":2347,""40"":1133,""43"":0,""241"":26801,""199"":1188,""16"":50707,""12"":275,""449"":0,""636"":110656565,""11"":893510181,""238"":0,""14"":2540732448,""387"":""2b3431353534372e323136372d303038343136382e383636372b3030302e3230362f""}"
2026-06-29T18:55:23Z,862272088833183,Codec8E,2026-06-29 18:55:23.000 UTC,1782759323000,0,41.5548266,-8.4166283,207,62,10,23,0,"{""239"":1,""240"":1,""80"":1,""21"":5,""200"":0,""69"":1,""237"":2,""113"":100,""263"":1,""303"":1,""383"":3,""30"":0,""31"":18,""32"":57,""33"":240,""35"":38,""37"":19,""38"":237,""39"":30,""181"":23,""182"":12,""66"":14275,""24"":23,""206"":26,""67"":4051,""68"":0,""13"":72,""17"":-36,""18"":-34,""19"":117,""15"":500,""13201"":320,""36"":2347,""40"":1133,""43"":0,""241"":26801,""199"":1212,""16"":50731,""12"":275,""449"":0,""636"":110656565,""11"":893510181,""238"":0,""14"":2540732448,""387"":""2b3431353534382e323636372d303038343136362e323833332b3030302e3230372f""}"
2026-06-29T18:55:27Z,862272088833183,Codec8E,2026-06-29 18:55:27.000 UTC,1782759327000,0,41.5550399,-8.4161299,208,58,10,35,0,"{""239"":1,""240"":1,""80"":1,""21"":5,""200"":0,""69"":1,""237"":2,""113"":100,""263"":1,""303"":1,""383"":3,""30"":0,""31"":27,""32"":57,""33"":0,""35"":45,""37"":32,""38"":236,""39"":30,""181"":23,""182"":12,""66"":14277,""24"":35,""206"":26,""67"":4051,""68"":0,""13"":72,""17"":287,""18"":141,""19"":295,""15"":500,""13201"":321,""36"":3126,""40"":1605,""43"":0,""241"":26801,""199"":1260,""16"":50779,""12"":275,""449"":0,""636"":110656563,""11"":893510181,""238"":0,""14"":2540732448,""387"":""2b3431353535302e343030302d303038343136312e333030302b3030302e3230382f""}"
2026-06-29T18:55:31Z,862272088833183,Codec8E,2026-06-29 18:55:31.000 UTC,1782759331000,0,41.5553133,-8.4155483,206,56,10,46,0,"{""239"":1,""240"":1,""80"":1,""21"":5,""200"":0,""69"":1,""237"":2,""113"":100,""263"":1,""303"":1,""383"":3,""30"":0,""31"":30,""32"":57,""33"":241,""35"":22,""37"":46,""38"":236,""39"":31,""181"":14,""182"":11,""66"":14295,""24"":46,""206"":26,""67"":4051,""68"":0,""13"":72,""17"":293,""18"":67,""19"":287,""15"":500,""13201"":321,""36"":3650,""40"":1372,""43"":0,""241"":26801,""199"":1317,""16"":50836,""12"":275,""449"":0,""636"":110656564,""11"":893510181,""238"":0,""14"":2540732448,""387"":""2b3431353535332e313333332d303038343135352e343833332b3030302e3230362f""}"
2026-06-29T18:55:41Z,862272088833183,Codec8E,2026-06-29 18:55:38.000 UTC,1782759338000,0,41.5558000,-8.4144933,206,58,12,46,0,"{""239"":1,""240"":1,""80"":1,""21"":5,""200"":0,""69"":1,""237"":2,""113"":100,""263"":1,""303"":1,""383"":3,""30"":0,""31"":9,""32"":58,""33"":0,""35"":16,""37"":48,""38"":225,""39"":31,""181"":17,""182"":9,""66"":14233,""24"":46,""206"":26,""67"":4051,""68"":0,""13"":72,""17"":163,""18"":190,""19"":-350,""15"":500,""13201"":322,""36"":2432,""40"":97,""43"":0,""241"":26801,""199"":1420,""16"":50939,""12"":275,""449"":0,""636"":110656564,""11"":893510181,""238"":0,""14"":2540732448,""387"":""2b3431353535382e303030302d303038343134342e393333332b3030302e3230362f""}"
2026-06-29T18:55:41Z,862272088833183,Codec8E,2026-06-29 18:55:41.000 UTC,1782759341000,0,41.5558983,-8.4142866,205,60,12,32,0,"{""239"":1,""240"":1,""80"":1,""21"":5,""200"":0,""69"":1,""237"":2,""113"":100,""263"":1,""303"":1,""383"":3,""30"":0,""31"":9,""32"":58,""33"":0,""35"":16,""37"":48,""38"":225,""39"":31,""181"":17,""182"":9,""66"":14228,""24"":32,""206"":26,""67"":4051,""68"":0,""13"":72,""17"":113,""18"":-36,""19"":-250,""15"":500,""13201"":322,""36"":2432,""40"":97,""43"":0,""241"":26801,""199"":1440,""16"":50959,""12"":275,""449"":0,""636"":110154805,""11"":893510181,""238"":0,""14"":2540732448,""387"":""2b3431353535382e393833332d303038343134322e383636372b3030302e3230352f""}"
2026-06-29T18:55:43Z,862272088833183,Codec8E,2026-06-29 18:55:43.000 UTC,1782759343000,0,41.5558966,-8.4142966,204,56,12,19,0,"{""239"":1,""240"":1,""80"":1,""21"":5,""200"":0,""69"":1,""237"":2,""113"":100,""263"":1,""303"":1,""383"":3,""30"":0,""31"":6,""32"":58,""33"":0,""35"":34,""37"":10,""38"":247,""39"":31,""181"":12,""182"":9,""66"":14224,""24"":19,""206"":26,""67"":4051,""68"":0,""13"":72,""17"":-26,""18"":-3,""19"":-22,""15"":500,""13201"":322,""36"":901,""40"":141,""43"":0,""241"":26801,""199"":1440,""16"":50959,""12"":275,""449"":0,""636"":110154805,""11"":893510181,""238"":0,""14"":2540732448,""387"":""2b3431353535382e393636372d303038343134322e393636372b3030302e3230342f""}"
2026-06-29T18:55:46Z,862272088833183,Codec8E,2026-06-29 18:55:46.000 UTC,1782759346000,0,41.5558900,-8.4143066,204,56,12,7,0,"{""239"":1,""240"":1,""80"":1,""21"":5,""200"":0,""69"":1,""237"":2,""113"":100,""263"":1,""303"":1,""383"":3,""30"":0,""31"":6,""32"":58,""33"":0,""35"":34,""37"":10,""38"":247,""39"":31,""181"":12,""182"":9,""66"":14220,""24"":7,""206"":26,""67"":4051,""68"":0,""13"":72,""17"":-11,""18"":3,""19"":-26,""15"":500,""13201"":323,""36"":901,""40"":141,""43"":0,""241"":26801,""199"":1440,""16"":50959,""12"":275,""449"":0,""636"":110154805,""11"":893510181,""238"":0,""14"":2540732448,""387"":""2b3431353535382e393030302d303038343134332e303636372b3030302e3230342f""}"
2026-06-29T18:55:51Z,862272088833183,Codec8E,2026-06-29 18:55:51.000 UTC,1782759351000,0,41.5559433,-8.4142749,205,7,12,6,0,"{""239"":1,""240"":1,""80"":1,""21"":5,""200"":0,""69"":1,""237"":2,""113"":100,""263"":1,""303"":1,""383"":3,""30"":0,""31"":12,""32"":58,""33"":0,""35"":88,""37"":0,""38"":242,""39"":31,""181"":17,""182"":9,""66"":14288,""24"":6,""206"":26,""67"":4051,""68"":0,""13"":72,""17"":10,""18"":108,""19"":218,""15"":500,""13201"":323,""36"":1576,""40"":138,""43"":0,""241"":26801,""199"":1446,""16"":50965,""12"":275,""449"":0,""636"":110154805,""11"":893510181,""238"":0,""14"":2540732448,""387"":""2b3431353535392e343333332d303038343134322e373530302b3030302e3230352f""}"
2026-06-29T18:55:53Z,862272088833183,Codec8E,2026-06-29 18:55:53.000 UTC,1782759353000,0,41.5560433,-8.4142900,206,348,12,13,0,"{""239"":1,""240"":1,""80"":1,""21"":5,""200"":0,""69"":1,""237"":2,""113"":100,""263"":1,""303"":1,""383"":3,""30"":0,""31"":35,""32"":58,""33"":0,""35"":93,""37"":12,""38"":242,""39"":31,""181"":17,""182"":9,""66"":14270,""24"":13,""206"":26,""67"":4051,""68"":0,""13"":72,""17"":161,""18"":208,""19"":186,""15"":500,""13201"":323,""36"":1571,""40"":1244,""43"":0,""241"":26801,""199"":1457,""16"":50976,""12"":275,""449"":0,""636"":110656564,""11"":893510181,""238"":0,""14"":2540732448,""387"":""2b3431353536302e343333332d303038343134322e393030302b3030302e3230362f""}"
2026-06-29T18:55:55Z,862272088833183,Codec8E,2026-06-29 18:55:55.000 UTC,1782759355000,0,41.5561649,-8.4143516,207,338,11,18,0,"{""239"":1,""240"":1,""80"":1,""21"":5,""200"":0,""69"":1,""237"":2,""113"":100,""263"":1,""303"":1,""383"":3,""30"":0,""31"":35,""32"":58,""33"":0,""35"":93,""37"":12,""38"":242,""39"":31,""181"":12,""182"":9,""66"":14286,""24"":18,""206"":26,""67"":4051,""68"":0,""13"":72,""17"":66,""18"":247,""19"":32,""15"":500,""13201"":324,""36"":1571,""40"":1244,""43"":0,""241"":26801,""199"":1471,""16"":50990,""12"":275,""449"":0,""636"":110656564,""11"":893510181,""238"":0,""14"":2540732448,""387"":""2b3431353536312e363530302d303038343134332e353136372b3030302e3230372f""}"
2026-06-29T18:55:56Z,862272088833183,Codec8E,2026-06-29 18:55:56.000 UTC,1782759356000,0,41.5562216,-8.4143700,208,350,10,19,0,"{""239"":1,""240"":1,""80"":1,""21"":5,""200"":0,""69"":1,""237"":2,""113"":100,""263"":1,""303"":1,""383"":3,""30"":0,""31"":44,""32"":58,""33"":0,""35"":27,""37"":24,""38"":228,""39"":31,""181"":22,""182"":12,""66"":14292,""24"":19,""206"":26,""67"":4051,""68"":0,""13"":72,""17"":651,""18"":208,""19"":62,""15"":500,""13201"":324,""36"":2384,""40"":227,""43"":0,""241"":26801,""199"":1478,""16"":50997,""12"":275,""449"":0,""636"":110656564,""11"":893510181,""238"":0,""14"":2540732448,""387"":""2b3431353536322e323136372d303038343134332e373030302b3030302e3230382f""}"
2026-06-29T18:55:57Z,862272088833183,Codec8E,2026-06-29 18:55:57.000 UTC,1782759357000,0,41.5562700,-8.4143766,208,4,9,19,0,"{""239"":1,""240"":1,""80"":1,""21"":5,""200"":0,""69"":1,""237"":2,""113"":100,""263"":1,""303"":1,""383"":3,""30"":0,""31"":44,""32"":58,""33"":0,""35"":27,""37"":24,""38"":228,""39"":31,""181"":39,""182"":17,""66"":14293,""24"":19,""206"":26,""67"":4051,""68"":0,""13"":72,""17"":74,""18"":253,""19"":154,""15"":500,""13201"":323,""36"":2384,""40"":227,""43"":0,""241"":26801,""199"":1483,""16"":51002,""12"":275,""449"":0,""636"":110656564,""11"":893510181,""238"":0,""14"":2540732448,""387"":""2b3431353536322e373030302d303038343134332e373636372b3030302e3230382f""}"
2026-06-29T18:55:59Z,862272088833183,Codec8E,2026-06-29 18:55:58.000 UTC,1782759358000,0,41.5563083,-8.4143650,208,18,10,18,0,"{""239"":1,""240"":1,""80"":1,""21"":5,""200"":0,""69"":1,""237"":2,""113"":100,""263"":1,""303"":1,""383"":3,""30"":0,""31"":44,""32"":58,""33"":0,""35"":27,""37"":24,""38"":228,""39"":31,""181"":15,""182"":11,""66"":14277,""24"":18,""206"":26,""67"":4051,""68"":0,""13"":72,""17"":-108,""18"":182,""19"":165,""15"":500,""13201"":323,""36"":2384,""40"":227,""43"":0,""241"":26801,""199"":1487,""16"":51006,""12"":275,""449"":0,""636"":110154804,""11"":893510181,""238"":0,""14"":2540732448,""387"":""2b3431353536332e303833332d303038343134332e363530302b3030302e3230382f""}"
2026-06-29T18:55:59Z,862272088833183,Codec8E,2026-06-29 18:55:59.000 UTC,1782759359000,0,41.5563350,-8.4143266,209,52,10,17,0,"{""239"":1,""240"":1,""80"":1,""21"":5,""200"":0,""69"":1,""237"":2,""113"":100,""263"":1,""303"":1,""383"":3,""30"":0,""31"":44,""32"":58,""33"":0,""35"":27,""37"":24,""38"":228,""39"":31,""181"":18,""182"":10,""66"":14262,""24"":17,""206"":26,""67"":4051,""68"":0,""13"":72,""17"":-56,""18"":38,""19"":237,""15"":500,""13201"":323,""36"":2384,""40"":227,""43"":0,""241"":26801,""199"":1492,""16"":51011,""12"":275,""449"":0,""636"":110154804,""11"":893510181,""238"":0,""14"":2540732448,""387"":""2b3431353536332e333530302d303038343134332e323636372b3030302e3230392f""}"
2026-06-29T18:56:00Z,862272088833183,Codec8E,2026-06-29 18:56:00.000 UTC,1782759360000,0,41.5563549,-8.4142650,209,67,11,18,0,"{""239"":1,""240"":1,""80"":1,""21"":5,""200"":0,""69"":1,""237"":2,""113"":100,""263"":1,""303"":1,""383"":3,""30"":0,""31"":44,""32"":58,""33"":0,""35"":27,""37"":24,""38"":228,""39"":31,""181"":17,""182"":10,""66"":14273,""24"":18,""206"":26,""67"":4051,""68"":0,""13"":72,""17"":-122,""18"":67,""19"":149,""15"":500,""13201"":323,""36"":2384,""40"":227,""43"":0,""241"":26801,""199"":1497,""16"":51016,""12"":275,""449"":0,""636"":110154804,""11"":893510181,""238"":0,""14"":2540732448,""387"":""2b3431353536332e353530302d303038343134322e363530302b3030302e3230392f""}"
2026-06-29T18:56:08Z,862272088833183,Codec8E,2026-06-29 18:56:08.000 UTC,1782759368000,0,41.5565416,-8.4135766,210,85,10,22,0,"{""239"":1,""240"":1,""80"":1,""21"":5,""200"":0,""69"":1,""237"":2,""113"":100,""263"":1,""303"":1,""383"":3,""30"":0,""31"":12,""32"":59,""33"":255,""35"":40,""37"":32,""38"":228,""39"":32,""181"":15,""182"":11,""66"":14219,""24"":22,""206"":26,""67"":4051,""68"":0,""13"":72,""17"":6,""18"":37,""19"":-40,""15"":500,""13201"":324,""36"":2164,""40"":105,""43"":0,""241"":26801,""199"":1558,""16"":51077,""12"":275,""449"":0,""636"":110170163,""11"":893510181,""238"":0,""14"":2540732448,""387"":""2b3431353536352e343136372d303038343133352e373636372b3030302e3231302f""}"
2026-06-29T18:56:10Z,862272088833183,Codec8E,2026-06-29 18:56:10.000 UTC,1782759370000,0,41.5565416,-8.4134999,211,112,11,16,0,"{""239"":1,""240"":1,""80"":1,""21"":5,""200"":0,""69"":1,""237"":2,""113"":100,""263"":1,""303"":1,""383"":3,""30"":0,""31"":4,""32"":59,""33"":3,""35"":41,""37"":8,""38"":246,""39"":32,""181"":17,""182"":10,""66"":14206,""24"":16,""206"":26,""67"":4051,""68"":0,""13"":72,""17"":-21,""18"":161,""19"":30,""15"":500,""13201"":324,""36"":868,""40"":136,""43"":0,""241"":26801,""199"":1563,""16"":51082,""12"":275,""449"":0,""636"":110170163,""11"":893510181,""238"":0,""14"":2540732448,""387"":""2b3431353536352e343136372d303038343133352e303030302b3030302e3231312f""}"
2026-06-29T18:56:11Z,862272088833183,Codec8E,2026-06-29 18:56:11.000 UTC,1782759371000,0,41.5565399,-8.4134666,212,124,11,13,0,"{""239"":1,""240"":1,""80"":1,""21"":5,""200"":0,""69"":1,""237"":2,""113"":100,""263"":1,""303"":1,""383"":3,""30"":0,""31"":4,""32"":59,""33"":3,""35"":41,""37"":8,""38"":246,""39"":32,""181"":18,""182"":10,""66"":14246,""24"":13,""206"":26,""67"":4051,""68"":0,""13"":72,""17"":-62,""18"":31,""19"":-77,""15"":500,""13201"":324,""36"":868,""40"":136,""43"":0,""241"":26801,""199"":1568,""16"":51087,""12"":275,""449"":0,""636"":110170163,""11"":893510181,""238"":0,""14"":2540732448,""387"":""2b3431353536352e343030302d303038343133342e363636372b3030302e3231322f""}"
2026-06-29T18:56:15Z,862272088833183,Codec8E,2026-06-29 18:56:14.000 UTC,1782759374000,0,41.5565166,-8.4134150,213,155,12,8,0,"{""239"":1,""240"":1,""80"":1,""21"":5,""200"":0,""69"":1,""237"":2,""113"":100,""263"":1,""303"":1,""383"":3,""30"":0,""31"":4,""32"":59,""33"":3,""35"":41,""37"":8,""38"":246,""39"":32,""181"":12,""182"":9,""66"":14224,""24"":8,""206"":26,""67"":4051,""68"":0,""13"":72,""17"":43,""18"":102,""19"":-70,""15"":500,""13201"":324,""36"":868,""40"":136,""43"":0,""241"":26801,""199"":1571,""16"":51090,""12"":275,""449"":0,""636"":110136883,""11"":893510181,""238"":0,""14"":2540732448,""387"":""2b3431353536352e313636372d303038343133342e313530302b3030302e3231332f""}"
2026-06-29T18:56:20Z,862272088833183,Codec8E,2026-06-29 18:56:20.000 UTC,1782759380000,0,41.5564383,-8.4135116,215,248,12,7,0,"{""239"":1,""240"":1,""80"":1,""21"":5,""200"":0,""69"":1,""237"":2,""113"":100,""263"":1,""303"":1,""383"":3,""30"":0,""31"":10,""32"":60,""33"":253,""35"":36,""37"":10,""38"":240,""39"":32,""181"":17,""182"":9,""66"":14284,""24"":7,""206"":26,""67"":4051,""68"":0,""13"":72,""17"":45,""18"":-19,""19"":-58,""15"":500,""13201"":325,""36"":1508,""40"":238,""43"":0,""241"":26801,""199"":1585,""16"":51104,""12"":275,""449"":0,""636"":110170163,""11"":893510181,""238"":0,""14"":2540732448,""387"":""2b3431353536342e333833332d303038343133352e313136372b3030302e3231352f""}"
2026-06-29T18:56:22Z,862272088833183,Codec8E,2026-06-29 18:56:22.000 UTC,1782759382000,0,41.5564049,-8.4135949,215,229,12,10,0,"{""239"":1,""240"":1,""80"":1,""21"":5,""200"":0,""69"":1,""237"":2,""113"":100,""263"":1,""303"":1,""383"":3,""30"":0,""31"":10,""32"":60,""33"":253,""35"":36,""37"":10,""38"":240,""39"":32,""181"":17,""182"":9,""66"":14240,""24"":10,""206"":26,""67"":4051,""68"":0,""13"":72,""17"":30,""18"":-77,""19"":-92,""15"":500,""13201"":325,""36"":1508,""40"":238,""43"":0,""241"":26801,""199"":1593,""16"":51112,""12"":275,""449"":0,""636"":110170163,""11"":893510181,""238"":0,""14"":2540732448,""387"":""2b3431353536342e303530302d303038343133352e393530302b3030302e3231352f""}"
2026-06-29T18:56:23Z,862272088833183,Codec8E,2026-06-29 18:56:23.000 UTC,1782759383000,0,41.5563783,-8.4136200,215,207,11,10,0,"{""239"":1,""240"":1,""80"":1,""21"":5,""200"":0,""69"":1,""237"":2,""113"":100,""263"":1,""303"":1,""383"":3,""30"":0,""31"":10,""32"":60,""33"":253,""35"":36,""37"":10,""38"":240,""39"":32,""181"":18,""182"":10,""66"":14243,""24"":10,""206"":26,""67"":4051,""68"":0,""13"":72,""17"":114,""18"":-5,""19"":34,""15"":500,""13201"":325,""36"":1508,""40"":238,""43"":0,""241"":26801,""199"":1597,""16"":51116,""12"":275,""449"":0,""636"":110170163,""11"":893510181,""238"":0,""14"":2540732448,""387"":""2b3431353536332e373833332d303038343133362e323030302b3030302e3231352f""}"
2026-06-29T18:56:28Z,862272088833183,Codec8E,2026-06-29 18:56:28.000 UTC,1782759388000,0,41.5562066,-8.4137366,216,182,12,11,0,"{""239"":1,""240"":1,""80"":1,""21"":5,""200"":0,""69"":1,""237"":2,""113"":100,""263"":1,""303"":1,""383"":3,""30"":0,""31"":5,""32"":60,""33"":254,""35"":17,""37"":10,""38"":252,""39"":32,""181"":17,""182"":9,""66"":14235,""24"":11,""206"":26,""67"":4051,""68"":0,""13"":72,""17"":122,""18"":41,""19"":-106,""15"":500,""13201"":325,""36"":1493,""40"":86,""43"":0,""241"":26801,""199"":1618,""16"":51137,""12"":275,""449"":0,""636"":110656564,""11"":893510181,""238"":0,""14"":2540732448,""387"":""2b3431353536322e303636372d303038343133372e333636372b3030302e3231362f""}"
2026-06-29T18:56:29Z,862272088833183,Codec8E,2026-06-29 18:56:29.000 UTC,1782759389000,0,41.5561866,-8.4137300,216,156,12,10,0,"{""239"":1,""240"":1,""80"":1,""21"":5,""200"":0,""69"":1,""237"":2,""113"":100,""263"":1,""303"":1,""383"":3,""30"":0,""31"":5,""32"":60,""33"":254,""35"":17,""37"":10,""38"":252,""39"":32,""181"":17,""182"":9,""66"":14232,""24"":10,""206"":26,""67"":4051,""68"":0,""13"":72,""17"":-85,""18"":-9,""19"":-1,""15"":500,""13201"":325,""36"":1493,""40"":86,""43"":0,""241"":26801,""199"":1618,""16"":51137,""12"":275,""449"":0,""636"":110656564,""11"":893510181,""238"":0,""14"":2540732448,""387"":""2b3431353536312e383636372d303038343133372e333030302b3030302e3231362f""}"
2026-06-29T18:56:38Z,862272088833183,Codec8E,2026-06-29 18:56:35.000 UTC,1782759395000,0,41.5561816,-8.4137183,216,156,12,1,303,"{""239"":1,""240"":1,""80"":1,""21"":4,""200"":0,""69"":1,""237"":2,""113"":100,""263"":1,""303"":0,""383"":3,""30"":0,""31"":14,""32"":60,""33"":255,""35"":34,""37"":0,""38"":250,""39"":32,""181"":12,""182"":9,""66"":14232,""24"":1,""206"":26,""67"":4051,""68"":0,""13"":72,""17"":-24,""18"":20,""19"":0,""15"":500,""13201"":326,""36"":887,""40"":152,""43"":0,""241"":26801,""199"":1622,""16"":51141,""12"":275,""449"":0,""636"":110656564,""11"":893510181,""238"":0,""14"":2540732448,""387"":""2b3431353536312e383136372d303038343133372e313833332b3030302e3231362f""}"
2026-06-29T18:56:40Z,862272088833183,Codec8E,2026-06-29 18:56:39.000 UTC,1782759399000,0,41.5561816,-8.4137183,216,156,12,0,303,"{""239"":1,""240"":1,""80"":1,""21"":4,""200"":0,""69"":1,""237"":2,""113"":100,""263"":1,""303"":1,""383"":3,""30"":0,""31"":13,""32"":61,""33"":7,""35"":38,""37"":0,""38"":0,""39"":32,""181"":12,""182"":9,""66"":14234,""24"":0,""206"":26,""67"":4051,""68"":0,""13"":70,""17"":-29,""18"":23,""19"":3,""15"":500,""13201"":326,""36"":942,""40"":163,""43"":0,""241"":26801,""199"":1622,""16"":51141,""12"":276,""449"":0,""636"":110656564,""11"":893510181,""238"":0,""14"":2540732448,""387"":""2b3431353536312e383136372d303038343133372e313833332b3030302e3231362f""}"
2026-06-29T18:56:54Z,862272088833183,Codec8E,2026-06-29 18:56:53.000 UTC,1782759413000,0,41.5561816,-8.4137183,216,156,12,0,239,"{""239"":0,""240"":1,""80"":1,""21"":4,""200"":0,""69"":1,""237"":2,""113"":100,""263"":1,""303"":1,""383"":3,""30"":0,""31"":28,""32"":61,""33"":10,""35"":68,""37"":0,""38"":0,""39"":32,""181"":12,""182"":9,""66"":13094,""24"":0,""206"":26,""67"":4051,""68"":0,""13"":71,""17"":-30,""18"":23,""19"":1,""15"":500,""13201"":326,""36"":0,""40"":133,""43"":0,""241"":26801,""199"":1622,""16"":51141,""12"":280,""449"":0,""636"":110170163,""11"":893510181,""238"":0,""14"":2540732448,""387"":""2b3431353536312e383136372d303038343133372e313833332b3030302e3231362f""}"
2026-06-29T18:57:00Z,862272088833183,Codec8E,2026-06-29 18:56:58.000 UTC,1782759418000,0,41.5561816,-8.4137183,216,156,13,0,303,"{""239"":0,""240"":1,""80"":1,""21"":4,""200"":0,""69"":1,""237"":2,""113"":100,""263"":1,""303"":0,""383"":3,""30"":0,""31"":28,""32"":61,""33"":10,""35"":68,""37"":0,""38"":0,""39"":32,""181"":11,""182"":8,""66"":13108,""24"":0,""206"":26,""67"":4051,""68"":0,""13"":71,""17"":-33,""18"":13,""19"":-6,""15"":500,""13201"":326,""36"":0,""40"":133,""43"":0,""241"":26801,""199"":1622,""16"":51141,""12"":280,""449"":0,""636"":110170163,""11"":893510181,""238"":0,""14"":2540732448,""387"":""2b3431353536312e383136372d303038343133372e313833332b3030302e3231362f""}"
2026-06-29T18:57:59Z,862272088833183,Codec8E,2026-06-29 18:57:57.000 UTC,1782759477000,0,41.5561816,-8.4137183,216,156,12,0,240,"{""239"":0,""240"":0,""80"":0,""21"":5,""200"":0,""69"":1,""237"":2,""113"":100,""263"":1,""303"":0,""383"":3,""181"":12,""182"":8,""66"":12939,""24"":0,""206"":26,""67"":4051,""68"":0,""13"":71,""17"":-32,""18"":25,""19"":7,""15"":1000,""13201"":325,""241"":26801,""199"":1622,""16"":51141,""12"":280,""449"":0,""636"":110170153,""11"":893510181,""238"":0,""14"":2540732448,""387"":""2b3431353536312e383136372d303038343133372e313833332b3030302e3231362f""}"
2026-06-29T19:26:30Z,862272088833183,Codec8E,2026-06-29 19:25:49.000 UTC,1782761149000,0,41.5561816,-8.4137183,216,156,15,0,303,"{""239"":0,""240"":0,""80"":0,""21"":4,""200"":0,""69"":1,""237"":2,""113"":100,""263"":1,""303"":1,""383"":3,""181"":13,""182"":7,""66"":12719,""24"":0,""206"":26,""67"":4051,""68"":0,""13"":71,""17"":-26,""18"":23,""19"":1,""15"":1000,""13201"":323,""241"":26801,""199"":0,""16"":51141,""12"":280,""449"":0,""636"":110170153,""11"":893510181,""238"":0,""14"":2540732448,""387"":""2b3431353536312e383136372d303038343133372e313833332b3030302e3231362f""}"
2026-06-29T19:26:30Z,862272088833183,Codec8E,2026-06-29 19:25:51.000 UTC,1782761151000,0,41.5561816,-8.4137183,216,156,15,0,303,"{""239"":0,""240"":0,""80"":0,""21"":4,""200"":0,""69"":1,""237"":2,""113"":100,""263"":1,""303"":0,""383"":3,""181"":10,""182"":7,""66"":12718,""24"":0,""206"":26,""67"":4051,""68"":0,""13"":71,""17"":7,""18"":38,""19"":-18,""15"":1000,""13201"":323,""241"":26801,""199"":0,""16"":51141,""12"":280,""449"":0,""636"":110170153,""11"":893510181,""238"":0,""14"":2540732448,""387"":""2b3431353536312e383136372d303038343133372e313833332b3030302e3231362f""}"
2026-06-29T19:26:30Z,862272088833183,Codec8E,2026-06-29 19:25:52.000 UTC,1782761152000,0,41.5561816,-8.4137183,216,156,15,0,303,"{""239"":0,""240"":0,""80"":0,""21"":4,""200"":0,""69"":1,""237"":2,""113"":100,""263"":1,""303"":1,""383"":3,""181"":10,""182"":7,""66"":12723,""24"":0,""206"":26,""67"":4051,""68"":0,""13"":71,""17"":-27,""18"":27,""19"":0,""15"":1000,""13201"":323,""241"":26801,""199"":0,""16"":51141,""12"":280,""449"":0,""636"":110170153,""11"":893510181,""238"":0,""14"":2540732448,""387"":""2b3431353536312e383136372d303038343133372e313833332b3030302e3231362f""}"
2026-06-29T19:26:30Z,862272088833183,Codec8E,2026-06-29 19:25:54.000 UTC,1782761154000,0,41.5561816,-8.4137183,216,156,15,0,240,"{""239"":0,""240"":1,""80"":1,""21"":4,""200"":0,""69"":1,""237"":2,""113"":100,""263"":1,""303"":1,""383"":3,""181"":10,""182"":7,""66"":12714,""24"":0,""206"":26,""67"":4051,""68"":0,""13"":71,""17"":-14,""18"":18,""19"":-14,""15"":1000,""13201"":323,""241"":26801,""199"":0,""16"":51141,""12"":280,""449"":0,""636"":110170153,""11"":893510181,""238"":0,""14"":2540732448,""387"":""2b3431353536312e383136372d303038343133372e313833332b3030302e3231362f""}"
2026-06-29T19:26:30Z,862272088833183,Codec8E,2026-06-29 19:25:55.000 UTC,1782761155000,0,41.5561816,-8.4137183,216,156,14,0,303,"{""239"":0,""240"":1,""80"":1,""21"":4,""200"":0,""69"":1,""237"":2,""113"":100,""263"":1,""303"":0,""383"":3,""181"":11,""182"":7,""66"":12616,""24"":0,""206"":26,""67"":4051,""68"":0,""13"":71,""17"":-27,""18"":13,""19"":3,""15"":1000,""13201"":323,""241"":26801,""199"":0,""16"":51141,""12"":280,""449"":0,""636"":110170153,""11"":893510181,""238"":0,""14"":2540732448,""387"":""2b3431353536312e383136372d303038343133372e313833332b3030302e3231362f""}"
2026-06-29T19:26:31Z,862272088833183,Codec8E,2026-06-29 19:25:58.000 UTC,1782761158000,0,41.5561816,-8.4137183,216,156,14,0,303,"{""239"":0,""240"":1,""80"":1,""21"":4,""200"":0,""69"":1,""237"":2,""113"":100,""263"":1,""303"":1,""383"":3,""181"":11,""182"":7,""66"":12550,""24"":0,""206"":26,""67"":4051,""68"":0,""13"":71,""17"":-27,""18"":23,""19"":1,""15"":1000,""13201"":325,""241"":26801,""199"":0,""16"":51141,""12"":280,""449"":0,""636"":110170153,""11"":893510181,""238"":0,""14"":2540732448,""387"":""2b3431353536312e383136372d303038343133372e313833332b3030302e3231362f""}"
2026-06-29T19:26:31Z,862272088833183,Codec8E,2026-06-29 19:26:10.000 UTC,1782761170000,0,41.5561816,-8.4137183,216,156,14,0,303,"{""239"":0,""240"":1,""80"":1,""21"":4,""200"":0,""69"":1,""237"":2,""113"":100,""263"":1,""303"":0,""383"":3,""181"":11,""182"":7,""66"":12298,""24"":0,""206"":26,""67"":4051,""68"":0,""13"":71,""17"":-32,""18"":13,""19"":-6,""15"":1000,""13201"":325,""241"":26801,""199"":0,""16"":51141,""12"":280,""449"":0,""636"":110170153,""11"":893510181,""238"":0,""14"":2540732448,""387"":""2b3431353536312e383136372d303038343133372e313833332b3030302e3231362f""}"
2026-06-29T19:26:31Z,862272088833183,Codec8E,2026-06-29 19:26:22.000 UTC,1782761182000,0,41.5561816,-8.4137183,216,156,14,0,303,"{""239"":0,""240"":1,""80"":1,""21"":4,""200"":0,""69"":1,""237"":2,""113"":100,""263"":1,""303"":1,""383"":3,""181"":11,""182"":7,""66"":14042,""24"":0,""206"":26,""67"":4051,""68"":0,""13"":71,""17"":-29,""18"":38,""19"":27,""15"":1000,""13201"":327,""241"":26801,""199"":0,""16"":51141,""12"":280,""449"":0,""636"":110170153,""11"":893510181,""238"":0,""14"":2540732448,""387"":""2b3431353536312e383136372d303038343133372e313833332b3030302e3231362f""}"
2026-06-29T19:26:31Z,862272088833183,Codec8E,2026-06-29 19:26:23.000 UTC,1782761183000,0,41.5561816,-8.4137183,216,156,14,0,239,"{""239"":1,""240"":1,""80"":1,""21"":4,""200"":0,""69"":1,""237"":2,""113"":100,""263"":1,""303"":1,""383"":3,""181"":11,""182"":7,""66"":14208,""24"":0,""206"":26,""67"":4051,""68"":0,""13"":71,""17"":-29,""18"":43,""19"":26,""15"":1000,""13201"":327,""241"":26801,""199"":0,""16"":51141,""12"":280,""449"":0,""636"":110170153,""11"":893510181,""238"":0,""14"":2540732448,""387"":""2b3431353536312e383136372d303038343133372e313833332b3030302e3231362f""}"
2026-06-29T19:26:35Z,862272088833183,Codec8E,2026-06-29 19:26:33.000 UTC,1782761193000,0,41.5561816,-8.4137183,216,156,13,0,303,"{""239"":1,""240"":1,""80"":1,""21"":4,""200"":0,""69"":1,""237"":2,""113"":100,""263"":1,""303"":0,""383"":3,""181"":11,""182"":8,""66"":14203,""24"":0,""206"":26,""67"":4051,""68"":0,""13"":72,""17"":-26,""18"":38,""19"":5,""15"":1000,""13201"":328,""241"":26801,""199"":0,""16"":51141,""12"":283,""449"":0,""636"":110170153,""11"":893510181,""238"":0,""14"":2540732448,""387"":""2b3431353536312e383136372d303038343133372e313833332b3030302e3231362f""}"
2026-06-29T19:26:36Z,862272088833183,Codec8E,2026-06-29 19:26:35.000 UTC,1782761195000,0,41.5561816,-8.4137183,216,87,14,1,303,"{""239"":1,""240"":1,""80"":1,""21"":4,""200"":0,""69"":1,""237"":2,""113"":100,""263"":1,""303"":1,""383"":3,""30"":0,""31"":12,""32"":51,""33"":0,""35"":37,""37"":0,""38"":253,""39"":45,""181"":11,""182"":8,""66"":14262,""24"":1,""206"":26,""67"":4051,""68"":0,""13"":72,""17"":-51,""18"":-24,""19"":147,""15"":1000,""13201"":328,""36"":966,""40"":172,""43"":0,""241"":26801,""199"":0,""16"":51141,""12"":283,""449"":0,""636"":110170153,""11"":893510181,""238"":0,""14"":2540732448,""387"":""2b3431353536312e383136372d303038343133372e313833332b3030302e3231362f""}"
2026-06-29T19:26:40Z,862272088833183,Codec8E,2026-06-29 19:26:40.000 UTC,1782761200000,0,41.5563166,-8.4136916,201,13,14,7,0,"{""239"":1,""240"":1,""80"":1,""21"":4,""200"":0,""69"":1,""237"":2,""113"":100,""263"":1,""303"":1,""383"":3,""30"":0,""31"":32,""32"":52,""33"":0,""35"":51,""37"":9,""38"":240,""39"":44,""181"":11,""182"":7,""66"":14226,""24"":7,""206"":26,""67"":4051,""68"":0,""13"":72,""17"":14,""18"":78,""19"":240,""15"":1000,""13201"":329,""36"":1380,""40"":580,""43"":0,""241"":26801,""199"":3,""16"":51156,""12"":283,""449"":0,""636"":110162475,""11"":893510181,""238"":0,""14"":2540732448,""387"":""2b3431353536332e313636372d303038343133362e393136372b3030302e3230312f""}"
2026-06-29T19:26:43Z,862272088833183,Codec8E,2026-06-29 19:26:42.000 UTC,1782761202000,0,41.5563833,-8.4136583,201,24,15,10,0,"{""239"":1,""240"":1,""80"":1,""21"":4,""200"":0,""69"":1,""237"":2,""113"":100,""263"":1,""303"":1,""383"":3,""30"":0,""31"":32,""32"":52,""33"":0,""35"":51,""37"":9,""38"":240,""39"":44,""181"":10,""182"":7,""66"":14271,""24"":10,""206"":26,""67"":4051,""68"":0,""13"":72,""17"":-126,""18"":340,""19"":225,""15"":1000,""13201"":329,""36"":1380,""40"":580,""43"":0,""241"":26801,""199"":11,""16"":51164,""12"":283,""449"":0,""636"":110162475,""11"":893510181,""238"":0,""14"":2540732448,""387"":""2b3431353536332e383333332d303038343133362e353833332b3030302e3230312f""}"
2026-06-29T19:26:43Z,862272088833183,Codec8E,2026-06-29 19:26:43.000 UTC,1782761203000,0,41.5564166,-8.4136200,201,43,15,11,0,"{""239"":1,""240"":1,""80"":1,""21"":4,""200"":0,""69"":1,""237"":2,""113"":100,""263"":1,""303"":1,""383"":3,""30"":0,""31"":32,""32"":52,""33"":0,""35"":51,""37"":9,""38"":240,""39"":44,""181"":13,""182"":7,""66"":14285,""24"":11,""206"":26,""67"":4051,""68"":0,""13"":72,""17"":-79,""18"":303,""19"":183,""15"":1000,""13201"":329,""36"":1380,""40"":580,""43"":0,""241"":26801,""199"":16,""16"":51169,""12"":283,""449"":0,""636"":110162475,""11"":893510181,""238"":0,""14"":2540732448,""387"":""2b3431353536342e313636372d303038343133362e323030302b3030302e3230312f""}"
2026-06-29T19:26:44Z,862272088833183,Codec8E,2026-06-29 19:26:44.000 UTC,1782761204000,0,41.5564449,-8.4135783,201,58,14,12,0,"{""239"":1,""240"":1,""80"":1,""21"":4,""200"":0,""69"":1,""237"":2,""113"":100,""263"":1,""303"":1,""383"":3,""30"":0,""31"":32,""32"":52,""33"":0,""35"":51,""37"":9,""38"":240,""39"":44,""181"":11,""182"":7,""66"":14285,""24"":12,""206"":26,""67"":4051,""68"":0,""13"":72,""17"":33,""18"":29,""19"":133,""15"":1000,""13201"":329,""36"":1380,""40"":580,""43"":0,""241"":26801,""199"":21,""16"":51174,""12"":283,""449"":0,""636"":110162475,""11"":893510181,""238"":0,""14"":2540732448,""387"":""2b3431353536342e343530302d303038343133352e373833332b3030302e3230312f""}"
2026-06-29T19:26:45Z,862272088833183,Codec8E,2026-06-29 19:26:45.000 UTC,1782761205000,0,41.5564500,-8.4135266,202,73,14,13,0,"{""239"":1,""240"":1,""80"":1,""21"":4,""200"":0,""69"":1,""237"":2,""113"":100,""263"":1,""303"":1,""383"":3,""30"":0,""31"":24,""32"":52,""33"":0,""35"":64,""37"":15,""38"":239,""39"":43,""181"":11,""182"":7,""66"":14283,""24"":13,""206"":26,""67"":4051,""68"":0,""13"":72,""17"":79,""18"":-17,""19"":35,""15"":1000,""13201"":329,""36"":1882,""40"":569,""43"":0,""241"":26801,""199"":25,""16"":51178,""12"":283,""449"":0,""636"":110162475,""11"":893510181,""238"":0,""14"":2540732448,""387"":""2b3431353536342e353030302d303038343133352e323636372b3030302e3230322f""}"
2026-06-29T19:26:48Z,862272088833183,Codec8E,2026-06-29 19:26:48.000 UTC,1782761208000,0,41.5564850,-8.4134133,202,49,14,12,0,"{""239"":1,""240"":1,""80"":1,""21"":4,""200"":0,""69"":1,""237"":2,""113"":100,""263"":1,""303"":1,""383"":3,""30"":0,""31"":24,""32"":52,""33"":0,""35"":64,""37"":15,""38"":239,""39"":43,""181"":11,""182"":7,""66"":14239,""24"":12,""206"":26,""67"":4051,""68"":0,""13"":72,""17"":147,""18"":98,""19"":-85,""15"":1000,""13201"":330,""36"":1882,""40"":569,""43"":0,""241"":26801,""199"":33,""16"":51186,""12"":283,""449"":0,""636"":110162475,""11"":893510181,""238"":0,""14"":2540732448,""387"":""2b3431353536342e383530302d303038343133342e313333332b3030302e3230322f""}"
2026-06-29T19:26:49Z,862272088833183,Codec8E,2026-06-29 19:26:49.000 UTC,1782761209000,0,41.5565166,-8.4134016,202,31,15,11,0,"{""239"":1,""240"":1,""80"":1,""21"":4,""200"":0,""69"":1,""237"":2,""113"":100,""263"":1,""303"":1,""383"":3,""30"":0,""31"":12,""32"":52,""33"":0,""35"":29,""37"":9,""38"":240,""39"":43,""181"":10,""182"":7,""66"":14209,""24"":11,""206"":26,""67"":4051,""68"":0,""13"":72,""17"":-22,""18"":46,""19"":-105,""15"":1000,""13201"":330,""36"":1437,""40"":100,""43"":0,""241"":26801,""199"":39,""16"":51192,""12"":283,""449"":0,""636"":110162475,""11"":893510181,""238"":0,""14"":2540732448,""387"":""2b3431353536352e313636372d303038343133342e303136372b3030302e3230322f""}"
2026-06-29T19:26:53Z,862272088833183,Codec8E,2026-06-29 19:26:53.000 UTC,1782761213000,0,41.5565616,-8.4134100,204,18,15,7,0,"{""239"":1,""240"":1,""80"":1,""21"":4,""200"":0,""69"":1,""237"":2,""113"":100,""263"":1,""303"":1,""383"":3,""30"":0,""31"":12,""32"":52,""33"":0,""35"":29,""37"":9,""38"":240,""39"":43,""181"":10,""182"":7,""66"":14279,""24"":7,""206"":26,""67"":4051,""68"":0,""13"":72,""17"":-81,""18"":265,""19"":105,""15"":1000,""13201"":331,""36"":1437,""40"":100,""43"":0,""241"":26801,""199"":42,""16"":51195,""12"":283,""449"":0,""636"":110162475,""11"":893510181,""238"":0,""14"":2540732448,""387"":""2b3431353536352e363136372d303038343133342e313030302b3030302e3230342f""}"
2026-06-29T19:26:56Z,862272088833183,Codec8E,2026-06-29 19:26:54.000 UTC,1782761214000,0,41.5565766,-8.4133883,204,41,14,7,0,"{""239"":1,""240"":1,""80"":1,""21"":4,""200"":0,""69"":1,""237"":2,""113"":100,""263"":1,""303"":1,""383"":3,""30"":0,""31"":10,""32"":53,""33"":0,""35"":44,""37"":4,""38"":242,""39"":44,""181"":11,""182"":7,""66"":14285,""24"":7,""206"":26,""67"":4051,""68"":0,""13"":72,""17"":-90,""18"":54,""19"":108,""15"":1000,""13201"":331,""36"":1898,""40"":650,""43"":0,""241"":26801,""199"":46,""16"":51199,""12"":283,""449"":0,""636"":110162475,""11"":893510181,""238"":0,""14"":2540732448,""387"":""2b3431353536352e373636372d303038343133332e383833332b3030302e3230342f""}"
2026-06-29T19:26:56Z,862272088833183,Codec8E,2026-06-29 19:26:55.000 UTC,1782761215000,0,41.5566033,-8.4133583,205,56,14,9,0,"{""239"":1,""240"":1,""80"":1,""21"":4,""200"":0,""69"":1,""237"":2,""113"":100,""263"":1,""303"":1,""383"":3,""30"":0,""31"":10,""32"":53,""33"":0,""35"":44,""37"":4,""38"":242,""39"":44,""181"":11,""182"":7,""66"":14265,""24"":9,""206"":26,""67"":4051,""68"":0,""13"":72,""17"":-8,""18"":65,""19"":213,""15"":1000,""13201"":331,""36"":1898,""40"":650,""43"":0,""241"":26801,""199"":50,""16"":51203,""12"":283,""449"":0,""636"":110162475,""11"":893510181,""238"":0,""14"":2540732448,""387"":""2b3431353536362e303333332d303038343133332e353833332b3030302e3230352f""}"
2026-06-29T19:26:58Z,862272088833183,Codec8E,2026-06-29 19:26:57.000 UTC,1782761217000,0,41.5566500,-8.4132250,205,69,13,14,0,"{""239"":1,""240"":1,""80"":1,""21"":4,""200"":0,""69"":1,""237"":2,""113"":100,""263"":1,""303"":1,""383"":3,""30"":0,""31"":10,""32"":53,""33"":0,""35"":44,""37"":4,""38"":242,""39"":44,""181"":11,""182"":8,""66"":14290,""24"":14,""206"":26,""67"":4051,""68"":0,""13"":72,""17"":29,""18"":114,""19"":-54,""15"":1000,""13201"":331,""36"":1898,""40"":650,""43"":0,""241"":26801,""199"":62,""16"":51215,""12"":283,""449"":0,""636"":110170153,""11"":893510181,""238"":0,""14"":2540732448,""387"":""2b3431353536362e353030302d303038343133322e323530302b3030302e3230352f""}"
2026-06-29T19:26:59Z,862272088833183,Codec8E,2026-06-29 19:26:59.000 UTC,1782761219000,0,41.5566666,-8.4130683,207,86,14,17,0,"{""239"":1,""240"":1,""80"":1,""21"":4,""200"":0,""69"":1,""237"":2,""113"":100,""263"":1,""303"":1,""383"":3,""30"":0,""31"":38,""32"":53,""33"":0,""35"":44,""37"":22,""38"":236,""39"":42,""181"":14,""182"":7,""66"":14284,""24"":17,""206"":26,""67"":4051,""68"":0,""13"":72,""17"":70,""18"":77,""19"":-49,""15"":1000,""13201"":332,""36"":2464,""40"":105,""43"":0,""241"":26801,""199"":76,""16"":51229,""12"":283,""449"":0,""636"":110154804,""11"":893510181,""238"":0,""14"":2540732448,""387"":""2b3431353536362e363636372d303038343133302e363833332b3030302e3230372f""}"
2026-06-29T19:27:01Z,862272088833183,Codec8E,2026-06-29 19:27:01.000 UTC,1782761221000,0,41.5566899,-8.4129483,209,100,14,17,0,"{""239"":1,""240"":1,""80"":1,""21"":4,""200"":0,""69"":1,""237"":2,""113"":100,""263"":1,""303"":1,""383"":3,""30"":0,""31"":38,""32"":53,""33"":0,""35"":44,""37"":22,""38"":236,""39"":42,""181"":11,""182"":7,""66"":14297,""24"":17,""206"":26,""67"":4051,""68"":0,""13"":72,""17"":-25,""18"":152,""19"":59,""15"":1000,""13201"":332,""36"":2464,""40"":105,""43"":0,""241"":26801,""199"":86,""16"":51239,""12"":283,""449"":0,""636"":110154804,""11"":893510181,""238"":0,""14"":2540732448,""387"":""2b3431353536362e393030302d303038343132392e343833332b3030302e3230392f""}"
2026-06-29T19:27:02Z,862272088833183,Codec8E,2026-06-29 19:27:02.000 UTC,1782761222000,0,41.5566666,-8.4128750,209,117,14,17,0,"{""239"":1,""240"":1,""80"":1,""21"":4,""200"":0,""69"":1,""237"":2,""113"":100,""263"":1,""303"":1,""383"":3,""30"":0,""31"":38,""32"":53,""33"":0,""35"":44,""37"":22,""38"":236,""39"":42,""181"":11,""182"":7,""66"":14290,""24"":17,""206"":26,""67"":4051,""68"":0,""13"":72,""17"":-35,""18"":57,""19"":67,""15"":1000,""13201"":332,""36"":2464,""40"":105,""43"":0,""241"":26801,""199"":93,""16"":51246,""12"":283,""449"":0,""636"":110154804,""11"":893510181,""238"":0,""14"":2540732448,""387"":""2b3431353536362e363636372d303038343132382e373530302b3030302e3230392f""}"
2026-06-29T19:27:03Z,862272088833183,Codec8E,2026-06-29 19:27:03.000 UTC,1782761223000,0,41.5566266,-8.4128050,210,129,13,19,0,"{""239"":1,""240"":1,""80"":1,""21"":4,""200"":0,""69"":1,""237"":2,""113"":100,""263"":1,""303"":1,""383"":3,""30"":0,""31"":3,""32"":53,""33"":0,""35"":49,""37"":20,""38"":248,""39"":43,""181"":11,""182"":8,""66"":14290,""24"":19,""206"":26,""67"":4051,""68"":0,""13"":72,""17"":-71,""18"":50,""19"":88,""15"":1000,""13201"":332,""36"":1826,""40"":955,""43"":0,""241"":26801,""199"":100,""16"":51253,""12"":283,""449"":0,""636"":110154804,""11"":893510181,""238"":0,""14"":2540732448,""387"":""2b3431353536362e323636372d303038343132382e303530302b3030302e3231302f""}"
2026-06-29T19:27:06Z,862272088833183,Codec8E,2026-06-29 19:27:06.000 UTC,1782761226000,0,41.5564083,-8.4125416,212,137,14,29,0,"{""239"":1,""240"":1,""80"":1,""21"":4,""200"":0,""69"":1,""237"":2,""113"":100,""263"":1,""303"":1,""383"":3,""30"":0,""31"":3,""32"":53,""33"":0,""35"":49,""37"":20,""38"":248,""39"":43,""181"":11,""182"":7,""66"":14295,""24"":29,""206"":26,""67"":4051,""68"":0,""13"":72,""17"":-23,""18"":34,""19"":78,""15"":1000,""13201"":332,""36"":1826,""40"":955,""43"":0,""241"":26801,""199"":133,""16"":51286,""12"":283,""449"":0,""636"":110154804,""11"":893510181,""238"":0,""14"":2540732448,""387"":""2b3431353536342e303833332d303038343132352e343136372b3030302e3231322f""}"
2026-06-29T19:27:12Z,862272088833183,Codec8E,2026-06-29 19:27:10.000 UTC,1782761230000,0,41.5560783,-8.4121066,209,134,12,40,0,"{""239"":1,""240"":1,""80"":1,""21"":5,""200"":0,""69"":1,""237"":2,""113"":100,""263"":1,""303"":1,""383"":3,""30"":0,""31"":34,""32"":54,""33"":0,""35"":40,""37"":37,""38"":238,""39"":42,""181"":12,""182"":8,""66"":14289,""24"":40,""206"":26,""67"":4051,""68"":0,""13"":72,""17"":153,""18"":38,""19"":10,""15"":1000,""13201"":332,""36"":2984,""40"":1166,""43"":0,""241"":26801,""199"":184,""16"":51337,""12"":283,""449"":0,""636"":110136883,""11"":893510181,""238"":0,""14"":2540732448,""387"":""2b3431353536302e373833332d303038343132312e303636372b3030302e3230392f""}"
2026-06-29T19:27:19Z,862272088833183,Codec8E,2026-06-29 19:27:19.000 UTC,1782761239000,0,41.5554066,-8.4112300,203,134,15,39,0,"{""239"":1,""240"":1,""80"":1,""21"":5,""200"":0,""69"":1,""237"":2,""113"":100,""263"":1,""303"":1,""383"":3,""30"":0,""31"":3,""32"":54,""33"":0,""35"":16,""37"":40,""38"":223,""39"":45,""181"":13,""182"":7,""66"":14287,""24"":39,""206"":26,""67"":4051,""68"":0,""13"":72,""17"":125,""18"":57,""19"":-79,""15"":1000,""13201"":334,""36"":2748,""40"":130,""43"":0,""241"":26801,""199"":289,""16"":51442,""12"":283,""449"":0,""636"":110170163,""11"":893510181,""238"":0,""14"":2540732448,""387"":""2b3431353535342e303636372d303038343131322e333030302b3030302e3230332f""}"
2026-06-29T19:27:31Z,862272088833183,Codec8E,2026-06-29 19:27:31.000 UTC,1782761251000,0,41.5547066,-8.4103599,201,141,14,31,0,"{""239"":1,""240"":1,""80"":1,""21"":5,""200"":0,""69"":1,""237"":2,""113"":100,""263"":1,""303"":1,""383"":3,""30"":0,""31"":3,""32"":54,""33"":0,""35"":16,""37"":28,""38"":230,""39"":46,""181"":11,""182"":7,""66"":14293,""24"":31,""206"":26,""67"":4051,""68"":0,""13"":72,""17"":93,""18"":61,""19"":40,""15"":1000,""13201"":333,""36"":1951,""40"":94,""43"":0,""241"":26801,""199"":395,""16"":51548,""12"":283,""449"":0,""636"":110162485,""11"":893510181,""238"":0,""14"":2540732448,""387"":""2b3431353534372e303636372d303038343130332e363030302b3030302e3230312f""}"
2026-06-29T19:27:44Z,862272088833183,Codec8E,2026-06-29 19:27:41.000 UTC,1782761261000,0,41.5542850,-8.4097816,196,130,13,22,0,"{""239"":1,""240"":1,""80"":1,""21"":4,""200"":0,""69"":1,""237"":2,""113"":100,""263"":1,""303"":1,""383"":3,""30"":0,""31"":3,""32"":53,""33"":0,""35"":16,""37"":24,""38"":237,""39"":46,""181"":11,""182"":8,""66"":14239,""24"":22,""206"":26,""67"":4051,""68"":0,""13"":72,""17"":67,""18"":32,""19"":-128,""15"":1000,""13201"":335,""36"":1656,""40"":94,""43"":0,""241"":26801,""199"":462,""16"":51615,""12"":283,""449"":0,""636"":110162485,""11"":893510181,""238"":0,""14"":2540732448,""387"":""2b3431353534322e383530302d303038343039372e383136372b3030302e3139362f""}"
2026-06-29T19:27:44Z,862272088833183,Codec8E,2026-06-29 19:27:42.000 UTC,1782761262000,0,41.5542699,-8.4097200,196,118,12,16,303,"{""239"":1,""240"":1,""80"":1,""21"":4,""200"":0,""69"":1,""237"":2,""113"":100,""263"":1,""303"":0,""383"":3,""30"":0,""31"":3,""32"":53,""33"":0,""35"":16,""37"":24,""38"":237,""39"":46,""181"":12,""182"":8,""66"":14232,""24"":16,""206"":26,""67"":4051,""68"":0,""13"":72,""17"":5,""18"":42,""19"":-26,""15"":1000,""13201"":335,""36"":1656,""40"":94,""43"":0,""241"":26801,""199"":468,""16"":51621,""12"":283,""449"":0,""636"":110162485,""11"":893510181,""238"":0,""14"":2540732448,""387"":""2b3431353534322e373030302d303038343039372e323030302b3030302e3139362f""}"
2026-06-29T19:27:44Z,862272088833183,Codec8E,2026-06-29 19:27:43.000 UTC,1782761263000,0,41.5542750,-8.4096983,195,115,12,14,303,"{""239"":1,""240"":1,""80"":1,""21"":4,""200"":0,""69"":1,""237"":2,""113"":100,""263"":1,""303"":1,""383"":3,""30"":0,""31"":12,""32"":53,""33"":0,""35"":32,""37"":9,""38"":249,""39"":46,""181"":12,""182"":8,""66"":14260,""24"":14,""206"":26,""67"":4051,""68"":0,""13"":72,""17"":0,""18"":36,""19"":-59,""15"":1000,""13201"":335,""36"":931,""40"":144,""43"":0,""241"":26801,""199"":468,""16"":51621,""12"":283,""449"":0,""636"":110136885,""11"":893510181,""238"":0,""14"":2540732448,""387"":""2b3431353534322e373530302d303038343039362e393833332b3030302e3139352f""}"
2026-06-29T19:27:46Z,862272088833183,Codec8E,2026-06-29 19:27:46.000 UTC,1782761266000,0,41.5542550,-8.4096633,194,139,12,11,0,"{""239"":1,""240"":1,""80"":1,""21"":4,""200"":0,""69"":1,""237"":2,""113"":100,""263"":1,""303"":1,""383"":3,""30"":0,""31"":12,""32"":53,""33"":0,""35"":32,""37"":9,""38"":249,""39"":46,""181"":13,""182"":8,""66"":14245,""24"":11,""206"":26,""67"":4051,""68"":0,""13"":72,""17"":40,""18"":18,""19"":-50,""15"":1000,""13201"":335,""36"":931,""40"":144,""43"":0,""241"":26801,""199"":472,""16"":51625,""12"":283,""449"":0,""636"":110136885,""11"":893510181,""238"":0,""14"":2540732448,""387"":""2b3431353534322e353530302d303038343039362e363333332b3030302e3139342f""}"
2026-06-29T19:27:50Z,862272088833183,Codec8E,2026-06-29 19:27:50.000 UTC,1782761270000,0,41.5541966,-8.4096283,193,107,13,8,0,"{""239"":1,""240"":1,""80"":1,""21"":4,""200"":0,""69"":1,""237"":2,""113"":100,""263"":1,""303"":1,""383"":3,""30"":0,""31"":12,""32"":53,""33"":0,""35"":35,""37"":6,""38"":253,""39"":45,""181"":11,""182"":8,""66"":14269,""24"":8,""206"":26,""67"":4051,""68"":0,""13"":72,""17"":6,""18"":-197,""19"":161,""15"":1000,""13201"":336,""36"":969,""40"":158,""43"":0,""241"":26801,""199"":479,""16"":51632,""12"":283,""449"":0,""636"":110136885,""11"":893510181,""238"":0,""14"":2540732448,""387"":""2b3431353534312e393636372d303038343039362e323833332b3030302e3139332f""}"
2026-06-29T19:27:51Z,862272088833183,Codec8E,2026-06-29 19:27:51.000 UTC,1782761271000,0,41.5541933,-8.4095900,193,93,13,8,0,"{""239"":1,""240"":1,""80"":1,""21"":4,""200"":0,""69"":1,""237"":2,""113"":100,""263"":1,""303"":1,""383"":3,""30"":0,""31"":12,""32"":53,""33"":0,""35"":35,""37"":6,""38"":253,""39"":45,""181"":16,""182"":8,""66"":14272,""24"":8,""206"":26,""67"":4051,""68"":0,""13"":72,""17"":0,""18"":-126,""19"":34,""15"":1000,""13201"":336,""36"":969,""40"":158,""43"":0,""241"":26801,""199"":483,""16"":51636,""12"":283,""449"":0,""636"":110136885,""11"":893510181,""238"":0,""14"":2540732448,""387"":""2b3431353534312e393333332d303038343039352e393030302b3030302e3139332f""}"
2026-06-29T19:27:52Z,862272088833183,Codec8E,2026-06-29 19:27:52.000 UTC,1782761272000,0,41.5541949,-8.4095549,193,70,13,9,0,"{""239"":1,""240"":1,""80"":1,""21"":4,""200"":0,""69"":1,""237"":2,""113"":100,""263"":1,""303"":1,""383"":3,""30"":0,""31"":12,""32"":53,""33"":0,""35"":35,""37"":6,""38"":253,""39"":45,""181"":16,""182"":8,""66"":14275,""24"":9,""206"":26,""67"":4051,""68"":0,""13"":72,""17"":-52,""18"":22,""19"":94,""15"":1000,""13201"":336,""36"":969,""40"":158,""43"":0,""241"":26801,""199"":486,""16"":51639,""12"":283,""449"":0,""636"":110136885,""11"":893510181,""238"":0,""14"":2540732448,""387"":""2b3431353534312e393530302d303038343039352e353530302b3030302e3139332f""}"
2026-06-29T19:27:53Z,862272088833183,Codec8E,2026-06-29 19:27:53.000 UTC,1782761273000,0,41.5542100,-8.4095100,194,53,13,11,0,"{""239"":1,""240"":1,""80"":1,""21"":4,""200"":0,""69"":1,""237"":2,""113"":100,""263"":1,""303"":1,""383"":3,""30"":0,""31"":13,""32"":53,""33"":252,""35"":40,""37"":10,""38"":237,""39"":44,""181"":16,""182"":8,""66"":14282,""24"":11,""206"":26,""67"":4051,""68"":0,""13"":72,""17"":-82,""18"":16,""19"":177,""15"":1000,""13201"":336,""36"":1581,""40"":738,""43"":0,""241"":26801,""199"":490,""16"":51643,""12"":283,""449"":0,""636"":110136885,""11"":893510181,""238"":0,""14"":2540732448,""387"":""2b3431353534322e313030302d303038343039352e313030302b3030302e3139342f""}"
2026-06-29T19:27:56Z,862272088833183,Codec8E,2026-06-29 19:27:55.000 UTC,1782761275000,0,41.5542933,-8.4094283,199,41,13,15,0,"{""239"":1,""240"":1,""80"":1,""21"":4,""200"":0,""69"":1,""237"":2,""113"":100,""263"":1,""303"":1,""383"":3,""30"":0,""31"":13,""32"":53,""33"":252,""35"":40,""37"":10,""38"":237,""39"":44,""181"":15,""182"":8,""66"":14282,""24"":15,""206"":26,""67"":4051,""68"":0,""13"":72,""17"":0,""18"":27,""19"":134,""15"":1000,""13201"":336,""36"":1581,""40"":738,""43"":0,""241"":26801,""199"":501,""16"":51654,""12"":283,""449"":0,""636"":110136885,""11"":893510181,""238"":0,""14"":2540732448,""387"":""2b3431353534322e393333332d303038343039342e323833332b3030302e3139392f""}"
2026-06-29T19:28:00Z,862272088833183,Codec8E,2026-06-29 19:28:00.000 UTC,1782761280000,0,41.5545250,-8.4091016,198,37,13,25,0,"{""239"":1,""240"":1,""80"":1,""21"":4,""200"":0,""69"":1,""237"":2,""113"":100,""263"":1,""303"":1,""383"":3,""30"":0,""31"":4,""32"":53,""33"":0,""35"":89,""37"":25,""38"":237,""39"":43,""181"":16,""182"":8,""66"":14284,""24"":25,""206"":26,""67"":4051,""68"":0,""13"":72,""17"":109,""18"":1,""19"":37,""15"":1000,""13201"":338,""36"":2255,""40"":719,""43"":0,""241"":26801,""199"":539,""16"":51692,""12"":283,""449"":0,""636"":110136885,""11"":893510181,""238"":0,""14"":2540732448,""387"":""2b3431353534352e323530302d303038343039312e303136372b3030302e3139382f""}"
2026-06-29T19:28:03Z,862272088833183,Codec8E,2026-06-29 19:28:03.000 UTC,1782761283000,0,41.5546783,-8.4088783,197,52,14,28,0,"{""239"":1,""240"":1,""80"":1,""21"":4,""200"":0,""69"":1,""237"":2,""113"":100,""263"":1,""303"":1,""383"":3,""30"":0,""31"":7,""32"":53,""33"":0,""35"":39,""37"":30,""38"":234,""39"":42,""181"":14,""182"":7,""66"":14309,""24"":28,""206"":26,""67"":4051,""68"":0,""13"":72,""17"":101,""18"":123,""19"":12,""15"":1000,""13201"":338,""36"":2005,""40"":450,""43"":0,""241"":26801,""199"":564,""16"":51717,""12"":283,""449"":0,""636"":110136885,""11"":893510181,""238"":0,""14"":2540732448,""387"":""2b3431353534362e373833332d303038343038382e373833332b3030302e3139372f""}"
2026-06-29T19:28:05Z,862272088833183,Codec8E,2026-06-29 19:28:05.000 UTC,1782761285000,0,41.5547500,-8.4086466,197,63,14,31,0,"{""239"":1,""240"":1,""80"":1,""21"":4,""200"":0,""69"":1,""237"":2,""113"":100,""263"":1,""303"":1,""383"":3,""30"":0,""31"":7,""32"":53,""33"":0,""35"":39,""37"":30,""38"":234,""39"":42,""181"":14,""182"":7,""66"":14291,""24"":31,""206"":26,""67"":4051,""68"":0,""13"":72,""17"":307,""18"":309,""19"":97,""15"":1000,""13201"":338,""36"":2005,""40"":450,""43"":0,""241"":26801,""199"":585,""16"":51738,""12"":283,""449"":0,""636"":110136885,""11"":893510181,""238"":0,""14"":2540732448,""387"":""2b3431353534372e353030302d303038343038362e343636372b3030302e3139372f""}"
2026-06-29T19:28:08Z,862272088833183,Codec8E,2026-06-29 19:28:08.000 UTC,1782761288000,0,41.5548516,-8.4082800,197,73,13,34,0,"{""239"":1,""240"":1,""80"":1,""21"":4,""200"":0,""69"":1,""237"":2,""113"":100,""263"":1,""303"":1,""383"":3,""30"":0,""31"":14,""32"":54,""33"":246,""35"":35,""37"":34,""38"":235,""39"":43,""181"":11,""182"":8,""66"":14288,""24"":34,""206"":26,""67"":4051,""68"":0,""13"":72,""17"":70,""18"":152,""19"":54,""15"":1000,""13201"":338,""36"":2281,""40"":69,""43"":0,""241"":26801,""199"":618,""16"":51771,""12"":283,""449"":0,""636"":110136885,""11"":893510181,""238"":0,""14"":2540732448,""387"":""2b3431353534382e353136372d303038343038322e383030302b3030302e3139372f""}"
2026-06-29T19:28:10Z,862272088833183,Codec8E,2026-06-29 19:28:10.000 UTC,1782761290000,0,41.5548683,-8.4079933,196,84,12,35,0,"{""239"":1,""240"":1,""80"":1,""21"":5,""200"":0,""69"":1,""237"":2,""113"":100,""263"":1,""303"":1,""383"":3,""30"":0,""31"":14,""32"":54,""33"":246,""35"":35,""37"":34,""38"":235,""39"":43,""181"":12,""182"":8,""66"":14293,""24"":35,""206"":26,""67"":4051,""68"":0,""13"":72,""17"":114,""18"":10,""19"":8,""15"":1000,""13201"":339,""36"":2281,""40"":69,""43"":0,""241"":26801,""199"":642,""16"":51795,""12"":283,""449"":0,""636"":110136885,""11"":893510181,""238"":0,""14"":2540732448,""387"":""2b3431353534382e363833332d303038343037392e393333332b3030302e3139362f""}"
2026-06-29T19:28:18Z,862272088833183,Codec8E,2026-06-29 19:28:16.000 UTC,1782761296000,0,41.5548483,-8.4072849,192,101,14,31,0,"{""239"":1,""240"":1,""80"":1,""21"":5,""200"":0,""69"":1,""237"":2,""113"":100,""263"":1,""303"":1,""383"":3,""30"":0,""31"":3,""32"":54,""33"":0,""35"":16,""37"":30,""38"":240,""39"":45,""181"":11,""182"":7,""66"":14225,""24"":31,""206"":26,""67"":4051,""68"":0,""13"":72,""17"":72,""18"":313,""19"":-173,""15"":1000,""13201"":339,""36"":1534,""40"":138,""43"":0,""241"":26801,""199"":701,""16"":51854,""12"":283,""449"":0,""636"":110136885,""11"":893510181,""238"":0,""14"":2540732448,""387"":""2b3431353534382e343833332d303038343037322e383530302b3030302e3139322f""}"
2026-06-29T19:28:18Z,862272088833183,Codec8E,2026-06-29 19:28:17.000 UTC,1782761297000,0,41.5548133,-8.4072050,191,119,13,29,0,"{""239"":1,""240"":1,""80"":1,""21"":5,""200"":0,""69"":1,""237"":2,""113"":100,""263"":1,""303"":1,""383"":3,""30"":0,""31"":3,""32"":54,""33"":0,""35"":16,""37"":30,""38"":240,""39"":45,""181"":11,""182"":8,""66"":14258,""24"":29,""206"":26,""67"":4051,""68"":0,""13"":72,""17"":51,""18"":254,""19"":-49,""15"":1000,""13201"":339,""36"":1534,""40"":138,""43"":0,""241"":26801,""199"":709,""16"":51862,""12"":283,""449"":0,""636"":110136885,""11"":893510181,""238"":0,""14"":2540732448,""387"":""2b3431353534382e313333332d303038343037322e303530302b3030302e3139312f""}"
2026-06-29T19:28:18Z,862272088833183,Codec8E,2026-06-29 19:28:18.000 UTC,1782761298000,0,41.5547633,-8.4071516,191,131,13,28,0,"{""239"":1,""240"":1,""80"":1,""21"":5,""200"":0,""69"":1,""237"":2,""113"":100,""263"":1,""303"":1,""383"":3,""30"":0,""31"":3,""32"":54,""33"":0,""35"":16,""37"":30,""38"":240,""39"":45,""181"":11,""182"":8,""66"":14295,""24"":28,""206"":26,""67"":4051,""68"":0,""13"":72,""17"":54,""18"":222,""19"":-23,""15"":1000,""13201"":339,""36"":1534,""40"":138,""43"":0,""241"":26801,""199"":716,""16"":51869,""12"":283,""449"":0,""636"":110136885,""11"":893510181,""238"":0,""14"":2540732448,""387"":""2b3431353534372e363333332d303038343037312e353136372b3030302e3139312f""}"
2026-06-29T19:28:19Z,862272088833183,Codec8E,2026-06-29 19:28:19.000 UTC,1782761299000,0,41.5546933,-8.4071166,194,152,13,28,0,"{""239"":1,""240"":1,""80"":1,""21"":5,""200"":0,""69"":1,""237"":2,""113"":100,""263"":1,""303"":1,""383"":3,""30"":0,""31"":3,""32"":54,""33"":0,""35"":16,""37"":30,""38"":240,""39"":45,""181"":11,""182"":8,""66"":14297,""24"":28,""206"":26,""67"":4051,""68"":0,""13"":72,""17"":-51,""18"":112,""19"":78,""15"":1000,""13201"":339,""36"":1534,""40"":138,""43"":0,""241"":26801,""199"":724,""16"":51877,""12"":283,""449"":0,""636"":110136885,""11"":893510181,""238"":0,""14"":2540732448,""387"":""2b3431353534362e393333332d303038343037312e313636372b3030302e3139342f""}"
2026-06-29T19:28:20Z,862272088833183,Codec8E,2026-06-29 19:28:20.000 UTC,1782761300000,0,41.5546233,-8.4071066,194,166,13,27,0,"{""239"":1,""240"":1,""80"":1,""21"":5,""200"":0,""69"":1,""237"":2,""113"":100,""263"":1,""303"":1,""383"":3,""30"":0,""31"":3,""32"":54,""33"":0,""35"":16,""37"":30,""38"":240,""39"":45,""181"":11,""182"":8,""66"":14269,""24"":27,""206"":26,""67"":4051,""68"":0,""13"":72,""17"":-10,""18"":2,""19"":186,""15"":1000,""13201"":339,""36"":1534,""40"":138,""43"":0,""241"":26801,""199"":732,""16"":51885,""12"":283,""449"":0,""636"":110136885,""11"":893510181,""238"":0,""14"":2540732448,""387"":""2b3431353534362e323333332d303038343037312e303636372b3030302e3139342f""}"
2026-06-29T19:28:22Z,862272088833183,Codec8E,2026-06-29 19:28:22.000 UTC,1782761302000,0,41.5544516,-8.4070983,193,177,14,29,0,"{""239"":1,""240"":1,""80"":1,""21"":5,""200"":0,""69"":1,""237"":2,""113"":100,""263"":1,""303"":1,""383"":3,""30"":0,""31"":4,""32"":54,""33"":255,""35"":23,""37"":25,""38"":237,""39"":45,""181"":11,""182"":7,""66"":14282,""24"":29,""206"":26,""67"":4051,""68"":0,""13"":72,""17"":-33,""18"":20,""19"":167,""15"":1000,""13201"":339,""36"":1658,""40"":1102,""43"":0,""241"":26801,""199"":751,""16"":51904,""12"":283,""449"":0,""636"":110136885,""11"":893510181,""238"":0,""14"":2540732448,""387"":""2b3431353534342e353136372d303038343037302e393833332b3030302e3139332f""}"
2026-06-29T19:28:26Z,862272088833183,Codec8E,2026-06-29 19:28:26.000 UTC,1782761306000,0,41.5539766,-8.4070500,192,173,15,42,0,"{""239"":1,""240"":1,""80"":1,""21"":5,""200"":0,""69"":1,""237"":2,""113"":100,""263"":1,""303"":1,""383"":3,""30"":0,""31"":54,""32"":54,""33"":244,""35"":132,""37"":45,""38"":237,""39"":42,""181"":13,""182"":7,""66"":14286,""24"":42,""206"":26,""67"":4051,""68"":0,""13"":72,""17"":65,""18"":51,""19"":36,""15"":1000,""13201"":340,""36"":2934,""40"":1361,""43"":0,""241"":26801,""199"":804,""16"":51957,""12"":283,""449"":0,""636"":110136885,""11"":893510181,""238"":0,""14"":2540732448,""387"":""2b3431353533392e373636372d303038343037302e353030302b3030302e3139322f""}"
2026-06-29T19:28:36Z,862272088833183,Codec8E,2026-06-29 19:28:34.000 UTC,1782761314000,0,41.5531683,-8.4069166,191,171,13,32,0,"{""239"":1,""240"":1,""80"":1,""21"":5,""200"":0,""69"":1,""237"":2,""113"":100,""263"":1,""303"":1,""383"":3,""30"":0,""31"":5,""32"":54,""33"":0,""35"":17,""37"":50,""38"":228,""39"":43,""181"":13,""182"":8,""66"":14247,""24"":32,""206"":26,""67"":4051,""68"":0,""13"":72,""17"":69,""18"":47,""19"":-135,""15"":1000,""13201"":341,""36"":1927,""40"":94,""43"":0,""241"":26801,""199"":895,""16"":52048,""12"":283,""449"":0,""636"":110136885,""11"":893510181,""238"":0,""14"":2540732448,""387"":""2b3431353533312e363833332d303038343036392e313636372b3030302e3139312f""}"
2026-06-29T19:28:37Z,862272088833183,Codec8E,2026-06-29 19:28:37.000 UTC,1782761317000,0,41.5530383,-8.4069000,191,178,13,21,0,"{""239"":1,""240"":1,""80"":1,""21"":5,""200"":0,""69"":1,""237"":2,""113"":100,""263"":1,""303"":1,""383"":3,""30"":0,""31"":4,""32"":54,""33"":1,""35"":32,""37"":27,""38"":243,""39"":44,""181"":13,""182"":8,""66"":14253,""24"":21,""206"":26,""67"":4051,""68"":0,""13"":72,""17"":32,""18"":-40,""19"":-32,""15"":1000,""13201"":341,""36"":744,""40"":91,""43"":0,""241"":26801,""199"":909,""16"":52062,""12"":283,""449"":0,""636"":110136885,""11"":893510181,""238"":0,""14"":2540732448,""387"":""2b3431353533302e333833332d303038343036392e303030302b3030302e3139312f""}"
2026-06-29T19:28:41Z,862272088833183,Codec8E,2026-06-29 19:28:41.000 UTC,1782761321000,0,41.5529266,-8.4068983,188,190,14,17,0,"{""239"":1,""240"":1,""80"":1,""21"":5,""200"":0,""69"":1,""237"":2,""113"":100,""263"":1,""303"":1,""383"":3,""30"":0,""31"":13,""32"":54,""33"":252,""35"":32,""37"":9,""38"":243,""39"":44,""181"":16,""182"":8,""66"":14276,""24"":17,""206"":26,""67"":4051,""68"":0,""13"":72,""17"":179,""18"":9,""19"":-308,""15"":1000,""13201"":341,""36"":917,""40"":788,""43"":0,""241"":26801,""199"":922,""16"":52075,""12"":283,""449"":0,""636"":110136885,""11"":893510181,""238"":0,""14"":2540732448,""387"":""2b3431353532392e323636372d303038343036382e393833332b3030302e3138382f""}"
2026-06-29T19:28:44Z,862272088833183,Codec8E,2026-06-29 19:28:44.000 UTC,1782761324000,0,41.5528366,-8.4069266,186,205,14,13,0,"{""239"":1,""240"":1,""80"":1,""21"":5,""200"":0,""69"":1,""237"":2,""113"":100,""263"":1,""303"":1,""383"":3,""30"":0,""31"":34,""32"":54,""33"":248,""35"":16,""37"":13,""38"":6,""39"":43,""181"":16,""182"":8,""66"":14285,""24"":13,""206"":26,""67"":4051,""68"":0,""13"":72,""17"":-66,""18"":1,""19"":226,""15"":1000,""13201"":341,""36"":2121,""40"":625,""43"":0,""241"":26801,""199"":932,""16"":52085,""12"":283,""449"":0,""636"":110136885,""11"":893510181,""238"":0,""14"":2540732448,""387"":""2b3431353532382e333636372d303038343036392e323636372b3030302e3138362f""}"
2026-06-29T19:28:47Z,862272088833183,Codec8E,2026-06-29 19:28:47.000 UTC,1782761327000,0,41.5526949,-8.4069966,185,192,15,19,0,"{""239"":1,""240"":1,""80"":1,""21"":5,""200"":0,""69"":1,""237"":2,""113"":100,""263"":1,""303"":1,""383"":3,""30"":0,""31"":34,""32"":54,""33"":248,""35"":16,""37"":13,""38"":6,""39"":43,""181"":14,""182"":7,""66"":14289,""24"":19,""206"":26,""67"":4051,""68"":0,""13"":72,""17"":-22,""18"":-274,""19"":12,""15"":1000,""13201"":342,""36"":2121,""40"":625,""43"":0,""241"":26801,""199"":949,""16"":52102,""12"":283,""449"":0,""636"":110136885,""11"":893510181,""238"":0,""14"":2540732448,""387"":""2b3431353532362e393530302d303038343036392e393636372b3030302e3138352f""}"
2026-06-29T19:28:48Z,862272088833183,Codec8E,2026-06-29 19:28:48.000 UTC,1782761328000,0,41.5526250,-8.4069999,185,181,15,21,0,"{""239"":1,""240"":1,""80"":1,""21"":5,""200"":0,""69"":1,""237"":2,""113"":100,""263"":1,""303"":1,""383"":3,""30"":0,""31"":46,""32"":55,""33"":246,""35"":109,""37"":26,""38"":232,""39"":43,""181"":14,""182"":7,""66"":14284,""24"":21,""206"":26,""67"":4051,""68"":0,""13"":72,""17"":-47,""18"":-371,""19"":-33,""15"":1000,""13201"":342,""36"":3299,""40"":800,""43"":0,""241"":26801,""199"":957,""16"":52110,""12"":283,""449"":0,""636"":110136885,""11"":893510181,""238"":0,""14"":2540732448,""387"":""2b3431353532362e323530302d303038343037302e303030302b3030302e3138352f""}"
2026-06-29T19:28:53Z,862272088833183,Codec8E,2026-06-29 19:28:51.000 UTC,1782761331000,0,41.5524450,-8.4069016,186,153,15,23,0,"{""239"":1,""240"":1,""80"":1,""21"":5,""200"":0,""69"":1,""237"":2,""113"":100,""263"":1,""303"":1,""383"":3,""30"":0,""31"":46,""32"":55,""33"":246,""35"":109,""37"":26,""38"":232,""39"":43,""181"":11,""182"":7,""66"":14288,""24"":23,""206"":26,""67"":4051,""68"":0,""13"":72,""17"":-37,""18"":-331,""19"":-43,""15"":1000,""13201"":342,""36"":3299,""40"":800,""43"":0,""241"":26801,""199"":981,""16"":52134,""12"":283,""449"":0,""636"":110136885,""11"":893510181,""238"":0,""14"":2540732448,""387"":""2b3431353532342e343530302d303038343036392e303136372b3030302e3138362f""}"
2026-06-29T19:28:53Z,862272088833183,Codec8E,2026-06-29 19:28:52.000 UTC,1782761332000,0,41.5524416,-8.4067633,186,102,14,24,0,"{""239"":1,""240"":1,""80"":1,""21"":5,""200"":0,""69"":1,""237"":2,""113"":100,""263"":1,""303"":1,""383"":3,""30"":0,""31"":46,""32"":55,""33"":246,""35"":109,""37"":26,""38"":232,""39"":43,""181"":14,""182"":7,""66"":14295,""24"":24,""206"":26,""67"":4051,""68"":0,""13"":72,""17"":19,""18"":-206,""19"":24,""15"":1000,""13201"":342,""36"":3299,""40"":800,""43"":0,""241"":26801,""199"":992,""16"":52145,""12"":283,""449"":0,""636"":110136885,""11"":893510181,""238"":0,""14"":2540732448,""387"":""2b3431353532342e343136372d303038343036372e363333332b3030302e3138362f""}"
2026-06-29T19:28:53Z,862272088833183,Codec8E,2026-06-29 19:28:53.000 UTC,1782761333000,0,41.5524650,-8.4066383,186,79,14,26,0,"{""239"":1,""240"":1,""80"":1,""21"":5,""200"":0,""69"":1,""237"":2,""113"":100,""263"":1,""303"":1,""383"":3,""30"":0,""31"":18,""32"":55,""33"":251,""35"":69,""37"":31,""38"":225,""39"":43,""181"":14,""182"":7,""66"":14275,""24"":26,""206"":26,""67"":4051,""68"":0,""13"":72,""17"":217,""18"":-59,""19"":-301,""15"":1000,""13201"":342,""36"":3018,""40"":625,""43"":0,""241"":26801,""199"":1003,""16"":52156,""12"":283,""449"":0,""636"":110136885,""11"":893510181,""238"":0,""14"":2540732448,""387"":""2b3431353532342e363530302d303038343036362e333833332b3030302e3138362f""}"
2026-06-29T19:28:55Z,862272088833183,Codec8E,2026-06-29 19:28:55.000 UTC,1782761335000,0,41.5525350,-8.4064533,187,56,14,25,0,"{""239"":1,""240"":1,""80"":1,""21"":5,""200"":0,""69"":1,""237"":2,""113"":100,""263"":1,""303"":1,""383"":3,""30"":0,""31"":18,""32"":55,""33"":251,""35"":69,""37"":31,""38"":225,""39"":43,""181"":11,""182"":7,""66"":14234,""24"":25,""206"":26,""67"":4051,""68"":0,""13"":72,""17"":194,""18"":15,""19"":-258,""15"":1000,""13201"":342,""36"":3018,""40"":625,""43"":0,""241"":26801,""199"":1020,""16"":52173,""12"":283,""449"":0,""636"":110136885,""11"":893510181,""238"":0,""14"":2540732448,""387"":""2b3431353532352e333530302d303038343036342e353333332b3030302e3138372f""}"
2026-06-29T19:28:57Z,862272088833183,Codec8E,2026-06-29 19:28:57.000 UTC,1782761337000,0,41.5525783,-8.4063783,187,43,15,18,0,"{""239"":1,""240"":1,""80"":1,""21"":5,""200"":0,""69"":1,""237"":2,""113"":100,""263"":1,""303"":1,""383"":3,""30"":0,""31"":3,""32"":55,""33"":246,""35"":28,""37"":12,""38"":244,""39"":43,""181"":14,""182"":7,""66"":14232,""24"":18,""206"":26,""67"":4051,""68"":0,""13"":72,""17"":52,""18"":34,""19"":-124,""15"":1000,""13201"":342,""36"":852,""40"":133,""43"":0,""241"":26801,""199"":1028,""16"":52181,""12"":283,""449"":0,""636"":110136885,""11"":893510181,""238"":0,""14"":2540732448,""387"":""2b3431353532352e373833332d303038343036332e373833332b3030302e3138372f""}"
2026-06-29T19:29:00Z,862272088833183,Codec8E,2026-06-29 19:29:00.000 UTC,1782761340000,0,41.5526016,-8.4063550,187,43,15,7,0,"{""239"":1,""240"":1,""80"":1,""21"":5,""200"":0,""69"":1,""237"":2,""113"":100,""263"":1,""303"":1,""383"":3,""30"":0,""31"":3,""32"":55,""33"":246,""35"":28,""37"":12,""38"":244,""39"":43,""181"":11,""182"":7,""66"":14272,""24"":7,""206"":26,""67"":4051,""68"":0,""13"":72,""17"":-101,""18"":8,""19"":160,""15"":1000,""13201"":343,""36"":852,""40"":133,""43"":0,""241"":26801,""199"":1031,""16"":52184,""12"":283,""449"":0,""636"":110136885,""11"":893510181,""238"":0,""14"":2540732448,""387"":""2b3431353532362e303136372d303038343036332e353530302b3030302e3138372f""}"
2026-06-29T19:29:05Z,862272088833183,Codec8E,2026-06-29 19:29:05.000 UTC,1782761345000,0,41.5527549,-8.4061416,188,45,15,18,0,"{""239"":1,""240"":1,""80"":1,""21"":5,""200"":0,""69"":1,""237"":2,""113"":100,""263"":1,""303"":1,""383"":3,""30"":0,""31"":11,""32"":56,""33"":252,""35"":68,""37"":8,""38"":244,""39"":43,""181"":10,""182"":7,""66"":14288,""24"":18,""206"":26,""67"":4051,""68"":0,""13"":72,""17"":-23,""18"":62,""19"":225,""15"":1000,""13201"":343,""36"":1326,""40"":1130,""43"":0,""241"":26801,""199"":1056,""16"":52209,""12"":283,""449"":0,""636"":110136885,""11"":893510181,""238"":0,""14"":2540732448,""387"":""2b3431353532372e353530302d303038343036312e343136372b3030302e3138382f""}"
2026-06-29T19:29:09Z,862272088833183,Codec8E,2026-06-29 19:29:08.000 UTC,1782761348000,0,41.5529550,-8.4058333,190,54,14,30,0,"{""239"":1,""240"":1,""80"":1,""21"":5,""200"":0,""69"":1,""237"":2,""113"":100,""263"":1,""303"":1,""383"":3,""30"":0,""31"":11,""32"":56,""33"":255,""35"":116,""37"":32,""38"":239,""39"":43,""181"":11,""182"":7,""66"":14280,""24"":30,""206"":26,""67"":4051,""68"":0,""13"":72,""17"":-80,""18"":31,""19"":81,""15"":1000,""13201"":344,""36"":2846,""40"":2472,""43"":0,""241"":26801,""199"":1090,""16"":52243,""12"":283,""449"":0,""636"":110136884,""11"":893510181,""238"":0,""14"":2540732448,""387"":""2b3431353532392e353530302d303038343035382e333333332b3030302e3139302f""}"
2026-06-29T19:29:12Z,862272088833183,Codec8E,2026-06-29 19:29:11.000 UTC,1782761351000,0,41.5531416,-8.4053716,188,59,14,40,0,"{""239"":1,""240"":1,""80"":1,""21"":5,""200"":0,""69"":1,""237"":2,""113"":100,""263"":1,""303"":1,""383"":3,""30"":0,""31"":9,""32"":57,""33"":254,""35"":86,""37"":46,""38"":232,""39"":43,""181"":11,""182"":7,""66"":14304,""24"":40,""206"":26,""67"":4051,""68"":0,""13"":72,""17"":262,""18"":-7,""19"":137,""15"":1000,""13201"":344,""36"":3035,""40"":497,""43"":0,""241"":26801,""199"":1134,""16"":52287,""12"":283,""449"":0,""636"":110136884,""11"":893510181,""238"":0,""14"":2540732448,""387"":""2b3431353533312e343136372d303038343035332e373136372b3030302e3138382f""}"
2026-06-29T19:29:16Z,862272088833183,Codec8E,2026-06-29 19:29:16.000 UTC,1782761356000,0,41.5534733,-8.4045616,191,63,15,51,0,"{""239"":1,""240"":1,""80"":1,""21"":5,""200"":0,""69"":1,""237"":2,""113"":100,""263"":1,""303"":1,""383"":3,""30"":0,""31"":32,""32"":57,""33"":239,""35"":109,""37"":54,""38"":237,""39"":43,""181"":10,""182"":7,""66"":14309,""24"":51,""206"":26,""67"":4051,""68"":0,""13"":72,""17"":-77,""18"":-37,""19"":46,""15"":1000,""13201"":344,""36"":3510,""40"":2163,""43"":0,""241"":26801,""199"":1210,""16"":52363,""12"":283,""449"":0,""636"":110136884,""11"":893510181,""238"":0,""14"":2540732448,""387"":""2b3431353533342e373333332d303038343034352e363136372b3030302e3139312f""}"
2026-06-29T19:29:17Z,862272088833183,Codec8E,2026-06-29 19:29:17.000 UTC,1782761357000,0,41.5535400,-8.4043833,191,63,15,54,255,"{""239"":1,""240"":1,""80"":1,""21"":5,""200"":0,""69"":1,""237"":2,""113"":100,""263"":1,""303"":1,""383"":3,""30"":0,""31"":32,""32"":57,""33"":239,""35"":109,""37"":54,""38"":237,""39"":43,""255"":54,""181"":10,""182"":7,""66"":14297,""24"":54,""206"":26,""67"":4051,""68"":0,""13"":72,""17"":62,""18"":19,""19"":-5,""15"":1000,""13201"":344,""36"":3510,""40"":2163,""43"":0,""241"":26801,""199"":1227,""16"":52380,""12"":283,""449"":0,""636"":110136884,""11"":893510181,""238"":0,""14"":2540732448,""387"":""2b3431353533352e343030302d303038343034332e383333332b3030302e3139312f""}"
2026-06-29T19:29:23Z,862272088833183,Codec8E,2026-06-29 19:29:23.000 UTC,1782761363000,0,41.5539766,-8.4032983,190,61,15,59,0,"{""239"":1,""240"":1,""80"":1,""21"":5,""200"":0,""69"":1,""237"":2,""113"":100,""263"":1,""303"":1,""383"":3,""30"":0,""31"":40,""32"":57,""33"":238,""35"":47,""37"":62,""38"":222,""39"":44,""181"":10,""182"":7,""66"":14304,""24"":59,""206"":26,""67"":4051,""68"":0,""13"":72,""17"":14,""18"":-18,""19"":26,""15"":1000,""13201"":345,""36"":3722,""40"":288,""43"":0,""241"":26801,""199"":1330,""16"":52483,""12"":283,""449"":0,""636"":110136884,""11"":893510181,""238"":0,""14"":2540732448,""387"":""2b3431353533392e373636372d303038343033322e393833332b3030302e3139302f""}"
2026-06-29T19:29:31Z,862272088833183,Codec8E,2026-06-29 19:29:29.000 UTC,1782761369000,0,41.5544333,-8.4022000,191,59,14,60,0,"{""239"":1,""240"":1,""80"":1,""21"":5,""200"":0,""69"":1,""237"":2,""113"":100,""263"":1,""303"":1,""383"":3,""30"":0,""31"":26,""32"":58,""33"":251,""35"":61,""37"":62,""38"":234,""39"":44,""181"":11,""182"":8,""66"":14254,""24"":60,""206"":26,""67"":4051,""68"":0,""13"":72,""17"":-17,""18"":61,""19"":-18,""15"":1000,""13201"":345,""36"":3145,""40"":833,""43"":0,""241"":26801,""199"":1434,""16"":52587,""12"":283,""449"":0,""636"":110136884,""11"":893510181,""238"":0,""14"":2540732448,""387"":""2b3431353534342e333333332d303038343032322e303030302b3030302e3139312f""}"
2026-06-29T19:29:37Z,862272088833183,Codec8E,2026-06-29 19:29:36.000 UTC,1782761376000,0,41.5548483,-8.4010866,188,69,14,50,0,"{""239"":1,""240"":1,""80"":1,""21"":5,""200"":0,""69"":1,""237"":2,""113"":100,""263"":1,""303"":1,""383"":3,""30"":0,""31"":4,""32"":58,""33"":0,""35"":17,""37"":55,""38"":223,""39"":45,""181"":10,""182"":7,""66"":14253,""24"":50,""206"":26,""67"":4051,""68"":0,""13"":72,""17"":40,""18"":501,""19"":4,""15"":1000,""13201"":345,""36"":2824,""40"":122,""43"":0,""241"":26801,""199"":1538,""16"":52691,""12"":283,""449"":0,""636"":110136884,""11"":893510181,""238"":0,""14"":2540732448,""387"":""2b3431353534382e343833332d303038343031302e383636372b3030302e3138382f""}"
2026-06-29T19:29:37Z,862272088833183,Codec8E,2026-06-29 19:29:37.000 UTC,1782761377000,0,41.5548766,-8.4009816,189,84,14,44,0,"{""239"":1,""240"":1,""80"":1,""21"":5,""200"":0,""69"":1,""237"":2,""113"":100,""263"":1,""303"":1,""383"":3,""30"":0,""31"":4,""32"":58,""33"":0,""35"":17,""37"":55,""38"":223,""39"":45,""181"":10,""182"":7,""66"":14264,""24"":44,""206"":26,""67"":4051,""68"":0,""13"":72,""17"":-57,""18"":518,""19"":58,""15"":1000,""13201"":345,""36"":2824,""40"":122,""43"":0,""241"":26801,""199"":1547,""16"":52700,""12"":283,""449"":0,""636"":110136884,""11"":893510181,""238"":0,""14"":2540732448,""387"":""2b3431353534382e373636372d303038343030392e383136372b3030302e3138392f""}"
2026-06-29T19:29:37Z,862272088833183,Codec8E,2026-06-29 19:29:37.010 UTC,1782761377010,0,41.5548766,-8.4009816,189,84,14,44,255,"{""239"":1,""240"":1,""80"":1,""21"":5,""200"":0,""69"":1,""237"":2,""113"":100,""263"":1,""303"":1,""383"":3,""30"":0,""31"":4,""32"":58,""33"":0,""35"":17,""37"":55,""38"":223,""39"":45,""255"":44,""181"":10,""182"":7,""66"":14269,""24"":44,""206"":26,""67"":4051,""68"":0,""13"":72,""17"":116,""18"":438,""19"":113,""15"":1000,""13201"":346,""36"":2824,""40"":122,""43"":0,""241"":26801,""199"":1547,""16"":52700,""12"":283,""449"":0,""636"":110136884,""11"":893510181,""238"":0,""14"":2540732448,""387"":""2b3431353534382e373636372d303038343030392e383136372b3030302e3138392f""}"
2026-06-29T19:29:40Z,862272088833183,Codec8E,2026-06-29 19:29:38.000 UTC,1782761378000,0,41.5548416,-8.4009083,188,115,14,39,0,"{""239"":1,""240"":1,""80"":1,""21"":5,""200"":0,""69"":1,""237"":2,""113"":100,""263"":1,""303"":1,""383"":3,""30"":0,""31"":4,""32"":58,""33"":0,""35"":17,""37"":55,""38"":223,""39"":45,""181"":10,""182"":7,""66"":14266,""24"":39,""206"":26,""67"":4051,""68"":0,""13"":72,""17"":3,""18"":169,""19"":79,""15"":1000,""13201"":346,""36"":2824,""40"":122,""43"":0,""241"":26801,""199"":1554,""16"":52707,""12"":283,""449"":0,""636"":110136884,""11"":893510181,""238"":0,""14"":2540732448,""387"":""2b3431353534382e343136372d303038343030392e303833332b3030302e3138382f""}"
2026-06-29T19:29:40Z,862272088833183,Codec8E,2026-06-29 19:29:38.010 UTC,1782761378010,0,41.5548416,-8.4009083,188,115,14,39,253,"{""239"":1,""240"":1,""80"":1,""21"":5,""200"":0,""69"":1,""237"":2,""113"":100,""263"":1,""303"":1,""383"":3,""30"":0,""31"":3,""32"":59,""33"":0,""35"":17,""37"":31,""38"":2,""39"":46,""253"":3,""254"":42,""181"":10,""182"":7,""66"":14262,""24"":39,""206"":26,""67"":4051,""68"":0,""13"":72,""17"":12,""18"":2,""19"":137,""15"":1000,""13201"":346,""36"":1502,""40"":844,""43"":0,""241"":26801,""199"":1554,""16"":52707,""12"":283,""449"":0,""636"":110136884,""11"":893510181,""238"":0,""14"":2540732448,""387"":""2b3431353534382e343136372d303038343030392e303833332b3030302e3138382f""}"
2026-06-29T19:29:40Z,862272088833183,Codec8E,2026-06-29 19:29:39.000 UTC,1782761379000,0,41.5547799,-8.4008433,188,134,14,36,0,"{""239"":1,""240"":1,""80"":1,""21"":5,""200"":0,""69"":1,""237"":2,""113"":100,""263"":1,""303"":1,""383"":3,""30"":0,""31"":3,""32"":59,""33"":0,""35"":17,""37"":31,""38"":2,""39"":46,""181"":10,""182"":7,""66"":14261,""24"":36,""206"":26,""67"":4051,""68"":0,""13"":72,""17"":-6,""18"":62,""19"":163,""15"":1000,""13201"":346,""36"":1502,""40"":844,""43"":0,""241"":26801,""199"":1563,""16"":52716,""12"":283,""449"":0,""636"":110136884,""11"":893510181,""238"":0,""14"":2540732448,""387"":""2b3431353534372e383030302d303038343030382e343333332b3030302e3138382f""}"
2026-06-29T19:29:40Z,862272088833183,Codec8E,2026-06-29 19:29:39.010 UTC,1782761379010,0,41.5547799,-8.4008433,188,134,14,36,253,"{""239"":1,""240"":1,""80"":1,""21"":5,""200"":0,""69"":1,""237"":2,""113"":100,""263"":1,""303"":1,""383"":3,""30"":0,""31"":3,""32"":59,""33"":0,""35"":17,""37"":31,""38"":2,""39"":46,""253"":3,""254"":32,""181"":10,""182"":7,""66"":14260,""24"":36,""206"":26,""67"":4051,""68"":0,""13"":72,""17"":-63,""18"":34,""19"":119,""15"":1000,""13201"":346,""36"":1502,""40"":844,""43"":0,""241"":26801,""199"":1563,""16"":52716,""12"":283,""449"":0,""636"":110136884,""11"":893510181,""238"":0,""14"":2540732448,""387"":""2b3431353534372e383030302d303038343030382e343333332b3030302e3138382f""}"
2026-06-29T19:29:41Z,862272088833183,Codec8E,2026-06-29 19:29:40.000 UTC,1782761380000,0,41.5546933,-8.4008000,188,150,14,35,0,"{""239"":1,""240"":1,""80"":1,""21"":5,""200"":0,""69"":1,""237"":2,""113"":100,""263"":1,""303"":1,""383"":3,""30"":0,""31"":3,""32"":59,""33"":0,""35"":17,""37"":31,""38"":2,""39"":46,""181"":10,""182"":7,""66"":14274,""24"":35,""206"":26,""67"":4051,""68"":0,""13"":72,""17"":-31,""18"":18,""19"":222,""15"":1000,""13201"":346,""36"":1502,""40"":844,""43"":0,""241"":26801,""199"":1573,""16"":52726,""12"":283,""449"":0,""636"":110136884,""11"":893510181,""238"":0,""14"":2540732448,""387"":""2b3431353534362e393333332d303038343030382e303030302b3030302e3138382f""}"
2026-06-29T19:29:50Z,862272088833183,Codec8E,2026-06-29 19:29:49.000 UTC,1782761389000,0,41.5540300,-8.4003616,187,148,15,25,0,"{""239"":1,""240"":1,""80"":1,""21"":5,""200"":0,""69"":1,""237"":2,""113"":100,""263"":1,""303"":1,""383"":3,""30"":0,""31"":4,""32"":59,""33"":0,""35"":17,""37"":25,""38"":243,""39"":45,""181"":13,""182"":7,""66"":14273,""24"":25,""206"":26,""67"":4051,""68"":0,""13"":72,""17"":10,""18"":45,""19"":-68,""15"":1000,""13201"":346,""36"":1000,""40"":127,""43"":0,""241"":26801,""199"":1656,""16"":52809,""12"":283,""449"":0,""636"":110136884,""11"":893510181,""238"":0,""14"":2540732448,""387"":""2b3431353534302e333030302d303038343030332e363136372b3030302e3138372f""}"
2026-06-29T19:30:02Z,862272088833183,Codec8E,2026-06-29 19:30:01.000 UTC,1782761401000,0,41.5535600,-8.4000716,189,159,15,22,0,"{""239"":1,""240"":1,""80"":1,""21"":5,""200"":0,""69"":1,""237"":2,""113"":100,""263"":1,""303"":1,""383"":3,""30"":0,""31"":30,""32"":59,""33"":253,""35"":72,""37"":25,""38"":237,""39"":44,""181"":13,""182"":7,""66"":14297,""24"":22,""206"":26,""67"":4051,""68"":0,""13"":72,""17"":101,""18"":46,""19"":-6,""15"":1000,""13201"":347,""36"":2326,""40"":125,""43"":0,""241"":26801,""199"":1714,""16"":52867,""12"":283,""449"":0,""636"":110136883,""11"":893510181,""238"":0,""14"":2540732448,""387"":""2b3431353533352e363030302d303038343030302e373136372b3030302e3138392f""}"
2026-06-29T19:30:05Z,862272088833183,Codec8E,2026-06-29 19:30:05.000 UTC,1782761405000,0,41.5532833,-8.3999633,190,171,15,27,0,"{""239"":1,""240"":1,""80"":1,""21"":5,""200"":0,""69"":1,""237"":2,""113"":100,""263"":1,""303"":1,""383"":3,""30"":0,""31"":30,""32"":59,""33"":253,""35"":72,""37"":25,""38"":237,""39"":44,""181"":13,""182"":7,""66"":14298,""24"":27,""206"":26,""67"":4051,""68"":0,""13"":72,""17"":109,""18"":53,""19"":119,""15"":1000,""13201"":347,""36"":2326,""40"":125,""43"":0,""241"":26801,""199"":1746,""16"":52899,""12"":283,""449"":0,""636"":110377524,""11"":893510181,""238"":0,""14"":2540732448,""387"":""2b3431353533322e383333332d303038333939392e363333332b3030302e3139302f""}"
2026-06-29T19:30:09Z,862272088833183,Codec8E,2026-06-29 19:30:08.000 UTC,1782761408000,0,41.5529300,-8.3998933,190,154,13,33,253,"{""239"":1,""240"":1,""80"":1,""21"":5,""200"":0,""69"":1,""237"":2,""113"":100,""263"":1,""303"":1,""383"":3,""30"":0,""31"":15,""32"":59,""33"":0,""35"":88,""37"":30,""38"":240,""39"":45,""253"":3,""254"":34,""181"":14,""182"":7,""66"":14298,""24"":33,""206"":26,""67"":4051,""68"":0,""13"":72,""17"":34,""18"":-286,""19"":21,""15"":1000,""13201"":347,""36"":1964,""40"":866,""43"":0,""241"":26801,""199"":1786,""16"":52939,""12"":283,""449"":0,""636"":110377524,""11"":893510181,""238"":0,""14"":2540732448,""387"":""2b3431353532392e333030302d303038333939382e393333332b3030302e3139302f""}"
2026-06-29T19:30:10Z,862272088833183,Codec8E,2026-06-29 19:30:10.000 UTC,1782761410000,0,41.5528550,-8.3998250,189,142,13,33,0,"{""239"":1,""240"":1,""80"":1,""21"":5,""200"":0,""69"":1,""237"":2,""113"":100,""263"":1,""303"":1,""383"":3,""30"":0,""31"":15,""32"":59,""33"":0,""35"":88,""37"":30,""38"":240,""39"":45,""181"":16,""182"":8,""66"":14295,""24"":33,""206"":26,""67"":4051,""68"":0,""13"":72,""17"":139,""18"":-328,""19"":98,""15"":1000,""13201"":347,""36"":1964,""40"":866,""43"":0,""241"":26801,""199"":1796,""16"":52949,""12"":283,""449"":0,""636"":110377524,""11"":893510181,""238"":0,""14"":2540732448,""387"":""2b3431353532382e353530302d303038333939382e323530302b3030302e3138392f""}"
2026-06-29T19:30:11Z,862272088833183,Codec8E,2026-06-29 19:30:11.000 UTC,1782761411000,0,41.5527966,-8.3997400,189,128,13,32,0,"{""239"":1,""240"":1,""80"":1,""21"":5,""200"":0,""69"":1,""237"":2,""113"":100,""263"":1,""303"":1,""383"":3,""30"":0,""31"":32,""32"":60,""33"":0,""35"":24,""37"":34,""38"":240,""39"":45,""181"":12,""182"":8,""66"":14288,""24"":32,""206"":26,""67"":4051,""68"":0,""13"":72,""17"":-24,""18"":-354,""19"":68,""15"":1000,""13201"":347,""36"":1802,""40"":441,""43"":0,""241"":26801,""199"":1805,""16"":52958,""12"":283,""449"":0,""636"":110377524,""11"":893510181,""238"":0,""14"":2540732448,""387"":""2b3431353532372e393636372d303038333939372e343030302b3030302e3138392f""}"
2026-06-29T19:30:11Z,862272088833183,Codec8E,2026-06-29 19:30:11.010 UTC,1782761411010,0,41.5527600,-8.3996350,189,120,13,32,253,"{""239"":1,""240"":1,""80"":1,""21"":5,""200"":0,""69"":1,""237"":2,""113"":100,""263"":1,""303"":1,""383"":3,""30"":0,""31"":32,""32"":60,""33"":0,""35"":24,""37"":34,""38"":240,""39"":45,""253"":3,""254"":33,""181"":11,""182"":8,""66"":14287,""24"":32,""206"":26,""67"":4051,""68"":0,""13"":72,""17"":27,""18"":-355,""19"":99,""15"":1000,""13201"":348,""36"":1802,""40"":441,""43"":0,""241"":26801,""199"":1815,""16"":52968,""12"":283,""449"":0,""636"":110377524,""11"":893510181,""238"":0,""14"":2540732448,""387"":""2b3431353532372e393636372d303038333939372e343030302b3030302e3138392f""}"
2026-06-29T19:30:13Z,862272088833183,Codec8E,2026-06-29 19:30:13.000 UTC,1782761413000,0,41.5527499,-8.3995133,188,103,13,32,0,"{""239"":1,""240"":1,""80"":1,""21"":5,""200"":0,""69"":1,""237"":2,""113"":100,""263"":1,""303"":1,""383"":3,""30"":0,""31"":32,""32"":60,""33"":0,""35"":24,""37"":34,""38"":240,""39"":45,""181"":16,""182"":8,""66"":14282,""24"":32,""206"":26,""67"":4051,""68"":0,""13"":72,""17"":-5,""18"":-209,""19"":197,""15"":1000,""13201"":348,""36"":1802,""40"":441,""43"":0,""241"":26801,""199"":1825,""16"":52978,""12"":283,""449"":0,""636"":110377524,""11"":893510181,""238"":0,""14"":2540732448,""387"":""2b3431353532372e353030302d303038333939352e313333332b3030302e3138382f""}"
2026-06-29T19:30:13Z,862272088833183,Codec8E,2026-06-29 19:30:13.010 UTC,1782761413010,0,41.5527650,-8.3993883,187,90,13,32,253,"{""239"":1,""240"":1,""80"":1,""21"":5,""200"":0,""69"":1,""237"":2,""113"":100,""263"":1,""303"":1,""383"":3,""30"":0,""31"":32,""32"":60,""33"":0,""35"":24,""37"":34,""38"":240,""39"":45,""253"":3,""254"":49,""181"":16,""182"":8,""66"":14280,""24"":32,""206"":26,""67"":4051,""68"":0,""13"":72,""17"":15,""18"":-4,""19"":201,""15"":1000,""13201"":348,""36"":1802,""40"":441,""43"":0,""241"":26801,""199"":1836,""16"":52989,""12"":283,""449"":0,""636"":110377524,""11"":893510181,""238"":0,""14"":2540732448,""387"":""2b3431353532372e353030302d303038333939352e313333332b3030302e3138382f""}"
2026-06-29T19:30:14Z,862272088833183,Codec8E,2026-06-29 19:30:14.000 UTC,1782761414000,0,41.5528366,-8.3992416,188,69,13,34,253,"{""239"":1,""240"":1,""80"":1,""21"":5,""200"":0,""69"":1,""237"":2,""113"":100,""263"":1,""303"":1,""383"":3,""30"":0,""31"":32,""32"":60,""33"":0,""35"":24,""37"":34,""38"":240,""39"":45,""253"":3,""254"":40,""181"":12,""182"":8,""66"":14281,""24"":34,""206"":26,""67"":4051,""68"":0,""13"":72,""17"":-56,""18"":60,""19"":108,""15"":1000,""13201"":348,""36"":1802,""40"":441,""43"":0,""241"":26801,""199"":1850,""16"":53003,""12"":283,""449"":0,""636"":110377524,""11"":893510181,""238"":0,""14"":2540732448,""387"":""2b3431353532382e333636372d303038333939322e343136372b3030302e3138382f""}"
2026-06-29T19:30:18Z,862272088833183,Codec8E,2026-06-29 19:30:18.000 UTC,1782761418000,0,41.5529566,-8.3987300,188,72,14,44,0,"{""239"":1,""240"":1,""80"":1,""21"":5,""200"":0,""69"":1,""237"":2,""113"":100,""263"":1,""303"":1,""383"":3,""30"":0,""31"":25,""32"":60,""33"":0,""35"":101,""37"":37,""38"":242,""39"":45,""181"":14,""182"":7,""66"":14311,""24"":44,""206"":26,""67"":4051,""68"":0,""13"":72,""17"":-10,""18"":118,""19"":72,""15"":1000,""13201"":348,""36"":1893,""40"":1566,""43"":0,""241"":26801,""199"":1895,""16"":53048,""12"":283,""449"":0,""636"":110377524,""11"":893510181,""238"":0,""14"":2540732448,""387"":""2b3431353532392e353636372d303038333938372e333030302b3030302e3138382f""}"
2026-06-29T19:30:21Z,862272088833183,Codec8E,2026-06-29 19:30:21.000 UTC,1782761421000,0,41.5530366,-8.3982066,189,82,14,50,0,"{""239"":1,""240"":1,""80"":1,""21"":5,""200"":0,""69"":1,""237"":2,""113"":100,""263"":1,""303"":1,""383"":3,""30"":0,""31"":60,""32"":60,""33"":253,""35"":131,""37"":51,""38"":240,""39"":45,""181"":10,""182"":7,""66"":14294,""24"":50,""206"":26,""67"":4051,""68"":0,""13"":72,""17"":85,""18"":48,""19"":-129,""15"":1000,""13201"":349,""36"":2598,""40"":1100,""43"":0,""241"":26801,""199"":1939,""16"":53092,""12"":283,""449"":0,""636"":110159923,""11"":893510181,""238"":0,""14"":2540732448,""387"":""2b3431353533302e333636372d303038333938322e303636372b3030302e3138392f""}"
2026-06-29T19:30:26Z,862272088833183,Codec8E,2026-06-29 19:30:26.000 UTC,1782761426000,0,41.5530950,-8.3975349,194,86,14,40,0,"{""239"":1,""240"":1,""80"":1,""21"":5,""200"":0,""69"":1,""237"":2,""113"":100,""263"":1,""303"":1,""383"":3,""30"":0,""31"":7,""32"":61,""33"":0,""35"":16,""37"":44,""38"":237,""39"":45,""181"":13,""182"":8,""66"":14246,""24"":40,""206"":26,""67"":4051,""68"":0,""13"":72,""17"":205,""18"":-78,""19"":-280,""15"":1000,""13201"":349,""36"":1669,""40"":83,""43"":0,""241"":26801,""199"":1996,""16"":53149,""12"":283,""449"":0,""636"":110590005,""11"":893510181,""238"":0,""14"":2540732448,""387"":""2b3431353533302e393530302d303038333937352e333530302b3030302e3139342f""}"
2026-06-29T19:30:29Z,862272088833183,Codec8E,2026-06-29 19:30:29.000 UTC,1782761429000,0,41.5530966,-8.3973483,194,92,13,26,0,"{""239"":1,""240"":1,""80"":1,""21"":5,""200"":0,""69"":1,""237"":2,""113"":100,""263"":1,""303"":1,""383"":3,""30"":0,""31"":4,""32"":61,""33"":252,""35"":27,""37"":18,""38"":249,""39"":45,""181"":17,""182"":9,""66"":14277,""24"":26,""206"":26,""67"":4051,""68"":0,""13"":72,""17"":-20,""18"":32,""19"":-11,""15"":285,""13201"":349,""36"":701,""40"":122,""43"":0,""241"":26801,""199"":2012,""16"":53165,""12"":283,""449"":0,""636"":110590005,""11"":893510181,""238"":0,""14"":2540732448,""387"":""2b3431353533302e393636372d303038333937332e343833332b3030302e3139342f""}"
2026-06-29T19:30:33Z,862272088833183,Codec8E,2026-06-29 19:30:33.000 UTC,1782761433000,0,41.5531333,-8.3971833,195,82,13,19,0,"{""239"":1,""240"":1,""80"":1,""21"":5,""200"":0,""69"":1,""237"":2,""113"":100,""263"":1,""303"":1,""383"":3,""30"":0,""31"":4,""32"":61,""33"":252,""35"":27,""37"":18,""38"":249,""39"":45,""181"":12,""182"":8,""66"":14280,""24"":19,""206"":26,""67"":4051,""68"":0,""13"":72,""17"":0,""18"":81,""19"":-3,""15"":285,""13201"":349,""36"":701,""40"":122,""43"":0,""241"":26801,""199"":2026,""16"":53179,""12"":283,""449"":0,""636"":110590005,""11"":893510181,""238"":0,""14"":2540732448,""387"":""2b3431353533312e333333332d303038333937312e383333332b3030302e3139352f""}"
2026-06-29T19:30:37Z,862272088833183,Codec8E,2026-06-29 19:30:37.000 UTC,1782761437000,0,41.5531633,-8.3967000,195,81,12,31,0,"{""239"":1,""240"":1,""80"":1,""21"":5,""200"":0,""69"":1,""237"":2,""113"":100,""263"":1,""303"":1,""383"":3,""30"":0,""31"":3,""32"":61,""33"":1,""35"":113,""37"":20,""38"":239,""39"":46,""181"":17,""182"":10,""66"":14276,""24"":31,""206"":26,""67"":4051,""68"":0,""13"":72,""17"":127,""18"":-30,""19"":36,""15"":285,""13201"":350,""36"":2535,""40"":2836,""43"":0,""241"":26801,""199"":2066,""16"":53219,""12"":283,""449"":0,""636"":110590005,""11"":893510181,""238"":0,""14"":2540732448,""387"":""2b3431353533312e363333332d303038333936372e303030302b3030302e3139352f""}"
2026-06-29T19:30:43Z,862272088833183,Codec8E,2026-06-29 19:30:43.000 UTC,1782761443000,0,41.5531833,-8.3959416,196,91,12,33,0,"{""239"":1,""240"":1,""80"":1,""21"":5,""200"":0,""69"":1,""237"":2,""113"":100,""263"":1,""303"":1,""383"":3,""30"":0,""31"":3,""32"":61,""33"":0,""35"":16,""37"":32,""38"":246,""39"":47,""181"":12,""182"":8,""66"":14309,""24"":33,""206"":26,""67"":4051,""68"":0,""13"":72,""17"":5,""18"":2,""19"":-37,""15"":285,""13201"":350,""36"":2219,""40"":350,""43"":0,""241"":26801,""199"":2130,""16"":53283,""12"":283,""449"":0,""636"":110344243,""11"":893510181,""238"":0,""14"":2540732448,""387"":""2b3431353533312e383333332d303038333935392e343136372b3030302e3139362f""}"
2026-06-29T19:30:49Z,862272088833183,Codec8E,2026-06-29 19:30:49.000 UTC,1782761449000,0,41.5531466,-8.3955333,202,103,14,20,0,"{""239"":1,""240"":1,""80"":1,""21"":5,""200"":0,""69"":1,""237"":2,""113"":100,""263"":1,""303"":1,""383"":3,""30"":0,""31"":5,""32"":62,""33"":0,""35"":30,""37"":22,""38"":251,""39"":46,""181"":13,""182"":7,""66"":14259,""24"":20,""206"":26,""67"":4051,""68"":0,""13"":72,""17"":-130,""18"":52,""19"":299,""15"":285,""13201"":351,""36"":1558,""40"":69,""43"":0,""241"":26801,""199"":2164,""16"":53317,""12"":283,""449"":0,""636"":110344243,""11"":893510181,""238"":0,""14"":2540732448,""387"":""2b3431353533312e343636372d303038333935352e333333332b3030302e3230322f""}"
2026-06-29T19:30:51Z,862272088833183,Codec8E,2026-06-29 19:30:51.000 UTC,1782761451000,0,41.5531150,-8.3954683,203,118,14,17,0,"{""239"":1,""240"":1,""80"":1,""21"":5,""200"":0,""69"":1,""237"":2,""113"":100,""263"":1,""303"":1,""383"":3,""30"":0,""31"":5,""32"":62,""33"":0,""35"":30,""37"":22,""38"":251,""39"":46,""181"":13,""182"":7,""66"":14297,""24"":17,""206"":26,""67"":4051,""68"":0,""13"":72,""17"":-22,""18"":57,""19"":269,""15"":285,""13201"":351,""36"":1558,""40"":69,""43"":0,""241"":26801,""199"":2171,""16"":53324,""12"":283,""449"":0,""636"":110344243,""11"":893510181,""238"":0,""14"":2540732448,""387"":""2b3431353533312e313530302d303038333935342e363833332b3030302e3230332f""}"
2026-06-29T19:30:54Z,862272088833183,Codec8E,2026-06-29 19:30:54.000 UTC,1782761454000,0,41.5530266,-8.3952783,204,104,13,21,0,"{""239"":1,""240"":1,""80"":1,""21"":5,""200"":0,""69"":1,""237"":2,""113"":100,""263"":1,""303"":1,""383"":3,""30"":0,""31"":12,""32"":62,""33"":1,""35"":93,""37"":10,""38"":242,""39"":47,""181"":16,""182"":8,""66"":14284,""24"":21,""206"":26,""67"":4051,""68"":0,""13"":72,""17"":-55,""18"":-382,""19"":48,""15"":285,""13201"":351,""36"":1962,""40"":1594,""43"":0,""241"":26801,""199"":2189,""16"":53342,""12"":283,""449"":0,""636"":110344243,""11"":893510181,""238"":0,""14"":2540732448,""387"":""2b3431353533302e323636372d303038333935322e373833332b3030302e3230342f""}"
2026-06-29T19:30:55Z,862272088833183,Codec8E,2026-06-29 19:30:55.000 UTC,1782761455000,0,41.5530199,-8.3952016,204,93,13,22,0,"{""239"":1,""240"":1,""80"":1,""21"":5,""200"":0,""69"":1,""237"":2,""113"":100,""263"":1,""303"":1,""383"":3,""30"":0,""31"":12,""32"":62,""33"":1,""35"":93,""37"":10,""38"":242,""39"":47,""181"":12,""182"":8,""66"":14280,""24"":22,""206"":26,""67"":4051,""68"":0,""13"":72,""17"":9,""18"":-461,""19"":48,""15"":285,""13201"":351,""36"":1962,""40"":1594,""43"":0,""241"":26801,""199"":2196,""16"":53349,""12"":283,""449"":0,""636"":110344243,""11"":893510181,""238"":0,""14"":2540732448,""387"":""2b3431353533302e323030302d303038333935322e303136372b3030302e3230342f""}"
2026-06-29T19:30:56Z,862272088833183,Codec8E,2026-06-29 19:30:56.000 UTC,1782761456000,0,41.5530316,-8.3951216,205,81,14,22,0,"{""239"":1,""240"":1,""80"":1,""21"":5,""200"":0,""69"":1,""237"":2,""113"":100,""263"":1,""303"":1,""383"":3,""30"":0,""31"":4,""32"":62,""33"":255,""35"":82,""37"":22,""38"":238,""39"":47,""181"":13,""182"":7,""66"":14288,""24"":22,""206"":26,""67"":4051,""68"":0,""13"":72,""17"":-75,""18"":-294,""19"":104,""15"":285,""13201"":351,""36"":2157,""40"":933,""43"":0,""241"":26801,""199"":2203,""16"":53356,""12"":283,""449"":0,""636"":110590005,""11"":893510181,""238"":0,""14"":2540732448,""387"":""2b3431353533302e333136372d303038333935312e323136372b3030302e3230352f""}"
2026-06-29T19:30:57Z,862272088833183,Codec8E,2026-06-29 19:30:57.000 UTC,1782761457000,0,41.5531066,-8.3951000,205,17,14,22,0,"{""239"":1,""240"":1,""80"":1,""21"":5,""200"":0,""69"":1,""237"":2,""113"":100,""263"":1,""303"":1,""383"":3,""30"":0,""31"":4,""32"":62,""33"":255,""35"":82,""37"":22,""38"":238,""39"":47,""181"":13,""182"":7,""66"":14273,""24"":22,""206"":26,""67"":4051,""68"":0,""13"":72,""17"":-69,""18"":91,""19"":71,""15"":285,""13201"":351,""36"":2157,""40"":933,""43"":0,""241"":26801,""199"":2211,""16"":53364,""12"":283,""449"":0,""636"":110136883,""11"":893510181,""238"":0,""14"":2540732448,""387"":""2b3431353533312e303636372d303038333935312e303030302b3030302e3230352f""}"
2026-06-29T19:30:58Z,862272088833183,Codec8E,2026-06-29 19:30:58.000 UTC,1782761458000,0,41.5531899,-8.3951066,205,356,14,23,0,"{""239"":1,""240"":1,""80"":1,""21"":5,""200"":0,""69"":1,""237"":2,""113"":100,""263"":1,""303"":1,""383"":3,""30"":0,""31"":4,""32"":62,""33"":255,""35"":82,""37"":22,""38"":238,""39"":47,""181"":13,""182"":7,""66"":14282,""24"":23,""206"":26,""67"":4051,""68"":0,""13"":72,""17"":66,""18"":159,""19"":20,""15"":285,""13201"":351,""36"":2157,""40"":933,""43"":0,""241"":26801,""199"":2220,""16"":53373,""12"":283,""449"":0,""636"":110136884,""11"":893510181,""238"":0,""14"":2540732448,""387"":""2b3431353533312e393030302d303038333935312e303636372b3030302e3230352f""}"
2026-06-29T19:31:01Z,862272088833183,Codec8E,2026-06-29 19:31:01.000 UTC,1782761461000,0,41.5535166,-8.3951216,207,4,13,33,0,"{""239"":1,""240"":1,""80"":1,""21"":5,""200"":0,""69"":1,""237"":2,""113"":100,""263"":1,""303"":1,""383"":3,""30"":0,""31"":40,""32"":63,""33"":249,""35"":93,""37"":38,""38"":237,""39"":47,""181"":11,""182"":8,""66"":14304,""24"":33,""206"":26,""67"":4051,""68"":0,""13"":72,""17"":-7,""18"":57,""19"":-10,""15"":285,""13201"":351,""36"":3335,""40"":1666,""43"":0,""241"":26801,""199"":2257,""16"":53410,""12"":283,""449"":0,""636"":110136884,""11"":893510181,""238"":0,""14"":2540732448,""387"":""2b3431353533352e313636372d303038333935312e323136372b3030302e3230372f""}"
2026-06-29T19:31:08Z,862272088833183,Codec8E,2026-06-29 19:31:08.000 UTC,1782761468000,0,41.5542699,-8.3949416,206,15,13,38,0,"{""239"":1,""240"":1,""80"":1,""21"":5,""200"":0,""69"":1,""237"":2,""113"":100,""263"":1,""303"":1,""383"":3,""30"":0,""31"":15,""32"":63,""33"":0,""35"":17,""37"":45,""38"":222,""39"":47,""181"":11,""182"":8,""66"":14283,""24"":38,""206"":26,""67"":4051,""68"":0,""13"":72,""17"":157,""18"":466,""19"":-64,""15"":285,""13201"":351,""36"":3010,""40"":150,""43"":0,""241"":26801,""199"":2343,""16"":53496,""12"":283,""449"":0,""636"":110590005,""11"":893510181,""238"":0,""14"":2540732448,""387"":""2b3431353534322e373030302d303038333934392e343136372b3030302e3230362f""}"
2026-06-29T19:31:09Z,862272088833183,Codec8E,2026-06-29 19:31:09.000 UTC,1782761469000,0,41.5543433,-8.3949233,206,32,13,35,0,"{""239"":1,""240"":1,""80"":1,""21"":5,""200"":0,""69"":1,""237"":2,""113"":100,""263"":1,""303"":1,""383"":3,""30"":0,""31"":15,""32"":63,""33"":0,""35"":17,""37"":45,""38"":222,""39"":47,""181"":11,""182"":8,""66"":14284,""24"":35,""206"":26,""67"":4051,""68"":0,""13"":72,""17"":26,""18"":395,""19"":49,""15"":285,""13201"":351,""36"":3010,""40"":150,""43"":0,""241"":26801,""199"":2351,""16"":53504,""12"":283,""449"":0,""636"":110590005,""11"":893510181,""238"":0,""14"":2540732448,""387"":""2b3431353534332e343333332d303038333934392e323333332b3030302e3230362f""}"
2026-06-29T19:31:10Z,862272088833183,Codec8E,2026-06-29 19:31:10.000 UTC,1782761470000,0,41.5543983,-8.3948616,206,44,13,34,0,"{""239"":1,""240"":1,""80"":1,""21"":5,""200"":0,""69"":1,""237"":2,""113"":100,""263"":1,""303"":1,""383"":3,""30"":0,""31"":3,""32"":63,""33"":0,""35"":16,""37"":27,""38"":234,""39"":48,""181"":15,""182"":8,""66"":14272,""24"":34,""206"":26,""67"":4051,""68"":0,""13"":72,""17"":-55,""18"":205,""19"":46,""15"":285,""13201"":351,""36"":1887,""40"":650,""43"":0,""241"":26801,""199"":2359,""16"":53512,""12"":283,""449"":0,""636"":110590005,""11"":893510181,""238"":0,""14"":2540732448,""387"":""2b3431353534332e393833332d303038333934382e363136372b3030302e3230362f""}"
2026-06-29T19:31:11Z,862272088833183,Codec8E,2026-06-29 19:31:11.000 UTC,1782761471000,0,41.5544333,-8.3946849,206,72,12,32,253,"{""239"":1,""240"":1,""80"":1,""21"":5,""200"":0,""69"":1,""237"":2,""113"":100,""263"":1,""303"":1,""383"":3,""30"":0,""31"":3,""32"":63,""33"":0,""35"":16,""37"":27,""38"":234,""39"":48,""253"":3,""254"":30,""181"":16,""182"":9,""66"":14277,""24"":32,""206"":26,""67"":4051,""68"":0,""13"":72,""17"":-11,""18"":236,""19"":-16,""15"":285,""13201"":351,""36"":1887,""40"":650,""43"":0,""241"":26801,""199"":2375,""16"":53528,""12"":283,""449"":0,""636"":110590005,""11"":893510181,""238"":0,""14"":2540732448,""387"":""2b3431353534342e333333332d303038333934362e383530302b3030302e3230362f""}"
2026-06-29T19:31:13Z,862272088833183,Codec8E,2026-06-29 19:31:13.000 UTC,1782761473000,0,41.5544150,-8.3945866,206,88,11,30,0,"{""239"":1,""240"":1,""80"":1,""21"":5,""200"":0,""69"":1,""237"":2,""113"":100,""263"":1,""303"":1,""383"":3,""30"":0,""31"":3,""32"":63,""33"":0,""35"":16,""37"":27,""38"":234,""39"":48,""181"":13,""182"":10,""66"":14283,""24"":30,""206"":26,""67"":4051,""68"":0,""13"":72,""17"":-5,""18"":398,""19"":-34,""15"":285,""13201"":352,""36"":1887,""40"":650,""43"":0,""241"":26801,""199"":2383,""16"":53536,""12"":283,""449"":0,""636"":110162484,""11"":893510181,""238"":0,""14"":2540732448,""387"":""2b3431353534342e313530302d303038333934352e383636372b3030302e3230362f""}"
2026-06-29T19:31:14Z,862272088833183,Codec8E,2026-06-29 19:31:14.000 UTC,1782761474000,0,41.5543566,-8.3945116,206,102,13,28,0,"{""239"":1,""240"":1,""80"":1,""21"":5,""200"":0,""69"":1,""237"":2,""113"":100,""263"":1,""303"":1,""383"":3,""30"":0,""31"":3,""32"":63,""33"":0,""35"":16,""37"":27,""38"":234,""39"":48,""181"":16,""182"":8,""66"":14288,""24"":28,""206"":26,""67"":4051,""68"":0,""13"":72,""17"":42,""18"":410,""19"":86,""15"":285,""13201"":352,""36"":1887,""40"":650,""43"":0,""241"":26801,""199"":2392,""16"":53545,""12"":283,""449"":0,""636"":110162484,""11"":893510181,""238"":0,""14"":2540732448,""387"":""2b3431353534332e353636372d303038333934352e313136372b3030302e3230362f""}"
2026-06-29T19:31:15Z,862272088833183,Codec8E,2026-06-29 19:31:15.000 UTC,1782761475000,0,41.5543083,-8.3944549,207,122,12,26,0,"{""239"":1,""240"":1,""80"":1,""21"":5,""200"":0,""69"":1,""237"":2,""113"":100,""263"":1,""303"":1,""383"":3,""30"":0,""31"":3,""32"":63,""33"":0,""35"":16,""37"":27,""38"":234,""39"":48,""181"":12,""182"":9,""66"":14276,""24"":26,""206"":26,""67"":4051,""68"":0,""13"":72,""17"":35,""18"":321,""19"":-59,""15"":285,""13201"":352,""36"":1887,""40"":650,""43"":0,""241"":26801,""199"":2400,""16"":53553,""12"":283,""449"":0,""636"":110162484,""11"":893510181,""238"":0,""14"":2540732448,""387"":""2b3431353534332e303833332d303038333934342e353530302b3030302e3230372f""}"
2026-06-29T19:31:16Z,862272088833183,Codec8E,2026-06-29 19:31:16.000 UTC,1782761476000,0,41.5542433,-8.3944333,206,147,13,25,0,"{""239"":1,""240"":1,""80"":1,""21"":5,""200"":0,""69"":1,""237"":2,""113"":100,""263"":1,""303"":1,""383"":3,""30"":0,""31"":45,""32"":63,""33"":253,""35"":33,""37"":25,""38"":238,""39"":47,""181"":16,""182"":8,""66"":14260,""24"":25,""206"":26,""67"":4051,""68"":0,""13"":72,""17"":253,""18"":-42,""19"":20,""15"":285,""13201"":352,""36"":1721,""40"":583,""43"":0,""241"":26801,""199"":2407,""16"":53560,""12"":283,""449"":0,""636"":110590005,""11"":893510181,""238"":0,""14"":2540732448,""387"":""2b3431353534322e343333332d303038333934342e333333332b3030302e3230362f""}"
2026-06-29T19:31:17Z,862272088833183,Codec8E,2026-06-29 19:31:17.000 UTC,1782761477000,0,41.5541883,-8.3944249,206,161,14,24,0,"{""239"":1,""240"":1,""80"":1,""21"":5,""200"":0,""69"":1,""237"":2,""113"":100,""263"":1,""303"":1,""383"":3,""30"":0,""31"":45,""32"":63,""33"":253,""35"":33,""37"":25,""38"":238,""39"":47,""181"":14,""182"":7,""66"":14292,""24"":24,""206"":26,""67"":4051,""68"":0,""13"":72,""17"":36,""18"":-14,""19"":-31,""15"":285,""13201"":352,""36"":1721,""40"":583,""43"":0,""241"":26801,""199"":2413,""16"":53566,""12"":283,""449"":0,""636"":110590005,""11"":893510181,""238"":0,""14"":2540732448,""387"":""2b3431353534312e383833332d303038333934342e323530302b3030302e3230362f""}"
2026-06-29T19:31:19Z,862272088833183,Codec8E,2026-06-29 19:31:19.000 UTC,1782761479000,0,41.5540833,-8.3944266,207,178,13,21,0,"{""239"":1,""240"":1,""80"":1,""21"":5,""200"":0,""69"":1,""237"":2,""113"":100,""263"":1,""303"":1,""383"":3,""30"":0,""31"":45,""32"":63,""33"":253,""35"":33,""37"":25,""38"":238,""39"":47,""181"":11,""182"":8,""66"":14294,""24"":21,""206"":26,""67"":4051,""68"":0,""13"":72,""17"":11,""18"":133,""19"":240,""15"":285,""13201"":353,""36"":1721,""40"":583,""43"":0,""241"":26801,""199"":2425,""16"":53578,""12"":283,""449"":0,""636"":110162484,""11"":893510181,""238"":0,""14"":2540732448,""387"":""2b3431353534302e383333332d303038333934342e323636372b3030302e3230372f""}"
2026-06-29T19:31:29Z,862272088833183,Codec8E,2026-06-29 19:31:28.000 UTC,1782761488000,0,41.5535450,-8.3944850,210,162,13,24,0,"{""239"":1,""240"":1,""80"":1,""21"":5,""200"":0,""69"":1,""237"":2,""113"":100,""263"":1,""303"":1,""383"":3,""30"":0,""31"":30,""32"":63,""33"":0,""35"":71,""37"":24,""38"":240,""39"":47,""181"":16,""182"":8,""66"":14307,""24"":24,""206"":26,""67"":4051,""68"":0,""13"":72,""17"":-75,""18"":-245,""19"":114,""15"":285,""13201"":353,""36"":2131,""40"":986,""43"":0,""241"":26801,""199"":2486,""16"":53639,""12"":283,""449"":0,""636"":110162484,""11"":893510181,""238"":0,""14"":2540732448,""387"":""2b3431353533352e343530302d303038333934342e383530302b3030302e3231302f""}"
2026-06-29T19:31:29Z,862272088833183,Codec8E,2026-06-29 19:31:29.000 UTC,1782761489000,0,41.5534899,-8.3944533,211,150,13,23,0,"{""239"":1,""240"":1,""80"":1,""21"":5,""200"":0,""69"":1,""237"":2,""113"":100,""263"":1,""303"":1,""383"":3,""30"":0,""31"":30,""32"":63,""33"":0,""35"":71,""37"":24,""38"":240,""39"":47,""181"":12,""182"":8,""66"":14288,""24"":23,""206"":26,""67"":4051,""68"":0,""13"":72,""17"":-64,""18"":-53,""19"":221,""15"":285,""13201"":353,""36"":2131,""40"":986,""43"":0,""241"":26801,""199"":2492,""16"":53645,""12"":283,""449"":0,""636"":110162484,""11"":893510181,""238"":0,""14"":2540732448,""387"":""2b3431353533342e393030302d303038333934342e353333332b3030302e3231312f""}"
2026-06-29T19:31:32Z,862272088833183,Codec8E,2026-06-29 19:31:31.000 UTC,1782761491000,0,41.5534166,-8.3943216,212,114,13,22,0,"{""239"":1,""240"":1,""80"":1,""21"":5,""200"":0,""69"":1,""237"":2,""113"":100,""263"":1,""303"":1,""383"":3,""30"":0,""31"":21,""32"":63,""33"":245,""35"":24,""37"":21,""38"":240,""39"":48,""181"":15,""182"":8,""66"":14300,""24"":22,""206"":26,""67"":4051,""68"":0,""13"":72,""17"":305,""18"":196,""19"":228,""15"":285,""13201"":353,""36"":2141,""40"":1302,""43"":0,""241"":26801,""199"":2506,""16"":53659,""12"":283,""449"":0,""636"":110162484,""11"":893510181,""238"":0,""14"":2540732448,""387"":""2b3431353533342e313636372d303038333934332e323136372b3030302e3231322f""}"
2026-06-29T19:31:36Z,862272088833183,Codec8E,2026-06-29 19:31:34.000 UTC,1782761494000,0,41.5533400,-8.3941183,213,131,13,21,0,"{""239"":1,""240"":1,""80"":1,""21"":5,""200"":0,""69"":1,""237"":2,""113"":100,""263"":1,""303"":1,""383"":3,""30"":0,""31"":38,""32"":63,""33"":246,""35"":55,""37"":20,""38"":240,""39"":48,""181"":11,""182"":8,""66"":14253,""24"":21,""206"":26,""67"":4051,""68"":0,""13"":72,""17"":170,""18"":277,""19"":239,""15"":285,""13201"":353,""36"":1962,""40"":577,""43"":0,""241"":26801,""199"":2525,""16"":53678,""12"":283,""449"":0,""636"":110590005,""11"":893510181,""238"":0,""14"":2540732448,""387"":""2b3431353533332e343030302d303038333934312e313833332b3030302e3231332f""}"
2026-06-29T19:31:36Z,862272088833183,Codec8E,2026-06-29 19:31:36.000 UTC,1782761496000,0,41.5532649,-8.3940283,213,145,14,21,0,"{""239"":1,""240"":1,""80"":1,""21"":5,""200"":0,""69"":1,""237"":2,""113"":100,""263"":1,""303"":1,""383"":3,""30"":0,""31"":38,""32"":63,""33"":246,""35"":55,""37"":20,""38"":240,""39"":48,""181"":10,""182"":7,""66"":14257,""24"":21,""206"":26,""67"":4051,""68"":0,""13"":72,""17"":256,""18"":137,""19"":378,""15"":285,""13201"":353,""36"":1962,""40"":577,""43"":0,""241"":26801,""199"":2537,""16"":53690,""12"":283,""449"":0,""636"":110590005,""11"":893510181,""238"":0,""14"":2540732448,""387"":""2b3431353533322e363530302d303038333934302e323833332b3030302e3231332f""}"
2026-06-29T19:31:41Z,862272088833183,Codec8E,2026-06-29 19:31:41.000 UTC,1782761501000,0,41.5530616,-8.3938466,215,125,13,19,0,"{""239"":1,""240"":1,""80"":1,""21"":4,""200"":0,""69"":1,""237"":2,""113"":100,""263"":1,""303"":1,""383"":3,""30"":0,""31"":33,""32"":64,""33"":248,""35"":82,""37"":22,""38"":239,""39"":48,""181"":11,""182"":8,""66"":14259,""24"":19,""206"":26,""67"":4051,""68"":0,""13"":72,""17"":211,""18"":-240,""19"":373,""15"":285,""13201"":354,""36"":2147,""40"":400,""43"":0,""241"":26801,""199"":2564,""16"":53717,""12"":283,""449"":0,""636"":110590005,""11"":893510181,""238"":0,""14"":2540732448,""387"":""2b3431353533302e363136372d303038333933382e343636372b3030302e3231352f""}"
2026-06-29T19:31:42Z,862272088833183,Codec8E,2026-06-29 19:31:42.000 UTC,1782761502000,0,41.5530583,-8.3938000,215,102,13,17,0,"{""239"":1,""240"":1,""80"":1,""21"":4,""200"":0,""69"":1,""237"":2,""113"":100,""263"":1,""303"":1,""383"":3,""30"":0,""31"":33,""32"":64,""33"":248,""35"":82,""37"":22,""38"":239,""39"":48,""181"":11,""182"":8,""66"":14136,""24"":17,""206"":26,""67"":4051,""68"":0,""13"":72,""17"":100,""18"":14,""19"":290,""15"":285,""13201"":354,""36"":2147,""40"":400,""43"":0,""241"":26801,""199"":2568,""16"":53721,""12"":283,""449"":0,""636"":110590005,""11"":893510181,""238"":0,""14"":2540732448,""387"":""2b3431353533302e353833332d303038333933382e303030302b3030302e3231352f""}"
2026-06-29T19:31:45Z,862272088833183,Codec8E,2026-06-29 19:31:43.000 UTC,1782761503000,0,41.5530600,-8.3937516,216,84,13,16,0,"{""239"":1,""240"":1,""80"":1,""21"":4,""200"":0,""69"":1,""237"":2,""113"":100,""263"":1,""303"":1,""383"":3,""30"":0,""31"":18,""32"":64,""33"":248,""35"":81,""37"":16,""38"":246,""39"":48,""181"":11,""182"":8,""66"":14082,""24"":16,""206"":26,""67"":4051,""68"":0,""13"":72,""17"":-1,""18"":40,""19"":38,""15"":285,""13201"":354,""36"":1619,""40"":875,""43"":0,""241"":26801,""199"":2572,""16"":53725,""12"":283,""449"":0,""636"":110590005,""11"":893510181,""238"":0,""14"":2540732448,""387"":""2b3431353533302e363030302d303038333933372e353136372b3030302e3231362f""}"
2026-06-29T19:31:45Z,862272088833183,Codec8E,2026-06-29 19:31:45.000 UTC,1782761505000,0,41.5530750,-8.3936599,216,70,12,15,0,"{""239"":1,""240"":1,""80"":1,""21"":4,""200"":0,""69"":1,""237"":2,""113"":100,""263"":1,""303"":1,""383"":3,""30"":0,""31"":18,""32"":64,""33"":248,""35"":81,""37"":16,""38"":246,""39"":48,""181"":12,""182"":8,""66"":14051,""24"":15,""206"":26,""67"":4051,""68"":0,""13"":72,""17"":113,""18"":192,""19"":432,""15"":285,""13201"":354,""36"":1619,""40"":875,""43"":0,""241"":26801,""199"":2580,""16"":53733,""12"":283,""449"":0,""636"":110590005,""11"":893510181,""238"":0,""14"":2540732448,""387"":""2b3431353533302e373530302d303038333933362e363030302b3030302e3231362f""}"
2026-06-29T19:31:49Z,862272088833183,Codec8E,2026-06-29 19:31:48.000 UTC,1782761508000,0,41.5531200,-8.3935299,217,58,12,15,0,"{""239"":1,""240"":1,""80"":1,""21"":4,""200"":0,""69"":1,""237"":2,""113"":100,""263"":1,""303"":1,""383"":3,""30"":0,""31"":48,""32"":65,""33"":249,""35"":106,""37"":14,""38"":249,""39"":48,""181"":12,""182"":8,""66"":14233,""24"":15,""206"":26,""67"":4051,""68"":0,""13"":72,""17"":-111,""18"":33,""19"":412,""15"":285,""13201"":355,""36"":1343,""40"":822,""43"":0,""241"":26801,""199"":2592,""16"":53745,""12"":283,""449"":0,""636"":110359613,""11"":893510181,""238"":0,""14"":2540732448,""387"":""2b3431353533312e323030302d303038333933352e333030302b3030302e3231372f""}"
2026-06-29T19:31:58Z,862272088833183,Codec8E,2026-06-29 19:31:57.000 UTC,1782761517000,0,41.5532183,-8.3933033,218,50,15,5,0,"{""239"":1,""240"":1,""80"":1,""21"":4,""200"":0,""69"":1,""237"":2,""113"":100,""263"":1,""303"":1,""383"":3,""30"":0,""31"":7,""32"":66,""33"":252,""35"":46,""37"":0,""38"":252,""39"":48,""181"":10,""182"":7,""66"":14238,""24"":5,""206"":26,""67"":4051,""68"":0,""13"":72,""17"":-47,""18"":139,""19"":24,""15"":285,""13201"":354,""36"":852,""40"":138,""43"":0,""241"":26801,""199"":2612,""16"":53765,""12"":283,""449"":0,""636"":110359613,""11"":893510181,""238"":0,""14"":2540732448,""387"":""2b3431353533322e313833332d303038333933332e303333332b3030302e3231382f""}"
2026-06-29T19:32:03Z,862272088833183,Codec8E,2026-06-29 19:32:02.000 UTC,1782761522000,0,41.5532216,-8.3933016,218,50,14,0,239,"{""239"":0,""240"":1,""80"":1,""21"":4,""200"":0,""69"":1,""237"":2,""113"":100,""263"":1,""303"":1,""383"":3,""30"":0,""31"":12,""32"":66,""33"":7,""35"":60,""37"":0,""38"":255,""39"":48,""181"":10,""182"":7,""66"":13143,""24"":0,""206"":26,""67"":4051,""68"":0,""13"":72,""17"":-61,""18"":114,""19"":25,""15"":285,""13201"":354,""36"":0,""40"":122,""43"":0,""241"":26801,""199"":2612,""16"":53765,""12"":283,""449"":0,""636"":110359613,""11"":893510181,""238"":0,""14"":2540732448,""387"":""2b3431353533322e323136372d303038333933332e303136372b3030302e3231382f""}"
2026-06-29T19:32:06Z,862272088833183,Codec8E,2026-06-29 19:32:06.000 UTC,1782761526000,0,41.5532216,-8.3933016,218,50,14,0,303,"{""239"":0,""240"":1,""80"":1,""21"":4,""200"":0,""69"":1,""237"":2,""113"":100,""263"":1,""303"":0,""383"":3,""30"":0,""31"":23,""32"":66,""33"":7,""35"":60,""37"":0,""38"":255,""39"":48,""181"":10,""182"":7,""66"":13013,""24"":0,""206"":26,""67"":4051,""68"":0,""13"":72,""17"":-48,""18"":115,""19"":23,""15"":285,""13201"":355,""36"":0,""40"":122,""43"":0,""241"":26801,""199"":2612,""16"":53765,""12"":283,""449"":0,""636"":110359613,""11"":893510181,""238"":0,""14"":2540732448,""387"":""2b3431353533322e323136372d303038333933332e303136372b3030302e3231382f""}"
2026-06-29T19:32:15Z,862272088833183,Codec8E,2026-06-29 19:32:14.000 UTC,1782761534000,0,41.5532216,-8.3933016,218,50,14,0,303,"{""239"":0,""240"":1,""80"":1,""21"":4,""200"":0,""69"":1,""237"":2,""113"":100,""263"":1,""303"":1,""383"":3,""30"":0,""31"":23,""32"":66,""33"":7,""35"":60,""37"":0,""38"":255,""39"":48,""181"":10,""182"":7,""66"":13025,""24"":0,""206"":26,""67"":4051,""68"":0,""13"":72,""17"":-53,""18"":94,""19"":35,""15"":285,""13201"":356,""36"":0,""40"":122,""43"":0,""241"":26801,""199"":2612,""16"":53765,""12"":283,""449"":0,""636"":110159913,""11"":893510181,""238"":0,""14"":2540732448,""387"":""2b3431353533322e323136372d303038333933332e303136372b3030302e3231382f""}"
2026-06-29T19:32:20Z,862272088833183,Codec8E,2026-06-29 19:32:19.000 UTC,1782761539000,0,41.5532216,-8.3933016,218,50,15,0,303,"{""239"":0,""240"":1,""80"":1,""21"":4,""200"":0,""69"":1,""237"":2,""113"":100,""263"":1,""303"":0,""383"":3,""181"":10,""182"":7,""66"":13026,""24"":0,""206"":26,""67"":4051,""68"":0,""13"":72,""17"":12,""18"":160,""19"":68,""15"":285,""13201"":356,""241"":26801,""199"":2612,""16"":53765,""12"":283,""449"":0,""636"":110159913,""11"":893510181,""238"":0,""14"":2540732448,""387"":""2b3431353533322e323136372d303038333933332e303136372b3030302e3231382f""}"
2026-06-29T19:32:21Z,862272088833183,Codec8E,2026-06-29 19:32:20.000 UTC,1782761540000,0,41.5532216,-8.3933016,218,50,15,0,303,"{""239"":0,""240"":1,""80"":1,""21"":4,""200"":0,""69"":1,""237"":2,""113"":100,""263"":1,""303"":1,""383"":3,""181"":10,""182"":7,""66"":12991,""24"":0,""206"":26,""67"":4051,""68"":0,""13"":72,""17"":-55,""18"":105,""19"":33,""15"":285,""13201"":356,""241"":26801,""199"":2612,""16"":53765,""12"":283,""449"":0,""636"":110159913,""11"":893510181,""238"":0,""14"":2540732448,""387"":""2b3431353533322e323136372d303038333933332e303136372b3030302e3231382f""}"
2026-06-29T19:32:27Z,862272088833183,Codec8E,2026-06-29 19:32:26.000 UTC,1782761546000,0,41.5532216,-8.3933016,218,50,15,0,303,"{""239"":0,""240"":1,""80"":1,""21"":4,""200"":0,""69"":1,""237"":2,""113"":100,""263"":1,""303"":0,""383"":3,""181"":10,""182"":7,""66"":12982,""24"":0,""206"":26,""67"":4051,""68"":0,""13"":72,""17"":-65,""18"":107,""19"":30,""15"":285,""13201"":357,""241"":26801,""199"":2612,""16"":53765,""12"":283,""449"":0,""636"":110159913,""11"":893510181,""238"":0,""14"":2540732448,""387"":""2b3431353533322e323136372d303038333933332e303136372b3030302e3231382f""}"
2026-06-29T19:33:26Z,862272088833183,Codec8E,2026-06-29 19:33:25.000 UTC,1782761605000,0,41.5532100,-8.3932849,221,176,14,0,240,"{""239"":0,""240"":0,""80"":0,""21"":4,""200"":0,""69"":1,""237"":2,""113"":100,""263"":1,""303"":0,""383"":3,""181"":10,""182"":7,""66"":12928,""24"":0,""206"":26,""67"":4051,""68"":0,""13"":72,""17"":-58,""18"":105,""19"":36,""15"":1000,""13201"":353,""241"":26801,""199"":0,""16"":53765,""12"":283,""449"":0,""636"":110159913,""11"":893510181,""238"":0,""14"":2540732448,""387"":""2b3431353533322e313030302d303038333933322e383530302b3030302e3232312f""}"
2026-06-29T19:46:31Z,862272088833183,Codec8E,2026-06-29 19:45:11.000 UTC,1782762311000,0,41.5532100,-8.3932849,221,176,14,0,303,"{""239"":0,""240"":0,""80"":0,""21"":4,""200"":0,""69"":1,""237"":2,""113"":100,""263"":1,""303"":1,""383"":3,""181"":11,""182"":8,""66"":12766,""24"":0,""206"":26,""67"":4051,""68"":0,""13"":72,""17"":-54,""18"":106,""19"":32,""15"":1000,""13201"":344,""241"":26801,""199"":0,""16"":53765,""12"":283,""449"":0,""636"":110159913,""11"":893510181,""238"":0,""14"":2540732448,""387"":""2b3431353533322e313030302d303038333933322e383530302b3030302e3232312f""}"
2026-06-29T19:46:31Z,862272088833183,Codec8E,2026-06-29 19:45:12.000 UTC,1782762312000,0,41.5532100,-8.3932849,221,176,14,0,303,"{""239"":0,""240"":0,""80"":0,""21"":4,""200"":0,""69"":1,""237"":2,""113"":100,""263"":1,""303"":0,""383"":3,""181"":10,""182"":7,""66"":12766,""24"":0,""206"":26,""67"":4051,""68"":0,""13"":72,""17"":-57,""18"":121,""19"":33,""15"":1000,""13201"":344,""241"":26801,""199"":0,""16"":53765,""12"":283,""449"":0,""636"":110159913,""11"":893510181,""238"":0,""14"":2540732448,""387"":""2b3431353533322e313030302d303038333933322e383530302b3030302e3232312f""}"
2026-06-29T19:46:31Z,862272088833183,Codec8E,2026-06-29 19:45:25.000 UTC,1782762325000,0,41.5532100,-8.3932849,221,176,14,0,303,"{""239"":0,""240"":0,""80"":0,""21"":4,""200"":0,""69"":1,""237"":2,""113"":100,""263"":1,""303"":1,""383"":3,""181"":10,""182"":7,""66"":12325,""24"":0,""206"":26,""67"":4051,""68"":0,""13"":72,""17"":-40,""18"":121,""19"":41,""15"":1000,""13201"":344,""241"":26801,""199"":0,""16"":53765,""12"":283,""449"":0,""636"":110159913,""11"":893510181,""238"":0,""14"":2540732448,""387"":""2b3431353533322e313030302d303038333933322e383530302b3030302e3232312f""}"
2026-06-29T19:46:31Z,862272088833183,Codec8E,2026-06-29 19:45:26.000 UTC,1782762326000,0,41.5532100,-8.3932849,221,176,14,0,240,"{""239"":0,""240"":1,""80"":1,""21"":4,""200"":0,""69"":1,""237"":2,""113"":100,""263"":1,""303"":1,""383"":3,""181"":10,""182"":7,""66"":12314,""24"":0,""206"":26,""67"":4051,""68"":0,""13"":72,""17"":-43,""18"":110,""19"":15,""15"":1000,""13201"":344,""241"":26801,""199"":0,""16"":53765,""12"":283,""449"":0,""636"":110159913,""11"":893510181,""238"":0,""14"":2540732448,""387"":""2b3431353533322e313030302d303038333933322e383530302b3030302e3232312f""}"
2026-06-29T19:46:31Z,862272088833183,Codec8E,2026-06-29 19:45:40.000 UTC,1782762340000,0,41.5532100,-8.3932849,221,176,12,0,303,"{""239"":0,""240"":1,""80"":1,""21"":4,""200"":0,""69"":1,""237"":2,""113"":100,""263"":1,""303"":0,""383"":3,""181"":11,""182"":8,""66"":12212,""24"":0,""206"":26,""67"":4051,""68"":0,""13"":72,""17"":-46,""18"":111,""19"":45,""15"":1000,""13201"":347,""241"":26801,""199"":0,""16"":53765,""12"":283,""449"":0,""636"":110159913,""11"":893510181,""238"":0,""14"":2540732448,""387"":""2b3431353533322e313030302d303038333933322e383530302b3030302e3232312f""}"
2026-06-29T19:46:32Z,862272088833183,Codec8E,2026-06-29 19:45:43.000 UTC,1782762343000,0,41.5532100,-8.3932849,221,176,13,0,303,"{""239"":0,""240"":1,""80"":1,""21"":4,""200"":0,""69"":1,""237"":2,""113"":100,""263"":1,""303"":1,""383"":3,""181"":10,""182"":7,""66"":12284,""24"":0,""206"":26,""67"":4051,""68"":0,""13"":72,""17"":-64,""18"":97,""19"":61,""15"":1000,""13201"":347,""241"":26801,""199"":0,""16"":53765,""12"":283,""449"":0,""636"":110159913,""11"":893510181,""238"":0,""14"":2540732448,""387"":""2b3431353533322e313030302d303038333933322e383530302b3030302e3232312f""}"
2026-06-29T19:46:32Z,862272088833183,Codec8E,2026-06-29 19:45:48.000 UTC,1782762348000,0,41.5532100,-8.3932849,221,176,13,0,303,"{""239"":0,""240"":1,""80"":1,""21"":4,""200"":0,""69"":1,""237"":2,""113"":100,""263"":1,""303"":0,""383"":3,""181"":10,""182"":7,""66"":12308,""24"":0,""206"":26,""67"":4051,""68"":0,""13"":72,""17"":-58,""18"":115,""19"":36,""15"":1000,""13201"":348,""241"":26801,""199"":0,""16"":53765,""12"":283,""449"":0,""636"":110159913,""11"":893510181,""238"":0,""14"":2540732448,""387"":""2b3431353533322e313030302d303038333933322e383530302b3030302e3232312f""}"
2026-06-29T19:46:32Z,862272088833183,Codec8E,2026-06-29 19:45:50.000 UTC,1782762350000,0,41.5532100,-8.3932849,221,176,13,0,303,"{""239"":0,""240"":1,""80"":1,""21"":4,""200"":0,""69"":1,""237"":2,""113"":100,""263"":1,""303"":1,""383"":3,""181"":10,""182"":7,""66"":12299,""24"":0,""206"":26,""67"":4051,""68"":0,""13"":72,""17"":-54,""18"":117,""19"":37,""15"":1000,""13201"":348,""241"":26801,""199"":0,""16"":53765,""12"":283,""449"":0,""636"":110159913,""11"":893510181,""238"":0,""14"":2540732448,""387"":""2b3431353533322e313030302d303038333933322e383530302b3030302e3232312f""}"
2026-06-29T19:46:40Z,862272088833183,Codec8E,2026-06-29 19:46:39.000 UTC,1782762399000,0,41.5530183,-8.3938266,216,317,15,1,239,"{""239"":1,""240"":1,""80"":1,""21"":5,""200"":0,""69"":1,""237"":2,""113"":100,""263"":1,""303"":1,""383"":3,""30"":0,""31"":9,""32"":68,""33"":0,""35"":27,""37"":4,""38"":242,""39"":57,""181"":10,""182"":7,""66"":13965,""24"":1,""206"":26,""67"":4051,""68"":0,""13"":72,""17"":48,""18"":19,""19"":-16,""15"":1000,""13201"":350,""36"":786,""40"":94,""43"":0,""241"":26801,""199"":0,""16"":53790,""12"":283,""449"":0,""636"":110590015,""11"":893510181,""238"":0,""14"":2540732448,""387"":""2b3431353533302e313833332d303038333933382e323636372b3030302e3231362f""}"
2026-06-29T19:46:47Z,862272088833183,Codec8E,2026-06-29 19:46:47.000 UTC,1782762407000,0,41.5532150,-8.3939916,214,329,15,11,0,"{""239"":1,""240"":1,""80"":1,""21"":4,""200"":0,""69"":1,""237"":2,""113"":100,""263"":1,""303"":1,""383"":3,""30"":0,""31"":18,""32"":68,""33"":0,""35"":34,""37"":14,""38"":231,""39"":55,""181"":10,""182"":7,""66"":14193,""24"":11,""206"":26,""67"":4051,""68"":0,""13"":72,""17"":247,""18"":41,""19"":-125,""15"":1000,""13201"":350,""36"":1811,""40"":169,""43"":0,""241"":26801,""199"":16,""16"":53831,""12"":283,""449"":0,""636"":110590015,""11"":893510181,""238"":0,""14"":2540732448,""387"":""2b3431353533322e313530302d303038333933392e393136372b3030302e3231342f""}"
2026-06-29T19:46:49Z,862272088833183,Codec8E,2026-06-29 19:46:49.000 UTC,1782762409000,0,41.5532866,-8.3940500,213,318,15,12,0,"{""239"":1,""240"":1,""80"":1,""21"":4,""200"":0,""69"":1,""237"":2,""113"":100,""263"":1,""303"":1,""383"":3,""30"":0,""31"":18,""32"":68,""33"":0,""35"":34,""37"":14,""38"":231,""39"":55,""181"":10,""182"":7,""66"":14148,""24"":12,""206"":26,""67"":4051,""68"":0,""13"":72,""17"":18,""18"":-76,""19"":-15,""15"":1000,""13201"":351,""36"":1811,""40"":169,""43"":0,""241"":26801,""199"":25,""16"":53840,""12"":283,""449"":0,""636"":110590015,""11"":893510181,""238"":0,""14"":2540732448,""387"":""2b3431353533322e383636372d303038333934302e353030302b3030302e3231332f""}"
2026-06-29T19:46:50Z,862272088833183,Codec8E,2026-06-29 19:46:50.000 UTC,1782762410000,0,41.5533050,-8.3940849,212,292,15,12,0,"{""239"":1,""240"":1,""80"":1,""21"":4,""200"":0,""69"":1,""237"":2,""113"":100,""263"":1,""303"":1,""383"":3,""30"":0,""31"":4,""32"":68,""33"":0,""35"":18,""37"":12,""38"":6,""39"":56,""181"":12,""182"":7,""66"":14103,""24"":12,""206"":26,""67"":4051,""68"":0,""13"":72,""17"":184,""18"":-253,""19"":28,""15"":1000,""13201"":351,""36"":1800,""40"":136,""43"":0,""241"":26801,""199"":29,""16"":53844,""12"":283,""449"":0,""636"":110590015,""11"":893510181,""238"":0,""14"":2540732448,""387"":""2b3431353533332e303530302d303038333934302e383530302b3030302e3231322f""}"
2026-06-29T19:46:51Z,862272088833183,Codec8E,2026-06-29 19:46:51.000 UTC,1782762411000,0,41.5533083,-8.3941199,211,260,15,11,0,"{""239"":1,""240"":1,""80"":1,""21"":4,""200"":0,""69"":1,""237"":2,""113"":100,""263"":1,""303"":1,""383"":3,""30"":0,""31"":4,""32"":68,""33"":0,""35"":18,""37"":12,""38"":6,""39"":56,""181"":10,""182"":7,""66"":14178,""24"":11,""206"":26,""67"":4051,""68"":0,""13"":72,""17"":128,""18"":-192,""19"":-31,""15"":1000,""13201"":351,""36"":1800,""40"":136,""43"":0,""241"":26801,""199"":32,""16"":53847,""12"":283,""449"":0,""636"":110590015,""11"":893510181,""238"":0,""14"":2540732448,""387"":""2b3431353533332e303833332d303038333934312e323030302b3030302e3231312f""}"
2026-06-29T19:46:52Z,862272088833183,Codec8E,2026-06-29 19:46:52.000 UTC,1782762412000,0,41.5532883,-8.3941583,210,235,15,12,0,"{""239"":1,""240"":1,""80"":1,""21"":4,""200"":0,""69"":1,""237"":2,""113"":100,""263"":1,""303"":1,""383"":3,""30"":0,""31"":4,""32"":68,""33"":0,""35"":18,""37"":12,""38"":6,""39"":56,""181"":10,""182"":7,""66"":14159,""24"":12,""206"":26,""67"":4051,""68"":0,""13"":72,""17"":97,""18"":17,""19"":1,""15"":1000,""13201"":351,""36"":1800,""40"":136,""43"":0,""241"":26801,""199"":36,""16"":53851,""12"":283,""449"":0,""636"":110590015,""11"":893510181,""238"":0,""14"":2540732448,""387"":""2b3431353533322e383833332d303038333934312e353833332b3030302e3231302f""}"
2026-06-29T19:46:53Z,862272088833183,Codec8E,2026-06-29 19:46:53.000 UTC,1782762413000,0,41.5532516,-8.3941850,210,222,15,12,0,"{""239"":1,""240"":1,""80"":1,""21"":4,""200"":0,""69"":1,""237"":2,""113"":100,""263"":1,""303"":1,""383"":3,""30"":0,""31"":4,""32"":68,""33"":0,""35"":18,""37"":12,""38"":6,""39"":56,""181"":10,""182"":7,""66"":14188,""24"":12,""206"":26,""67"":4051,""68"":0,""13"":72,""17"":151,""18"":-54,""19"":97,""15"":1000,""13201"":351,""36"":1800,""40"":136,""43"":0,""241"":26801,""199"":40,""16"":53855,""12"":283,""449"":0,""636"":110590015,""11"":893510181,""238"":0,""14"":2540732448,""387"":""2b3431353533322e353136372d303038333934312e383530302b3030302e3231302f""}"
2026-06-29T19:46:55Z,862272088833183,Codec8E,2026-06-29 19:46:55.000 UTC,1782762415000,0,41.5531500,-8.3942400,209,212,14,15,0,"{""239"":1,""240"":1,""80"":1,""21"":4,""200"":0,""69"":1,""237"":2,""113"":100,""263"":1,""303"":1,""383"":3,""30"":0,""31"":13,""32"":68,""33"":0,""35"":20,""37"":16,""38"":240,""39"":55,""181"":13,""182"":7,""66"":14208,""24"":15,""206"":26,""67"":4051,""68"":0,""13"":72,""17"":187,""18"":-20,""19"":-22,""15"":1000,""13201"":352,""36"":936,""40"":144,""43"":0,""241"":26801,""199"":52,""16"":53867,""12"":283,""449"":0,""636"":110590015,""11"":893510181,""238"":0,""14"":2540732448,""387"":""2b3431353533312e353030302d303038333934322e343030302b3030302e3230392f""}"
2026-06-29T19:46:59Z,862272088833183,Codec8E,2026-06-29 19:46:59.000 UTC,1782762419000,0,41.5529333,-8.3944016,207,226,14,21,0,"{""239"":1,""240"":1,""80"":1,""21"":4,""200"":0,""69"":1,""237"":2,""113"":100,""263"":1,""303"":1,""383"":3,""30"":0,""31"":8,""32"":68,""33"":0,""35"":16,""37"":25,""38"":227,""39"":55,""181"":10,""182"":7,""66"":14244,""24"":21,""206"":26,""67"":4051,""68"":0,""13"":72,""17"":163,""18"":-40,""19"":148,""15"":1000,""13201"":352,""36"":2245,""40"":127,""43"":0,""241"":26801,""199"":80,""16"":53895,""12"":283,""449"":0,""636"":110590015,""11"":893510181,""238"":0,""14"":2540732448,""387"":""2b3431353532392e333333332d303038333934342e303136372b3030302e3230372f""}"
2026-06-29T19:47:00Z,862272088833183,Codec8E,2026-06-29 19:47:00.000 UTC,1782762420000,0,41.5528966,-8.3944816,206,238,13,23,0,"{""239"":1,""240"":1,""80"":1,""21"":4,""200"":0,""69"":1,""237"":2,""113"":100,""263"":1,""303"":1,""383"":3,""30"":0,""31"":8,""32"":68,""33"":0,""35"":16,""37"":25,""38"":227,""39"":55,""181"":11,""182"":8,""66"":14224,""24"":23,""206"":26,""67"":4051,""68"":0,""13"":72,""17"":226,""18"":106,""19"":29,""15"":1000,""13201"":352,""36"":2245,""40"":127,""43"":0,""241"":26801,""199"":88,""16"":53903,""12"":283,""449"":0,""636"":110590015,""11"":893510181,""238"":0,""14"":2540732448,""387"":""2b3431353532382e393636372d303038333934342e383136372b3030302e3230362f""}"
2026-06-29T19:47:02Z,862272088833183,Codec8E,2026-06-29 19:47:02.000 UTC,1782762422000,0,41.5528633,-8.3946666,204,255,15,25,0,"{""239"":1,""240"":1,""80"":1,""21"":4,""200"":0,""69"":1,""237"":2,""113"":100,""263"":1,""303"":1,""383"":3,""30"":0,""31"":8,""32"":68,""33"":0,""35"":16,""37"":25,""38"":227,""39"":55,""181"":10,""182"":7,""66"":14237,""24"":25,""206"":26,""67"":4051,""68"":0,""13"":72,""17"":86,""18"":107,""19"":54,""15"":1000,""13201"":352,""36"":2245,""40"":127,""43"":0,""241"":26801,""199"":104,""16"":53919,""12"":283,""449"":0,""636"":110590015,""11"":893510181,""238"":0,""14"":2540732448,""387"":""2b3431353532382e363333332d303038333934362e363636372b3030302e3230342f""}"
2026-06-29T19:47:04Z,862272088833183,Codec8E,2026-06-29 19:47:04.000 UTC,1782762424000,0,41.5528516,-8.3948166,203,266,15,24,0,"{""239"":1,""240"":1,""80"":1,""21"":4,""200"":0,""69"":1,""237"":2,""113"":100,""263"":1,""303"":1,""383"":3,""30"":0,""31"":5,""32"":68,""33"":0,""35"":22,""37"":25,""38"":227,""39"":55,""181"":10,""182"":7,""66"":14235,""24"":24,""206"":26,""67"":4051,""68"":0,""13"":72,""17"":269,""18"":144,""19"":156,""15"":1000,""13201"":353,""36"":2374,""40"":194,""43"":0,""241"":26801,""199"":117,""16"":53932,""12"":283,""449"":0,""636"":110590015,""11"":893510181,""238"":0,""14"":2540732448,""387"":""2b3431353532382e353136372d303038333934382e313636372b3030302e3230332f""}"
2026-06-29T19:47:06Z,862272088833183,Codec8E,2026-06-29 19:47:06.000 UTC,1782762426000,0,41.5528766,-8.3949550,202,278,15,22,0,"{""239"":1,""240"":1,""80"":1,""21"":4,""200"":0,""69"":1,""237"":2,""113"":100,""263"":1,""303"":1,""383"":3,""30"":0,""31"":5,""32"":68,""33"":0,""35"":22,""37"":25,""38"":227,""39"":55,""181"":10,""182"":7,""66"":14241,""24"":22,""206"":26,""67"":4051,""68"":0,""13"":72,""17"":53,""18"":37,""19"":-68,""15"":1000,""13201"":353,""36"":2374,""40"":194,""43"":0,""241"":26801,""199"":128,""16"":53943,""12"":283,""449"":0,""636"":110590015,""11"":893510181,""238"":0,""14"":2540732448,""387"":""2b3431353532382e373636372d303038333934392e353530302b3030302e3230322f""}"
2026-06-29T19:47:11Z,862272088833183,Codec8E,2026-06-29 19:47:11.000 UTC,1782762431000,0,41.5529033,-8.3951216,200,271,15,10,0,"{""239"":1,""240"":1,""80"":1,""21"":5,""200"":0,""69"":1,""237"":2,""113"":100,""263"":1,""303"":1,""383"":3,""30"":0,""31"":6,""32"":67,""33"":0,""35"":16,""37"":18,""38"":250,""39"":55,""181"":10,""182"":7,""66"":14178,""24"":10,""206"":26,""67"":4051,""68"":0,""13"":72,""17"":8,""18"":19,""19"":-68,""15"":1000,""13201"":353,""36"":1761,""40"":100,""43"":0,""241"":26801,""199"":142,""16"":53957,""12"":283,""449"":0,""636"":110590015,""11"":893510181,""238"":0,""14"":2540732448,""387"":""2b3431353532392e303333332d303038333935312e323136372b3030302e3230302f""}"
2026-06-29T19:47:18Z,862272088833183,Codec8E,2026-06-29 19:47:18.000 UTC,1782762438000,0,41.5529383,-8.3951433,200,341,15,6,0,"{""239"":1,""240"":1,""80"":1,""21"":5,""200"":0,""69"":1,""237"":2,""113"":100,""263"":1,""303"":1,""383"":3,""30"":0,""31"":13,""32"":66,""33"":0,""35"":54,""37"":4,""38"":245,""39"":52,""181"":12,""182"":7,""66"":14262,""24"":6,""206"":26,""67"":4051,""68"":0,""13"":72,""17"":-3,""18"":102,""19"":73,""15"":1000,""13201"":354,""36"":1453,""40"":747,""43"":0,""241"":26801,""199"":147,""16"":53962,""12"":283,""449"":0,""636"":110590015,""11"":893510181,""238"":0,""14"":2540732448,""387"":""2b3431353532392e333833332d303038333935312e343333332b3030302e3230302f""}"
2026-06-29T19:47:19Z,862272088833183,Codec8E,2026-06-29 19:47:19.000 UTC,1782762439000,0,41.5529816,-8.3951450,200,4,15,10,0,"{""239"":1,""240"":1,""80"":1,""21"":5,""200"":0,""69"":1,""237"":2,""113"":100,""263"":1,""303"":1,""383"":3,""30"":0,""31"":13,""32"":66,""33"":0,""35"":54,""37"":4,""38"":245,""39"":52,""181"":12,""182"":7,""66"":14237,""24"":10,""206"":26,""67"":4051,""68"":0,""13"":72,""17"":-26,""18"":45,""19"":84,""15"":1000,""13201"":354,""36"":1453,""40"":747,""43"":0,""241"":26801,""199"":152,""16"":53967,""12"":283,""449"":0,""636"":110590015,""11"":893510181,""238"":0,""14"":2540732448,""387"":""2b3431353532392e383136372d303038333935312e343530302b3030302e3230302f""}"
2026-06-29T19:47:23Z,862272088833183,Codec8E,2026-06-29 19:47:23.000 UTC,1782762443000,0,41.5532316,-8.3951066,201,359,15,22,0,"{""239"":1,""240"":1,""80"":1,""21"":5,""200"":0,""69"":1,""237"":2,""113"":100,""263"":1,""303"":1,""383"":3,""30"":0,""31"":26,""32"":66,""33"":0,""35"":59,""37"":24,""38"":226,""39"":49,""181"":10,""182"":7,""66"":14236,""24"":22,""206"":26,""67"":4051,""68"":0,""13"":72,""17"":-43,""18"":154,""19"":133,""15"":1000,""13201"":354,""36"":3093,""40"":1175,""43"":0,""241"":26801,""199"":180,""16"":53995,""12"":283,""449"":0,""636"":110590015,""11"":893510181,""238"":0,""14"":2540732448,""387"":""2b3431353533322e333136372d303038333935312e303636372b3030302e3230312f""}"
2026-06-29T19:47:27Z,862272088833183,Codec8E,2026-06-29 19:47:27.000 UTC,1782762447000,0,41.5536016,-8.3951116,201,3,14,32,0,"{""239"":1,""240"":1,""80"":1,""21"":5,""200"":0,""69"":1,""237"":2,""113"":100,""263"":1,""303"":1,""383"":3,""30"":0,""31"":40,""32"":66,""33"":0,""35"":19,""37"":36,""38"":239,""39"":47,""181"":13,""182"":7,""66"":14141,""24"":32,""206"":26,""67"":4051,""68"":0,""13"":72,""17"":-44,""18"":82,""19"":86,""15"":1000,""13201"":354,""36"":2510,""40"":1588,""43"":0,""241"":26801,""199"":221,""16"":54036,""12"":283,""449"":0,""636"":110590015,""11"":893510181,""238"":0,""14"":2540732448,""387"":""2b3431353533362e303136372d303038333935312e313136372b3030302e3230312f""}"
2026-06-29T19:47:30Z,862272088833183,Codec8E,2026-06-29 19:47:30.000 UTC,1782762450000,0,41.5539750,-8.3950649,200,6,14,43,0,"{""239"":1,""240"":1,""80"":1,""21"":5,""200"":0,""69"":1,""237"":2,""113"":100,""263"":1,""303"":1,""383"":3,""30"":0,""31"":40,""32"":66,""33"":0,""35"":19,""37"":36,""38"":239,""39"":47,""181"":13,""182"":7,""66"":14122,""24"":43,""206"":26,""67"":4051,""68"":0,""13"":72,""17"":21,""18"":136,""19"":89,""15"":1000,""13201"":354,""36"":2510,""40"":1588,""43"":0,""241"":26801,""199"":263,""16"":54078,""12"":283,""449"":0,""636"":110590015,""11"":893510181,""238"":0,""14"":2540732448,""387"":""2b3431353533392e373530302d303038333935302e363530302b3030302e3230302f""}"
2026-06-29T19:47:34Z,862272088833183,Codec8E,2026-06-29 19:47:34.000 UTC,1782762454000,0,41.5545616,-8.3949716,196,4,15,54,0,"{""239"":1,""240"":1,""80"":1,""21"":5,""200"":0,""69"":1,""237"":2,""113"":100,""263"":1,""303"":1,""383"":3,""30"":0,""31"":45,""32"":66,""33"":0,""35"":46,""37"":50,""38"":240,""39"":46,""181"":10,""182"":7,""66"":14148,""24"":54,""206"":26,""67"":4051,""68"":0,""13"":72,""17"":29,""18"":62,""19"":44,""15"":1000,""13201"":355,""36"":2507,""40"":1550,""43"":0,""241"":26801,""199"":329,""16"":54144,""12"":283,""449"":0,""636"":110590015,""11"":893510181,""238"":0,""14"":2540732448,""387"":""2b3431353534352e363136372d303038333934392e373136372b3030302e3139362f""}"
2026-06-29T19:47:34Z,862272088833183,Codec8E,2026-06-29 19:47:34.010 UTC,1782762454010,0,41.5545616,-8.3949716,196,4,15,54,255,"{""239"":1,""240"":1,""80"":1,""21"":5,""200"":0,""69"":1,""237"":2,""113"":100,""263"":1,""303"":1,""383"":3,""30"":0,""31"":45,""32"":66,""33"":0,""35"":46,""37"":50,""38"":240,""39"":46,""255"":54,""181"":10,""182"":7,""66"":14171,""24"":54,""206"":26,""67"":4051,""68"":0,""13"":72,""17"":12,""18"":77,""19"":4,""15"":1000,""13201"":355,""36"":2507,""40"":1550,""43"":0,""241"":26801,""199"":329,""16"":54144,""12"":283,""449"":0,""636"":110590015,""11"":893510181,""238"":0,""14"":2540732448,""387"":""2b3431353534352e363136372d303038333934392e373136372b3030302e3139362f""}"
2026-06-29T19:47:39Z,862272088833183,Codec8E,2026-06-29 19:47:39.000 UTC,1782762459000,0,41.5553866,-8.3948349,195,6,14,64,0,"{""239"":1,""240"":1,""80"":1,""21"":5,""200"":0,""69"":1,""237"":2,""113"":100,""263"":1,""303"":1,""383"":3,""30"":0,""31"":37,""32"":66,""33"":251,""35"":77,""37"":62,""38"":235,""39"":45,""181"":10,""182"":7,""66"":14137,""24"":64,""206"":26,""67"":4051,""68"":0,""13"":72,""17"":97,""18"":-9,""19"":-173,""15"":1000,""13201"":355,""36"":3090,""40"":163,""43"":0,""241"":26801,""199"":421,""16"":54236,""12"":283,""449"":0,""636"":110590015,""11"":893510181,""238"":0,""14"":2540732448,""387"":""2b3431353535332e383636372d303038333934382e333530302b3030302e3139352f""}"
2026-06-29T19:47:44Z,862272088833183,Codec8E,2026-06-29 19:47:43.000 UTC,1782762463000,0,41.5561816,-8.3948333,191,328,12,60,253,"{""239"":1,""240"":1,""80"":1,""21"":5,""200"":0,""69"":1,""237"":2,""113"":100,""263"":1,""303"":1,""383"":3,""30"":0,""31"":33,""32"":66,""33"":249,""35"":18,""37"":66,""38"":225,""39"":46,""253"":3,""254"":57,""181"":10,""182"":7,""66"":14155,""24"":60,""206"":26,""67"":4051,""68"":0,""13"":72,""17"":-29,""18"":-428,""19"":0,""15"":1000,""13201"":356,""36"":2401,""40"":155,""43"":0,""241"":26801,""199"":513,""16"":54328,""12"":283,""449"":0,""636"":110136883,""11"":893510181,""238"":0,""14"":2540732448,""387"":""2b3431353536312e383136372d303038333934382e333333332b3030302e3139312f""}"
2026-06-29T19:47:46Z,862272088833183,Codec8E,2026-06-29 19:47:46.000 UTC,1782762466000,0,41.5563783,-8.3951100,191,315,9,58,0,"{""239"":1,""240"":1,""80"":1,""21"":5,""200"":0,""69"":1,""237"":2,""113"":100,""263"":1,""303"":1,""383"":3,""30"":0,""31"":5,""32"":66,""33"":0,""35"":19,""37"":56,""38"":249,""39"":49,""181"":14,""182"":11,""66"":14174,""24"":58,""206"":26,""67"":4051,""68"":0,""13"":72,""17"":47,""18"":-431,""19"":15,""15"":1000,""13201"":356,""36"":2079,""40"":811,""43"":0,""241"":26801,""199"":545,""16"":54360,""12"":283,""449"":0,""636"":110136883,""11"":893510181,""238"":0,""14"":2540732448,""387"":""2b3431353536332e373833332d303038333935312e313030302b3030302e3139312f""}"
2026-06-29T19:47:47Z,862272088833183,Codec8E,2026-06-29 19:47:47.000 UTC,1782762467000,0,41.5564183,-8.3952850,191,305,10,57,0,"{""239"":1,""240"":1,""80"":1,""21"":5,""200"":0,""69"":1,""237"":2,""113"":100,""263"":1,""303"":1,""383"":3,""30"":0,""31"":5,""32"":66,""33"":0,""35"":19,""37"":56,""38"":249,""39"":49,""181"":14,""182"":11,""66"":14165,""24"":57,""206"":26,""67"":4051,""68"":0,""13"":72,""17"":166,""18"":-152,""19"":-237,""15"":1000,""13201"":356,""36"":2079,""40"":811,""43"":0,""241"":26801,""199"":561,""16"":54376,""12"":283,""449"":0,""636"":110136883,""11"":893510181,""238"":0,""14"":2540732448,""387"":""2b3431353536342e313833332d303038333935322e383530302b3030302e3139312f""}"
2026-06-29T19:47:48Z,862272088833183,Codec8E,2026-06-29 19:47:48.000 UTC,1782762468000,0,41.5564083,-8.3954850,191,294,11,55,0,"{""239"":1,""240"":1,""80"":1,""21"":5,""200"":0,""69"":1,""237"":2,""113"":100,""263"":1,""303"":1,""383"":3,""30"":0,""31"":5,""32"":66,""33"":0,""35"":19,""37"":56,""38"":249,""39"":49,""181"":13,""182"":10,""66"":14110,""24"":55,""206"":26,""67"":4051,""68"":0,""13"":72,""17"":280,""18"":78,""19"":-228,""15"":1000,""13201"":356,""36"":2079,""40"":811,""43"":0,""241"":26801,""199"":577,""16"":54392,""12"":283,""449"":0,""636"":110136883,""11"":893510181,""238"":0,""14"":2540732448,""387"":""2b3431353536342e303833332d303038333935342e383530302b3030302e3139312f""}"
2026-06-29T19:47:49Z,862272088833183,Codec8E,2026-06-29 19:47:49.000 UTC,1782762469000,0,41.5562833,-8.3956483,191,257,12,49,0,"{""239"":1,""240"":1,""80"":1,""21"":5,""200"":0,""69"":1,""237"":2,""113"":100,""263"":1,""303"":1,""383"":3,""30"":0,""31"":5,""32"":66,""33"":0,""35"":19,""37"":56,""38"":249,""39"":49,""181"":18,""182"":10,""66"":14094,""24"":49,""206"":26,""67"":4051,""68"":0,""13"":72,""17"":180,""18"":-2,""19"":-224,""15"":1000,""13201"":356,""36"":2079,""40"":811,""43"":0,""241"":26801,""199"":597,""16"":54412,""12"":283,""449"":0,""636"":110136883,""11"":893510181,""238"":0,""14"":2540732448,""387"":""2b3431353536322e383333332d303038333935362e343833332b3030302e3139312f""}"
2026-06-29T19:47:49Z,862272088833183,Codec8E,2026-06-29 19:47:49.010 UTC,1782762469010,0,41.5562833,-8.3956483,191,257,12,49,253,"{""239"":1,""240"":1,""80"":1,""21"":5,""200"":0,""69"":1,""237"":2,""113"":100,""263"":1,""303"":1,""383"":3,""30"":0,""31"":30,""32"":66,""33"":0,""35"":19,""37"":43,""38"":3,""39"":48,""253"":3,""254"":52,""181"":18,""182"":10,""66"":14091,""24"":49,""206"":26,""67"":4051,""68"":0,""13"":72,""17"":-45,""18"":44,""19"":-13,""15"":1000,""13201"":357,""36"":1665,""40"":141,""43"":0,""241"":26801,""199"":597,""16"":54412,""12"":283,""449"":0,""636"":110136883,""11"":893510181,""238"":0,""14"":2540732448,""387"":""2b3431353536322e383333332d303038333935362e343833332b3030302e3139312f""}"
2026-06-29T19:47:50Z,862272088833183,Codec8E,2026-06-29 19:47:50.000 UTC,1782762470000,0,41.5562399,-8.3957599,190,256,12,44,255,"{""239"":1,""240"":1,""80"":1,""21"":5,""200"":0,""69"":1,""237"":2,""113"":100,""263"":1,""303"":1,""383"":3,""30"":0,""31"":30,""32"":66,""33"":0,""35"":19,""37"":43,""38"":3,""39"":48,""255"":44,""181"":12,""182"":9,""66"":14130,""24"":44,""206"":26,""67"":4051,""68"":0,""13"":72,""17"":38,""18"":65,""19"":71,""15"":1000,""13201"":357,""36"":1665,""40"":141,""43"":0,""241"":26801,""199"":607,""16"":54422,""12"":283,""449"":0,""636"":110136883,""11"":893510181,""238"":0,""14"":2540732448,""387"":""2b3431353536322e343030302d303038333935372e363030302b3030302e3139302f""}"
2026-06-29T19:47:52Z,862272088833183,Codec8E,2026-06-29 19:47:52.000 UTC,1782762472000,0,41.5561933,-8.3959366,188,261,13,31,0,"{""239"":1,""240"":1,""80"":1,""21"":5,""200"":0,""69"":1,""237"":2,""113"":100,""263"":1,""303"":1,""383"":3,""30"":0,""31"":30,""32"":66,""33"":0,""35"":19,""37"":43,""38"":3,""39"":48,""181"":11,""182"":8,""66"":14161,""24"":31,""206"":26,""67"":4051,""68"":0,""13"":72,""17"":-72,""18"":119,""19"":211,""15"":1000,""13201"":357,""36"":1665,""40"":141,""43"":0,""241"":26801,""199"":623,""16"":54438,""12"":283,""449"":0,""636"":110136883,""11"":893510181,""238"":0,""14"":2540732448,""387"":""2b3431353536312e393333332d303038333935392e333636372b3030302e3138382f""}"
2026-06-29T19:47:55Z,862272088833183,Codec8E,2026-06-29 19:47:54.000 UTC,1782762474000,0,41.5561799,-8.3960549,188,277,13,25,0,"{""239"":1,""240"":1,""80"":1,""21"":5,""200"":0,""69"":1,""237"":2,""113"":100,""263"":1,""303"":1,""383"":3,""30"":0,""31"":14,""32"":65,""33"":254,""35"":88,""37"":20,""38"":241,""39"":47,""181"":11,""182"":8,""66"":14152,""24"":25,""206"":26,""67"":4051,""68"":0,""13"":72,""17"":-53,""18"":133,""19"":225,""15"":1000,""13201"":357,""36"":1724,""40"":1941,""43"":0,""241"":26801,""199"":633,""16"":54448,""12"":283,""449"":0,""636"":110377524,""11"":893510181,""238"":0,""14"":2540732448,""387"":""2b3431353536312e383030302d303038333936302e353530302b3030302e3138382f""}"
2026-06-29T19:47:56Z,862272088833183,Codec8E,2026-06-29 19:47:56.000 UTC,1782762476000,0,41.5562116,-8.3962833,187,287,14,27,0,"{""239"":1,""240"":1,""80"":1,""21"":5,""200"":0,""69"":1,""237"":2,""113"":100,""263"":1,""303"":1,""383"":3,""30"":0,""31"":14,""32"":65,""33"":254,""35"":88,""37"":20,""38"":241,""39"":47,""181"":15,""182"":8,""66"":14145,""24"":27,""206"":26,""67"":4051,""68"":0,""13"":72,""17"":-65,""18"":31,""19"":149,""15"":1000,""13201"":357,""36"":1724,""40"":1941,""43"":0,""241"":26801,""199"":652,""16"":54467,""12"":283,""449"":0,""636"":110377524,""11"":893510181,""238"":0,""14"":2540732448,""387"":""2b3431353536322e313136372d303038333936322e383333332b3030302e3138372f""}"
2026-06-29T19:47:59Z,862272088833183,Codec8E,2026-06-29 19:47:59.000 UTC,1782762479000,0,41.5563200,-8.3967866,184,284,15,38,0,"{""239"":1,""240"":1,""80"":1,""21"":5,""200"":0,""69"":1,""237"":2,""113"":100,""263"":1,""303"":1,""383"":3,""30"":0,""31"":67,""32"":65,""33"":0,""35"":110,""37"":44,""38"":243,""39"":45,""181"":10,""182"":7,""66"":14180,""24"":38,""206"":26,""67"":4051,""68"":0,""13"":72,""17"":194,""18"":450,""19"":-181,""15"":1000,""13201"":357,""36"":2893,""40"":308,""43"":0,""241"":26801,""199"":696,""16"":54511,""12"":283,""449"":0,""636"":110377524,""11"":893510181,""238"":0,""14"":2540732448,""387"":""2b3431353536332e323030302d303038333936372e383636372b3030302e3138342f""}"
2026-06-29T19:48:01Z,862272088833183,Codec8E,2026-06-29 19:48:01.000 UTC,1782762481000,0,41.5563866,-8.3970933,184,305,15,42,0,"{""239"":1,""240"":1,""80"":1,""21"":5,""200"":0,""69"":1,""237"":2,""113"":100,""263"":1,""303"":1,""383"":3,""30"":0,""31"":67,""32"":65,""33"":0,""35"":110,""37"":44,""38"":243,""39"":45,""181"":10,""182"":7,""66"":14159,""24"":42,""206"":26,""67"":4051,""68"":0,""13"":72,""17"":63,""18"":499,""19"":51,""15"":1000,""13201"":357,""36"":2893,""40"":308,""43"":0,""241"":26801,""199"":723,""16"":54538,""12"":283,""449"":0,""636"":110377524,""11"":893510181,""238"":0,""14"":2540732448,""387"":""2b3431353536332e383636372d303038333937302e393333332b3030302e3138342f""}"
2026-06-29T19:48:02Z,862272088833183,Codec8E,2026-06-29 19:48:02.000 UTC,1782762482000,0,41.5564700,-8.3971933,184,325,15,42,0,"{""239"":1,""240"":1,""80"":1,""21"":5,""200"":0,""69"":1,""237"":2,""113"":100,""263"":1,""303"":1,""383"":3,""30"":0,""31"":67,""32"":65,""33"":0,""35"":110,""37"":44,""38"":243,""39"":45,""181"":10,""182"":7,""66"":14175,""24"":42,""206"":26,""67"":4051,""68"":0,""13"":72,""17"":7,""18"":-217,""19"":-16,""15"":1000,""13201"":357,""36"":2893,""40"":308,""43"":0,""241"":26801,""199"":735,""16"":54550,""12"":283,""449"":0,""636"":110377524,""11"":893510181,""238"":0,""14"":2540732448,""387"":""2b3431353536342e373030302d303038333937312e393333332b3030302e3138342f""}"
2026-06-29T19:48:02Z,862272088833183,Codec8E,2026-06-29 19:48:02.010 UTC,1782762482010,0,41.5564700,-8.3971933,184,325,15,42,253,"{""239"":1,""240"":1,""80"":1,""21"":5,""200"":0,""69"":1,""237"":2,""113"":100,""263"":1,""303"":1,""383"":3,""30"":0,""31"":67,""32"":65,""33"":0,""35"":110,""37"":44,""38"":243,""39"":45,""253"":3,""254"":34,""181"":10,""182"":7,""66"":14176,""24"":42,""206"":26,""67"":4051,""68"":0,""13"":72,""17"":31,""18"":-314,""19"":18,""15"":1000,""13201"":357,""36"":2893,""40"":308,""43"":0,""241"":26801,""199"":735,""16"":54550,""12"":283,""449"":0,""636"":110377524,""11"":893510181,""238"":0,""14"":2540732448,""387"":""2b3431353536342e373030302d303038333937312e393333332b3030302e3138342f""}"
2026-06-29T19:48:05Z,862272088833183,Codec8E,2026-06-29 19:48:05.000 UTC,1782762485000,0,41.5567383,-8.3974333,186,305,15,40,0,"{""239"":1,""240"":1,""80"":1,""21"":5,""200"":0,""69"":1,""237"":2,""113"":100,""263"":1,""303"":1,""383"":3,""30"":0,""31"":4,""32"":65,""33"":242,""35"":18,""37"":40,""38"":247,""39"":46,""181"":12,""182"":7,""66"":14153,""24"":40,""206"":26,""67"":4051,""68"":0,""13"":72,""17"":18,""18"":-306,""19"":-44,""15"":1000,""13201"":359,""36"":2033,""40"":233,""43"":0,""241"":26801,""199"":771,""16"":54586,""12"":283,""449"":0,""636"":110377524,""11"":893510181,""238"":0,""14"":2540732448,""387"":""2b3431353536372e333833332d303038333937342e333333332b3030302e3138362f""}"
2026-06-29T19:48:06Z,862272088833183,Codec8E,2026-06-29 19:48:06.000 UTC,1782762486000,0,41.5567816,-8.3975483,186,286,15,38,0,"{""239"":1,""240"":1,""80"":1,""21"":5,""200"":0,""69"":1,""237"":2,""113"":100,""263"":1,""303"":1,""383"":3,""30"":0,""31"":4,""32"":65,""33"":242,""35"":18,""37"":40,""38"":247,""39"":46,""181"":10,""182"":7,""66"":14139,""24"":38,""206"":26,""67"":4051,""68"":0,""13"":72,""17"":69,""18"":-221,""19"":-55,""15"":1000,""13201"":359,""36"":2033,""40"":233,""43"":0,""241"":26801,""199"":782,""16"":54597,""12"":283,""449"":0,""636"":110590005,""11"":893510181,""238"":0,""14"":2540732448,""387"":""2b3431353536372e383136372d303038333937352e343833332b3030302e3138362f""}"
2026-06-29T19:48:08Z,862272088833183,Codec8E,2026-06-29 19:48:07.000 UTC,1782762487000,0,41.5567799,-8.3976616,187,272,15,37,0,"{""239"":1,""240"":1,""80"":1,""21"":5,""200"":0,""69"":1,""237"":2,""113"":100,""263"":1,""303"":1,""383"":3,""30"":0,""31"":4,""32"":65,""33"":242,""35"":18,""37"":40,""38"":247,""39"":46,""181"":10,""182"":7,""66"":14148,""24"":37,""206"":26,""67"":4051,""68"":0,""13"":72,""17"":12,""18"":-204,""19"":-47,""15"":1000,""13201"":359,""36"":2033,""40"":233,""43"":0,""241"":26801,""199"":791,""16"":54606,""12"":283,""449"":0,""636"":110590005,""11"":893510181,""238"":0,""14"":2540732448,""387"":""2b3431353536372e383030302d303038333937362e363136372b3030302e3138372f""}"
2026-06-29T19:48:08Z,862272088833183,Codec8E,2026-06-29 19:48:08.000 UTC,1782762488000,0,41.5567550,-8.3977700,188,260,15,35,0,"{""239"":1,""240"":1,""80"":1,""21"":5,""200"":0,""69"":1,""237"":2,""113"":100,""263"":1,""303"":1,""383"":3,""30"":0,""31"":4,""32"":65,""33"":0,""35"":19,""37"":31,""38"":236,""39"":48,""181"":10,""182"":7,""66"":14152,""24"":35,""206"":26,""67"":4051,""68"":0,""13"":72,""17"":-36,""18"":-227,""19"":64,""15"":1000,""13201"":358,""36"":1640,""40"":94,""43"":0,""241"":26801,""199"":801,""16"":54616,""12"":283,""449"":0,""636"":110590005,""11"":893510181,""238"":0,""14"":2540732448,""387"":""2b3431353536372e353530302d303038333937372e373030302b3030302e3138382f""}"
2026-06-29T19:48:09Z,862272088833183,Codec8E,2026-06-29 19:48:09.000 UTC,1782762489000,0,41.5567100,-8.3978666,188,242,14,34,0,"{""239"":1,""240"":1,""80"":1,""21"":5,""200"":0,""69"":1,""237"":2,""113"":100,""263"":1,""303"":1,""383"":3,""30"":0,""31"":4,""32"":65,""33"":0,""35"":19,""37"":31,""38"":236,""39"":48,""181"":10,""182"":7,""66"":14165,""24"":34,""206"":26,""67"":4051,""68"":0,""13"":72,""17"":-30,""18"":0,""19"":114,""15"":1000,""13201"":358,""36"":1640,""40"":94,""43"":0,""241"":26801,""199"":810,""16"":54625,""12"":283,""449"":0,""636"":110590005,""11"":893510181,""238"":0,""14"":2540732448,""387"":""2b3431353536372e313030302d303038333937382e363636372b3030302e3138382f""}"
2026-06-29T19:48:09Z,862272088833183,Codec8E,2026-06-29 19:48:09.010 UTC,1782762489010,0,41.5567100,-8.3978666,188,242,14,34,253,"{""239"":1,""240"":1,""80"":1,""21"":5,""200"":0,""69"":1,""237"":2,""113"":100,""263"":1,""303"":1,""383"":3,""30"":0,""31"":4,""32"":65,""33"":0,""35"":19,""37"":31,""38"":236,""39"":48,""253"":3,""254"":30,""181"":10,""182"":7,""66"":14167,""24"":34,""206"":26,""67"":4051,""68"":0,""13"":72,""17"":-9,""18"":72,""19"":150,""15"":1000,""13201"":358,""36"":1640,""40"":94,""43"":0,""241"":26801,""199"":810,""16"":54625,""12"":283,""449"":0,""636"":110590005,""11"":893510181,""238"":0,""14"":2540732448,""387"":""2b3431353536372e313030302d303038333937382e363636372b3030302e3138382f""}"
2026-06-29T19:48:10Z,862272088833183,Codec8E,2026-06-29 19:48:10.000 UTC,1782762490000,0,41.5566350,-8.3979316,189,224,15,34,0,"{""239"":1,""240"":1,""80"":1,""21"":5,""200"":0,""69"":1,""237"":2,""113"":100,""263"":1,""303"":1,""383"":3,""30"":0,""31"":4,""32"":65,""33"":0,""35"":19,""37"":31,""38"":236,""39"":48,""181"":10,""182"":7,""66"":14173,""24"":34,""206"":26,""67"":4051,""68"":0,""13"":72,""17"":64,""18"":114,""19"":172,""15"":1000,""13201"":358,""36"":1640,""40"":94,""43"":0,""241"":26801,""199"":820,""16"":54635,""12"":283,""449"":0,""636"":110590005,""11"":893510181,""238"":0,""14"":2540732448,""387"":""2b3431353536362e333530302d303038333937392e333136372b3030302e3138392f""}"
2026-06-29T19:48:10Z,862272088833183,Codec8E,2026-06-29 19:48:10.010 UTC,1782762490010,0,41.5566350,-8.3979316,189,224,15,34,253,"{""239"":1,""240"":1,""80"":1,""21"":5,""200"":0,""69"":1,""237"":2,""113"":100,""263"":1,""303"":1,""383"":3,""30"":0,""31"":4,""32"":65,""33"":0,""35"":19,""37"":31,""38"":236,""39"":48,""253"":3,""254"":30,""181"":10,""182"":7,""66"":14174,""24"":34,""206"":26,""67"":4051,""68"":0,""13"":72,""17"":12,""18"":194,""19"":117,""15"":1000,""13201"":359,""36"":1640,""40"":94,""43"":0,""241"":26801,""199"":820,""16"":54635,""12"":283,""449"":0,""636"":110590005,""11"":893510181,""238"":0,""14"":2540732448,""387"":""2b3431353536362e333530302d303038333937392e333136372b3030302e3138392f""}"
2026-06-29T19:48:11Z,862272088833183,Codec8E,2026-06-29 19:48:11.000 UTC,1782762491000,0,41.5565416,-8.3979866,189,213,15,35,0,"{""239"":1,""240"":1,""80"":1,""21"":5,""200"":0,""69"":1,""237"":2,""113"":100,""263"":1,""303"":1,""383"":3,""30"":0,""31"":4,""32"":65,""33"":0,""35"":19,""37"":31,""38"":236,""39"":48,""181"":12,""182"":7,""66"":14161,""24"":35,""206"":26,""67"":4051,""68"":0,""13"":72,""17"":73,""18"":233,""19"":230,""15"":1000,""13201"":359,""36"":1640,""40"":94,""43"":0,""241"":26801,""199"":831,""16"":54646,""12"":283,""449"":0,""636"":110590005,""11"":893510181,""238"":0,""14"":2540732448,""387"":""2b3431353536352e343136372d303038333937392e383636372b3030302e3138392f""}"
2026-06-29T19:48:13Z,862272088833183,Codec8E,2026-06-29 19:48:13.000 UTC,1782762493000,0,41.5563316,-8.3981166,188,224,15,38,0,"{""239"":1,""240"":1,""80"":1,""21"":5,""200"":0,""69"":1,""237"":2,""113"":100,""263"":1,""303"":1,""383"":3,""30"":0,""31"":45,""32"":65,""33"":0,""35"":113,""37"":38,""38"":246,""39"":46,""181"":12,""182"":7,""66"":14140,""24"":38,""206"":26,""67"":4051,""68"":0,""13"":72,""17"":24,""18"":225,""19"":220,""15"":1000,""13201"":359,""36"":1859,""40"":1605,""43"":0,""241"":26801,""199"":857,""16"":54672,""12"":283,""449"":0,""636"":110590005,""11"":893510181,""238"":0,""14"":2540732448,""387"":""2b3431353536332e333136372d303038333938312e313636372b3030302e3138382f""}"
2026-06-29T19:48:15Z,862272088833183,Codec8E,2026-06-29 19:48:14.000 UTC,1782762494000,0,41.5562733,-8.3982466,187,236,15,40,0,"{""239"":1,""240"":1,""80"":1,""21"":5,""200"":0,""69"":1,""237"":2,""113"":100,""263"":1,""303"":1,""383"":3,""30"":0,""31"":45,""32"":65,""33"":0,""35"":113,""37"":38,""38"":246,""39"":46,""181"":10,""182"":7,""66"":14174,""24"":40,""206"":26,""67"":4051,""68"":0,""13"":72,""17"":-104,""18"":-22,""19"":124,""15"":1000,""13201"":359,""36"":1859,""40"":1605,""43"":0,""241"":26801,""199"":870,""16"":54685,""12"":283,""449"":0,""636"":110590005,""11"":893510181,""238"":0,""14"":2540732448,""387"":""2b3431353536322e373333332d303038333938322e343636372b3030302e3138372f""}"
2026-06-29T19:48:18Z,862272088833183,Codec8E,2026-06-29 19:48:18.000 UTC,1782762498000,0,41.5559733,-8.3988966,183,240,15,51,0,"{""239"":1,""240"":1,""80"":1,""21"":5,""200"":0,""69"":1,""237"":2,""113"":100,""263"":1,""303"":1,""383"":3,""30"":0,""31"":61,""32"":65,""33"":250,""35"":138,""37"":55,""38"":239,""39"":44,""181"":12,""182"":7,""66"":14156,""24"":51,""206"":26,""67"":4051,""68"":0,""13"":72,""17"":142,""18"":-41,""19"":265,""15"":1000,""13201"":359,""36"":2726,""40"":1408,""43"":0,""241"":26801,""199"":933,""16"":54748,""12"":283,""449"":0,""636"":110118964,""11"":893510181,""238"":0,""14"":2540732448,""387"":""2b3431353535392e373333332d303038333938382e393636372b3030302e3138332f""}"
2026-06-29T19:48:18Z,862272088833183,Codec8E,2026-06-29 19:48:18.010 UTC,1782762498010,0,41.5559116,-8.3990816,184,238,15,54,255,"{""239"":1,""240"":1,""80"":1,""21"":5,""200"":0,""69"":1,""237"":2,""113"":100,""263"":1,""303"":1,""383"":3,""30"":0,""31"":61,""32"":65,""33"":250,""35"":138,""37"":55,""38"":239,""39"":44,""255"":54,""181"":12,""182"":7,""66"":14153,""24"":54,""206"":26,""67"":4051,""68"":0,""13"":72,""17"":69,""18"":-44,""19"":246,""15"":1000,""13201"":359,""36"":2726,""40"":1408,""43"":0,""241"":26801,""199"":950,""16"":54765,""12"":283,""449"":0,""636"":110118964,""11"":893510181,""238"":0,""14"":2540732448,""387"":""2b3431353535392e313136372d303038333939302e383136372b3030302e3138342f""}"
2026-06-29T19:48:23Z,862272088833183,Codec8E,2026-06-29 19:48:23.000 UTC,1782762503000,0,41.5555583,-8.3998883,185,240,15,66,0,"{""239"":1,""240"":1,""80"":1,""21"":5,""200"":0,""69"":1,""237"":2,""113"":100,""263"":1,""303"":1,""383"":3,""30"":0,""31"":58,""32"":65,""33"":249,""35"":132,""37"":66,""38"":243,""39"":43,""181"":10,""182"":7,""66"":14171,""24"":66,""206"":26,""67"":4051,""68"":0,""13"":72,""17"":-14,""18"":-34,""19"":1,""15"":142,""13201"":360,""36"":2386,""40"":2030,""43"":0,""241"":26801,""199"":1028,""16"":54843,""12"":283,""449"":0,""636"":110118964,""11"":893510181,""238"":0,""14"":2540732448,""387"":""2b3431353535352e353833332d303038333939382e383833332b3030302e3138352f""}"
2026-06-29T19:48:28Z,862272088833183,Codec8E,2026-06-29 19:48:28.000 UTC,1782762508000,0,41.5550783,-8.4010166,186,239,14,75,0,"{""239"":1,""240"":1,""80"":1,""21"":5,""200"":0,""69"":1,""237"":2,""113"":100,""263"":1,""303"":1,""383"":3,""30"":0,""31"":62,""32"":65,""33"":249,""35"":28,""37"":75,""38"":242,""39"":43,""181"":10,""182"":7,""66"":14174,""24"":75,""206"":26,""67"":4051,""68"":0,""13"":72,""17"":69,""18"":45,""19"":137,""15"":142,""13201"":360,""36"":2389,""40"":1438,""43"":0,""241"":26801,""199"":1136,""16"":54951,""12"":283,""449"":0,""636"":110377524,""11"":893510181,""238"":0,""14"":2540732448,""387"":""2b3431353535302e373833332d303038343031302e313636372b3030302e3138362f""}"
2026-06-29T19:48:33Z,862272088833183,Codec8E,2026-06-29 19:48:33.000 UTC,1782762513000,0,41.5545366,-8.4022433,189,240,14,82,0,"{""239"":1,""240"":1,""80"":1,""21"":5,""200"":0,""69"":1,""237"":2,""113"":100,""263"":1,""303"":1,""383"":3,""30"":0,""31"":60,""32"":65,""33"":250,""35"":131,""37"":81,""38"":245,""39"":43,""181"":11,""182"":7,""66"":14161,""24"":82,""206"":26,""67"":4051,""68"":0,""13"":72,""17"":-16,""18"":8,""19"":118,""15"":142,""13201"":360,""36"":2121,""40"":1741,""43"":0,""241"":26801,""199"":1255,""16"":55070,""12"":283,""449"":0,""636"":110377524,""11"":893510181,""238"":0,""14"":2540732448,""387"":""2b3431353534352e333636372d303038343032322e343333332b3030302e3138392f""}"
2026-06-29T19:48:37Z,862272088833183,Codec8E,2026-06-29 19:48:37.000 UTC,1782762517000,0,41.5540783,-8.4032783,187,241,14,87,0,"{""239"":1,""240"":1,""80"":1,""21"":5,""200"":0,""69"":1,""237"":2,""113"":100,""263"":1,""303"":1,""383"":3,""30"":0,""31"":63,""32"":66,""33"":253,""35"":136,""37"":87,""38"":248,""39"":43,""181"":11,""182"":7,""66"":14180,""24"":87,""206"":26,""67"":4051,""68"":0,""13"":72,""17"":0,""18"":40,""19"":57,""15"":142,""13201"":360,""36"":2281,""40"":1841,""43"":0,""241"":26801,""199"":1355,""16"":55170,""12"":283,""449"":0,""636"":110377524,""11"":893510181,""238"":0,""14"":2540732448,""387"":""2b3431353534302e373833332d303038343033322e373833332b3030302e3138372f""}"
2026-06-29T19:48:41Z,862272088833183,Codec8E,2026-06-29 19:48:41.000 UTC,1782762521000,0,41.5536233,-8.4043683,186,241,14,90,0,"{""239"":1,""240"":1,""80"":1,""21"":5,""200"":0,""69"":1,""237"":2,""113"":100,""263"":1,""303"":1,""383"":3,""30"":0,""31"":61,""32"":66,""33"":253,""35"":132,""37"":92,""38"":245,""39"":43,""181"":11,""182"":7,""66"":14195,""24"":90,""206"":26,""67"":4051,""68"":0,""13"":72,""17"":217,""18"":50,""19"":52,""15"":142,""13201"":361,""36"":2400,""40"":1900,""43"":0,""241"":26801,""199"":1459,""16"":55274,""12"":283,""449"":0,""636"":110377524,""11"":893510181,""238"":0,""14"":2540732448,""387"":""2b3431353533362e323333332d303038343034332e363833332b3030302e3138362f""}"
2026-06-29T19:48:46Z,862272088833183,Codec8E,2026-06-29 19:48:46.000 UTC,1782762526000,0,41.5530516,-8.4056766,188,240,15,88,0,"{""239"":1,""240"":1,""80"":1,""21"":5,""200"":0,""69"":1,""237"":2,""113"":100,""263"":1,""303"":1,""383"":3,""30"":0,""31"":7,""32"":66,""33"":246,""35"":24,""37"":90,""38"":227,""39"":44,""181"":10,""182"":7,""66"":14194,""24"":88,""206"":26,""67"":4051,""68"":0,""13"":72,""17"":34,""18"":16,""19"":-29,""15"":142,""13201"":362,""36"":2298,""40"":522,""43"":0,""241"":26801,""199"":1585,""16"":55400,""12"":283,""449"":0,""636"":110377524,""11"":893510181,""238"":0,""14"":2540732448,""387"":""2b3431353533302e353136372d303038343035362e373636372b3030302e3138382f""}"
2026-06-29T19:48:50Z,862272088833183,Codec8E,2026-06-29 19:48:50.000 UTC,1782762530000,0,41.5527166,-8.4065816,192,242,15,78,0,"{""239"":1,""240"":1,""80"":1,""21"":5,""200"":0,""69"":1,""237"":2,""113"":100,""263"":1,""303"":1,""383"":3,""30"":0,""31"":32,""32"":66,""33"":0,""35"":29,""37"":78,""38"":230,""39"":45,""181"":12,""182"":7,""66"":14184,""24"":78,""206"":26,""67"":4051,""68"":0,""13"":72,""17"":14,""18"":33,""19"":-15,""15"":142,""13201"":362,""36"":2034,""40"":111,""43"":0,""241"":26801,""199"":1669,""16"":55484,""12"":283,""449"":0,""636"":110136883,""11"":893510181,""238"":0,""14"":2540732448,""387"":""2b3431353532372e313636372d303038343036352e383136372b3030302e3139322f""}"
2026-06-29T19:48:57Z,862272088833183,Codec8E,2026-06-29 19:48:56.000 UTC,1782762536000,0,41.5522166,-8.4077733,187,240,14,70,0,"{""239"":1,""240"":1,""80"":1,""21"":5,""200"":0,""69"":1,""237"":2,""113"":100,""263"":1,""303"":1,""383"":3,""30"":0,""31"":4,""32"":66,""33"":0,""35"":17,""37"":67,""38"":233,""39"":46,""181"":10,""182"":7,""66"":14189,""24"":70,""206"":26,""67"":4051,""68"":0,""13"":72,""17"":52,""18"":25,""19"":45,""15"":142,""13201"":362,""36"":1763,""40"":169,""43"":0,""241"":26801,""199"":1783,""16"":55598,""12"":283,""449"":0,""636"":110136884,""11"":893510181,""238"":0,""14"":2540732448,""387"":""2b3431353532322e313636372d303038343037372e373333332b3030302e3138372f""}"
2026-06-29T19:49:01Z,862272088833183,Codec8E,2026-06-29 19:49:01.000 UTC,1782762541000,0,41.5517316,-8.4087950,187,240,15,71,0,"{""239"":1,""240"":1,""80"":1,""21"":5,""200"":0,""69"":1,""237"":2,""113"":100,""263"":1,""303"":1,""383"":3,""30"":0,""31"":8,""32"":65,""33"":0,""35"":27,""37"":70,""38"":242,""39"":46,""181"":10,""182"":7,""66"":14178,""24"":71,""206"":26,""67"":4051,""68"":0,""13"":72,""17"":0,""18"":6,""19"":39,""15"":142,""13201"":363,""36"":1859,""40"":994,""43"":0,""241"":26801,""199"":1884,""16"":55699,""12"":283,""449"":0,""636"":110170163,""11"":893510181,""238"":0,""14"":2540732448,""387"":""2b3431353531372e333136372d303038343038372e393530302b3030302e3138372f""}"
2026-06-29T19:49:06Z,862272088833183,Codec8E,2026-06-29 19:49:06.000 UTC,1782762546000,0,41.5513416,-8.4099066,187,241,15,72,0,"{""239"":1,""240"":1,""80"":1,""21"":5,""200"":0,""69"":1,""237"":2,""113"":100,""263"":1,""303"":1,""383"":3,""30"":0,""31"":49,""32"":65,""33"":2,""35"":106,""37"":72,""38"":242,""39"":44,""181"":12,""182"":7,""66"":14189,""24"":72,""206"":26,""67"":4051,""68"":0,""13"":72,""17"":-24,""18"":-19,""19"":24,""15"":142,""13201"":363,""36"":1873,""40"":1091,""43"":0,""241"":26801,""199"":1987,""16"":55802,""12"":283,""449"":0,""636"":110170163,""11"":893510181,""238"":0,""14"":2540732448,""387"":""2b3431353531332e343136372d303038343039392e303636372b3030302e3138372f""}"
2026-06-29T19:49:11Z,862272088833183,Codec8E,2026-06-29 19:49:11.000 UTC,1782762551000,0,41.5509433,-8.4107800,187,240,15,60,0,"{""239"":1,""240"":1,""80"":1,""21"":5,""200"":0,""69"":1,""237"":2,""113"":100,""263"":1,""303"":1,""383"":3,""30"":0,""31"":43,""32"":65,""33"":249,""35"":18,""37"":70,""38"":231,""39"":43,""181"":10,""182"":7,""66"":14006,""24"":60,""206"":26,""67"":4051,""68"":0,""13"":72,""17"":137,""18"":-55,""19"":-216,""15"":285,""13201"":363,""36"":1842,""40"":108,""43"":0,""241"":26801,""199"":2072,""16"":55887,""12"":283,""449"":0,""636"":110170163,""11"":893510181,""238"":0,""14"":2540732448,""387"":""2b3431353530392e343333332d303038343130372e383030302b3030302e3138372f""}"
2026-06-29T19:49:13Z,862272088833183,Codec8E,2026-06-29 19:49:13.000 UTC,1782762553000,0,41.5508466,-8.4110166,188,240,14,49,0,"{""239"":1,""240"":1,""80"":1,""21"":5,""200"":0,""69"":1,""237"":2,""113"":100,""263"":1,""303"":1,""383"":3,""30"":0,""31"":5,""32"":65,""33"":0,""35"":19,""37"":51,""38"":243,""39"":46,""181"":10,""182"":7,""66"":14119,""24"":49,""206"":26,""67"":4051,""68"":0,""13"":72,""17"":15,""18"":2,""19"":-14,""15"":285,""13201"":363,""36"":1085,""40"":169,""43"":0,""241"":26801,""199"":2094,""16"":55909,""12"":283,""449"":0,""636"":110170163,""11"":893510181,""238"":0,""14"":2540732448,""387"":""2b3431353530382e343636372d303038343131302e313636372b3030302e3138382f""}"
2026-06-29T19:49:14Z,862272088833183,Codec8E,2026-06-29 19:49:13.010 UTC,1782762553010,0,41.5508066,-8.4111200,187,239,15,45,255,"{""239"":1,""240"":1,""80"":1,""21"":5,""200"":0,""69"":1,""237"":2,""113"":100,""263"":1,""303"":1,""383"":3,""30"":0,""31"":5,""32"":65,""33"":0,""35"":19,""37"":51,""38"":243,""39"":46,""255"":45,""181"":10,""182"":7,""66"":14136,""24"":45,""206"":26,""67"":4051,""68"":0,""13"":72,""17"":10,""18"":31,""19"":-26,""15"":285,""13201"":363,""36"":1085,""40"":169,""43"":0,""241"":26801,""199"":2104,""16"":55919,""12"":283,""449"":0,""636"":110170163,""11"":893510181,""238"":0,""14"":2540732448,""387"":""2b3431353530382e303636372d303038343131312e323030302b3030302e3138372f""}"
2026-06-29T19:49:24Z,862272088833183,Codec8E,2026-06-29 19:49:24.000 UTC,1782762564000,0,41.5503133,-8.4122166,182,239,15,41,0,"{""239"":1,""240"":1,""80"":1,""21"":5,""200"":0,""69"":1,""237"":2,""113"":100,""263"":1,""303"":1,""383"":3,""30"":0,""31"":41,""32"":64,""33"":0,""35"":60,""37"":42,""38"":232,""39"":44,""181"":12,""182"":7,""66"":14172,""24"":41,""206"":26,""67"":4051,""68"":0,""13"":72,""17"":-22,""18"":25,""19"":3,""15"":285,""13201"":363,""36"":2093,""40"":227,""43"":0,""241"":26801,""199"":2211,""16"":56026,""12"":283,""449"":0,""636"":110170163,""11"":893510181,""238"":0,""14"":2540732448,""387"":""2b3431353530332e313333332d303038343132322e313636372b3030302e3138322f""}"
2026-06-29T19:49:32Z,862272088833183,Codec8E,2026-06-29 19:49:32.000 UTC,1782762572000,0,41.5498733,-8.4133083,179,240,15,45,0,"{""239"":1,""240"":1,""80"":1,""21"":5,""200"":0,""69"":1,""237"":2,""113"":100,""263"":1,""303"":1,""383"":3,""30"":0,""31"":35,""32"":64,""33"":249,""35"":32,""37"":46,""38"":225,""39"":43,""181"":10,""182"":7,""66"":14193,""24"":45,""206"":26,""67"":4051,""68"":0,""13"":72,""17"":123,""18"":45,""19"":70,""15"":285,""13201"":364,""36"":2346,""40"":225,""43"":0,""241"":26801,""199"":2314,""16"":56129,""12"":283,""449"":0,""636"":110170163,""11"":893510181,""238"":0,""14"":2540732448,""387"":""2b3431353439382e373333332d303038343133332e303833332b3030302e3137392f""}"
2026-06-29T19:49:41Z,862272088833183,Codec8E,2026-06-29 19:49:41.000 UTC,1782762581000,0,41.5493950,-8.4144383,182,241,14,41,0,"{""239"":1,""240"":1,""80"":1,""21"":5,""200"":0,""69"":1,""237"":2,""113"":100,""263"":1,""303"":1,""383"":3,""30"":0,""31"":6,""32"":64,""33"":0,""35"":26,""37"":40,""38"":243,""39"":44,""181"":16,""182"":8,""66"":14193,""24"":41,""206"":26,""67"":4051,""68"":0,""13"":72,""17"":25,""18"":22,""19"":-6,""15"":285,""13201"":365,""36"":2079,""40"":247,""43"":0,""241"":26801,""199"":2422,""16"":56237,""12"":283,""449"":0,""636"":110170164,""11"":893510181,""238"":0,""14"":2540732448,""387"":""2b3431353439332e393530302d303038343134342e333833332b3030302e3138322f""}"
2026-06-29T19:49:50Z,862272088833183,Codec8E,2026-06-29 19:49:49.000 UTC,1782762589000,0,41.5489716,-8.4155516,178,241,10,45,0,"{""239"":1,""240"":1,""80"":1,""21"":5,""200"":0,""69"":1,""237"":2,""113"":100,""263"":1,""303"":1,""383"":3,""30"":0,""31"":7,""32"":64,""33"":0,""35"":25,""37"":48,""38"":238,""39"":45,""181"":13,""182"":10,""66"":14184,""24"":45,""206"":26,""67"":4051,""68"":0,""13"":72,""17"":95,""18"":-48,""19"":173,""15"":285,""13201"":365,""36"":2419,""40"":913,""43"":0,""241"":26801,""199"":2526,""16"":56341,""12"":283,""449"":0,""636"":110170163,""11"":893510181,""238"":0,""14"":2540732448,""387"":""2b3431353438392e373136372d303038343135352e353136372b3030302e3137382f""}"
2026-06-29T19:49:55Z,862272088833183,Codec8E,2026-06-29 19:49:55.000 UTC,1782762595000,0,41.5485733,-8.4164816,178,231,13,46,0,"{""239"":1,""240"":1,""80"":1,""21"":5,""200"":0,""69"":1,""237"":2,""113"":100,""263"":1,""303"":1,""383"":3,""30"":0,""31"":39,""32"":63,""33"":255,""35"":100,""37"":48,""38"":240,""39"":42,""181"":11,""182"":8,""66"":14190,""24"":46,""206"":26,""67"":4051,""68"":0,""13"":72,""17"":-3,""18"":40,""19"":95,""15"":285,""13201"":365,""36"":2440,""40"":1350,""43"":0,""241"":26801,""199"":2616,""16"":56431,""12"":283,""449"":0,""636"":110170163,""11"":893510181,""238"":0,""14"":2540732448,""387"":""2b3431353438352e373333332d303038343136342e383136372b3030302e3137382f""}"
2026-06-29T19:50:00Z,862272088833183,Codec8E,2026-06-29 19:50:00.000 UTC,1782762600000,0,41.5480883,-8.4170516,179,219,14,51,0,"{""239"":1,""240"":1,""80"":1,""21"":5,""200"":0,""69"":1,""237"":2,""113"":100,""263"":1,""303"":1,""383"":3,""30"":0,""31"":29,""32"":63,""33"":0,""35"":69,""37"":46,""38"":239,""39"":42,""181"":10,""182"":7,""66"":14176,""24"":51,""206"":26,""67"":4051,""68"":0,""13"":72,""17"":26,""18"":-49,""19"":14,""15"":285,""13201"":366,""36"":2370,""40"":1105,""43"":0,""241"":26801,""199"":2689,""16"":56504,""12"":283,""449"":0,""636"":110170163,""11"":893510181,""238"":0,""14"":2540732448,""387"":""2b3431353438302e383833332d303038343137302e353136372b3030302e3137392f""}"
2026-06-29T19:50:01Z,862272088833183,Codec8E,2026-06-29 19:50:00.010 UTC,1782762600010,0,41.5479733,-8.4171683,178,217,14,53,255,"{""239"":1,""240"":1,""80"":1,""21"":5,""200"":0,""69"":1,""237"":2,""113"":100,""263"":1,""303"":1,""383"":3,""30"":0,""31"":29,""32"":63,""33"":0,""35"":69,""37"":46,""38"":239,""39"":42,""255"":53,""181"":12,""182"":7,""66"":14164,""24"":53,""206"":26,""67"":4051,""68"":0,""13"":72,""17"":15,""18"":12,""19"":33,""15"":285,""13201"":366,""36"":2370,""40"":1105,""43"":0,""241"":26801,""199"":2705,""16"":56520,""12"":283,""449"":0,""636"":110170163,""11"":893510181,""238"":0,""14"":2540732448,""387"":""2b3431353437392e373333332d303038343137312e363833332b3030302e3137382f""}"
2026-06-29T19:50:07Z,862272088833183,Codec8E,2026-06-29 19:50:07.000 UTC,1782762607000,0,41.5472399,-8.4179366,178,219,15,60,0,"{""239"":1,""240"":1,""80"":1,""21"":5,""200"":0,""69"":1,""237"":2,""113"":100,""263"":1,""303"":1,""383"":3,""30"":0,""31"":41,""32"":64,""33"":255,""35"":93,""37"":63,""38"":230,""39"":41,""181"":10,""182"":7,""66"":14185,""24"":60,""206"":26,""67"":4051,""68"":0,""13"":72,""17"":93,""18"":41,""19"":-7,""15"":285,""13201"":366,""36"":2276,""40"":277,""43"":0,""241"":26801,""199"":2809,""16"":56624,""12"":283,""449"":0,""636"":110374965,""11"":893510181,""238"":0,""14"":2540732448,""387"":""2b3431353437322e343030302d303038343137392e333636372b3030302e3137382f""}"
2026-06-29T19:50:13Z,862272088833183,Codec8E,2026-06-29 19:50:12.000 UTC,1782762612000,0,41.5466133,-8.4185650,179,216,14,48,255,"{""239"":1,""240"":1,""80"":1,""21"":5,""200"":0,""69"":1,""237"":2,""113"":100,""263"":1,""303"":1,""383"":3,""30"":0,""31"":5,""32"":64,""33"":0,""35"":19,""37"":52,""38"":232,""39"":43,""255"":48,""181"":10,""182"":7,""66"":13991,""24"":48,""206"":26,""67"":4051,""68"":0,""13"":72,""17"":214,""18"":245,""19"":-150,""15"":285,""13201"":367,""36"":1972,""40"":102,""43"":0,""241"":26801,""199"":2896,""16"":56711,""12"":283,""449"":0,""636"":110374965,""11"":893510181,""238"":0,""14"":2540732448,""387"":""2b3431353436362e313333332d303038343138352e363530302b3030302e3137392f""}"
2026-06-29T19:50:15Z,862272088833183,Codec8E,2026-06-29 19:50:15.000 UTC,1782762615000,0,41.5465183,-8.4186866,179,230,14,39,0,"{""239"":1,""240"":1,""80"":1,""21"":5,""200"":0,""69"":1,""237"":2,""113"":100,""263"":1,""303"":1,""383"":3,""30"":0,""31"":5,""32"":64,""33"":0,""35"":19,""37"":52,""38"":232,""39"":43,""181"":10,""182"":7,""66"":14129,""24"":39,""206"":26,""67"":4051,""68"":0,""13"":72,""17"":244,""18"":352,""19"":73,""15"":285,""13201"":366,""36"":1972,""40"":102,""43"":0,""241"":26801,""199"":2911,""16"":56726,""12"":283,""449"":0,""636"":110374965,""11"":893510181,""238"":0,""14"":2540732448,""387"":""2b3431353436352e313833332d303038343138362e383636372b3030302e3137392f""}"
2026-06-29T19:50:16Z,862272088833183,Codec8E,2026-06-29 19:50:16.000 UTC,1782762616000,0,41.5464983,-8.4187583,179,245,13,35,0,"{""239"":1,""240"":1,""80"":1,""21"":5,""200"":0,""69"":1,""237"":2,""113"":100,""263"":1,""303"":1,""383"":3,""30"":0,""31"":8,""32"":64,""33"":1,""35"":43,""37"":24,""38"":243,""39"":44,""181"":11,""182"":8,""66"":14153,""24"":35,""206"":26,""67"":4051,""68"":0,""13"":72,""17"":160,""18"":96,""19"":53,""15"":285,""13201"":366,""36"":891,""40"":130,""43"":0,""241"":26801,""199"":2917,""16"":56732,""12"":283,""449"":0,""636"":110374965,""11"":893510181,""238"":0,""14"":2540732448,""387"":""2b3431353436342e393833332d303038343138372e353833332b3030302e3137392f""}"
2026-06-29T19:50:17Z,862272088833183,Codec8E,2026-06-29 19:50:16.010 UTC,1782762616010,0,41.5465083,-8.4188333,178,265,13,32,253,"{""239"":1,""240"":1,""80"":1,""21"":5,""200"":0,""69"":1,""237"":2,""113"":100,""263"":1,""303"":1,""383"":3,""30"":0,""31"":8,""32"":64,""33"":1,""35"":43,""37"":24,""38"":243,""39"":44,""253"":3,""254"":30,""181"":11,""182"":8,""66"":14158,""24"":32,""206"":26,""67"":4051,""68"":0,""13"":72,""17"":43,""18"":44,""19"":69,""15"":285,""13201"":367,""36"":891,""40"":130,""43"":0,""241"":26801,""199"":2924,""16"":56739,""12"":283,""449"":0,""636"":110374965,""11"":893510181,""238"":0,""14"":2540732448,""387"":""2b3431353436352e303833332d303038343138382e333333332b3030302e3137382f""}"
2026-06-29T19:50:21Z,862272088833183,Codec8E,2026-06-29 19:50:21.000 UTC,1782762621000,0,41.5465349,-8.4191466,178,255,14,28,0,"{""239"":1,""240"":1,""80"":1,""21"":5,""200"":0,""69"":1,""237"":2,""113"":100,""263"":1,""303"":1,""383"":3,""30"":0,""31"":7,""32"":64,""33"":4,""35"":93,""37"":25,""38"":240,""39"":44,""181"":10,""182"":7,""66"":14174,""24"":28,""206"":26,""67"":4051,""68"":0,""13"":72,""17"":23,""18"":-11,""19"":150,""15"":285,""13201"":368,""36"":1638,""40"":630,""43"":0,""241"":26801,""199"":2951,""16"":56766,""12"":283,""449"":0,""636"":110374965,""11"":893510181,""238"":0,""14"":2540732448,""387"":""2b3431353436352e333530302d303038343139312e343636372b3030302e3137382f""}"
2026-06-29T19:50:25Z,862272088833183,Codec8E,2026-06-29 19:50:25.000 UTC,1782762625000,0,41.5464266,-8.4195316,177,245,12,30,0,"{""239"":1,""240"":1,""80"":1,""21"":5,""200"":0,""69"":1,""237"":2,""113"":100,""263"":1,""303"":1,""383"":3,""30"":0,""31"":26,""32"":64,""33"":0,""35"":32,""37"":31,""38"":229,""39"":43,""181"":12,""182"":9,""66"":14200,""24"":30,""206"":26,""67"":4051,""68"":0,""13"":72,""17"":283,""18"":-68,""19"":299,""15"":285,""13201"":368,""36"":2055,""40"":113,""43"":0,""241"":26801,""199"":2985,""16"":56800,""12"":283,""449"":0,""636"":110218804,""11"":893510181,""238"":0,""14"":2540732448,""387"":""2b3431353436342e323636372d303038343139352e333136372b3030302e3137372f""}"
2026-06-29T19:50:27Z,862272088833183,Codec8E,2026-06-29 19:50:27.000 UTC,1782762627000,0,41.5463600,-8.4196866,176,235,13,28,0,"{""239"":1,""240"":1,""80"":1,""21"":5,""200"":0,""69"":1,""237"":2,""113"":100,""263"":1,""303"":1,""383"":3,""30"":0,""31"":26,""32"":64,""33"":0,""35"":32,""37"":31,""38"":229,""39"":43,""181"":11,""182"":8,""66"":14148,""24"":28,""206"":26,""67"":4051,""68"":0,""13"":72,""17"":187,""18"":-285,""19"":2,""15"":333,""13201"":368,""36"":2055,""40"":113,""43"":0,""241"":26801,""199"":3000,""16"":56815,""12"":283,""449"":0,""636"":110218805,""11"":893510181,""238"":0,""14"":2540732448,""387"":""2b3431353436332e363030302d303038343139362e383636372b3030302e3137362f""}"
2026-06-29T19:50:28Z,862272088833183,Codec8E,2026-06-29 19:50:28.000 UTC,1782762628000,0,41.5463249,-8.4197400,176,221,11,26,0,"{""239"":1,""240"":1,""80"":1,""21"":5,""200"":0,""69"":1,""237"":2,""113"":100,""263"":1,""303"":1,""383"":3,""30"":0,""31"":26,""32"":64,""33"":0,""35"":32,""37"":31,""38"":229,""39"":43,""181"":19,""182"":11,""66"":14054,""24"":26,""206"":26,""67"":4051,""68"":0,""13"":72,""17"":-26,""18"":-285,""19"":3,""15"":333,""13201"":368,""36"":2055,""40"":113,""43"":0,""241"":26801,""199"":3006,""16"":56821,""12"":283,""449"":0,""636"":110218805,""11"":893510181,""238"":0,""14"":2540732448,""387"":""2b3431353436332e323530302d303038343139372e343030302b3030302e3137362f""}"
2026-06-29T19:50:31Z,862272088833183,Codec8E,2026-06-29 19:50:30.000 UTC,1782762630000,0,41.5462316,-8.4198000,176,200,12,23,0,"{""239"":1,""240"":1,""80"":1,""21"":5,""200"":0,""69"":1,""237"":2,""113"":100,""263"":1,""303"":1,""383"":3,""30"":0,""31"":4,""32"":64,""33"":0,""35"":23,""37"":16,""38"":253,""39"":44,""181"":15,""182"":8,""66"":14133,""24"":23,""206"":26,""67"":4051,""68"":0,""13"":72,""17"":87,""18"":-120,""19"":5,""15"":333,""13201"":368,""36"":663,""40"":158,""43"":0,""241"":26801,""199"":3017,""16"":56832,""12"":283,""449"":0,""636"":110218805,""11"":893510181,""238"":0,""14"":2540732448,""387"":""2b3431353436322e333136372d303038343139382e303030302b3030302e3137362f""}"
2026-06-29T19:50:31Z,862272088833183,Codec8E,2026-06-29 19:50:31.000 UTC,1782762631000,0,41.5462100,-8.4197916,176,175,12,21,0,"{""239"":1,""240"":1,""80"":1,""21"":5,""200"":0,""69"":1,""237"":2,""113"":100,""263"":1,""303"":1,""383"":3,""30"":0,""31"":4,""32"":64,""33"":0,""35"":23,""37"":16,""38"":253,""39"":44,""181"":11,""182"":8,""66"":14120,""24"":21,""206"":26,""67"":4051,""68"":0,""13"":72,""17"":108,""18"":-31,""19"":-240,""15"":333,""13201"":368,""36"":663,""40"":158,""43"":0,""241"":26801,""199"":3020,""16"":56835,""12"":283,""449"":0,""636"":110218805,""11"":893510181,""238"":0,""14"":2540732448,""387"":""2b3431353436322e313030302d303038343139372e393136372b3030302e3137362f""}"
2026-06-29T19:50:32Z,862272088833183,Codec8E,2026-06-29 19:50:32.000 UTC,1782762632000,0,41.5461899,-8.4197499,177,151,13,18,0,"{""239"":1,""240"":1,""80"":1,""21"":5,""200"":0,""69"":1,""237"":2,""113"":100,""263"":1,""303"":1,""383"":3,""30"":0,""31"":4,""32"":64,""33"":0,""35"":23,""37"":16,""38"":253,""39"":44,""181"":10,""182"":7,""66"":14130,""24"":18,""206"":26,""67"":4051,""68"":0,""13"":72,""17"":29,""18"":36,""19"":-46,""15"":333,""13201"":368,""36"":663,""40"":158,""43"":0,""241"":26801,""199"":3024,""16"":56839,""12"":283,""449"":0,""636"":110218804,""11"":893510181,""238"":0,""14"":2540732448,""387"":""2b3431353436312e393030302d303038343139372e353030302b3030302e3137372f""}"
2026-06-29T19:50:35Z,862272088833183,Codec8E,2026-06-29 19:50:35.000 UTC,1782762635000,0,41.5461733,-8.4197250,177,151,13,7,0,"{""239"":1,""240"":1,""80"":1,""21"":5,""200"":0,""69"":1,""237"":2,""113"":100,""263"":1,""303"":1,""383"":3,""30"":0,""31"":14,""32"":64,""33"":7,""35"":39,""37"":0,""38"":243,""39"":45,""181"":11,""182"":8,""66"":14167,""24"":7,""206"":26,""67"":4051,""68"":0,""13"":72,""17"":57,""18"":-91,""19"":107,""15"":333,""13201"":368,""36"":933,""40"":480,""43"":0,""241"":26801,""199"":3027,""16"":56842,""12"":283,""449"":0,""636"":110218804,""11"":893510181,""238"":0,""14"":2540732448,""387"":""2b3431353436312e373333332d303038343139372e323530302b3030302e3137372f""}"
2026-06-29T19:50:36Z,862272088833183,Codec8E,2026-06-29 19:50:36.000 UTC,1782762636000,0,41.5461733,-8.4197250,177,131,14,7,0,"{""239"":1,""240"":1,""80"":1,""21"":5,""200"":0,""69"":1,""237"":2,""113"":100,""263"":1,""303"":1,""383"":3,""30"":0,""31"":14,""32"":64,""33"":7,""35"":39,""37"":0,""38"":243,""39"":45,""181"":10,""182"":7,""66"":14171,""24"":7,""206"":26,""67"":4051,""68"":0,""13"":72,""17"":73,""18"":-172,""19"":0,""15"":333,""13201"":368,""36"":933,""40"":480,""43"":0,""241"":26801,""199"":3027,""16"":56842,""12"":283,""449"":0,""636"":110218804,""11"":893510181,""238"":0,""14"":2540732448,""387"":""2b3431353436312e373333332d303038343139372e323530302b3030302e3137372f""}"
2026-06-29T19:50:37Z,862272088833183,Codec8E,2026-06-29 19:50:37.000 UTC,1782762637000,0,41.5461483,-8.4196766,178,107,14,8,0,"{""239"":1,""240"":1,""80"":1,""21"":5,""200"":0,""69"":1,""237"":2,""113"":100,""263"":1,""303"":1,""383"":3,""30"":0,""31"":14,""32"":64,""33"":7,""35"":39,""37"":0,""38"":243,""39"":45,""181"":10,""182"":7,""66"":14171,""24"":8,""206"":26,""67"":4051,""68"":0,""13"":72,""17"":259,""18"":-147,""19"":101,""15"":333,""13201"":368,""36"":933,""40"":480,""43"":0,""241"":26801,""199"":3032,""16"":56847,""12"":283,""449"":0,""636"":110218804,""11"":893510181,""238"":0,""14"":2540732448,""387"":""2b3431353436312e343833332d303038343139362e373636372b3030302e3137382f""}"
2026-06-29T19:50:39Z,862272088833183,Codec8E,2026-06-29 19:50:39.000 UTC,1782762639000,0,41.5461366,-8.4195933,178,95,15,9,0,"{""239"":1,""240"":1,""80"":1,""21"":5,""200"":0,""69"":1,""237"":2,""113"":100,""263"":1,""303"":1,""383"":3,""30"":0,""31"":29,""32"":64,""33"":0,""35"":41,""37"":12,""38"":236,""39"":43,""181"":10,""182"":7,""66"":14187,""24"":9,""206"":26,""67"":4051,""68"":0,""13"":72,""17"":66,""18"":10,""19"":-43,""15"":333,""13201"":369,""36"":1669,""40"":283,""43"":0,""241"":26801,""199"":3039,""16"":56854,""12"":283,""449"":0,""636"":110218805,""11"":893510181,""238"":0,""14"":2540732448,""387"":""2b3431353436312e333636372d303038343139352e393333332b3030302e3137382f""}"
2026-06-29T19:50:40Z,862272088833183,Codec8E,2026-06-29 19:50:40.000 UTC,1782762640000,0,41.5461449,-8.4195516,178,73,15,10,0,"{""239"":1,""240"":1,""80"":1,""21"":5,""200"":0,""69"":1,""237"":2,""113"":100,""263"":1,""303"":1,""383"":3,""30"":0,""31"":29,""32"":64,""33"":0,""35"":41,""37"":12,""38"":236,""39"":43,""181"":10,""182"":7,""66"":14191,""24"":10,""206"":26,""67"":4051,""68"":0,""13"":72,""17"":69,""18"":0,""19"":-150,""15"":333,""13201"":369,""36"":1669,""40"":283,""43"":0,""241"":26801,""199"":3042,""16"":56857,""12"":283,""449"":0,""636"":110218805,""11"":893510181,""238"":0,""14"":2540732448,""387"":""2b3431353436312e343530302d303038343139352e353136372b3030302e3137382f""}"
2026-06-29T19:50:43Z,862272088833183,Codec8E,2026-06-29 19:50:43.000 UTC,1782762643000,0,41.5462016,-8.4193916,177,62,15,12,0,"{""239"":1,""240"":1,""80"":1,""21"":5,""200"":0,""69"":1,""237"":2,""113"":100,""263"":1,""303"":1,""383"":3,""30"":0,""31"":29,""32"":64,""33"":0,""35"":41,""37"":12,""38"":236,""39"":43,""181"":10,""182"":7,""66"":14125,""24"":12,""206"":26,""67"":4051,""68"":0,""13"":72,""17"":96,""18"":22,""19"":-218,""15"":333,""13201"":369,""36"":1669,""40"":283,""43"":0,""241"":26801,""199"":3057,""16"":56872,""12"":283,""449"":0,""636"":110218805,""11"":893510181,""238"":0,""14"":2540732448,""387"":""2b3431353436322e303136372d303038343139332e393136372b3030302e3137372f""}"
2026-06-29T19:50:45Z,862272088833183,Codec8E,2026-06-29 19:50:45.000 UTC,1782762645000,0,41.5462299,-8.4193450,177,39,15,10,0,"{""239"":1,""240"":1,""80"":1,""21"":5,""200"":0,""69"":1,""237"":2,""113"":100,""263"":1,""303"":1,""383"":3,""30"":0,""31"":3,""32"":64,""33"":0,""35"":18,""37"":14,""38"":251,""39"":44,""181"":10,""182"":7,""66"":14115,""24"":10,""206"":26,""67"":4051,""68"":0,""13"":72,""17"":27,""18"":39,""19"":-101,""15"":333,""13201"":369,""36"":2005,""40"":138,""43"":0,""241"":26801,""199"":3060,""16"":56875,""12"":283,""449"":0,""636"":110218804,""11"":893510181,""238"":0,""14"":2540732448,""387"":""2b3431353436322e333030302d303038343139332e343530302b3030302e3137372f""}"
2026-06-29T19:50:50Z,862272088833183,Codec8E,2026-06-29 19:50:50.000 UTC,1782762650000,0,41.5462316,-8.4193483,177,39,12,1,303,"{""239"":1,""240"":1,""80"":1,""21"":5,""200"":0,""69"":1,""237"":2,""113"":100,""263"":1,""303"":0,""383"":3,""30"":0,""31"":13,""32"":64,""33"":5,""35"":39,""37"":0,""38"":255,""39"":45,""181"":13,""182"":9,""66"":14130,""24"":1,""206"":26,""67"":4051,""68"":0,""13"":72,""17"":52,""18"":36,""19"":-125,""15"":333,""13201"":369,""36"":918,""40"":169,""43"":0,""241"":26801,""199"":3060,""16"":56875,""12"":283,""449"":0,""636"":110218804,""11"":893510181,""238"":0,""14"":2540732448,""387"":""2b3431353436322e333136372d303038343139332e343833332b3030302e3137372f""}"
2026-06-29T19:50:55Z,862272088833183,Codec8E,2026-06-29 19:50:54.000 UTC,1782762654000,0,41.5462316,-8.4193483,177,39,12,0,303,"{""239"":1,""240"":1,""80"":1,""21"":5,""200"":0,""69"":1,""237"":2,""113"":100,""263"":1,""303"":1,""383"":3,""30"":0,""31"":14,""32"":64,""33"":11,""35"":40,""37"":0,""38"":0,""39"":45,""181"":12,""182"":8,""66"":14171,""24"":0,""206"":26,""67"":4051,""68"":0,""13"":63,""17"":45,""18"":122,""19"":128,""15"":333,""13201"":369,""36"":911,""40"":175,""43"":0,""241"":26801,""199"":3060,""16"":56875,""12"":284,""449"":0,""636"":110218804,""11"":893510181,""238"":0,""14"":2540732448,""387"":""2b3431353436322e333136372d303038343139332e343833332b3030302e3137372f""}"
2026-06-29T19:51:55Z,862272088833183,Codec8E,2026-06-29 19:51:54.000 UTC,1782762714000,0,41.5462683,-8.4193083,0,0,0,0,303,"{""239"":1,""240"":1,""80"":1,""21"":4,""200"":0,""69"":2,""237"":2,""113"":100,""263"":1,""303"":0,""383"":3,""30"":0,""31"":15,""32"":67,""33"":2,""35"":38,""37"":0,""38"":252,""39"":44,""181"":0,""182"":0,""66"":14169,""24"":0,""206"":26,""67"":4051,""68"":0,""13"":64,""17"":-24,""18"":37,""19"":-9,""15"":333,""13201"":369,""36"":877,""40"":150,""43"":0,""241"":26801,""199"":3060,""16"":56875,""12"":287,""449"":0,""636"":110218764,""11"":893510181,""238"":0,""14"":2540732448,""387"":""2b3431353436322e363833332d303038343139332e303833332b3030302e3030302f""}"
2026-06-29T19:52:13Z,862272088833183,Codec8E,2026-06-29 19:52:12.000 UTC,1782762732000,0,41.5462683,-8.4193083,0,0,0,0,239,"{""239"":0,""240"":1,""80"":1,""21"":4,""200"":0,""69"":2,""237"":2,""113"":100,""263"":1,""303"":0,""383"":3,""30"":0,""31"":27,""32"":68,""33"":8,""35"":67,""37"":0,""38"":3,""39"":45,""181"":0,""182"":0,""66"":13159,""24"":0,""206"":26,""67"":4051,""68"":0,""13"":64,""17"":-32,""18"":29,""19"":-7,""15"":333,""13201"":369,""36"":0,""40"":130,""43"":0,""241"":26801,""199"":3060,""16"":56875,""12"":287,""449"":0,""636"":110218764,""11"":893510181,""238"":0,""14"":2540732448,""387"":""2b3431353436322e363833332d303038343139332e303833332b3030302e3030302f""}"
2026-06-29T19:52:18Z,862272088833183,Codec8E,2026-06-29 19:52:17.000 UTC,1782762737000,0,41.5462683,-8.4193083,0,0,0,0,303,"{""239"":0,""240"":1,""80"":1,""21"":4,""200"":0,""69"":2,""237"":2,""113"":100,""263"":1,""303"":1,""383"":3,""30"":0,""31"":27,""32"":68,""33"":8,""35"":67,""37"":0,""38"":3,""39"":45,""181"":0,""182"":0,""66"":12994,""24"":0,""206"":26,""67"":4051,""68"":0,""13"":64,""17"":-24,""18"":29,""19"":-1,""15"":333,""13201"":371,""36"":0,""40"":130,""43"":0,""241"":26801,""199"":3060,""16"":56875,""12"":287,""449"":0,""636"":110218764,""11"":893510181,""238"":0,""14"":2540732448,""387"":""2b3431353436322e363833332d303038343139332e303833332b3030302e3030302f""}"
2026-06-29T19:52:30Z,862272088833183,Codec8E,2026-06-29 19:52:29.000 UTC,1782762749000,0,41.5462683,-8.4193083,0,0,0,0,303,"{""239"":0,""240"":1,""80"":1,""21"":4,""200"":0,""69"":2,""237"":2,""113"":100,""263"":1,""303"":0,""383"":3,""181"":0,""182"":0,""66"":12927,""24"":0,""206"":26,""67"":4051,""68"":0,""13"":64,""17"":-26,""18"":38,""19"":-16,""15"":333,""13201"":371,""241"":26801,""199"":3060,""16"":56875,""12"":287,""449"":0,""636"":110218764,""11"":893510181,""238"":0,""14"":2540732448,""387"":""2b3431353436322e363833332d303038343139332e303833332b3030302e3030302f""}"
2026-06-29T19:53:30Z,862272088833183,Codec8E,2026-06-29 19:53:28.000 UTC,1782762808000,0,41.5462683,-8.4193083,0,0,0,0,240,"{""239"":0,""240"":0,""80"":0,""21"":4,""200"":0,""69"":2,""237"":2,""113"":100,""263"":1,""303"":0,""383"":3,""181"":0,""182"":0,""66"":12934,""24"":0,""206"":26,""67"":4051,""68"":0,""13"":64,""17"":-27,""18"":29,""19"":0,""15"":1000,""13201"":368,""241"":26801,""199"":0,""16"":56875,""12"":287,""449"":0,""636"":110218764,""11"":893510181,""238"":0,""14"":2540732448,""387"":""2b3431353436322e363833332d303038343139332e303833332b3030302e3030302f""}"
2026-06-29T20:54:39Z,862272088833183,Codec8E,2026-06-29 20:53:28.000 UTC,1782766408000,0,41.5462683,-8.4193083,0,0,0,0,0,"{""239"":0,""240"":0,""80"":0,""21"":4,""200"":0,""69"":2,""237"":2,""113"":100,""263"":1,""303"":0,""383"":3,""181"":0,""182"":0,""66"":12721,""24"":0,""206"":26,""67"":4051,""68"":0,""13"":64,""17"":-27,""18"":38,""19"":-15,""15"":1000,""13201"":360,""241"":26801,""199"":0,""16"":56875,""12"":287,""449"":0,""636"":110218764,""11"":893510181,""238"":0,""14"":2540732448,""387"":""2b3431353436322e363833332d303038343139332e303833332b3030302e3030302f""}"
2026-06-29T21:54:48Z,862272088833183,Codec8E,2026-06-29 21:53:28.000 UTC,1782770008000,0,41.5462683,-8.4193083,0,0,0,0,0,"{""239"":0,""240"":0,""80"":0,""21"":4,""200"":0,""69"":2,""237"":2,""113"":100,""263"":1,""303"":0,""383"":3,""181"":0,""182"":0,""66"":12680,""24"":0,""206"":26,""67"":4051,""68"":0,""13"":64,""17"":-30,""18"":39,""19"":5,""15"":1000,""13201"":357,""241"":26801,""199"":0,""16"":56875,""12"":287,""449"":0,""636"":110218764,""11"":893510181,""238"":0,""14"":2540732448,""387"":""2b3431353436322e363833332d303038343139332e303833332b3030302e3030302f""}"
2026-06-29T22:54:55Z,862272088833183,Codec8E,2026-06-29 22:53:28.000 UTC,1782773608000,0,41.5462683,-8.4193083,0,0,0,0,0,"{""239"":0,""240"":0,""80"":0,""21"":4,""200"":3,""69"":3,""237"":2,""113"":100,""263"":1,""303"":0,""383"":3,""66"":12680,""206"":26,""67"":4051,""68"":0,""17"":-33,""18"":49,""19"":-9,""13201"":318,""241"":26801,""16"":56875,""12"":287,""449"":0,""636"":110218764,""11"":893510181,""238"":0,""14"":2540732448,""387"":""2b3431353436322e363833332d303038343139332e303833332b3030302e3030302f""}"
2026-06-29T23:55:02Z,862272088833183,Codec8E,2026-06-29 23:53:28.000 UTC,1782777208000,0,41.5462683,-8.4193083,0,0,0,0,0,"{""239"":0,""240"":0,""80"":0,""21"":4,""200"":3,""69"":3,""237"":2,""113"":100,""263"":1,""303"":0,""383"":3,""66"":12677,""206"":26,""67"":4051,""68"":0,""17"":-33,""18"":39,""19"":-9,""13201"":309,""241"":26801,""16"":56875,""12"":287,""449"":0,""636"":110218764,""11"":893510181,""238"":0,""14"":2540732448,""387"":""2b3431353436322e363833332d303038343139332e303833332b3030302e3030302f""}"