received_utc,imei,codec,record_utc,timestamp_ms,priority,latitude,longitude,altitude_m,angle_deg,satellites,speed_kmh,event_io_id,io_json
2026-06-30T19:38:59Z,862272088542776,Codec8E,2026-06-26 08:02:37.000 UTC,1782460957000,0,40.1081900,-8.5083900,0,0,0,0,303,"{""239"":1,""240"":1,""21"":5,""200"":0,""69"":2,""237"":2,""113"":100,""303"":0,""383"":3,""1149"":1,""181"":0,""182"":0,""66"":14880,""24"":0,""206"":48740,""67"":4119,""68"":0,""13"":105,""17"":-38,""18"":-7,""19"":12,""15"":0,""241"":26806,""199"":0,""16"":35622,""12"":372,""449"":0,""636"":339499,""1148"":76,""11"":8935106000,""14"":1160700155,""387"":""2b3430313038312e393030302d303038353038332e393030302b3030302e3030302f""}"
2026-06-30T19:38:59Z,862272088542776,Codec8E,2026-06-26 08:03:07.000 UTC,1782460987000,0,40.1081900,-8.5083900,0,0,3,0,239,"{""239"":0,""240"":1,""21"":5,""200"":0,""69"":2,""237"":2,""113"":100,""303"":0,""383"":3,""1149"":1,""181"":52,""182"":51,""66"":13099,""24"":0,""206"":48740,""67"":4119,""68"":0,""13"":105,""17"":-38,""18"":-11,""19"":7,""15"":0,""241"":26806,""199"":0,""16"":35622,""12"":372,""449"":0,""636"":339499,""1148"":76,""11"":8935106000,""14"":1160700155,""387"":""2b3430313038312e393030302d303038353038332e393030302b3030302e3030302f""}"
2026-06-30T19:38:59Z,862272088542776,Codec8E,2026-06-26 08:03:14.000 UTC,1782460994000,0,40.1109033,-8.4994933,65,249,5,1,0,"{""239"":0,""240"":1,""21"":5,""200"":0,""69"":1,""237"":2,""113"":100,""303"":0,""383"":3,""1149"":1,""181"":18,""182"":16,""66"":12878,""24"":1,""206"":48740,""67"":4119,""68"":0,""13"":105,""17"":-41,""18"":-11,""19"":7,""15"":0,""241"":26806,""199"":0,""16"":35622,""12"":372,""449"":0,""636"":339499,""1148"":76,""11"":8935106000,""14"":1160700155,""387"":""2b3430313130392e303333332d303038343939342e393333332b3030302e3036352f""}"
2026-06-30T19:38:59Z,862272088542776,Codec8E,2026-06-26 08:03:36.000 UTC,1782461016000,0,40.1109400,-8.4994866,69,277,5,0,240,"{""239"":0,""240"":0,""21"":5,""200"":0,""69"":1,""237"":2,""113"":100,""303"":0,""383"":3,""1149"":1,""181"":18,""182"":16,""66"":12796,""24"":0,""206"":48740,""67"":4119,""68"":0,""13"":105,""17"":-37,""18"":-10,""19"":8,""15"":0,""241"":26806,""199"":0,""16"":35622,""12"":372,""449"":0,""636"":339499,""1148"":69,""11"":8935106000,""14"":1160700155,""387"":""2b3430313130392e343030302d303038343939342e383636372b3030302e3036392f""}"
2026-06-30T19:38:59Z,862272088542776,Codec8E,2026-06-26 08:04:33.000 UTC,1782461073000,0,40.1109400,-8.4994866,69,277,12,0,239,"{""239"":1,""240"":0,""21"":5,""200"":0,""69"":1,""237"":2,""113"":100,""303"":0,""383"":3,""1149"":1,""181"":11,""182"":8,""66"":13984,""24"":0,""206"":48740,""67"":4119,""68"":0,""13"":105,""17"":-39,""18"":-11,""19"":10,""15"":0,""241"":26806,""199"":0,""16"":35622,""12"":372,""449"":0,""636"":339499,""1148"":76,""11"":8935106000,""14"":1160700155,""387"":""2b3430313130392e343030302d303038343939342e383636372b3030302e3036392f""}"
2026-06-30T19:39:00Z,862272088542776,Codec8E,2026-06-26 08:05:08.000 UTC,1782461108000,0,40.1109400,-8.4994866,68,277,11,0,303,"{""239"":1,""240"":0,""21"":4,""200"":0,""69"":1,""237"":2,""113"":100,""303"":1,""383"":3,""1149"":1,""181"":12,""182"":8,""66"":14879,""24"":0,""206"":48740,""67"":4119,""68"":0,""13"":108,""17"":-1,""18"":-23,""19"":32,""15"":0,""241"":26806,""199"":0,""16"":35622,""12"":382,""449"":0,""636"":339499,""1148"":76,""11"":8935106000,""14"":1160700155,""387"":""2b3430313130392e343030302d303038343939342e383636372b3030302e3036382f""}"
2026-06-30T19:39:00Z,862272088542776,Codec8E,2026-06-26 08:05:09.000 UTC,1782461109000,0,40.1109783,-8.4997466,68,301,11,6,240,"{""239"":1,""240"":1,""21"":4,""200"":0,""69"":1,""237"":2,""113"":100,""303"":1,""383"":3,""1149"":1,""181"":12,""182"":8,""66"":14895,""24"":6,""206"":48740,""67"":4119,""68"":0,""13"":108,""17"":80,""18"":-44,""19"":5,""15"":0,""241"":26806,""199"":0,""16"":35622,""12"":382,""449"":0,""636"":339499,""1148"":76,""11"":8935106000,""14"":1160700155,""387"":""2b3430313130392e373833332d303038343939372e343636372b3030302e3036382f""}"
2026-06-30T19:39:00Z,862272088542776,Codec8E,2026-06-26 08:05:14.000 UTC,1782461114000,0,40.1110583,-8.4998716,69,314,9,9,0,"{""239"":1,""240"":1,""21"":4,""200"":0,""69"":1,""237"":2,""113"":100,""303"":1,""383"":3,""1149"":1,""181"":13,""182"":10,""66"":14906,""24"":9,""206"":48740,""67"":4119,""68"":0,""13"":108,""17"":15,""18"":-30,""19"":24,""15"":1000,""241"":26806,""199"":14,""16"":35636,""12"":382,""449"":0,""636"":339499,""1148"":76,""11"":8935106000,""14"":1160700155,""387"":""2b3430313131302e353833332d303038343939382e373136372b3030302e3036392f""}"
2026-06-30T19:39:00Z,862272088542776,Codec8E,2026-06-26 08:05:15.000 UTC,1782461115000,0,40.1110816,-8.4998916,69,324,8,10,0,"{""239"":1,""240"":1,""21"":4,""200"":0,""69"":1,""237"":2,""113"":100,""303"":1,""383"":3,""1149"":1,""181"":48,""182"":17,""66"":14828,""24"":10,""206"":48740,""67"":4119,""68"":0,""13"":108,""17"":0,""18"":-28,""19"":39,""15"":1000,""241"":26806,""199"":17,""16"":35639,""12"":382,""449"":0,""636"":339499,""1148"":76,""11"":8935106000,""14"":1160700155,""387"":""2b3430313131302e383136372d303038343939382e393136372b3030302e3036392f""}"
2026-06-30T19:39:00Z,862272088542776,Codec8E,2026-06-26 08:05:19.000 UTC,1782461119000,0,40.1111433,-8.4999749,70,291,7,8,0,"{""239"":1,""240"":1,""21"":4,""200"":0,""69"":1,""237"":2,""113"":100,""303"":1,""383"":3,""1149"":1,""181"":15,""182"":12,""66"":14878,""24"":8,""206"":48740,""67"":4119,""68"":0,""13"":108,""17"":14,""18"":-1,""19"":7,""15"":1000,""241"":26806,""199"":27,""16"":35649,""12"":382,""449"":0,""636"":339499,""1148"":76,""11"":8935106000,""14"":1160700155,""387"":""2b3430313131312e343333332d303038343939392e373530302b3030302e3037302f""}"
2026-06-30T19:39:02Z,862272088542776,Codec8E,2026-06-26 08:05:20.000 UTC,1782461120000,0,40.1111533,-8.4999916,70,301,7,8,0,"{""239"":1,""240"":1,""21"":4,""200"":0,""69"":1,""237"":2,""113"":100,""303"":1,""383"":3,""1149"":1,""181"":15,""182"":12,""66"":14894,""24"":8,""206"":48740,""67"":4119,""68"":0,""13"":108,""17"":-96,""18"":6,""19"":16,""15"":1000,""241"":26806,""199"":27,""16"":35649,""12"":382,""449"":0,""636"":339499,""1148"":76,""11"":8935106000,""14"":1160700155,""387"":""2b3430313131312e353333332d303038343939392e393136372b3030302e3037302f""}"
2026-06-30T19:39:02Z,862272088542776,Codec8E,2026-06-26 08:05:21.000 UTC,1782461121000,0,40.1111633,-8.5000083,70,319,8,7,0,"{""239"":1,""240"":1,""21"":4,""200"":0,""69"":1,""237"":2,""113"":100,""303"":1,""383"":3,""1149"":1,""181"":15,""182"":11,""66"":14871,""24"":7,""206"":48740,""67"":4119,""68"":0,""13"":108,""17"":-133,""18"":33,""19"":78,""15"":1000,""241"":26806,""199"":31,""16"":35653,""12"":382,""449"":0,""636"":339499,""1148"":76,""11"":8935106000,""14"":1160700155,""387"":""2b3430313131312e363333332d303038353030302e303833332b3030302e3037302f""}"
2026-06-30T19:39:02Z,862272088542776,Codec8E,2026-06-26 08:05:23.000 UTC,1782461123000,0,40.1111833,-8.5000366,70,302,8,7,0,"{""239"":1,""240"":1,""21"":4,""200"":0,""69"":1,""237"":2,""113"":100,""303"":1,""383"":3,""1149"":1,""181"":15,""182"":11,""66"":14877,""24"":7,""206"":48740,""67"":4119,""68"":0,""13"":108,""17"":-65,""18"":-49,""19"":41,""15"":1000,""241"":26806,""199"":34,""16"":35656,""12"":382,""449"":0,""636"":339499,""1148"":76,""11"":8935106000,""14"":1160700155,""387"":""2b3430313131312e383333332d303038353030302e333636372b3030302e3037302f""}"
2026-06-30T19:39:02Z,862272088542776,Codec8E,2026-06-26 08:05:24.000 UTC,1782461124000,0,40.1112099,-8.5000699,70,312,7,8,0,"{""239"":1,""240"":1,""21"":4,""200"":0,""69"":1,""237"":2,""113"":100,""303"":1,""383"":3,""1149"":1,""181"":15,""182"":12,""66"":14857,""24"":8,""206"":48740,""67"":4119,""68"":0,""13"":108,""17"":-25,""18"":-40,""19"":61,""15"":1000,""241"":26806,""199"":38,""16"":35660,""12"":382,""449"":0,""636"":339499,""1148"":76,""11"":8935106000,""14"":1160700155,""387"":""2b3430313131322e313030302d303038353030302e373030302b3030302e3037302f""}"
2026-06-30T19:39:02Z,862272088542776,Codec8E,2026-06-26 08:05:29.000 UTC,1782461129000,0,40.1113566,-8.5002250,71,322,7,12,0,"{""239"":1,""240"":1,""21"":4,""200"":0,""69"":1,""237"":2,""113"":100,""303"":1,""383"":3,""1149"":1,""181"":17,""182"":14,""66"":14839,""24"":12,""206"":48740,""67"":4119,""68"":0,""13"":108,""17"":-13,""18"":-72,""19"":10,""15"":1000,""241"":26806,""199"":59,""16"":35681,""12"":382,""449"":0,""636"":339499,""1148"":76,""11"":8935106000,""14"":1160700155,""387"":""2b3430313131332e353636372d303038353030322e323530302b3030302e3037312f""}"
2026-06-30T19:39:05Z,862272088542776,Codec8E,2026-06-26 08:05:30.000 UTC,1782461130000,0,40.1113683,-8.5002549,72,309,7,12,0,"{""239"":1,""240"":1,""21"":4,""200"":0,""69"":1,""237"":2,""113"":100,""303"":1,""383"":3,""1149"":1,""181"":17,""182"":14,""66"":14895,""24"":12,""206"":48740,""67"":4119,""68"":0,""13"":108,""17"":-12,""18"":-93,""19"":38,""15"":1000,""241"":26806,""199"":62,""16"":35684,""12"":382,""449"":0,""636"":339499,""1148"":79,""11"":8935106000,""14"":1160700155,""387"":""2b3430313131332e363833332d303038353030322e353530302b3030302e3037322f""}"
2026-06-30T19:39:05Z,862272088542776,Codec8E,2026-06-26 08:05:33.000 UTC,1782461133000,0,40.1113716,-8.5003066,72,288,8,10,0,"{""239"":1,""240"":1,""21"":4,""200"":0,""69"":1,""237"":2,""113"":100,""303"":1,""383"":3,""1149"":1,""181"":14,""182"":11,""66"":14940,""24"":10,""206"":48740,""67"":4119,""68"":0,""13"":108,""17"":-8,""18"":-46,""19"":27,""15"":1000,""241"":26806,""199"":65,""16"":35687,""12"":382,""449"":0,""636"":339499,""1148"":79,""11"":8935106000,""14"":1160700155,""387"":""2b3430313131332e373136372d303038353030332e303636372b3030302e3037322f""}"
2026-06-30T19:39:05Z,862272088542776,Codec8E,2026-06-26 08:05:34.000 UTC,1782461134000,0,40.1113883,-8.5003133,72,302,9,9,0,"{""239"":1,""240"":1,""21"":4,""200"":0,""69"":1,""237"":2,""113"":100,""303"":1,""383"":3,""1149"":1,""181"":31,""182"":13,""66"":14870,""24"":9,""206"":48740,""67"":4119,""68"":0,""13"":108,""17"":-19,""18"":-49,""19"":28,""15"":1000,""241"":26806,""199"":68,""16"":35690,""12"":382,""449"":0,""636"":339499,""1148"":79,""11"":8935106000,""14"":1160700155,""387"":""2b3430313131332e383833332d303038353030332e313333332b3030302e3037322f""}"
2026-06-30T19:39:05Z,862272088542776,Codec8E,2026-06-26 08:05:35.000 UTC,1782461135000,0,40.1114033,-8.5003333,73,314,10,9,0,"{""239"":1,""240"":1,""21"":4,""200"":0,""69"":1,""237"":2,""113"":100,""303"":1,""383"":3,""1149"":1,""181"":14,""182"":10,""66"":14922,""24"":9,""206"":48740,""67"":4119,""68"":0,""13"":108,""17"":-21,""18"":-43,""19"":0,""15"":1000,""241"":26806,""199"":68,""16"":35690,""12"":382,""449"":0,""636"":339499,""1148"":79,""11"":8935106000,""14"":1160700155,""387"":""2b3430313131342e303333332d303038353030332e333333332b3030302e3037332f""}"
2026-06-30T19:39:05Z,862272088542776,Codec8E,2026-06-26 08:05:37.000 UTC,1782461137000,0,40.1114166,-8.5003783,73,304,10,8,0,"{""239"":1,""240"":1,""21"":4,""200"":0,""69"":1,""237"":2,""113"":100,""303"":1,""383"":3,""1149"":1,""181"":13,""182"":10,""66"":14904,""24"":8,""206"":48740,""67"":4119,""68"":0,""13"":108,""17"":-24,""18"":-27,""19"":24,""15"":1000,""241"":26806,""199"":72,""16"":35694,""12"":382,""449"":0,""636"":339499,""1148"":79,""11"":8935106000,""14"":1160700155,""387"":""2b3430313131342e313636372d303038353030332e373833332b3030302e3037332f""}"
2026-06-30T19:39:20Z,862272088542776,Codec8E,2026-06-26 08:05:38.000 UTC,1782461138000,0,40.1114250,-8.5004066,73,297,9,8,303,"{""239"":1,""240"":1,""21"":4,""200"":0,""69"":1,""237"":2,""113"":100,""303"":0,""383"":3,""1149"":1,""181"":15,""182"":11,""66"":14915,""24"":8,""206"":48740,""67"":4119,""68"":0,""13"":108,""17"":-8,""18"":-30,""19"":38,""15"":1000,""241"":26806,""199"":77,""16"":35699,""12"":382,""449"":0,""636"":339499,""1148"":79,""11"":8935106000,""14"":1160700155,""387"":""2b3430313131342e323530302d303038353030342e303636372b3030302e3037332f""}"
2026-06-30T19:39:20Z,862272088542776,Codec8E,2026-06-26 08:05:40.000 UTC,1782461140000,0,40.1114450,-8.5004566,74,307,9,7,0,"{""239"":1,""240"":1,""21"":4,""200"":0,""69"":1,""237"":2,""113"":100,""303"":0,""383"":3,""1149"":1,""181"":15,""182"":11,""66"":14892,""24"":7,""206"":48740,""67"":4119,""68"":0,""13"":108,""17"":-42,""18"":-22,""19"":14,""15"":1000,""241"":26806,""199"":82,""16"":35704,""12"":382,""449"":0,""636"":339499,""1148"":79,""11"":8935106000,""14"":1160700155,""387"":""2b3430313131342e343530302d303038353030342e353636372b3030302e3037342f""}"
2026-06-30T19:39:20Z,862272088542776,Codec8E,2026-06-26 08:05:47.000 UTC,1782461147000,0,40.1114933,-8.5006083,77,309,9,7,303,"{""239"":1,""240"":1,""21"":4,""200"":0,""69"":1,""237"":2,""113"":100,""303"":1,""383"":3,""1149"":1,""181"":38,""182"":13,""66"":14907,""24"":7,""206"":48740,""67"":4119,""68"":0,""13"":108,""17"":-44,""18"":-31,""19"":67,""15"":1000,""241"":26806,""199"":93,""16"":35715,""12"":382,""449"":0,""636"":339499,""1148"":79,""11"":8935106000,""14"":1160700155,""387"":""2b3430313131342e393333332d303038353030362e303833332b3030302e3037372f""}"
2026-06-30T19:39:20Z,862272088542776,Codec8E,2026-06-26 08:05:48.000 UTC,1782461148000,0,40.1115016,-8.5006366,77,299,9,7,0,"{""239"":1,""240"":1,""21"":4,""200"":0,""69"":1,""237"":2,""113"":100,""303"":1,""383"":3,""1149"":1,""181"":15,""182"":10,""66"":14919,""24"":7,""206"":48740,""67"":4119,""68"":0,""13"":108,""17"":28,""18"":-36,""19"":21,""15"":1000,""241"":26806,""199"":98,""16"":35720,""12"":382,""449"":0,""636"":339499,""1148"":79,""11"":8935106000,""14"":1160700155,""387"":""2b3430313131352e303136372d303038353030362e333636372b3030302e3037372f""}"
2026-06-30T19:39:20Z,862272088542776,Codec8E,2026-06-26 08:05:50.000 UTC,1782461150000,0,40.1115000,-8.5006783,78,279,10,7,0,"{""239"":1,""240"":1,""21"":4,""200"":0,""69"":1,""237"":2,""113"":100,""303"":1,""383"":3,""1149"":1,""181"":13,""182"":10,""66"":14873,""24"":7,""206"":48740,""67"":4119,""68"":0,""13"":108,""17"":49,""18"":-2,""19"":20,""15"":1000,""241"":26806,""199"":102,""16"":35724,""12"":382,""449"":0,""636"":339499,""1148"":79,""11"":8935106000,""14"":1160700155,""387"":""2b3430313131352e303030302d303038353030362e373833332b3030302e3037382f""}"
2026-06-30T19:39:33Z,862272088542776,Codec8E,2026-06-26 08:05:51.000 UTC,1782461151000,0,40.1114966,-8.5007033,78,265,9,6,0,"{""239"":1,""240"":1,""21"":4,""200"":0,""69"":1,""237"":2,""113"":100,""303"":1,""383"":3,""1149"":1,""181"":13,""182"":10,""66"":14914,""24"":6,""206"":48740,""67"":4119,""68"":0,""13"":108,""17"":6,""18"":14,""19"":11,""15"":1000,""241"":26806,""199"":102,""16"":35724,""12"":382,""449"":0,""636"":339499,""1148"":79,""11"":8935106000,""14"":1160700155,""387"":""2b3430313131342e393636372d303038353030372e303333332b3030302e3037382f""}"
2026-06-30T19:39:33Z,862272088542776,Codec8E,2026-06-26 08:05:58.000 UTC,1782461158000,0,40.1114700,-8.5008366,81,233,10,7,0,"{""239"":1,""240"":1,""21"":4,""200"":0,""69"":1,""237"":2,""113"":100,""303"":1,""383"":3,""1149"":1,""181"":13,""182"":10,""66"":14917,""24"":7,""206"":48740,""67"":4119,""68"":0,""13"":108,""17"":22,""18"":-259,""19"":97,""15"":1000,""241"":26806,""199"":117,""16"":35739,""12"":382,""449"":0,""636"":339499,""1148"":79,""11"":8935106000,""14"":1160700155,""387"":""2b3430313131342e373030302d303038353030382e333636372b3030302e3038312f""}"
2026-06-30T19:39:33Z,862272088542776,Codec8E,2026-06-26 08:06:01.000 UTC,1782461161000,0,40.1113700,-8.5009416,81,216,11,13,0,"{""239"":1,""240"":1,""21"":4,""200"":0,""69"":1,""237"":2,""113"":100,""303"":1,""383"":3,""1149"":1,""181"":12,""182"":9,""66"":14945,""24"":13,""206"":48740,""67"":4119,""68"":0,""13"":108,""17"":-13,""18"":58,""19"":-49,""15"":1000,""241"":26806,""199"":131,""16"":35753,""12"":382,""449"":0,""636"":339499,""1148"":79,""11"":8935106000,""14"":1160700155,""387"":""2b3430313131332e373030302d303038353030392e343136372b3030302e3038312f""}"
2026-06-30T19:39:33Z,862272088542776,Codec8E,2026-06-26 08:06:10.000 UTC,1782461170000,0,40.1109450,-8.5013383,84,217,10,24,0,"{""239"":1,""240"":1,""21"":4,""200"":0,""69"":1,""237"":2,""113"":100,""303"":1,""383"":3,""1149"":1,""181"":12,""182"":9,""66"":14904,""24"":24,""206"":48740,""67"":4119,""68"":0,""13"":108,""17"":3,""18"":-38,""19"":19,""15"":1000,""241"":26806,""199"":190,""16"":35812,""12"":382,""449"":0,""636"":339499,""1148"":79,""11"":8935106000,""14"":1160700155,""387"":""2b3430313130392e343530302d303038353031332e333833332b3030302e3038342f""}"
2026-06-30T19:39:33Z,862272088542776,Codec8E,2026-06-26 08:06:22.000 UTC,1782461182000,0,40.1104816,-8.5017199,87,208,11,14,0,"{""239"":1,""240"":1,""21"":4,""200"":0,""69"":1,""237"":2,""113"":100,""303"":1,""383"":3,""1149"":1,""181"":12,""182"":9,""66"":14935,""24"":14,""206"":48740,""67"":4119,""68"":0,""13"":108,""17"":-139,""18"":-58,""19"":55,""15"":1000,""241"":26806,""199"":251,""16"":35873,""12"":382,""449"":0,""636"":339499,""1148"":79,""11"":8935106000,""14"":1160700155,""387"":""2b3430313130342e383136372d303038353031372e323030302b3030302e3038372f""}"
2026-06-30T19:39:36Z,862272088542776,Codec8E,2026-06-26 08:06:31.000 UTC,1782461191000,0,40.1102683,-8.5019066,89,220,10,12,0,"{""239"":1,""240"":1,""21"":4,""200"":0,""69"":1,""237"":2,""113"":100,""303"":1,""383"":3,""1149"":1,""181"":13,""182"":9,""66"":14917,""24"":12,""206"":48740,""67"":4119,""68"":0,""13"":108,""17"":-219,""18"":-75,""19"":84,""15"":1000,""241"":26806,""199"":279,""16"":35901,""12"":382,""449"":0,""636"":339499,""1148"":74,""11"":8935106000,""14"":1160700155,""387"":""2b3430313130322e363833332d303038353031392e303636372b3030302e3038392f""}"
2026-06-30T19:39:36Z,862272088542776,Codec8E,2026-06-26 08:06:36.000 UTC,1782461196000,0,40.1100116,-8.5021750,91,217,9,24,0,"{""239"":1,""240"":1,""21"":4,""200"":0,""69"":1,""237"":2,""113"":100,""303"":1,""383"":3,""1149"":1,""181"":14,""182"":11,""66"":14916,""24"":24,""206"":48740,""67"":4119,""68"":0,""13"":108,""17"":-85,""18"":-46,""19"":40,""15"":1000,""241"":26806,""199"":316,""16"":35938,""12"":382,""449"":0,""636"":339499,""1148"":74,""11"":8935106000,""14"":1160700155,""387"":""2b3430313130302e313136372d303038353032312e373530302b3030302e3039312f""}"
2026-06-30T19:39:36Z,862272088542776,Codec8E,2026-06-26 08:06:44.000 UTC,1782461204000,0,40.1094933,-8.5026333,93,229,8,27,0,"{""239"":1,""240"":1,""21"":4,""200"":0,""69"":1,""237"":2,""113"":100,""303"":1,""383"":3,""1149"":1,""181"":15,""182"":12,""66"":14897,""24"":27,""206"":48740,""67"":4119,""68"":0,""13"":108,""17"":-99,""18"":-64,""19"":-14,""15"":1000,""241"":26806,""199"":387,""16"":36009,""12"":382,""449"":0,""636"":339499,""1148"":74,""11"":8935106000,""14"":1160700155,""387"":""2b3430313039342e393333332d303038353032362e333333332b3030302e3039332f""}"
2026-06-30T19:39:36Z,862272088542776,Codec8E,2026-06-26 08:06:50.000 UTC,1782461210000,0,40.1092450,-8.5029899,95,212,10,22,0,"{""239"":1,""240"":1,""21"":4,""200"":0,""69"":1,""237"":2,""113"":100,""303"":1,""383"":3,""1149"":1,""181"":32,""182"":12,""66"":14906,""24"":22,""206"":48740,""67"":4119,""68"":0,""13"":108,""17"":-96,""18"":-271,""19"":74,""15"":1000,""241"":26806,""199"":430,""16"":36052,""12"":382,""449"":0,""636"":339499,""1148"":74,""11"":8935106000,""14"":1160700155,""387"":""2b3430313039322e343530302d303038353032392e393030302b3030302e3039352f""}"
2026-06-30T19:39:36Z,862272088542776,Codec8E,2026-06-26 08:06:51.000 UTC,1782461211000,0,40.1091866,-8.5029750,96,201,10,22,0,"{""239"":1,""240"":1,""21"":4,""200"":0,""69"":1,""237"":2,""113"":100,""303"":1,""383"":3,""1149"":1,""181"":13,""182"":9,""66"":14897,""24"":22,""206"":48740,""67"":4119,""68"":0,""13"":108,""17"":-46,""18"":-47,""19"":29,""15"":1000,""241"":26806,""199"":436,""16"":36058,""12"":382,""449"":0,""636"":339499,""1148"":74,""11"":8935106000,""14"":1160700155,""387"":""2b3430313039312e383636372d303038353032392e373530302b3030302e3039362f""}"
2026-06-30T19:39:38Z,862272088542776,Codec8E,2026-06-26 08:06:53.000 UTC,1782461213000,0,40.1091000,-8.5028766,96,170,9,19,0,"{""239"":1,""240"":1,""21"":4,""200"":0,""69"":1,""237"":2,""113"":100,""303"":1,""383"":3,""1149"":1,""181"":15,""182"":10,""66"":14917,""24"":19,""206"":48740,""67"":4119,""68"":0,""13"":108,""17"":18,""18"":162,""19"":119,""15"":1000,""241"":26806,""199"":450,""16"":36072,""12"":382,""449"":0,""636"":339499,""1148"":74,""11"":8935106000,""14"":1160700155,""387"":""2b3430313039312e303030302d303038353032382e373636372b3030302e3039362f""}"
2026-06-30T19:39:38Z,862272088542776,Codec8E,2026-06-26 08:06:54.000 UTC,1782461214000,0,40.1090616,-8.5027833,97,148,11,19,0,"{""239"":1,""240"":1,""21"":4,""200"":0,""69"":1,""237"":2,""113"":100,""303"":1,""383"":3,""1149"":1,""181"":17,""182"":8,""66"":14823,""24"":19,""206"":48740,""67"":4119,""68"":0,""13"":108,""17"":-14,""18"":222,""19"":77,""15"":1000,""241"":26806,""199"":459,""16"":36081,""12"":382,""449"":0,""636"":339499,""1148"":74,""11"":8935106000,""14"":1160700155,""387"":""2b3430313039302e363136372d303038353032372e383333332b3030302e3039372f""}"
2026-06-30T19:39:38Z,862272088542776,Codec8E,2026-06-26 08:06:57.000 UTC,1782461217000,0,40.1088966,-8.5026499,97,165,11,21,0,"{""239"":1,""240"":1,""21"":4,""200"":0,""69"":1,""237"":2,""113"":100,""303"":1,""383"":3,""1149"":1,""181"":12,""182"":8,""66"":14889,""24"":21,""206"":48740,""67"":4119,""68"":0,""13"":108,""17"":-63,""18"":63,""19"":-10,""15"":1000,""241"":26806,""199"":481,""16"":36103,""12"":382,""449"":0,""636"":339499,""1148"":74,""11"":8935106000,""14"":1160700155,""387"":""2b3430313038382e393636372d303038353032362e353030302b3030302e3039372f""}"
2026-06-30T19:39:38Z,862272088542776,Codec8E,2026-06-26 08:06:59.000 UTC,1782461219000,0,40.1087749,-8.5026283,97,183,12,21,0,"{""239"":1,""240"":1,""21"":4,""200"":0,""69"":1,""237"":2,""113"":100,""303"":1,""383"":3,""1149"":1,""181"":11,""182"":8,""66"":14839,""24"":21,""206"":48740,""67"":4119,""68"":0,""13"":108,""17"":-69,""18"":-218,""19"":199,""15"":1000,""241"":26806,""199"":495,""16"":36117,""12"":382,""449"":0,""636"":339499,""1148"":74,""11"":8935106000,""14"":1160700155,""387"":""2b3430313038372e373530302d303038353032362e323833332b3030302e3039372f""}"
2026-06-30T19:39:38Z,862272088542776,Codec8E,2026-06-26 08:07:01.000 UTC,1782461221000,0,40.1086550,-8.5026033,98,169,11,22,0,"{""239"":1,""240"":1,""21"":4,""200"":0,""69"":1,""237"":2,""113"":100,""303"":1,""383"":3,""1149"":1,""181"":11,""182"":8,""66"":14844,""24"":22,""206"":48740,""67"":4119,""68"":0,""13"":108,""17"":-183,""18"":-220,""19"":12,""15"":1000,""241"":26806,""199"":508,""16"":36130,""12"":382,""449"":0,""636"":339499,""1148"":74,""11"":8935106000,""14"":1160700155,""387"":""2b3430313038362e353530302d303038353032362e303333332b3030302e3039382f""}"
2026-06-30T19:39:43Z,862272088542776,Codec8E,2026-06-26 08:07:04.000 UTC,1782461224000,0,40.1084866,-8.5024783,99,153,11,23,0,"{""239"":1,""240"":1,""21"":4,""200"":0,""69"":1,""237"":2,""113"":100,""303"":1,""383"":3,""1149"":1,""181"":16,""182"":8,""66"":14916,""24"":23,""206"":48740,""67"":4119,""68"":0,""13"":108,""17"":-169,""18"":134,""19"":10,""15"":1000,""241"":26806,""199"":530,""16"":36152,""12"":382,""449"":0,""636"":339499,""1148"":74,""11"":8935106000,""14"":1160700155,""387"":""2b3430313038342e383636372d303038353032342e373833332b3030302e3039392f""}"
2026-06-30T19:39:43Z,862272088542776,Codec8E,2026-06-26 08:07:05.000 UTC,1782461225000,0,40.1084466,-8.5023833,99,143,11,24,0,"{""239"":1,""240"":1,""21"":4,""200"":0,""69"":1,""237"":2,""113"":100,""303"":1,""383"":3,""1149"":1,""181"":11,""182"":8,""66"":14866,""24"":24,""206"":48740,""67"":4119,""68"":0,""13"":108,""17"":-127,""18"":99,""19"":72,""15"":1000,""241"":26806,""199"":539,""16"":36161,""12"":382,""449"":0,""636"":339499,""1148"":74,""11"":8935106000,""14"":1160700155,""387"":""2b3430313038342e343636372d303038353032332e383333332b3030302e3039392f""}"
2026-06-30T19:39:43Z,862272088542776,Codec8E,2026-06-26 08:07:07.000 UTC,1782461227000,0,40.1083533,-8.5021383,99,133,12,27,0,"{""239"":1,""240"":1,""21"":4,""200"":0,""69"":1,""237"":2,""113"":100,""303"":1,""383"":3,""1149"":1,""181"":11,""182"":8,""66"":14895,""24"":27,""206"":48740,""67"":4119,""68"":0,""13"":108,""17"":-131,""18"":63,""19"":65,""15"":1000,""241"":26806,""199"":563,""16"":36185,""12"":382,""449"":0,""636"":339499,""1148"":74,""11"":8935106000,""14"":1160700155,""387"":""2b3430313038332e353333332d303038353032312e333833332b3030302e3039392f""}"
2026-06-30T19:39:43Z,862272088542776,Codec8E,2026-06-26 08:07:10.000 UTC,1782461230000,0,40.1081050,-8.5017749,100,142,11,38,0,"{""239"":1,""240"":1,""21"":4,""200"":0,""69"":1,""237"":2,""113"":100,""303"":1,""383"":3,""1149"":1,""181"":12,""182"":8,""66"":14873,""24"":38,""206"":48740,""67"":4119,""68"":0,""13"":108,""17"":-136,""18"":6,""19"":119,""15"":1000,""241"":26806,""199"":604,""16"":36226,""12"":382,""449"":0,""636"":339499,""1148"":74,""11"":8935106000,""14"":1160700155,""387"":""2b3430313038312e303530302d303038353031372e373530302b3030302e3130302f""}"
2026-06-30T19:39:43Z,862272088542776,Codec8E,2026-06-26 08:07:17.000 UTC,1782461237000,0,40.1074283,-8.5011166,102,152,11,45,0,"{""239"":1,""240"":1,""21"":4,""200"":0,""69"":1,""237"":2,""113"":100,""303"":1,""383"":3,""1149"":1,""181"":11,""182"":8,""66"":14857,""24"":45,""206"":48740,""67"":4119,""68"":0,""13"":108,""17"":-25,""18"":141,""19"":37,""15"":1000,""241"":26806,""199"":699,""16"":36321,""12"":382,""449"":0,""636"":1515562,""1148"":74,""11"":8935106000,""14"":1160700155,""387"":""2b3430313037342e323833332d303038353031312e313636372b3030302e3130322f""}"
2026-06-30T19:39:46Z,862272088542776,Codec8E,2026-06-26 08:07:19.000 UTC,1782461239000,0,40.1072216,-8.5010149,102,167,12,44,0,"{""239"":1,""240"":1,""21"":4,""200"":0,""69"":1,""237"":2,""113"":100,""303"":1,""383"":3,""1149"":1,""181"":11,""182"":8,""66"":14863,""24"":44,""206"":48740,""67"":4119,""68"":0,""13"":108,""17"":-45,""18"":222,""19"":49,""15"":1000,""241"":26806,""199"":723,""16"":36345,""12"":382,""449"":0,""636"":1515562,""1148"":74,""11"":8935106000,""14"":1160700155,""387"":""2b3430313037322e323136372d303038353031302e313530302b3030302e3130322f""}"
2026-06-30T19:39:46Z,862272088542776,Codec8E,2026-06-26 08:07:21.000 UTC,1782461241000,0,40.1070249,-8.5009916,103,177,12,42,0,"{""239"":1,""240"":1,""21"":4,""200"":0,""69"":1,""237"":2,""113"":100,""303"":1,""383"":3,""1149"":1,""181"":15,""182"":8,""66"":14867,""24"":42,""206"":48740,""67"":4119,""68"":0,""13"":108,""17"":-15,""18"":317,""19"":66,""15"":1000,""241"":26806,""199"":745,""16"":36367,""12"":382,""449"":0,""636"":1515562,""1148"":74,""11"":8935106000,""14"":1160700155,""387"":""2b3430313037302e323530302d303038353030392e393136372b3030302e3130332f""}"
2026-06-30T19:39:46Z,862272088542776,Codec8E,2026-06-26 08:07:22.000 UTC,1782461242000,0,40.1069783,-8.5011083,103,216,12,40,0,"{""239"":1,""240"":1,""21"":4,""200"":0,""69"":1,""237"":2,""113"":100,""303"":1,""383"":3,""1149"":1,""181"":15,""182"":8,""66"":14898,""24"":40,""206"":48740,""67"":4119,""68"":0,""13"":108,""17"":-77,""18"":305,""19"":-3,""15"":1000,""241"":26806,""199"":756,""16"":36378,""12"":382,""449"":0,""636"":339499,""1148"":74,""11"":8935106000,""14"":1160700155,""387"":""2b3430313036392e373833332d303038353031312e303833332b3030302e3130332f""}"
2026-06-30T19:39:46Z,862272088542776,Codec8E,2026-06-26 08:07:24.000 UTC,1782461244000,0,40.1068733,-8.5012916,104,229,12,37,0,"{""239"":1,""240"":1,""21"":4,""200"":0,""69"":1,""237"":2,""113"":100,""303"":1,""383"":3,""1149"":1,""181"":15,""182"":8,""66"":14926,""24"":37,""206"":48740,""67"":4119,""68"":0,""13"":108,""17"":-121,""18"":57,""19"":69,""15"":1000,""241"":26806,""199"":776,""16"":36398,""12"":382,""449"":0,""636"":339499,""1148"":74,""11"":8935106000,""14"":1160700155,""387"":""2b3430313036382e373333332d303038353031322e393136372b3030302e3130342f""}"
2026-06-30T19:39:46Z,862272088542776,Codec8E,2026-06-26 08:07:26.000 UTC,1782461246000,0,40.1069266,-8.5015666,104,280,11,37,0,"{""239"":1,""240"":1,""21"":4,""200"":0,""69"":1,""237"":2,""113"":100,""303"":1,""383"":3,""1149"":1,""181"":17,""182"":8,""66"":14932,""24"":37,""206"":48740,""67"":4119,""68"":0,""13"":108,""17"":296,""18"":-77,""19"":-11,""15"":1000,""241"":26806,""199"":803,""16"":36425,""12"":382,""449"":0,""636"":339499,""1148"":74,""11"":8935106000,""14"":1160700155,""387"":""2b3430313036392e323636372d303038353031352e363636372b3030302e3130342f""}"
2026-06-30T19:39:48Z,862272088542776,Codec8E,2026-06-26 08:07:35.000 UTC,1782461255000,0,40.1072366,-8.5027550,107,289,11,46,0,"{""239"":1,""240"":1,""21"":4,""200"":0,""69"":1,""237"":2,""113"":100,""303"":1,""383"":3,""1149"":1,""181"":17,""182"":8,""66"":14902,""24"":46,""206"":48740,""67"":4119,""68"":0,""13"":108,""17"":-5,""18"":-50,""19"":59,""15"":1000,""241"":26806,""199"":910,""16"":36532,""12"":382,""449"":0,""636"":339499,""1148"":80,""11"":8935106000,""14"":1160700155,""387"":""2b3430313037322e333636372d303038353032372e353530302b3030302e3130372f""}"
2026-06-30T19:39:48Z,862272088542776,Codec8E,2026-06-26 08:07:42.000 UTC,1782461262000,0,40.1076100,-8.5038749,107,303,11,50,0,"{""239"":1,""240"":1,""21"":4,""200"":0,""69"":1,""237"":2,""113"":100,""303"":1,""383"":3,""1149"":1,""181"":17,""182"":8,""66"":14907,""24"":50,""206"":48740,""67"":4119,""68"":0,""13"":108,""17"":38,""18"":103,""19"":60,""15"":1000,""241"":26806,""199"":1014,""16"":36636,""12"":382,""449"":0,""636"":339499,""1148"":80,""11"":8935106000,""14"":1160700155,""387"":""2b3430313037362e313030302d303038353033382e373530302b3030302e3130372f""}"
2026-06-30T19:39:48Z,862272088542776,Codec8E,2026-06-26 08:07:44.000 UTC,1782461264000,0,40.1077833,-8.5041066,108,317,12,49,0,"{""239"":1,""240"":1,""21"":4,""200"":0,""69"":1,""237"":2,""113"":100,""303"":1,""383"":3,""1149"":1,""181"":15,""182"":8,""66"":14889,""24"":49,""206"":48740,""67"":4119,""68"":0,""13"":108,""17"":102,""18"":57,""19"":99,""15"":1000,""241"":26806,""199"":1041,""16"":36663,""12"":382,""449"":0,""636"":339499,""1148"":80,""11"":8935106000,""14"":1160700155,""387"":""2b3430313037372e383333332d303038353034312e303636372b3030302e3130382f""}"
2026-06-30T19:39:48Z,862272088542776,Codec8E,2026-06-26 08:07:46.000 UTC,1782461266000,0,40.1079866,-8.5042800,108,328,12,48,0,"{""239"":1,""240"":1,""21"":4,""200"":0,""69"":1,""237"":2,""113"":100,""303"":1,""383"":3,""1149"":1,""181"":11,""182"":8,""66"":14858,""24"":48,""206"":48740,""67"":4119,""68"":0,""13"":108,""17"":138,""18"":3,""19"":65,""15"":1000,""241"":26806,""199"":1068,""16"":36690,""12"":382,""449"":0,""636"":339499,""1148"":80,""11"":8935106000,""14"":1160700155,""387"":""2b3430313037392e383636372d303038353034322e383030302b3030302e3130382f""}"
2026-06-30T19:39:48Z,862272088542776,Codec8E,2026-06-26 08:07:49.000 UTC,1782461269000,0,40.1082750,-8.5044366,108,338,12,43,0,"{""239"":1,""240"":1,""21"":4,""200"":0,""69"":1,""237"":2,""113"":100,""303"":1,""383"":3,""1149"":1,""181"":15,""182"":8,""66"":14920,""24"":43,""206"":48740,""67"":4119,""68"":0,""13"":108,""17"":98,""18"":61,""19"":17,""15"":1000,""241"":26806,""199"":1103,""16"":36725,""12"":382,""449"":0,""636"":339499,""1148"":80,""11"":8935106000,""14"":1160700155,""387"":""2b3430313038322e373530302d303038353034342e333636372b3030302e3130382f""}"
2026-06-30T19:40:29Z,862272088542776,Codec8E,2026-06-26 08:07:51.000 UTC,1782461271000,0,40.1084466,-8.5044699,107,348,12,38,0,"{""239"":1,""240"":1,""21"":4,""200"":0,""69"":1,""237"":2,""113"":100,""303"":1,""383"":3,""1149"":1,""181"":15,""182"":8,""66"":14900,""24"":38,""206"":48740,""67"":4119,""68"":0,""13"":108,""17"":80,""18"":52,""19"":119,""15"":1000,""241"":26806,""199"":1122,""16"":36744,""12"":382,""449"":0,""636"":339499,""1148"":80,""11"":8935106000,""14"":1160700155,""387"":""2b3430313038342e343636372d303038353034342e373030302b3030302e3130372f""}"
2026-06-30T19:40:29Z,862272088542776,Codec8E,2026-06-26 08:07:53.000 UTC,1782461273000,0,40.1086050,-8.5044983,107,358,12,35,0,"{""239"":1,""240"":1,""21"":4,""200"":0,""69"":1,""237"":2,""113"":100,""303"":1,""383"":3,""1149"":1,""181"":11,""182"":8,""66"":14865,""24"":35,""206"":48740,""67"":4119,""68"":0,""13"":108,""17"":75,""18"":-259,""19"":21,""15"":1000,""241"":26806,""199"":1140,""16"":36762,""12"":382,""449"":0,""636"":339499,""1148"":80,""11"":8935106000,""14"":1160700155,""387"":""2b3430313038362e303530302d303038353034342e393833332b3030302e3130372f""}"
2026-06-30T19:40:29Z,862272088542776,Codec8E,2026-06-26 08:07:56.000 UTC,1782461276000,0,40.1087983,-8.5045166,107,348,12,29,0,"{""239"":1,""240"":1,""21"":4,""200"":0,""69"":1,""237"":2,""113"":100,""303"":1,""383"":3,""1149"":1,""181"":11,""182"":8,""66"":14949,""24"":29,""206"":48740,""67"":4119,""68"":0,""13"":108,""17"":-139,""18"":-155,""19"":80,""15"":1000,""241"":26806,""199"":1162,""16"":36784,""12"":382,""449"":0,""636"":339499,""1148"":80,""11"":8935106000,""14"":1160700155,""387"":""2b3430313038372e393833332d303038353034352e313636372b3030302e3130372f""}"
2026-06-30T19:40:29Z,862272088542776,Codec8E,2026-06-26 08:07:58.000 UTC,1782461278000,0,40.1088933,-8.5046366,107,311,12,28,0,"{""239"":1,""240"":1,""21"":4,""200"":0,""69"":1,""237"":2,""113"":100,""303"":1,""383"":3,""1149"":1,""181"":15,""182"":8,""66"":14949,""24"":28,""206"":48740,""67"":4119,""68"":0,""13"":108,""17"":53,""18"":105,""19"":200,""15"":1000,""241"":26806,""199"":1177,""16"":36799,""12"":382,""449"":0,""636"":339499,""1148"":80,""11"":8935106000,""14"":1160700155,""387"":""2b3430313038382e393333332d303038353034362e333636372b3030302e3130372f""}"
2026-06-30T19:40:29Z,862272088542776,Codec8E,2026-06-26 08:08:01.000 UTC,1782461281000,0,40.1090633,-8.5048283,106,328,12,29,0,"{""239"":1,""240"":1,""21"":4,""200"":0,""69"":1,""237"":2,""113"":100,""303"":1,""383"":3,""1149"":1,""181"":15,""182"":8,""66"":14891,""24"":29,""206"":48740,""67"":4119,""68"":0,""13"":108,""17"":38,""18"":62,""19"":75,""15"":1000,""241"":26806,""199"":1202,""16"":36824,""12"":382,""449"":0,""636"":339499,""1148"":79,""11"":8935106000,""14"":1160700155,""387"":""2b3430313039302e363333332d303038353034382e323833332b3030302e3130362f""}"
2026-06-30T21:02:52Z,862272088542776,Codec8E,2026-06-26 08:08:06.000 UTC,1782461286000,0,40.1094250,-8.5050800,105,318,12,32,0,"{""239"":1,""240"":1,""21"":4,""200"":0,""69"":1,""237"":2,""113"":100,""303"":1,""383"":3,""1149"":1,""181"":15,""182"":8,""66"":14914,""24"":32,""206"":48740,""67"":4119,""68"":0,""13"":108,""17"":13,""18"":-373,""19"":64,""15"":1000,""241"":26806,""199"":1248,""16"":36870,""12"":382,""449"":0,""636"":339499,""1148"":79,""11"":8935106000,""14"":1160700155,""387"":""2b3430313039342e323530302d303038353035302e383030302b3030302e3130352f""}"
2026-06-30T21:02:52Z,862272088542776,Codec8E,2026-06-26 08:08:08.000 UTC,1782461288000,0,40.1095333,-8.5052533,104,307,12,32,0,"{""239"":1,""240"":1,""21"":4,""200"":0,""69"":1,""237"":2,""113"":100,""303"":1,""383"":3,""1149"":1,""181"":15,""182"":8,""66"":14863,""24"":32,""206"":48740,""67"":4119,""68"":0,""13"":108,""17"":-100,""18"":-149,""19"":40,""15"":1000,""241"":26806,""199"":1267,""16"":36889,""12"":382,""449"":0,""636"":339499,""1148"":79,""11"":8935106000,""14"":1160700155,""387"":""2b3430313039352e333333332d303038353035322e353333332b3030302e3130342f""}"
2026-06-30T21:02:52Z,862272088542776,Codec8E,2026-06-26 08:08:10.000 UTC,1782461290000,0,40.1096083,-8.5054866,104,293,12,34,0,"{""239"":1,""240"":1,""21"":4,""200"":0,""69"":1,""237"":2,""113"":100,""303"":1,""383"":3,""1149"":1,""181"":11,""182"":8,""66"":14845,""24"":34,""206"":48740,""67"":4119,""68"":0,""13"":108,""17"":-45,""18"":-26,""19"":61,""15"":1000,""241"":26806,""199"":1289,""16"":36911,""12"":382,""449"":0,""636"":339499,""1148"":79,""11"":8935106000,""14"":1160700155,""387"":""2b3430313039362e303833332d303038353035342e383636372b3030302e3130342f""}"
2026-06-30T21:02:52Z,862272088542776,Codec8E,2026-06-26 08:08:12.000 UTC,1782461292000,0,40.1096333,-8.5057450,102,279,12,36,0,"{""239"":1,""240"":1,""21"":4,""200"":0,""69"":1,""237"":2,""113"":100,""303"":1,""383"":3,""1149"":1,""181"":11,""182"":8,""66"":14853,""24"":36,""206"":48740,""67"":4119,""68"":0,""13"":108,""17"":-11,""18"":-35,""19"":14,""15"":1000,""241"":26806,""199"":1311,""16"":36933,""12"":382,""449"":0,""636"":339499,""1148"":79,""11"":8935106000,""14"":1160700155,""387"":""2b3430313039362e333333332d303038353035372e343530302b3030302e3130322f""}"
2026-06-30T21:02:52Z,862272088542776,Codec8E,2026-06-26 08:08:14.000 UTC,1782461294000,0,40.1095849,-8.5060166,100,268,12,37,0,"{""239"":1,""240"":1,""21"":4,""200"":0,""69"":1,""237"":2,""113"":100,""303"":1,""383"":3,""1149"":1,""181"":11,""182"":8,""66"":14843,""24"":37,""206"":48740,""67"":4119,""68"":0,""13"":108,""17"":-17,""18"":-80,""19"":32,""15"":1000,""241"":26806,""199"":1335,""16"":36957,""12"":382,""449"":0,""636"":339499,""1148"":79,""11"":8935106000,""14"":1160700155,""387"":""2b3430313039352e383530302d303038353036302e313636372b3030302e3130302f""}"
2026-06-30T21:02:54Z,862272088542776,Codec8E,2026-06-26 08:08:23.000 UTC,1782461303000,0,40.1095166,-8.5069500,97,260,11,27,0,"{""239"":1,""240"":1,""21"":4,""200"":0,""69"":1,""237"":2,""113"":100,""303"":1,""383"":3,""1149"":1,""181"":19,""182"":9,""66"":14895,""24"":27,""206"":48740,""67"":4119,""68"":0,""13"":108,""17"":-127,""18"":-176,""19"":79,""15"":1000,""241"":26806,""199"":1415,""16"":37037,""12"":382,""449"":0,""636"":339499,""1148"":79,""11"":8935106000,""14"":1160700155,""387"":""2b3430313039352e313636372d303038353036392e353030302b3030302e3039372f""}"
2026-06-30T21:02:54Z,862272088542776,Codec8E,2026-06-26 08:08:25.000 UTC,1782461305000,0,40.1094650,-8.5070350,96,243,11,23,0,"{""239"":1,""240"":1,""21"":4,""200"":0,""69"":1,""237"":2,""113"":100,""303"":1,""383"":3,""1149"":1,""181"":12,""182"":9,""66"":14866,""24"":23,""206"":48740,""67"":4119,""68"":0,""13"":108,""17"":-99,""18"":-44,""19"":183,""15"":1000,""241"":26806,""199"":1424,""16"":37046,""12"":382,""449"":0,""636"":339499,""1148"":79,""11"":8935106000,""14"":1160700155,""387"":""2b3430313039342e363530302d303038353037302e333530302b3030302e3039362f""}"
2026-06-30T21:02:54Z,862272088542776,Codec8E,2026-06-26 08:08:26.000 UTC,1782461306000,0,40.1094216,-8.5070366,96,223,11,22,0,"{""239"":1,""240"":1,""21"":4,""200"":0,""69"":1,""237"":2,""113"":100,""303"":1,""383"":3,""1149"":1,""181"":19,""182"":9,""66"":14934,""24"":22,""206"":48740,""67"":4119,""68"":0,""13"":108,""17"":-176,""18"":-32,""19"":126,""15"":1000,""241"":26806,""199"":1429,""16"":37051,""12"":382,""449"":0,""636"":339499,""1148"":79,""11"":8935106000,""14"":1160700155,""387"":""2b3430313039342e323136372d303038353037302e333636372b3030302e3039362f""}"
2026-06-30T21:02:54Z,862272088542776,Codec8E,2026-06-26 08:08:27.000 UTC,1782461307000,0,40.1093566,-8.5070183,97,199,11,22,0,"{""239"":1,""240"":1,""21"":4,""200"":0,""69"":1,""237"":2,""113"":100,""303"":1,""383"":3,""1149"":1,""181"":19,""182"":9,""66"":14857,""24"":22,""206"":48740,""67"":4119,""68"":0,""13"":108,""17"":-143,""18"":14,""19"":122,""15"":1000,""241"":26806,""199"":1436,""16"":37058,""12"":382,""449"":0,""636"":339499,""1148"":79,""11"":8935106000,""14"":1160700155,""387"":""2b3430313039332e353636372d303038353037302e313833332b3030302e3039372f""}"
2026-06-30T21:02:54Z,862272088542776,Codec8E,2026-06-26 08:08:28.000 UTC,1782461308000,0,40.1092866,-8.5070100,96,189,11,22,0,"{""239"":1,""240"":1,""21"":4,""200"":0,""69"":1,""237"":2,""113"":100,""303"":1,""383"":3,""1149"":1,""181"":12,""182"":9,""66"":14925,""24"":22,""206"":48740,""67"":4119,""68"":0,""13"":108,""17"":-140,""18"":21,""19"":73,""15"":1000,""241"":26806,""199"":1444,""16"":37066,""12"":382,""449"":0,""636"":339499,""1148"":79,""11"":8935106000,""14"":1160700155,""387"":""2b3430313039322e383636372d303038353037302e313030302b3030302e3039362f""}"
2026-06-30T21:02:55Z,862272088542776,Codec8E,2026-06-26 08:08:37.000 UTC,1782461317000,0,40.1086400,-8.5070133,92,173,7,24,0,"{""239"":1,""240"":1,""21"":5,""200"":0,""69"":1,""237"":2,""113"":100,""303"":1,""383"":3,""1149"":20,""181"":20,""182"":18,""66"":14859,""24"":24,""206"":48740,""67"":4119,""68"":0,""13"":108,""17"":-29,""18"":79,""19"":2,""15"":1000,""241"":26806,""199"":1516,""16"":37138,""12"":382,""449"":0,""636"":339469,""1148"":68,""11"":8935106000,""14"":1160700155,""387"":""2b3430313038362e343030302d303038353037302e313333332b3030302e3039322f""}"
2026-06-30T21:02:55Z,862272088542776,Codec8E,2026-06-26 08:08:39.000 UTC,1782461319000,0,40.1086133,-8.5070599,92,213,7,20,0,"{""239"":1,""240"":1,""21"":5,""200"":0,""69"":1,""237"":2,""113"":100,""303"":1,""383"":3,""1149"":20,""181"":33,""182"":21,""66"":14863,""24"":20,""206"":48740,""67"":4119,""68"":0,""13"":108,""17"":-87,""18"":229,""19"":-22,""15"":1000,""241"":26806,""199"":1524,""16"":37146,""12"":382,""449"":0,""636"":339469,""1148"":68,""11"":8935106000,""14"":1160700155,""387"":""2b3430313038362e313333332d303038353037302e363030302b3030302e3039322f""}"
2026-06-30T21:02:55Z,862272088542776,Codec8E,2026-06-26 08:08:40.000 UTC,1782461320000,0,40.1086233,-8.5071116,91,240,7,18,0,"{""239"":1,""240"":1,""21"":5,""200"":0,""69"":1,""237"":2,""113"":100,""303"":1,""383"":3,""1149"":20,""181"":34,""182"":21,""66"":14894,""24"":18,""206"":48740,""67"":4119,""68"":0,""13"":108,""17"":-74,""18"":-12,""19"":39,""15"":1000,""241"":26806,""199"":1529,""16"":37151,""12"":382,""449"":0,""636"":339469,""1148"":68,""11"":8935106000,""14"":1160700155,""387"":""2b3430313038362e323333332d303038353037312e313136372b3030302e3039312f""}"
2026-06-30T21:02:55Z,862272088542776,Codec8E,2026-06-26 08:08:42.000 UTC,1782461322000,0,40.1086100,-8.5072050,91,253,7,18,0,"{""239"":1,""240"":1,""21"":5,""200"":0,""69"":1,""237"":2,""113"":100,""303"":1,""383"":3,""1149"":20,""181"":20,""182"":18,""66"":14883,""24"":18,""206"":48740,""67"":4119,""68"":0,""13"":108,""17"":-58,""18"":-24,""19"":7,""15"":1000,""241"":26806,""199"":1537,""16"":37159,""12"":382,""449"":0,""636"":339469,""1148"":68,""11"":8935106000,""14"":1160700155,""387"":""2b3430313038362e313030302d303038353037322e303530302b3030302e3039312f""}"
2026-06-30T21:02:55Z,862272088542776,Codec8E,2026-06-26 08:08:44.000 UTC,1782461324000,0,40.1086016,-8.5073333,91,265,7,19,0,"{""239"":1,""240"":1,""21"":5,""200"":0,""69"":1,""237"":2,""113"":100,""303"":1,""383"":3,""1149"":20,""181"":42,""182"":22,""66"":14884,""24"":19,""206"":48740,""67"":4119,""68"":0,""13"":108,""17"":-27,""18"":-57,""19"":49,""15"":1000,""241"":26806,""199"":1548,""16"":37170,""12"":382,""449"":0,""636"":339469,""1148"":68,""11"":8935106000,""14"":1160700155,""387"":""2b3430313038362e303136372d303038353037332e333333332b3030302e3039312f""}"
2026-06-30T21:02:56Z,862272088542776,Codec8E,2026-06-26 08:08:57.000 UTC,1782461337000,0,40.1084649,-8.5082100,91,255,7,19,0,"{""239"":1,""240"":1,""21"":5,""200"":0,""69"":1,""237"":2,""113"":100,""303"":1,""383"":3,""1149"":20,""181"":39,""182"":21,""66"":14926,""24"":19,""206"":48740,""67"":4119,""68"":0,""13"":108,""17"":2,""18"":-17,""19"":41,""15"":1000,""241"":26806,""199"":1629,""16"":37251,""12"":382,""449"":0,""636"":339499,""1148"":68,""11"":8935106000,""14"":1160700155,""387"":""2b3430313038342e363530302d303038353038322e313030302b3030302e3039312f""}"
2026-06-30T21:02:56Z,862272088542776,Codec8E,2026-06-26 08:09:00.000 UTC,1782461340000,0,40.1083800,-8.5083366,91,243,8,16,0,"{""239"":1,""240"":1,""21"":5,""200"":0,""69"":1,""237"":2,""113"":100,""303"":1,""383"":3,""1149"":20,""181"":37,""182"":20,""66"":14831,""24"":16,""206"":48740,""67"":4119,""68"":0,""13"":108,""17"":136,""18"":-222,""19"":29,""15"":1000,""241"":26806,""199"":1643,""16"":37265,""12"":382,""449"":0,""636"":339499,""1148"":68,""11"":8935106000,""14"":1160700155,""387"":""2b3430313038332e383030302d303038353038332e333636372b3030302e3039312f""}"
2026-06-30T21:02:56Z,862272088542776,Codec8E,2026-06-26 08:09:02.000 UTC,1782461342000,0,40.1083233,-8.5083566,91,213,8,12,0,"{""239"":1,""240"":1,""21"":3,""200"":0,""69"":1,""237"":2,""113"":100,""303"":1,""383"":3,""1149"":8,""181"":37,""182"":20,""66"":14915,""24"":12,""206"":48740,""67"":4119,""68"":0,""13"":108,""17"":-33,""18"":-80,""19"":7,""15"":1000,""241"":26806,""199"":1650,""16"":37272,""12"":382,""449"":0,""636"":339499,""1148"":86,""11"":8935106000,""14"":1160700155,""387"":""2b3430313038332e323333332d303038353038332e353636372b3030302e3039312f""}"
2026-06-30T21:02:56Z,862272088542776,Codec8E,2026-06-26 08:09:03.000 UTC,1782461343000,0,40.1082916,-8.5083700,91,181,8,11,0,"{""239"":1,""240"":1,""21"":3,""200"":0,""69"":1,""237"":2,""113"":100,""303"":1,""383"":3,""1149"":8,""181"":23,""182"":19,""66"":14860,""24"":11,""206"":48740,""67"":4119,""68"":0,""13"":108,""17"":-22,""18"":-13,""19"":9,""15"":1000,""241"":26806,""199"":1654,""16"":37276,""12"":382,""449"":0,""636"":339499,""1148"":86,""11"":8935106000,""14"":1160700155,""387"":""2b3430313038322e393136372d303038353038332e373030302b3030302e3039312f""}"
2026-06-30T21:02:56Z,862272088542776,Codec8E,2026-06-26 08:09:10.000 UTC,1782461350000,0,40.1082833,-8.5083750,91,181,9,1,0,"{""239"":1,""240"":1,""21"":3,""200"":0,""69"":1,""237"":2,""113"":100,""303"":1,""383"":3,""1149"":8,""181"":17,""182"":14,""66"":14890,""24"":1,""206"":48740,""67"":4119,""68"":0,""13"":108,""17"":-57,""18"":-42,""19"":4,""15"":1000,""241"":26806,""199"":1654,""16"":37276,""12"":382,""449"":0,""636"":339509,""1148"":86,""11"":8935106000,""14"":1160700155,""387"":""2b3430313038322e383333332d303038353038332e373530302b3030302e3039312f""}"
2026-06-30T21:02:57Z,862272088542776,Codec8E,2026-06-26 08:09:12.000 UTC,1782461352000,0,40.1082833,-8.5083750,91,181,9,0,303,"{""239"":1,""240"":1,""21"":3,""200"":0,""69"":1,""237"":2,""113"":100,""303"":0,""383"":3,""1149"":8,""181"":17,""182"":14,""66"":14908,""24"":0,""206"":48740,""67"":4119,""68"":0,""13"":108,""17"":-53,""18"":-40,""19"":8,""15"":1000,""241"":26806,""199"":1654,""16"":37276,""12"":382,""449"":0,""636"":339509,""1148"":86,""11"":8935106000,""14"":1160700155,""387"":""2b3430313038322e383333332d303038353038332e373530302b3030302e3039312f""}"
2026-06-30T21:02:57Z,862272088542776,Codec8E,2026-06-26 08:09:15.000 UTC,1782461355000,0,40.1082833,-8.5083750,91,181,9,0,303,"{""239"":1,""240"":1,""21"":3,""200"":0,""69"":1,""237"":2,""113"":100,""303"":1,""383"":3,""1149"":8,""181"":17,""182"":14,""66"":14895,""24"":0,""206"":48740,""67"":4119,""68"":0,""13"":103,""17"":-51,""18"":-41,""19"":7,""15"":1000,""241"":26806,""199"":1654,""16"":37276,""12"":383,""449"":0,""636"":339509,""1148"":86,""11"":8935106000,""14"":1160700155,""387"":""2b3430313038322e383333332d303038353038332e373530302b3030302e3039312f""}"
2026-06-30T21:02:57Z,862272088542776,Codec8E,2026-06-26 08:09:16.000 UTC,1782461356000,0,40.1082833,-8.5083750,91,181,7,0,303,"{""239"":1,""240"":1,""21"":3,""200"":0,""69"":1,""237"":2,""113"":100,""303"":0,""383"":3,""1149"":8,""181"":18,""182"":15,""66"":14928,""24"":0,""206"":48740,""67"":4119,""68"":0,""13"":103,""17"":-52,""18"":-34,""19"":8,""15"":1000,""241"":26806,""199"":1654,""16"":37276,""12"":383,""449"":0,""636"":339509,""1148"":86,""11"":8935106000,""14"":1160700155,""387"":""2b3430313038322e383333332d303038353038332e373530302b3030302e3039312f""}"
2026-06-30T21:02:57Z,862272088542776,Codec8E,2026-06-26 08:10:15.000 UTC,1782461415000,0,40.1082833,-8.5083750,91,181,7,0,240,"{""239"":1,""240"":0,""21"":4,""200"":0,""69"":1,""237"":2,""113"":100,""303"":0,""383"":3,""1149"":20,""181"":22,""182"":20,""66"":14956,""24"":0,""206"":48740,""67"":4119,""68"":0,""13"":108,""17"":-53,""18"":-38,""19"":6,""15"":1000,""241"":26806,""199"":1654,""16"":37276,""12"":400,""449"":0,""636"":339469,""1148"":79,""11"":8935106000,""14"":1160700155,""387"":""2b3430313038322e383333332d303038353038332e373530302b3030302e3039312f""}"
2026-06-30T21:02:57Z,862272088542776,Codec8E,2026-06-26 08:12:12.000 UTC,1782461532000,0,40.1082833,-8.5083750,91,181,9,0,239,"{""239"":0,""240"":0,""21"":5,""200"":0,""69"":1,""237"":2,""113"":100,""303"":0,""383"":3,""1149"":20,""181"":15,""182"":11,""66"":13141,""24"":0,""206"":48740,""67"":4119,""68"":0,""13"":116,""17"":-50,""18"":-38,""19"":8,""15"":1000,""241"":26806,""199"":1654,""16"":37276,""12"":432,""449"":0,""636"":339469,""1148"":71,""11"":8935106000,""14"":1160700155,""387"":""2b3430313038322e383333332d303038353038332e373530302b3030302e3039312f""}"
2026-06-30T21:02:57Z,862272088542776,Codec8E,2026-06-26 09:12:12.000 UTC,1782465132000,0,40.1082833,-8.5083750,84,181,12,0,0,"{""239"":0,""240"":0,""21"":5,""200"":0,""69"":1,""237"":2,""113"":100,""303"":0,""383"":3,""1149"":20,""181"":12,""182"":9,""66"":13060,""24"":0,""206"":48740,""67"":4119,""68"":0,""13"":116,""17"":-47,""18"":-37,""19"":4,""15"":1000,""241"":26806,""199"":0,""16"":37276,""12"":432,""449"":0,""636"":339469,""1148"":73,""11"":8935106000,""14"":1160700155,""387"":""2b3430313038322e383333332d303038353038332e373530302b3030302e3038342f""}"
2026-06-30T21:02:57Z,862272088542776,Codec8E,2026-06-26 09:51:38.000 UTC,1782467498000,0,40.1082833,-8.5083750,79,0,12,0,239,"{""239"":1,""240"":0,""21"":4,""200"":0,""69"":1,""237"":2,""113"":100,""303"":0,""383"":3,""1149"":20,""181"":13,""182"":10,""66"":15141,""24"":0,""206"":48740,""67"":4121,""68"":0,""13"":116,""17"":-54,""18"":-46,""19"":11,""15"":0,""241"":26806,""199"":0,""16"":37276,""12"":432,""449"":0,""636"":339469,""1148"":75,""11"":8935106000,""14"":1160700155,""387"":""2b3430313038322e383333332d303038353038332e373530302b3030302e3037392f""}"
2026-06-30T21:02:57Z,862272088542776,Codec8E,2026-06-26 09:51:46.000 UTC,1782467506000,0,40.1082833,-8.5083750,79,0,9,0,303,"{""239"":1,""240"":0,""21"":4,""200"":0,""69"":1,""237"":2,""113"":100,""303"":1,""383"":3,""1149"":20,""181"":20,""182"":18,""66"":14910,""24"":0,""206"":48740,""67"":4123,""68"":0,""13"":117,""17"":-54,""18"":-38,""19"":5,""15"":0,""241"":26806,""199"":0,""16"":37276,""12"":434,""449"":0,""636"":339469,""1148"":75,""11"":8935106000,""14"":1160700155,""387"":""2b3430313038322e383333332d303038353038332e373530302b3030302e3037392f""}"
2026-06-30T21:02:57Z,862272088542776,Codec8E,2026-06-26 09:51:48.000 UTC,1782467508000,0,40.1082833,-8.5083750,79,0,10,0,303,"{""239"":1,""240"":0,""21"":4,""200"":0,""69"":1,""237"":2,""113"":100,""303"":0,""383"":3,""1149"":20,""181"":17,""182"":15,""66"":14924,""24"":0,""206"":48740,""67"":4123,""68"":0,""13"":117,""17"":-53,""18"":-40,""19"":2,""15"":0,""241"":26806,""199"":0,""16"":37276,""12"":435,""449"":0,""636"":339469,""1148"":75,""11"":8935106000,""14"":1160700155,""387"":""2b3430313038322e383333332d303038353038332e373530302b3030302e3037392f""}"
2026-06-30T21:02:57Z,862272088542776,Codec8E,2026-06-26 09:52:09.000 UTC,1782467529000,0,40.1082833,-8.5083750,79,0,9,0,303,"{""239"":1,""240"":0,""21"":4,""200"":0,""69"":1,""237"":2,""113"":100,""303"":1,""383"":3,""1149"":20,""181"":21,""182"":19,""66"":14862,""24"":0,""206"":48740,""67"":4119,""68"":0,""13"":119,""17"":0,""18"":-40,""19"":21,""15"":0,""241"":26806,""199"":0,""16"":37276,""12"":441,""449"":0,""636"":339469,""1148"":77,""11"":8935106000,""14"":1160700155,""387"":""2b3430313038322e383333332d303038353038332e373530302b3030302e3037392f""}"
2026-06-30T21:02:59Z,862272088542776,Codec8E,2026-06-26 09:52:11.000 UTC,1782467531000,0,40.1082833,-8.5083750,79,0,10,0,303,"{""239"":1,""240"":0,""21"":4,""200"":0,""69"":1,""237"":2,""113"":100,""303"":0,""383"":3,""1149"":20,""181"":18,""182"":16,""66"":14862,""24"":0,""206"":48740,""67"":4119,""68"":0,""13"":119,""17"":-74,""18"":-6,""19"":7,""15"":0,""241"":26806,""199"":0,""16"":37276,""12"":441,""449"":0,""636"":339469,""1148"":77,""11"":8935106000,""14"":1160700155,""387"":""2b3430313038322e383333332d303038353038332e373530302b3030302e3037392f""}"
2026-06-30T21:02:59Z,862272088542776,Codec8E,2026-06-26 09:52:14.000 UTC,1782467534000,0,40.1082833,-8.5083750,82,0,10,0,303,"{""239"":1,""240"":0,""21"":4,""200"":0,""69"":1,""237"":2,""113"":100,""303"":1,""383"":3,""1149"":20,""181"":15,""182"":13,""66"":14860,""24"":0,""206"":48740,""67"":4119,""68"":0,""13"":119,""17"":-184,""18"":-160,""19"":27,""15"":0,""241"":26806,""199"":0,""16"":37276,""12"":442,""449"":0,""636"":339469,""1148"":77,""11"":8935106000,""14"":1160700155,""387"":""2b3430313038322e383333332d303038353038332e373530302b3030302e3038322f""}"
2026-06-30T21:02:59Z,862272088542776,Codec8E,2026-06-26 09:52:16.000 UTC,1782467536000,0,40.1084150,-8.5082516,82,83,10,3,240,"{""239"":1,""240"":1,""21"":4,""200"":0,""69"":1,""237"":2,""113"":100,""303"":1,""383"":3,""1149"":20,""181"":15,""182"":13,""66"":14906,""24"":3,""206"":48740,""67"":4119,""68"":0,""13"":119,""17"":-246,""18"":0,""19"":9,""15"":0,""241"":26806,""199"":0,""16"":37276,""12"":442,""449"":0,""636"":339469,""1148"":77,""11"":8935106000,""14"":1160700155,""387"":""2b3430313038342e313530302d303038353038322e353136372b3030302e3038322f""}"
2026-06-30T21:02:59Z,862272088542776,Codec8E,2026-06-26 09:52:17.000 UTC,1782467537000,0,40.1084300,-8.5082033,82,77,9,6,303,"{""239"":1,""240"":1,""21"":4,""200"":0,""69"":1,""237"":2,""113"":100,""303"":0,""383"":3,""1149"":20,""181"":27,""182"":15,""66"":14883,""24"":6,""206"":48740,""67"":4119,""68"":0,""13"":119,""17"":-185,""18"":-89,""19"":2,""15"":0,""241"":26806,""199"":0,""16"":37276,""12"":442,""449"":0,""636"":339469,""1148"":77,""11"":8935106000,""14"":1160700155,""387"":""2b3430313038342e333030302d303038353038322e303333332b3030302e3038322f""}"
2026-06-30T21:02:59Z,862272088542776,Codec8E,2026-06-26 09:52:18.000 UTC,1782467538000,0,40.1084316,-8.5081433,82,87,10,9,0,"{""239"":1,""240"":1,""21"":4,""200"":0,""69"":1,""237"":2,""113"":100,""303"":0,""383"":3,""1149"":20,""181"":25,""182"":14,""66"":14878,""24"":9,""206"":48740,""67"":4119,""68"":0,""13"":119,""17"":-178,""18"":-94,""19"":-9,""15"":1000,""241"":26806,""199"":5,""16"":37281,""12"":442,""449"":0,""636"":339469,""1148"":77,""11"":8935106000,""14"":1160700155,""387"":""2b3430313038342e333136372d303038353038312e343333332b3030302e3038322f""}"
2026-06-30T21:03:19Z,862272088542776,Codec8E,2026-06-26 09:52:18.010 UTC,1782467538010,0,40.1084350,-8.5080683,82,85,10,13,303,"{""239"":1,""240"":1,""21"":4,""200"":0,""69"":1,""237"":2,""113"":100,""303"":1,""383"":3,""1149"":20,""181"":22,""182"":12,""66"":14905,""24"":13,""206"":48740,""67"":4119,""68"":0,""13"":119,""17"":-103,""18"":-15,""19"":51,""15"":1000,""241"":26806,""199"":12,""16"":37288,""12"":442,""449"":0,""636"":339469,""1148"":77,""11"":8935106000,""14"":1160700155,""387"":""2b3430313038342e333530302d303038353038302e363833332b3030302e3038322f""}"
2026-06-30T21:03:19Z,862272088542776,Codec8E,2026-06-26 09:52:23.000 UTC,1782467543000,0,40.1084749,-8.5076983,83,81,9,24,0,"{""239"":1,""240"":1,""21"":5,""200"":0,""69"":1,""237"":2,""113"":100,""303"":1,""383"":3,""1149"":20,""181"":23,""182"":14,""66"":14898,""24"":24,""206"":48740,""67"":4119,""68"":0,""13"":119,""17"":-44,""18"":-2,""19"":119,""15"":1000,""241"":26806,""199"":43,""16"":37319,""12"":442,""449"":0,""636"":339469,""1148"":66,""11"":8935106000,""14"":1160700155,""387"":""2b3430313038342e373530302d303038353037362e393833332b3030302e3038332f""}"
2026-06-30T21:03:19Z,862272088542776,Codec8E,2026-06-26 09:52:32.000 UTC,1782467552000,0,40.1086016,-8.5068899,84,58,9,24,0,"{""239"":1,""240"":1,""21"":5,""200"":0,""69"":1,""237"":2,""113"":100,""303"":1,""383"":3,""1149"":20,""181"":21,""182"":13,""66"":14916,""24"":24,""206"":48740,""67"":4123,""68"":0,""13"":119,""17"":-56,""18"":-340,""19"":16,""15"":1000,""241"":26806,""199"":114,""16"":37390,""12"":442,""449"":0,""636"":339469,""1148"":66,""11"":8935106000,""14"":1160700155,""387"":""2b3430313038362e303136372d303038353036382e393030302b3030302e3038342f""}"
2026-06-30T21:03:19Z,862272088542776,Codec8E,2026-06-26 09:52:34.000 UTC,1782467554000,0,40.1086800,-8.5068416,84,7,8,23,0,"{""239"":1,""240"":1,""21"":5,""200"":0,""69"":1,""237"":2,""113"":100,""303"":1,""383"":3,""1149"":20,""181"":26,""182"":15,""66"":14835,""24"":23,""206"":48740,""67"":4123,""68"":0,""13"":119,""17"":-75,""18"":-67,""19"":47,""15"":1000,""241"":26806,""199"":125,""16"":37401,""12"":442,""449"":0,""636"":339469,""1148"":66,""11"":8935106000,""14"":1160700155,""387"":""2b3430313038362e383030302d303038353036382e343136372b3030302e3038342f""}"
2026-06-30T21:03:19Z,862272088542776,Codec8E,2026-06-26 09:52:35.000 UTC,1782467555000,0,40.1087300,-8.5068666,84,349,8,24,0,"{""239"":1,""240"":1,""21"":5,""200"":0,""69"":1,""237"":2,""113"":100,""303"":1,""383"":3,""1149"":20,""181"":33,""182"":16,""66"":14898,""24"":24,""206"":48740,""67"":4122,""68"":0,""13"":119,""17"":-13,""18"":-54,""19"":22,""15"":1000,""241"":26806,""199"":131,""16"":37407,""12"":442,""449"":0,""636"":339469,""1148"":66,""11"":8935106000,""14"":1160700155,""387"":""2b3430313038372e333030302d303038353036382e363636372b3030302e3038342f""}"
2026-06-30T21:03:20Z,862272088542776,Codec8E,2026-06-26 09:52:39.000 UTC,1782467559000,0,40.1089766,-8.5068716,85,5,9,22,0,"{""239"":1,""240"":1,""21"":5,""200"":0,""69"":1,""237"":2,""113"":100,""303"":1,""383"":3,""1149"":20,""181"":16,""182"":14,""66"":14845,""24"":22,""206"":48740,""67"":4123,""68"":0,""13"":119,""17"":0,""18"":340,""19"":87,""15"":1000,""241"":26806,""199"":159,""16"":37435,""12"":442,""449"":0,""636"":339499,""1148"":66,""11"":8935106000,""14"":1160700155,""387"":""2b3430313038392e373636372d303038353036382e373136372b3030302e3038352f""}"
2026-06-30T21:03:20Z,862272088542776,Codec8E,2026-06-26 09:52:41.000 UTC,1782467561000,0,40.1090499,-8.5068000,85,45,9,20,0,"{""239"":1,""240"":1,""21"":5,""200"":0,""69"":1,""237"":2,""113"":100,""303"":1,""383"":3,""1149"":20,""181"":25,""182"":17,""66"":14914,""24"":20,""206"":48740,""67"":4123,""68"":0,""13"":119,""17"":-119,""18"":185,""19"":45,""15"":1000,""241"":26806,""199"":170,""16"":37446,""12"":442,""449"":0,""636"":339499,""1148"":66,""11"":8935106000,""14"":1160700155,""387"":""2b3430313039302e353030302d303038353036382e303030302b3030302e3038352f""}"
2026-06-30T21:03:20Z,862272088542776,Codec8E,2026-06-26 09:52:42.000 UTC,1782467562000,0,40.1090683,-8.5067500,85,60,9,19,0,"{""239"":1,""240"":1,""21"":5,""200"":0,""69"":1,""237"":2,""113"":100,""303"":1,""383"":3,""1149"":20,""181"":20,""182"":15,""66"":14913,""24"":19,""206"":48740,""67"":4122,""68"":0,""13"":119,""17"":-202,""18"":43,""19"":42,""15"":1000,""241"":26806,""199"":175,""16"":37451,""12"":442,""449"":0,""636"":339499,""1148"":66,""11"":8935106000,""14"":1160700155,""387"":""2b3430313039302e363833332d303038353036372e353030302b3030302e3038352f""}"
2026-06-30T21:03:20Z,862272088542776,Codec8E,2026-06-26 09:52:43.000 UTC,1782467563000,0,40.1090716,-8.5066750,86,78,9,19,0,"{""239"":1,""240"":1,""21"":5,""200"":0,""69"":1,""237"":2,""113"":100,""303"":1,""383"":3,""1149"":20,""181"":16,""182"":14,""66"":14849,""24"":19,""206"":48740,""67"":4122,""68"":0,""13"":119,""17"":-271,""18"":40,""19"":48,""15"":1000,""241"":26806,""199"":181,""16"":37457,""12"":442,""449"":0,""636"":339499,""1148"":66,""11"":8935106000,""14"":1160700155,""387"":""2b3430313039302e373136372d303038353036362e373530302b3030302e3038362f""}"
2026-06-30T21:03:20Z,862272088542776,Codec8E,2026-06-26 09:52:45.000 UTC,1782467565000,0,40.1090666,-8.5065066,86,89,11,22,0,"{""239"":1,""240"":1,""21"":5,""200"":0,""69"":1,""237"":2,""113"":100,""303"":1,""383"":3,""1149"":20,""181"":16,""182"":13,""66"":14917,""24"":22,""206"":48740,""67"":4123,""68"":0,""13"":119,""17"":-209,""18"":-14,""19"":87,""15"":1000,""241"":26806,""199"":196,""16"":37472,""12"":442,""449"":0,""636"":339499,""1148"":66,""11"":8935106000,""14"":1160700155,""387"":""2b3430313039302e363636372d303038353036352e303636372b3030302e3038362f""}"
2026-06-30T21:03:21Z,862272088542776,Codec8E,2026-06-26 09:52:50.000 UTC,1782467570000,0,40.1090200,-8.5060033,89,102,11,29,0,"{""239"":1,""240"":1,""21"":5,""200"":0,""69"":1,""237"":2,""113"":100,""303"":1,""383"":3,""1149"":20,""181"":15,""182"":11,""66"":14911,""24"":29,""206"":48740,""67"":4123,""68"":0,""13"":119,""17"":-140,""18"":309,""19"":-5,""15"":1000,""241"":26806,""199"":239,""16"":37515,""12"":442,""449"":0,""636"":339499,""1148"":66,""11"":8935106000,""14"":1160700155,""387"":""2b3430313039302e323030302d303038353036302e303333332b3030302e3038392f""}"
2026-06-30T21:03:21Z,862272088542776,Codec8E,2026-06-26 09:52:52.000 UTC,1782467572000,0,40.1089200,-8.5058216,90,139,12,30,0,"{""239"":1,""240"":1,""21"":5,""200"":0,""69"":1,""237"":2,""113"":100,""303"":1,""383"":3,""1149"":20,""181"":14,""182"":9,""66"":14845,""24"":30,""206"":48740,""67"":4121,""68"":0,""13"":119,""17"":-82,""18"":47,""19"":76,""15"":1000,""241"":26806,""199"":259,""16"":37535,""12"":442,""449"":0,""636"":339499,""1148"":66,""11"":8935106000,""14"":1160700155,""387"":""2b3430313038392e323030302d303038353035382e323136372b3030302e3039302f""}"
2026-06-30T21:03:21Z,862272088542776,Codec8E,2026-06-26 09:52:54.000 UTC,1782467574000,0,40.1087749,-8.5057033,91,153,13,32,0,"{""239"":1,""240"":1,""21"":5,""200"":0,""69"":1,""237"":2,""113"":100,""303"":1,""383"":3,""1149"":20,""181"":12,""182"":8,""66"":14911,""24"":32,""206"":48740,""67"":4122,""68"":0,""13"":119,""17"":-38,""18"":-42,""19"":-15,""15"":1000,""241"":26806,""199"":278,""16"":37554,""12"":442,""449"":0,""636"":339499,""1148"":66,""11"":8935106000,""14"":1160700155,""387"":""2b3430313038372e373530302d303038353035372e303333332b3030302e3039312f""}"
2026-06-30T21:03:21Z,862272088542776,Codec8E,2026-06-26 09:53:03.000 UTC,1782467583000,0,40.1082483,-8.5052216,93,104,13,28,0,"{""239"":1,""240"":1,""21"":5,""200"":0,""69"":1,""237"":2,""113"":100,""303"":1,""383"":3,""1149"":20,""181"":15,""182"":10,""66"":14919,""24"":28,""206"":48740,""67"":4123,""68"":0,""13"":119,""17"":-28,""18"":68,""19"":173,""15"":1000,""241"":26806,""199"":355,""16"":37631,""12"":442,""449"":0,""636"":339499,""1148"":66,""11"":8935106000,""14"":1160700155,""387"":""2b3430313038322e343833332d303038353035322e323136372b3030302e3039332f""}"
2026-06-30T21:03:21Z,862272088542776,Codec8E,2026-06-26 09:53:10.000 UTC,1782467590000,0,40.1081666,-8.5045150,92,114,13,32,0,"{""239"":1,""240"":1,""21"":5,""200"":0,""69"":1,""237"":2,""113"":100,""303"":1,""383"":3,""1149"":20,""181"":14,""182"":9,""66"":14918,""24"":32,""206"":48740,""67"":4123,""68"":0,""13"":119,""17"":-116,""18"":32,""19"":39,""15"":1000,""241"":26806,""199"":417,""16"":37693,""12"":442,""449"":0,""636"":339499,""1148"":66,""11"":8935106000,""14"":1160700155,""387"":""2b3430313038312e363636372d303038353034352e313530302b3030302e3039322f""}"
2026-06-30T21:03:22Z,862272088542776,Codec8E,2026-06-26 09:53:11.000 UTC,1782467591000,0,40.1081066,-8.5044316,93,127,14,33,0,"{""239"":1,""240"":1,""21"":5,""200"":0,""69"":1,""237"":2,""113"":100,""303"":1,""383"":3,""1149"":20,""181"":14,""182"":9,""66"":14859,""24"":33,""206"":48740,""67"":4123,""68"":0,""13"":119,""17"":-246,""18"":-1,""19"":9,""15"":1000,""241"":26806,""199"":426,""16"":37702,""12"":442,""449"":0,""636"":339499,""1148"":66,""11"":8935106000,""14"":1160700155,""387"":""2b3430313038312e303636372d303038353034342e333136372b3030302e3039332f""}"
2026-06-30T21:03:22Z,862272088542776,Codec8E,2026-06-26 09:53:12.000 UTC,1782467592000,0,40.1080316,-8.5043600,93,137,14,34,0,"{""239"":1,""240"":1,""21"":5,""200"":0,""69"":1,""237"":2,""113"":100,""303"":1,""383"":3,""1149"":20,""181"":12,""182"":8,""66"":14880,""24"":34,""206"":48740,""67"":4123,""68"":0,""13"":119,""17"":-217,""18"":-39,""19"":49,""15"":1000,""241"":26806,""199"":437,""16"":37713,""12"":442,""449"":0,""636"":339499,""1148"":66,""11"":8935106000,""14"":1160700155,""387"":""2b3430313038302e333136372d303038353034332e363030302b3030302e3039332f""}"
2026-06-30T21:03:22Z,862272088542776,Codec8E,2026-06-26 09:53:17.000 UTC,1782467597000,0,40.1076033,-8.5038449,94,130,13,45,0,"{""239"":1,""240"":1,""21"":5,""200"":0,""69"":1,""237"":2,""113"":100,""303"":1,""383"":3,""1149"":20,""181"":11,""182"":8,""66"":14837,""24"":45,""206"":48740,""67"":4123,""68"":0,""13"":119,""17"":-79,""18"":-110,""19"":-2,""15"":1000,""241"":26806,""199"":502,""16"":37778,""12"":442,""449"":0,""636"":339499,""1148"":66,""11"":8935106000,""14"":1160700155,""387"":""2b3430313037362e303333332d303038353033382e343530302b3030302e3039342f""}"
2026-06-30T21:03:22Z,862272088542776,Codec8E,2026-06-26 09:53:18.000 UTC,1782467598000,0,40.1075216,-8.5036916,94,118,12,47,0,"{""239"":1,""240"":1,""21"":5,""200"":0,""69"":1,""237"":2,""113"":100,""303"":1,""383"":3,""1149"":20,""181"":11,""182"":8,""66"":14909,""24"":47,""206"":48740,""67"":4122,""68"":0,""13"":119,""17"":-60,""18"":-105,""19"":-9,""15"":1000,""241"":26806,""199"":518,""16"":37794,""12"":442,""449"":0,""636"":339499,""1148"":66,""11"":8935106000,""14"":1160700155,""387"":""2b3430313037352e323136372d303038353033362e393136372b3030302e3039342f""}"
2026-06-30T21:03:22Z,862272088542776,Codec8E,2026-06-26 09:53:25.000 UTC,1782467605000,0,40.1071816,-8.5025616,88,109,12,51,0,"{""239"":1,""240"":1,""21"":5,""200"":0,""69"":1,""237"":2,""113"":100,""303"":1,""383"":3,""1149"":20,""181"":15,""182"":9,""66"":14901,""24"":51,""206"":48740,""67"":4123,""68"":0,""13"":119,""17"":-80,""18"":-15,""19"":118,""15"":1000,""241"":26806,""199"":621,""16"":37897,""12"":442,""449"":0,""636"":339499,""1148"":66,""11"":8935106000,""14"":1160700155,""387"":""2b3430313037312e383136372d303038353032352e363136372b3030302e3038382f""}"
2026-06-30T21:03:42Z,862272088542776,Codec8E,2026-06-26 09:53:32.000 UTC,1782467612000,0,40.1068766,-8.5015349,90,123,14,48,0,"{""239"":1,""240"":1,""21"":4,""200"":0,""69"":1,""237"":2,""113"":100,""303"":1,""383"":3,""1149"":1,""181"":13,""182"":8,""66"":14896,""24"":48,""206"":48740,""67"":4123,""68"":0,""13"":119,""17"":-1,""18"":192,""19"":100,""15"":1000,""241"":26806,""199"":715,""16"":37991,""12"":442,""449"":0,""636"":339499,""1148"":76,""11"":8935106000,""14"":1160700155,""387"":""2b3430313036382e373636372d303038353031352e333530302b3030302e3039302f""}"
2026-06-30T21:03:42Z,862272088542776,Codec8E,2026-06-26 09:53:34.000 UTC,1782467614000,0,40.1067283,-8.5013349,90,144,14,44,0,"{""239"":1,""240"":1,""21"":4,""200"":0,""69"":1,""237"":2,""113"":100,""303"":1,""383"":3,""1149"":1,""181"":11,""182"":8,""66"":14911,""24"":44,""206"":48740,""67"":4123,""68"":0,""13"":119,""17"":6,""18"":337,""19"":0,""15"":1000,""241"":26806,""199"":739,""16"":38015,""12"":442,""449"":0,""636"":339499,""1148"":76,""11"":8935106000,""14"":1160700155,""387"":""2b3430313036372e323833332d303038353031332e333530302b3030302e3039302f""}"
2026-06-30T21:03:42Z,862272088542776,Codec8E,2026-06-26 09:53:36.000 UTC,1782467616000,0,40.1065216,-8.5012850,89,170,14,42,0,"{""239"":1,""240"":1,""21"":4,""200"":0,""69"":1,""237"":2,""113"":100,""303"":1,""383"":3,""1149"":1,""181"":11,""182"":8,""66"":14917,""24"":42,""206"":48740,""67"":4122,""68"":0,""13"":119,""17"":-13,""18"":293,""19"":80,""15"":1000,""241"":26806,""199"":762,""16"":38038,""12"":442,""449"":0,""636"":339499,""1148"":76,""11"":8935106000,""14"":1160700155,""387"":""2b3430313036352e323136372d303038353031322e383530302b3030302e3038392f""}"
2026-06-30T21:03:42Z,862272088542776,Codec8E,2026-06-26 09:53:37.000 UTC,1782467617000,0,40.1063916,-8.5013250,88,183,14,44,0,"{""239"":1,""240"":1,""21"":4,""200"":0,""69"":1,""237"":2,""113"":100,""303"":1,""383"":3,""1149"":1,""181"":11,""182"":8,""66"":14862,""24"":44,""206"":48740,""67"":4123,""68"":0,""13"":119,""17"":48,""18"":322,""19"":15,""15"":1000,""241"":26806,""199"":777,""16"":38053,""12"":442,""449"":0,""636"":339499,""1148"":76,""11"":8935106000,""14"":1160700155,""387"":""2b3430313036332e393136372d303038353031332e323530302b3030302e3038382f""}"
2026-06-30T21:03:42Z,862272088542776,Codec8E,2026-06-26 09:53:39.000 UTC,1782467619000,0,40.1061616,-8.5014566,89,197,11,45,0,"{""239"":1,""240"":1,""21"":4,""200"":0,""69"":1,""237"":2,""113"":100,""303"":1,""383"":3,""1149"":1,""181"":13,""182"":10,""66"":14890,""24"":45,""206"":48740,""67"":4121,""68"":0,""13"":119,""17"":21,""18"":293,""19"":61,""15"":1000,""241"":26806,""199"":806,""16"":38082,""12"":442,""449"":0,""636"":339499,""1148"":76,""11"":8935106000,""14"":1160700155,""387"":""2b3430313036312e363136372d303038353031342e353636372b3030302e3038392f""}"
2026-06-30T21:03:49Z,862272088542776,Codec8E,2026-06-26 09:53:40.000 UTC,1782467620000,0,40.1060800,-8.5015533,89,207,10,44,0,"{""239"":1,""240"":1,""21"":4,""200"":0,""69"":1,""237"":2,""113"":100,""303"":1,""383"":3,""1149"":1,""181"":14,""182"":12,""66"":14913,""24"":44,""206"":48740,""67"":4121,""68"":0,""13"":119,""17"":42,""18"":257,""19"":133,""15"":1000,""241"":26806,""199"":818,""16"":38094,""12"":442,""449"":0,""636"":339499,""1148"":76,""11"":8935106000,""14"":1160700155,""387"":""2b3430313036302e383030302d303038353031352e353333332b3030302e3038392f""}"
2026-06-30T21:03:49Z,862272088542776,Codec8E,2026-06-26 09:53:41.000 UTC,1782467621000,0,40.1060383,-8.5016566,89,218,10,43,0,"{""239"":1,""240"":1,""21"":4,""200"":0,""69"":1,""237"":2,""113"":100,""303"":1,""383"":3,""1149"":1,""181"":14,""182"":12,""66"":14944,""24"":43,""206"":48740,""67"":4123,""68"":0,""13"":119,""17"":61,""18"":271,""19"":114,""15"":1000,""241"":26806,""199"":828,""16"":38104,""12"":442,""449"":0,""636"":339499,""1148"":76,""11"":8935106000,""14"":1160700155,""387"":""2b3430313036302e333833332d303038353031362e353636372b3030302e3038392f""}"
2026-06-30T21:03:49Z,862272088542776,Codec8E,2026-06-26 09:53:42.000 UTC,1782467622000,0,40.1062516,-8.5018566,86,266,10,41,0,"{""239"":1,""240"":1,""21"":4,""200"":0,""69"":1,""237"":2,""113"":100,""303"":1,""383"":3,""1149"":1,""181"":15,""182"":12,""66"":14873,""24"":41,""206"":48740,""67"":4123,""68"":0,""13"":119,""17"":88,""18"":230,""19"":55,""15"":1000,""241"":26806,""199"":857,""16"":38133,""12"":442,""449"":0,""636"":339499,""1148"":76,""11"":8935106000,""14"":1160700155,""387"":""2b3430313036322e353136372d303038353031382e353636372b3030302e3038362f""}"
2026-06-30T21:03:49Z,862272088542776,Codec8E,2026-06-26 09:53:43.000 UTC,1782467623000,0,40.1062850,-8.5019550,86,276,9,38,0,"{""239"":1,""240"":1,""21"":4,""200"":0,""69"":1,""237"":2,""113"":100,""303"":1,""383"":3,""1149"":1,""181"":16,""182"":13,""66"":14935,""24"":38,""206"":48740,""67"":4123,""68"":0,""13"":119,""17"":46,""18"":236,""19"":46,""15"":1000,""241"":26806,""199"":866,""16"":38142,""12"":442,""449"":0,""636"":339499,""1148"":76,""11"":8935106000,""14"":1160700155,""387"":""2b3430313036322e383530302d303038353031392e353530302b3030302e3038362f""}"
2026-06-30T21:03:49Z,862272088542776,Codec8E,2026-06-26 09:53:44.000 UTC,1782467624000,0,40.1063516,-8.5020500,87,291,9,37,0,"{""239"":1,""240"":1,""21"":4,""200"":0,""69"":1,""237"":2,""113"":100,""303"":1,""383"":3,""1149"":1,""181"":17,""182"":14,""66"":14879,""24"":37,""206"":48740,""67"":4123,""68"":0,""13"":119,""17"":-38,""18"":138,""19"":22,""15"":1000,""241"":26806,""199"":877,""16"":38153,""12"":442,""449"":0,""636"":339499,""1148"":76,""11"":8935106000,""14"":1160700155,""387"":""2b3430313036332e353136372d303038353032302e353030302b3030302e3038372f""}"
2026-06-30T21:03:51Z,862272088542776,Codec8E,2026-06-26 09:53:45.000 UTC,1782467625000,0,40.1064150,-8.5021349,87,302,9,36,0,"{""239"":1,""240"":1,""21"":4,""200"":0,""69"":1,""237"":2,""113"":100,""303"":1,""383"":3,""1149"":1,""181"":17,""182"":14,""66"":14920,""24"":36,""206"":48740,""67"":4123,""68"":0,""13"":119,""17"":-112,""18"":32,""19"":22,""15"":1000,""241"":26806,""199"":887,""16"":38163,""12"":442,""449"":0,""636"":339499,""1148"":76,""11"":8935106000,""14"":1160700155,""387"":""2b3430313036342e313530302d303038353032312e333530302b3030302e3038372f""}"
2026-06-30T21:03:51Z,862272088542776,Codec8E,2026-06-26 09:53:46.000 UTC,1782467626000,0,40.1065016,-8.5022033,88,315,9,35,0,"{""239"":1,""240"":1,""21"":4,""200"":0,""69"":1,""237"":2,""113"":100,""303"":1,""383"":3,""1149"":1,""181"":17,""182"":14,""66"":14883,""24"":35,""206"":48740,""67"":4123,""68"":0,""13"":119,""17"":-97,""18"":-19,""19"":81,""15"":1000,""241"":26806,""199"":898,""16"":38174,""12"":442,""449"":0,""636"":339499,""1148"":76,""11"":8935106000,""14"":1160700155,""387"":""2b3430313036352e303136372d303038353032322e303333332b3030302e3038382f""}"
2026-06-30T21:03:51Z,862272088542776,Codec8E,2026-06-26 09:53:47.000 UTC,1782467627000,0,40.1066366,-8.5022433,89,333,9,36,0,"{""239"":1,""240"":1,""21"":4,""200"":0,""69"":1,""237"":2,""113"":100,""303"":1,""383"":3,""1149"":1,""181"":23,""182"":15,""66"":14867,""24"":36,""206"":48740,""67"":4122,""68"":0,""13"":119,""17"":-72,""18"":-38,""19"":49,""15"":1000,""241"":26806,""199"":914,""16"":38190,""12"":442,""449"":0,""636"":339499,""1148"":76,""11"":8935106000,""14"":1160700155,""387"":""2b3430313036362e333636372d303038353032322e343333332b3030302e3038392f""}"
2026-06-30T21:03:51Z,862272088542776,Codec8E,2026-06-26 09:53:51.000 UTC,1782467631000,0,40.1070983,-8.5024333,91,346,8,42,0,"{""239"":1,""240"":1,""21"":4,""200"":0,""69"":1,""237"":2,""113"":100,""303"":1,""383"":3,""1149"":1,""181"":20,""182"":18,""66"":14906,""24"":42,""206"":48740,""67"":4123,""68"":0,""13"":119,""17"":12,""18"":-32,""19"":56,""15"":1000,""241"":26806,""199"":968,""16"":38244,""12"":442,""449"":0,""636"":339499,""1148"":76,""11"":8935106000,""14"":1160700155,""387"":""2b3430313037302e393833332d303038353032342e333333332b3030302e3039312f""}"
2026-06-30T21:03:51Z,862272088542776,Codec8E,2026-06-26 09:54:00.000 UTC,1782467640000,0,40.1079700,-8.5027016,94,0,7,34,0,"{""239"":1,""240"":1,""21"":3,""200"":0,""69"":1,""237"":2,""113"":100,""303"":1,""383"":3,""1149"":1,""181"":39,""182"":35,""66"":14887,""24"":34,""206"":48740,""67"":4123,""68"":0,""13"":119,""17"":55,""18"":55,""19"":6,""15"":1000,""241"":26806,""199"":1068,""16"":38344,""12"":442,""449"":0,""636"":339499,""1148"":86,""11"":8935106000,""14"":1160700155,""387"":""2b3430313037392e373030302d303038353032372e303136372b3030302e3039342f""}"
2026-06-30T21:03:53Z,862272088542776,Codec8E,2026-06-26 09:54:01.000 UTC,1782467641000,0,40.1080683,-8.5026716,94,10,7,32,0,"{""239"":1,""240"":1,""21"":3,""200"":0,""69"":1,""237"":2,""113"":100,""303"":1,""383"":3,""1149"":1,""181"":42,""182"":35,""66"":14950,""24"":32,""206"":48740,""67"":4123,""68"":0,""13"":119,""17"":-2,""18"":15,""19"":7,""15"":1000,""241"":26806,""199"":1079,""16"":38355,""12"":442,""449"":0,""636"":339499,""1148"":86,""11"":8935106000,""14"":1160700155,""387"":""2b3430313038302e363833332d303038353032362e373136372b3030302e3039342f""}"
2026-06-30T21:03:53Z,862272088542776,Codec8E,2026-06-26 09:54:09.000 UTC,1782467649000,0,40.1090316,-8.5023866,94,356,12,34,0,"{""239"":1,""240"":1,""21"":3,""200"":0,""69"":1,""237"":2,""113"":100,""303"":1,""383"":3,""1149"":1,""181"":13,""182"":9,""66"":14891,""24"":34,""206"":48740,""67"":4123,""68"":0,""13"":119,""17"":103,""18"":-43,""19"":8,""15"":1000,""241"":26806,""199"":1189,""16"":38465,""12"":442,""449"":0,""636"":339499,""1148"":86,""11"":8935106000,""14"":1160700155,""387"":""2b3430313039302e333136372d303038353032332e383636372b3030302e3039342f""}"
2026-06-30T21:03:53Z,862272088542776,Codec8E,2026-06-26 09:54:11.000 UTC,1782467651000,0,40.1091700,-8.5024233,94,345,13,31,0,"{""239"":1,""240"":1,""21"":3,""200"":0,""69"":1,""237"":2,""113"":100,""303"":1,""383"":3,""1149"":1,""181"":15,""182"":9,""66"":14851,""24"":31,""206"":48740,""67"":4123,""68"":0,""13"":119,""17"":32,""18"":-37,""19"":-1,""15"":1000,""241"":26806,""199"":1205,""16"":38481,""12"":442,""449"":0,""636"":339499,""1148"":86,""11"":8935106000,""14"":1160700155,""387"":""2b3430313039312e373030302d303038353032342e323333332b3030302e3039342f""}"
2026-06-30T21:03:53Z,862272088542776,Codec8E,2026-06-26 09:54:15.000 UTC,1782467655000,0,40.1093500,-8.5025333,93,334,12,25,0,"{""239"":1,""240"":1,""21"":3,""200"":0,""69"":1,""237"":2,""113"":100,""303"":1,""383"":3,""1149"":1,""181"":13,""182"":9,""66"":14911,""24"":25,""206"":48740,""67"":4123,""68"":0,""13"":119,""17"":45,""18"":-74,""19"":83,""15"":1000,""241"":26806,""199"":1227,""16"":38503,""12"":442,""449"":0,""636"":339499,""1148"":86,""11"":8935106000,""14"":1160700155,""387"":""2b3430313039332e353030302d303038353032352e333333332b3030302e3039332f""}"
2026-06-30T21:03:53Z,862272088542776,Codec8E,2026-06-26 09:54:18.000 UTC,1782467658000,0,40.1094666,-8.5026450,91,316,13,24,0,"{""239"":1,""240"":1,""21"":3,""200"":0,""69"":1,""237"":2,""113"":100,""303"":1,""383"":3,""1149"":1,""181"":15,""182"":8,""66"":14917,""24"":24,""206"":48740,""67"":4123,""68"":0,""13"":119,""17"":-4,""18"":-226,""19"":120,""15"":1000,""241"":26806,""199"":1243,""16"":38519,""12"":442,""449"":0,""636"":339499,""1148"":86,""11"":8935106000,""14"":1160700155,""387"":""2b3430313039342e363636372d303038353032362e343530302b3030302e3039312f""}"
2026-06-30T21:03:58Z,862272088542776,Codec8E,2026-06-26 09:54:19.000 UTC,1782467659000,0,40.1094950,-8.5026983,91,306,12,23,0,"{""239"":1,""240"":1,""21"":3,""200"":0,""69"":1,""237"":2,""113"":100,""303"":1,""383"":3,""1149"":1,""181"":13,""182"":8,""66"":14891,""24"":23,""206"":48740,""67"":4123,""68"":0,""13"":119,""17"":17,""18"":-96,""19"":16,""15"":1000,""241"":26806,""199"":1249,""16"":38525,""12"":442,""449"":0,""636"":339499,""1148"":86,""11"":8935106000,""14"":1160700155,""387"":""2b3430313039342e393530302d303038353032362e393833332b3030302e3039312f""}"
2026-06-30T21:03:58Z,862272088542776,Codec8E,2026-06-26 09:54:20.000 UTC,1782467660000,0,40.1094966,-8.5027466,89,296,12,22,0,"{""239"":1,""240"":1,""21"":3,""200"":0,""69"":1,""237"":2,""113"":100,""303"":1,""383"":3,""1149"":1,""181"":13,""182"":8,""66"":14943,""24"":22,""206"":48740,""67"":4123,""68"":0,""13"":119,""17"":18,""18"":-18,""19"":60,""15"":1000,""241"":26806,""199"":1253,""16"":38529,""12"":442,""449"":0,""636"":339499,""1148"":86,""11"":8935106000,""14"":1160700155,""387"":""2b3430313039342e393636372d303038353032372e343636372b3030302e3038392f""}"
2026-06-30T21:03:58Z,862272088542776,Codec8E,2026-06-26 09:54:26.000 UTC,1782467666000,0,40.1095783,-8.5030233,87,285,12,14,0,"{""239"":1,""240"":1,""21"":5,""200"":0,""69"":1,""237"":2,""113"":100,""303"":1,""383"":3,""1149"":1,""181"":14,""182"":10,""66"":14913,""24"":14,""206"":48740,""67"":4123,""68"":0,""13"":119,""17"":22,""18"":20,""19"":7,""15"":1000,""241"":26806,""199"":1278,""16"":38554,""12"":442,""449"":0,""636"":339499,""1148"":71,""11"":8935106000,""14"":1160700155,""387"":""2b3430313039352e373833332d303038353033302e323333332b3030302e3038372f""}"
2026-06-30T21:03:58Z,862272088542776,Codec8E,2026-06-26 09:54:27.000 UTC,1782467667000,0,40.1095966,-8.5030483,87,299,12,13,0,"{""239"":1,""240"":1,""21"":5,""200"":0,""69"":1,""237"":2,""113"":100,""303"":1,""383"":3,""1149"":1,""181"":16,""182"":10,""66"":14848,""24"":13,""206"":48740,""67"":4123,""68"":0,""13"":119,""17"":-6,""18"":39,""19"":25,""15"":1000,""241"":26806,""199"":1281,""16"":38557,""12"":442,""449"":0,""636"":339499,""1148"":71,""11"":8935106000,""14"":1160700155,""387"":""2b3430313039352e393636372d303038353033302e343833332b3030302e3038372f""}"
2026-06-30T21:03:58Z,862272088542776,Codec8E,2026-06-26 09:54:29.000 UTC,1782467669000,0,40.1096483,-8.5031000,86,328,12,13,0,"{""239"":1,""240"":1,""21"":5,""200"":0,""69"":1,""237"":2,""113"":100,""303"":1,""383"":3,""1149"":1,""181"":14,""182"":10,""66"":14871,""24"":13,""206"":48740,""67"":4123,""68"":0,""13"":119,""17"":-196,""18"":12,""19"":30,""15"":1000,""241"":26806,""199"":1289,""16"":38565,""12"":442,""449"":0,""636"":339499,""1148"":71,""11"":8935106000,""14"":1160700155,""387"":""2b3430313039362e343833332d303038353033312e303030302b3030302e3038362f""}"
2026-06-30T21:03:59Z,862272088542776,Codec8E,2026-06-26 09:54:31.000 UTC,1782467671000,0,40.1097533,-8.5031500,86,338,11,16,0,"{""239"":1,""240"":1,""21"":5,""200"":0,""69"":1,""237"":2,""113"":100,""303"":1,""383"":3,""1149"":1,""181"":14,""182"":11,""66"":14897,""24"":16,""206"":48740,""67"":4123,""68"":0,""13"":119,""17"":-143,""18"":-4,""19"":29,""15"":1000,""241"":26806,""199"":1301,""16"":38577,""12"":442,""449"":0,""636"":339499,""1148"":71,""11"":8935106000,""14"":1160700155,""387"":""2b3430313039372e353333332d303038353033312e353030302b3030302e3038362f""}"
2026-06-30T21:03:59Z,862272088542776,Codec8E,2026-06-26 09:54:34.000 UTC,1782467674000,0,40.1100016,-8.5032366,85,344,11,26,0,"{""239"":1,""240"":1,""21"":5,""200"":0,""69"":1,""237"":2,""113"":100,""303"":1,""383"":3,""1149"":1,""181"":16,""182"":11,""66"":14844,""24"":26,""206"":48740,""67"":4123,""68"":0,""13"":119,""17"":-102,""18"":11,""19"":26,""15"":1000,""241"":26806,""199"":1330,""16"":38606,""12"":442,""449"":0,""636"":339499,""1148"":71,""11"":8935106000,""14"":1160700155,""387"":""2b3430313130302e303136372d303038353033322e333636372b3030302e3038352f""}"
2026-06-30T21:03:59Z,862272088542776,Codec8E,2026-06-26 09:54:38.000 UTC,1782467678000,0,40.1104933,-8.5033333,83,349,11,39,0,"{""239"":1,""240"":1,""21"":5,""200"":0,""69"":1,""237"":2,""113"":100,""303"":1,""383"":3,""1149"":1,""181"":19,""182"":12,""66"":14892,""24"":39,""206"":48740,""67"":4123,""68"":0,""13"":119,""17"":0,""18"":1,""19"":89,""15"":1000,""241"":26806,""199"":1385,""16"":38661,""12"":442,""449"":0,""636"":339499,""1148"":71,""11"":8935106000,""14"":1160700155,""387"":""2b3430313130342e393333332d303038353033332e333333332b3030302e3038332f""}"
2026-06-30T21:03:59Z,862272088542776,Codec8E,2026-06-26 09:54:41.000 UTC,1782467681000,0,40.1109916,-8.5034016,79,356,12,49,0,"{""239"":1,""240"":1,""21"":5,""200"":0,""69"":1,""237"":2,""113"":100,""303"":1,""383"":3,""1149"":1,""181"":13,""182"":11,""66"":14908,""24"":49,""206"":48740,""67"":4123,""68"":0,""13"":119,""17"":-19,""18"":-61,""19"":53,""15"":1000,""241"":26806,""199"":1440,""16"":38716,""12"":442,""449"":0,""636"":339499,""1148"":71,""11"":8935106000,""14"":1160700155,""387"":""2b3430313130392e393136372d303038353033342e303136372b3030302e3037392f""}"
2026-06-30T21:03:59Z,862272088542776,Codec8E,2026-06-26 09:54:47.000 UTC,1782467687000,0,40.1119650,-8.5034250,70,1,12,57,0,"{""239"":1,""240"":1,""21"":5,""200"":0,""69"":1,""237"":2,""113"":100,""303"":1,""383"":3,""1149"":1,""181"":11,""182"":8,""66"":14872,""24"":57,""206"":48740,""67"":4123,""68"":0,""13"":119,""17"":-24,""18"":-77,""19"":88,""15"":1000,""241"":26806,""199"":1549,""16"":38825,""12"":442,""449"":0,""636"":339499,""1148"":71,""11"":8935106000,""14"":1160700155,""387"":""2b3430313131392e363530302d303038353033342e323530302b3030302e3037302f""}"
2026-06-30T21:03:59Z,862272088542776,Codec8E,2026-06-26 09:54:54.000 UTC,1782467694000,0,40.1128166,-8.5033800,68,0,11,46,0,"{""239"":1,""240"":1,""21"":5,""200"":0,""69"":1,""237"":2,""113"":100,""303"":1,""383"":3,""1149"":1,""181"":12,""182"":9,""66"":14889,""24"":46,""206"":48740,""67"":4123,""68"":0,""13"":119,""17"":26,""18"":-26,""19"":4,""15"":1000,""241"":26806,""199"":1644,""16"":38920,""12"":442,""449"":0,""636"":339499,""1148"":87,""11"":8935106000,""14"":1160700155,""387"":""2b3430313132382e313636372d303038353033332e383030302b3030302e3036382f""}"
2026-06-30T21:03:59Z,862272088542776,Codec8E,2026-06-26 09:55:01.000 UTC,1782467701000,0,40.1134466,-8.5032966,65,6,12,35,0,"{""239"":1,""240"":1,""21"":5,""200"":0,""69"":1,""237"":2,""113"":100,""303"":1,""383"":3,""1149"":1,""181"":12,""182"":8,""66"":14882,""24"":35,""206"":48740,""67"":4123,""68"":0,""13"":119,""17"":-30,""18"":-3,""19"":48,""15"":1000,""241"":26806,""199"":1714,""16"":38990,""12"":442,""449"":0,""636"":339499,""1148"":87,""11"":8935106000,""14"":1160700155,""387"":""2b3430313133342e343636372d303038353033322e393636372b3030302e3036352f""}"
2026-06-30T21:03:59Z,862272088542776,Codec8E,2026-06-26 09:55:13.000 UTC,1782467713000,0,40.1143066,-8.5031550,67,12,13,25,0,"{""239"":1,""240"":1,""21"":5,""200"":0,""69"":1,""237"":2,""113"":100,""303"":1,""383"":3,""1149"":1,""181"":12,""182"":8,""66"":14903,""24"":25,""206"":48740,""67"":4121,""68"":0,""13"":119,""17"":-30,""18"":-69,""19"":26,""15"":1000,""241"":26806,""199"":1810,""16"":39086,""12"":442,""449"":0,""636"":339499,""1148"":87,""11"":8935106000,""14"":1160700155,""387"":""2b3430313134332e303636372d303038353033312e353530302b3030302e3036372f""}"
2026-06-30T21:03:59Z,862272088542776,Codec8E,2026-06-26 09:55:20.000 UTC,1782467720000,0,40.1146000,-8.5030783,69,12,13,15,0,"{""239"":1,""240"":1,""21"":5,""200"":0,""69"":1,""237"":2,""113"":100,""303"":1,""383"":3,""1149"":1,""181"":13,""182"":8,""66"":14878,""24"":15,""206"":48740,""67"":4123,""68"":0,""13"":119,""17"":49,""18"":-52,""19"":23,""15"":1000,""241"":26806,""199"":1841,""16"":39117,""12"":442,""449"":0,""636"":339499,""1148"":87,""11"":8935106000,""14"":1160700155,""387"":""2b3430313134362e303030302d303038353033302e373833332b3030302e3036392f""}"
2026-06-30T21:03:59Z,862272088542776,Codec8E,2026-06-26 09:55:25.000 UTC,1782467725000,0,40.1146533,-8.5030466,70,14,12,5,0,"{""239"":1,""240"":1,""21"":5,""200"":0,""69"":1,""237"":2,""113"":100,""303"":1,""383"":3,""1149"":1,""181"":12,""182"":10,""66"":14852,""24"":5,""206"":48740,""67"":4123,""68"":0,""13"":119,""17"":-32,""18"":-57,""19"":9,""15"":1000,""241"":26806,""199"":1849,""16"":39125,""12"":442,""449"":0,""636"":339499,""1148"":87,""11"":8935106000,""14"":1160700155,""387"":""2b3430313134362e353333332d303038353033302e343636372b3030302e3037302f""}"
2026-06-30T21:04:01Z,862272088542776,Codec8E,2026-06-26 09:55:26.000 UTC,1782467726000,0,40.1146550,-8.5030449,70,14,12,4,303,"{""239"":1,""240"":1,""21"":5,""200"":0,""69"":1,""237"":2,""113"":100,""303"":0,""383"":3,""1149"":1,""181"":12,""182"":10,""66"":14877,""24"":4,""206"":48740,""67"":4123,""68"":0,""13"":119,""17"":-34,""18"":-57,""19"":9,""15"":1000,""241"":26806,""199"":1849,""16"":39125,""12"":442,""449"":0,""636"":339499,""1148"":87,""11"":8935106000,""14"":1160700155,""387"":""2b3430313134362e353530302d303038353033302e343530302b3030302e3037302f""}"
2026-06-30T21:04:01Z,862272088542776,Codec8E,2026-06-26 09:55:52.000 UTC,1782467752000,0,40.1150366,-8.5028950,71,14,13,14,0,"{""239"":1,""240"":1,""21"":4,""200"":0,""69"":1,""237"":2,""113"":100,""303"":0,""383"":3,""1149"":1,""181"":13,""182"":8,""66"":14884,""24"":14,""206"":48740,""67"":4122,""68"":0,""13"":114,""17"":-60,""18"":-74,""19"":27,""15"":1000,""241"":26806,""199"":1895,""16"":39171,""12"":444,""449"":0,""636"":339467,""1148"":81,""11"":8935106000,""14"":1160700155,""387"":""2b3430313135302e333636372d303038353032382e393530302b3030302e3037312f""}"
2026-06-30T21:04:01Z,862272088542776,Codec8E,2026-06-26 09:55:58.000 UTC,1782467758000,0,40.1153266,-8.5027933,72,18,13,19,303,"{""239"":1,""240"":1,""21"":4,""200"":0,""69"":1,""237"":2,""113"":100,""303"":1,""383"":3,""1149"":1,""181"":15,""182"":8,""66"":14868,""24"":19,""206"":48740,""67"":4123,""68"":0,""13"":114,""17"":-1,""18"":-71,""19"":23,""15"":1000,""241"":26806,""199"":1928,""16"":39204,""12"":444,""449"":0,""636"":339467,""1148"":81,""11"":8935106000,""14"":1160700155,""387"":""2b3430313135332e323636372d303038353032372e393333332b3030302e3037322f""}"
2026-06-30T21:04:01Z,862272088542776,Codec8E,2026-06-26 09:56:12.000 UTC,1782467772000,0,40.1158816,-8.5026333,78,8,13,12,0,"{""239"":1,""240"":1,""21"":4,""200"":0,""69"":1,""237"":2,""113"":100,""303"":1,""383"":3,""1149"":1,""181"":12,""182"":8,""66"":14891,""24"":12,""206"":48740,""67"":4123,""68"":0,""13"":114,""17"":-14,""18"":-71,""19"":-13,""15"":1000,""241"":26806,""199"":1991,""16"":39267,""12"":444,""449"":0,""636"":339497,""1148"":81,""11"":8935106000,""14"":1160700155,""387"":""2b3430313135382e383136372d303038353032362e333333332b3030302e3037382f""}"
2026-06-30T21:04:01Z,862272088542776,Codec8E,2026-06-26 09:56:13.000 UTC,1782467773000,0,40.1159016,-8.5026250,78,25,12,11,0,"{""239"":1,""240"":1,""21"":4,""200"":0,""69"":1,""237"":2,""113"":100,""303"":1,""383"":3,""1149"":1,""181"":16,""182"":8,""66"":14889,""24"":11,""206"":48740,""67"":4122,""68"":0,""13"":114,""17"":-29,""18"":-72,""19"":18,""15"":1000,""241"":26806,""199"":1991,""16"":39267,""12"":444,""449"":0,""636"":339497,""1148"":81,""11"":8935106000,""14"":1160700155,""387"":""2b3430313135392e303136372d303038353032362e323530302b3030302e3037382f""}"
2026-06-30T21:04:02Z,862272088542776,Codec8E,2026-06-26 09:56:15.000 UTC,1782467775000,0,40.1159400,-8.5026116,79,15,12,9,0,"{""239"":1,""240"":1,""21"":4,""200"":0,""69"":1,""237"":2,""113"":100,""303"":1,""383"":3,""1149"":1,""181"":15,""182"":9,""66"":14846,""24"":9,""206"":48740,""67"":4123,""68"":0,""13"":114,""17"":44,""18"":-64,""19"":11,""15"":1000,""241"":26806,""199"":1996,""16"":39272,""12"":444,""449"":0,""636"":339497,""1148"":81,""11"":8935106000,""14"":1160700155,""387"":""2b3430313135392e343030302d303038353032362e313136372b3030302e3037392f""}"
2026-06-30T21:04:02Z,862272088542776,Codec8E,2026-06-26 09:56:22.000 UTC,1782467782000,0,40.1159516,-8.5025933,79,15,12,1,303,"{""239"":1,""240"":1,""21"":5,""200"":0,""69"":1,""237"":2,""113"":100,""303"":0,""383"":3,""1149"":20,""181"":12,""182"":9,""66"":14831,""24"":1,""206"":48740,""67"":4123,""68"":0,""13"":114,""17"":-34,""18"":-78,""19"":3,""15"":1000,""241"":26806,""199"":1999,""16"":39275,""12"":444,""449"":0,""636"":1515562,""1148"":73,""11"":8935106000,""14"":1160700155,""387"":""2b3430313135392e353136372d303038353032352e393333332b3030302e3037392f""}"
2026-06-30T21:04:02Z,862272088542776,Codec8E,2026-06-26 09:56:36.000 UTC,1782467796000,0,40.1161866,-8.5025083,77,12,13,11,0,"{""239"":1,""240"":1,""21"":5,""200"":0,""69"":1,""237"":2,""113"":100,""303"":0,""383"":3,""1149"":20,""181"":15,""182"":8,""66"":14849,""24"":11,""206"":48740,""67"":4122,""68"":0,""13"":114,""17"":-65,""18"":-65,""19"":4,""15"":1000,""241"":26806,""199"":2027,""16"":39303,""12"":446,""449"":0,""636"":339467,""1148"":73,""11"":8935106000,""14"":1160700155,""387"":""2b3430313136312e383636372d303038353032352e303833332b3030302e3037372f""}"
2026-06-30T21:04:02Z,862272088542776,Codec8E,2026-06-26 09:56:44.000 UTC,1782467804000,0,40.1165766,-8.5023383,75,17,12,21,0,"{""239"":1,""240"":1,""21"":5,""200"":0,""69"":1,""237"":2,""113"":100,""303"":0,""383"":3,""1149"":20,""181"":18,""182"":9,""66"":14890,""24"":21,""206"":48740,""67"":4123,""68"":0,""13"":114,""17"":-46,""18"":-51,""19"":43,""15"":1000,""241"":26806,""199"":2073,""16"":39349,""12"":446,""449"":0,""636"":339497,""1148"":73,""11"":8935106000,""14"":1160700155,""387"":""2b3430313136352e373636372d303038353032332e333833332b3030302e3037352f""}"
2026-06-30T21:04:02Z,862272088542776,Codec8E,2026-06-26 09:56:50.000 UTC,1782467810000,0,40.1170483,-8.5020633,73,25,13,33,0,"{""239"":1,""240"":1,""21"":5,""200"":0,""69"":1,""237"":2,""113"":100,""303"":0,""383"":3,""1149"":20,""181"":11,""182"":8,""66"":14890,""24"":33,""206"":48740,""67"":4123,""68"":0,""13"":114,""17"":-62,""18"":-64,""19"":31,""15"":1000,""241"":26806,""199"":2130,""16"":39406,""12"":446,""449"":0,""636"":339497,""1148"":73,""11"":8935106000,""14"":1160700155,""387"":""2b3430313137302e343833332d303038353032302e363333332b3030302e3037332f""}"
2026-06-30T21:04:03Z,862272088542776,Codec8E,2026-06-26 09:56:53.000 UTC,1782467813000,0,40.1174083,-8.5018183,72,24,13,38,303,"{""239"":1,""240"":1,""21"":5,""200"":0,""69"":1,""237"":2,""113"":100,""303"":1,""383"":3,""1149"":20,""181"":10,""182"":8,""66"":14917,""24"":38,""206"":48740,""67"":4123,""68"":0,""13"":114,""17"":0,""18"":-55,""19"":0,""15"":1000,""241"":26806,""199"":2176,""16"":39452,""12"":446,""449"":0,""636"":339497,""1148"":69,""11"":8935106000,""14"":1160700155,""387"":""2b3430313137342e303833332d303038353031382e313833332b3030302e3037322f""}"
2026-06-30T21:04:03Z,862272088542776,Codec8E,2026-06-26 09:57:04.000 UTC,1782467824000,0,40.1182933,-8.5012200,71,31,13,40,0,"{""239"":1,""240"":1,""21"":5,""200"":0,""69"":1,""237"":2,""113"":100,""303"":1,""383"":3,""1149"":20,""181"":13,""182"":7,""66"":14945,""24"":40,""206"":48740,""67"":4123,""68"":0,""13"":114,""17"":-38,""18"":-45,""19"":43,""15"":1000,""241"":26806,""199"":2286,""16"":39562,""12"":446,""449"":0,""636"":339497,""1148"":69,""11"":8935106000,""14"":1160700155,""387"":""2b3430313138322e393333332d303038353031322e323030302b3030302e3037312f""}"
2026-06-30T21:04:03Z,862272088542776,Codec8E,2026-06-26 09:57:14.000 UTC,1782467834000,0,40.1190899,-8.5006183,73,32,14,36,0,"{""239"":1,""240"":1,""21"":5,""200"":0,""69"":1,""237"":2,""113"":100,""303"":1,""383"":3,""1149"":20,""181"":13,""182"":8,""66"":14874,""24"":36,""206"":48740,""67"":4123,""68"":0,""13"":114,""17"":-29,""18"":-65,""19"":35,""15"":1000,""241"":26806,""199"":2389,""16"":39665,""12"":446,""449"":0,""636"":339497,""1148"":69,""11"":8935106000,""14"":1160700155,""387"":""2b3430313139302e393030302d303038353030362e313833332b3030302e3037332f""}"
2026-06-30T21:04:03Z,862272088542776,Codec8E,2026-06-26 09:57:25.000 UTC,1782467845000,0,40.1198533,-8.4999233,70,36,12,33,0,"{""239"":1,""240"":1,""21"":5,""200"":0,""69"":1,""237"":2,""113"":100,""303"":1,""383"":3,""1149"":20,""181"":15,""182"":9,""66"":14871,""24"":33,""206"":48740,""67"":4123,""68"":0,""13"":114,""17"":-56,""18"":-12,""19"":42,""15"":1000,""241"":26806,""199"":2492,""16"":39768,""12"":446,""449"":0,""636"":339497,""1148"":69,""11"":8935106000,""14"":1160700155,""387"":""2b3430313139382e353333332d303038343939392e323333332b3030302e3037302f""}"
2026-06-30T21:04:03Z,862272088542776,Codec8E,2026-06-26 09:57:30.000 UTC,1782467850000,0,40.1201399,-8.4996466,72,46,12,28,0,"{""239"":1,""240"":1,""21"":4,""200"":0,""69"":1,""237"":2,""113"":100,""303"":1,""383"":3,""1149"":1,""181"":15,""182"":9,""66"":14859,""24"":28,""206"":48740,""67"":4123,""68"":0,""13"":114,""17"":2,""18"":22,""19"":90,""15"":1000,""241"":26806,""199"":2532,""16"":39808,""12"":446,""449"":0,""636"":339467,""1148"":69,""11"":8935106000,""14"":1160700155,""387"":""2b3430313230312e343030302d303038343939362e343636372b3030302e3037322f""}"
2026-06-30T21:04:04Z,862272088542776,Codec8E,2026-06-26 09:57:35.000 UTC,1782467855000,0,40.1202933,-8.4994616,72,34,14,17,0,"{""239"":1,""240"":1,""21"":4,""200"":0,""69"":1,""237"":2,""113"":100,""303"":1,""383"":3,""1149"":1,""181"":11,""182"":8,""66"":14873,""24"":17,""206"":48740,""67"":4123,""68"":0,""13"":114,""17"":-107,""18"":-29,""19"":3,""15"":1000,""241"":26806,""199"":2555,""16"":39831,""12"":446,""449"":0,""636"":339467,""1148"":69,""11"":8935106000,""14"":1160700155,""387"":""2b3430313230322e393333332d303038343939342e363136372b3030302e3037322f""}"
2026-06-30T21:04:04Z,862272088542776,Codec8E,2026-06-26 09:57:39.000 UTC,1782467859000,0,40.1203283,-8.4994033,71,64,14,9,0,"{""239"":1,""240"":1,""21"":4,""200"":0,""69"":1,""237"":2,""113"":100,""303"":1,""383"":3,""1149"":1,""181"":10,""182"":7,""66"":14870,""24"":9,""206"":48740,""67"":4123,""68"":0,""13"":114,""17"":-178,""18"":-101,""19"":97,""15"":1000,""241"":26806,""199"":2562,""16"":39838,""12"":446,""449"":0,""636"":339497,""1148"":69,""11"":8935106000,""14"":1160700155,""387"":""2b3430313230332e323833332d303038343939342e303333332b3030302e3037312f""}"
2026-06-30T21:04:04Z,862272088542776,Codec8E,2026-06-26 09:57:42.000 UTC,1782467862000,0,40.1203850,-8.4992833,73,45,14,11,0,"{""239"":1,""240"":1,""21"":4,""200"":0,""69"":1,""237"":2,""113"":100,""303"":1,""383"":3,""1149"":1,""181"":13,""182"":7,""66"":14919,""24"":11,""206"":48740,""67"":4123,""68"":0,""13"":114,""17"":-190,""18"":-59,""19"":15,""15"":1000,""241"":26806,""199"":2574,""16"":39850,""12"":446,""449"":0,""636"":339497,""1148"":69,""11"":8935106000,""14"":1160700155,""387"":""2b3430313230332e383530302d303038343939322e383333332b3030302e3037332f""}"
2026-06-30T21:04:04Z,862272088542776,Codec8E,2026-06-26 09:57:45.000 UTC,1782467865000,0,40.1205683,-8.4990816,75,40,14,23,0,"{""239"":1,""240"":1,""21"":4,""200"":0,""69"":1,""237"":2,""113"":100,""303"":1,""383"":3,""1149"":1,""181"":12,""182"":7,""66"":14898,""24"":23,""206"":48740,""67"":4123,""68"":0,""13"":114,""17"":-121,""18"":-6,""19"":48,""15"":1000,""241"":26806,""199"":2600,""16"":39876,""12"":446,""449"":0,""636"":339497,""1148"":69,""11"":8935106000,""14"":1160700155,""387"":""2b3430313230352e363833332d303038343939302e383136372b3030302e3037352f""}"
2026-06-30T21:04:04Z,862272088542776,Codec8E,2026-06-26 09:57:48.000 UTC,1782467868000,0,40.1207900,-8.4987633,78,44,13,34,0,"{""239"":1,""240"":1,""21"":4,""200"":0,""69"":1,""237"":2,""113"":100,""303"":1,""383"":3,""1149"":1,""181"":11,""182"":8,""66"":14884,""24"":34,""206"":48740,""67"":4123,""68"":0,""13"":114,""17"":-100,""18"":-36,""19"":98,""15"":1000,""241"":26806,""199"":2637,""16"":39913,""12"":446,""449"":0,""636"":339497,""1148"":69,""11"":8935106000,""14"":1160700155,""387"":""2b3430313230372e393030302d303038343938372e363333332b3030302e3037382f""}"
2026-06-30T21:04:05Z,862272088542776,Codec8E,2026-06-26 09:57:52.000 UTC,1782467872000,0,40.1211600,-8.4982783,76,46,13,46,0,"{""239"":1,""240"":1,""21"":3,""200"":0,""69"":1,""237"":2,""113"":100,""303"":1,""383"":3,""1149"":1,""181"":13,""182"":9,""66"":14860,""24"":46,""206"":48740,""67"":4123,""68"":0,""13"":114,""17"":-60,""18"":56,""19"":24,""15"":1000,""241"":26806,""199"":2695,""16"":39971,""12"":446,""449"":0,""636"":1555755,""1148"":82,""11"":8935106000,""14"":1160700155,""387"":""2b3430313231312e363030302d303038343938322e373833332b3030302e3037362f""}"
2026-06-30T21:04:05Z,862272088542776,Codec8E,2026-06-26 09:57:59.000 UTC,1782467879000,0,40.1217383,-8.4973483,73,51,12,52,0,"{""239"":1,""240"":1,""21"":3,""200"":0,""69"":1,""237"":2,""113"":100,""303"":1,""383"":3,""1149"":1,""181"":12,""182"":9,""66"":14940,""24"":52,""206"":48740,""67"":4123,""68"":0,""13"":114,""17"":-73,""18"":-2,""19"":85,""15"":1000,""241"":26806,""199"":2797,""16"":40073,""12"":446,""449"":0,""636"":1418764,""1148"":82,""11"":8935106000,""14"":1160700155,""387"":""2b3430313231372e333833332d303038343937332e343833332b3030302e3037332f""}"
2026-06-30T21:04:05Z,862272088542776,Codec8E,2026-06-26 09:58:05.000 UTC,1782467885000,0,40.1222866,-8.4963516,69,56,10,59,0,"{""239"":1,""240"":1,""21"":3,""200"":0,""69"":1,""237"":2,""113"":100,""303"":1,""383"":3,""1149"":1,""181"":14,""182"":10,""66"":14904,""24"":59,""206"":48740,""67"":4123,""68"":0,""13"":114,""17"":-17,""18"":-39,""19"":43,""15"":1000,""241"":26806,""199"":2902,""16"":40178,""12"":446,""449"":0,""636"":1418764,""1148"":82,""11"":8935106000,""14"":1160700155,""387"":""2b3430313232322e383636372d303038343936332e353136372b3030302e3036392f""}"
2026-06-30T21:04:05Z,862272088542776,Codec8E,2026-06-26 09:58:11.000 UTC,1782467891000,0,40.1228516,-8.4953083,64,55,11,64,0,"{""239"":1,""240"":1,""21"":3,""200"":0,""69"":1,""237"":2,""113"":100,""303"":1,""383"":3,""1149"":1,""181"":12,""182"":9,""66"":14907,""24"":64,""206"":48740,""67"":4123,""68"":0,""13"":114,""17"":81,""18"":-67,""19"":9,""15"":1000,""241"":26806,""199"":3010,""16"":40286,""12"":446,""449"":0,""636"":1986316,""1148"":82,""11"":8935106000,""14"":1160700155,""387"":""2b3430313232382e353136372d303038343935332e303833332b3030302e3036342f""}"
2026-06-30T21:04:05Z,862272088542776,Codec8E,2026-06-26 09:58:17.000 UTC,1782467897000,0,40.1233633,-8.4942750,58,60,9,62,0,"{""239"":1,""240"":1,""21"":3,""200"":0,""69"":1,""237"":2,""113"":100,""303"":1,""383"":3,""1149"":1,""181"":14,""182"":11,""66"":14881,""24"":62,""206"":48740,""67"":4123,""68"":0,""13"":114,""17"":-45,""18"":-29,""19"":130,""15"":1000,""241"":26806,""199"":3115,""16"":40391,""12"":446,""449"":0,""636"":1986346,""1148"":82,""11"":8935106000,""14"":1160700155,""387"":""2b3430313233332e363333332d303038343934322e373530302b3030302e3035382f""}"
2026-06-30T21:04:22Z,862272088542776,Codec8E,2026-06-26 09:58:23.000 UTC,1782467903000,0,40.1239000,-8.4931516,53,58,11,66,0,"{""239"":1,""240"":1,""21"":3,""200"":0,""69"":1,""237"":2,""113"":100,""303"":1,""383"":3,""1149"":1,""181"":11,""182"":9,""66"":14880,""24"":66,""206"":48740,""67"":4121,""68"":0,""13"":114,""17"":-35,""18"":-39,""19"":45,""15"":1000,""241"":26806,""199"":3228,""16"":40504,""12"":446,""449"":0,""636"":1986346,""1148"":86,""11"":8935106000,""14"":1160700155,""387"":""2b3430313233392e303030302d303038343933312e353136372b3030302e3035332f""}"
2026-06-30T21:04:22Z,862272088542776,Codec8E,2026-06-26 09:58:29.000 UTC,1782467909000,0,40.1244333,-8.4919700,51,59,14,71,0,"{""239"":1,""240"":1,""21"":3,""200"":0,""69"":1,""237"":2,""113"":100,""303"":1,""383"":3,""1149"":1,""181"":10,""182"":7,""66"":14844,""24"":71,""206"":48740,""67"":4122,""68"":0,""13"":114,""17"":-65,""18"":-63,""19"":117,""15"":1000,""241"":26806,""199"":3344,""16"":40620,""12"":446,""449"":0,""636"":1555755,""1148"":86,""11"":8935106000,""14"":1160700155,""387"":""2b3430313234342e333333332d303038343931392e373030302b3030302e3035312f""}"
2026-06-30T21:04:22Z,862272088542776,Codec8E,2026-06-26 09:58:34.000 UTC,1782467914000,0,40.1249516,-8.4909550,49,56,12,73,0,"{""239"":1,""240"":1,""21"":3,""200"":0,""69"":1,""237"":2,""113"":100,""303"":1,""383"":3,""1149"":1,""181"":12,""182"":9,""66"":14901,""24"":73,""206"":48740,""67"":4123,""68"":0,""13"":114,""17"":-93,""18"":-42,""19"":26,""15"":1000,""241"":26806,""199"":3448,""16"":40724,""12"":446,""449"":0,""636"":1555725,""1148"":86,""11"":8935106000,""14"":1160700155,""387"":""2b3430313234392e353136372d303038343930392e353530302b3030302e3034392f""}"
2026-06-30T21:04:22Z,862272088542776,Codec8E,2026-06-26 09:58:39.000 UTC,1782467919000,0,40.1254283,-8.4899216,56,58,12,74,0,"{""239"":1,""240"":1,""21"":3,""200"":0,""69"":1,""237"":2,""113"":100,""303"":1,""383"":3,""1149"":1,""181"":12,""182"":8,""66"":14897,""24"":74,""206"":48740,""67"":4123,""68"":0,""13"":114,""17"":-128,""18"":-82,""19"":104,""15"":1000,""241"":26806,""199"":3551,""16"":40827,""12"":446,""449"":0,""636"":1555725,""1148"":86,""11"":8935106000,""14"":1160700155,""387"":""2b3430313235342e323833332d303038343839392e323136372b3030302e3035362f""}"
2026-06-30T21:04:22Z,862272088542776,Codec8E,2026-06-26 09:58:44.000 UTC,1782467924000,0,40.1259283,-8.4888333,58,56,12,78,0,"{""239"":1,""240"":1,""21"":3,""200"":0,""69"":1,""237"":2,""113"":100,""303"":1,""383"":3,""1149"":1,""181"":11,""182"":8,""66"":14881,""24"":78,""206"":48740,""67"":4123,""68"":0,""13"":114,""17"":-107,""18"":-16,""19"":51,""15"":1000,""241"":26806,""199"":3658,""16"":40934,""12"":446,""449"":0,""636"":1555755,""1148"":86,""11"":8935106000,""14"":1160700155,""387"":""2b3430313235392e323833332d303038343838382e333333332b3030302e3035382f""}"
2026-06-30T21:04:24Z,862272088542776,Codec8E,2026-06-26 09:58:49.000 UTC,1782467929000,0,40.1264666,-8.4877033,66,58,12,81,0,"{""239"":1,""240"":1,""21"":3,""200"":0,""69"":1,""237"":2,""113"":100,""303"":1,""383"":3,""1149"":1,""181"":11,""182"":8,""66"":14852,""24"":81,""206"":48740,""67"":4123,""68"":0,""13"":114,""17"":-56,""18"":14,""19"":66,""15"":1000,""241"":26806,""199"":3772,""16"":41048,""12"":446,""449"":0,""636"":1555755,""1148"":86,""11"":8935106000,""14"":1160700155,""387"":""2b3430313236342e363636372d303038343837372e303333332b3030302e3036362f""}"
2026-06-30T21:04:24Z,862272088542776,Codec8E,2026-06-26 09:58:54.000 UTC,1782467934000,0,40.1270300,-8.4866183,74,58,12,78,0,"{""239"":1,""240"":1,""21"":3,""200"":0,""69"":1,""237"":2,""113"":100,""303"":1,""383"":3,""1149"":1,""181"":11,""182"":8,""66"":14935,""24"":78,""206"":48740,""67"":4123,""68"":0,""13"":114,""17"":-63,""18"":-50,""19"":20,""15"":1000,""241"":26806,""199"":3883,""16"":41159,""12"":446,""449"":0,""636"":1555755,""1148"":86,""11"":8935106000,""14"":1160700155,""387"":""2b3430313237302e333030302d303038343836362e313833332b3030302e3037342f""}"
2026-06-30T21:04:24Z,862272088542776,Codec8E,2026-06-26 09:58:59.000 UTC,1782467939000,0,40.1275150,-8.4855749,75,59,12,76,0,"{""239"":1,""240"":1,""21"":3,""200"":0,""69"":1,""237"":2,""113"":100,""303"":1,""383"":3,""1149"":1,""181"":11,""182"":8,""66"":14882,""24"":76,""206"":48740,""67"":4123,""68"":0,""13"":114,""17"":-54,""18"":9,""19"":21,""15"":1000,""241"":26806,""199"":3987,""16"":41263,""12"":446,""449"":0,""636"":1555755,""1148"":86,""11"":8935106000,""14"":1160700155,""387"":""2b3430313237352e313530302d303038343835352e373530302b3030302e3037352f""}"
2026-06-30T21:04:24Z,862272088542776,Codec8E,2026-06-26 09:59:04.000 UTC,1782467944000,0,40.1280383,-8.4845483,76,57,15,76,0,"{""239"":1,""240"":1,""21"":3,""200"":0,""69"":1,""237"":2,""113"":100,""303"":1,""383"":3,""1149"":1,""181"":10,""182"":7,""66"":14904,""24"":76,""206"":48740,""67"":4123,""68"":0,""13"":114,""17"":-96,""18"":-24,""19"":63,""15"":1000,""241"":26806,""199"":4092,""16"":41368,""12"":446,""449"":0,""636"":1555755,""1148"":86,""11"":8935106000,""14"":1160700155,""387"":""2b3430313238302e333833332d303038343834352e343833332b3030302e3037362f""}"
2026-06-30T21:04:24Z,862272088542776,Codec8E,2026-06-26 09:59:09.000 UTC,1782467949000,0,40.1285966,-8.4834783,69,57,15,79,0,"{""239"":1,""240"":1,""21"":3,""200"":0,""69"":1,""237"":2,""113"":100,""303"":1,""383"":3,""1149"":1,""181"":10,""182"":7,""66"":14841,""24"":79,""206"":48740,""67"":4123,""68"":0,""13"":114,""17"":-69,""18"":-58,""19"":55,""15"":1000,""241"":26806,""199"":4203,""16"":41479,""12"":446,""449"":0,""636"":1555755,""1148"":86,""11"":8935106000,""14"":1160700155,""387"":""2b3430313238352e393636372d303038343833342e373833332b3030302e3036392f""}"
2026-06-30T21:04:25Z,862272088542776,Codec8E,2026-06-26 09:59:14.000 UTC,1782467954000,0,40.1291049,-8.4822766,70,59,15,81,0,"{""239"":1,""240"":1,""21"":3,""200"":0,""69"":1,""237"":2,""113"":100,""303"":1,""383"":3,""1149"":1,""181"":10,""182"":7,""66"":14917,""24"":81,""206"":48740,""67"":4123,""68"":0,""13"":114,""17"":31,""18"":-44,""19"":57,""15"":1000,""241"":26806,""199"":4320,""16"":41596,""12"":446,""449"":0,""636"":1555755,""1148"":86,""11"":8935106000,""14"":1160700155,""387"":""2b3430313239312e303530302d303038343832322e373636372b3030302e3037302f""}"
2026-06-30T21:04:25Z,862272088542776,Codec8E,2026-06-26 09:59:19.000 UTC,1782467959000,0,40.1296483,-8.4811650,66,57,14,79,0,"{""239"":1,""240"":1,""21"":3,""200"":0,""69"":1,""237"":2,""113"":100,""303"":1,""383"":3,""1149"":1,""181"":10,""182"":7,""66"":14905,""24"":79,""206"":48740,""67"":4123,""68"":0,""13"":114,""17"":45,""18"":-29,""19"":40,""15"":1000,""241"":26806,""199"":4432,""16"":41708,""12"":446,""449"":0,""636"":1555755,""1148"":86,""11"":8935106000,""14"":1160700155,""387"":""2b3430313239362e343833332d303038343831312e363530302b3030302e3036362f""}"
2026-06-30T21:04:25Z,862272088542776,Codec8E,2026-06-26 09:59:24.000 UTC,1782467964000,0,40.1301299,-8.4801200,67,57,13,74,0,"{""239"":1,""240"":1,""21"":3,""200"":0,""69"":1,""237"":2,""113"":100,""303"":1,""383"":3,""1149"":1,""181"":11,""182"":8,""66"":14866,""24"":74,""206"":48740,""67"":4122,""68"":0,""13"":114,""17"":-52,""18"":-73,""19"":34,""15"":1000,""241"":26806,""199"":4536,""16"":41812,""12"":446,""449"":0,""636"":1555755,""1148"":86,""11"":8935106000,""14"":1160700155,""387"":""2b3430313330312e333030302d303038343830312e323030302b3030302e3036372f""}"
2026-06-30T21:04:25Z,862272088542776,Codec8E,2026-06-26 09:59:30.000 UTC,1782467970000,0,40.1307016,-8.4789500,68,58,13,69,0,"{""239"":1,""240"":1,""21"":3,""200"":0,""69"":1,""237"":2,""113"":100,""303"":1,""383"":3,""1149"":1,""181"":10,""182"":7,""66"":14853,""24"":69,""206"":48740,""67"":4123,""68"":0,""13"":114,""17"":-84,""18"":-27,""19"":120,""15"":1000,""241"":26806,""199"":4654,""16"":41930,""12"":446,""449"":0,""636"":1555725,""1148"":61,""11"":8935106000,""14"":1160700155,""387"":""2b3430313330372e303136372d303038343738392e353030302b3030302e3036382f""}"
2026-06-30T21:04:25Z,862272088542776,Codec8E,2026-06-26 09:59:36.000 UTC,1782467976000,0,40.1311849,-8.4778116,69,63,11,65,0,"{""239"":1,""240"":1,""21"":4,""200"":0,""69"":1,""237"":2,""113"":100,""303"":1,""383"":3,""1149"":1,""181"":12,""182"":10,""66"":14900,""24"":65,""206"":48740,""67"":4123,""68"":0,""13"":114,""17"":-68,""18"":-33,""19"":6,""15"":1000,""241"":26806,""199"":4765,""16"":42041,""12"":446,""449"":0,""636"":1555725,""1148"":61,""11"":8935106000,""14"":1160700155,""387"":""2b3430313331312e383530302d303038343737382e313136372b3030302e3036392f""}"
2026-06-30T21:04:26Z,862272088542776,Codec8E,2026-06-26 09:59:43.000 UTC,1782467983000,0,40.1316066,-8.4766383,73,65,11,57,0,"{""239"":1,""240"":1,""21"":4,""200"":0,""69"":1,""237"":2,""113"":100,""303"":1,""383"":3,""1149"":1,""181"":13,""182"":10,""66"":14888,""24"":57,""206"":48740,""67"":4123,""68"":0,""13"":114,""17"":-33,""18"":-45,""19"":11,""15"":1000,""241"":26806,""199"":4875,""16"":42151,""12"":446,""449"":0,""636"":1555753,""1148"":61,""11"":8935106000,""14"":1160700155,""387"":""2b3430313331362e303636372d303038343736362e333833332b3030302e3037332f""}"
2026-06-30T21:04:26Z,862272088542776,Codec8E,2026-06-26 09:59:51.000 UTC,1782467991000,0,40.1320466,-8.4754449,80,57,12,53,0,"{""239"":1,""240"":1,""21"":4,""200"":0,""69"":1,""237"":2,""113"":100,""303"":1,""383"":3,""1149"":1,""181"":11,""182"":8,""66"":14891,""24"":53,""206"":48740,""67"":4123,""68"":0,""13"":114,""17"":-136,""18"":-94,""19"":64,""15"":1000,""241"":26806,""199"":4987,""16"":42263,""12"":446,""449"":0,""636"":1555723,""1148"":61,""11"":8935106000,""14"":1160700155,""387"":""2b3430313332302e343636372d303038343735342e343530302b3030302e3038302f""}"
2026-06-30T21:04:26Z,862272088542776,Codec8E,2026-06-26 09:59:53.000 UTC,1782467993000,0,40.1322350,-8.4751683,84,46,13,54,0,"{""239"":1,""240"":1,""21"":4,""200"":0,""69"":1,""237"":2,""113"":100,""303"":1,""383"":3,""1149"":1,""181"":12,""182"":9,""66"":14941,""24"":54,""206"":48740,""67"":4122,""68"":0,""13"":114,""17"":-152,""18"":-91,""19"":34,""15"":1000,""241"":26806,""199"":5019,""16"":42295,""12"":446,""449"":0,""636"":1555723,""1148"":80,""11"":8935106000,""14"":1160700155,""387"":""2b3430313332322e333530302d303038343735312e363833332b3030302e3038342f""}"
2026-06-30T21:04:26Z,862272088542776,Codec8E,2026-06-26 09:59:59.000 UTC,1782467999000,0,40.1328350,-8.4744650,84,36,12,55,0,"{""239"":1,""240"":1,""21"":4,""200"":0,""69"":1,""237"":2,""113"":100,""303"":1,""383"":3,""1149"":1,""181"":12,""182"":9,""66"":14907,""24"":55,""206"":48740,""67"":4123,""68"":0,""13"":114,""17"":-160,""18"":-23,""19"":77,""15"":1000,""241"":26806,""199"":5109,""16"":42385,""12"":446,""449"":0,""636"":1555753,""1148"":80,""11"":8935106000,""14"":1160700155,""387"":""2b3430313332382e333530302d303038343734342e363530302b3030302e3038342f""}"
2026-06-30T21:04:26Z,862272088542776,Codec8E,2026-06-26 10:00:06.000 UTC,1782468006000,0,40.1336700,-8.4736249,91,37,11,61,0,"{""239"":1,""240"":1,""21"":4,""200"":0,""69"":1,""237"":2,""113"":100,""303"":1,""383"":3,""1149"":1,""181"":17,""182"":10,""66"":14849,""24"":61,""206"":48740,""67"":4123,""68"":0,""13"":114,""17"":-96,""18"":0,""19"":29,""15"":1000,""241"":26806,""199"":5227,""16"":42503,""12"":446,""449"":0,""636"":339497,""1148"":80,""11"":8935106000,""14"":1160700155,""387"":""2b3430313333362e373030302d303038343733362e323530302b3030302e3039312f""}"
2026-06-30T21:04:28Z,862272088542776,Codec8E,2026-06-26 10:00:10.000 UTC,1782468010000,0,40.1341316,-8.4730899,94,47,10,61,0,"{""239"":1,""240"":1,""21"":4,""200"":0,""69"":1,""237"":2,""113"":100,""303"":1,""383"":3,""1149"":1,""181"":18,""182"":11,""66"":14844,""24"":61,""206"":48740,""67"":4123,""68"":0,""13"":114,""17"":17,""18"":83,""19"":37,""15"":1000,""241"":26806,""199"":5295,""16"":42571,""12"":446,""449"":0,""636"":339497,""1148"":80,""11"":8935106000,""14"":1160700155,""387"":""2b3430313334312e333136372d303038343733302e393030302b3030302e3039342f""}"
2026-06-30T21:04:28Z,862272088542776,Codec8E,2026-06-26 10:00:13.000 UTC,1782468013000,0,40.1343900,-8.4726283,96,58,10,58,0,"{""239"":1,""240"":1,""21"":4,""200"":0,""69"":1,""237"":2,""113"":100,""303"":1,""383"":3,""1149"":1,""181"":18,""182"":11,""66"":14910,""24"":58,""206"":48740,""67"":4122,""68"":0,""13"":114,""17"":-132,""18"":-37,""19"":43,""15"":1000,""241"":26806,""199"":5344,""16"":42620,""12"":446,""449"":0,""636"":339467,""1148"":80,""11"":8935106000,""14"":1160700155,""387"":""2b3430313334332e393030302d303038343732362e323833332b3030302e3039362f""}"
2026-06-30T21:04:28Z,862272088542776,Codec8E,2026-06-26 10:00:20.000 UTC,1782468020000,0,40.1348266,-8.4714933,104,59,12,60,0,"{""239"":1,""240"":1,""21"":4,""200"":0,""69"":1,""237"":2,""113"":100,""303"":1,""383"":3,""1149"":1,""181"":12,""182"":9,""66"":14874,""24"":60,""206"":48740,""67"":4123,""68"":0,""13"":114,""17"":-34,""18"":-47,""19"":79,""15"":1000,""241"":26806,""199"":5453,""16"":42729,""12"":446,""449"":0,""636"":1418764,""1148"":80,""11"":8935106000,""14"":1160700155,""387"":""2b3430313334382e323636372d303038343731342e393333332b3030302e3130342f""}"
2026-06-30T21:04:28Z,862272088542776,Codec8E,2026-06-26 10:00:26.000 UTC,1782468026000,0,40.1352566,-8.4704266,104,61,11,58,0,"{""239"":1,""240"":1,""21"":4,""200"":0,""69"":1,""237"":2,""113"":100,""303"":1,""383"":3,""1149"":1,""181"":16,""182"":11,""66"":14911,""24"":58,""206"":48740,""67"":4123,""68"":0,""13"":114,""17"":-37,""18"":-35,""19"":100,""15"":1000,""241"":26806,""199"":5555,""16"":42831,""12"":446,""449"":0,""636"":1555723,""1148"":83,""11"":8935106000,""14"":1160700155,""387"":""2b3430313335322e353636372d303038343730342e323636372b3030302e3130342f""}"
2026-06-30T21:04:28Z,862272088542776,Codec8E,2026-06-26 10:00:30.000 UTC,1782468030000,0,40.1355833,-8.4697933,105,50,11,58,0,"{""239"":1,""240"":1,""21"":4,""200"":0,""69"":1,""237"":2,""113"":100,""303"":1,""383"":3,""1149"":1,""181"":14,""182"":11,""66"":14921,""24"":58,""206"":48740,""67"":4123,""68"":0,""13"":114,""17"":-18,""18"":-72,""19"":74,""15"":1000,""241"":26806,""199"":5620,""16"":42896,""12"":446,""449"":0,""636"":1555723,""1148"":83,""11"":8935106000,""14"":1160700155,""387"":""2b3430313335352e383333332d303038343639372e393333332b3030302e3130352f""}"
2026-06-30T21:04:29Z,862272088542776,Codec8E,2026-06-26 10:00:33.000 UTC,1782468033000,0,40.1359083,-8.4693933,105,37,12,59,0,"{""239"":1,""240"":1,""21"":4,""200"":0,""69"":1,""237"":2,""113"":100,""303"":1,""383"":3,""1149"":1,""181"":12,""182"":10,""66"":14893,""24"":59,""206"":48740,""67"":4123,""68"":0,""13"":114,""17"":-83,""18"":-144,""19"":79,""15"":1000,""241"":26806,""199"":5670,""16"":42946,""12"":446,""449"":0,""636"":1418794,""1148"":83,""11"":8935106000,""14"":1160700155,""387"":""2b3430313335392e303833332d303038343639332e393333332b3030302e3130352f""}"
2026-06-30T21:04:29Z,862272088542776,Codec8E,2026-06-26 10:00:35.000 UTC,1782468035000,0,40.1361933,-8.4691816,108,27,13,62,0,"{""239"":1,""240"":1,""21"":4,""200"":0,""69"":1,""237"":2,""113"":100,""303"":1,""383"":3,""1149"":1,""181"":12,""182"":9,""66"":14906,""24"":62,""206"":48740,""67"":4123,""68"":0,""13"":114,""17"":-114,""18"":-75,""19"":51,""15"":1000,""241"":26806,""199"":5706,""16"":42982,""12"":446,""449"":0,""636"":1418794,""1148"":83,""11"":8935106000,""14"":1160700155,""387"":""2b3430313336312e393333332d303038343639312e383136372b3030302e3130382f""}"
2026-06-30T21:04:29Z,862272088542776,Codec8E,2026-06-26 10:00:41.000 UTC,1782468041000,0,40.1371150,-8.4687016,114,19,12,65,0,"{""239"":1,""240"":1,""21"":4,""200"":0,""69"":1,""237"":2,""113"":100,""303"":1,""383"":3,""1149"":1,""181"":13,""182"":10,""66"":14878,""24"":65,""206"":48740,""67"":4123,""68"":0,""13"":114,""17"":8,""18"":-67,""19"":61,""15"":1000,""241"":26806,""199"":5817,""16"":43093,""12"":446,""449"":0,""636"":1418794,""1148"":83,""11"":8935106000,""14"":1160700155,""387"":""2b3430313337312e313530302d303038343638372e303136372b3030302e3131342f""}"
2026-06-30T21:04:29Z,862272088542776,Codec8E,2026-06-26 10:00:47.000 UTC,1782468047000,0,40.1380916,-8.4682900,118,19,13,66,0,"{""239"":1,""240"":1,""21"":4,""200"":0,""69"":1,""237"":2,""113"":100,""303"":1,""383"":3,""1149"":1,""181"":11,""182"":7,""66"":14946,""24"":66,""206"":48740,""67"":4123,""68"":0,""13"":114,""17"":-85,""18"":-109,""19"":49,""15"":1000,""241"":26806,""199"":5931,""16"":43207,""12"":446,""449"":0,""636"":1418764,""1148"":83,""11"":8935106000,""14"":1160700155,""387"":""2b3430313338302e393136372d303038343638322e393030302b3030302e3131382f""}"
2026-06-30T21:04:29Z,862272088542776,Codec8E,2026-06-26 10:00:52.000 UTC,1782468052000,0,40.1390133,-8.4678849,124,19,11,74,0,"{""239"":1,""240"":1,""21"":0,""200"":0,""69"":1,""237"":99,""113"":100,""303"":1,""383"":3,""1149"":0,""181"":16,""182"":9,""66"":14862,""24"":74,""206"":0,""67"":4122,""68"":0,""13"":114,""17"":-2,""18"":-5,""19"":63,""15"":1000,""241"":0,""199"":6039,""16"":43315,""12"":446,""449"":0,""636"":0,""1148"":0,""11"":8935106000,""14"":1160700155,""387"":""2b3430313339302e313333332d303038343637382e383530302b3030302e3132342f""}"
2026-06-30T21:04:30Z,862272088542776,Codec8E,2026-06-26 10:01:25.000 UTC,1782468085000,0,40.1443583,-8.4652550,134,338,6,6,0,"{""239"":1,""240"":1,""21"":4,""200"":0,""69"":1,""237"":2,""113"":0,""303"":1,""383"":3,""1149"":1,""181"":25,""182"":22,""66"":14897,""24"":6,""206"":48740,""67"":4122,""68"":0,""13"":114,""17"":11,""18"":18,""19"":90,""15"":1000,""241"":26806,""199"":6084,""16"":43360,""12"":446,""449"":0,""636"":1418794,""1148"":78,""11"":8935106000,""14"":1160700155,""387"":""2b3430313434332e353833332d303038343635322e353530302b3030302e3133342f""}"
2026-06-30T21:04:30Z,862272088542776,Codec8E,2026-06-26 10:01:27.000 UTC,1782468087000,0,40.1444516,-8.4651250,122,348,5,8,0,"{""239"":1,""240"":1,""21"":4,""200"":0,""69"":1,""237"":2,""113"":0,""303"":1,""383"":3,""1149"":1,""181"":66,""182"":57,""66"":14916,""24"":8,""206"":48740,""67"":4126,""68"":0,""13"":114,""17"":31,""18"":-8,""19"":-97,""15"":1000,""241"":26806,""199"":6084,""16"":43360,""12"":446,""449"":0,""636"":1418794,""1148"":78,""11"":8935106000,""14"":1160700155,""387"":""2b3430313434342e353136372d303038343635312e323530302b3030302e3132322f""}"
2026-06-30T21:04:30Z,862272088542776,Codec8E,2026-06-26 10:01:28.000 UTC,1782468088000,0,40.1449533,-8.4649283,139,5,10,10,0,"{""239"":1,""240"":1,""21"":4,""200"":0,""69"":1,""237"":2,""113"":0,""303"":1,""383"":3,""1149"":1,""181"":34,""182"":22,""66"":14824,""24"":10,""206"":48740,""67"":4143,""68"":56,""13"":114,""17"":41,""18"":-40,""19"":109,""15"":1000,""241"":26806,""199"":6156,""16"":43432,""12"":446,""449"":0,""636"":1418794,""1148"":78,""11"":8935106000,""14"":1160700155,""387"":""2b3430313434392e353333332d303038343634392e323833332b3030302e3133392f""}"
2026-06-30T21:04:30Z,862272088542776,Codec8E,2026-06-26 10:01:30.000 UTC,1782468090000,0,40.1453116,-8.4647183,141,15,10,17,0,"{""239"":1,""240"":1,""21"":4,""200"":0,""69"":1,""237"":2,""113"":0,""303"":1,""383"":3,""1149"":1,""181"":22,""182"":10,""66"":14840,""24"":17,""206"":48740,""67"":4147,""68"":57,""13"":114,""17"":40,""18"":-12,""19"":2,""15"":1000,""241"":26806,""199"":6199,""16"":43475,""12"":446,""449"":0,""636"":1418794,""1148"":78,""11"":8935106000,""14"":1160700155,""387"":""2b3430313435332e313136372d303038343634372e313833332b3030302e3134312f""}"
2026-06-30T21:04:30Z,862272088542776,Codec8E,2026-06-26 10:01:33.000 UTC,1782468093000,0,40.1459116,-8.4642716,141,24,12,30,0,"{""239"":1,""240"":1,""21"":4,""200"":0,""69"":1,""237"":2,""113"":100,""303"":1,""383"":3,""1149"":1,""181"":13,""182"":8,""66"":14856,""24"":30,""206"":48740,""67"":4147,""68"":57,""13"":114,""17"":369,""18"":-75,""19"":44,""15"":1000,""241"":26806,""199"":6276,""16"":43552,""12"":446,""449"":0,""636"":1418794,""1148"":78,""11"":8935106000,""14"":1160700155,""387"":""2b3430313435392e313136372d303038343634322e373136372b3030302e3134312f""}"
2026-06-30T21:04:31Z,862272088542776,Codec8E,2026-06-26 10:01:36.000 UTC,1782468096000,0,40.1464416,-8.4639550,136,25,13,43,0,"{""239"":1,""240"":1,""21"":4,""200"":0,""69"":1,""237"":2,""113"":100,""303"":1,""383"":3,""1149"":1,""181"":13,""182"":8,""66"":14901,""24"":43,""206"":48740,""67"":4142,""68"":30,""13"":114,""17"":-166,""18"":-53,""19"":56,""15"":1000,""241"":26806,""199"":6341,""16"":43617,""12"":446,""449"":0,""636"":1418794,""1148"":78,""11"":8935106000,""14"":1160700155,""387"":""2b3430313436342e343136372d303038343633392e353530302b3030302e3133362f""}"
2026-06-30T21:04:31Z,862272088542776,Codec8E,2026-06-26 10:01:38.000 UTC,1782468098000,0,40.1467683,-8.4637266,134,27,13,54,0,"{""239"":1,""240"":1,""21"":4,""200"":0,""69"":1,""237"":2,""113"":100,""303"":1,""383"":3,""1149"":1,""181"":11,""182"":7,""66"":14922,""24"":54,""206"":48740,""67"":4128,""68"":0,""13"":114,""17"":-95,""18"":-49,""19"":97,""15"":1000,""241"":26806,""199"":6382,""16"":43658,""12"":446,""449"":0,""636"":1418794,""1148"":84,""11"":8935106000,""14"":1160700155,""387"":""2b3430313436372e363833332d303038343633372e323636372b3030302e3133342f""}"
2026-06-30T21:04:31Z,862272088542776,Codec8E,2026-06-26 10:01:40.000 UTC,1782468100000,0,40.1471583,-8.4634833,132,25,14,64,0,"{""239"":1,""240"":1,""21"":4,""200"":0,""69"":1,""237"":2,""113"":100,""303"":1,""383"":3,""1149"":1,""181"":10,""182"":7,""66"":14930,""24"":64,""206"":48740,""67"":4128,""68"":0,""13"":114,""17"":-109,""18"":-43,""19"":104,""15"":1000,""241"":26806,""199"":6430,""16"":43706,""12"":446,""449"":0,""636"":1418794,""1148"":84,""11"":8935106000,""14"":1160700155,""387"":""2b3430313437312e353833332d303038343633342e383333332b3030302e3133322f""}"
2026-06-30T21:04:31Z,862272088542776,Codec8E,2026-06-26 10:01:42.000 UTC,1782468102000,0,40.1475950,-8.4632333,129,24,15,74,0,"{""239"":1,""240"":1,""21"":4,""200"":0,""69"":1,""237"":2,""113"":100,""303"":1,""383"":3,""1149"":1,""181"":10,""182"":6,""66"":14937,""24"":74,""206"":48740,""67"":4128,""68"":0,""13"":114,""17"":-60,""18"":-32,""19"":96,""15"":1000,""241"":26806,""199"":6483,""16"":43759,""12"":446,""449"":0,""636"":1418794,""1148"":84,""11"":8935106000,""14"":1160700155,""387"":""2b3430313437352e393530302d303038343633322e333333332b3030302e3132392f""}"
2026-06-30T21:04:31Z,862272088542776,Codec8E,2026-06-26 10:01:46.000 UTC,1782468106000,0,40.1484450,-8.4627450,126,24,12,83,0,"{""239"":1,""240"":1,""21"":4,""200"":0,""69"":1,""237"":2,""113"":100,""303"":1,""383"":3,""1149"":1,""181"":11,""182"":8,""66"":14920,""24"":83,""206"":48740,""67"":4127,""68"":0,""13"":114,""17"":-43,""18"":-56,""19"":78,""15"":1000,""241"":26806,""199"":6586,""16"":43862,""12"":446,""449"":0,""636"":1418795,""1148"":84,""11"":8935106000,""14"":1160700155,""387"":""2b3430313438342e343530302d303038343632372e343530302b3030302e3132362f""}"
2026-06-30T21:04:32Z,862272088542776,Codec8E,2026-06-26 10:01:51.000 UTC,1782468111000,0,40.1494650,-8.4621300,123,24,13,86,0,"{""239"":1,""240"":1,""21"":4,""200"":0,""69"":1,""237"":2,""113"":100,""303"":1,""383"":3,""1149"":1,""181"":13,""182"":7,""66"":14880,""24"":86,""206"":48740,""67"":4123,""68"":0,""13"":114,""17"":-50,""18"":-35,""19"":26,""15"":1000,""241"":26806,""199"":6711,""16"":43987,""12"":446,""449"":0,""636"":1418795,""1148"":84,""11"":8935106000,""14"":1160700155,""387"":""2b3430313439342e363530302d303038343632312e333030302b3030302e3132332f""}"
2026-06-30T21:04:32Z,862272088542776,Codec8E,2026-06-26 10:01:56.000 UTC,1782468116000,0,40.1504816,-8.4615316,125,24,13,86,0,"{""239"":1,""240"":1,""21"":4,""200"":0,""69"":1,""237"":2,""113"":100,""303"":1,""383"":3,""1149"":1,""181"":13,""182"":7,""66"":14867,""24"":86,""206"":48740,""67"":4123,""68"":0,""13"":114,""17"":-76,""18"":-55,""19"":103,""15"":1000,""241"":26806,""199"":6835,""16"":44111,""12"":446,""449"":0,""636"":1418795,""1148"":84,""11"":8935106000,""14"":1160700155,""387"":""2b3430313530342e383136372d303038343631352e333136372b3030302e3132352f""}"
2026-06-30T21:04:32Z,862272088542776,Codec8E,2026-06-26 10:02:01.000 UTC,1782468121000,0,40.1514933,-8.4609366,127,24,13,86,0,"{""239"":1,""240"":1,""21"":4,""200"":0,""69"":1,""237"":2,""113"":100,""303"":1,""383"":3,""1149"":1,""181"":11,""182"":7,""66"":14896,""24"":86,""206"":48740,""67"":4123,""68"":0,""13"":114,""17"":-5,""18"":-56,""19"":59,""15"":1000,""241"":26806,""199"":6958,""16"":44234,""12"":446,""449"":0,""636"":1418795,""1148"":84,""11"":8935106000,""14"":1160700155,""387"":""2b3430313531342e393333332d303038343630392e333636372b3030302e3132372f""}"
2026-06-30T21:04:32Z,862272088542776,Codec8E,2026-06-26 10:02:06.000 UTC,1782468126000,0,40.1524366,-8.4603750,129,23,12,82,0,"{""239"":1,""240"":1,""21"":4,""200"":0,""69"":1,""237"":2,""113"":100,""303"":1,""383"":3,""1149"":1,""181"":11,""182"":8,""66"":14916,""24"":82,""206"":48740,""67"":4123,""68"":0,""13"":114,""17"":-157,""18"":-26,""19"":110,""15"":1000,""241"":26806,""199"":7074,""16"":44350,""12"":446,""449"":0,""636"":1418795,""1148"":84,""11"":8935106000,""14"":1160700155,""387"":""2b3430313532342e333636372d303038343630332e373530302b3030302e3132392f""}"
2026-06-30T21:04:32Z,862272088542776,Codec8E,2026-06-26 10:02:11.000 UTC,1782468131000,0,40.1534199,-8.4598566,132,20,11,84,0,"{""239"":1,""240"":1,""21"":4,""200"":0,""69"":1,""237"":2,""113"":100,""303"":1,""383"":3,""1149"":1,""181"":12,""182"":9,""66"":14926,""24"":84,""206"":48740,""67"":4123,""68"":0,""13"":114,""17"":-104,""18"":-6,""19"":56,""15"":1000,""241"":26806,""199"":7191,""16"":44467,""12"":446,""449"":0,""636"":1418795,""1148"":83,""11"":8935106000,""14"":1160700155,""387"":""2b3430313533342e323030302d303038343539382e353636372b3030302e3133322f""}"
2026-06-30T21:04:33Z,862272088542776,Codec8E,2026-06-26 10:02:16.000 UTC,1782468136000,0,40.1544566,-8.4594833,135,11,11,85,0,"{""239"":1,""240"":1,""21"":4,""200"":0,""69"":1,""237"":2,""113"":100,""303"":1,""383"":3,""1149"":1,""181"":16,""182"":8,""66"":14873,""24"":85,""206"":48740,""67"":4123,""68"":0,""13"":114,""17"":20,""18"":-34,""19"":79,""15"":1000,""241"":26806,""199"":7311,""16"":44587,""12"":446,""449"":0,""636"":1418795,""1148"":83,""11"":8935106000,""14"":1160700155,""387"":""2b3430313534342e353636372d303038343539342e383333332b3030302e3133352f""}"
2026-06-30T21:04:33Z,862272088542776,Codec8E,2026-06-26 10:02:21.000 UTC,1782468141000,0,40.1554900,-8.4593233,136,3,11,82,0,"{""239"":1,""240"":1,""21"":4,""200"":0,""69"":1,""237"":2,""113"":100,""303"":1,""383"":3,""1149"":1,""181"":12,""182"":8,""66"":14895,""24"":82,""206"":48740,""67"":4123,""68"":0,""13"":114,""17"":-10,""18"":-49,""19"":43,""15"":1000,""241"":26806,""199"":7427,""16"":44703,""12"":446,""449"":0,""636"":1418795,""1148"":83,""11"":8935106000,""14"":1160700155,""387"":""2b3430313535342e393030302d303038343539332e323333332b3030302e3133362f""}"
2026-06-30T21:04:33Z,862272088542776,Codec8E,2026-06-26 10:02:26.000 UTC,1782468146000,0,40.1564883,-8.4592883,136,2,11,80,0,"{""239"":1,""240"":1,""21"":4,""200"":0,""69"":1,""237"":2,""113"":100,""303"":1,""383"":3,""1149"":1,""181"":13,""182"":9,""66"":14929,""24"":80,""206"":48740,""67"":4123,""68"":0,""13"":114,""17"":10,""18"":11,""19"":-7,""15"":1000,""241"":26806,""199"":7538,""16"":44814,""12"":446,""449"":0,""636"":1418795,""1148"":83,""11"":8935106000,""14"":1160700155,""387"":""2b3430313536342e383833332d303038343539322e383833332b3030302e3133362f""}"
2026-06-30T21:04:33Z,862272088542776,Codec8E,2026-06-26 10:02:31.000 UTC,1782468151000,0,40.1574999,-8.4592750,137,359,8,81,0,"{""239"":1,""240"":1,""21"":4,""200"":0,""69"":1,""237"":2,""113"":100,""303"":1,""383"":3,""1149"":1,""181"":24,""182"":11,""66"":14842,""24"":81,""206"":48740,""67"":4123,""68"":0,""13"":114,""17"":-14,""18"":-61,""19"":22,""15"":1000,""241"":26806,""199"":7650,""16"":44926,""12"":446,""449"":0,""636"":1418795,""1148"":83,""11"":8935106000,""14"":1160700155,""387"":""2b3430313537352e303030302d303038343539322e373530302b3030302e3133372f""}"
2026-06-30T21:04:33Z,862272088542776,Codec8E,2026-06-26 10:02:36.000 UTC,1782468156000,0,40.1585533,-8.4592766,137,0,10,83,0,"{""239"":1,""240"":1,""21"":4,""200"":0,""69"":1,""237"":2,""113"":100,""303"":1,""383"":3,""1149"":1,""181"":16,""182"":9,""66"":14902,""24"":83,""206"":48740,""67"":4123,""68"":0,""13"":114,""17"":28,""18"":-41,""19"":67,""15"":1000,""241"":26806,""199"":7767,""16"":45043,""12"":446,""449"":0,""636"":1662220,""1148"":83,""11"":8935106000,""14"":1160700155,""387"":""2b3430313538352e353333332d303038343539322e373636372b3030302e3133372f""}"
2026-06-30T21:04:34Z,862272088542776,Codec8E,2026-06-26 10:02:41.000 UTC,1782468161000,0,40.1595966,-8.4592950,137,359,12,82,0,"{""239"":1,""240"":1,""21"":5,""200"":0,""69"":1,""237"":2,""113"":100,""303"":1,""383"":3,""1149"":20,""181"":11,""182"":8,""66"":14927,""24"":82,""206"":48740,""67"":4123,""68"":0,""13"":114,""17"":61,""18"":-59,""19"":8,""15"":1000,""241"":26806,""199"":7883,""16"":45159,""12"":446,""449"":0,""636"":1662220,""1148"":56,""11"":8935106000,""14"":1160700155,""387"":""2b3430313539352e393636372d303038343539322e393530302b3030302e3133372f""}"
2026-06-30T21:04:34Z,862272088542776,Codec8E,2026-06-26 10:02:46.000 UTC,1782468166000,0,40.1606300,-8.4592966,136,2,13,81,0,"{""239"":1,""240"":1,""21"":5,""200"":0,""69"":1,""237"":2,""113"":100,""303"":1,""383"":3,""1149"":20,""181"":14,""182"":8,""66"":14856,""24"":81,""206"":48740,""67"":4123,""68"":0,""13"":114,""17"":13,""18"":-20,""19"":88,""15"":1000,""241"":26806,""199"":7998,""16"":45274,""12"":446,""449"":0,""636"":1662220,""1148"":56,""11"":8935106000,""14"":1160700155,""387"":""2b3430313630362e333030302d303038343539322e393636372b3030302e3133362f""}"
2026-06-30T21:04:34Z,862272088542776,Codec8E,2026-06-26 10:02:51.000 UTC,1782468171000,0,40.1616700,-8.4591150,127,10,13,83,0,"{""239"":1,""240"":1,""21"":5,""200"":0,""69"":1,""237"":2,""113"":100,""303"":1,""383"":3,""1149"":20,""181"":10,""182"":7,""66"":14883,""24"":83,""206"":48740,""67"":4123,""68"":0,""13"":114,""17"":-55,""18"":3,""19"":92,""15"":1000,""241"":26806,""199"":8115,""16"":45391,""12"":446,""449"":0,""636"":1662220,""1148"":56,""11"":8935106000,""14"":1160700155,""387"":""2b3430313631362e373030302d303038343539312e313530302b3030302e3132372f""}"
2026-06-30T21:04:34Z,862272088542776,Codec8E,2026-06-26 10:02:56.000 UTC,1782468176000,0,40.1626983,-8.4587933,123,15,15,83,0,"{""239"":1,""240"":1,""21"":5,""200"":0,""69"":1,""237"":2,""113"":100,""303"":1,""383"":3,""1149"":20,""181"":11,""182"":7,""66"":14899,""24"":83,""206"":48740,""67"":4123,""68"":0,""13"":114,""17"":-7,""18"":-20,""19"":37,""15"":1000,""241"":26806,""199"":8232,""16"":45508,""12"":446,""449"":0,""636"":1662230,""1148"":56,""11"":8935106000,""14"":1160700155,""387"":""2b3430313632362e393833332d303038343538372e393333332b3030302e3132332f""}"
2026-06-30T21:04:34Z,862272088542776,Codec8E,2026-06-26 10:03:01.000 UTC,1782468181000,0,40.1636316,-8.4583700,121,22,15,79,0,"{""239"":1,""240"":1,""21"":5,""200"":0,""69"":1,""237"":2,""113"":100,""303"":1,""383"":3,""1149"":20,""181"":10,""182"":7,""66"":14891,""24"":79,""206"":48740,""67"":4123,""68"":0,""13"":114,""17"":-124,""18"":-39,""19"":99,""15"":1000,""241"":26806,""199"":8342,""16"":45618,""12"":446,""449"":0,""636"":1662230,""1148"":56,""11"":8935106000,""14"":1160700155,""387"":""2b3430313633362e333136372d303038343538332e373030302b3030302e3132312f""}"
2026-06-30T21:04:35Z,862272088542776,Codec8E,2026-06-26 10:03:06.000 UTC,1782468186000,0,40.1645650,-8.4578433,121,22,13,80,0,"{""239"":1,""240"":1,""21"":5,""200"":0,""69"":1,""237"":2,""113"":100,""303"":1,""383"":3,""1149"":20,""181"":10,""182"":7,""66"":14892,""24"":80,""206"":48740,""67"":4123,""68"":0,""13"":114,""17"":-85,""18"":-51,""19"":48,""15"":1000,""241"":26806,""199"":8455,""16"":45731,""12"":446,""449"":0,""636"":893196,""1148"":56,""11"":8935106000,""14"":1160700155,""387"":""2b3430313634352e363530302d303038343537382e343333332b3030302e3132312f""}"
2026-06-30T21:04:35Z,862272088542776,Codec8E,2026-06-26 10:03:11.000 UTC,1782468191000,0,40.1654833,-8.4573466,125,22,12,80,0,"{""239"":1,""240"":1,""21"":5,""200"":0,""69"":1,""237"":2,""113"":100,""303"":1,""383"":3,""1149"":20,""181"":11,""182"":8,""66"":14865,""24"":80,""206"":48740,""67"":4123,""68"":0,""13"":114,""17"":-49,""18"":-35,""19"":65,""15"":1000,""241"":26806,""199"":8565,""16"":45841,""12"":446,""449"":0,""636"":893196,""1148"":74,""11"":8935106000,""14"":1160700155,""387"":""2b3430313635342e383333332d303038343537332e343636372b3030302e3132352f""}"
2026-06-30T21:04:35Z,862272088542776,Codec8E,2026-06-26 10:03:16.000 UTC,1782468196000,0,40.1663883,-8.4568383,129,23,14,79,0,"{""239"":1,""240"":1,""21"":5,""200"":0,""69"":1,""237"":2,""113"":100,""303"":1,""383"":3,""1149"":20,""181"":11,""182"":7,""66"":14852,""24"":79,""206"":48740,""67"":4123,""68"":0,""13"":114,""17"":-58,""18"":-23,""19"":-43,""15"":1000,""241"":26806,""199"":8675,""16"":45951,""12"":446,""449"":0,""636"":893196,""1148"":74,""11"":8935106000,""14"":1160700155,""387"":""2b3430313636332e383833332d303038343536382e333833332b3030302e3132392f""}"
2026-06-30T21:04:35Z,862272088542776,Codec8E,2026-06-26 10:03:21.000 UTC,1782468201000,0,40.1672900,-8.4563533,132,21,13,77,0,"{""239"":1,""240"":1,""21"":5,""200"":0,""69"":1,""237"":2,""113"":100,""303"":1,""383"":3,""1149"":20,""181"":12,""182"":7,""66"":14944,""24"":77,""206"":48740,""67"":4123,""68"":0,""13"":114,""17"":10,""18"":-32,""19"":16,""15"":1000,""241"":26806,""199"":8783,""16"":46059,""12"":446,""449"":0,""636"":893196,""1148"":74,""11"":8935106000,""14"":1160700155,""387"":""2b3430313637322e393030302d303038343536332e353333332b3030302e3133322f""}"
2026-06-30T21:04:35Z,862272088542776,Codec8E,2026-06-26 10:03:26.000 UTC,1782468206000,0,40.1681433,-8.4559066,135,21,12,74,0,"{""239"":1,""240"":1,""21"":5,""200"":0,""69"":1,""237"":2,""113"":100,""303"":1,""383"":3,""1149"":20,""181"":10,""182"":7,""66"":14851,""24"":74,""206"":48740,""67"":4123,""68"":0,""13"":114,""17"":5,""18"":-16,""19"":0,""15"":1000,""241"":26806,""199"":8885,""16"":46161,""12"":446,""449"":0,""636"":893196,""1148"":74,""11"":8935106000,""14"":1160700155,""387"":""2b3430313638312e343333332d303038343535392e303636372b3030302e3133352f""}"
2026-06-30T21:04:36Z,862272088542776,Codec8E,2026-06-26 10:03:31.000 UTC,1782468211000,0,40.1689766,-8.4554433,138,22,12,72,0,"{""239"":1,""240"":1,""21"":5,""200"":0,""69"":1,""237"":2,""113"":100,""303"":1,""383"":3,""1149"":20,""181"":14,""182"":8,""66"":14915,""24"":72,""206"":48740,""67"":4123,""68"":0,""13"":114,""17"":-46,""18"":-55,""19"":25,""15"":1000,""241"":26806,""199"":8986,""16"":46262,""12"":446,""449"":0,""636"":893196,""1148"":74,""11"":8935106000,""14"":1160700155,""387"":""2b3430313638392e373636372d303038343535342e343333332b3030302e3133382f""}"
2026-06-30T21:04:36Z,862272088542776,Codec8E,2026-06-26 10:03:37.000 UTC,1782468217000,0,40.1699600,-8.4548949,141,23,13,71,0,"{""239"":1,""240"":1,""21"":5,""200"":0,""69"":1,""237"":2,""113"":100,""303"":1,""383"":3,""1149"":20,""181"":11,""182"":8,""66"":14882,""24"":71,""206"":48740,""67"":4123,""68"":0,""13"":114,""17"":-68,""18"":-52,""19"":0,""15"":1000,""241"":26806,""199"":9105,""16"":46381,""12"":446,""449"":0,""636"":893196,""1148"":74,""11"":8935106000,""14"":1160700155,""387"":""2b3430313639392e363030302d303038343534382e393530302b3030302e3134312f""}"
2026-06-30T21:04:36Z,862272088542776,Codec8E,2026-06-26 10:03:43.000 UTC,1782468223000,0,40.1709433,-8.4543500,143,20,13,72,0,"{""239"":1,""240"":1,""21"":5,""200"":0,""69"":1,""237"":2,""113"":100,""303"":1,""383"":3,""1149"":20,""181"":13,""182"":8,""66"":14845,""24"":72,""206"":48740,""67"":4123,""68"":0,""13"":114,""17"":-143,""18"":-78,""19"":56,""15"":1000,""241"":26806,""199"":9223,""16"":46499,""12"":446,""449"":0,""636"":893226,""1148"":74,""11"":8935106000,""14"":1160700155,""387"":""2b3430313730392e343333332d303038343534332e353030302b3030302e3134332f""}"
2026-06-30T21:04:36Z,862272088542776,Codec8E,2026-06-26 10:03:48.000 UTC,1782468228000,0,40.1718833,-8.4538666,145,21,11,80,0,"{""239"":1,""240"":1,""21"":5,""200"":0,""69"":1,""237"":2,""113"":100,""303"":1,""383"":3,""1149"":1,""181"":16,""182"":8,""66"":14912,""24"":80,""206"":48740,""67"":4123,""68"":0,""13"":114,""17"":-6,""18"":18,""19"":31,""15"":1000,""241"":26806,""199"":9336,""16"":46612,""12"":446,""449"":0,""636"":1662250,""1148"":74,""11"":8935106000,""14"":1160700155,""387"":""2b3430313731382e383333332d303038343533382e363636372b3030302e3134352f""}"
2026-06-30T21:04:36Z,862272088542776,Codec8E,2026-06-26 10:03:53.000 UTC,1782468233000,0,40.1728316,-8.4533150,148,25,13,82,0,"{""239"":1,""240"":1,""21"":5,""200"":0,""69"":1,""237"":2,""113"":100,""303"":1,""383"":3,""1149"":1,""181"":11,""182"":8,""66"":14884,""24"":82,""206"":48740,""67"":4123,""68"":0,""13"":114,""17"":-85,""18"":-14,""19"":27,""15"":1000,""241"":26806,""199"":9451,""16"":46727,""12"":446,""449"":0,""636"":1662250,""1148"":74,""11"":8935106000,""14"":1160700155,""387"":""2b3430313732382e333136372d303038343533332e313530302b3030302e3134382f""}"
2026-06-30T21:04:37Z,862272088542776,Codec8E,2026-06-26 10:03:58.000 UTC,1782468238000,0,40.1737683,-8.4526516,152,29,13,84,0,"{""239"":1,""240"":1,""21"":5,""200"":0,""69"":1,""237"":2,""113"":100,""303"":1,""383"":3,""1149"":1,""181"":11,""182"":8,""66"":14894,""24"":84,""206"":48740,""67"":4123,""68"":0,""13"":114,""17"":-120,""18"":62,""19"":47,""15"":1000,""241"":26806,""199"":9569,""16"":46845,""12"":446,""449"":0,""636"":893226,""1148"":74,""11"":8935106000,""14"":1160700155,""387"":""2b3430313733372e363833332d303038343532362e353136372b3030302e3135322f""}"
2026-06-30T21:04:37Z,862272088542776,Codec8E,2026-06-26 10:04:03.000 UTC,1782468243000,0,40.1746999,-8.4518750,157,35,12,87,0,"{""239"":1,""240"":1,""21"":5,""200"":0,""69"":1,""237"":2,""113"":100,""303"":1,""383"":3,""1149"":1,""181"":12,""182"":9,""66"":14906,""24"":87,""206"":48740,""67"":4123,""68"":0,""13"":114,""17"":-73,""18"":12,""19"":36,""15"":1000,""241"":26806,""199"":9692,""16"":46968,""12"":446,""449"":0,""636"":893226,""1148"":74,""11"":8935106000,""14"":1160700155,""387"":""2b3430313734372e303030302d303038343531382e373530302b3030302e3135372f""}"
2026-06-30T21:04:37Z,862272088542776,Codec8E,2026-06-26 10:04:08.000 UTC,1782468248000,0,40.1755850,-8.4510616,160,36,12,86,0,"{""239"":1,""240"":1,""21"":5,""200"":0,""69"":1,""237"":2,""113"":100,""303"":1,""383"":3,""1149"":1,""181"":15,""182"":8,""66"":14863,""24"":86,""206"":48740,""67"":4123,""68"":0,""13"":114,""17"":-80,""18"":-9,""19"":161,""15"":1000,""241"":26806,""199"":9812,""16"":47088,""12"":446,""449"":0,""636"":893226,""1148"":61,""11"":8935106000,""14"":1160700155,""387"":""2b3430313735352e383530302d303038343531302e363136372b3030302e3136302f""}"
2026-06-30T21:04:37Z,862272088542776,Codec8E,2026-06-26 10:04:13.000 UTC,1782468253000,0,40.1764433,-8.4502366,163,36,13,85,0,"{""239"":1,""240"":1,""21"":5,""200"":0,""69"":1,""237"":2,""113"":100,""303"":1,""383"":3,""1149"":1,""181"":13,""182"":8,""66"":14855,""24"":85,""206"":48740,""67"":4123,""68"":0,""13"":114,""17"":-59,""18"":-12,""19"":72,""15"":1000,""241"":26806,""199"":9931,""16"":47207,""12"":446,""449"":0,""636"":893226,""1148"":61,""11"":8935106000,""14"":1160700155,""387"":""2b3430313736342e343333332d303038343530322e333636372b3030302e3136332f""}"
2026-06-30T21:04:37Z,862272088542776,Codec8E,2026-06-26 10:04:18.000 UTC,1782468258000,0,40.1773449,-8.4494033,164,34,12,88,0,"{""239"":1,""240"":1,""21"":5,""200"":0,""69"":1,""237"":2,""113"":100,""303"":1,""383"":3,""1149"":1,""181"":14,""182"":8,""66"":14942,""24"":88,""206"":48740,""67"":4123,""68"":0,""13"":114,""17"":2,""18"":-20,""19"":-33,""15"":1000,""241"":26806,""199"":10053,""16"":47329,""12"":446,""449"":0,""636"":893225,""1148"":61,""11"":8935106000,""14"":1160700155,""387"":""2b3430313737332e343530302d303038343439342e303333332b3030302e3136342f""}"
2026-06-30T21:04:38Z,862272088542776,Codec8E,2026-06-26 10:04:23.000 UTC,1782468263000,0,40.1782350,-8.4486000,164,33,13,84,0,"{""239"":1,""240"":1,""21"":5,""200"":0,""69"":1,""237"":2,""113"":100,""303"":1,""383"":3,""1149"":1,""181"":13,""182"":8,""66"":14914,""24"":84,""206"":48740,""67"":4123,""68"":0,""13"":114,""17"":33,""18"":61,""19"":124,""15"":1000,""241"":26806,""199"":10174,""16"":47450,""12"":446,""449"":0,""636"":893225,""1148"":61,""11"":8935106000,""14"":1160700155,""387"":""2b3430313738322e333530302d303038343438362e303030302b3030302e3136342f""}"
2026-06-30T21:04:38Z,862272088542776,Codec8E,2026-06-26 10:04:28.000 UTC,1782468268000,0,40.1791383,-8.4479716,163,20,14,83,0,"{""239"":1,""240"":1,""21"":5,""200"":0,""69"":1,""237"":2,""113"":100,""303"":1,""383"":3,""1149"":1,""181"":10,""182"":7,""66"":14845,""24"":83,""206"":48740,""67"":4123,""68"":0,""13"":114,""17"":-24,""18"":-168,""19"":75,""15"":1000,""241"":26806,""199"":10287,""16"":47563,""12"":446,""449"":0,""636"":893225,""1148"":61,""11"":8935106000,""14"":1160700155,""387"":""2b3430313739312e333833332d303038343437392e373136372b3030302e3136332f""}"
2026-06-30T21:04:38Z,862272088542776,Codec8E,2026-06-26 10:04:31.000 UTC,1782468271000,0,40.1797133,-8.4477800,162,9,14,80,0,"{""239"":1,""240"":1,""21"":5,""200"":0,""69"":1,""237"":2,""113"":100,""303"":1,""383"":3,""1149"":1,""181"":12,""182"":7,""66"":14899,""24"":80,""206"":48740,""67"":4123,""68"":0,""13"":114,""17"":-76,""18"":-82,""19"":73,""15"":1000,""241"":26806,""199"":10353,""16"":47629,""12"":446,""449"":0,""636"":893225,""1148"":61,""11"":8935106000,""14"":1160700155,""387"":""2b3430313739372e313333332d303038343437372e383030302b3030302e3136322f""}"
2026-06-30T21:04:38Z,862272088542776,Codec8E,2026-06-26 10:04:36.000 UTC,1782468276000,0,40.1807383,-8.4477149,159,358,14,82,0,"{""239"":1,""240"":1,""21"":5,""200"":0,""69"":1,""237"":2,""113"":100,""303"":1,""383"":3,""1149"":1,""181"":10,""182"":7,""66"":14921,""24"":82,""206"":48740,""67"":4123,""68"":0,""13"":114,""17"":43,""18"":-2,""19"":87,""15"":1000,""241"":26806,""199"":10468,""16"":47744,""12"":446,""449"":0,""636"":893225,""1148"":61,""11"":8935106000,""14"":1160700155,""387"":""2b3430313830372e333833332d303038343437372e313530302b3030302e3135392f""}"
2026-06-30T21:04:38Z,862272088542776,Codec8E,2026-06-26 10:04:41.000 UTC,1782468281000,0,40.1817716,-8.4478583,159,352,11,81,0,"{""239"":1,""240"":1,""21"":5,""200"":0,""69"":1,""237"":2,""113"":100,""303"":1,""383"":3,""1149"":1,""181"":14,""182"":9,""66"":14883,""24"":81,""206"":48740,""67"":4123,""68"":0,""13"":114,""17"":95,""18"":-4,""19"":109,""15"":1000,""241"":26806,""199"":10583,""16"":47859,""12"":446,""449"":0,""636"":893225,""1148"":72,""11"":8935106000,""14"":1160700155,""387"":""2b3430313831372e373136372d303038343437382e353833332b3030302e3135392f""}"
2026-06-30T21:04:39Z,862272088542776,Codec8E,2026-06-26 10:04:46.000 UTC,1782468286000,0,40.1827616,-8.4480366,156,353,11,80,0,"{""239"":1,""240"":1,""21"":5,""200"":0,""69"":1,""237"":2,""113"":100,""303"":1,""383"":3,""1149"":1,""181"":12,""182"":9,""66"":14915,""24"":80,""206"":48740,""67"":4123,""68"":0,""13"":114,""17"":-14,""18"":-35,""19"":17,""15"":1000,""241"":26806,""199"":10694,""16"":47970,""12"":446,""449"":0,""636"":893225,""1148"":72,""11"":8935106000,""14"":1160700155,""387"":""2b3430313832372e363136372d303038343438302e333636372b3030302e3135362f""}"
2026-06-30T21:04:39Z,862272088542776,Codec8E,2026-06-26 10:04:51.000 UTC,1782468291000,0,40.1837616,-8.4482183,153,350,10,79,0,"{""239"":1,""240"":1,""21"":5,""200"":0,""69"":1,""237"":2,""113"":100,""303"":1,""383"":3,""1149"":1,""181"":20,""182"":10,""66"":14894,""24"":79,""206"":48740,""67"":4123,""68"":0,""13"":114,""17"":68,""18"":-26,""19"":50,""15"":1000,""241"":26806,""199"":10806,""16"":48082,""12"":446,""449"":0,""636"":893225,""1148"":72,""11"":8935106000,""14"":1160700155,""387"":""2b3430313833372e363136372d303038343438322e313833332b3030302e3135332f""}"
2026-06-30T21:04:39Z,862272088542776,Codec8E,2026-06-26 10:04:56.000 UTC,1782468296000,0,40.1847050,-8.4483916,149,353,10,76,0,"{""239"":1,""240"":1,""21"":5,""200"":0,""69"":1,""237"":2,""113"":100,""303"":1,""383"":3,""1149"":1,""181"":12,""182"":10,""66"":14897,""24"":76,""206"":48740,""67"":4123,""68"":0,""13"":114,""17"":195,""18"":-37,""19"":-6,""15"":1000,""241"":26806,""199"":10912,""16"":48188,""12"":446,""449"":0,""636"":1420330,""1148"":72,""11"":8935106000,""14"":1160700155,""387"":""2b3430313834372e303530302d303038343438332e393136372b3030302e3134392f""}"
2026-06-30T21:04:39Z,862272088542776,Codec8E,2026-06-26 10:05:01.000 UTC,1782468301000,0,40.1856650,-8.4485800,144,351,10,77,0,"{""239"":1,""240"":1,""21"":5,""200"":0,""69"":1,""237"":2,""113"":100,""303"":1,""383"":3,""1149"":1,""181"":12,""182"":9,""66"":14904,""24"":77,""206"":48740,""67"":4123,""68"":0,""13"":114,""17"":-129,""18"":16,""19"":54,""15"":1000,""241"":26806,""199"":11020,""16"":48296,""12"":446,""449"":0,""636"":1420330,""1148"":72,""11"":8935106000,""14"":1160700155,""387"":""2b3430313835362e363530302d303038343438352e383030302b3030302e3134342f""}"
2026-06-30T21:04:39Z,862272088542776,Codec8E,2026-06-26 10:05:06.000 UTC,1782468306000,0,40.1867166,-8.4489233,138,343,12,85,0,"{""239"":1,""240"":1,""21"":5,""200"":0,""69"":1,""237"":2,""113"":100,""303"":1,""383"":3,""1149"":1,""181"":12,""182"":8,""66"":14934,""24"":85,""206"":48740,""67"":4123,""68"":0,""13"":114,""17"":27,""18"":-25,""19"":68,""15"":1000,""241"":26806,""199"":11141,""16"":48417,""12"":446,""449"":0,""636"":1420330,""1148"":72,""11"":8935106000,""14"":1160700155,""387"":""2b3430313836372e313636372d303038343438392e323333332b3030302e3133382f""}"
2026-06-30T21:04:42Z,862272088542776,Codec8E,2026-06-26 10:05:11.000 UTC,1782468311000,0,40.1877566,-8.4493450,132,343,10,85,0,"{""239"":1,""240"":1,""21"":5,""200"":0,""69"":1,""237"":2,""113"":100,""303"":1,""383"":3,""1149"":1,""181"":14,""182"":10,""66"":14837,""24"":85,""206"":48740,""67"":4123,""68"":0,""13"":114,""17"":79,""18"":-60,""19"":16,""15"":1000,""241"":26806,""199"":11262,""16"":48538,""12"":446,""449"":0,""636"":1420330,""1148"":69,""11"":8935106000,""14"":1160700155,""387"":""2b3430313837372e353636372d303038343439332e343530302b3030302e3133322f""}"
2026-06-30T21:04:42Z,862272088542776,Codec8E,2026-06-26 10:05:16.000 UTC,1782468316000,0,40.1887283,-8.4496416,124,353,10,83,0,"{""239"":1,""240"":1,""21"":5,""200"":0,""69"":1,""237"":2,""113"":100,""303"":1,""383"":3,""1149"":1,""181"":13,""182"":9,""66"":14900,""24"":83,""206"":48740,""67"":4123,""68"":0,""13"":114,""17"":-31,""18"":-75,""19"":40,""15"":1000,""241"":26806,""199"":11373,""16"":48649,""12"":446,""449"":0,""636"":1420330,""1148"":69,""11"":8935106000,""14"":1160700155,""387"":""2b3430313838372e323833332d303038343439362e343136372b3030302e3132342f""}"
2026-06-30T21:04:42Z,862272088542776,Codec8E,2026-06-26 10:05:21.000 UTC,1782468321000,0,40.1897633,-8.4497766,117,355,11,83,0,"{""239"":1,""240"":1,""21"":5,""200"":0,""69"":1,""237"":2,""113"":100,""303"":1,""383"":3,""1149"":1,""181"":12,""182"":8,""66"":14822,""24"":83,""206"":48740,""67"":4123,""68"":0,""13"":114,""17"":39,""18"":-62,""19"":77,""15"":1000,""241"":26806,""199"":11488,""16"":48764,""12"":446,""449"":0,""636"":1420330,""1148"":69,""11"":8935106000,""14"":1160700155,""387"":""2b3430313839372e363333332d303038343439372e373636372b3030302e3131372f""}"
2026-06-30T21:04:42Z,862272088542776,Codec8E,2026-06-26 10:05:26.000 UTC,1782468326000,0,40.1907966,-8.4499016,111,353,11,81,0,"{""239"":1,""240"":1,""21"":5,""200"":0,""69"":1,""237"":2,""113"":100,""303"":1,""383"":3,""1149"":1,""181"":12,""182"":8,""66"":14896,""24"":81,""206"":48740,""67"":4123,""68"":0,""13"":114,""17"":-50,""18"":-47,""19"":58,""15"":1000,""241"":26806,""199"":11604,""16"":48880,""12"":446,""449"":0,""636"":1420330,""1148"":69,""11"":8935106000,""14"":1160700155,""387"":""2b3430313930372e393636372d303038343439392e303136372b3030302e3131312f""}"
2026-06-30T21:04:42Z,862272088542776,Codec8E,2026-06-26 10:05:31.000 UTC,1782468331000,0,40.1918416,-8.4500249,105,353,12,83,0,"{""239"":1,""240"":1,""21"":5,""200"":0,""69"":1,""237"":2,""113"":100,""303"":1,""383"":3,""1149"":1,""181"":11,""182"":8,""66"":14937,""24"":83,""206"":48740,""67"":4123,""68"":0,""13"":114,""17"":8,""18"":-27,""19"":52,""15"":1000,""241"":26806,""199"":11720,""16"":48996,""12"":446,""449"":0,""636"":1420330,""1148"":69,""11"":8935106000,""14"":1160700155,""387"":""2b3430313931382e343136372d303038343530302e323530302b3030302e3130352f""}"
2026-06-30T21:05:04Z,862272088542776,Codec8E,2026-06-26 10:05:36.000 UTC,1782468336000,0,40.1928566,-8.4501633,101,355,11,81,0,"{""239"":1,""240"":1,""21"":5,""200"":0,""69"":1,""237"":2,""113"":100,""303"":1,""383"":3,""1149"":1,""181"":12,""182"":9,""66"":14842,""24"":81,""206"":48740,""67"":4123,""68"":0,""13"":114,""17"":-22,""18"":-94,""19"":163,""15"":1000,""241"":26806,""199"":11834,""16"":49110,""12"":446,""449"":0,""636"":1420330,""1148"":69,""11"":8935106000,""14"":1160700155,""387"":""2b3430313932382e353636372d303038343530312e363333332b3030302e3130312f""}"
2026-06-30T21:05:04Z,862272088542776,Codec8E,2026-06-26 10:05:41.000 UTC,1782468341000,0,40.1937983,-8.4502583,97,355,13,77,0,"{""239"":1,""240"":1,""21"":5,""200"":0,""69"":1,""237"":2,""113"":100,""303"":1,""383"":3,""1149"":1,""181"":10,""182"":7,""66"":14908,""24"":77,""206"":48740,""67"":4123,""68"":0,""13"":114,""17"":78,""18"":13,""19"":35,""15"":1000,""241"":26806,""199"":11939,""16"":49215,""12"":446,""449"":0,""636"":1420330,""1148"":69,""11"":8935106000,""14"":1160700155,""387"":""2b3430313933372e393833332d303038343530322e353833332b3030302e3039372f""}"
2026-06-30T21:05:04Z,862272088542776,Codec8E,2026-06-26 10:05:46.000 UTC,1782468346000,0,40.1947233,-8.4503799,93,353,14,75,0,"{""239"":1,""240"":1,""21"":5,""200"":0,""69"":1,""237"":2,""113"":100,""303"":1,""383"":3,""1149"":1,""181"":10,""182"":7,""66"":14865,""24"":75,""206"":48740,""67"":4123,""68"":0,""13"":114,""17"":3,""18"":-1,""19"":10,""15"":1000,""241"":26806,""199"":12042,""16"":49318,""12"":446,""449"":0,""636"":1420330,""1148"":69,""11"":8935106000,""14"":1160700155,""387"":""2b3430313934372e323333332d303038343530332e383030302b3030302e3039332f""}"
2026-06-30T21:05:04Z,862272088542776,Codec8E,2026-06-26 10:05:51.000 UTC,1782468351000,0,40.1956899,-8.4506100,87,343,14,78,0,"{""239"":1,""240"":1,""21"":5,""200"":0,""69"":1,""237"":2,""113"":100,""303"":1,""383"":3,""1149"":1,""181"":10,""182"":6,""66"":14863,""24"":78,""206"":48740,""67"":4123,""68"":0,""13"":114,""17"":2,""18"":-157,""19"":76,""15"":1000,""241"":26806,""199"":12151,""16"":49427,""12"":446,""449"":0,""636"":1420330,""1148"":72,""11"":8935106000,""14"":1160700155,""387"":""2b3430313935362e393030302d303038343530362e313030302b3030302e3038372f""}"
2026-06-30T21:05:04Z,862272088542776,Codec8E,2026-06-26 10:05:55.000 UTC,1782468355000,0,40.1964100,-8.4510100,82,333,13,78,0,"{""239"":1,""240"":1,""21"":5,""200"":0,""69"":1,""237"":2,""113"":100,""303"":1,""383"":3,""1149"":1,""181"":10,""182"":7,""66"":14889,""24"":78,""206"":48740,""67"":4123,""68"":0,""13"":114,""17"":6,""18"":-17,""19"":243,""15"":1000,""241"":26806,""199"":12239,""16"":49515,""12"":446,""449"":0,""636"":1420330,""1148"":72,""11"":8935106000,""14"":1160700155,""387"":""2b3430313936342e313030302d303038343531302e313030302b3030302e3038322f""}"
2026-06-30T21:05:06Z,862272088542776,Codec8E,2026-06-26 10:05:57.000 UTC,1782468357000,0,40.1966616,-8.4513816,79,319,14,76,0,"{""239"":1,""240"":1,""21"":5,""200"":0,""69"":1,""237"":2,""113"":100,""303"":1,""383"":3,""1149"":1,""181"":10,""182"":7,""66"":14887,""24"":76,""206"":48740,""67"":4123,""68"":0,""13"":114,""17"":62,""18"":14,""19"":184,""15"":1000,""241"":26806,""199"":12281,""16"":49557,""12"":446,""449"":0,""636"":1420331,""1148"":72,""11"":8935106000,""14"":1160700155,""387"":""2b3430313936362e363136372d303038343531332e383136372b3030302e3037392f""}"
2026-06-30T21:05:06Z,862272088542776,Codec8E,2026-06-26 10:06:02.000 UTC,1782468362000,0,40.1973116,-8.4523050,71,318,12,75,0,"{""239"":1,""240"":1,""21"":5,""200"":0,""69"":1,""237"":2,""113"":100,""303"":1,""383"":3,""1149"":1,""181"":11,""182"":8,""66"":14883,""24"":75,""206"":48740,""67"":4123,""68"":0,""13"":114,""17"":10,""18"":147,""19"":-17,""15"":1000,""241"":26806,""199"":12388,""16"":49664,""12"":446,""449"":0,""636"":1420331,""1148"":72,""11"":8935106000,""14"":1160700155,""387"":""2b3430313937332e313136372d303038343532332e303530302b3030302e3037312f""}"
2026-06-30T21:05:06Z,862272088542776,Codec8E,2026-06-26 10:06:03.000 UTC,1782468363000,0,40.1974783,-8.4524283,70,330,13,75,0,"{""239"":1,""240"":1,""21"":5,""200"":0,""69"":1,""237"":2,""113"":100,""303"":1,""383"":3,""1149"":1,""181"":13,""182"":8,""66"":14897,""24"":75,""206"":48740,""67"":4123,""68"":0,""13"":114,""17"":58,""18"":60,""19"":90,""15"":1000,""241"":26806,""199"":12409,""16"":49685,""12"":446,""449"":0,""636"":1420331,""1148"":72,""11"":8935106000,""14"":1160700155,""387"":""2b3430313937342e373833332d303038343532342e323833332b3030302e3037302f""}"
2026-06-30T21:05:06Z,862272088542776,Codec8E,2026-06-26 10:06:08.000 UTC,1782468368000,0,40.1983283,-8.4529250,63,338,14,74,0,"{""239"":1,""240"":1,""21"":4,""200"":0,""69"":1,""237"":2,""113"":100,""303"":1,""383"":3,""1149"":1,""181"":10,""182"":7,""66"":14876,""24"":74,""206"":48740,""67"":4123,""68"":0,""13"":114,""17"":-26,""18"":-156,""19"":127,""15"":1000,""241"":26806,""199"":12512,""16"":49788,""12"":446,""449"":0,""636"":1420331,""1148"":80,""11"":8935106000,""14"":1160700155,""387"":""2b3430313938332e323833332d303038343532392e323530302b3030302e3036332f""}"
2026-06-30T21:05:06Z,862272088542776,Codec8E,2026-06-26 10:06:13.000 UTC,1782468373000,0,40.1992033,-8.4533950,60,341,12,75,0,"{""239"":1,""240"":1,""21"":4,""200"":0,""69"":1,""237"":2,""113"":100,""303"":1,""383"":3,""1149"":1,""181"":12,""182"":8,""66"":14846,""24"":75,""206"":48740,""67"":4123,""68"":0,""13"":114,""17"":-7,""18"":42,""19"":229,""15"":1000,""241"":26806,""199"":12617,""16"":49893,""12"":446,""449"":0,""636"":1420331,""1148"":80,""11"":8935106000,""14"":1160700155,""387"":""2b3430313939322e303333332d303038343533332e393530302b3030302e3036302f""}"
2026-06-30T21:05:06Z,862272088542776,Codec8E,2026-06-26 10:06:17.000 UTC,1782468377000,0,40.2001866,-8.4537483,60,353,13,80,0,"{""239"":1,""240"":1,""21"":4,""200"":0,""69"":1,""237"":2,""113"":100,""303"":1,""383"":3,""1149"":1,""181"":11,""182"":8,""66"":14866,""24"":80,""206"":48740,""67"":4123,""68"":0,""13"":114,""17"":-30,""18"":64,""19"":153,""15"":1000,""241"":26806,""199"":12731,""16"":50007,""12"":446,""449"":0,""636"":894506,""1148"":80,""11"":8935106000,""14"":1160700155,""387"":""2b3430323030312e383636372d303038343533372e343833332b3030302e3036302f""}"
2026-06-30T21:05:06Z,862272088542776,Codec8E,2026-06-26 10:06:21.000 UTC,1782468381000,0,40.2009816,-8.4537016,61,6,13,81,0,"{""239"":1,""240"":1,""21"":4,""200"":0,""69"":1,""237"":2,""113"":100,""303"":1,""383"":3,""1149"":1,""181"":11,""182"":8,""66"":14884,""24"":81,""206"":48740,""67"":4123,""68"":0,""13"":114,""17"":-67,""18"":36,""19"":-27,""15"":1000,""241"":26806,""199"":12820,""16"":50096,""12"":446,""449"":0,""636"":894506,""1148"":80,""11"":8935106000,""14"":1160700155,""387"":""2b3430323030392e383136372d303038343533372e303136372b3030302e3036312f""}"
2026-06-30T21:05:06Z,862272088542776,Codec8E,2026-06-26 10:06:25.000 UTC,1782468385000,0,40.2017533,-8.4533899,67,19,13,84,0,"{""239"":1,""240"":1,""21"":4,""200"":0,""69"":1,""237"":2,""113"":100,""303"":1,""383"":3,""1149"":1,""181"":11,""182"":8,""66"":14884,""24"":84,""206"":48740,""67"":4123,""68"":0,""13"":114,""17"":-5,""18"":123,""19"":136,""15"":1000,""241"":26806,""199"":12910,""16"":50186,""12"":446,""449"":0,""636"":1420331,""1148"":80,""11"":8935106000,""14"":1160700155,""387"":""2b3430323031372e353333332d303038343533332e393030302b3030302e3036372f""}"
2026-06-30T21:05:06Z,862272088542776,Codec8E,2026-06-26 10:06:28.000 UTC,1782468388000,0,40.2023699,-8.4529650,67,30,13,86,0,"{""239"":1,""240"":1,""21"":4,""200"":0,""69"":1,""237"":2,""113"":100,""303"":1,""383"":3,""1149"":1,""181"":16,""182"":8,""66"":14882,""24"":86,""206"":48740,""67"":4123,""68"":0,""13"":114,""17"":-79,""18"":100,""19"":57,""15"":1000,""241"":26806,""199"":12987,""16"":50263,""12"":446,""449"":0,""636"":1947177,""1148"":80,""11"":8935106000,""14"":1160700155,""387"":""2b3430323032332e373030302d303038343532392e363530302b3030302e3036372f""}"
2026-06-30T21:05:06Z,862272088542776,Codec8E,2026-06-26 10:06:30.000 UTC,1782468390000,0,40.2028750,-8.4524850,72,40,13,85,0,"{""239"":1,""240"":1,""21"":4,""200"":0,""69"":1,""237"":2,""113"":100,""303"":1,""383"":3,""1149"":1,""181"":11,""182"":8,""66"":14868,""24"":85,""206"":48740,""67"":4123,""68"":0,""13"":114,""17"":15,""18"":29,""19"":16,""15"":1000,""241"":26806,""199"":13057,""16"":50333,""12"":446,""449"":0,""636"":1947433,""1148"":80,""11"":8935106000,""14"":1160700155,""387"":""2b3430323032382e373530302d303038343532342e383530302b3030302e3037322f""}"
2026-06-30T21:05:07Z,862272088542776,Codec8E,2026-06-26 10:06:35.000 UTC,1782468395000,0,40.2036116,-8.4515316,74,44,12,81,0,"{""239"":1,""240"":1,""21"":4,""200"":0,""69"":1,""237"":2,""113"":100,""303"":1,""383"":3,""1149"":1,""181"":12,""182"":8,""66"":14900,""24"":81,""206"":48740,""67"":4123,""68"":0,""13"":114,""17"":-95,""18"":-40,""19"":44,""15"":1000,""241"":26806,""199"":13172,""16"":50448,""12"":446,""449"":0,""636"":894475,""1148"":83,""11"":8935106000,""14"":1160700155,""387"":""2b3430323033362e313136372d303038343531352e333136372b3030302e3037342f""}"
2026-06-30T21:05:07Z,862272088542776,Codec8E,2026-06-26 10:06:40.000 UTC,1782468400000,0,40.2043449,-8.4505083,78,43,12,83,0,"{""239"":1,""240"":1,""21"":4,""200"":0,""69"":1,""237"":2,""113"":100,""303"":1,""383"":3,""1149"":1,""181"":12,""182"":8,""66"":14913,""24"":83,""206"":48740,""67"":4123,""68"":0,""13"":114,""17"":-62,""18"":-33,""19"":-55,""15"":1000,""241"":26806,""199"":13291,""16"":50567,""12"":446,""449"":0,""636"":894475,""1148"":83,""11"":8935106000,""14"":1160700155,""387"":""2b3430323034332e343530302d303038343530352e303833332b3030302e3037382f""}"
2026-06-30T21:05:07Z,862272088542776,Codec8E,2026-06-26 10:06:45.000 UTC,1782468405000,0,40.2050766,-8.4495383,79,45,14,83,0,"{""239"":1,""240"":1,""21"":4,""200"":0,""69"":1,""237"":2,""113"":100,""303"":1,""383"":3,""1149"":1,""181"":10,""182"":7,""66"":14779,""24"":83,""206"":48740,""67"":4123,""68"":0,""13"":114,""17"":-31,""18"":-49,""19"":332,""15"":1000,""241"":26806,""199"":13407,""16"":50683,""12"":446,""449"":0,""636"":894475,""1148"":83,""11"":8935106000,""14"":1160700155,""387"":""2b3430323035302e373636372d303038343439352e333833332b3030302e3037392f""}"
2026-06-30T21:05:07Z,862272088542776,Codec8E,2026-06-26 10:06:49.000 UTC,1782468409000,0,40.2057566,-8.4486533,79,47,12,77,0,"{""239"":1,""240"":1,""21"":4,""200"":0,""69"":1,""237"":2,""113"":100,""303"":1,""383"":3,""1149"":1,""181"":12,""182"":8,""66"":14890,""24"":77,""206"":48740,""67"":4123,""68"":0,""13"":114,""17"":16,""18"":22,""19"":206,""15"":1000,""241"":26806,""199"":13513,""16"":50789,""12"":446,""449"":0,""636"":894475,""1148"":83,""11"":8935106000,""14"":1160700155,""387"":""2b3430323035372e353636372d303038343438362e353333332b3030302e3037392f""}"
2026-06-30T21:05:07Z,862272088542776,Codec8E,2026-06-26 10:06:52.000 UTC,1782468412000,0,40.2061700,-8.4482333,77,35,12,73,0,"{""239"":1,""240"":1,""21"":4,""200"":0,""69"":1,""237"":2,""113"":100,""303"":1,""383"":3,""1149"":1,""181"":18,""182"":8,""66"":14870,""24"":73,""206"":48740,""67"":4123,""68"":0,""13"":114,""17"":-6,""18"":-23,""19"":173,""15"":1000,""241"":26806,""199"":13572,""16"":50848,""12"":446,""449"":0,""636"":609804,""1148"":83,""11"":8935106000,""14"":1160700155,""387"":""2b3430323036312e373030302d303038343438322e333333332b3030302e3037372f""}"
2026-06-30T21:05:20Z,862272088542776,Codec8E,2026-06-26 10:06:56.000 UTC,1782468416000,0,40.2068816,-8.4477683,75,23,13,74,0,"{""239"":1,""240"":1,""21"":4,""200"":0,""69"":1,""237"":2,""113"":100,""303"":1,""383"":3,""1149"":1,""181"":11,""182"":8,""66"":14846,""24"":74,""206"":48740,""67"":4123,""68"":0,""13"":114,""17"":-14,""18"":-47,""19"":37,""15"":1000,""241"":26806,""199"":13660,""16"":50936,""12"":446,""449"":0,""636"":609804,""1148"":83,""11"":8935106000,""14"":1160700155,""387"":""2b3430323036382e383136372d303038343437372e363833332b3030302e3037352f""}"
2026-06-30T21:05:20Z,862272088542776,Codec8E,2026-06-26 10:07:01.000 UTC,1782468421000,0,40.2077966,-8.4473233,68,18,12,77,0,"{""239"":1,""240"":1,""21"":4,""200"":0,""69"":1,""237"":2,""113"":100,""303"":1,""383"":3,""1149"":1,""181"":16,""182"":8,""66"":14927,""24"":77,""206"":48740,""67"":4123,""68"":0,""13"":114,""17"":82,""18"":7,""19"":119,""15"":1000,""241"":26806,""199"":13769,""16"":51045,""12"":446,""449"":0,""636"":572684,""1148"":83,""11"":8935106000,""14"":1160700155,""387"":""2b3430323037372e393636372d303038343437332e323333332b3030302e3036382f""}"
2026-06-30T21:05:20Z,862272088542776,Codec8E,2026-06-26 10:07:05.000 UTC,1782468425000,0,40.2087066,-8.4468900,58,17,12,75,0,"{""239"":1,""240"":1,""21"":4,""200"":0,""69"":1,""237"":2,""113"":100,""303"":1,""383"":3,""1149"":1,""181"":14,""182"":8,""66"":14880,""24"":75,""206"":48740,""67"":4123,""68"":0,""13"":114,""17"":-52,""18"":113,""19"":119,""15"":1000,""241"":26806,""199"":13877,""16"":51153,""12"":446,""449"":0,""636"":572684,""1148"":70,""11"":8935106000,""14"":1160700155,""387"":""2b3430323038372e303636372d303038343436382e393030302b3030302e3035382f""}"
2026-06-30T21:05:20Z,862272088542776,Codec8E,2026-06-26 10:07:10.000 UTC,1782468430000,0,40.2096350,-8.4465349,50,18,11,75,0,"{""239"":1,""240"":1,""21"":4,""200"":0,""69"":1,""237"":2,""113"":100,""303"":1,""383"":3,""1149"":1,""181"":12,""182"":8,""66"":14877,""24"":75,""206"":48740,""67"":4123,""68"":0,""13"":114,""17"":86,""18"":-20,""19"":74,""15"":1000,""241"":26806,""199"":13984,""16"":51260,""12"":446,""449"":0,""636"":572684,""1148"":70,""11"":8935106000,""14"":1160700155,""387"":""2b3430323039362e333530302d303038343436352e333530302b3030302e3035302f""}"
2026-06-30T21:05:20Z,862272088542776,Codec8E,2026-06-26 10:07:15.000 UTC,1782468435000,0,40.2105249,-8.4461633,48,9,13,73,0,"{""239"":1,""240"":1,""21"":4,""200"":0,""69"":1,""237"":2,""113"":100,""303"":1,""383"":3,""1149"":1,""181"":16,""182"":8,""66"":14865,""24"":73,""206"":48740,""67"":4123,""68"":0,""13"":114,""17"":88,""18"":-199,""19"":85,""15"":1000,""241"":26806,""199"":14088,""16"":51364,""12"":446,""449"":0,""636"":572684,""1148"":70,""11"":8935106000,""14"":1160700155,""387"":""2b3430323130352e323530302d303038343436312e363333332b3030302e3034382f""}"
2026-06-30T21:05:22Z,862272088542776,Codec8E,2026-06-26 10:07:18.000 UTC,1782468438000,0,40.2112283,-8.4462166,48,357,13,71,0,"{""239"":1,""240"":1,""21"":4,""200"":0,""69"":1,""237"":2,""113"":100,""303"":1,""383"":3,""1149"":1,""181"":11,""182"":8,""66"":14936,""24"":71,""206"":48740,""67"":4123,""68"":0,""13"":114,""17"":86,""18"":-9,""19"":38,""15"":1000,""241"":26806,""199"":14167,""16"":51443,""12"":446,""449"":0,""636"":572684,""1148"":70,""11"":8935106000,""14"":1160700155,""387"":""2b3430323131322e323833332d303038343436322e313636372b3030302e3034382f""}"
2026-06-30T21:05:22Z,862272088542776,Codec8E,2026-06-26 10:07:24.000 UTC,1782468444000,0,40.2121650,-8.4463516,40,355,12,65,0,"{""239"":1,""240"":1,""21"":4,""200"":0,""69"":1,""237"":2,""113"":100,""303"":1,""383"":3,""1149"":1,""181"":13,""182"":8,""66"":14820,""24"":65,""206"":48740,""67"":4123,""68"":0,""13"":114,""17"":57,""18"":-9,""19"":-42,""15"":1000,""241"":26806,""199"":14271,""16"":51547,""12"":446,""449"":0,""636"":572684,""1148"":70,""11"":8935106000,""14"":1160700155,""387"":""2b3430323132312e363530302d303038343436332e353136372b3030302e3034302f""}"
2026-06-30T21:05:22Z,862272088542776,Codec8E,2026-06-26 10:07:31.000 UTC,1782468451000,0,40.2131649,-8.4463083,28,6,12,56,0,"{""239"":1,""240"":1,""21"":4,""200"":0,""69"":1,""237"":2,""113"":100,""303"":1,""383"":3,""1149"":1,""181"":11,""182"":8,""66"":14880,""24"":56,""206"":48740,""67"":4123,""68"":0,""13"":114,""17"":116,""18"":-43,""19"":76,""15"":1000,""241"":26806,""199"":14383,""16"":51659,""12"":446,""449"":0,""636"":572684,""1148"":70,""11"":8935106000,""14"":1160700155,""387"":""2b3430323133312e363530302d303038343436332e303833332b3030302e3032382f""}"
2026-06-30T21:05:22Z,862272088542776,Codec8E,2026-06-26 10:07:34.000 UTC,1782468454000,0,40.2134983,-8.4462600,28,11,13,46,0,"{""239"":1,""240"":1,""21"":4,""200"":0,""69"":1,""237"":2,""113"":100,""303"":1,""383"":3,""1149"":1,""181"":11,""182"":8,""66"":14869,""24"":46,""206"":48740,""67"":4123,""68"":0,""13"":114,""17"":23,""18"":-47,""19"":103,""15"":1000,""241"":26806,""199"":14421,""16"":51697,""12"":446,""449"":0,""636"":572684,""1148"":70,""11"":8935106000,""14"":1160700155,""387"":""2b3430323133342e393833332d303038343436322e363030302b3030302e3032382f""}"
2026-06-30T21:05:22Z,862272088542776,Codec8E,2026-06-26 10:07:37.000 UTC,1782468457000,0,40.2137983,-8.4460916,28,22,13,36,0,"{""239"":1,""240"":1,""21"":4,""200"":0,""69"":1,""237"":2,""113"":100,""303"":1,""383"":3,""1149"":1,""181"":13,""182"":8,""66"":14855,""24"":36,""206"":48740,""67"":4123,""68"":0,""13"":114,""17"":43,""18"":78,""19"":15,""15"":1000,""241"":26806,""199"":14458,""16"":51734,""12"":446,""449"":0,""636"":572684,""1148"":70,""11"":8935106000,""14"":1160700155,""387"":""2b3430323133372e393833332d303038343436302e393136372b3030302e3032382f""}"
2026-06-30T21:05:23Z,862272088542776,Codec8E,2026-06-26 10:07:39.000 UTC,1782468459000,0,40.2138966,-8.4459966,27,37,13,31,0,"{""239"":1,""240"":1,""21"":4,""200"":0,""69"":1,""237"":2,""113"":100,""303"":1,""383"":3,""1149"":8,""181"":12,""182"":8,""66"":14875,""24"":31,""206"":48740,""67"":4123,""68"":0,""13"":114,""17"":-197,""18"":96,""19"":214,""15"":1000,""241"":26806,""199"":14471,""16"":51747,""12"":446,""449"":0,""636"":572724,""1148"":70,""11"":8935106000,""14"":1160700155,""387"":""2b3430323133382e393636372d303038343435392e393636372b3030302e3032372f""}"
2026-06-30T21:05:23Z,862272088542776,Codec8E,2026-06-26 10:07:41.000 UTC,1782468461000,0,40.2139833,-8.4458583,27,48,13,30,0,"{""239"":1,""240"":1,""21"":3,""200"":0,""69"":1,""237"":2,""113"":100,""303"":1,""383"":3,""1149"":8,""181"":16,""182"":8,""66"":14923,""24"":30,""206"":48740,""67"":4123,""68"":0,""13"":114,""17"":-41,""18"":247,""19"":39,""15"":1000,""241"":26806,""199"":14486,""16"":51762,""12"":446,""449"":0,""636"":572724,""1148"":70,""11"":8935106000,""14"":1160700155,""387"":""2b3430323133392e383333332d303038343435382e353833332b3030302e3032372f""}"
2026-06-30T21:05:23Z,862272088542776,Codec8E,2026-06-26 10:07:43.000 UTC,1782468463000,0,40.2140383,-8.4456633,27,67,13,30,0,"{""239"":1,""240"":1,""21"":3,""200"":0,""69"":1,""237"":2,""113"":100,""303"":1,""383"":3,""1149"":8,""181"":16,""182"":8,""66"":14934,""24"":30,""206"":48740,""67"":4123,""68"":0,""13"":114,""17"":14,""18"":-7,""19"":71,""15"":1000,""241"":26806,""199"":14504,""16"":51780,""12"":446,""449"":0,""636"":572724,""1148"":70,""11"":8935106000,""14"":1160700155,""387"":""2b3430323134302e333833332d303038343435362e363333332b3030302e3032372f""}"
2026-06-30T21:05:23Z,862272088542776,Codec8E,2026-06-26 10:07:49.000 UTC,1782468469000,0,40.2141783,-8.4451233,25,51,14,28,0,"{""239"":1,""240"":1,""21"":3,""200"":0,""69"":1,""237"":2,""113"":100,""303"":1,""383"":3,""1149"":8,""181"":15,""182"":8,""66"":14871,""24"":28,""206"":48740,""67"":4123,""68"":0,""13"":114,""17"":-50,""18"":-77,""19"":-34,""15"":1000,""241"":26806,""199"":14553,""16"":51829,""12"":446,""449"":0,""636"":609844,""1148"":70,""11"":8935106000,""14"":1160700155,""387"":""2b3430323134312e373833332d303038343435312e323333332b3030302e3032352f""}"
2026-06-30T21:05:23Z,862272088542776,Codec8E,2026-06-26 10:07:54.000 UTC,1782468474000,0,40.2145449,-8.4445700,23,66,14,38,0,"{""239"":1,""240"":1,""21"":3,""200"":0,""69"":1,""237"":2,""113"":100,""303"":1,""383"":3,""1149"":8,""181"":11,""182"":7,""66"":14928,""24"":38,""206"":48740,""67"":4123,""68"":0,""13"":114,""17"":-211,""18"":-20,""19"":12,""15"":1000,""241"":26806,""199"":14617,""16"":51893,""12"":446,""449"":0,""636"":609844,""1148"":70,""11"":8935106000,""14"":1160700155,""387"":""2b3430323134352e343530302d303038343434352e373030302b3030302e3032332f""}"
2026-06-30T21:05:24Z,862272088542776,Codec8E,2026-06-26 10:07:58.000 UTC,1782468478000,0,40.2146766,-8.4438950,20,73,14,49,0,"{""239"":1,""240"":1,""21"":3,""200"":0,""69"":1,""237"":2,""113"":100,""303"":1,""383"":3,""1149"":8,""181"":11,""182"":7,""66"":14883,""24"":49,""206"":48740,""67"":4123,""68"":0,""13"":114,""17"":-11,""18"":-63,""19"":69,""15"":1000,""241"":26806,""199"":14677,""16"":51953,""12"":446,""449"":0,""636"":609824,""1148"":70,""11"":8935106000,""14"":1160700155,""387"":""2b3430323134362e373636372d303038343433382e393530302b3030302e3032302f""}"
2026-06-30T21:05:24Z,862272088542776,Codec8E,2026-06-26 10:08:03.000 UTC,1782468483000,0,40.2148750,-8.4430366,23,92,13,51,0,"{""239"":1,""240"":1,""21"":4,""200"":0,""69"":1,""237"":2,""113"":100,""303"":1,""383"":3,""1149"":7,""181"":11,""182"":8,""66"":14879,""24"":51,""206"":48740,""67"":4123,""68"":0,""13"":114,""17"":-28,""18"":96,""19"":91,""15"":1000,""241"":26806,""199"":14753,""16"":52029,""12"":446,""449"":0,""636"":609824,""1148"":80,""11"":8935106000,""14"":1160700155,""387"":""2b3430323134382e373530302d303038343433302e333636372b3030302e3032332f""}"
2026-06-30T21:05:24Z,862272088542776,Codec8E,2026-06-26 10:08:06.000 UTC,1782468486000,0,40.2147866,-8.4425850,23,104,12,47,0,"{""239"":1,""240"":1,""21"":4,""200"":0,""69"":1,""237"":2,""113"":100,""303"":1,""383"":3,""1149"":7,""181"":11,""182"":8,""66"":14924,""24"":47,""206"":48740,""67"":4123,""68"":0,""13"":114,""17"":-70,""18"":-112,""19"":52,""15"":1000,""241"":26806,""199"":14793,""16"":52069,""12"":446,""449"":0,""636"":609824,""1148"":80,""11"":8935106000,""14"":1160700155,""387"":""2b3430323134372e383636372d303038343432352e383530302b3030302e3032332f""}"
2026-06-30T21:05:24Z,862272088542776,Codec8E,2026-06-26 10:08:09.000 UTC,1782468489000,0,40.2147150,-8.4420716,24,93,12,44,0,"{""239"":1,""240"":1,""21"":4,""200"":0,""69"":1,""237"":2,""113"":100,""303"":1,""383"":3,""1149"":7,""181"":12,""182"":8,""66"":14917,""24"":44,""206"":48740,""67"":4123,""68"":0,""13"":114,""17"":-70,""18"":-136,""19"":12,""15"":1000,""241"":26806,""199"":14837,""16"":52113,""12"":446,""449"":0,""636"":1629728,""1148"":80,""11"":8935106000,""14"":1160700155,""387"":""2b3430323134372e313530302d303038343432302e373136372b3030302e3032342f""}"
2026-06-30T21:05:24Z,862272088542776,Codec8E,2026-06-26 10:08:11.000 UTC,1782468491000,0,40.2147316,-8.4417733,23,78,13,43,0,"{""239"":1,""240"":1,""21"":4,""200"":0,""69"":1,""237"":2,""113"":100,""303"":1,""383"":3,""1149"":7,""181"":11,""182"":8,""66"":14937,""24"":43,""206"":48740,""67"":4123,""68"":0,""13"":114,""17"":-105,""18"":-127,""19"":81,""15"":1000,""241"":26806,""199"":14862,""16"":52138,""12"":446,""449"":0,""636"":1629728,""1148"":80,""11"":8935106000,""14"":1160700155,""387"":""2b3430323134372e333136372d303038343431372e373333332b3030302e3032332f""}"
2026-06-30T21:05:25Z,862272088542776,Codec8E,2026-06-26 10:08:13.000 UTC,1782468493000,0,40.2147916,-8.4415233,23,67,13,43,0,"{""239"":1,""240"":1,""21"":4,""200"":0,""69"":1,""237"":2,""113"":100,""303"":1,""383"":3,""1149"":7,""181"":11,""182"":8,""66"":14949,""24"":43,""206"":48740,""67"":4123,""68"":0,""13"":114,""17"":-13,""18"":-142,""19"":73,""15"":1000,""241"":26806,""199"":14885,""16"":52161,""12"":446,""449"":0,""636"":1629728,""1148"":80,""11"":8935106000,""14"":1160700155,""387"":""2b3430323134372e393136372d303038343431352e323333332b3030302e3032332f""}"
2026-06-30T21:05:25Z,862272088542776,Codec8E,2026-06-26 10:08:15.000 UTC,1782468495000,0,40.2149200,-8.4412033,24,57,13,44,0,"{""239"":1,""240"":1,""21"":4,""200"":0,""69"":1,""237"":2,""113"":100,""303"":1,""383"":3,""1149"":7,""181"":11,""182"":8,""66"":14950,""24"":44,""206"":48740,""67"":4123,""68"":0,""13"":114,""17"":-138,""18"":-78,""19"":56,""15"":1000,""241"":26806,""199"":14915,""16"":52191,""12"":446,""449"":0,""636"":1629728,""1148"":80,""11"":8935106000,""14"":1160700155,""387"":""2b3430323134392e323030302d303038343431322e303333332b3030302e3032342f""}"
2026-06-30T21:05:25Z,862272088542776,Codec8E,2026-06-26 10:08:23.000 UTC,1782468503000,0,40.2155999,-8.4400650,31,52,12,47,0,"{""239"":1,""240"":1,""21"":4,""200"":0,""69"":1,""237"":2,""113"":100,""303"":1,""383"":3,""1149"":7,""181"":11,""182"":8,""66"":14853,""24"":47,""206"":48740,""67"":4123,""68"":0,""13"":114,""17"":-23,""18"":-11,""19"":82,""15"":1000,""241"":26806,""199"":15038,""16"":52314,""12"":446,""449"":0,""636"":609824,""1148"":80,""11"":8935106000,""14"":1160700155,""387"":""2b3430323135362e303030302d303038343430302e363530302b3030302e3033312f""}"
2026-06-30T21:05:25Z,862272088542776,Codec8E,2026-06-26 10:08:32.000 UTC,1782468512000,0,40.2162316,-8.4390283,31,54,11,46,0,"{""239"":1,""240"":1,""21"":5,""200"":0,""69"":1,""237"":2,""113"":100,""303"":1,""383"":3,""1149"":7,""181"":12,""182"":9,""66"":14889,""24"":46,""206"":48740,""67"":4123,""68"":0,""13"":114,""17"":-85,""18"":-6,""19"":74,""15"":1000,""241"":26806,""199"":15151,""16"":52427,""12"":446,""449"":0,""636"":609824,""1148"":71,""11"":8935106000,""14"":1160700155,""387"":""2b3430323136322e333136372d303038343339302e323833332b3030302e3033312f""}"
2026-06-30T21:05:25Z,862272088542776,Codec8E,2026-06-26 10:08:37.000 UTC,1782468517000,0,40.2166083,-8.4384433,30,38,12,46,0,"{""239"":1,""240"":1,""21"":5,""200"":0,""69"":1,""237"":2,""113"":100,""303"":1,""383"":3,""1149"":7,""181"":12,""182"":9,""66"":14847,""24"":46,""206"":48740,""67"":4123,""68"":0,""13"":114,""17"":112,""18"":-192,""19"":34,""15"":1000,""241"":26806,""199"":15216,""16"":52492,""12"":446,""449"":0,""636"":609824,""1148"":71,""11"":8935106000,""14"":1160700155,""387"":""2b3430323136362e303833332d303038343338342e343333332b3030302e3033302f""}"
2026-06-30T21:05:26Z,862272088542776,Codec8E,2026-06-26 10:08:38.000 UTC,1782468518000,0,40.2167916,-8.4383166,29,25,13,44,0,"{""239"":1,""240"":1,""21"":5,""200"":0,""69"":1,""237"":2,""113"":100,""303"":1,""383"":3,""1149"":7,""181"":11,""182"":8,""66"":14946,""24"":46,""206"":48740,""67"":4123,""68"":0,""13"":114,""17"":49,""18"":-131,""19"":37,""15"":1000,""241"":26806,""199"":15227,""16"":52503,""12"":446,""449"":0,""636"":609824,""1148"":71,""11"":8935106000,""14"":1160700155,""387"":""2b3430323136372e303833332d303038343338342e303136372b3030302e3033302f""}"
2026-06-30T21:05:26Z,862272088542776,Codec8E,2026-06-26 10:08:41.000 UTC,1782468521000,0,40.2170616,-8.4381750,29,12,13,40,0,"{""239"":1,""240"":1,""21"":5,""200"":0,""69"":1,""237"":2,""113"":100,""303"":1,""383"":3,""1149"":7,""181"":11,""182"":8,""66"":14896,""24"":40,""206"":48740,""67"":4123,""68"":0,""13"":114,""17"":-23,""18"":-21,""19"":32,""15"":1000,""241"":26806,""199"":15271,""16"":52547,""12"":446,""449"":0,""636"":609824,""1148"":71,""11"":8935106000,""14"":1160700155,""387"":""2b3430323137302e363136372d303038343338312e373530302b3030302e3032392f""}"
2026-06-30T21:05:26Z,862272088542776,Codec8E,2026-06-26 10:08:50.000 UTC,1782468530000,0,40.2179766,-8.4377983,32,26,14,39,0,"{""239"":1,""240"":1,""21"":5,""200"":0,""69"":1,""237"":2,""113"":100,""303"":1,""383"":3,""1149"":7,""181"":10,""182"":7,""66"":14894,""24"":39,""206"":48740,""67"":4123,""68"":0,""13"":114,""17"":-27,""18"":47,""19"":25,""15"":1000,""241"":26806,""199"":15379,""16"":52655,""12"":446,""449"":0,""636"":1629739,""1148"":71,""11"":8935106000,""14"":1160700155,""387"":""2b3430323137392e373636372d303038343337372e393833332b3030302e3033322f""}"
2026-06-30T21:05:26Z,862272088542776,Codec8E,2026-06-26 10:08:52.000 UTC,1782468532000,0,40.2181416,-8.4376633,29,36,13,39,0,"{""239"":1,""240"":1,""21"":5,""200"":0,""69"":1,""237"":2,""113"":100,""303"":1,""383"":3,""1149"":7,""181"":16,""182"":8,""66"":14893,""24"":39,""206"":48740,""67"":4123,""68"":0,""13"":114,""17"":-83,""18"":2,""19"":26,""15"":1000,""241"":26806,""199"":15401,""16"":52677,""12"":446,""449"":0,""636"":1629739,""1148"":71,""11"":8935106000,""14"":1160700155,""387"":""2b3430323138312e343136372d303038343337362e363333332b3030302e3032392f""}"
2026-06-30T21:05:26Z,862272088542776,Codec8E,2026-06-26 10:09:00.000 UTC,1782468540000,0,40.2188083,-8.4368616,27,39,13,46,0,"{""239"":1,""240"":1,""21"":5,""200"":0,""69"":1,""237"":2,""113"":100,""303"":1,""383"":3,""1149"":7,""181"":11,""182"":8,""66"":14895,""24"":46,""206"":48740,""67"":4123,""68"":0,""13"":114,""17"":32,""18"":-44,""19"":16,""15"":1000,""241"":26806,""199"":15502,""16"":52778,""12"":446,""449"":0,""636"":1629739,""1148"":83,""11"":8935106000,""14"":1160700155,""387"":""2b3430323138382e303833332d303038343336382e363136372b3030302e3032372f""}"
2026-06-30T21:05:42Z,862272088542776,Codec8E,2026-06-26 10:09:19.000 UTC,1782468559000,0,40.2195516,-8.4360883,28,41,12,38,0,"{""239"":1,""240"":1,""21"":5,""200"":0,""69"":1,""237"":2,""113"":100,""303"":1,""383"":3,""1149"":7,""181"":12,""182"":8,""66"":14919,""24"":38,""206"":48740,""67"":4123,""68"":0,""13"":114,""17"":-185,""18"":-4,""19"":57,""15"":1000,""241"":26806,""199"":15607,""16"":52883,""12"":446,""449"":0,""636"":1629739,""1148"":83,""11"":8935106000,""14"":1160700155,""387"":""2b3430323139352e353136372d303038343336302e383833332b3030302e3032382f""}"
2026-06-30T21:05:42Z,862272088542776,Codec8E,2026-06-26 10:09:24.000 UTC,1782468564000,0,40.2200283,-8.4356100,28,43,12,51,0,"{""239"":1,""240"":1,""21"":5,""200"":0,""69"":1,""237"":2,""113"":100,""303"":1,""383"":3,""1149"":7,""181"":11,""182"":8,""66"":14929,""24"":51,""206"":48740,""67"":4123,""68"":0,""13"":114,""17"":-92,""18"":-2,""19"":132,""15"":1000,""241"":26806,""199"":15674,""16"":52950,""12"":446,""449"":0,""636"":1629739,""1148"":83,""11"":8935106000,""14"":1160700155,""387"":""2b3430323230302e323833332d303038343335362e313030302b3030302e3032382f""}"
2026-06-30T21:05:42Z,862272088542776,Codec8E,2026-06-26 10:09:29.000 UTC,1782468569000,0,40.2205450,-8.4348616,30,49,11,61,0,"{""239"":1,""240"":1,""21"":5,""200"":0,""69"":1,""237"":2,""113"":100,""303"":1,""383"":3,""1149"":7,""181"":20,""182"":9,""66"":14849,""24"":61,""206"":48740,""67"":4123,""68"":0,""13"":114,""17"":7,""18"":17,""19"":68,""15"":1000,""241"":26806,""199"":15760,""16"":53036,""12"":446,""449"":0,""636"":1629739,""1148"":83,""11"":8935106000,""14"":1160700155,""387"":""2b3430323230352e343530302d303038343334382e363136372b3030302e3033302f""}"
2026-06-30T21:05:42Z,862272088542776,Codec8E,2026-06-26 10:09:33.000 UTC,1782468573000,0,40.2208966,-8.4341750,30,62,11,62,0,"{""239"":1,""240"":1,""21"":5,""200"":0,""69"":1,""237"":2,""113"":100,""303"":1,""383"":3,""1149"":7,""181"":20,""182"":9,""66"":14944,""24"":62,""206"":48740,""67"":4123,""68"":0,""13"":114,""17"":-88,""18"":0,""19"":36,""15"":1000,""241"":26806,""199"":15830,""16"":53106,""12"":446,""449"":0,""636"":1629739,""1148"":83,""11"":8935106000,""14"":1160700155,""387"":""2b3430323230382e393636372d303038343334312e373530302b3030302e3033302f""}"
2026-06-30T21:05:42Z,862272088542776,Codec8E,2026-06-26 10:09:37.000 UTC,1782468577000,0,40.2211966,-8.4331916,28,74,11,64,0,"{""239"":1,""240"":1,""21"":5,""200"":0,""69"":1,""237"":2,""113"":100,""303"":1,""383"":3,""1149"":7,""181"":20,""182"":9,""66"":14922,""24"":63,""206"":48740,""67"":4123,""68"":0,""13"":114,""17"":-83,""18"":34,""19"":74,""15"":1000,""241"":26806,""199"":15902,""16"":53178,""12"":446,""449"":0,""636"":1629739,""1148"":83,""11"":8935106000,""14"":1160700155,""387"":""2b3430323231312e353030302d303038343333342e303333332b3030302e3032382f""}"
2026-06-30T21:05:44Z,862272088542776,Codec8E,2026-06-26 10:09:43.000 UTC,1782468583000,0,40.2214116,-8.4318466,26,78,10,68,0,"{""239"":1,""240"":1,""21"":5,""200"":0,""69"":1,""237"":2,""113"":100,""303"":1,""383"":3,""1149"":7,""181"":20,""182"":9,""66"":14904,""24"":68,""206"":48740,""67"":4123,""68"":0,""13"":114,""17"":67,""18"":-52,""19"":30,""15"":1000,""241"":26806,""199"":16017,""16"":53293,""12"":446,""449"":0,""636"":609803,""1148"":83,""11"":8935106000,""14"":1160700155,""387"":""2b3430323231342e313136372d303038343331382e343636372b3030302e3032362f""}"
2026-06-30T21:05:44Z,862272088542776,Codec8E,2026-06-26 10:09:48.000 UTC,1782468588000,0,40.2215050,-8.4310649,24,88,12,60,0,"{""239"":1,""240"":1,""21"":4,""200"":0,""69"":1,""237"":2,""113"":100,""303"":1,""383"":3,""1149"":1,""181"":12,""182"":8,""66"":14858,""24"":60,""206"":48740,""67"":4123,""68"":0,""13"":114,""17"":277,""18"":13,""19"":15,""15"":1000,""241"":26806,""199"":16104,""16"":53380,""12"":446,""449"":0,""636"":609803,""1148"":83,""11"":8935106000,""14"":1160700155,""387"":""2b3430323231352e303530302d303038343331302e363530302b3030302e3032342f""}"
2026-06-30T21:05:44Z,862272088542776,Codec8E,2026-06-26 10:09:49.000 UTC,1782468589000,0,40.2215200,-8.4308666,21,97,13,48,0,"{""239"":1,""240"":1,""21"":4,""200"":0,""69"":1,""237"":2,""113"":100,""303"":1,""383"":3,""1149"":1,""181"":11,""182"":8,""66"":14893,""24"":55,""206"":48740,""67"":4123,""68"":0,""13"":114,""17"":202,""18"":-33,""19"":-13,""15"":1000,""241"":26806,""199"":16115,""16"":53391,""12"":446,""449"":0,""636"":609803,""1148"":83,""11"":8935106000,""14"":1160700155,""387"":""2b3430323231342e393636372d303038343330392e333833332b3030302e3032332f""}"
2026-06-30T21:05:44Z,862272088542776,Codec8E,2026-06-26 10:09:52.000 UTC,1782468592000,0,40.2214683,-8.4307366,21,100,13,36,0,"{""239"":1,""240"":1,""21"":4,""200"":0,""69"":1,""237"":2,""113"":100,""303"":1,""383"":3,""1149"":1,""181"":11,""182"":8,""66"":14936,""24"":36,""206"":48740,""67"":4123,""68"":0,""13"":114,""17"":-118,""18"":1,""19"":25,""15"":1000,""241"":26806,""199"":16134,""16"":53410,""12"":446,""449"":0,""636"":609803,""1148"":83,""11"":8935106000,""14"":1160700155,""387"":""2b3430323231342e363833332d303038343330372e333636372b3030302e3032312f""}"
2026-06-30T21:05:44Z,862272088542776,Codec8E,2026-06-26 10:09:54.000 UTC,1782468594000,0,40.2214399,-8.4306700,21,100,13,26,0,"{""239"":1,""240"":1,""21"":4,""200"":0,""69"":1,""237"":2,""113"":100,""303"":1,""383"":3,""1149"":1,""181"":15,""182"":8,""66"":14924,""24"":26,""206"":48740,""67"":4123,""68"":0,""13"":114,""17"":-189,""18"":-21,""19"":82,""15"":1000,""241"":26806,""199"":16141,""16"":53417,""12"":446,""449"":0,""636"":609833,""1148"":83,""11"":8935106000,""14"":1160700155,""387"":""2b3430323231342e343030302d303038343330362e373030302b3030302e3032312f""}"
2026-06-30T21:05:45Z,862272088542776,Codec8E,2026-06-26 10:09:59.000 UTC,1782468599000,0,40.2213899,-8.4302516,23,85,12,27,0,"{""239"":1,""240"":1,""21"":4,""200"":0,""69"":1,""237"":2,""113"":100,""303"":1,""383"":3,""1149"":1,""181"":12,""182"":8,""66"":14917,""24"":27,""206"":48740,""67"":4123,""68"":0,""13"":114,""17"":10,""18"":-190,""19"":39,""15"":1000,""241"":26806,""199"":16177,""16"":53453,""12"":446,""449"":0,""636"":609833,""1148"":83,""11"":8935106000,""14"":1160700155,""387"":""2b3430323231332e393030302d303038343330322e353136372b3030302e3032332f""}"
2026-06-30T21:05:45Z,862272088542776,Codec8E,2026-06-26 10:10:00.000 UTC,1782468600000,0,40.2214083,-8.4301416,23,73,13,28,0,"{""239"":1,""240"":1,""21"":4,""200"":0,""69"":1,""237"":2,""113"":100,""303"":1,""383"":3,""1149"":1,""181"":15,""182"":8,""66"":14884,""24"":28,""206"":48740,""67"":4123,""68"":0,""13"":114,""17"":-209,""18"":-72,""19"":73,""15"":1000,""241"":26806,""199"":16186,""16"":53462,""12"":446,""449"":0,""636"":609833,""1148"":83,""11"":8935106000,""14"":1160700155,""387"":""2b3430323231342e303833332d303038343330312e343136372b3030302e3032332f""}"
2026-06-30T21:05:45Z,862272088542776,Codec8E,2026-06-26 10:10:02.000 UTC,1782468602000,0,40.2214850,-8.4299500,26,60,14,28,0,"{""239"":1,""240"":1,""21"":4,""200"":0,""69"":1,""237"":2,""113"":100,""303"":1,""383"":3,""1149"":1,""181"":14,""182"":7,""66"":14910,""24"":28,""206"":48740,""67"":4123,""68"":0,""13"":114,""17"":-181,""18"":53,""19"":111,""15"":1000,""241"":26806,""199"":16205,""16"":53481,""12"":446,""449"":0,""636"":609833,""1148"":83,""11"":8935106000,""14"":1160700155,""387"":""2b3430323231342e383530302d303038343239392e353030302b3030302e3032362f""}"
2026-06-30T21:05:45Z,862272088542776,Codec8E,2026-06-26 10:10:03.000 UTC,1782468603000,0,40.2215500,-8.4298633,27,49,14,30,0,"{""239"":1,""240"":1,""21"":4,""200"":0,""69"":1,""237"":2,""113"":100,""303"":1,""383"":3,""1149"":1,""181"":14,""182"":7,""66"":14896,""24"":30,""206"":48740,""67"":4123,""68"":0,""13"":114,""17"":-157,""18"":79,""19"":60,""15"":1000,""241"":26806,""199"":16215,""16"":53491,""12"":446,""449"":0,""636"":609833,""1148"":83,""11"":8935106000,""14"":1160700155,""387"":""2b3430323231352e353030302d303038343239382e363333332b3030302e3032372f""}"
2026-06-30T21:05:45Z,862272088542776,Codec8E,2026-06-26 10:10:07.000 UTC,1782468607000,0,40.2218883,-8.4294016,27,54,14,43,0,"{""239"":1,""240"":1,""21"":5,""200"":0,""69"":1,""237"":2,""113"":100,""303"":1,""383"":3,""1149"":1,""181"":11,""182"":7,""66"":14917,""24"":43,""206"":48740,""67"":4123,""68"":0,""13"":114,""17"":-7,""18"":-1,""19"":80,""15"":1000,""241"":26806,""199"":16270,""16"":53546,""12"":446,""449"":0,""636"":609833,""1148"":69,""11"":8935106000,""14"":1160700155,""387"":""2b3430323231382e383833332d303038343239342e303136372b3030302e3032372f""}"
2026-06-30T21:05:46Z,862272088542776,Codec8E,2026-06-26 10:10:14.000 UTC,1782468614000,0,40.2224583,-8.4281483,26,54,9,55,0,"{""239"":1,""240"":1,""21"":5,""200"":0,""69"":1,""237"":2,""113"":100,""303"":1,""383"":3,""1149"":1,""181"":14,""182"":11,""66"":14876,""24"":52,""206"":48740,""67"":4123,""68"":0,""13"":114,""17"":-2,""18"":-26,""19"":-12,""15"":1000,""241"":26806,""199"":16361,""16"":53637,""12"":446,""449"":0,""636"":609833,""1148"":69,""11"":8935106000,""14"":1160700155,""387"":""2b3430323232322e393530302d303038343238342e363030302b3030302e3032372f""}"
2026-06-30T21:05:46Z,862272088542776,Codec8E,2026-06-26 10:10:22.000 UTC,1782468622000,0,40.2229116,-8.4271966,24,72,11,41,0,"{""239"":1,""240"":1,""21"":5,""200"":0,""69"":1,""237"":2,""113"":100,""303"":1,""383"":3,""1149"":1,""181"":14,""182"":9,""66"":14906,""24"":41,""206"":48740,""67"":4123,""68"":0,""13"":114,""17"":42,""18"":222,""19"":11,""15"":1000,""241"":26806,""199"":16490,""16"":53766,""12"":446,""449"":0,""636"":609833,""1148"":69,""11"":8935106000,""14"":1160700155,""387"":""2b3430323232392e313136372d303038343237312e393636372b3030302e3032342f""}"
2026-06-30T21:05:46Z,862272088542776,Codec8E,2026-06-26 10:10:25.000 UTC,1782468625000,0,40.2228500,-8.4270566,24,102,12,31,0,"{""239"":1,""240"":1,""21"":5,""200"":0,""69"":1,""237"":2,""113"":100,""303"":1,""383"":3,""1149"":1,""181"":12,""182"":8,""66"":14846,""24"":35,""206"":48740,""67"":4123,""68"":0,""13"":114,""17"":-83,""18"":-34,""19"":65,""15"":1000,""241"":26806,""199"":16501,""16"":53777,""12"":446,""449"":0,""636"":609833,""1148"":69,""11"":8935106000,""14"":1160700155,""387"":""2b3430323232382e383530302d303038343237302e363530302b3030302e3032342f""}"
2026-06-30T21:05:46Z,862272088542776,Codec8E,2026-06-26 10:10:26.000 UTC,1782468626000,0,40.2228049,-8.4270533,24,119,12,28,0,"{""239"":1,""240"":1,""21"":5,""200"":0,""69"":1,""237"":2,""113"":100,""303"":1,""383"":3,""1149"":1,""181"":19,""182"":8,""66"":14934,""24"":31,""206"":48740,""67"":4123,""68"":0,""13"":114,""17"":-79,""18"":-63,""19"":25,""15"":1000,""241"":26806,""199"":16505,""16"":53781,""12"":446,""449"":0,""636"":609833,""1148"":69,""11"":8935106000,""14"":1160700155,""387"":""2b3430323232382e353030302d303038343237302e353636372b3030302e3032342f""}"
2026-06-30T21:05:46Z,862272088542776,Codec8E,2026-06-26 10:10:28.000 UTC,1782468628000,0,40.2227383,-8.4270700,24,143,12,26,0,"{""239"":1,""240"":1,""21"":5,""200"":0,""69"":1,""237"":2,""113"":100,""303"":1,""383"":3,""1149"":1,""181"":12,""182"":8,""66"":14892,""24"":26,""206"":48740,""67"":4123,""68"":0,""13"":114,""17"":-34,""18"":-205,""19"":61,""15"":1000,""241"":26806,""199"":16518,""16"":53794,""12"":446,""449"":0,""636"":1583403,""1148"":69,""11"":8935106000,""14"":1160700155,""387"":""2b3430323232372e333833332d303038343237302e373030302b3030302e3032342f""}"
2026-06-30T21:05:47Z,862272088542776,Codec8E,2026-06-26 10:10:39.000 UTC,1782468639000,0,40.2222283,-8.4266516,24,150,12,16,0,"{""239"":1,""240"":1,""21"":5,""200"":0,""69"":1,""237"":2,""113"":100,""303"":1,""383"":3,""1149"":1,""181"":18,""182"":8,""66"":14920,""24"":16,""206"":48740,""67"":4123,""68"":0,""13"":114,""17"":-61,""18"":-79,""19"":9,""15"":1000,""241"":26806,""199"":16583,""16"":53859,""12"":446,""449"":0,""636"":1583403,""1148"":72,""11"":8935106000,""14"":1160700155,""387"":""2b3430323232322e323833332d303038343236362e353136372b3030302e3032342f""}"
2026-06-30T21:05:47Z,862272088542776,Codec8E,2026-06-26 10:10:43.000 UTC,1782468643000,0,40.2221866,-8.4266250,25,145,12,4,0,"{""239"":1,""240"":1,""21"":5,""200"":0,""69"":1,""237"":2,""113"":100,""303"":1,""383"":3,""1149"":1,""181"":12,""182"":8,""66"":14861,""24"":5,""206"":48740,""67"":4123,""68"":0,""13"":114,""17"":-201,""18"":-45,""19"":8,""15"":1000,""241"":26806,""199"":16590,""16"":53866,""12"":446,""449"":0,""636"":1583403,""1148"":72,""11"":8935106000,""14"":1160700155,""387"":""2b3430323232312e383636372d303038343236362e333833332b3030302e3032352f""}"
2026-06-30T21:05:47Z,862272088542776,Codec8E,2026-06-26 10:10:46.000 UTC,1782468646000,0,40.2222233,-8.4264666,25,73,11,11,0,"{""239"":1,""240"":1,""21"":5,""200"":0,""69"":1,""237"":2,""113"":100,""303"":1,""383"":3,""1149"":1,""181"":19,""182"":10,""66"":14942,""24"":11,""206"":48740,""67"":4123,""68"":0,""13"":114,""17"":-2,""18"":-1,""19"":149,""15"":1000,""241"":26806,""199"":16605,""16"":53881,""12"":446,""449"":0,""636"":609833,""1148"":72,""11"":8935106000,""14"":1160700155,""387"":""2b3430323232322e323333332d303038343236342e363636372b3030302e3032352f""}"
2026-06-30T21:05:47Z,862272088542776,Codec8E,2026-06-26 10:10:48.000 UTC,1782468648000,0,40.2222633,-8.4263316,25,62,11,16,0,"{""239"":1,""240"":1,""21"":5,""200"":0,""69"":1,""237"":2,""113"":100,""303"":1,""383"":3,""1149"":1,""181"":18,""182"":8,""66"":14932,""24"":16,""206"":48740,""67"":4123,""68"":0,""13"":114,""17"":-3,""18"":49,""19"":112,""15"":1000,""241"":26806,""199"":16617,""16"":53893,""12"":446,""449"":0,""636"":609823,""1148"":72,""11"":8935106000,""14"":1160700155,""387"":""2b3430323232322e363333332d303038343236332e333136372b3030302e3032352f""}"
2026-06-30T21:05:47Z,862272088542776,Codec8E,2026-06-26 10:10:55.000 UTC,1782468655000,0,40.2224516,-8.4258816,23,50,13,19,0,"{""239"":1,""240"":1,""21"":5,""200"":0,""69"":1,""237"":2,""113"":100,""303"":1,""383"":3,""1149"":1,""181"":18,""182"":8,""66"":14910,""24"":19,""206"":48740,""67"":4123,""68"":0,""13"":114,""17"":-12,""18"":5,""19"":-1,""15"":1000,""241"":26806,""199"":16661,""16"":53937,""12"":446,""449"":0,""636"":609823,""1148"":72,""11"":8935106000,""14"":1160700155,""387"":""2b3430323232342e353136372d303038343235382e383136372b3030302e3032332f""}"
2026-06-30T21:05:48Z,862272088542776,Codec8E,2026-06-26 10:10:58.000 UTC,1782468658000,0,40.2225033,-8.4257383,23,65,12,18,0,"{""239"":1,""240"":1,""21"":5,""200"":0,""69"":1,""237"":2,""113"":100,""303"":1,""383"":3,""1149"":1,""181"":18,""182"":9,""66"":14923,""24"":18,""206"":48740,""67"":4123,""68"":0,""13"":114,""17"":-12,""18"":-54,""19"":57,""15"":1000,""241"":26806,""199"":16674,""16"":53950,""12"":446,""449"":0,""636"":609823,""1148"":72,""11"":8935106000,""14"":1160700155,""387"":""2b3430323232352e303333332d303038343235372e333833332b3030302e3032332f""}"
2026-06-30T21:05:48Z,862272088542776,Codec8E,2026-06-26 10:11:00.000 UTC,1782468660000,0,40.2225533,-8.4256466,23,44,9,17,0,"{""239"":1,""240"":1,""21"":5,""200"":0,""69"":1,""237"":2,""113"":100,""303"":1,""383"":3,""1149"":1,""181"":22,""182"":19,""66"":14918,""24"":17,""206"":48740,""67"":4123,""68"":0,""13"":114,""17"":-110,""18"":-14,""19"":54,""15"":1000,""241"":26806,""199"":16684,""16"":53960,""12"":446,""449"":0,""636"":609823,""1148"":72,""11"":8935106000,""14"":1160700155,""387"":""2b3430323232352e353333332d303038343235362e343636372b3030302e3032332f""}"
2026-06-30T21:05:48Z,862272088542776,Codec8E,2026-06-26 10:11:03.000 UTC,1782468663000,0,40.2226250,-8.4255000,23,64,10,18,0,"{""239"":1,""240"":1,""21"":5,""200"":0,""69"":1,""237"":2,""113"":100,""303"":1,""383"":3,""1149"":1,""181"":22,""182"":16,""66"":14899,""24"":18,""206"":48740,""67"":4123,""68"":0,""13"":114,""17"":57,""18"":-55,""19"":35,""15"":1000,""241"":26806,""199"":16699,""16"":53975,""12"":446,""449"":0,""636"":609823,""1148"":72,""11"":8935106000,""14"":1160700155,""387"":""2b3430323232362e323530302d303038343235352e303030302b3030302e3032332f""}"
2026-06-30T21:05:48Z,862272088542776,Codec8E,2026-06-26 10:11:06.000 UTC,1782468666000,0,40.2226833,-8.4253933,22,43,12,14,0,"{""239"":1,""240"":1,""21"":5,""200"":0,""69"":1,""237"":2,""113"":100,""303"":1,""383"":3,""1149"":1,""181"":14,""182"":10,""66"":14907,""24"":14,""206"":48740,""67"":4123,""68"":0,""13"":114,""17"":41,""18"":31,""19"":22,""15"":1000,""241"":26806,""199"":16708,""16"":53984,""12"":446,""449"":0,""636"":609823,""1148"":72,""11"":8935106000,""14"":1160700155,""387"":""2b3430323232362e383333332d303038343235332e393333332b3030302e3032322f""}"
2026-06-30T21:05:48Z,862272088542776,Codec8E,2026-06-26 10:11:07.000 UTC,1782468667000,0,40.2227133,-8.4253816,22,33,12,12,0,"{""239"":1,""240"":1,""21"":5,""200"":0,""69"":1,""237"":2,""113"":100,""303"":1,""383"":3,""1149"":1,""181"":18,""182"":11,""66"":14882,""24"":12,""206"":48740,""67"":4123,""68"":0,""13"":114,""17"":16,""18"":38,""19"":17,""15"":1000,""241"":26806,""199"":16714,""16"":53990,""12"":446,""449"":0,""636"":609823,""1148"":84,""11"":8935106000,""14"":1160700155,""387"":""2b3430323232372e313333332d303038343235332e383136372b3030302e3032322f""}"
2026-06-30T21:05:49Z,862272088542776,Codec8E,2026-06-26 10:11:14.000 UTC,1782468674000,0,40.2227666,-8.4253916,23,33,13,2,0,"{""239"":1,""240"":1,""21"":5,""200"":0,""69"":1,""237"":2,""113"":100,""303"":1,""383"":3,""1149"":1,""181"":11,""182"":8,""66"":14915,""24"":2,""206"":48740,""67"":4123,""68"":0,""13"":114,""17"":-14,""18"":71,""19"":1,""15"":1000,""241"":26806,""199"":16718,""16"":53994,""12"":446,""449"":0,""636"":609823,""1148"":84,""11"":8935106000,""14"":1160700155,""387"":""2b3430323232372e363636372d303038343235332e393136372b3030302e3032332f""}"
2026-06-30T21:05:49Z,862272088542776,Codec8E,2026-06-26 10:11:17.000 UTC,1782468677000,0,40.2227666,-8.4253916,23,33,12,0,303,"{""239"":1,""240"":1,""21"":5,""200"":0,""69"":1,""237"":2,""113"":100,""303"":0,""383"":3,""1149"":1,""181"":12,""182"":8,""66"":14848,""24"":0,""206"":48740,""67"":4123,""68"":0,""13"":114,""17"":-19,""18"":66,""19"":1,""15"":1000,""241"":26806,""199"":16718,""16"":53994,""12"":446,""449"":0,""636"":609823,""1148"":84,""11"":8935106000,""14"":1160700155,""387"":""2b3430323232372e363636372d303038343235332e393136372b3030302e3032332f""}"
2026-06-30T21:05:49Z,862272088542776,Codec8E,2026-06-26 10:12:18.000 UTC,1782468738000,0,40.2227666,-8.4253916,23,33,12,0,240,"{""239"":1,""240"":0,""21"":4,""200"":0,""69"":1,""237"":2,""113"":100,""303"":0,""383"":3,""1149"":7,""181"":12,""182"":8,""66"":14873,""24"":0,""206"":48740,""67"":4123,""68"":0,""13"":86,""17"":-16,""18"":79,""19"":0,""15"":1000,""241"":26806,""199"":16718,""16"":53994,""12"":463,""449"":0,""636"":609823,""1148"":77,""11"":8935106000,""14"":1160700155,""387"":""2b3430323232372e363636372d303038343235332e393136372b3030302e3032332f""}"
2026-06-30T21:05:49Z,862272088542776,Codec8E,2026-06-26 10:13:10.000 UTC,1782468790000,0,40.2227666,-8.4253916,30,33,14,0,239,"{""239"":0,""240"":0,""21"":4,""200"":0,""69"":1,""237"":2,""113"":100,""303"":0,""383"":3,""1149"":7,""181"":11,""182"":7,""66"":13113,""24"":0,""206"":48740,""67"":4123,""68"":0,""13"":89,""17"":-10,""18"":58,""19"":8,""15"":1000,""241"":26806,""199"":16718,""16"":53994,""12"":477,""449"":0,""636"":609823,""1148"":77,""11"":8935106000,""14"":1160700155,""387"":""2b3430323232372e363636372d303038343235332e393136372b3030302e3033302f""}"
2026-06-30T21:05:49Z,862272088542776,Codec8E,2026-06-26 11:13:10.000 UTC,1782472390000,0,40.2227666,-8.4253916,33,33,13,0,0,"{""239"":0,""240"":0,""21"":4,""200"":0,""69"":1,""237"":2,""113"":100,""303"":0,""383"":3,""1149"":7,""181"":11,""182"":8,""66"":13146,""24"":0,""206"":48740,""67"":4122,""68"":0,""13"":89,""17"":-16,""18"":72,""19"":3,""15"":1000,""241"":26806,""199"":0,""16"":53994,""12"":477,""449"":0,""636"":609823,""1148"":78,""11"":8935106000,""14"":1160700155,""387"":""2b3430323232372e363636372d303038343235332e393136372b3030302e3033332f""}"
2026-06-30T21:06:03Z,862272088542776,Codec8E,2026-06-26 11:31:19.000 UTC,1782473479000,0,40.2227666,-8.4253916,31,33,11,0,239,"{""239"":1,""240"":0,""21"":4,""200"":0,""69"":1,""237"":2,""113"":100,""303"":0,""383"":3,""1149"":7,""181"":11,""182"":8,""66"":15045,""24"":0,""206"":48740,""67"":4121,""68"":0,""13"":89,""17"":-14,""18"":72,""19"":4,""15"":1000,""241"":26806,""199"":0,""16"":53994,""12"":477,""449"":0,""636"":609823,""1148"":78,""11"":8935106000,""14"":1160700155,""387"":""2b3430323232372e363636372d303038343235332e393136372b3030302e3033312f""}"
2026-06-30T21:06:03Z,862272088542776,Codec8E,2026-06-26 11:31:57.000 UTC,1782473517000,0,40.2227666,-8.4253916,26,33,11,0,303,"{""239"":1,""240"":0,""21"":4,""200"":0,""69"":1,""237"":2,""113"":100,""303"":1,""383"":3,""1149"":7,""181"":12,""182"":9,""66"":14891,""24"":0,""206"":48740,""67"":4122,""68"":0,""13"":91,""17"":-161,""18"":-3,""19"":-22,""15"":1000,""241"":26806,""199"":0,""16"":53994,""12"":488,""449"":0,""636"":609823,""1148"":78,""11"":8935106000,""14"":1160700155,""387"":""2b3430323232372e363636372d303038343235332e393136372b3030302e3032362f""}"
2026-06-30T21:06:03Z,862272088542776,Codec8E,2026-06-26 11:31:58.000 UTC,1782473518000,0,40.2226666,-8.4253033,26,85,11,2,240,"{""239"":1,""240"":1,""21"":0,""200"":0,""69"":1,""237"":99,""113"":100,""303"":1,""383"":3,""1149"":0,""181"":12,""182"":9,""66"":14817,""24"":2,""206"":0,""67"":4120,""68"":0,""13"":91,""17"":-138,""18"":-54,""19"":4,""15"":1000,""241"":0,""199"":0,""16"":53994,""12"":488,""449"":0,""636"":0,""1148"":0,""11"":8935106000,""14"":1160700155,""387"":""2b3430323232362e363636372d303038343235332e303333332b3030302e3032362f""}"
2026-06-30T21:06:03Z,862272088542776,Codec8E,2026-06-26 11:32:23.000 UTC,1782473543000,0,40.2226733,-8.4252433,25,0,0,0,303,"{""239"":1,""240"":1,""21"":5,""200"":0,""69"":2,""237"":2,""113"":0,""303"":1,""383"":3,""1149"":20,""181"":0,""182"":0,""66"":14840,""24"":0,""206"":48740,""67"":4123,""68"":0,""13"":91,""17"":-53,""18"":1,""19"":44,""15"":1000,""241"":26806,""199"":0,""16"":54010,""12"":488,""449"":0,""636"":609833,""1148"":72,""11"":8935106000,""14"":1160700155,""387"":""2b3430323232362e373333332d303038343235322e343333332b3030302e3032352f""}"
2026-06-30T21:06:03Z,862272088542776,Codec8E,2026-06-26 11:32:41.000 UTC,1782473561000,0,40.2235733,-8.4233099,12,88,9,16,0,"{""239"":1,""240"":1,""21"":5,""200"":0,""69"":1,""237"":2,""113"":100,""303"":1,""383"":3,""1149"":20,""181"":14,""182"":11,""66"":14891,""24"":16,""206"":48740,""67"":4147,""68"":57,""13"":91,""17"":-55,""18"":15,""19"":29,""15"":1000,""241"":26806,""199"":0,""16"":54010,""12"":488,""449"":0,""636"":1583403,""1148"":72,""11"":8935106000,""14"":1160700155,""387"":""2b3430323233352e373333332d303038343233332e313030302b3030302e3031322f""}"
2026-06-30T21:06:04Z,862272088542776,Codec8E,2026-06-26 11:32:45.000 UTC,1782473565000,0,40.2236966,-8.4230900,19,78,11,17,0,"{""239"":1,""240"":1,""21"":5,""200"":0,""69"":1,""237"":2,""113"":100,""303"":1,""383"":3,""1149"":20,""181"":17,""182"":10,""66"":14826,""24"":17,""206"":48740,""67"":4142,""68"":26,""13"":91,""17"":-15,""18"":23,""19"":133,""15"":1000,""241"":26806,""199"":23,""16"":54033,""12"":488,""449"":0,""636"":1583373,""1148"":70,""11"":8935106000,""14"":1160700155,""387"":""2b3430323233362e393636372d303038343233302e393030302b3030302e3031392f""}"
2026-06-30T21:06:04Z,862272088542776,Codec8E,2026-06-26 11:32:48.000 UTC,1782473568000,0,40.2237433,-8.4229166,26,65,11,20,0,"{""239"":1,""240"":1,""21"":5,""200"":0,""69"":1,""237"":2,""113"":100,""303"":1,""383"":3,""1149"":20,""181"":17,""182"":10,""66"":14889,""24"":20,""206"":48740,""67"":4128,""68"":0,""13"":91,""17"":-97,""18"":80,""19"":132,""15"":1000,""241"":26806,""199"":39,""16"":54049,""12"":488,""449"":0,""636"":1583373,""1148"":70,""11"":8935106000,""14"":1160700155,""387"":""2b3430323233372e343333332d303038343232392e313636372b3030302e3032362f""}"
2026-06-30T21:06:04Z,862272088542776,Codec8E,2026-06-26 11:32:53.000 UTC,1782473573000,0,40.2238816,-8.4224850,26,76,10,27,0,"{""239"":1,""240"":1,""21"":5,""200"":0,""69"":1,""237"":2,""113"":100,""303"":1,""383"":3,""1149"":20,""181"":19,""182"":11,""66"":14916,""24"":27,""206"":48740,""67"":4128,""68"":0,""13"":91,""17"":-145,""18"":11,""19"":70,""15"":1000,""241"":26806,""199"":79,""16"":54089,""12"":488,""449"":0,""636"":1583373,""1148"":70,""11"":8935106000,""14"":1160700155,""387"":""2b3430323233382e383136372d303038343232342e383530302b3030302e3032362f""}"
2026-06-30T21:06:04Z,862272088542776,Codec8E,2026-06-26 11:32:55.000 UTC,1782473575000,0,40.2238749,-8.4222416,25,87,10,30,0,"{""239"":1,""240"":1,""21"":5,""200"":0,""69"":1,""237"":2,""113"":100,""303"":1,""383"":3,""1149"":20,""181"":19,""182"":11,""66"":14917,""24"":30,""206"":48740,""67"":4128,""68"":0,""13"":91,""17"":-153,""18"":-10,""19"":39,""15"":1000,""241"":26806,""199"":100,""16"":54110,""12"":488,""449"":0,""636"":1583403,""1148"":70,""11"":8935106000,""14"":1160700155,""387"":""2b3430323233382e373530302d303038343232322e343136372b3030302e3032352f""}"
2026-06-30T21:06:04Z,862272088542776,Codec8E,2026-06-26 11:33:04.000 UTC,1782473584000,0,40.2238216,-8.4210633,24,92,9,37,0,"{""239"":1,""240"":1,""21"":5,""200"":0,""69"":1,""237"":2,""113"":100,""303"":1,""383"":3,""1149"":20,""181"":18,""182"":12,""66"":14915,""24"":37,""206"":48740,""67"":4128,""68"":0,""13"":91,""17"":0,""18"":-55,""19"":0,""15"":1000,""241"":26806,""199"":200,""16"":54210,""12"":488,""449"":0,""636"":1583403,""1148"":70,""11"":8935106000,""14"":1160700155,""387"":""2b3430323233382e323136372d303038343231302e363333332b3030302e3032342f""}"
2026-06-30T21:06:05Z,862272088542776,Codec8E,2026-06-26 11:33:09.000 UTC,1782473589000,0,40.2238250,-8.4206016,22,83,9,26,0,"{""239"":1,""240"":1,""21"":5,""200"":0,""69"":1,""237"":2,""113"":100,""303"":1,""383"":3,""1149"":20,""181"":22,""182"":14,""66"":14903,""24"":26,""206"":48740,""67"":4125,""68"":0,""13"":91,""17"":41,""18"":-26,""19"":6,""15"":1000,""241"":26806,""199"":239,""16"":54249,""12"":488,""449"":0,""636"":1583403,""1148"":70,""11"":8935106000,""14"":1160700155,""387"":""2b3430323233382e323530302d303038343230362e303136372b3030302e3032322f""}"
2026-06-30T21:06:05Z,862272088542776,Codec8E,2026-06-26 11:33:12.000 UTC,1782473592000,0,40.2238400,-8.4205200,21,67,8,15,0,"{""239"":1,""240"":1,""21"":5,""200"":0,""69"":1,""237"":2,""113"":100,""303"":1,""383"":3,""1149"":20,""181"":14,""182"":11,""66"":14929,""24"":15,""206"":48740,""67"":4123,""68"":0,""13"":91,""17"":-119,""18"":-142,""19"":-5,""15"":1000,""241"":26806,""199"":246,""16"":54256,""12"":488,""449"":0,""636"":1583403,""1148"":70,""11"":8935106000,""14"":1160700155,""387"":""2b3430323233382e343030302d303038343230352e323030302b3030302e3032312f""}"
2026-06-30T21:06:05Z,862272088542776,Codec8E,2026-06-26 11:33:13.000 UTC,1782473593000,0,40.2238466,-8.4205016,21,57,9,13,0,"{""239"":1,""240"":1,""21"":5,""200"":0,""69"":1,""237"":2,""113"":100,""303"":1,""383"":3,""1149"":20,""181"":14,""182"":11,""66"":14946,""24"":13,""206"":48740,""67"":4123,""68"":0,""13"":91,""17"":-105,""18"":-199,""19"":80,""15"":1000,""241"":26806,""199"":246,""16"":54256,""12"":488,""449"":0,""636"":1583403,""1148"":73,""11"":8935106000,""14"":1160700155,""387"":""2b3430323233382e343636372d303038343230352e303136372b3030302e3032312f""}"
2026-06-30T21:06:05Z,862272088542776,Codec8E,2026-06-26 11:33:14.000 UTC,1782473594000,0,40.2238583,-8.4204866,22,43,9,12,0,"{""239"":1,""240"":1,""21"":5,""200"":0,""69"":1,""237"":2,""113"":100,""303"":1,""383"":3,""1149"":1,""181"":20,""182"":11,""66"":14894,""24"":12,""206"":48740,""67"":4123,""68"":0,""13"":91,""17"":-183,""18"":-50,""19"":146,""15"":1000,""241"":26806,""199"":250,""16"":54260,""12"":488,""449"":0,""636"":1583403,""1148"":73,""11"":8935106000,""14"":1160700155,""387"":""2b3430323233382e353833332d303038343230342e383636372b3030302e3032322f""}"
2026-06-30T21:06:05Z,862272088542776,Codec8E,2026-06-26 11:33:15.000 UTC,1782473595000,0,40.2238933,-8.4204916,22,17,9,11,0,"{""239"":1,""240"":1,""21"":5,""200"":0,""69"":1,""237"":2,""113"":100,""303"":1,""383"":3,""1149"":1,""181"":20,""182"":11,""66"":14856,""24"":11,""206"":48740,""67"":4123,""68"":0,""13"":91,""17"":-124,""18"":-19,""19"":88,""15"":1000,""241"":26806,""199"":254,""16"":54264,""12"":488,""449"":0,""636"":1583403,""1148"":73,""11"":8935106000,""14"":1160700155,""387"":""2b3430323233382e393333332d303038343230342e393136372b3030302e3032322f""}"
2026-06-30T21:06:06Z,862272088542776,Codec8E,2026-06-26 11:33:16.000 UTC,1782473596000,0,40.2239499,-8.4205000,23,5,10,13,0,"{""239"":1,""240"":1,""21"":5,""200"":0,""69"":1,""237"":2,""113"":100,""303"":1,""383"":3,""1149"":1,""181"":19,""182"":11,""66"":14940,""24"":13,""206"":48740,""67"":4123,""68"":0,""13"":91,""17"":-108,""18"":37,""19"":45,""15"":1000,""241"":26806,""199"":260,""16"":54270,""12"":488,""449"":0,""636"":1583403,""1148"":73,""11"":8935106000,""14"":1160700155,""387"":""2b3430323233392e353030302d303038343230352e303030302b3030302e3032332f""}"
2026-06-30T21:06:06Z,862272088542776,Codec8E,2026-06-26 11:33:21.000 UTC,1782473601000,0,40.2243066,-8.4204416,22,11,10,24,0,"{""239"":1,""240"":1,""21"":5,""200"":0,""69"":1,""237"":2,""113"":100,""303"":1,""383"":3,""1149"":1,""181"":13,""182"":10,""66"":14903,""24"":24,""206"":48740,""67"":4123,""68"":0,""13"":91,""17"":-12,""18"":-35,""19"":94,""15"":1000,""241"":26806,""199"":300,""16"":54310,""12"":488,""449"":0,""636"":1583403,""1148"":73,""11"":8935106000,""14"":1160700155,""387"":""2b3430323234332e303636372d303038343230342e343136372b3030302e3032322f""}"
2026-06-30T21:06:06Z,862272088542776,Codec8E,2026-06-26 11:33:29.000 UTC,1782473609000,0,40.2247800,-8.4203050,23,1,11,20,0,"{""239"":1,""240"":1,""21"":5,""200"":0,""69"":1,""237"":2,""113"":100,""303"":1,""383"":3,""1149"":1,""181"":15,""182"":8,""66"":14917,""24"":20,""206"":48740,""67"":4123,""68"":0,""13"":91,""17"":-117,""18"":-149,""19"":57,""15"":1000,""241"":26806,""199"":354,""16"":54364,""12"":488,""449"":0,""636"":1583403,""1148"":73,""11"":8935106000,""14"":1160700155,""387"":""2b3430323234372e383030302d303038343230332e303530302b3030302e3032332f""}"
2026-06-30T21:06:06Z,862272088542776,Codec8E,2026-06-26 11:33:30.000 UTC,1782473610000,0,40.2248133,-8.4203183,23,343,12,18,0,"{""239"":1,""240"":1,""21"":5,""200"":0,""69"":1,""237"":2,""113"":100,""303"":1,""383"":3,""1149"":1,""181"":11,""182"":8,""66"":14864,""24"":18,""206"":48740,""67"":4123,""68"":0,""13"":91,""17"":-99,""18"":-242,""19"":29,""15"":1000,""241"":26806,""199"":358,""16"":54368,""12"":488,""449"":0,""636"":1583403,""1148"":73,""11"":8935106000,""14"":1160700155,""387"":""2b3430323234382e313333332d303038343230332e313833332b3030302e3032332f""}"
2026-06-30T21:06:06Z,862272088542776,Codec8E,2026-06-26 11:33:31.000 UTC,1782473611000,0,40.2248433,-8.4203499,24,318,12,17,0,"{""239"":1,""240"":1,""21"":5,""200"":0,""69"":1,""237"":2,""113"":100,""303"":1,""383"":3,""1149"":1,""181"":11,""182"":8,""66"":14946,""24"":17,""206"":48740,""67"":4123,""68"":0,""13"":91,""17"":-72,""18"":-279,""19"":13,""15"":1000,""241"":26806,""199"":362,""16"":54372,""12"":488,""449"":0,""636"":1583403,""1148"":73,""11"":8935106000,""14"":1160700155,""387"":""2b3430323234382e343333332d303038343230332e353030302b3030302e3032342f""}"
2026-06-30T21:06:07Z,862272088542776,Codec8E,2026-06-26 11:33:32.000 UTC,1782473612000,0,40.2248666,-8.4204083,24,301,12,17,0,"{""239"":1,""240"":1,""21"":5,""200"":0,""69"":1,""237"":2,""113"":100,""303"":1,""383"":3,""1149"":1,""181"":14,""182"":8,""66"":14946,""24"":17,""206"":48740,""67"":4123,""68"":0,""13"":91,""17"":-138,""18"":-113,""19"":29,""15"":1000,""241"":26806,""199"":368,""16"":54378,""12"":488,""449"":0,""636"":1583403,""1148"":73,""11"":8935106000,""14"":1160700155,""387"":""2b3430323234382e363636372d303038343230342e303833332b3030302e3032342f""}"
2026-06-30T21:06:07Z,862272088542776,Codec8E,2026-06-26 11:33:33.000 UTC,1782473613000,0,40.2248816,-8.4204900,25,282,11,18,0,"{""239"":1,""240"":1,""21"":5,""200"":0,""69"":1,""237"":2,""113"":100,""303"":1,""383"":3,""1149"":1,""181"":12,""182"":10,""66"":14900,""24"":18,""206"":48740,""67"":4123,""68"":0,""13"":91,""17"":-108,""18"":-104,""19"":79,""15"":1000,""241"":26806,""199"":375,""16"":54385,""12"":488,""449"":0,""636"":1583403,""1148"":73,""11"":8935106000,""14"":1160700155,""387"":""2b3430323234382e383136372d303038343230342e393030302b3030302e3032352f""}"
2026-06-30T21:06:07Z,862272088542776,Codec8E,2026-06-26 11:33:35.000 UTC,1782473615000,0,40.2248833,-8.4206550,25,271,11,21,0,"{""239"":1,""240"":1,""21"":5,""200"":0,""69"":1,""237"":2,""113"":100,""303"":1,""383"":3,""1149"":1,""181"":17,""182"":10,""66"":14944,""24"":21,""206"":48740,""67"":4123,""68"":0,""13"":91,""17"":-25,""18"":-4,""19"":37,""15"":1000,""241"":26806,""199"":389,""16"":54399,""12"":488,""449"":0,""636"":1583403,""1148"":73,""11"":8935106000,""14"":1160700155,""387"":""2b3430323234382e383333332d303038343230362e353530302b3030302e3032352f""}"
2026-06-30T21:06:07Z,862272088542776,Codec8E,2026-06-26 11:33:36.000 UTC,1782473616000,0,40.2248633,-8.4207500,26,256,11,23,0,"{""239"":1,""240"":1,""21"":5,""200"":0,""69"":1,""237"":2,""113"":100,""303"":1,""383"":3,""1149"":1,""181"":12,""182"":10,""66"":14871,""24"":23,""206"":48740,""67"":4123,""68"":0,""13"":91,""17"":11,""18"":26,""19"":6,""15"":1000,""241"":26806,""199"":397,""16"":54407,""12"":488,""449"":0,""636"":1583403,""1148"":73,""11"":8935106000,""14"":1160700155,""387"":""2b3430323234382e363333332d303038343230372e353030302b3030302e3032362f""}"
2026-06-30T21:06:07Z,862272088542776,Codec8E,2026-06-26 11:33:42.000 UTC,1782473622000,0,40.2248383,-8.4213349,26,266,11,30,0,"{""239"":1,""240"":1,""21"":5,""200"":0,""69"":1,""237"":2,""113"":100,""303"":1,""383"":3,""1149"":1,""181"":17,""182"":10,""66"":14897,""24"":30,""206"":48740,""67"":4123,""68"":0,""13"":91,""17"":63,""18"":17,""19"":37,""15"":1000,""241"":26806,""199"":448,""16"":54458,""12"":488,""449"":0,""636"":1583403,""1148"":73,""11"":8935106000,""14"":1160700155,""387"":""2b3430323234382e333833332d303038343231332e333530302b3030302e3032362f""}"
2026-06-30T21:06:08Z,862272088542776,Codec8E,2026-06-26 11:33:46.000 UTC,1782473626000,0,40.2248516,-8.4217250,25,276,11,29,0,"{""239"":1,""240"":1,""21"":4,""200"":0,""69"":1,""237"":2,""113"":100,""303"":1,""383"":3,""1149"":1,""181"":17,""182"":10,""66"":14872,""24"":29,""206"":48740,""67"":4123,""68"":0,""13"":91,""17"":10,""18"":-47,""19"":98,""15"":1000,""241"":26806,""199"":481,""16"":54491,""12"":488,""449"":0,""636"":1583403,""1148"":76,""11"":8935106000,""14"":1160700155,""387"":""2b3430323234382e353136372d303038343231372e323530302b3030302e3032352f""}"
2026-06-30T21:06:08Z,862272088542776,Codec8E,2026-06-26 11:33:53.000 UTC,1782473633000,0,40.2249200,-8.4221850,26,279,11,18,0,"{""239"":1,""240"":1,""21"":4,""200"":0,""69"":1,""237"":2,""113"":100,""303"":1,""383"":3,""1149"":1,""181"":12,""182"":10,""66"":14944,""24"":18,""206"":48740,""67"":4123,""68"":0,""13"":91,""17"":-60,""18"":51,""19"":21,""15"":1000,""241"":26806,""199"":521,""16"":54531,""12"":488,""449"":0,""636"":1583403,""1148"":76,""11"":8935106000,""14"":1160700155,""387"":""2b3430323234392e323030302d303038343232312e383530302b3030302e3032362f""}"
2026-06-30T21:06:08Z,862272088542776,Codec8E,2026-06-26 11:33:55.000 UTC,1782473635000,0,40.2249416,-8.4222650,26,289,10,16,0,"{""239"":1,""240"":1,""21"":4,""200"":0,""69"":1,""237"":2,""113"":100,""303"":1,""383"":3,""1149"":1,""181"":17,""182"":10,""66"":14880,""24"":16,""206"":48740,""67"":4123,""68"":0,""13"":91,""17"":13,""18"":0,""19"":13,""15"":1000,""241"":26806,""199"":528,""16"":54538,""12"":488,""449"":0,""636"":1583403,""1148"":76,""11"":8935106000,""14"":1160700155,""387"":""2b3430323234392e343136372d303038343232322e363530302b3030302e3032362f""}"
2026-06-30T21:06:08Z,862272088542776,Codec8E,2026-06-26 11:33:56.000 UTC,1782473636000,0,40.2249483,-8.4223033,26,275,10,15,0,"{""239"":1,""240"":1,""21"":4,""200"":0,""69"":1,""237"":2,""113"":100,""303"":1,""383"":3,""1149"":1,""181"":13,""182"":10,""66"":14943,""24"":15,""206"":48740,""67"":4123,""68"":0,""13"":91,""17"":-26,""18"":-23,""19"":170,""15"":1000,""241"":26806,""199"":532,""16"":54542,""12"":488,""449"":0,""636"":1583403,""1148"":76,""11"":8935106000,""14"":1160700155,""387"":""2b3430323234392e343833332d303038343232332e303333332b3030302e3032362f""}"
2026-06-30T21:06:08Z,862272088542776,Codec8E,2026-06-26 11:33:58.000 UTC,1782473638000,0,40.2249633,-8.4223833,27,263,11,14,0,"{""239"":1,""240"":1,""21"":4,""200"":0,""69"":1,""237"":2,""113"":100,""303"":1,""383"":3,""1149"":1,""181"":17,""182"":10,""66"":14878,""24"":14,""206"":48740,""67"":4123,""68"":0,""13"":91,""17"":53,""18"":-247,""19"":51,""15"":1000,""241"":26806,""199"":539,""16"":54549,""12"":488,""449"":0,""636"":1583403,""1148"":76,""11"":8935106000,""14"":1160700155,""387"":""2b3430323234392e363333332d303038343232332e383333332b3030302e3032372f""}"
2026-06-30T21:06:09Z,862272088542776,Codec8E,2026-06-26 11:33:59.000 UTC,1782473639000,0,40.2249533,-8.4224100,27,233,11,13,0,"{""239"":1,""240"":1,""21"":4,""200"":0,""69"":1,""237"":2,""113"":100,""303"":1,""383"":3,""1149"":1,""181"":17,""182"":10,""66"":14940,""24"":13,""206"":48740,""67"":4123,""68"":0,""13"":91,""17"":0,""18"":-278,""19"":17,""15"":1000,""241"":26806,""199"":541,""16"":54551,""12"":488,""449"":0,""636"":1583403,""1148"":76,""11"":8935106000,""14"":1160700155,""387"":""2b3430323234392e353333332d303038343232342e313030302b3030302e3032372f""}"
2026-06-30T21:06:09Z,862272088542776,Codec8E,2026-06-26 11:34:00.000 UTC,1782473640000,0,40.2249266,-8.4224300,27,206,11,13,0,"{""239"":1,""240"":1,""21"":4,""200"":0,""69"":1,""237"":2,""113"":100,""303"":1,""383"":3,""1149"":1,""181"":12,""182"":10,""66"":14885,""24"":13,""206"":48740,""67"":4123,""68"":0,""13"":91,""17"":14,""18"":-273,""19"":94,""15"":1000,""241"":26806,""199"":545,""16"":54555,""12"":488,""449"":0,""636"":1583403,""1148"":76,""11"":8935106000,""14"":1160700155,""387"":""2b3430323234392e323636372d303038343232342e333030302b3030302e3032372f""}"
2026-06-30T21:06:09Z,862272088542776,Codec8E,2026-06-26 11:34:01.000 UTC,1782473641000,0,40.2248866,-8.4224316,27,179,11,13,0,"{""239"":1,""240"":1,""21"":4,""200"":0,""69"":1,""237"":2,""113"":100,""303"":1,""383"":3,""1149"":1,""181"":15,""182"":9,""66"":14872,""24"":13,""206"":48740,""67"":4123,""68"":0,""13"":91,""17"":-15,""18"":-90,""19"":-5,""15"":1000,""241"":26806,""199"":549,""16"":54559,""12"":488,""449"":0,""636"":1583403,""1148"":76,""11"":8935106000,""14"":1160700155,""387"":""2b3430323234382e383636372d303038343232342e333136372b3030302e3032372f""}"
2026-06-30T21:06:09Z,862272088542776,Codec8E,2026-06-26 11:34:02.000 UTC,1782473642000,0,40.2248516,-8.4224199,27,168,11,14,0,"{""239"":1,""240"":1,""21"":4,""200"":0,""69"":1,""237"":2,""113"":100,""303"":1,""383"":3,""1149"":1,""181"":12,""182"":9,""66"":14929,""24"":14,""206"":48740,""67"":4123,""68"":0,""13"":91,""17"":-35,""18"":66,""19"":77,""15"":1000,""241"":26806,""199"":553,""16"":54563,""12"":488,""449"":0,""636"":1583403,""1148"":76,""11"":8935106000,""14"":1160700155,""387"":""2b3430323234382e353136372d303038343232342e323030302b3030302e3032372f""}"
2026-06-30T21:06:09Z,862272088542776,Codec8E,2026-06-26 11:34:03.000 UTC,1782473643000,0,40.2248216,-8.4223983,27,158,11,14,0,"{""239"":1,""240"":1,""21"":4,""200"":0,""69"":1,""237"":2,""113"":100,""303"":1,""383"":3,""1149"":1,""181"":15,""182"":9,""66"":14883,""24"":14,""206"":48740,""67"":4123,""68"":0,""13"":91,""17"":-16,""18"":96,""19"":9,""15"":1000,""241"":26806,""199"":557,""16"":54567,""12"":488,""449"":0,""636"":1583403,""1148"":76,""11"":8935106000,""14"":1160700155,""387"":""2b3430323234382e323136372d303038343232332e393833332b3030302e3032372f""}"
2026-06-30T21:06:11Z,862272088542776,Codec8E,2026-06-26 11:34:04.000 UTC,1782473644000,0,40.2247866,-8.4223850,27,171,11,14,0,"{""239"":1,""240"":1,""21"":4,""200"":0,""69"":1,""237"":2,""113"":100,""303"":1,""383"":3,""1149"":1,""181"":15,""182"":9,""66"":14882,""24"":14,""206"":48740,""67"":4123,""68"":0,""13"":91,""17"":3,""18"":144,""19"":53,""15"":1000,""241"":26806,""199"":561,""16"":54571,""12"":488,""449"":0,""636"":1583403,""1148"":76,""11"":8935106000,""14"":1160700155,""387"":""2b3430323234372e383636372d303038343232332e383530302b3030302e3032372f""}"
2026-06-30T21:06:11Z,862272088542776,Codec8E,2026-06-26 11:34:05.000 UTC,1782473645000,0,40.2247466,-8.4223866,27,187,11,14,0,"{""239"":1,""240"":1,""21"":4,""200"":0,""69"":1,""237"":2,""113"":100,""303"":1,""383"":3,""1149"":1,""181"":15,""182"":9,""66"":14923,""24"":14,""206"":48740,""67"":4123,""68"":0,""13"":91,""17"":3,""18"":201,""19"":9,""15"":1000,""241"":26806,""199"":565,""16"":54575,""12"":488,""449"":0,""636"":1583403,""1148"":76,""11"":8935106000,""14"":1160700155,""387"":""2b3430323234372e343636372d303038343232332e383636372b3030302e3032372f""}"
2026-06-30T21:06:11Z,862272088542776,Codec8E,2026-06-26 11:34:06.000 UTC,1782473646000,0,40.2247149,-8.4224100,26,203,11,14,0,"{""239"":1,""240"":1,""21"":4,""200"":0,""69"":1,""237"":2,""113"":100,""303"":1,""383"":3,""1149"":1,""181"":12,""182"":9,""66"":14874,""24"":14,""206"":48740,""67"":4123,""68"":0,""13"":91,""17"":5,""18"":120,""19"":43,""15"":1000,""241"":26806,""199"":569,""16"":54579,""12"":488,""449"":0,""636"":1583403,""1148"":76,""11"":8935106000,""14"":1160700155,""387"":""2b3430323234372e313530302d303038343232342e313030302b3030302e3032362f""}"
2026-06-30T21:06:11Z,862272088542776,Codec8E,2026-06-26 11:34:07.000 UTC,1782473647000,0,40.2246816,-8.4224433,26,214,11,15,0,"{""239"":1,""240"":1,""21"":4,""200"":0,""69"":1,""237"":2,""113"":100,""303"":1,""383"":3,""1149"":1,""181"":15,""182"":9,""66"":14908,""24"":15,""206"":48740,""67"":4123,""68"":0,""13"":91,""17"":64,""18"":103,""19"":46,""15"":1000,""241"":26806,""199"":574,""16"":54584,""12"":488,""449"":0,""636"":1583403,""1148"":76,""11"":8935106000,""14"":1160700155,""387"":""2b3430323234362e383136372d303038343232342e343333332b3030302e3032362f""}"
2026-06-30T21:06:11Z,862272088542776,Codec8E,2026-06-26 11:34:08.000 UTC,1782473648000,0,40.2246633,-8.4224883,27,229,11,16,0,"{""239"":1,""240"":1,""21"":4,""200"":0,""69"":1,""237"":2,""113"":100,""303"":1,""383"":3,""1149"":1,""181"":12,""182"":9,""66"":14913,""24"":16,""206"":48740,""67"":4123,""68"":0,""13"":91,""17"":-2,""18"":97,""19"":34,""15"":1000,""241"":26806,""199"":578,""16"":54588,""12"":488,""449"":0,""636"":1583403,""1148"":76,""11"":8935106000,""14"":1160700155,""387"":""2b3430323234362e363333332d303038343232342e383833332b3030302e3032372f""}"
2026-06-30T21:06:14Z,862272088542776,Codec8E,2026-06-26 11:34:09.000 UTC,1782473649000,0,40.2246383,-8.4225366,27,240,11,17,0,"{""239"":1,""240"":1,""21"":4,""200"":0,""69"":1,""237"":2,""113"":100,""303"":1,""383"":3,""1149"":1,""181"":15,""182"":9,""66"":14876,""24"":17,""206"":48740,""67"":4123,""68"":0,""13"":91,""17"":-16,""18"":26,""19"":38,""15"":1000,""241"":26806,""199"":583,""16"":54593,""12"":488,""449"":0,""636"":1583403,""1148"":76,""11"":8935106000,""14"":1160700155,""387"":""2b3430323234362e333833332d303038343232352e333636372b3030302e3032372f""}"
2026-06-30T21:06:14Z,862272088542776,Codec8E,2026-06-26 11:34:14.000 UTC,1782473654000,0,40.2245233,-8.4228966,27,253,9,24,0,"{""239"":1,""240"":1,""21"":4,""200"":0,""69"":1,""237"":2,""113"":100,""303"":1,""383"":3,""1149"":1,""181"":23,""182"":20,""66"":14883,""24"":24,""206"":48740,""67"":4123,""68"":0,""13"":91,""17"":-145,""18"":-4,""19"":-45,""15"":1000,""241"":26806,""199"":617,""16"":54627,""12"":488,""449"":0,""636"":1583383,""1148"":76,""11"":8935106000,""14"":1160700155,""387"":""2b3430323234352e323333332d303038343232382e393636372b3030302e3032372f""}"
2026-06-30T21:06:14Z,862272088542776,Codec8E,2026-06-26 11:34:17.000 UTC,1782473657000,0,40.2244016,-8.4232633,27,249,10,34,0,"{""239"":1,""240"":1,""21"":4,""200"":0,""69"":1,""237"":2,""113"":100,""303"":1,""383"":3,""1149"":1,""181"":13,""182"":11,""66"":14898,""24"":34,""206"":48740,""67"":4123,""68"":0,""13"":91,""17"":-54,""18"":12,""19"":28,""15"":1000,""241"":26806,""199"":651,""16"":54661,""12"":488,""449"":0,""636"":1583383,""1148"":76,""11"":8935106000,""14"":1160700155,""387"":""2b3430323234342e303136372d303038343233322e363333332b3030302e3032372f""}"
2026-06-30T21:06:14Z,862272088542776,Codec8E,2026-06-26 11:34:22.000 UTC,1782473662000,0,40.2241483,-8.4239749,27,246,9,44,0,"{""239"":1,""240"":1,""21"":4,""200"":0,""69"":1,""237"":2,""113"":100,""303"":1,""383"":3,""1149"":1,""181"":27,""182"":15,""66"":14892,""24"":44,""206"":48740,""67"":4123,""68"":0,""13"":91,""17"":-21,""18"":-41,""19"":80,""15"":1000,""241"":26806,""199"":718,""16"":54728,""12"":488,""449"":0,""636"":1583383,""1148"":76,""11"":8935106000,""14"":1160700155,""387"":""2b3430323234312e343833332d303038343233392e373530302b3030302e3032372f""}"
2026-06-30T21:06:14Z,862272088542776,Codec8E,2026-06-26 11:34:30.000 UTC,1782473670000,0,40.2238283,-8.4251600,27,252,9,46,0,"{""239"":1,""240"":1,""21"":4,""200"":0,""69"":1,""237"":2,""113"":100,""303"":1,""383"":3,""1149"":1,""181"":55,""182"":41,""66"":14889,""24"":46,""206"":48740,""67"":4123,""68"":0,""13"":91,""17"":-17,""18"":-31,""19"":29,""15"":1000,""241"":26806,""199"":824,""16"":54834,""12"":488,""449"":0,""636"":1583383,""1148"":76,""11"":8935106000,""14"":1160700155,""387"":""2b3430323233382e323833332d303038343235312e363030302b3030302e3032372f""}"
2026-06-30T21:06:16Z,862272088542776,Codec8E,2026-06-26 11:34:39.000 UTC,1782473679000,0,40.2234716,-8.4263900,27,246,11,43,0,"{""239"":1,""240"":1,""21"":4,""200"":0,""69"":1,""237"":2,""113"":100,""303"":1,""383"":3,""1149"":1,""181"":12,""182"":9,""66"":14929,""24"":43,""206"":48740,""67"":4123,""68"":0,""13"":91,""17"":24,""18"":30,""19"":27,""15"":1000,""241"":26806,""199"":937,""16"":54947,""12"":488,""449"":0,""636"":1583383,""1148"":76,""11"":8935106000,""14"":1160700155,""387"":""2b3430323233342e373136372d303038343236332e393030302b3030302e3032372f""}"
2026-06-30T21:06:16Z,862272088542776,Codec8E,2026-06-26 11:34:44.000 UTC,1782473684000,0,40.2233266,-8.4269000,26,249,12,33,0,"{""239"":1,""240"":1,""21"":4,""200"":0,""69"":1,""237"":2,""113"":100,""303"":1,""383"":3,""1149"":1,""181"":11,""182"":8,""66"":14909,""24"":33,""206"":48740,""67"":4123,""68"":0,""13"":91,""17"":176,""18"":0,""19"":32,""15"":1000,""241"":26806,""199"":983,""16"":54993,""12"":488,""449"":0,""636"":1583383,""1148"":76,""11"":8935106000,""14"":1160700155,""387"":""2b3430323233332e323636372d303038343236392e303030302b3030302e3032362f""}"
2026-06-30T21:06:16Z,862272088542776,Codec8E,2026-06-26 11:34:46.000 UTC,1782473686000,0,40.2233083,-8.4269766,26,248,12,23,0,"{""239"":1,""240"":1,""21"":4,""200"":0,""69"":1,""237"":2,""113"":100,""303"":1,""383"":3,""1149"":1,""181"":14,""182"":8,""66"":14915,""24"":23,""206"":48740,""67"":4123,""68"":0,""13"":91,""17"":-242,""18"":81,""19"":49,""15"":1000,""241"":26806,""199"":990,""16"":55000,""12"":488,""449"":0,""636"":1583383,""1148"":76,""11"":8935106000,""14"":1160700155,""387"":""2b3430323233332e303833332d303038343236392e373636372b3030302e3032362f""}"
2026-06-30T21:06:16Z,862272088542776,Codec8E,2026-06-26 11:34:47.000 UTC,1782473687000,0,40.2233083,-8.4270150,25,273,12,20,0,"{""239"":1,""240"":1,""21"":4,""200"":0,""69"":1,""237"":2,""113"":100,""303"":1,""383"":3,""1149"":1,""181"":14,""182"":8,""66"":14934,""24"":20,""206"":48740,""67"":4123,""68"":0,""13"":91,""17"":-220,""18"":-37,""19"":18,""15"":1000,""241"":26806,""199"":994,""16"":55004,""12"":488,""449"":0,""636"":1583383,""1148"":76,""11"":8935106000,""14"":1160700155,""387"":""2b3430323233332e303833332d303038343237302e313530302b3030302e3032352f""}"
2026-06-30T21:06:16Z,862272088542776,Codec8E,2026-06-26 11:34:51.000 UTC,1782473691000,0,40.2232866,-8.4273083,24,246,12,22,0,"{""239"":1,""240"":1,""21"":4,""200"":0,""69"":1,""237"":2,""113"":100,""303"":1,""383"":3,""1149"":1,""181"":14,""182"":8,""66"":14866,""24"":22,""206"":48740,""67"":4123,""68"":0,""13"":91,""17"":-109,""18"":-257,""19"":-61,""15"":1000,""241"":26806,""199"":1019,""16"":55029,""12"":488,""449"":0,""636"":1583383,""1148"":64,""11"":8935106000,""14"":1160700155,""387"":""2b3430323233322e383636372d303038343237332e303833332b3030302e3032342f""}"
2026-06-30T21:06:16Z,862272088542776,Codec8E,2026-06-26 11:34:53.000 UTC,1782473693000,0,40.2232133,-8.4274583,24,230,12,24,0,"{""239"":1,""240"":1,""21"":5,""200"":0,""69"":1,""237"":2,""113"":100,""303"":1,""383"":3,""1149"":1,""181"":11,""182"":8,""66"":14862,""24"":24,""206"":48740,""67"":4123,""68"":0,""13"":91,""17"":-116,""18"":12,""19"":131,""15"":1000,""241"":26806,""199"":1034,""16"":55044,""12"":488,""449"":0,""636"":1583383,""1148"":64,""11"":8935106000,""14"":1160700155,""387"":""2b3430323233322e313333332d303038343237342e353833332b3030302e3032342f""}"
2026-06-30T21:06:16Z,862272088542776,Codec8E,2026-06-26 11:34:55.000 UTC,1782473695000,0,40.2230716,-8.4275899,24,214,12,28,0,"{""239"":1,""240"":1,""21"":5,""200"":0,""69"":1,""237"":2,""113"":100,""303"":1,""383"":3,""1149"":1,""181"":14,""182"":8,""66"":14917,""24"":28,""206"":48740,""67"":4123,""68"":0,""13"":91,""17"":-67,""18"":154,""19"":91,""15"":1000,""241"":26806,""199"":1053,""16"":55063,""12"":488,""449"":0,""636"":1583403,""1148"":64,""11"":8935106000,""14"":1160700155,""387"":""2b3430323233302e373136372d303038343237352e393030302b3030302e3032342f""}"
2026-06-30T21:06:16Z,862272088542776,Codec8E,2026-06-26 11:34:58.000 UTC,1782473698000,0,40.2228366,-8.4278583,23,228,11,36,0,"{""239"":1,""240"":1,""21"":5,""200"":0,""69"":1,""237"":2,""113"":100,""303"":1,""383"":3,""1149"":1,""181"":15,""182"":9,""66"":14858,""24"":36,""206"":48740,""67"":4123,""68"":0,""13"":91,""17"":-104,""18"":25,""19"":-7,""15"":1000,""241"":26806,""199"":1088,""16"":55098,""12"":488,""449"":0,""636"":1583403,""1148"":64,""11"":8935106000,""14"":1160700155,""387"":""2b3430323232382e333636372d303038343237382e353833332b3030302e3032332f""}"
2026-06-30T21:06:16Z,862272088542776,Codec8E,2026-06-26 11:35:06.000 UTC,1782473706000,0,40.2223183,-8.4289349,22,237,8,45,0,"{""239"":1,""240"":1,""21"":5,""200"":0,""69"":1,""237"":2,""113"":100,""303"":1,""383"":3,""1149"":1,""181"":28,""182"":15,""66"":14941,""24"":45,""206"":48740,""67"":4123,""68"":0,""13"":91,""17"":-22,""18"":-25,""19"":-17,""15"":1000,""241"":26806,""199"":1197,""16"":55207,""12"":488,""449"":0,""636"":1634601,""1148"":64,""11"":8935106000,""14"":1160700155,""387"":""2b3430323232332e313833332d303038343238392e333530302b3030302e3032322f""}"
2026-06-30T21:06:16Z,862272088542776,Codec8E,2026-06-26 11:35:10.000 UTC,1782473710000,0,40.2220649,-8.4293783,19,249,9,44,0,"{""239"":1,""240"":1,""21"":5,""200"":0,""69"":1,""237"":2,""113"":100,""303"":1,""383"":3,""1149"":1,""181"":15,""182"":12,""66"":14890,""24"":44,""206"":48740,""67"":4123,""68"":0,""13"":91,""17"":18,""18"":106,""19"":80,""15"":1000,""241"":26806,""199"":1245,""16"":55255,""12"":488,""449"":0,""636"":1634601,""1148"":64,""11"":8935106000,""14"":1160700155,""387"":""2b3430323232302e363530302d303038343239332e373833332b3030302e3031392f""}"
2026-06-30T21:06:18Z,862272088542776,Codec8E,2026-06-26 11:35:12.000 UTC,1782473712000,0,40.2220166,-8.4296383,19,261,10,42,0,"{""239"":1,""240"":1,""21"":5,""200"":0,""69"":1,""237"":2,""113"":100,""303"":1,""383"":3,""1149"":1,""181"":15,""182"":12,""66"":14862,""24"":42,""206"":48740,""67"":4123,""68"":0,""13"":91,""17"":-8,""18"":47,""19"":132,""15"":1000,""241"":26806,""199"":1268,""16"":55278,""12"":488,""449"":0,""636"":609833,""1148"":64,""11"":8935106000,""14"":1160700155,""387"":""2b3430323232302e313636372d303038343239362e333833332b3030302e3031392f""}"
2026-06-30T21:06:18Z,862272088542776,Codec8E,2026-06-26 11:35:15.000 UTC,1782473715000,0,40.2220133,-8.4299999,20,274,12,38,0,"{""239"":1,""240"":1,""21"":4,""200"":0,""69"":1,""237"":2,""113"":100,""303"":1,""383"":3,""1149"":1,""181"":14,""182"":8,""66"":14917,""24"":38,""206"":48740,""67"":4123,""68"":0,""13"":91,""17"":-64,""18"":-47,""19"":-12,""15"":1000,""241"":26806,""199"":1298,""16"":55308,""12"":488,""449"":0,""636"":609833,""1148"":76,""11"":8935106000,""14"":1160700155,""387"":""2b3430323232302e313333332d303038343330302e303030302b3030302e3032302f""}"
2026-06-30T21:06:18Z,862272088542776,Codec8E,2026-06-26 11:35:19.000 UTC,1782473719000,0,40.2220150,-8.4304883,18,258,12,36,0,"{""239"":1,""240"":1,""21"":4,""200"":0,""69"":1,""237"":2,""113"":100,""303"":1,""383"":3,""1149"":1,""181"":16,""182"":10,""66"":14907,""24"":36,""206"":48740,""67"":4123,""68"":0,""13"":91,""17"":-80,""18"":-241,""19"":52,""15"":1000,""241"":26806,""199"":1340,""16"":55350,""12"":488,""449"":0,""636"":609833,""1148"":76,""11"":8935106000,""14"":1160700155,""387"":""2b3430323232302e313530302d303038343330342e383833332b3030302e3031382f""}"
2026-06-30T21:06:18Z,862272088542776,Codec8E,2026-06-26 11:35:21.000 UTC,1782473721000,0,40.2219416,-8.4307050,17,247,12,35,0,"{""239"":1,""240"":1,""21"":4,""200"":0,""69"":1,""237"":2,""113"":100,""303"":1,""383"":3,""1149"":1,""181"":16,""182"":10,""66"":14893,""24"":35,""206"":48740,""67"":4123,""68"":0,""13"":91,""17"":-117,""18"":76,""19"":43,""15"":1000,""241"":26806,""199"":1360,""16"":55370,""12"":488,""449"":0,""636"":609833,""1148"":76,""11"":8935106000,""14"":1160700155,""387"":""2b3430323231392e343136372d303038343330372e303530302b3030302e3031372f""}"
2026-06-30T21:06:18Z,862272088542776,Codec8E,2026-06-26 11:35:22.000 UTC,1782473722000,0,40.2218650,-8.4307916,16,233,12,35,0,"{""239"":1,""240"":1,""21"":4,""200"":0,""69"":1,""237"":2,""113"":100,""303"":1,""383"":3,""1149"":1,""181"":16,""182"":10,""66"":14869,""24"":35,""206"":48740,""67"":4123,""68"":0,""13"":91,""17"":-81,""18"":68,""19"":43,""15"":1000,""241"":26806,""199"":1372,""16"":55382,""12"":488,""449"":0,""636"":609833,""1148"":76,""11"":8935106000,""14"":1160700155,""387"":""2b3430323231382e363530302d303038343330372e393136372b3030302e3031362f""}"
2026-06-30T21:06:19Z,862272088542776,Codec8E,2026-06-26 11:35:26.000 UTC,1782473726000,0,40.2216416,-8.4312766,15,245,11,42,0,"{""239"":1,""240"":1,""21"":4,""200"":0,""69"":1,""237"":2,""113"":100,""303"":1,""383"":3,""1149"":1,""181"":14,""182"":10,""66"":14911,""24"":42,""206"":48740,""67"":4123,""68"":0,""13"":91,""17"":-83,""18"":63,""19"":67,""15"":1000,""241"":26806,""199"":1420,""16"":55430,""12"":488,""449"":0,""636"":609833,""1148"":76,""11"":8935106000,""14"":1160700155,""387"":""2b3430323231362e343136372d303038343331322e373636372b3030302e3031352f""}"
2026-06-30T21:06:19Z,862272088542776,Codec8E,2026-06-26 11:35:28.000 UTC,1782473728000,0,40.2215833,-8.4315600,16,256,11,43,0,"{""239"":1,""240"":1,""21"":4,""200"":0,""69"":1,""237"":2,""113"":100,""303"":1,""383"":3,""1149"":1,""181"":21,""182"":13,""66"":14919,""24"":43,""206"":48740,""67"":4123,""68"":0,""13"":91,""17"":-81,""18"":-57,""19"":72,""15"":1000,""241"":26806,""199"":1445,""16"":55455,""12"":488,""449"":0,""636"":609833,""1148"":76,""11"":8935106000,""14"":1160700155,""387"":""2b3430323231352e383333332d303038343331352e363030302b3030302e3031362f""}"
2026-06-30T21:06:19Z,862272088542776,Codec8E,2026-06-26 11:35:35.000 UTC,1782473735000,0,40.2213683,-8.4327083,19,256,10,50,0,"{""239"":1,""240"":1,""21"":4,""200"":0,""69"":1,""237"":2,""113"":100,""303"":1,""383"":3,""1149"":1,""181"":22,""182"":14,""66"":14905,""24"":50,""206"":48740,""67"":4123,""68"":0,""13"":91,""17"":-15,""18"":-52,""19"":42,""15"":1000,""241"":26806,""199"":1545,""16"":55555,""12"":488,""449"":0,""636"":609833,""1148"":76,""11"":8935106000,""14"":1160700155,""387"":""2b3430323231332e363833332d303038343332372e303833332b3030302e3031392f""}"
2026-06-30T21:06:19Z,862272088542776,Codec8E,2026-06-26 11:35:42.000 UTC,1782473742000,0,40.2210516,-8.4339800,21,248,11,57,0,"{""239"":1,""240"":1,""21"":4,""200"":0,""69"":1,""237"":2,""113"":100,""303"":1,""383"":3,""1149"":1,""181"":20,""182"":13,""66"":14915,""24"":57,""206"":48740,""67"":4123,""68"":0,""13"":91,""17"":-56,""18"":41,""19"":74,""15"":1000,""241"":26806,""199"":1659,""16"":55669,""12"":488,""449"":0,""636"":609833,""1148"":76,""11"":8935106000,""14"":1160700155,""387"":""2b3430323231302e353136372d303038343333392e383030302b3030302e3032312f""}"
2026-06-30T21:06:19Z,862272088542776,Codec8E,2026-06-26 11:35:49.000 UTC,1782473749000,0,40.2206200,-8.4352116,20,244,9,58,0,"{""239"":1,""240"":1,""21"":4,""200"":0,""69"":1,""237"":2,""113"":100,""303"":1,""383"":3,""1149"":20,""181"":22,""182"":15,""66"":14932,""24"":58,""206"":48740,""67"":4123,""68"":0,""13"":91,""17"":6,""18"":-41,""19"":-8,""15"":1000,""241"":26806,""199"":1774,""16"":55784,""12"":488,""449"":0,""636"":609833,""1148"":74,""11"":8935106000,""14"":1160700155,""387"":""2b3430323230362e323030302d303038343335322e313136372b3030302e3032302f""}"
2026-06-30T21:06:21Z,862272088542776,Codec8E,2026-06-26 11:35:56.000 UTC,1782473756000,0,40.2202266,-8.4363233,18,243,9,52,0,"{""239"":1,""240"":1,""21"":4,""200"":0,""69"":1,""237"":2,""113"":100,""303"":1,""383"":3,""1149"":20,""181"":22,""182"":15,""66"":14909,""24"":52,""206"":48740,""67"":4123,""68"":0,""13"":91,""17"":22,""18"":-42,""19"":25,""15"":1000,""241"":26806,""199"":1878,""16"":55888,""12"":488,""449"":0,""636"":310325,""1148"":74,""11"":8935106000,""14"":1160700155,""387"":""2b3430323230322e323636372d303038343336332e323333332b3030302e3031382f""}"
2026-06-30T21:06:21Z,862272088542776,Codec8E,2026-06-26 11:36:01.000 UTC,1782473761000,0,40.2200083,-8.4369216,19,242,9,41,0,"{""239"":1,""240"":1,""21"":3,""200"":0,""69"":1,""237"":2,""113"":100,""303"":1,""383"":3,""1149"":1,""181"":22,""182"":15,""66"":14860,""24"":41,""206"":48740,""67"":4123,""68"":0,""13"":91,""17"":78,""18"":-2,""19"":21,""15"":1000,""241"":26806,""199"":1935,""16"":55945,""12"":488,""449"":0,""636"":609804,""1148"":86,""11"":8935106000,""14"":1160700155,""387"":""2b3430323230302e303833332d303038343336392e323136372b3030302e3031392f""}"
2026-06-30T21:06:21Z,862272088542776,Codec8E,2026-06-26 11:36:04.000 UTC,1782473764000,0,40.2199266,-8.4371350,19,237,10,30,0,"{""239"":1,""240"":1,""21"":3,""200"":0,""69"":1,""237"":2,""113"":100,""303"":1,""383"":3,""1149"":1,""181"":17,""182"":10,""66"":14829,""24"":30,""206"":48740,""67"":4123,""68"":0,""13"":91,""17"":87,""18"":-52,""19"":34,""15"":1000,""241"":26806,""199"":1955,""16"":55965,""12"":488,""449"":0,""636"":609804,""1148"":86,""11"":8935106000,""14"":1160700155,""387"":""2b3430323139392e323636372d303038343337312e333530302b3030302e3031392f""}"
2026-06-30T21:06:21Z,862272088542776,Codec8E,2026-06-26 11:36:06.000 UTC,1782473766000,0,40.2199016,-8.4372350,20,259,9,24,0,"{""239"":1,""240"":1,""21"":3,""200"":0,""69"":1,""237"":2,""113"":100,""303"":1,""383"":3,""1149"":1,""181"":21,""182"":15,""66"":14874,""24"":24,""206"":48740,""67"":4123,""68"":0,""13"":91,""17"":80,""18"":-20,""19"":18,""15"":1000,""241"":26806,""199"":1964,""16"":55974,""12"":488,""449"":0,""636"":609804,""1148"":86,""11"":8935106000,""14"":1160700155,""387"":""2b3430323139392e303136372d303038343337322e333530302b3030302e3032302f""}"
2026-06-30T21:06:21Z,862272088542776,Codec8E,2026-06-26 11:36:09.000 UTC,1782473769000,0,40.2199199,-8.4373033,19,267,9,13,0,"{""239"":1,""240"":1,""21"":3,""200"":0,""69"":1,""237"":2,""113"":100,""303"":1,""383"":3,""1149"":1,""181"":22,""182"":12,""66"":14840,""24"":13,""206"":48740,""67"":4123,""68"":0,""13"":91,""17"":-38,""18"":-21,""19"":6,""15"":1000,""241"":26806,""199"":1971,""16"":55981,""12"":488,""449"":0,""636"":609804,""1148"":86,""11"":8935106000,""14"":1160700155,""387"":""2b3430323139392e323030302d303038343337332e303333332b3030302e3031392f""}"
2026-06-30T21:06:21Z,862272088542776,Codec8E,2026-06-26 11:36:14.000 UTC,1782473774000,0,40.2199100,-8.4373050,20,267,9,3,0,"{""239"":1,""240"":1,""21"":3,""200"":0,""69"":1,""237"":2,""113"":100,""303"":1,""383"":3,""1149"":1,""181"":14,""182"":11,""66"":14884,""24"":3,""206"":48740,""67"":4123,""68"":0,""13"":91,""17"":-36,""18"":-23,""19"":8,""15"":1000,""241"":26806,""199"":1971,""16"":55981,""12"":488,""449"":0,""636"":609804,""1148"":73,""11"":8935106000,""14"":1160700155,""387"":""2b3430323139392e313030302d303038343337332e303530302b3030302e3032302f""}"
2026-06-30T21:06:21Z,862272088542776,Codec8E,2026-06-26 11:36:14.010 UTC,1782473774010,0,40.2199100,-8.4373050,20,267,9,2,303,"{""239"":1,""240"":1,""21"":3,""200"":0,""69"":1,""237"":2,""113"":100,""303"":0,""383"":3,""1149"":1,""181"":14,""182"":11,""66"":14857,""24"":2,""206"":48740,""67"":4123,""68"":0,""13"":91,""17"":-38,""18"":-23,""19"":6,""15"":1000,""241"":26806,""199"":1971,""16"":55981,""12"":488,""449"":0,""636"":609804,""1148"":73,""11"":8935106000,""14"":1160700155,""387"":""2b3430323139392e313030302d303038343337332e303530302b3030302e3032302f""}"
2026-06-30T21:06:21Z,862272088542776,Codec8E,2026-06-26 11:36:54.000 UTC,1782473814000,0,40.2199100,-8.4373050,20,267,10,0,303,"{""239"":1,""240"":1,""21"":4,""200"":0,""69"":1,""237"":2,""113"":100,""303"":1,""383"":3,""1149"":20,""181"":14,""182"":11,""66"":14873,""24"":0,""206"":48740,""67"":4123,""68"":0,""13"":89,""17"":12,""18"":-23,""19"":11,""15"":1000,""241"":26806,""199"":1971,""16"":55981,""12"":498,""449"":0,""636"":609804,""1148"":73,""11"":8935106000,""14"":1160700155,""387"":""2b3430323139392e313030302d303038343337332e303530302b3030302e3032302f""}"
2026-06-30T21:06:21Z,862272088542776,Codec8E,2026-06-26 11:37:02.000 UTC,1782473822000,0,40.2199100,-8.4373050,20,267,10,0,303,"{""239"":1,""240"":1,""21"":4,""200"":0,""69"":1,""237"":2,""113"":100,""303"":0,""383"":3,""1149"":20,""181"":14,""182"":11,""66"":14890,""24"":0,""206"":48740,""67"":4123,""68"":0,""13"":90,""17"":-38,""18"":-19,""19"":8,""15"":1000,""241"":26806,""199"":1971,""16"":55981,""12"":500,""449"":0,""636"":609804,""1148"":73,""11"":8935106000,""14"":1160700155,""387"":""2b3430323139392e313030302d303038343337332e303530302b3030302e3032302f""}"
2026-06-30T21:06:21Z,862272088542776,Codec8E,2026-06-26 11:37:26.000 UTC,1782473846000,0,40.2198549,-8.4373783,20,236,9,6,0,"{""239"":1,""240"":1,""21"":5,""200"":0,""69"":1,""237"":2,""113"":100,""303"":0,""383"":3,""1149"":20,""181"":22,""182"":12,""66"":14943,""24"":6,""206"":48740,""67"":4123,""68"":0,""13"":91,""17"":36,""18"":-12,""19"":16,""15"":1000,""241"":26806,""199"":1980,""16"":55990,""12"":506,""449"":0,""636"":609804,""1148"":72,""11"":8935106000,""14"":1160700155,""387"":""2b3430323139382e353530302d303038343337332e373833332b3030302e3032302f""}"
2026-06-30T21:06:22Z,862272088542776,Codec8E,2026-06-26 11:37:31.000 UTC,1782473851000,0,40.2197783,-8.4375866,20,248,9,12,0,"{""239"":1,""240"":1,""21"":5,""200"":0,""69"":1,""237"":2,""113"":100,""303"":0,""383"":3,""1149"":20,""181"":17,""182"":13,""66"":14924,""24"":12,""206"":48740,""67"":4123,""68"":0,""13"":91,""17"":-111,""18"":-16,""19"":73,""15"":1000,""241"":26806,""199"":2000,""16"":56010,""12"":506,""449"":0,""636"":609804,""1148"":72,""11"":8935106000,""14"":1160700155,""387"":""2b3430323139372e373833332d303038343337352e383636372b3030302e3032302f""}"
2026-06-30T21:06:22Z,862272088542776,Codec8E,2026-06-26 11:37:33.000 UTC,1782473853000,0,40.2197266,-8.4377400,20,242,10,15,303,"{""239"":1,""240"":1,""21"":5,""200"":0,""69"":1,""237"":2,""113"":100,""303"":1,""383"":3,""1149"":20,""181"":22,""182"":15,""66"":14869,""24"":15,""206"":48740,""67"":4123,""68"":0,""13"":91,""17"":-20,""18"":-34,""19"":68,""15"":1000,""241"":26806,""199"":2014,""16"":56024,""12"":506,""449"":0,""636"":609804,""1148"":72,""11"":8935106000,""14"":1160700155,""387"":""2b3430323139372e323636372d303038343337372e343030302b3030302e3032302f""}"
2026-06-30T21:06:22Z,862272088542776,Codec8E,2026-06-26 11:37:40.000 UTC,1782473860000,0,40.2196316,-8.4380883,22,263,10,18,0,"{""239"":1,""240"":1,""21"":5,""200"":0,""69"":1,""237"":2,""113"":100,""303"":1,""383"":3,""1149"":20,""181"":22,""182"":14,""66"":14910,""24"":18,""206"":48740,""67"":4123,""68"":0,""13"":91,""17"":-97,""18"":2,""19"":24,""15"":1000,""241"":26806,""199"":2046,""16"":56056,""12"":506,""449"":0,""636"":1629739,""1148"":72,""11"":8935106000,""14"":1160700155,""387"":""2b3430323139362e333136372d303038343338302e383833332b3030302e3032322f""}"
2026-06-30T21:06:22Z,862272088542776,Codec8E,2026-06-26 11:37:43.000 UTC,1782473863000,0,40.2196433,-8.4383283,24,274,10,21,0,"{""239"":1,""240"":1,""21"":5,""200"":0,""69"":1,""237"":2,""113"":100,""303"":1,""383"":3,""1149"":20,""181"":21,""182"":14,""66"":14922,""24"":21,""206"":48740,""67"":4123,""68"":0,""13"":91,""17"":-16,""18"":-134,""19"":38,""15"":1000,""241"":26806,""199"":2066,""16"":56076,""12"":506,""449"":0,""636"":1629739,""1148"":72,""11"":8935106000,""14"":1160700155,""387"":""2b3430323139362e343333332d303038343338332e323833332b3030302e3032342f""}"
2026-06-30T21:06:22Z,862272088542776,Codec8E,2026-06-26 11:37:46.000 UTC,1782473866000,0,40.2196416,-8.4385599,24,260,11,22,0,"{""239"":1,""240"":1,""21"":5,""200"":0,""69"":1,""237"":2,""113"":100,""303"":1,""383"":3,""1149"":1,""181"":16,""182"":9,""66"":14935,""24"":22,""206"":48740,""67"":4123,""68"":0,""13"":91,""17"":-82,""18"":-163,""19"":82,""15"":1000,""241"":26806,""199"":2086,""16"":56096,""12"":506,""449"":0,""636"":1629739,""1148"":71,""11"":8935106000,""14"":1160700155,""387"":""2b3430323139362e343136372d303038343338352e363030302b3030302e3032342f""}"
2026-06-30T21:06:23Z,862272088542776,Codec8E,2026-06-26 11:37:48.000 UTC,1782473868000,0,40.2196050,-8.4387150,25,245,11,23,0,"{""239"":1,""240"":1,""21"":5,""200"":0,""69"":1,""237"":2,""113"":100,""303"":1,""383"":3,""1149"":1,""181"":15,""182"":9,""66"":14932,""24"":23,""206"":48740,""67"":4123,""68"":0,""13"":91,""17"":-60,""18"":-176,""19"":40,""15"":1000,""241"":26806,""199"":2100,""16"":56110,""12"":506,""449"":0,""636"":1629739,""1148"":71,""11"":8935106000,""14"":1160700155,""387"":""2b3430323139362e303530302d303038343338372e313530302b3030302e3032352f""}"
2026-06-30T21:06:23Z,862272088542776,Codec8E,2026-06-26 11:37:50.000 UTC,1782473870000,0,40.2195250,-8.4388516,26,228,11,24,0,"{""239"":1,""240"":1,""21"":5,""200"":0,""69"":1,""237"":2,""113"":100,""303"":1,""383"":3,""1149"":1,""181"":12,""182"":9,""66"":14899,""24"":24,""206"":48740,""67"":4123,""68"":0,""13"":91,""17"":-87,""18"":-19,""19"":38,""15"":1000,""241"":26806,""199"":2114,""16"":56124,""12"":506,""449"":0,""636"":1629739,""1148"":71,""11"":8935106000,""14"":1160700155,""387"":""2b3430323139352e323530302d303038343338382e353136372b3030302e3032362f""}"
2026-06-30T21:06:23Z,862272088542776,Codec8E,2026-06-26 11:37:59.000 UTC,1782473879000,0,40.2191599,-8.4392883,28,204,6,16,0,"{""239"":1,""240"":1,""21"":5,""200"":0,""69"":1,""237"":2,""113"":100,""303"":1,""383"":3,""1149"":1,""181"":28,""182"":26,""66"":14890,""24"":16,""206"":48740,""67"":4123,""68"":0,""13"":91,""17"":-73,""18"":-118,""19"":78,""15"":1000,""241"":26806,""199"":2171,""16"":56181,""12"":506,""449"":0,""636"":1629739,""1148"":71,""11"":8935106000,""14"":1160700155,""387"":""2b3430323139312e363030302d303038343339322e383833332b3030302e3032382f""}"
2026-06-30T21:06:23Z,862272088542776,Codec8E,2026-06-26 11:38:00.000 UTC,1782473880000,0,40.2190800,-8.4392916,28,193,7,15,0,"{""239"":1,""240"":1,""21"":5,""200"":0,""69"":1,""237"":2,""113"":100,""303"":1,""383"":3,""1149"":1,""181"":27,""182"":25,""66"":14933,""24"":15,""206"":48740,""67"":4123,""68"":0,""13"":91,""17"":-76,""18"":-79,""19"":33,""15"":1000,""241"":26806,""199"":2179,""16"":56189,""12"":506,""449"":0,""636"":1629739,""1148"":71,""11"":8935106000,""14"":1160700155,""387"":""2b3430323139302e383030302d303038343339322e393136372b3030302e3032382f""}"
2026-06-30T21:06:23Z,862272088542776,Codec8E,2026-06-26 11:38:01.000 UTC,1782473881000,0,40.2189916,-8.4392716,28,179,7,16,0,"{""239"":1,""240"":1,""21"":5,""200"":0,""69"":1,""237"":2,""113"":100,""303"":1,""383"":3,""1149"":1,""181"":27,""182"":25,""66"":14916,""24"":16,""206"":48740,""67"":4123,""68"":0,""13"":91,""17"":-77,""18"":-62,""19"":97,""15"":1000,""241"":26806,""199"":2189,""16"":56199,""12"":506,""449"":0,""636"":1629739,""1148"":71,""11"":8935106000,""14"":1160700155,""387"":""2b3430323138392e393136372d303038343339322e373136372b3030302e3032382f""}"
2026-06-30T21:06:24Z,862272088542776,Codec8E,2026-06-26 11:38:02.000 UTC,1782473882000,0,40.2189066,-8.4392449,28,169,7,17,0,"{""239"":1,""240"":1,""21"":5,""200"":0,""69"":1,""237"":2,""113"":100,""303"":1,""383"":3,""1149"":1,""181"":25,""182"":17,""66"":14881,""24"":17,""206"":48740,""67"":4123,""68"":0,""13"":91,""17"":-63,""18"":7,""19"":27,""15"":1000,""241"":26806,""199"":2199,""16"":56209,""12"":506,""449"":0,""636"":1629739,""1148"":71,""11"":8935106000,""14"":1160700155,""387"":""2b3430323138392e303636372d303038343339322e343530302b3030302e3032382f""}"
2026-06-30T21:06:24Z,862272088542776,Codec8E,2026-06-26 11:38:04.000 UTC,1782473884000,0,40.2186949,-8.4391483,28,153,9,21,0,"{""239"":1,""240"":1,""21"":5,""200"":0,""69"":1,""237"":2,""113"":100,""303"":1,""383"":3,""1149"":1,""181"":17,""182"":9,""66"":14874,""24"":21,""206"":48740,""67"":4123,""68"":0,""13"":91,""17"":-13,""18"":-29,""19"":-1,""15"":1000,""241"":26806,""199"":2224,""16"":56234,""12"":506,""449"":0,""636"":1629739,""1148"":71,""11"":8935106000,""14"":1160700155,""387"":""2b3430323138362e393530302d303038343339312e343833332b3030302e3032382f""}"
2026-06-30T21:06:24Z,862272088542776,Codec8E,2026-06-26 11:38:10.000 UTC,1782473890000,0,40.2181866,-8.4389033,28,164,11,26,0,"{""239"":1,""240"":1,""21"":5,""200"":0,""69"":1,""237"":2,""113"":100,""303"":1,""383"":3,""1149"":1,""181"":11,""182"":8,""66"":14892,""24"":26,""206"":48740,""67"":4123,""68"":0,""13"":91,""17"":-66,""18"":-42,""19"":24,""15"":1000,""241"":26806,""199"":2284,""16"":56294,""12"":506,""449"":0,""636"":1629739,""1148"":71,""11"":8935106000,""14"":1160700155,""387"":""2b3430323138312e383636372d303038343338392e303333332b3030302e3032382f""}"
2026-06-30T21:06:24Z,862272088542776,Codec8E,2026-06-26 11:38:16.000 UTC,1782473896000,0,40.2178433,-8.4386666,30,154,11,25,0,"{""239"":1,""240"":1,""21"":5,""200"":0,""69"":1,""237"":2,""113"":100,""303"":1,""383"":3,""1149"":1,""181"":13,""182"":8,""66"":14840,""24"":25,""206"":48740,""67"":4123,""68"":0,""13"":91,""17"":-52,""18"":-34,""19"":28,""15"":1000,""241"":26806,""199"":2328,""16"":56338,""12"":506,""449"":0,""636"":1629729,""1148"":25,""11"":8935106000,""14"":1160700155,""387"":""2b3430323137382e343333332d303038343338362e363636372b3030302e3033302f""}"
2026-06-30T21:06:24Z,862272088542776,Codec8E,2026-06-26 11:38:25.000 UTC,1782473905000,0,40.2173900,-8.4384616,32,164,11,22,0,"{""239"":1,""240"":1,""21"":5,""200"":0,""69"":1,""237"":2,""113"":100,""303"":1,""383"":3,""1149"":1,""181"":11,""182"":8,""66"":14897,""24"":22,""206"":48740,""67"":4123,""68"":0,""13"":91,""17"":-109,""18"":7,""19"":32,""15"":1000,""241"":26806,""199"":2381,""16"":56391,""12"":506,""449"":0,""636"":1629729,""1148"":25,""11"":8935106000,""14"":1160700155,""387"":""2b3430323137332e393030302d303038343338342e363136372b3030302e3033322f""}"
2026-06-30T21:06:25Z,862272088542776,Codec8E,2026-06-26 11:38:28.000 UTC,1782473908000,0,40.2171866,-8.4384233,32,176,11,25,0,"{""239"":1,""240"":1,""21"":5,""200"":0,""69"":1,""237"":2,""113"":100,""303"":1,""383"":3,""1149"":1,""181"":11,""182"":8,""66"":14848,""24"":25,""206"":48740,""67"":4123,""68"":0,""13"":91,""17"":-41,""18"":71,""19"":17,""15"":1000,""241"":26806,""199"":2404,""16"":56414,""12"":506,""449"":0,""636"":1629729,""1148"":25,""11"":8935106000,""14"":1160700155,""387"":""2b3430323137312e383636372d303038343338342e323333332b3030302e3033322f""}"
2026-06-30T21:06:25Z,862272088542776,Codec8E,2026-06-26 11:38:31.000 UTC,1782473911000,0,40.2169949,-8.4384183,32,190,11,27,0,"{""239"":1,""240"":1,""21"":5,""200"":0,""69"":1,""237"":2,""113"":100,""303"":1,""383"":3,""1149"":1,""181"":13,""182"":8,""66"":14848,""24"":27,""206"":48740,""67"":4123,""68"":0,""13"":91,""17"":-62,""18"":62,""19"":7,""15"":1000,""241"":26806,""199"":2425,""16"":56435,""12"":506,""449"":0,""636"":1629729,""1148"":25,""11"":8935106000,""14"":1160700155,""387"":""2b3430323136392e393530302d303038343338342e313833332b3030302e3033322f""}"
2026-06-30T21:06:25Z,862272088542776,Codec8E,2026-06-26 11:38:32.000 UTC,1782473912000,0,40.2169233,-8.4384533,32,200,12,28,0,"{""239"":1,""240"":1,""21"":5,""200"":0,""69"":1,""237"":2,""113"":100,""303"":1,""383"":3,""1149"":1,""181"":13,""182"":8,""66"":14931,""24"":28,""206"":48740,""67"":4123,""68"":0,""13"":91,""17"":-72,""18"":70,""19"":15,""15"":1000,""241"":26806,""199"":2434,""16"":56444,""12"":506,""449"":0,""636"":1629729,""1148"":25,""11"":8935106000,""14"":1160700155,""387"":""2b3430323136392e323333332d303038343338342e353333332b3030302e3033322f""}"
2026-06-30T21:06:25Z,862272088542776,Codec8E,2026-06-26 11:38:34.000 UTC,1782473914000,0,40.2167599,-8.4385583,32,210,12,31,0,"{""239"":1,""240"":1,""21"":5,""200"":0,""69"":1,""237"":2,""113"":100,""303"":1,""383"":3,""1149"":1,""181"":13,""182"":8,""66"":14906,""24"":31,""206"":48740,""67"":4123,""68"":0,""13"":91,""17"":-5,""18"":44,""19"":85,""15"":1000,""241"":26806,""199"":2454,""16"":56464,""12"":506,""449"":0,""636"":1629729,""1148"":25,""11"":8935106000,""14"":1160700155,""387"":""2b3430323136372e363030302d303038343338352e353833332b3030302e3033322f""}"
2026-06-30T21:06:25Z,862272088542776,Codec8E,2026-06-26 11:38:37.000 UTC,1782473917000,0,40.2165416,-8.4387549,33,220,12,31,0,"{""239"":1,""240"":1,""21"":5,""200"":0,""69"":1,""237"":2,""113"":100,""303"":1,""383"":3,""1149"":1,""181"":10,""182"":8,""66"":14931,""24"":31,""206"":48740,""67"":4123,""68"":0,""13"":91,""17"":-5,""18"":5,""19"":58,""15"":1000,""241"":26806,""199"":2484,""16"":56494,""12"":506,""449"":0,""636"":1629729,""1148"":25,""11"":8935106000,""14"":1160700155,""387"":""2b3430323136352e343136372d303038343338372e353530302b3030302e3033332f""}"
2026-06-30T21:06:25Z,862272088542776,Codec8E,2026-06-26 11:38:45.000 UTC,1782473925000,0,40.2160216,-8.4395200,33,229,12,41,0,"{""239"":1,""240"":1,""21"":5,""200"":0,""69"":1,""237"":2,""113"":100,""303"":1,""383"":3,""1149"":1,""181"":13,""182"":8,""66"":14931,""24"":41,""206"":48740,""67"":4123,""68"":0,""13"":91,""17"":-62,""18"":-18,""19"":90,""15"":1000,""241"":26806,""199"":2571,""16"":56581,""12"":506,""449"":0,""636"":1629729,""1148"":25,""11"":8935106000,""14"":1160700155,""387"":""2b3430323136302e323136372d303038343339352e323030302b3030302e3033332f""}"
2026-06-30T21:06:25Z,862272088542776,Codec8E,2026-06-26 11:38:52.000 UTC,1782473932000,0,40.2154516,-8.4405350,33,233,13,50,0,"{""239"":1,""240"":1,""21"":5,""200"":0,""69"":1,""237"":2,""113"":100,""303"":1,""383"":3,""1149"":7,""181"":10,""182"":7,""66"":14878,""24"":50,""206"":48740,""67"":4123,""68"":0,""13"":91,""17"":-64,""18"":-34,""19"":29,""15"":1000,""241"":26806,""199"":2678,""16"":56688,""12"":506,""449"":0,""636"":1629729,""1148"":25,""11"":8935106000,""14"":1160700155,""387"":""2b3430323135342e353136372d303038343430352e333530302b3030302e3033332f""}"
2026-06-30T21:06:25Z,862272088542776,Codec8E,2026-06-26 11:39:00.000 UTC,1782473940000,0,40.2148250,-8.4415516,33,246,13,50,0,"{""239"":1,""240"":1,""21"":5,""200"":0,""69"":1,""237"":2,""113"":100,""303"":1,""383"":3,""1149"":7,""181"":10,""182"":7,""66"":14931,""24"":50,""206"":48740,""67"":4123,""68"":0,""13"":91,""17"":20,""18"":145,""19"":10,""15"":1000,""241"":26806,""199"":2789,""16"":56799,""12"":506,""449"":0,""636"":609804,""1148"":25,""11"":8935106000,""14"":1160700155,""387"":""2b3430323134382e323530302d303038343431352e353136372b3030302e3033332f""}"
2026-06-30T21:06:25Z,862272088542776,Codec8E,2026-06-26 11:39:02.000 UTC,1782473942000,0,40.2147516,-8.4418850,34,256,13,50,0,"{""239"":1,""240"":1,""21"":5,""200"":0,""69"":1,""237"":2,""113"":100,""303"":1,""383"":3,""1149"":7,""181"":10,""182"":7,""66"":14909,""24"":50,""206"":48740,""67"":4123,""68"":0,""13"":91,""17"":0,""18"":134,""19"":19,""15"":1000,""241"":26806,""199"":2818,""16"":56828,""12"":506,""449"":0,""636"":609804,""1148"":25,""11"":8935106000,""14"":1160700155,""387"":""2b3430323134372e353136372d303038343431382e383530302b3030302e3033342f""}"
2026-06-30T21:06:25Z,862272088542776,Codec8E,2026-06-26 11:39:03.000 UTC,1782473943000,0,40.2147433,-8.4420516,36,268,13,48,0,"{""239"":1,""240"":1,""21"":5,""200"":0,""69"":1,""237"":2,""113"":100,""303"":1,""383"":3,""1149"":7,""181"":11,""182"":7,""66"":14921,""24"":48,""206"":48740,""67"":4123,""68"":0,""13"":91,""17"":21,""18"":166,""19"":28,""15"":1000,""241"":26806,""199"":2832,""16"":56842,""12"":506,""449"":0,""636"":609804,""1148"":25,""11"":8935106000,""14"":1160700155,""387"":""2b3430323134372e343333332d303038343432302e353136372b3030302e3033362f""}"
2026-06-30T21:06:26Z,862272088542776,Codec8E,2026-06-26 11:39:05.000 UTC,1782473945000,0,40.2147616,-8.4423366,31,279,12,46,0,"{""239"":1,""240"":1,""21"":5,""200"":0,""69"":1,""237"":2,""113"":100,""303"":1,""383"":3,""1149"":7,""181"":11,""182"":8,""66"":14912,""24"":46,""206"":48740,""67"":4123,""68"":0,""13"":91,""17"":42,""18"":44,""19"":189,""15"":1000,""241"":26806,""199"":2857,""16"":56867,""12"":506,""449"":0,""636"":609804,""1148"":25,""11"":8935106000,""14"":1160700155,""387"":""2b3430323134372e363136372d303038343432332e333636372b3030302e3033312f""}"
2026-06-30T21:06:26Z,862272088542776,Codec8E,2026-06-26 11:39:11.000 UTC,1782473951000,0,40.2149200,-8.4432750,29,269,13,45,0,"{""239"":1,""240"":1,""21"":5,""200"":0,""69"":1,""237"":2,""113"":100,""303"":1,""383"":3,""1149"":7,""181"":10,""182"":7,""66"":14935,""24"":45,""206"":48740,""67"":4123,""68"":0,""13"":91,""17"":-58,""18"":-109,""19"":122,""15"":1000,""241"":26806,""199"":2938,""16"":56948,""12"":506,""449"":0,""636"":609834,""1148"":25,""11"":8935106000,""14"":1160700155,""387"":""2b3430323134392e323030302d303038343433322e373530302b3030302e3032392f""}"
2026-06-30T21:06:26Z,862272088542776,Codec8E,2026-06-26 11:39:12.000 UTC,1782473952000,0,40.2149099,-8.4434000,24,259,13,45,0,"{""239"":1,""240"":1,""21"":5,""200"":0,""69"":1,""237"":2,""113"":100,""303"":1,""383"":3,""1149"":7,""181"":10,""182"":7,""66"":14911,""24"":45,""206"":48740,""67"":4123,""68"":0,""13"":91,""17"":-25,""18"":-52,""19"":122,""15"":1000,""241"":26806,""199"":2949,""16"":56959,""12"":506,""449"":0,""636"":609834,""1148"":25,""11"":8935106000,""14"":1160700155,""387"":""2b3430323134392e313030302d303038343433342e303030302b3030302e3032342f""}"
2026-06-30T21:06:26Z,862272088542776,Codec8E,2026-06-26 11:39:15.000 UTC,1782473955000,0,40.2148416,-8.4437966,20,247,12,44,0,"{""239"":1,""240"":1,""21"":4,""200"":0,""69"":1,""237"":2,""113"":100,""303"":1,""383"":3,""1149"":1,""181"":11,""182"":8,""66"":14845,""24"":44,""206"":48740,""67"":4123,""68"":0,""13"":91,""17"":-9,""18"":-13,""19"":43,""15"":1000,""241"":26806,""199"":2984,""16"":56994,""12"":506,""449"":0,""636"":609834,""1148"":76,""11"":8935106000,""14"":1160700155,""387"":""2b3430323134382e343136372d303038343433372e393636372b3030302e3032302f""}"
2026-06-30T21:06:26Z,862272088542776,Codec8E,2026-06-26 11:39:24.000 UTC,1782473964000,0,40.2145566,-8.4448183,18,262,11,33,0,"{""239"":1,""240"":1,""21"":4,""200"":0,""69"":1,""237"":2,""113"":100,""303"":1,""383"":3,""1149"":1,""181"":11,""182"":8,""66"":14844,""24"":33,""206"":48740,""67"":4123,""68"":0,""13"":91,""17"":-106,""18"":222,""19"":57,""15"":1000,""241"":26806,""199"":3076,""16"":57086,""12"":506,""449"":0,""636"":609804,""1148"":76,""11"":8935106000,""14"":1160700155,""387"":""2b3430323134352e353636372d303038343434382e313833332b3030302e3031382f""}"
2026-06-30T21:06:27Z,862272088542776,Codec8E,2026-06-26 11:39:25.000 UTC,1782473965000,0,40.2145583,-8.4449016,17,274,12,31,0,"{""239"":1,""240"":1,""21"":4,""200"":0,""69"":1,""237"":2,""113"":100,""303"":1,""383"":3,""1149"":1,""181"":10,""182"":8,""66"":14945,""24"":31,""206"":48740,""67"":4123,""68"":0,""13"":91,""17"":-136,""18"":238,""19"":8,""15"":1000,""241"":26806,""199"":3084,""16"":57094,""12"":506,""449"":0,""636"":609804,""1148"":76,""11"":8935106000,""14"":1160700155,""387"":""2b3430323134352e353833332d303038343434392e303136372b3030302e3031372f""}"
2026-06-30T21:06:27Z,862272088542776,Codec8E,2026-06-26 11:39:26.000 UTC,1782473966000,0,40.2145800,-8.4449883,17,290,12,30,0,"{""239"":1,""240"":1,""21"":4,""200"":0,""69"":1,""237"":2,""113"":100,""303"":1,""383"":3,""1149"":1,""181"":12,""182"":8,""66"":14850,""24"":30,""206"":48740,""67"":4123,""68"":0,""13"":91,""17"":-117,""18"":-22,""19"":58,""15"":1000,""241"":26806,""199"":3091,""16"":57101,""12"":506,""449"":0,""636"":609804,""1148"":76,""11"":8935106000,""14"":1160700155,""387"":""2b3430323134352e383030302d303038343434392e383833332b3030302e3031372f""}"
2026-06-30T21:06:27Z,862272088542776,Codec8E,2026-06-26 11:39:28.000 UTC,1782473968000,0,40.2146650,-8.4451549,17,301,12,30,0,"{""239"":1,""240"":1,""21"":4,""200"":0,""69"":1,""237"":2,""113"":100,""303"":1,""383"":3,""1149"":1,""181"":10,""182"":8,""66"":14868,""24"":30,""206"":48740,""67"":4123,""68"":0,""13"":91,""17"":10,""18"":-265,""19"":72,""15"":1000,""241"":26806,""199"":3108,""16"":57118,""12"":506,""449"":0,""636"":609834,""1148"":76,""11"":8935106000,""14"":1160700155,""387"":""2b3430323134362e363530302d303038343435312e353530302b3030302e3031372f""}"
2026-06-30T21:06:27Z,862272088542776,Codec8E,2026-06-26 11:39:30.000 UTC,1782473970000,0,40.2147600,-8.4453933,18,287,12,33,0,"{""239"":1,""240"":1,""21"":4,""200"":0,""69"":1,""237"":2,""113"":100,""303"":1,""383"":3,""1149"":1,""181"":10,""182"":8,""66"":14866,""24"":33,""206"":48740,""67"":4123,""68"":0,""13"":91,""17"":-25,""18"":-192,""19"":88,""15"":1000,""241"":26806,""199"":3131,""16"":57141,""12"":506,""449"":0,""636"":1629738,""1148"":76,""11"":8935106000,""14"":1160700155,""387"":""2b3430323134372e363030302d303038343435332e393333332b3030302e3031382f""}"
2026-06-30T21:06:27Z,862272088542776,Codec8E,2026-06-26 11:39:32.000 UTC,1782473972000,0,40.2147849,-8.4456600,18,273,12,36,0,"{""239"":1,""240"":1,""21"":4,""200"":0,""69"":1,""237"":2,""113"":100,""303"":1,""383"":3,""1149"":1,""181"":11,""182"":8,""66"":14911,""24"":36,""206"":48740,""67"":4123,""68"":0,""13"":91,""17"":-61,""18"":-12,""19"":32,""15"":1000,""241"":26806,""199"":3154,""16"":57164,""12"":506,""449"":0,""636"":609834,""1148"":76,""11"":8935106000,""14"":1160700155,""387"":""2b3430323134372e383530302d303038343435362e363030302b3030302e3031382f""}"
2026-06-30T21:06:28Z,862272088542776,Codec8E,2026-06-26 11:39:34.000 UTC,1782473974000,0,40.2147950,-8.4458866,18,263,12,38,0,"{""239"":1,""240"":1,""21"":4,""200"":0,""69"":1,""237"":2,""113"":100,""303"":1,""383"":3,""1149"":1,""181"":11,""182"":8,""66"":14907,""24"":38,""206"":48740,""67"":4123,""68"":0,""13"":91,""17"":-7,""18"":-77,""19"":34,""15"":1000,""241"":26806,""199"":3173,""16"":57183,""12"":506,""449"":0,""636"":1629738,""1148"":76,""11"":8935106000,""14"":1160700155,""387"":""2b3430323134372e393530302d303038343435382e383636372b3030302e3031382f""}"
2026-06-30T21:06:28Z,862272088542776,Codec8E,2026-06-26 11:39:36.000 UTC,1782473976000,0,40.2147516,-8.4461616,18,253,12,39,0,"{""239"":1,""240"":1,""21"":4,""200"":0,""69"":1,""237"":2,""113"":100,""303"":1,""383"":3,""1149"":1,""181"":11,""182"":8,""66"":14939,""24"":39,""206"":48740,""67"":4123,""68"":0,""13"":91,""17"":69,""18"":-255,""19"":57,""15"":1000,""241"":26806,""199"":3197,""16"":57207,""12"":506,""449"":0,""636"":1629738,""1148"":76,""11"":8935106000,""14"":1160700155,""387"":""2b3430323134372e353136372d303038343436312e363136372b3030302e3031382f""}"
2026-06-30T21:06:28Z,862272088542776,Codec8E,2026-06-26 11:39:38.000 UTC,1782473978000,0,40.2146533,-8.4463983,20,240,12,37,0,"{""239"":1,""240"":1,""21"":4,""200"":0,""69"":1,""237"":2,""113"":100,""303"":1,""383"":3,""1149"":1,""181"":13,""182"":8,""66"":14878,""24"":37,""206"":48740,""67"":4123,""68"":0,""13"":91,""17"":3,""18"":-297,""19"":0,""15"":1000,""241"":26806,""199"":3220,""16"":57230,""12"":506,""449"":0,""636"":1629738,""1148"":76,""11"":8935106000,""14"":1160700155,""387"":""2b3430323134362e353333332d303038343436332e393833332b3030302e3032302f""}"
2026-06-30T21:06:28Z,862272088542776,Codec8E,2026-06-26 11:39:39.000 UTC,1782473979000,0,40.2145983,-8.4464766,20,230,12,35,0,"{""239"":1,""240"":1,""21"":4,""200"":0,""69"":1,""237"":2,""113"":100,""303"":1,""383"":3,""1149"":1,""181"":13,""182"":8,""66"":14910,""24"":35,""206"":48740,""67"":4123,""68"":0,""13"":91,""17"":-5,""18"":-240,""19"":3,""15"":1000,""241"":26806,""199"":3229,""16"":57239,""12"":506,""449"":0,""636"":1629738,""1148"":76,""11"":8935106000,""14"":1160700155,""387"":""2b3430323134352e393833332d303038343436342e373636372b3030302e3032302f""}"
2026-06-30T21:06:28Z,862272088542776,Codec8E,2026-06-26 11:39:41.000 UTC,1782473981000,0,40.2144516,-8.4466016,20,219,12,34,0,"{""239"":1,""240"":1,""21"":4,""200"":0,""69"":1,""237"":2,""113"":100,""303"":1,""383"":3,""1149"":1,""181"":13,""182"":8,""66"":14887,""24"":34,""206"":48740,""67"":4123,""68"":0,""13"":91,""17"":10,""18"":-139,""19"":88,""15"":1000,""241"":26806,""199"":3249,""16"":57259,""12"":506,""449"":0,""636"":1629738,""1148"":76,""11"":8935106000,""14"":1160700155,""387"":""2b3430323134342e353136372d303038343436362e303136372b3030302e3032302f""}"
2026-06-30T21:06:29Z,862272088542776,Codec8E,2026-06-26 11:39:43.000 UTC,1782473983000,0,40.2143049,-8.4466499,20,201,12,32,0,"{""239"":1,""240"":1,""21"":4,""200"":0,""69"":1,""237"":2,""113"":100,""303"":1,""383"":3,""1149"":1,""181"":11,""182"":8,""66"":14838,""24"":32,""206"":48740,""67"":4123,""68"":0,""13"":91,""17"":-151,""18"":-168,""19"":-24,""15"":1000,""241"":26806,""199"":3266,""16"":57276,""12"":506,""449"":0,""636"":1629738,""1148"":76,""11"":8935106000,""14"":1160700155,""387"":""2b3430323134332e303530302d303038343436362e353030302b3030302e3032302f""}"
2026-06-30T21:06:29Z,862272088542776,Codec8E,2026-06-26 11:39:44.000 UTC,1782473984000,0,40.2142216,-8.4466266,19,183,12,31,0,"{""239"":1,""240"":1,""21"":4,""200"":0,""69"":1,""237"":2,""113"":100,""303"":1,""383"":3,""1149"":1,""181"":13,""182"":8,""66"":14929,""24"":31,""206"":48740,""67"":4123,""68"":0,""13"":91,""17"":-117,""18"":-48,""19"":43,""15"":1000,""241"":26806,""199"":3275,""16"":57285,""12"":506,""449"":0,""636"":1629738,""1148"":74,""11"":8935106000,""14"":1160700155,""387"":""2b3430323134322e323136372d303038343436362e323636372b3030302e3031392f""}"
2026-06-30T21:06:29Z,862272088542776,Codec8E,2026-06-26 11:39:46.000 UTC,1782473986000,0,40.2140716,-8.4465516,19,162,12,29,0,"{""239"":1,""240"":1,""21"":4,""200"":0,""69"":1,""237"":2,""113"":100,""303"":1,""383"":3,""1149"":1,""181"":11,""182"":8,""66"":14925,""24"":29,""206"":48740,""67"":4123,""68"":0,""13"":91,""17"":-67,""18"":99,""19"":144,""15"":1000,""241"":26806,""199"":3293,""16"":57303,""12"":506,""449"":0,""636"":1629738,""1148"":74,""11"":8935106000,""14"":1160700155,""387"":""2b3430323134302e373136372d303038343436352e353136372b3030302e3031392f""}"
2026-06-30T21:06:29Z,862272088542776,Codec8E,2026-06-26 11:39:51.000 UTC,1782473991000,0,40.2135283,-8.4463433,19,178,12,35,0,"{""239"":1,""240"":1,""21"":4,""200"":0,""69"":1,""237"":2,""113"":100,""303"":1,""383"":3,""1149"":1,""181"":12,""182"":8,""66"":14931,""24"":35,""206"":48740,""67"":4123,""68"":0,""13"":91,""17"":-159,""18"":13,""19"":88,""15"":1000,""241"":26806,""199"":3357,""16"":57367,""12"":506,""449"":0,""636"":1629738,""1148"":74,""11"":8935106000,""14"":1160700155,""387"":""2b3430323133352e323833332d303038343436332e343333332b3030302e3031392f""}"
2026-06-30T21:06:29Z,862272088542776,Codec8E,2026-06-26 11:39:54.000 UTC,1782473994000,0,40.2131116,-8.4464166,19,190,11,42,0,"{""239"":1,""240"":1,""21"":4,""200"":0,""69"":1,""237"":2,""113"":100,""303"":1,""383"":3,""1149"":1,""181"":15,""182"":10,""66"":14887,""24"":42,""206"":48740,""67"":4123,""68"":0,""13"":91,""17"":-184,""18"":41,""19"":46,""15"":1000,""241"":26806,""199"":3403,""16"":57413,""12"":506,""449"":0,""636"":609834,""1148"":74,""11"":8935106000,""14"":1160700155,""387"":""2b3430323133312e313136372d303038343436342e313636372b3030302e3031392f""}"
2026-06-30T21:06:31Z,862272088542776,Codec8E,2026-06-26 11:39:57.000 UTC,1782473997000,0,40.2126166,-8.4464516,20,179,10,53,0,"{""239"":1,""240"":1,""21"":4,""200"":0,""69"":1,""237"":2,""113"":100,""303"":1,""383"":3,""1149"":1,""181"":19,""182"":12,""66"":14922,""24"":53,""206"":48740,""67"":4123,""68"":0,""13"":91,""17"":-129,""18"":-78,""19"":23,""15"":1000,""241"":26806,""199"":3459,""16"":57469,""12"":506,""449"":0,""636"":609834,""1148"":74,""11"":8935106000,""14"":1160700155,""387"":""2b3430323132362e313636372d303038343436342e353136372b3030302e3032302f""}"
2026-06-30T21:06:31Z,862272088542776,Codec8E,2026-06-26 11:40:01.000 UTC,1782474001000,0,40.2119099,-8.4464249,23,178,9,64,0,"{""239"":1,""240"":1,""21"":4,""200"":0,""69"":1,""237"":2,""113"":100,""303"":1,""383"":3,""1149"":1,""181"":15,""182"":12,""66"":14916,""24"":64,""206"":48740,""67"":4123,""68"":0,""13"":91,""17"":-24,""18"":39,""19"":132,""15"":1000,""241"":26806,""199"":3537,""16"":57547,""12"":506,""449"":0,""636"":572684,""1148"":74,""11"":8935106000,""14"":1160700155,""387"":""2b3430323131392e313030302d303038343436342e323530302b3030302e3032332f""}"
2026-06-30T21:06:31Z,862272088542776,Codec8E,2026-06-26 11:40:06.000 UTC,1782474006000,0,40.2109849,-8.4463583,26,177,8,71,0,"{""239"":1,""240"":1,""21"":4,""200"":0,""69"":1,""237"":2,""113"":100,""303"":1,""383"":3,""1149"":1,""181"":23,""182"":14,""66"":14875,""24"":71,""206"":48740,""67"":4123,""68"":0,""13"":91,""17"":-115,""18"":66,""19"":69,""15"":1000,""241"":26806,""199"":3640,""16"":57650,""12"":506,""449"":0,""636"":609804,""1148"":74,""11"":8935106000,""14"":1160700155,""387"":""2b3430323130392e383530302d303038343436332e353833332b3030302e3032362f""}"
2026-06-30T21:06:31Z,862272088542776,Codec8E,2026-06-26 11:40:10.000 UTC,1782474010000,0,40.2101966,-8.4463966,30,189,9,74,0,"{""239"":1,""240"":1,""21"":4,""200"":0,""69"":1,""237"":2,""113"":100,""303"":1,""383"":3,""1149"":1,""181"":14,""182"":11,""66"":14914,""24"":74,""206"":48740,""67"":4123,""68"":0,""13"":91,""17"":-200,""18"":140,""19"":167,""15"":1000,""241"":26806,""199"":3728,""16"":57738,""12"":506,""449"":0,""636"":609804,""1148"":74,""11"":8935106000,""14"":1160700155,""387"":""2b3430323130312e393636372d303038343436332e393636372b3030302e3033302f""}"
2026-06-30T21:06:31Z,862272088542776,Codec8E,2026-06-26 11:40:14.000 UTC,1782474014000,0,40.2094816,-8.4466700,34,199,9,75,0,"{""239"":1,""240"":1,""21"":4,""200"":0,""69"":1,""237"":2,""113"":100,""303"":1,""383"":3,""1149"":1,""181"":14,""182"":11,""66"":14891,""24"":75,""206"":48740,""67"":4123,""68"":0,""13"":91,""17"":-76,""18"":-24,""19"":14,""15"":1000,""241"":26806,""199"":3811,""16"":57821,""12"":506,""449"":0,""636"":572684,""1148"":77,""11"":8935106000,""14"":1160700155,""387"":""2b3430323039342e383136372d303038343436362e373030302b3030302e3033342f""}"
2026-06-30T21:06:32Z,862272088542776,Codec8E,2026-06-26 11:40:19.000 UTC,1782474019000,0,40.2085866,-8.4470933,42,199,9,77,0,"{""239"":1,""240"":1,""21"":4,""200"":0,""69"":1,""237"":2,""113"":100,""303"":1,""383"":3,""1149"":1,""181"":21,""182"":12,""66"":14935,""24"":77,""206"":48740,""67"":4123,""68"":0,""13"":91,""17"":-94,""18"":-30,""19"":39,""15"":1000,""241"":26806,""199"":3917,""16"":57927,""12"":506,""449"":0,""636"":572684,""1148"":77,""11"":8935106000,""14"":1160700155,""387"":""2b3430323038352e383636372d303038343437302e393333332b3030302e3034322f""}"
2026-06-30T21:06:32Z,862272088542776,Codec8E,2026-06-26 11:40:24.000 UTC,1782474024000,0,40.2076250,-8.4475283,51,198,9,80,0,"{""239"":1,""240"":1,""21"":4,""200"":0,""69"":1,""237"":2,""113"":100,""303"":1,""383"":3,""1149"":1,""181"":15,""182"":11,""66"":14906,""24"":80,""206"":48740,""67"":4123,""68"":0,""13"":91,""17"":-116,""18"":-42,""19"":-42,""15"":1000,""241"":26806,""199"":4030,""16"":58040,""12"":506,""449"":0,""636"":572684,""1148"":77,""11"":8935106000,""14"":1160700155,""387"":""2b3430323037362e323530302d303038343437352e323833332b3030302e3035312f""}"
2026-06-30T21:06:32Z,862272088542776,Codec8E,2026-06-26 11:40:29.000 UTC,1782474029000,0,40.2066616,-8.4479750,60,204,9,81,0,"{""239"":1,""240"":1,""21"":4,""200"":0,""69"":1,""237"":2,""113"":100,""303"":1,""383"":3,""1149"":1,""181"":21,""182"":12,""66"":14893,""24"":81,""206"":48740,""67"":4123,""68"":0,""13"":91,""17"":-101,""18"":67,""19"":91,""15"":1000,""241"":26806,""199"":4143,""16"":58153,""12"":506,""449"":0,""636"":572684,""1148"":77,""11"":8935106000,""14"":1160700155,""387"":""2b3430323036362e363136372d303038343437392e373530302b3030302e3036302f""}"
2026-06-30T21:06:32Z,862272088542776,Codec8E,2026-06-26 11:40:33.000 UTC,1782474033000,0,40.2059583,-8.4485133,64,216,10,81,0,"{""239"":1,""240"":1,""21"":4,""200"":0,""69"":1,""237"":2,""113"":100,""303"":1,""383"":3,""1149"":1,""181"":13,""182"":10,""66"":14869,""24"":81,""206"":48740,""67"":4123,""68"":0,""13"":91,""17"":23,""18"":41,""19"":-62,""15"":1000,""241"":26806,""199"":4234,""16"":58244,""12"":506,""449"":0,""636"":572684,""1148"":77,""11"":8935106000,""14"":1160700155,""387"":""2b3430323035392e353833332d303038343438352e313333332b3030302e3036342f""}"
2026-06-30T21:06:32Z,862272088542776,Codec8E,2026-06-26 11:40:38.000 UTC,1782474038000,0,40.2052700,-8.4493633,71,224,9,79,0,"{""239"":1,""240"":1,""21"":4,""200"":0,""69"":1,""237"":2,""113"":100,""303"":1,""383"":3,""1149"":1,""181"":18,""182"":11,""66"":14928,""24"":79,""206"":48740,""67"":4123,""68"":0,""13"":91,""17"":-106,""18"":-49,""19"":61,""15"":1000,""241"":26806,""199"":4339,""16"":58349,""12"":506,""449"":0,""636"":572684,""1148"":77,""11"":8935106000,""14"":1160700155,""387"":""2b3430323035322e373030302d303038343439332e363333332b3030302e3037312f""}"
2026-06-30T21:06:33Z,862272088542776,Codec8E,2026-06-26 11:40:43.000 UTC,1782474043000,0,40.2045200,-8.4503649,74,225,10,84,0,"{""239"":1,""240"":1,""21"":4,""200"":0,""69"":1,""237"":2,""113"":100,""303"":1,""383"":3,""1149"":1,""181"":13,""182"":11,""66"":14863,""24"":84,""206"":48740,""67"":4123,""68"":0,""13"":91,""17"":-41,""18"":-33,""19"":120,""15"":1000,""241"":26806,""199"":4458,""16"":58468,""12"":506,""449"":0,""636"":572684,""1148"":77,""11"":8935106000,""14"":1160700155,""387"":""2b3430323034352e323030302d303038343530332e363530302b3030302e3037342f""}"
2026-06-30T21:06:33Z,862272088542776,Codec8E,2026-06-26 11:40:48.000 UTC,1782474048000,0,40.2037600,-8.4514266,75,226,10,87,0,"{""239"":1,""240"":1,""21"":4,""200"":0,""69"":1,""237"":2,""113"":100,""303"":1,""383"":3,""1149"":1,""181"":13,""182"":11,""66"":14924,""24"":87,""206"":48740,""67"":4123,""68"":0,""13"":91,""17"":-47,""18"":-2,""19"":51,""15"":1000,""241"":26806,""199"":4582,""16"":58592,""12"":506,""449"":0,""636"":572684,""1148"":77,""11"":8935106000,""14"":1160700155,""387"":""2b3430323033372e363030302d303038343531342e323636372b3030302e3037352f""}"
2026-06-30T21:06:33Z,862272088542776,Codec8E,2026-06-26 11:40:52.000 UTC,1782474052000,0,40.2031083,-8.4522800,76,225,9,91,0,"{""239"":1,""240"":1,""21"":4,""200"":0,""69"":1,""237"":2,""113"":100,""303"":1,""383"":3,""1149"":1,""181"":16,""182"":13,""66"":14907,""24"":91,""206"":48740,""67"":4123,""68"":0,""13"":91,""17"":-3,""18"":-10,""19"":88,""15"":1000,""241"":26806,""199"":4684,""16"":58694,""12"":506,""449"":0,""636"":1947433,""1148"":77,""11"":8935106000,""14"":1160700155,""387"":""2b3430323033312e303833332d303038343532322e383030302b3030302e3037362f""}"
2026-06-30T21:06:33Z,862272088542776,Codec8E,2026-06-26 11:40:56.000 UTC,1782474056000,0,40.2024000,-8.4530733,76,217,9,92,0,"{""239"":1,""240"":1,""21"":3,""200"":0,""69"":1,""237"":2,""113"":100,""303"":1,""383"":3,""1149"":1,""181"":16,""182"":13,""66"":14894,""24"":92,""206"":48740,""67"":4123,""68"":0,""13"":91,""17"":17,""18"":-112,""19"":65,""15"":1000,""241"":26806,""199"":4788,""16"":58798,""12"":506,""449"":0,""636"":894476,""1148"":77,""11"":8935106000,""14"":1160700155,""387"":""2b3430323032342e303030302d303038343533302e373333332b3030302e3037362f""}"
2026-06-30T21:06:33Z,862272088542776,Codec8E,2026-06-26 11:41:00.000 UTC,1782474060000,0,40.2016183,-8.4537149,75,206,10,94,0,"{""239"":1,""240"":1,""21"":3,""200"":0,""69"":1,""237"":2,""113"":100,""303"":1,""383"":3,""1149"":1,""181"":13,""182"":11,""66"":14892,""24"":94,""206"":48740,""67"":4123,""68"":0,""13"":91,""17"":27,""18"":-148,""19"":24,""15"":1000,""241"":26806,""199"":4891,""16"":58901,""12"":506,""449"":0,""636"":1662219,""1148"":77,""11"":8935106000,""14"":1160700155,""387"":""2b3430323031362e313833332d303038343533372e313530302b3030302e3037352f""}"
2026-06-30T21:06:34Z,862272088542776,Codec8E,2026-06-26 11:41:03.000 UTC,1782474063000,0,40.2009600,-8.4539350,75,194,11,93,0,"{""239"":1,""240"":1,""21"":3,""200"":0,""69"":1,""237"":2,""113"":100,""303"":1,""383"":3,""1149"":1,""181"":12,""182"":9,""66"":14888,""24"":93,""206"":48740,""67"":4123,""68"":0,""13"":91,""17"":17,""18"":-110,""19"":53,""15"":1000,""241"":26806,""199"":4966,""16"":58976,""12"":506,""449"":0,""636"":894475,""1148"":77,""11"":8935106000,""14"":1160700155,""387"":""2b3430323030392e363030302d303038343533392e333530302b3030302e3037352f""}"
2026-06-30T21:06:34Z,862272088542776,Codec8E,2026-06-26 11:41:05.000 UTC,1782474065000,0,40.2005016,-8.4539666,76,183,11,92,0,"{""239"":1,""240"":1,""21"":3,""200"":0,""69"":1,""237"":2,""113"":100,""303"":1,""383"":3,""1149"":1,""181"":16,""182"":10,""66"":14872,""24"":92,""206"":48740,""67"":4123,""68"":0,""13"":91,""17"":0,""18"":-81,""19"":64,""15"":1000,""241"":26806,""199"":5017,""16"":59027,""12"":506,""449"":0,""636"":894475,""1148"":77,""11"":8935106000,""14"":1160700155,""387"":""2b3430323030352e303136372d303038343533392e363636372b3030302e3037362f""}"
2026-06-30T21:06:34Z,862272088542776,Codec8E,2026-06-26 11:41:08.000 UTC,1782474068000,0,40.1998133,-8.4539249,75,173,11,90,0,"{""239"":1,""240"":1,""21"":3,""200"":0,""69"":1,""237"":2,""113"":100,""303"":1,""383"":3,""1149"":1,""181"":12,""182"":9,""66"":14869,""24"":90,""206"":48740,""67"":4123,""68"":0,""13"":91,""17"":-9,""18"":-46,""19"":67,""15"":1000,""241"":26806,""199"":5094,""16"":59104,""12"":506,""449"":0,""636"":894475,""1148"":77,""11"":8935106000,""14"":1160700155,""387"":""2b3430313939382e313333332d303038343533392e323530302b3030302e3037352f""}"
2026-06-30T21:06:34Z,862272088542776,Codec8E,2026-06-26 11:41:12.000 UTC,1782474072000,0,40.1989399,-8.4536383,72,161,10,87,0,"{""239"":1,""240"":1,""21"":3,""200"":0,""69"":1,""237"":2,""113"":100,""303"":1,""383"":3,""1149"":1,""181"":17,""182"":11,""66"":14884,""24"":87,""206"":48740,""67"":4123,""68"":0,""13"":91,""17"":-18,""18"":-47,""19"":108,""15"":1000,""241"":26806,""199"":5194,""16"":59204,""12"":506,""449"":0,""636"":1420331,""1148"":77,""11"":8935106000,""14"":1160700155,""387"":""2b3430313938392e343030302d303038343533362e333833332b3030302e3037322f""}"
2026-06-30T21:06:34Z,862272088542776,Codec8E,2026-06-26 11:41:17.000 UTC,1782474077000,0,40.1979483,-8.4531000,71,155,10,83,0,"{""239"":1,""240"":1,""21"":4,""200"":0,""69"":1,""237"":2,""113"":100,""303"":1,""383"":3,""1149"":1,""181"":11,""182"":9,""66"":14852,""24"":83,""206"":48740,""67"":4123,""68"":0,""13"":91,""17"":-20,""18"":-12,""19"":167,""15"":1000,""241"":26806,""199"":5314,""16"":59324,""12"":506,""449"":0,""636"":894506,""1148"":82,""11"":8935106000,""14"":1160700155,""387"":""2b3430313937392e343833332d303038343533312e303030302b3030302e3037312f""}"
2026-06-30T21:06:35Z,862272088542776,Codec8E,2026-06-26 11:41:22.000 UTC,1782474082000,0,40.1971066,-8.4525033,73,147,11,78,0,"{""239"":1,""240"":1,""21"":4,""200"":0,""69"":1,""237"":2,""113"":100,""303"":1,""383"":3,""1149"":1,""181"":11,""182"":8,""66"":14945,""24"":78,""206"":48740,""67"":4123,""68"":0,""13"":91,""17"":-131,""18"":-117,""19"":88,""15"":1000,""241"":26806,""199"":5420,""16"":59430,""12"":506,""449"":0,""636"":894506,""1148"":82,""11"":8935106000,""14"":1160700155,""387"":""2b3430313937312e303636372d303038343532352e303333332b3030302e3037332f""}"
2026-06-30T21:06:35Z,862272088542776,Codec8E,2026-06-26 11:41:25.000 UTC,1782474085000,0,40.1966566,-8.4519766,76,134,11,79,0,"{""239"":1,""240"":1,""21"":4,""200"":0,""69"":1,""237"":2,""113"":100,""303"":1,""383"":3,""1149"":1,""181"":11,""182"":8,""66"":14871,""24"":79,""206"":48740,""67"":4123,""68"":0,""13"":91,""17"":-99,""18"":0,""19"":123,""15"":1000,""241"":26806,""199"":5487,""16"":59497,""12"":506,""449"":0,""636"":894506,""1148"":82,""11"":8935106000,""14"":1160700155,""387"":""2b3430313936362e353636372d303038343531392e373636372b3030302e3037362f""}"
2026-06-30T21:06:35Z,862272088542776,Codec8E,2026-06-26 11:41:30.000 UTC,1782474090000,0,40.1959166,-8.4509833,78,144,12,81,0,"{""239"":1,""240"":1,""21"":4,""200"":0,""69"":1,""237"":2,""113"":100,""303"":1,""383"":3,""1149"":1,""181"":10,""182"":8,""66"":14933,""24"":81,""206"":48740,""67"":4123,""68"":0,""13"":91,""17"":-108,""18"":144,""19"":-11,""15"":1000,""241"":26806,""199"":5605,""16"":59615,""12"":506,""449"":0,""636"":894506,""1148"":82,""11"":8935106000,""14"":1160700155,""387"":""2b3430313935392e313636372d303038343530392e383333332b3030302e3037382f""}"
2026-06-30T21:06:35Z,862272088542776,Codec8E,2026-06-26 11:41:33.000 UTC,1782474093000,0,40.1953883,-8.4506166,80,162,11,79,0,"{""239"":1,""240"":1,""21"":4,""200"":0,""69"":1,""237"":2,""113"":100,""303"":1,""383"":3,""1149"":1,""181"":13,""182"":8,""66"":14922,""24"":79,""206"":48740,""67"":4123,""68"":0,""13"":91,""17"":-85,""18"":88,""19"":-4,""15"":1000,""241"":26806,""199"":5672,""16"":59682,""12"":506,""449"":0,""636"":1420331,""1148"":82,""11"":8935106000,""14"":1160700155,""387"":""2b3430313935332e383833332d303038343530362e313636372b3030302e3038302f""}"
2026-06-30T21:06:35Z,862272088542776,Codec8E,2026-06-26 11:41:38.000 UTC,1782474098000,0,40.1943866,-8.4503766,88,172,11,82,0,"{""239"":1,""240"":1,""21"":4,""200"":0,""69"":1,""237"":2,""113"":100,""303"":1,""383"":3,""1149"":1,""181"":11,""182"":8,""66"":14906,""24"":82,""206"":48740,""67"":4123,""68"":0,""13"":91,""17"":-65,""18"":-69,""19"":10,""15"":1000,""241"":26806,""199"":5786,""16"":59796,""12"":506,""449"":0,""636"":1420331,""1148"":82,""11"":8935106000,""14"":1160700155,""387"":""2b3430313934332e383636372d303038343530332e373636372b3030302e3038382f""}"
2026-06-30T21:06:37Z,862272088542776,Codec8E,2026-06-26 11:41:43.000 UTC,1782474103000,0,40.1933850,-8.4502466,94,175,11,82,0,"{""239"":1,""240"":1,""21"":4,""200"":0,""69"":1,""237"":2,""113"":100,""303"":1,""383"":3,""1149"":1,""181"":12,""182"":9,""66"":14867,""24"":82,""206"":48740,""67"":4123,""68"":0,""13"":91,""17"":-73,""18"":-6,""19"":22,""15"":1000,""241"":26806,""199"":5897,""16"":59907,""12"":506,""449"":0,""636"":1420331,""1148"":82,""11"":8935106000,""14"":1160700155,""387"":""2b3430313933332e383530302d303038343530322e343636372b3030302e3039342f""}"
2026-06-30T21:06:37Z,862272088542776,Codec8E,2026-06-26 11:41:48.000 UTC,1782474108000,0,40.1923366,-8.4501133,98,175,10,84,0,"{""239"":1,""240"":1,""21"":5,""200"":0,""69"":1,""237"":2,""113"":100,""303"":1,""383"":3,""1149"":1,""181"":15,""182"":9,""66"":14898,""24"":84,""206"":48740,""67"":4123,""68"":0,""13"":91,""17"":91,""18"":-61,""19"":206,""15"":1000,""241"":26806,""199"":6015,""16"":60025,""12"":506,""449"":0,""636"":1420331,""1148"":65,""11"":8935106000,""14"":1160700155,""387"":""2b3430313932332e333636372d303038343530312e313333332b3030302e3039382f""}"
2026-06-30T21:06:37Z,862272088542776,Codec8E,2026-06-26 11:41:53.000 UTC,1782474113000,0,40.1912816,-8.4499733,101,174,9,84,0,"{""239"":1,""240"":1,""21"":5,""200"":0,""69"":1,""237"":2,""113"":100,""303"":1,""383"":3,""1149"":1,""181"":14,""182"":11,""66"":14922,""24"":84,""206"":48740,""67"":4123,""68"":0,""13"":91,""17"":-118,""18"":-32,""19"":49,""15"":1000,""241"":26806,""199"":6132,""16"":60142,""12"":506,""449"":0,""636"":1420331,""1148"":65,""11"":8935106000,""14"":1160700155,""387"":""2b3430313931322e383136372d303038343439392e373333332b3030302e3130312f""}"
2026-06-30T21:06:37Z,862272088542776,Codec8E,2026-06-26 11:41:58.000 UTC,1782474118000,0,40.1901866,-8.4498400,103,173,9,87,0,"{""239"":1,""240"":1,""21"":5,""200"":0,""69"":1,""237"":2,""113"":100,""303"":1,""383"":3,""1149"":1,""181"":14,""182"":11,""66"":14903,""24"":87,""206"":48740,""67"":4123,""68"":0,""13"":91,""17"":-80,""18"":-69,""19"":52,""15"":1000,""241"":26806,""199"":6255,""16"":60265,""12"":506,""449"":0,""636"":1420331,""1148"":65,""11"":8935106000,""14"":1160700155,""387"":""2b3430313930312e383636372d303038343439382e343030302b3030302e3130332f""}"
2026-06-30T21:06:37Z,862272088542776,Codec8E,2026-06-26 11:42:02.000 UTC,1782474122000,0,40.1892800,-8.4497466,106,173,8,88,0,"{""239"":1,""240"":1,""21"":5,""200"":0,""69"":1,""237"":2,""113"":100,""303"":1,""383"":3,""1149"":1,""181"":29,""182"":20,""66"":14914,""24"":88,""206"":48740,""67"":4123,""68"":0,""13"":91,""17"":-103,""18"":-21,""19"":53,""15"":1000,""241"":26806,""199"":6356,""16"":60366,""12"":506,""449"":0,""636"":1420331,""1148"":65,""11"":8935106000,""14"":1160700155,""387"":""2b3430313839322e383030302d303038343439372e343636372b3030302e3130362f""}"
2026-06-30T21:06:53Z,862272088542776,Codec8E,2026-06-26 11:42:06.000 UTC,1782474126000,0,40.1883683,-8.4496366,112,173,9,90,0,"{""239"":1,""240"":1,""21"":5,""200"":0,""69"":1,""237"":2,""113"":100,""303"":1,""383"":3,""1149"":1,""181"":15,""182"":12,""66"":14909,""24"":90,""206"":48740,""67"":4123,""68"":0,""13"":91,""17"":-100,""18"":-53,""19"":123,""15"":1000,""241"":26806,""199"":6457,""16"":60467,""12"":506,""449"":0,""636"":1420331,""1148"":65,""11"":8935106000,""14"":1160700155,""387"":""2b3430313838332e363833332d303038343439362e333636372b3030302e3131322f""}"
2026-06-30T21:06:53Z,862272088542776,Codec8E,2026-06-26 11:42:10.000 UTC,1782474130000,0,40.1874616,-8.4493900,119,163,9,91,0,"{""239"":1,""240"":1,""21"":5,""200"":0,""69"":1,""237"":2,""113"":100,""303"":1,""383"":3,""1149"":1,""181"":21,""182"":12,""66"":14861,""24"":91,""206"":48740,""67"":4123,""68"":0,""13"":91,""17"":-107,""18"":-22,""19"":16,""15"":1000,""241"":26806,""199"":6560,""16"":60570,""12"":506,""449"":0,""636"":1420331,""1148"":65,""11"":8935106000,""14"":1160700155,""387"":""2b3430313837342e363136372d303038343439332e393030302b3030302e3131392f""}"
2026-06-30T21:06:53Z,862272088542776,Codec8E,2026-06-26 11:42:15.000 UTC,1782474135000,0,40.1863850,-8.4489633,126,163,11,90,0,"{""239"":1,""240"":1,""21"":5,""200"":0,""69"":1,""237"":2,""113"":100,""303"":1,""383"":3,""1149"":1,""181"":12,""182"":9,""66"":14844,""24"":90,""206"":48740,""67"":4123,""68"":0,""13"":91,""17"":-49,""18"":-58,""19"":145,""15"":1000,""241"":26806,""199"":6685,""16"":60695,""12"":506,""449"":0,""636"":1420331,""1148"":65,""11"":8935106000,""14"":1160700155,""387"":""2b3430313836332e383530302d303038343438392e363333332b3030302e3132362f""}"
2026-06-30T21:06:53Z,862272088542776,Codec8E,2026-06-26 11:42:19.000 UTC,1782474139000,0,40.1854716,-8.4487100,132,170,11,91,0,"{""239"":1,""240"":1,""21"":5,""200"":0,""69"":1,""237"":2,""113"":100,""303"":1,""383"":3,""1149"":1,""181"":12,""182"":9,""66"":14853,""24"":91,""206"":48740,""67"":4123,""68"":0,""13"":91,""17"":-105,""18"":-15,""19"":39,""15"":1000,""241"":26806,""199"":6789,""16"":60799,""12"":506,""449"":0,""636"":1420331,""1148"":65,""11"":8935106000,""14"":1160700155,""387"":""2b3430313835342e373136372d303038343438372e313030302b3030302e3133322f""}"
2026-06-30T21:06:53Z,862272088542776,Codec8E,2026-06-26 11:42:23.000 UTC,1782474143000,0,40.1845233,-8.4485516,137,172,11,91,0,"{""239"":1,""240"":1,""21"":5,""200"":0,""69"":1,""237"":2,""113"":100,""303"":1,""383"":3,""1149"":1,""181"":12,""182"":9,""66"":14853,""24"":91,""206"":48740,""67"":4123,""68"":0,""13"":91,""17"":-66,""18"":-13,""19"":65,""15"":1000,""241"":26806,""199"":6896,""16"":60906,""12"":506,""449"":0,""636"":1420331,""1148"":65,""11"":8935106000,""14"":1160700155,""387"":""2b3430313834352e323333332d303038343438352e353136372b3030302e3133372f""}"
2026-06-30T21:06:54Z,862272088542776,Codec8E,2026-06-26 11:42:27.000 UTC,1782474147000,0,40.1836250,-8.4483650,143,172,10,90,0,"{""239"":1,""240"":1,""21"":5,""200"":0,""69"":1,""237"":2,""113"":100,""303"":1,""383"":3,""1149"":1,""181"":12,""182"":9,""66"":14883,""24"":90,""206"":48740,""67"":4123,""68"":0,""13"":91,""17"":-62,""18"":-17,""19"":37,""15"":1000,""241"":26806,""199"":6997,""16"":61007,""12"":506,""449"":0,""636"":1420331,""1148"":65,""11"":8935106000,""14"":1160700155,""387"":""2b3430313833362e323530302d303038343438332e363530302b3030302e3134332f""}"
2026-06-30T21:06:54Z,862272088542776,Codec8E,2026-06-26 11:42:31.000 UTC,1782474151000,0,40.1827166,-8.4482266,150,175,10,90,0,"{""239"":1,""240"":1,""21"":5,""200"":0,""69"":1,""237"":2,""113"":100,""303"":1,""383"":3,""1149"":1,""181"":18,""182"":11,""66"":14923,""24"":90,""206"":48740,""67"":4123,""68"":0,""13"":91,""17"":-107,""18"":-31,""19"":38,""15"":1000,""241"":26806,""199"":7098,""16"":61108,""12"":506,""449"":0,""636"":1420331,""1148"":65,""11"":8935106000,""14"":1160700155,""387"":""2b3430313832372e313636372d303038343438322e323636372b3030302e3135302f""}"
2026-06-30T21:06:54Z,862272088542776,Codec8E,2026-06-26 11:42:35.000 UTC,1782474155000,0,40.1818183,-8.4480866,159,172,10,91,0,"{""239"":1,""240"":1,""21"":5,""200"":0,""69"":1,""237"":2,""113"":100,""303"":1,""383"":3,""1149"":1,""181"":16,""182"":10,""66"":14936,""24"":91,""206"":48740,""67"":4123,""68"":0,""13"":91,""17"":-88,""18"":-20,""19"":22,""15"":1000,""241"":26806,""199"":7199,""16"":61209,""12"":506,""449"":0,""636"":1420331,""1148"":65,""11"":8935106000,""14"":1160700155,""387"":""2b3430313831382e313833332d303038343438302e383636372b3030302e3135392f""}"
2026-06-30T21:06:54Z,862272088542776,Codec8E,2026-06-26 11:42:39.000 UTC,1782474159000,0,40.1808950,-8.4479666,166,175,9,93,0,"{""239"":1,""240"":1,""21"":5,""200"":0,""69"":1,""237"":2,""113"":100,""303"":1,""383"":3,""1149"":1,""181"":17,""182"":11,""66"":14901,""24"":93,""206"":48740,""67"":4123,""68"":0,""13"":91,""17"":-14,""18"":-27,""19"":39,""15"":1000,""241"":26806,""199"":7302,""16"":61312,""12"":506,""449"":0,""636"":1420331,""1148"":65,""11"":8935106000,""14"":1160700155,""387"":""2b3430313830382e393530302d303038343437392e363636372b3030302e3136362f""}"
2026-06-30T21:06:54Z,862272088542776,Codec8E,2026-06-26 11:42:44.000 UTC,1782474164000,0,40.1797933,-8.4479216,170,182,9,89,0,"{""239"":1,""240"":1,""21"":5,""200"":0,""69"":1,""237"":2,""113"":100,""303"":1,""383"":3,""1149"":1,""181"":14,""182"":11,""66"":14879,""24"":89,""206"":48740,""67"":4123,""68"":0,""13"":91,""17"":-169,""18"":42,""19"":51,""15"":1000,""241"":26806,""199"":7425,""16"":61435,""12"":506,""449"":0,""636"":1420331,""1148"":65,""11"":8935106000,""14"":1160700155,""387"":""2b3430313739372e393333332d303038343437392e323136372b3030302e3137302f""}"
2026-06-30T21:06:54Z,862272088542776,Codec8E,2026-06-26 11:42:47.000 UTC,1782474167000,0,40.1791916,-8.4481083,172,194,10,87,0,"{""239"":1,""240"":1,""21"":5,""200"":0,""69"":1,""237"":2,""113"":100,""303"":1,""383"":3,""1149"":1,""181"":13,""182"":10,""66"":14913,""24"":87,""206"":48740,""67"":4123,""68"":0,""13"":91,""17"":-44,""18"":88,""19"":137,""15"":1000,""241"":26806,""199"":7494,""16"":61504,""12"":506,""449"":0,""636"":1420331,""1148"":65,""11"":8935106000,""14"":1160700155,""387"":""2b3430313739312e393136372d303038343438312e303833332b3030302e3137322f""}"
2026-06-30T21:06:54Z,862272088542776,Codec8E,2026-06-26 11:42:51.000 UTC,1782474171000,0,40.1784033,-8.4484850,176,207,12,88,0,"{""239"":1,""240"":1,""21"":5,""200"":0,""69"":1,""237"":2,""113"":100,""303"":1,""383"":3,""1149"":1,""181"":11,""182"":8,""66"":14898,""24"":88,""206"":48740,""67"":4123,""68"":0,""13"":91,""17"":-27,""18"":42,""19"":90,""15"":1000,""241"":26806,""199"":7587,""16"":61597,""12"":506,""449"":0,""636"":1420330,""1148"":53,""11"":8935106000,""14"":1160700155,""387"":""2b3430313738342e303333332d303038343438342e383530302b3030302e3137362f""}"
2026-06-30T21:06:54Z,862272088542776,Codec8E,2026-06-26 11:42:56.000 UTC,1782474176000,0,40.1775383,-8.4492533,179,215,11,82,0,"{""239"":1,""240"":1,""21"":5,""200"":0,""69"":1,""237"":2,""113"":100,""303"":1,""383"":3,""1149"":1,""181"":12,""182"":9,""66"":14864,""24"":82,""206"":48740,""67"":4123,""68"":0,""13"":91,""17"":-4,""18"":-29,""19"":64,""15"":1000,""241"":26806,""199"":7703,""16"":61713,""12"":506,""449"":0,""636"":1420330,""1148"":53,""11"":8935106000,""14"":1160700155,""387"":""2b3430313737352e333833332d303038343439322e353333332b3030302e3137392f""}"
2026-06-30T21:06:54Z,862272088542776,Codec8E,2026-06-26 11:43:01.000 UTC,1782474181000,0,40.1767983,-8.4499350,177,215,8,72,0,"{""239"":1,""240"":1,""21"":5,""200"":0,""69"":1,""237"":2,""113"":100,""303"":1,""383"":3,""1149"":1,""181"":24,""182"":14,""66"":14946,""24"":72,""206"":48740,""67"":4123,""68"":0,""13"":91,""17"":38,""18"":-54,""19"":41,""15"":1000,""241"":26806,""199"":7804,""16"":61814,""12"":506,""449"":0,""636"":893225,""1148"":53,""11"":8935106000,""14"":1160700155,""387"":""2b3430313736372e393833332d303038343439392e333530302b3030302e3137372f""}"
2026-06-30T21:06:54Z,862272088542776,Codec8E,2026-06-26 11:43:06.000 UTC,1782474186000,0,40.1761833,-8.4505166,178,216,8,62,0,"{""239"":1,""240"":1,""21"":5,""200"":0,""69"":1,""237"":2,""113"":100,""303"":1,""383"":3,""1149"":1,""181"":16,""182"":13,""66"":14917,""24"":62,""206"":48740,""67"":4123,""68"":0,""13"":91,""17"":12,""18"":-58,""19"":63,""15"":1000,""241"":26806,""199"":7888,""16"":61898,""12"":506,""449"":0,""636"":893225,""1148"":53,""11"":8935106000,""14"":1160700155,""387"":""2b3430313736312e383333332d303038343530352e313636372b3030302e3137382f""}"
2026-06-30T21:06:56Z,862272088542776,Codec8E,2026-06-26 11:43:13.000 UTC,1782474193000,0,40.1753733,-8.4513016,181,214,10,58,0,"{""239"":1,""240"":1,""21"":5,""200"":0,""69"":1,""237"":2,""113"":100,""303"":1,""383"":3,""1149"":1,""181"":14,""182"":11,""66"":14924,""24"":58,""206"":48740,""67"":4123,""68"":0,""13"":91,""17"":-42,""18"":-48,""19"":67,""15"":1000,""241"":26806,""199"":8000,""16"":62010,""12"":506,""449"":0,""636"":893225,""1148"":53,""11"":8935106000,""14"":1160700155,""387"":""2b3430313735332e373333332d303038343531332e303136372b3030302e3138312f""}"
2026-06-30T21:06:56Z,862272088542776,Codec8E,2026-06-26 11:43:19.000 UTC,1782474199000,0,40.1746233,-8.4520216,182,215,11,61,0,"{""239"":1,""240"":1,""21"":5,""200"":0,""69"":1,""237"":2,""113"":100,""303"":1,""383"":3,""1149"":1,""181"":16,""182"":9,""66"":14923,""24"":61,""206"":48740,""67"":4123,""68"":0,""13"":91,""17"":-58,""18"":-47,""19"":22,""15"":1000,""241"":26806,""199"":8104,""16"":62114,""12"":506,""449"":0,""636"":893226,""1148"":64,""11"":8935106000,""14"":1160700155,""387"":""2b3430313734362e323333332d303038343532302e323136372b3030302e3138322f""}"
2026-06-30T21:06:56Z,862272088542776,Codec8E,2026-06-26 11:43:25.000 UTC,1782474205000,0,40.1737616,-8.4527566,179,210,9,66,0,"{""239"":1,""240"":1,""21"":5,""200"":0,""69"":1,""237"":2,""113"":100,""303"":1,""383"":3,""1149"":1,""181"":28,""182"":15,""66"":14860,""24"":66,""206"":48740,""67"":4123,""68"":0,""13"":91,""17"":72,""18"":-115,""19"":36,""15"":1000,""241"":26806,""199"":8218,""16"":62228,""12"":506,""449"":0,""636"":893226,""1148"":64,""11"":8935106000,""14"":1160700155,""387"":""2b3430313733372e363136372d303038343532372e353636372b3030302e3137392f""}"
2026-06-30T21:06:56Z,862272088542776,Codec8E,2026-06-26 11:43:31.000 UTC,1782474211000,0,40.1728816,-8.4533533,175,205,10,65,0,"{""239"":1,""240"":1,""21"":5,""200"":0,""69"":1,""237"":2,""113"":100,""303"":1,""383"":3,""1149"":1,""181"":12,""182"":9,""66"":14916,""24"":65,""206"":48740,""67"":4123,""68"":0,""13"":91,""17"":11,""18"":-32,""19"":25,""15"":1000,""241"":26806,""199"":8328,""16"":62338,""12"":506,""449"":0,""636"":893226,""1148"":64,""11"":8935106000,""14"":1160700155,""387"":""2b3430313732382e383136372d303038343533332e353333332b3030302e3137352f""}"
2026-06-30T21:06:56Z,862272088542776,Codec8E,2026-06-26 11:43:37.000 UTC,1782474217000,0,40.1719933,-8.4538633,168,203,9,65,0,"{""239"":1,""240"":1,""21"":5,""200"":0,""69"":1,""237"":2,""113"":100,""303"":1,""383"":3,""1149"":1,""181"":17,""182"":11,""66"":14857,""24"":65,""206"":48740,""67"":4123,""68"":0,""13"":91,""17"":9,""18"":-55,""19"":66,""15"":1000,""241"":26806,""199"":8436,""16"":62446,""12"":506,""449"":0,""636"":1662250,""1148"":64,""11"":8935106000,""14"":1160700155,""387"":""2b3430313731392e393333332d303038343533382e363333332b3030302e3136382f""}"
2026-06-30T21:07:16Z,862272088542776,Codec8E,2026-06-26 11:43:43.000 UTC,1782474223000,0,40.1710466,-8.4543850,164,203,9,67,0,"{""239"":1,""240"":1,""21"":5,""200"":0,""69"":1,""237"":2,""113"":100,""303"":1,""383"":3,""1149"":1,""181"":17,""182"":11,""66"":14927,""24"":67,""206"":48740,""67"":4123,""68"":0,""13"":91,""17"":-10,""18"":-63,""19"":10,""15"":1000,""241"":26806,""199"":8550,""16"":62560,""12"":506,""449"":0,""636"":893226,""1148"":64,""11"":8935106000,""14"":1160700155,""387"":""2b3430313731302e343636372d303038343534332e383530302b3030302e3136342f""}"
2026-06-30T21:07:16Z,862272088542776,Codec8E,2026-06-26 11:43:49.000 UTC,1782474229000,0,40.1701083,-8.4548849,160,203,8,66,0,"{""239"":1,""240"":1,""21"":5,""200"":0,""69"":1,""237"":2,""113"":100,""303"":1,""383"":3,""1149"":1,""181"":24,""182"":14,""66"":14893,""24"":66,""206"":48740,""67"":4123,""68"":0,""13"":91,""17"":-52,""18"":-32,""19"":62,""15"":1000,""241"":26806,""199"":8663,""16"":62673,""12"":506,""449"":0,""636"":893226,""1148"":64,""11"":8935106000,""14"":1160700155,""387"":""2b3430313730312e303833332d303038343534382e383530302b3030302e3136302f""}"
2026-06-30T21:07:16Z,862272088542776,Codec8E,2026-06-26 11:43:55.000 UTC,1782474235000,0,40.1691766,-8.4554016,156,203,8,66,0,"{""239"":1,""240"":1,""21"":5,""200"":0,""69"":1,""237"":2,""113"":100,""303"":1,""383"":3,""1149"":1,""181"":24,""182"":14,""66"":14939,""24"":66,""206"":48740,""67"":4123,""68"":0,""13"":91,""17"":-13,""18"":-46,""19"":36,""15"":1000,""241"":26806,""199"":8775,""16"":62785,""12"":506,""449"":0,""636"":1662250,""1148"":64,""11"":8935106000,""14"":1160700155,""387"":""2b3430313639312e373636372d303038343535342e303136372b3030302e3135362f""}"
2026-06-30T21:07:16Z,862272088542776,Codec8E,2026-06-26 11:44:01.000 UTC,1782474241000,0,40.1682833,-8.4558783,153,202,9,63,0,"{""239"":1,""240"":1,""21"":5,""200"":0,""69"":1,""237"":2,""113"":100,""303"":1,""383"":3,""1149"":1,""181"":14,""182"":11,""66"":14913,""24"":63,""206"":48740,""67"":4123,""68"":0,""13"":91,""17"":-16,""18"":-40,""19"":16,""15"":1000,""241"":26806,""199"":8883,""16"":62893,""12"":506,""449"":0,""636"":893226,""1148"":64,""11"":8935106000,""14"":1160700155,""387"":""2b3430313638322e383333332d303038343535382e373833332b3030302e3135332f""}"
2026-06-30T21:07:16Z,862272088542776,Codec8E,2026-06-26 11:44:07.000 UTC,1782474247000,0,40.1674033,-8.4563616,149,204,10,64,0,"{""239"":1,""240"":1,""21"":5,""200"":0,""69"":1,""237"":2,""113"":100,""303"":1,""383"":3,""1149"":1,""181"":13,""182"":11,""66"":14937,""24"":64,""206"":48740,""67"":4123,""68"":0,""13"":91,""17"":-67,""18"":3,""19"":25,""15"":1000,""241"":26806,""199"":8989,""16"":62999,""12"":506,""449"":0,""636"":893226,""1148"":64,""11"":8935106000,""14"":1160700155,""387"":""2b3430313637342e303333332d303038343536332e363136372b3030302e3134392f""}"
2026-06-30T21:07:18Z,862272088542776,Codec8E,2026-06-26 11:44:12.000 UTC,1782474252000,0,40.1665683,-8.4568183,143,202,10,69,0,"{""239"":1,""240"":1,""21"":5,""200"":0,""69"":1,""237"":2,""113"":100,""303"":1,""383"":3,""1149"":1,""181"":13,""182"":11,""66"":14896,""24"":69,""206"":48740,""67"":4123,""68"":0,""13"":91,""17"":-36,""18"":-40,""19"":15,""15"":1000,""241"":26806,""199"":9089,""16"":63099,""12"":506,""449"":0,""636"":1662250,""1148"":64,""11"":8935106000,""14"":1160700155,""387"":""2b3430313636352e363833332d303038343536382e313833332b3030302e3134332f""}"
2026-06-30T21:07:18Z,862272088542776,Codec8E,2026-06-26 11:44:17.000 UTC,1782474257000,0,40.1657066,-8.4572966,140,202,10,73,0,"{""239"":1,""240"":1,""21"":0,""200"":0,""69"":1,""237"":99,""113"":100,""303"":1,""383"":3,""1149"":0,""181"":15,""182"":10,""66"":14921,""24"":73,""206"":0,""67"":4123,""68"":0,""13"":91,""17"":5,""18"":-56,""19"":53,""15"":1000,""241"":0,""199"":9193,""16"":63203,""12"":506,""449"":0,""636"":0,""1148"":64,""11"":8935106000,""14"":1160700155,""387"":""2b3430313635372e303636372d303038343537322e393636372b3030302e3134302f""}"
2026-06-30T21:07:18Z,862272088542776,Codec8E,2026-06-26 11:44:22.000 UTC,1782474262000,0,40.1648083,-8.4577449,136,199,10,77,0,"{""239"":1,""240"":1,""21"":4,""200"":0,""69"":1,""237"":2,""113"":100,""303"":1,""383"":3,""1149"":8,""181"":12,""182"":10,""66"":14914,""24"":77,""206"":48740,""67"":4123,""68"":0,""13"":91,""17"":-51,""18"":18,""19"":50,""15"":1000,""241"":26806,""199"":9300,""16"":63310,""12"":506,""449"":0,""636"":893236,""1148"":77,""11"":8935106000,""14"":1160700155,""387"":""2b3430313634382e303833332d303038343537372e343530302b3030302e3133362f""}"
2026-06-30T21:07:18Z,862272088542776,Codec8E,2026-06-26 11:44:27.000 UTC,1782474267000,0,40.1638233,-8.4582616,132,203,10,83,0,"{""239"":1,""240"":1,""21"":4,""200"":0,""69"":1,""237"":2,""113"":100,""303"":1,""383"":3,""1149"":8,""181"":12,""182"":10,""66"":14869,""24"":83,""206"":48740,""67"":4123,""68"":0,""13"":91,""17"":-10,""18"":7,""19"":-5,""15"":1000,""241"":26806,""199"":9418,""16"":63428,""12"":506,""449"":0,""636"":893236,""1148"":77,""11"":8935106000,""14"":1160700155,""387"":""2b3430313633382e323333332d303038343538322e363136372b3030302e3133322f""}"
2026-06-30T21:07:18Z,862272088542776,Codec8E,2026-06-26 11:44:32.000 UTC,1782474272000,0,40.1627766,-8.4588083,128,197,12,86,0,"{""239"":1,""240"":1,""21"":4,""200"":0,""69"":1,""237"":2,""113"":100,""303"":1,""383"":3,""1149"":8,""181"":10,""182"":8,""66"":14936,""24"":86,""206"":48740,""67"":4123,""68"":0,""13"":91,""17"":-1,""18"":-48,""19"":75,""15"":1000,""241"":26806,""199"":9543,""16"":63553,""12"":506,""449"":0,""636"":1662260,""1148"":77,""11"":8935106000,""14"":1160700155,""387"":""2b3430313632372e373636372d303038343538382e303833332b3030302e3132382f""}"
2026-06-30T21:07:20Z,862272088542776,Codec8E,2026-06-26 11:44:37.000 UTC,1782474277000,0,40.1617050,-8.4592233,127,191,12,87,0,"{""239"":1,""240"":1,""21"":4,""200"":0,""69"":1,""237"":2,""113"":100,""303"":1,""383"":3,""1149"":8,""181"":10,""182"":8,""66"":14894,""24"":87,""206"":48740,""67"":4123,""68"":0,""13"":91,""17"":-53,""18"":-65,""19"":84,""15"":1000,""241"":26806,""199"":9668,""16"":63678,""12"":506,""449"":0,""636"":893226,""1148"":77,""11"":8935106000,""14"":1160700155,""387"":""2b3430313631372e303530302d303038343539322e323333332b3030302e3132372f""}"
2026-06-30T21:07:20Z,862272088542776,Codec8E,2026-06-26 11:44:41.000 UTC,1782474281000,0,40.1608100,-8.4594266,121,185,12,89,0,"{""239"":1,""240"":1,""21"":4,""200"":0,""69"":1,""237"":2,""113"":100,""303"":1,""383"":3,""1149"":8,""181"":11,""182"":8,""66"":14915,""24"":89,""206"":48740,""67"":4123,""68"":0,""13"":91,""17"":-72,""18"":-54,""19"":79,""15"":1000,""241"":26806,""199"":9769,""16"":63779,""12"":506,""449"":0,""636"":893226,""1148"":77,""11"":8935106000,""14"":1160700155,""387"":""2b3430313630382e313030302d303038343539342e323636372b3030302e3132312f""}"
2026-06-30T21:07:20Z,862272088542776,Codec8E,2026-06-26 11:44:45.000 UTC,1782474285000,0,40.1598566,-8.4594366,124,181,11,91,0,"{""239"":1,""240"":1,""21"":4,""200"":0,""69"":1,""237"":2,""113"":100,""303"":1,""383"":3,""1149"":1,""181"":12,""182"":9,""66"":14899,""24"":91,""206"":48740,""67"":4123,""68"":0,""13"":91,""17"":-102,""18"":-12,""19"":-2,""15"":1000,""241"":26806,""199"":9875,""16"":63885,""12"":506,""449"":0,""636"":893226,""1148"":82,""11"":8935106000,""14"":1160700155,""387"":""2b3430313539382e353636372d303038343539342e333636372b3030302e3132342f""}"
2026-06-30T21:07:20Z,862272088542776,Codec8E,2026-06-26 11:44:49.000 UTC,1782474289000,0,40.1589216,-8.4594349,126,180,10,91,0,"{""239"":1,""240"":1,""21"":4,""200"":0,""69"":1,""237"":2,""113"":100,""303"":1,""383"":3,""1149"":1,""181"":13,""182"":10,""66"":14887,""24"":91,""206"":48740,""67"":4123,""68"":0,""13"":91,""17"":-75,""18"":-32,""19"":37,""15"":1000,""241"":26806,""199"":9979,""16"":63989,""12"":506,""449"":0,""636"":1662250,""1148"":82,""11"":8935106000,""14"":1160700155,""387"":""2b3430313538392e323136372d303038343539342e333530302b3030302e3132362f""}"
2026-06-30T21:07:20Z,862272088542776,Codec8E,2026-06-26 11:44:53.000 UTC,1782474293000,0,40.1579966,-8.4594483,130,181,11,92,0,"{""239"":1,""240"":1,""21"":4,""200"":0,""69"":1,""237"":2,""113"":100,""303"":1,""383"":3,""1149"":1,""181"":12,""182"":9,""66"":14911,""24"":92,""206"":48740,""67"":4123,""68"":0,""13"":91,""17"":-79,""18"":-62,""19"":-11,""15"":1000,""241"":26806,""199"":10081,""16"":64091,""12"":506,""449"":0,""636"":1662250,""1148"":82,""11"":8935106000,""14"":1160700155,""387"":""2b3430313537392e393636372d303038343539342e343833332b3030302e3133302f""}"
2026-06-30T21:07:21Z,862272088542776,Codec8E,2026-06-26 11:44:57.000 UTC,1782474297000,0,40.1570783,-8.4594500,132,179,10,92,0,"{""239"":1,""240"":1,""21"":4,""200"":0,""69"":1,""237"":2,""113"":100,""303"":1,""383"":3,""1149"":1,""181"":13,""182"":10,""66"":14949,""24"":92,""206"":48740,""67"":4123,""68"":0,""13"":91,""17"":-63,""18"":-42,""19"":8,""15"":1000,""241"":26806,""199"":10183,""16"":64193,""12"":506,""449"":0,""636"":1662250,""1148"":82,""11"":8935106000,""14"":1160700155,""387"":""2b3430313537302e373833332d303038343539342e353030302b3030302e3133322f""}"
2026-06-30T21:07:21Z,862272088542776,Codec8E,2026-06-26 11:45:02.000 UTC,1782474302000,0,40.1559716,-8.4594633,134,180,7,89,0,"{""239"":1,""240"":1,""21"":4,""200"":0,""69"":1,""237"":2,""113"":100,""303"":1,""383"":3,""1149"":1,""181"":16,""182"":13,""66"":14947,""24"":89,""206"":48740,""67"":4123,""68"":0,""13"":91,""17"":-16,""18"":-26,""19"":22,""15"":1000,""241"":26806,""199"":10306,""16"":64316,""12"":506,""449"":0,""636"":1662250,""1148"":82,""11"":8935106000,""14"":1160700155,""387"":""2b3430313535392e373136372d303038343539342e363333332b3030302e3133342f""}"
2026-06-30T21:07:21Z,862272088542776,Codec8E,2026-06-26 11:45:07.000 UTC,1782474307000,0,40.1548616,-8.4595200,136,187,6,89,0,"{""239"":1,""240"":1,""21"":4,""200"":0,""69"":1,""237"":2,""113"":100,""303"":1,""383"":3,""1149"":1,""181"":21,""182"":17,""66"":14872,""24"":89,""206"":48740,""67"":4123,""68"":0,""13"":91,""17"":-31,""18"":36,""19"":28,""15"":1000,""241"":26806,""199"":10430,""16"":64440,""12"":506,""449"":0,""636"":1418795,""1148"":82,""11"":8935106000,""14"":1160700155,""387"":""2b3430313534382e363136372d303038343539352e323030302b3030302e3133362f""}"
2026-06-30T21:07:21Z,862272088542776,Codec8E,2026-06-26 11:45:12.000 UTC,1782474312000,0,40.1537850,-8.4598183,137,195,9,88,0,"{""239"":1,""240"":1,""21"":4,""200"":0,""69"":1,""237"":2,""113"":100,""303"":1,""383"":3,""1149"":1,""181"":13,""182"":10,""66"":14927,""24"":88,""206"":48740,""67"":4123,""68"":0,""13"":91,""17"":-22,""18"":-8,""19"":43,""15"":1000,""241"":26806,""199"":10552,""16"":64562,""12"":506,""449"":0,""636"":1418795,""1148"":82,""11"":8935106000,""14"":1160700155,""387"":""2b3430313533372e383530302d303038343539382e313833332b3030302e3133372f""}"
2026-06-30T21:07:21Z,862272088542776,Codec8E,2026-06-26 11:45:16.000 UTC,1782474316000,0,40.1529283,-8.4601899,139,199,9,89,0,"{""239"":1,""240"":1,""21"":4,""200"":0,""69"":1,""237"":2,""113"":100,""303"":1,""383"":3,""1149"":1,""181"":13,""182"":10,""66"":14871,""24"":89,""206"":48740,""67"":4123,""68"":0,""13"":91,""17"":-14,""18"":25,""19"":11,""15"":1000,""241"":26806,""199"":10653,""16"":64663,""12"":506,""449"":0,""636"":1418795,""1148"":83,""11"":8935106000,""14"":1160700155,""387"":""2b3430313532392e323833332d303038343630312e393030302b3030302e3133392f""}"
2026-06-30T21:07:22Z,862272088542776,Codec8E,2026-06-26 11:45:20.000 UTC,1782474320000,0,40.1520700,-8.4606383,138,204,8,92,0,"{""239"":1,""240"":1,""21"":4,""200"":0,""69"":1,""237"":2,""113"":100,""303"":1,""383"":3,""1149"":1,""181"":16,""182"":13,""66"":14899,""24"":92,""206"":48740,""67"":4123,""68"":0,""13"":91,""17"":52,""18"":-68,""19"":53,""15"":1000,""241"":26806,""199"":10756,""16"":64766,""12"":506,""449"":0,""636"":1418795,""1148"":83,""11"":8935106000,""14"":1160700155,""387"":""2b3430313532302e373030302d303038343630362e333833332b3030302e3133382f""}"
2026-06-30T21:07:22Z,862272088542776,Codec8E,2026-06-26 11:45:24.000 UTC,1782474324000,0,40.1512266,-8.4611300,135,203,9,92,0,"{""239"":1,""240"":1,""21"":4,""200"":0,""69"":1,""237"":2,""113"":100,""303"":1,""383"":3,""1149"":1,""181"":14,""182"":11,""66"":14923,""24"":92,""206"":48740,""67"":4123,""68"":0,""13"":91,""17"":42,""18"":-72,""19"":82,""15"":1000,""241"":26806,""199"":10858,""16"":64868,""12"":506,""449"":0,""636"":1418795,""1148"":83,""11"":8935106000,""14"":1160700155,""387"":""2b3430313531322e323636372d303038343631312e333030302b3030302e3133352f""}"
2026-06-30T21:07:22Z,862272088542776,Codec8E,2026-06-26 11:45:28.000 UTC,1782474328000,0,40.1504016,-8.4616316,131,205,10,90,0,"{""239"":1,""240"":1,""21"":4,""200"":0,""69"":1,""237"":2,""113"":100,""303"":1,""383"":3,""1149"":1,""181"":12,""182"":9,""66"":14920,""24"":90,""206"":48740,""67"":4123,""68"":0,""13"":91,""17"":40,""18"":5,""19"":51,""15"":1000,""241"":26806,""199"":10959,""16"":64969,""12"":506,""449"":0,""636"":1418795,""1148"":83,""11"":8935106000,""14"":1160700155,""387"":""2b3430313530342e303136372d303038343631362e333136372b3030302e3133312f""}"
2026-06-30T21:07:22Z,862272088542776,Codec8E,2026-06-26 11:45:33.000 UTC,1782474333000,0,40.1494400,-8.4621916,128,204,9,84,0,"{""239"":1,""240"":1,""21"":4,""200"":0,""69"":1,""237"":2,""113"":100,""303"":1,""383"":3,""1149"":1,""181"":17,""182"":11,""66"":14908,""24"":84,""206"":48740,""67"":4123,""68"":0,""13"":91,""17"":2,""18"":-58,""19"":10,""15"":1000,""241"":26806,""199"":11076,""16"":65086,""12"":506,""449"":0,""636"":1418795,""1148"":83,""11"":8935106000,""14"":1160700155,""387"":""2b3430313439342e343030302d303038343632312e393136372b3030302e3132382f""}"
2026-06-30T21:07:22Z,862272088542776,Codec8E,2026-06-26 11:45:38.000 UTC,1782474338000,0,40.1484833,-8.4627733,126,205,9,84,0,"{""239"":1,""240"":1,""21"":4,""200"":0,""69"":1,""237"":2,""113"":100,""303"":1,""383"":3,""1149"":1,""181"":13,""182"":11,""66"":14920,""24"":84,""206"":48740,""67"":4123,""68"":0,""13"":91,""17"":-3,""18"":-58,""19"":3,""15"":1000,""241"":26806,""199"":11193,""16"":65203,""12"":506,""449"":0,""636"":1418795,""1148"":83,""11"":8935106000,""14"":1160700155,""387"":""2b3430313438342e383333332d303038343632372e373333332b3030302e3132362f""}"
2026-06-30T21:07:23Z,862272088542776,Codec8E,2026-06-26 11:45:43.000 UTC,1782474343000,0,40.1474700,-8.4633633,121,205,9,85,0,"{""239"":1,""240"":1,""21"":4,""200"":0,""69"":1,""237"":2,""113"":100,""303"":1,""383"":3,""1149"":1,""181"":13,""182"":11,""66"":14907,""24"":85,""206"":48740,""67"":4123,""68"":0,""13"":91,""17"":-78,""18"":-53,""19"":22,""15"":1000,""241"":26806,""199"":11317,""16"":65327,""12"":506,""449"":0,""636"":1418795,""1148"":83,""11"":8935106000,""14"":1160700155,""387"":""2b3430313437342e373030302d303038343633332e363333332b3030302e3132312f""}"
2026-06-30T21:07:23Z,862272088542776,Codec8E,2026-06-26 11:45:48.000 UTC,1782474348000,0,40.1464466,-8.4639866,121,204,10,90,0,"{""239"":1,""240"":1,""21"":5,""200"":0,""69"":1,""237"":2,""113"":100,""303"":1,""383"":3,""1149"":1,""181"":12,""182"":9,""66"":14919,""24"":90,""206"":48740,""67"":4123,""68"":0,""13"":91,""17"":-91,""18"":-11,""19"":64,""15"":1000,""241"":26806,""199"":11442,""16"":65452,""12"":506,""449"":0,""636"":1418795,""1148"":70,""11"":8935106000,""14"":1160700155,""387"":""2b3430313436342e343636372d303038343633392e383636372b3030302e3132312f""}"
2026-06-30T21:07:23Z,862272088542776,Codec8E,2026-06-26 11:45:52.000 UTC,1782474352000,0,40.1456183,-8.4644850,124,204,10,90,0,"{""239"":1,""240"":1,""21"":5,""200"":0,""69"":1,""237"":2,""113"":100,""303"":1,""383"":3,""1149"":1,""181"":12,""182"":9,""66"":14897,""24"":90,""206"":48740,""67"":4123,""68"":0,""13"":91,""17"":21,""18"":-66,""19"":65,""15"":1000,""241"":26806,""199"":11543,""16"":65553,""12"":506,""449"":0,""636"":1418795,""1148"":70,""11"":8935106000,""14"":1160700155,""387"":""2b3430313435362e313833332d303038343634342e383530302b3030302e3132342f""}"
2026-06-30T21:07:23Z,862272088542776,Codec8E,2026-06-26 11:45:57.000 UTC,1782474357000,0,40.1446050,-8.4650533,129,202,9,88,0,"{""239"":1,""240"":1,""21"":5,""200"":0,""69"":1,""237"":2,""113"":100,""303"":1,""383"":3,""1149"":1,""181"":13,""182"":11,""66"":14947,""24"":88,""206"":48740,""67"":4123,""68"":0,""13"":91,""17"":-74,""18"":-35,""19"":48,""15"":1000,""241"":26806,""199"":11666,""16"":65676,""12"":506,""449"":0,""636"":1418795,""1148"":70,""11"":8935106000,""14"":1160700155,""387"":""2b3430313434362e303530302d303038343635302e353333332b3030302e3132392f""}"
2026-06-30T21:07:23Z,862272088542776,Codec8E,2026-06-26 11:46:02.000 UTC,1782474362000,0,40.1435916,-8.4656166,131,202,7,88,0,"{""239"":1,""240"":1,""21"":5,""200"":0,""69"":1,""237"":2,""113"":100,""303"":1,""383"":3,""1149"":1,""181"":26,""182"":17,""66"":14949,""24"":88,""206"":48740,""67"":4123,""68"":0,""13"":91,""17"":-63,""18"":-24,""19"":15,""15"":1000,""241"":26806,""199"":11788,""16"":65798,""12"":506,""449"":0,""636"":1418794,""1148"":70,""11"":8935106000,""14"":1160700155,""387"":""2b3430313433352e393136372d303038343635362e313636372b3030302e3133312f""}"
2026-06-30T21:07:24Z,862272088542776,Codec8E,2026-06-26 11:46:07.000 UTC,1782474367000,0,40.1425850,-8.4661366,132,200,8,87,0,"{""239"":1,""240"":1,""21"":5,""200"":0,""69"":1,""237"":2,""113"":100,""303"":1,""383"":3,""1149"":1,""181"":24,""182"":15,""66"":14905,""24"":87,""206"":48740,""67"":4123,""68"":0,""13"":91,""17"":8,""18"":-55,""19"":29,""15"":1000,""241"":26806,""199"":11909,""16"":65919,""12"":506,""449"":0,""636"":1418794,""1148"":70,""11"":8935106000,""14"":1160700155,""387"":""2b3430313432352e383530302d303038343636312e333636372b3030302e3133322f""}"
2026-06-30T21:07:24Z,862272088542776,Codec8E,2026-06-26 11:46:12.000 UTC,1782474372000,0,40.1416066,-8.4666266,133,200,9,84,0,"{""239"":1,""240"":1,""21"":5,""200"":0,""69"":1,""237"":2,""113"":100,""303"":1,""383"":3,""1149"":1,""181"":21,""182"":12,""66"":14930,""24"":84,""206"":48740,""67"":4123,""68"":0,""13"":91,""17"":17,""18"":-14,""19"":19,""15"":1000,""241"":26806,""199"":12025,""16"":66035,""12"":506,""449"":0,""636"":1418794,""1148"":70,""11"":8935106000,""14"":1160700155,""387"":""2b3430313431362e303636372d303038343636362e323636372b3030302e3133332f""}"
2026-06-30T21:07:24Z,862272088542776,Codec8E,2026-06-26 11:46:17.000 UTC,1782474377000,0,40.1406633,-8.4671116,130,202,9,81,0,"{""239"":1,""240"":1,""21"":5,""200"":0,""69"":1,""237"":2,""113"":100,""303"":1,""383"":3,""1149"":1,""181"":21,""182"":13,""66"":14934,""24"":81,""206"":48740,""67"":4123,""68"":0,""13"":91,""17"":-1,""18"":-60,""19"":30,""15"":1000,""241"":26806,""199"":12138,""16"":66148,""12"":506,""449"":0,""636"":1418794,""1148"":76,""11"":8935106000,""14"":1160700155,""387"":""2b3430313430362e363333332d303038343637312e313136372b3030302e3133302f""}"
2026-06-30T21:07:24Z,862272088542776,Codec8E,2026-06-26 11:46:22.000 UTC,1782474382000,0,40.1397533,-8.4675916,129,200,9,79,0,"{""239"":1,""240"":1,""21"":5,""200"":0,""69"":1,""237"":2,""113"":100,""303"":1,""383"":3,""1149"":1,""181"":14,""182"":11,""66"":14923,""24"":79,""206"":48740,""67"":4123,""68"":0,""13"":91,""17"":-50,""18"":-100,""19"":43,""15"":1000,""241"":26806,""199"":12247,""16"":66257,""12"":506,""449"":0,""636"":1418794,""1148"":76,""11"":8935106000,""14"":1160700155,""387"":""2b3430313339372e353333332d303038343637352e393136372b3030302e3132392f""}"
2026-06-30T21:07:24Z,862272088542776,Codec8E,2026-06-26 11:46:27.000 UTC,1782474387000,0,40.1388300,-8.4679900,128,199,9,76,0,"{""239"":1,""240"":1,""21"":5,""200"":0,""69"":1,""237"":2,""113"":100,""303"":1,""383"":3,""1149"":1,""181"":21,""182"":13,""66"":14864,""24"":76,""206"":48740,""67"":4123,""68"":0,""13"":91,""17"":1,""18"":-23,""19"":60,""15"":1000,""241"":26806,""199"":12355,""16"":66365,""12"":506,""449"":0,""636"":1418794,""1148"":76,""11"":8935106000,""14"":1160700155,""387"":""2b3430313338382e333030302d303038343637392e393030302b3030302e3132382f""}"
2026-06-30T21:07:26Z,862272088542776,Codec8E,2026-06-26 11:46:32.000 UTC,1782474392000,0,40.1379300,-8.4684150,128,201,9,75,0,"{""239"":1,""240"":1,""21"":5,""200"":0,""69"":1,""237"":2,""113"":100,""303"":1,""383"":3,""1149"":1,""181"":21,""182"":13,""66"":14926,""24"":75,""206"":48740,""67"":4123,""68"":0,""13"":91,""17"":-57,""18"":-36,""19"":-19,""15"":1000,""241"":26806,""199"":12461,""16"":66471,""12"":506,""449"":0,""636"":1418794,""1148"":76,""11"":8935106000,""14"":1160700155,""387"":""2b3430313337392e333030302d303038343638342e313530302b3030302e3132382f""}"
2026-06-30T21:07:26Z,862272088542776,Codec8E,2026-06-26 11:46:37.000 UTC,1782474397000,0,40.1370400,-8.4688550,131,201,9,76,0,"{""239"":1,""240"":1,""21"":5,""200"":0,""69"":1,""237"":2,""113"":100,""303"":1,""383"":3,""1149"":1,""181"":21,""182"":13,""66"":14892,""24"":76,""206"":48740,""67"":4123,""68"":0,""13"":91,""17"":0,""18"":-58,""19"":66,""15"":1000,""241"":26806,""199"":12567,""16"":66577,""12"":506,""449"":0,""636"":1418794,""1148"":76,""11"":8935106000,""14"":1160700155,""387"":""2b3430313337302e343030302d303038343638382e353530302b3030302e3133312f""}"
2026-06-30T21:07:26Z,862272088542776,Codec8E,2026-06-26 11:46:42.000 UTC,1782474402000,0,40.1361683,-8.4693250,129,208,10,74,0,"{""239"":1,""240"":1,""21"":5,""200"":0,""69"":1,""237"":2,""113"":100,""303"":1,""383"":3,""1149"":1,""181"":16,""182"":10,""66"":14885,""24"":74,""206"":48740,""67"":4123,""68"":0,""13"":91,""17"":10,""18"":90,""19"":76,""15"":1000,""241"":26806,""199"":12672,""16"":66682,""12"":506,""449"":0,""636"":1418794,""1148"":76,""11"":8935106000,""14"":1160700155,""387"":""2b3430313336312e363833332d303038343639332e323530302b3030302e3132392f""}"
2026-06-30T21:07:26Z,862272088542776,Codec8E,2026-06-26 11:46:45.000 UTC,1782474405000,0,40.1356933,-8.4697416,127,219,10,72,0,"{""239"":1,""240"":1,""21"":5,""200"":0,""69"":1,""237"":2,""113"":100,""303"":1,""383"":3,""1149"":1,""181"":12,""182"":9,""66"":14920,""24"":72,""206"":48740,""67"":4123,""68"":0,""13"":91,""17"":-61,""18"":114,""19"":77,""15"":1000,""241"":26806,""199"":12736,""16"":66746,""12"":506,""449"":0,""636"":1418794,""1148"":76,""11"":8935106000,""14"":1160700155,""387"":""2b3430313335362e393333332d303038343639372e343136372b3030302e3132372f""}"
2026-06-30T21:07:26Z,862272088542776,Codec8E,2026-06-26 11:46:48.000 UTC,1782474408000,0,40.1353699,-8.4703600,124,238,10,74,0,"{""239"":1,""240"":1,""21"":5,""200"":0,""69"":1,""237"":2,""113"":100,""303"":1,""383"":3,""1149"":1,""181"":20,""182"":12,""66"":14946,""24"":74,""206"":48740,""67"":4123,""68"":0,""13"":91,""17"":-27,""18"":-20,""19"":106,""15"":1000,""241"":26806,""199"":12800,""16"":66810,""12"":506,""449"":0,""636"":1418794,""1148"":76,""11"":8935106000,""14"":1160700155,""387"":""2b3430313335332e373030302d303038343730332e363030302b3030302e3132342f""}"
2026-06-30T21:07:28Z,862272088542776,Codec8E,2026-06-26 11:46:53.000 UTC,1782474413000,0,40.1348999,-8.4714583,124,237,10,75,0,"{""239"":1,""240"":1,""21"":4,""200"":0,""69"":1,""237"":2,""113"":100,""303"":1,""383"":3,""1149"":1,""181"":21,""182"":12,""66"":14871,""24"":75,""206"":48740,""67"":4123,""68"":0,""13"":91,""17"":7,""18"":-22,""19"":44,""15"":1000,""241"":26806,""199"":12907,""16"":66917,""12"":506,""449"":0,""636"":1418794,""1148"":76,""11"":8935106000,""14"":1160700155,""387"":""2b3430313334392e303030302d303038343731342e353833332b3030302e3132342f""}"
2026-06-30T21:07:28Z,862272088542776,Codec8E,2026-06-26 11:46:58.000 UTC,1782474418000,0,40.1344116,-8.4724816,123,239,9,73,0,"{""239"":1,""240"":1,""21"":4,""200"":0,""69"":1,""237"":2,""113"":100,""303"":1,""383"":3,""1149"":1,""181"":22,""182"":12,""66"":14929,""24"":73,""206"":48740,""67"":4123,""68"":0,""13"":91,""17"":68,""18"":-42,""19"":16,""15"":1000,""241"":26806,""199"":13010,""16"":67020,""12"":506,""449"":0,""636"":1418764,""1148"":76,""11"":8935106000,""14"":1160700155,""387"":""2b3430313334342e313136372d303038343732342e383136372b3030302e3132332f""}"
2026-06-30T21:07:28Z,862272088542776,Codec8E,2026-06-26 11:47:03.000 UTC,1782474423000,0,40.1339033,-8.4733966,120,228,9,70,0,"{""239"":1,""240"":1,""21"":4,""200"":0,""69"":1,""237"":2,""113"":100,""303"":1,""383"":3,""1149"":1,""181"":16,""182"":12,""66"":14898,""24"":70,""206"":48740,""67"":4123,""68"":0,""13"":91,""17"":-3,""18"":-110,""19"":27,""15"":1000,""241"":26806,""199"":13106,""16"":67116,""12"":506,""449"":0,""636"":1555723,""1148"":76,""11"":8935106000,""14"":1160700155,""387"":""2b3430313333392e303333332d303038343733332e393636372b3030302e3132302f""}"
2026-06-30T21:07:28Z,862272088542776,Codec8E,2026-06-26 11:47:07.000 UTC,1782474427000,0,40.1333550,-8.4740066,115,217,8,71,0,"{""239"":1,""240"":1,""21"":4,""200"":0,""69"":1,""237"":2,""113"":100,""303"":1,""383"":3,""1149"":1,""181"":17,""182"":15,""66"":14889,""24"":71,""206"":48740,""67"":4123,""68"":0,""13"":91,""17"":40,""18"":-17,""19"":14,""15"":1000,""241"":26806,""199"":13186,""16"":67196,""12"":506,""449"":0,""636"":1555723,""1148"":76,""11"":8935106000,""14"":1160700155,""387"":""2b3430313333332e353530302d303038343734302e303636372b3030302e3131352f""}"
2026-06-30T21:07:28Z,862272088542776,Codec8E,2026-06-26 11:47:13.000 UTC,1782474433000,0,40.1324849,-8.4748333,110,219,7,71,0,"{""239"":1,""240"":1,""21"":4,""200"":0,""69"":1,""237"":2,""113"":100,""303"":1,""383"":3,""1149"":1,""181"":21,""182"":16,""66"":14932,""24"":71,""206"":48740,""67"":4123,""68"":0,""13"":91,""17"":5,""18"":84,""19"":27,""15"":1000,""241"":26806,""199"":13306,""16"":67316,""12"":506,""449"":0,""636"":339507,""1148"":76,""11"":8935106000,""14"":1160700155,""387"":""2b3430313332342e383530302d303038343734382e333333332b3030302e3131302f""}"
2026-06-30T21:07:29Z,862272088542776,Codec8E,2026-06-26 11:47:17.000 UTC,1782474437000,0,40.1319516,-8.4754883,104,229,9,71,0,"{""239"":1,""240"":1,""21"":4,""200"":0,""69"":1,""237"":2,""113"":100,""303"":1,""383"":3,""1149"":8,""181"":15,""182"":12,""66"":14920,""24"":71,""206"":48740,""67"":4123,""68"":0,""13"":91,""17"":-40,""18"":63,""19"":15,""15"":1000,""241"":26806,""199"":13387,""16"":67397,""12"":506,""449"":0,""636"":339507,""1148"":78,""11"":8935106000,""14"":1160700155,""387"":""2b3430313331392e353136372d303038343735342e383833332b3030302e3130342f""}"
2026-06-30T21:07:29Z,862272088542776,Codec8E,2026-06-26 11:47:19.000 UTC,1782474439000,0,40.1317616,-8.4759133,102,240,8,74,0,"{""239"":1,""240"":1,""21"":4,""200"":0,""69"":1,""237"":2,""113"":100,""303"":1,""383"":3,""1149"":8,""181"":24,""182"":13,""66"":14902,""24"":74,""206"":48740,""67"":4123,""68"":0,""13"":91,""17"":-38,""18"":-38,""19"":33,""15"":1000,""241"":26806,""199"":13429,""16"":67439,""12"":506,""449"":0,""636"":1555723,""1148"":78,""11"":8935106000,""14"":1160700155,""387"":""2b3430313331372e363136372d303038343735392e313333332b3030302e3130322f""}"
2026-06-30T21:07:29Z,862272088542776,Codec8E,2026-06-26 11:47:24.000 UTC,1782474444000,0,40.1313933,-8.4771116,89,245,9,78,0,"{""239"":1,""240"":1,""21"":4,""200"":0,""69"":1,""237"":2,""113"":100,""303"":1,""383"":3,""1149"":8,""181"":23,""182"":12,""66"":14886,""24"":78,""206"":48740,""67"":4123,""68"":0,""13"":91,""17"":-5,""18"":-8,""19"":41,""15"":1000,""241"":26806,""199"":13539,""16"":67549,""12"":506,""449"":0,""636"":1555753,""1148"":78,""11"":8935106000,""14"":1160700155,""387"":""2b3430313331332e393333332d303038343737312e313136372b3030302e3038392f""}"
2026-06-30T21:07:29Z,862272088542776,Codec8E,2026-06-26 11:47:29.000 UTC,1782474449000,0,40.1309749,-8.4783266,81,242,10,81,0,"{""239"":1,""240"":1,""21"":4,""200"":0,""69"":1,""237"":2,""113"":100,""303"":1,""383"":3,""1149"":8,""181"":14,""182"":11,""66"":14870,""24"":81,""206"":48740,""67"":4123,""68"":0,""13"":91,""17"":-26,""18"":34,""19"":152,""15"":1000,""241"":26806,""199"":13652,""16"":67662,""12"":506,""449"":0,""636"":1555753,""1148"":78,""11"":8935106000,""14"":1160700155,""387"":""2b3430313330392e373530302d303038343738332e323636372b3030302e3038312f""}"
2026-06-30T21:07:29Z,862272088542776,Codec8E,2026-06-26 11:47:34.000 UTC,1782474454000,0,40.1304683,-8.4795116,69,239,10,84,0,"{""239"":1,""240"":1,""21"":4,""200"":0,""69"":1,""237"":2,""113"":100,""303"":1,""383"":3,""1149"":8,""181"":13,""182"":10,""66"":14897,""24"":84,""206"":48740,""67"":4123,""68"":0,""13"":91,""17"":51,""18"":-79,""19"":180,""15"":1000,""241"":26806,""199"":13768,""16"":67778,""12"":506,""449"":0,""636"":1555753,""1148"":78,""11"":8935106000,""14"":1160700155,""387"":""2b3430313330342e363833332d303038343739352e313136372b3030302e3036392f""}"
2026-06-30T21:07:30Z,862272088542776,Codec8E,2026-06-26 11:47:39.000 UTC,1782474459000,0,40.1299250,-8.4807050,63,239,9,83,0,"{""239"":1,""240"":1,""21"":4,""200"":0,""69"":1,""237"":2,""113"":100,""303"":1,""383"":3,""1149"":8,""181"":14,""182"":12,""66"":14905,""24"":83,""206"":48740,""67"":4123,""68"":0,""13"":91,""17"":-66,""18"":-66,""19"":65,""15"":1000,""241"":26806,""199"":13886,""16"":67896,""12"":506,""449"":0,""636"":1986346,""1148"":78,""11"":8935106000,""14"":1160700155,""387"":""2b3430313239392e323530302d303038343830372e303530302b3030302e3036332f""}"
2026-06-30T21:07:30Z,862272088542776,Codec8E,2026-06-26 11:47:44.000 UTC,1782474464000,0,40.1293116,-8.4819199,60,237,9,87,0,"{""239"":1,""240"":1,""21"":4,""200"":0,""69"":1,""237"":2,""113"":100,""303"":1,""383"":3,""1149"":8,""181"":14,""182"":12,""66"":14917,""24"":87,""206"":48740,""67"":4123,""68"":0,""13"":91,""17"":-68,""18"":-5,""19"":18,""15"":1000,""241"":26806,""199"":14009,""16"":68019,""12"":506,""449"":0,""636"":1555755,""1148"":78,""11"":8935106000,""14"":1160700155,""387"":""2b3430313239332e313136372d303038343831392e323030302b3030302e3036302f""}"
2026-06-30T21:07:30Z,862272088542776,Codec8E,2026-06-26 11:47:49.000 UTC,1782474469000,0,40.1287400,-8.4831433,60,239,9,87,0,"{""239"":1,""240"":1,""21"":4,""200"":0,""69"":1,""237"":2,""113"":100,""303"":1,""383"":3,""1149"":1,""181"":14,""182"":11,""66"":14950,""24"":87,""206"":48740,""67"":4123,""68"":0,""13"":91,""17"":49,""18"":-123,""19"":269,""15"":1000,""241"":26806,""199"":14131,""16"":68141,""12"":506,""449"":0,""636"":1555755,""1148"":75,""11"":8935106000,""14"":1160700155,""387"":""2b3430313238372e343030302d303038343833312e343333332b3030302e3036302f""}"
2026-06-30T21:07:30Z,862272088542776,Codec8E,2026-06-26 11:47:54.000 UTC,1782474474000,0,40.1281483,-8.4843750,62,235,9,87,0,"{""239"":1,""240"":1,""21"":4,""200"":0,""69"":1,""237"":2,""113"":100,""303"":1,""383"":3,""1149"":1,""181"":14,""182"":11,""66"":14889,""24"":87,""206"":48740,""67"":4123,""68"":0,""13"":91,""17"":-51,""18"":-35,""19"":-15,""15"":1000,""241"":26806,""199"":14255,""16"":68265,""12"":506,""449"":0,""636"":1986346,""1148"":75,""11"":8935106000,""14"":1160700155,""387"":""2b3430313238312e343833332d303038343834332e373530302b3030302e3036322f""}"
2026-06-30T21:07:30Z,862272088542776,Codec8E,2026-06-26 11:47:59.000 UTC,1782474479000,0,40.1275733,-8.4855716,63,236,10,86,0,"{""239"":1,""240"":1,""21"":4,""200"":0,""69"":1,""237"":2,""113"":100,""303"":1,""383"":3,""1149"":1,""181"":13,""182"":10,""66"":14918,""24"":86,""206"":48740,""67"":4123,""68"":0,""13"":91,""17"":-58,""18"":-13,""19"":52,""15"":1000,""241"":26806,""199"":14375,""16"":68385,""12"":506,""449"":0,""636"":1986346,""1148"":75,""11"":8935106000,""14"":1160700155,""387"":""2b3430313237352e373333332d303038343835352e373136372b3030302e3036332f""}"
2026-06-30T21:07:32Z,862272088542776,Codec8E,2026-06-26 11:48:04.000 UTC,1782474484000,0,40.1269866,-8.4867966,63,239,10,86,0,"{""239"":1,""240"":1,""21"":4,""200"":0,""69"":1,""237"":2,""113"":100,""303"":1,""383"":3,""1149"":1,""181"":18,""182"":11,""66"":14948,""24"":86,""206"":48740,""67"":4123,""68"":0,""13"":91,""17"":18,""18"":-87,""19"":17,""15"":1000,""241"":26806,""199"":14498,""16"":68508,""12"":506,""449"":0,""636"":1986346,""1148"":75,""11"":8935106000,""14"":1160700155,""387"":""2b3430313236392e383636372d303038343836372e393636372b3030302e3036332f""}"
2026-06-30T21:07:32Z,862272088542776,Codec8E,2026-06-26 11:48:09.000 UTC,1782474489000,0,40.1264016,-8.4880300,61,238,11,87,0,"{""239"":1,""240"":1,""21"":4,""200"":0,""69"":1,""237"":2,""113"":100,""303"":1,""383"":3,""1149"":1,""181"":12,""182"":9,""66"":14910,""24"":87,""206"":48740,""67"":4123,""68"":0,""13"":91,""17"":36,""18"":-64,""19"":32,""15"":1000,""241"":26806,""199"":14621,""16"":68631,""12"":506,""449"":0,""636"":1986346,""1148"":75,""11"":8935106000,""14"":1160700155,""387"":""2b3430313236342e303136372d303038343838302e333030302b3030302e3036312f""}"
2026-06-30T21:07:32Z,862272088542776,Codec8E,2026-06-26 11:48:14.000 UTC,1782474494000,0,40.1258133,-8.4891950,58,237,11,84,0,"{""239"":1,""240"":1,""21"":4,""200"":0,""69"":1,""237"":2,""113"":100,""303"":1,""383"":3,""1149"":1,""181"":12,""182"":9,""66"":14933,""24"":84,""206"":48740,""67"":4123,""68"":0,""13"":91,""17"":-34,""18"":1,""19"":61,""15"":1000,""241"":26806,""199"":14740,""16"":68750,""12"":506,""449"":0,""636"":1555755,""1148"":75,""11"":8935106000,""14"":1160700155,""387"":""2b3430313235382e313333332d303038343839312e393530302b3030302e3035382f""}"
2026-06-30T21:07:32Z,862272088542776,Codec8E,2026-06-26 11:48:19.000 UTC,1782474499000,0,40.1252450,-8.4903616,56,237,11,84,0,"{""239"":1,""240"":1,""21"":4,""200"":0,""69"":1,""237"":2,""113"":100,""303"":1,""383"":3,""1149"":1,""181"":12,""182"":9,""66"":14897,""24"":84,""206"":48740,""67"":4123,""68"":0,""13"":91,""17"":81,""18"":-245,""19"":132,""15"":1000,""241"":26806,""199"":14857,""16"":68867,""12"":506,""449"":0,""636"":1555755,""1148"":75,""11"":8935106000,""14"":1160700155,""387"":""2b3430313235322e343530302d303038343930332e363136372b3030302e3035362f""}"
2026-06-30T21:07:32Z,862272088542776,Codec8E,2026-06-26 11:48:24.000 UTC,1782474504000,0,40.1246916,-8.4915150,51,238,11,83,0,"{""239"":1,""240"":1,""21"":4,""200"":0,""69"":1,""237"":2,""113"":100,""303"":1,""383"":3,""1149"":1,""181"":12,""182"":9,""66"":14904,""24"":83,""206"":48740,""67"":4123,""68"":0,""13"":91,""17"":9,""18"":-46,""19"":81,""15"":1000,""241"":26806,""199"":14973,""16"":68983,""12"":506,""449"":0,""636"":1555755,""1148"":75,""11"":8935106000,""14"":1160700155,""387"":""2b3430313234362e393136372d303038343931352e313530302b3030302e3035312f""}"
2026-06-30T21:07:33Z,862272088542776,Codec8E,2026-06-26 11:48:29.000 UTC,1782474509000,0,40.1241466,-8.4926783,51,239,11,83,0,"{""239"":1,""240"":1,""21"":4,""200"":0,""69"":1,""237"":2,""113"":100,""303"":1,""383"":3,""1149"":1,""181"":12,""182"":9,""66"":14878,""24"":83,""206"":48740,""67"":4123,""68"":0,""13"":91,""17"":11,""18"":-83,""19"":177,""15"":1000,""241"":26806,""199"":15089,""16"":69099,""12"":506,""449"":0,""636"":1555755,""1148"":75,""11"":8935106000,""14"":1160700155,""387"":""2b3430313234312e343636372d303038343932362e373833332b3030302e3035312f""}"
2026-06-30T21:07:33Z,862272088542776,Codec8E,2026-06-26 11:48:34.000 UTC,1782474514000,0,40.1235716,-8.4938083,52,239,10,82,0,"{""239"":1,""240"":1,""21"":4,""200"":0,""69"":1,""237"":2,""113"":100,""303"":1,""383"":3,""1149"":1,""181"":13,""182"":10,""66"":14885,""24"":82,""206"":48740,""67"":4123,""68"":0,""13"":91,""17"":-54,""18"":-34,""19"":91,""15"":1000,""241"":26806,""199"":15204,""16"":69214,""12"":506,""449"":0,""636"":1555755,""1148"":75,""11"":8935106000,""14"":1160700155,""387"":""2b3430313233352e373136372d303038343933382e303833332b3030302e3035322f""}"
2026-06-30T21:07:33Z,862272088542776,Codec8E,2026-06-26 11:48:39.000 UTC,1782474519000,0,40.1230366,-8.4949583,56,238,10,81,0,"{""239"":1,""240"":1,""21"":4,""200"":0,""69"":1,""237"":2,""113"":100,""303"":1,""383"":3,""1149"":1,""181"":13,""182"":10,""66"":14882,""24"":81,""206"":48740,""67"":4123,""68"":0,""13"":91,""17"":-76,""18"":-63,""19"":44,""15"":1000,""241"":26806,""199"":15319,""16"":69329,""12"":506,""449"":0,""636"":1555755,""1148"":75,""11"":8935106000,""14"":1160700155,""387"":""2b3430313233302e333636372d303038343934392e353833332b3030302e3035362f""}"
2026-06-30T21:07:33Z,862272088542776,Codec8E,2026-06-26 11:48:44.000 UTC,1782474524000,0,40.1224800,-8.4961266,60,238,8,83,0,"{""239"":1,""240"":1,""21"":4,""200"":0,""69"":1,""237"":2,""113"":100,""303"":1,""383"":3,""1149"":1,""181"":19,""182"":16,""66"":14908,""24"":83,""206"":48740,""67"":4123,""68"":0,""13"":91,""17"":-7,""18"":-79,""19"":49,""15"":1000,""241"":26806,""199"":15436,""16"":69446,""12"":506,""449"":0,""636"":1555755,""1148"":75,""11"":8935106000,""14"":1160700155,""387"":""2b3430313232342e383030302d303038343936312e323636372b3030302e3036302f""}"
2026-06-30T21:07:33Z,862272088542776,Codec8E,2026-06-26 11:48:49.000 UTC,1782474529000,0,40.1219066,-8.4972150,65,233,8,78,0,"{""239"":1,""240"":1,""21"":4,""200"":0,""69"":1,""237"":2,""113"":100,""303"":1,""383"":3,""1149"":1,""181"":26,""182"":18,""66"":14930,""24"":78,""206"":48740,""67"":4123,""68"":0,""13"":91,""17"":-67,""18"":-78,""19"":58,""15"":1000,""241"":26806,""199"":15548,""16"":69558,""12"":506,""449"":0,""636"":1555755,""1148"":75,""11"":8935106000,""14"":1160700155,""387"":""2b3430313231392e303636372d303038343937322e313530302b3030302e3036352f""}"
2026-06-30T21:07:35Z,862272088542776,Codec8E,2026-06-26 11:48:54.000 UTC,1782474534000,0,40.1213316,-8.4981366,70,232,8,72,0,"{""239"":1,""240"":1,""21"":4,""200"":0,""69"":1,""237"":2,""113"":100,""303"":1,""383"":3,""1149"":1,""181"":19,""182"":16,""66"":14868,""24"":72,""206"":48740,""67"":4123,""68"":0,""13"":91,""17"":10,""18"":29,""19"":-66,""15"":1000,""241"":26806,""199"":15649,""16"":69659,""12"":506,""449"":0,""636"":1418764,""1148"":75,""11"":8935106000,""14"":1160700155,""387"":""2b3430313231332e333136372d303038343938312e333636372b3030302e3037302f""}"
2026-06-30T21:07:35Z,862272088542776,Codec8E,2026-06-26 11:49:00.000 UTC,1782474540000,0,40.1206666,-8.4989983,75,223,6,65,0,"{""239"":1,""240"":1,""21"":4,""200"":0,""69"":1,""237"":2,""113"":100,""303"":1,""383"":3,""1149"":1,""181"":26,""182"":25,""66"":14886,""24"":65,""206"":48740,""67"":4123,""68"":0,""13"":91,""17"":206,""18"":-50,""19"":54,""15"":1000,""241"":26806,""199"":15753,""16"":69763,""12"":506,""449"":0,""636"":1555755,""1148"":75,""11"":8935106000,""14"":1160700155,""387"":""2b3430313230362e363636372d303038343938392e393833332b3030302e3037352f""}"
2026-06-30T21:07:35Z,862272088542776,Codec8E,2026-06-26 11:49:04.000 UTC,1782474544000,0,40.1203683,-8.4993766,78,229,6,49,0,"{""239"":1,""240"":1,""21"":4,""200"":0,""69"":1,""237"":2,""113"":100,""303"":1,""383"":3,""1149"":1,""181"":29,""182"":18,""66"":14839,""24"":49,""206"":48740,""67"":4123,""68"":0,""13"":91,""17"":298,""18"":-41,""19"":18,""15"":1000,""241"":26806,""199"":15800,""16"":69810,""12"":506,""449"":0,""636"":339497,""1148"":75,""11"":8935106000,""14"":1160700155,""387"":""2b3430313230332e363833332d303038343939332e373636372b3030302e3037382f""}"
2026-06-30T21:07:35Z,862272088542776,Codec8E,2026-06-26 11:49:06.000 UTC,1782474546000,0,40.1203800,-8.4993783,80,221,7,33,0,"{""239"":1,""240"":1,""21"":4,""200"":0,""69"":1,""237"":2,""113"":100,""303"":1,""383"":3,""1149"":1,""181"":20,""182"":17,""66"":14819,""24"":33,""206"":48740,""67"":4123,""68"":0,""13"":91,""17"":-77,""18"":-33,""19"":6,""15"":1000,""241"":26806,""199"":15802,""16"":69812,""12"":506,""449"":0,""636"":339497,""1148"":75,""11"":8935106000,""14"":1160700155,""387"":""2b3430313230332e383030302d303038343939332e373833332b3030302e3038302f""}"
2026-06-30T21:07:35Z,862272088542776,Codec8E,2026-06-26 11:49:07.000 UTC,1782474547000,0,40.1203883,-8.4993616,81,206,7,27,0,"{""239"":1,""240"":1,""21"":4,""200"":0,""69"":1,""237"":2,""113"":100,""303"":1,""383"":3,""1149"":1,""181"":19,""182"":17,""66"":14902,""24"":27,""206"":48740,""67"":4123,""68"":0,""13"":91,""17"":-106,""18"":-31,""19"":6,""15"":1000,""241"":26806,""199"":15802,""16"":69812,""12"":506,""449"":0,""636"":339497,""1148"":75,""11"":8935106000,""14"":1160700155,""387"":""2b3430313230332e383833332d303038343939332e363136372b3030302e3038312f""}"
2026-06-30T21:07:35Z,862272088542776,Codec8E,2026-06-26 11:49:08.000 UTC,1782474548000,0,40.1203950,-8.4993500,81,217,8,21,0,"{""239"":1,""240"":1,""21"":4,""200"":0,""69"":1,""237"":2,""113"":100,""303"":1,""383"":3,""1149"":1,""181"":15,""182"":12,""66"":14892,""24"":21,""206"":48740,""67"":4123,""68"":0,""13"":91,""17"":-193,""18"":-24,""19"":15,""15"":1000,""241"":26806,""199"":15805,""16"":69815,""12"":506,""449"":0,""636"":339497,""1148"":75,""11"":8935106000,""14"":1160700155,""387"":""2b3430313230332e393530302d303038343939332e353030302b3030302e3038312f""}"
2026-06-30T21:07:35Z,862272088542776,Codec8E,2026-06-26 11:49:09.000 UTC,1782474549000,0,40.1204016,-8.4993483,82,239,9,17,0,"{""239"":1,""240"":1,""21"":4,""200"":0,""69"":1,""237"":2,""113"":100,""303"":1,""383"":3,""1149"":1,""181"":13,""182"":10,""66"":14879,""24"":17,""206"":48740,""67"":4123,""68"":0,""13"":91,""17"":-175,""18"":-105,""19"":13,""15"":1000,""241"":26806,""199"":15805,""16"":69815,""12"":506,""449"":0,""636"":339497,""1148"":75,""11"":8935106000,""14"":1160700155,""387"":""2b3430313230342e303136372d303038343939332e343833332b3030302e3038322f""}"
2026-06-30T21:07:35Z,862272088542776,Codec8E,2026-06-26 11:49:10.000 UTC,1782474550000,0,40.1203966,-8.4993683,82,256,10,15,0,"{""239"":1,""240"":1,""21"":4,""200"":0,""69"":1,""237"":2,""113"":100,""303"":1,""383"":3,""1149"":1,""181"":12,""182"":9,""66"":14909,""24"":15,""206"":48740,""67"":4123,""68"":0,""13"":91,""17"":-176,""18"":-211,""19"":39,""15"":1000,""241"":26806,""199"":15805,""16"":69815,""12"":506,""449"":0,""636"":339467,""1148"":75,""11"":8935106000,""14"":1160700155,""387"":""2b3430313230332e393636372d303038343939332e363833332b3030302e3038322f""}"
2026-06-30T21:07:35Z,862272088542776,Codec8E,2026-06-26 11:49:13.000 UTC,1782474553000,0,40.1203466,-8.4995133,83,237,11,15,0,"{""239"":1,""240"":1,""21"":4,""200"":0,""69"":1,""237"":2,""113"":100,""303"":1,""383"":3,""1149"":1,""181"":15,""182"":9,""66"":14874,""24"":15,""206"":48740,""67"":4123,""68"":0,""13"":91,""17"":-197,""18"":14,""19"":43,""15"":1000,""241"":26806,""199"":15821,""16"":69831,""12"":506,""449"":0,""636"":339467,""1148"":75,""11"":8935106000,""14"":1160700155,""387"":""2b3430313230332e343636372d303038343939352e313333332b3030302e3038332f""}"
2026-06-30T21:07:35Z,862272088542776,Codec8E,2026-06-26 11:49:17.000 UTC,1782474557000,0,40.1200933,-8.4998250,83,226,11,24,0,"{""239"":1,""240"":1,""21"":4,""200"":0,""69"":1,""237"":2,""113"":100,""303"":1,""383"":3,""1149"":1,""181"":15,""182"":9,""66"":14864,""24"":24,""206"":48740,""67"":4123,""68"":0,""13"":91,""17"":-140,""18"":-29,""19"":34,""15"":1000,""241"":26806,""199"":15860,""16"":69870,""12"":506,""449"":0,""636"":339467,""1148"":78,""11"":8935106000,""14"":1160700155,""387"":""2b3430313230302e393333332d303038343939382e323530302b3030302e3038332f""}"
2026-06-30T21:07:36Z,862272088542776,Codec8E,2026-06-26 11:49:20.000 UTC,1782474560000,0,40.1196849,-8.5001833,83,219,11,38,0,"{""239"":1,""240"":1,""21"":4,""200"":0,""69"":1,""237"":2,""113"":100,""303"":1,""383"":3,""1149"":1,""181"":15,""182"":9,""66"":14916,""24"":38,""206"":48740,""67"":4123,""68"":0,""13"":91,""17"":-5,""18"":-7,""19"":130,""15"":1000,""241"":26806,""199"":15915,""16"":69925,""12"":506,""449"":0,""636"":339497,""1148"":78,""11"":8935106000,""14"":1160700155,""387"":""2b3430313139362e383530302d303038353030312e383333332b3030302e3038332f""}"
2026-06-30T21:07:36Z,862272088542776,Codec8E,2026-06-26 11:49:23.000 UTC,1782474563000,0,40.1192866,-8.5005299,82,216,11,50,0,"{""239"":1,""240"":1,""21"":4,""200"":0,""69"":1,""237"":2,""113"":100,""303"":1,""383"":3,""1149"":1,""181"":15,""182"":9,""66"":14946,""24"":50,""206"":48740,""67"":4123,""68"":0,""13"":91,""17"":44,""18"":-46,""19"":46,""15"":1000,""241"":26806,""199"":15968,""16"":69978,""12"":506,""449"":0,""636"":339497,""1148"":78,""11"":8935106000,""14"":1160700155,""387"":""2b3430313139322e383636372d303038353030352e333030302b3030302e3038322f""}"
2026-06-30T21:07:36Z,862272088542776,Codec8E,2026-06-26 11:49:30.000 UTC,1782474570000,0,40.1184200,-8.5012449,76,211,11,53,0,"{""239"":1,""240"":1,""21"":4,""200"":0,""69"":1,""237"":2,""113"":100,""303"":1,""383"":3,""1149"":1,""181"":15,""182"":9,""66"":14919,""24"":53,""206"":48740,""67"":4123,""68"":0,""13"":91,""17"":40,""18"":-91,""19"":66,""15"":1000,""241"":26806,""199"":16082,""16"":70092,""12"":506,""449"":0,""636"":339497,""1148"":78,""11"":8935106000,""14"":1160700155,""387"":""2b3430313138342e323030302d303038353031322e343530302b3030302e3037362f""}"
2026-06-30T21:07:36Z,862272088542776,Codec8E,2026-06-26 11:49:38.000 UTC,1782474578000,0,40.1175649,-8.5018450,73,206,10,48,0,"{""239"":1,""240"":1,""21"":4,""200"":0,""69"":1,""237"":2,""113"":100,""303"":1,""383"":3,""1149"":1,""181"":14,""182"":11,""66"":14904,""24"":48,""206"":48740,""67"":4123,""68"":0,""13"":91,""17"":27,""18"":-45,""19"":52,""15"":1000,""241"":26806,""199"":16190,""16"":70200,""12"":506,""449"":0,""636"":339497,""1148"":78,""11"":8935106000,""14"":1160700155,""387"":""2b3430313137352e363530302d303038353031382e343530302b3030302e3037332f""}"
2026-06-30T21:07:36Z,862272088542776,Codec8E,2026-06-26 11:49:47.000 UTC,1782474587000,0,40.1167116,-8.5023350,71,204,10,39,0,"{""239"":1,""240"":1,""21"":4,""200"":0,""69"":1,""237"":2,""113"":100,""303"":1,""383"":3,""1149"":1,""181"":12,""182"":9,""66"":14936,""24"":39,""206"":48740,""67"":4123,""68"":0,""13"":91,""17"":-47,""18"":-67,""19"":91,""15"":1000,""241"":26806,""199"":16293,""16"":70303,""12"":506,""449"":0,""636"":339497,""1148"":82,""11"":8935106000,""14"":1160700155,""387"":""2b3430313136372e313136372d303038353032332e333530302b3030302e3037312f""}"
2026-06-30T21:07:37Z,862272088542776,Codec8E,2026-06-26 11:49:56.000 UTC,1782474596000,0,40.1158350,-8.5027316,69,197,8,44,0,"{""239"":1,""240"":1,""21"":4,""200"":0,""69"":1,""237"":2,""113"":100,""303"":1,""383"":3,""1149"":1,""181"":21,""182"":13,""66"":14918,""24"":44,""206"":48740,""67"":4123,""68"":0,""13"":91,""17"":-52,""18"":-55,""19"":49,""15"":1000,""241"":26806,""199"":16396,""16"":70406,""12"":506,""449"":0,""636"":339497,""1148"":82,""11"":8935106000,""14"":1160700155,""387"":""2b3430313135382e333530302d303038353032372e333136372b3030302e3036392f""}"
2026-06-30T21:07:37Z,862272088542776,Codec8E,2026-06-26 11:50:03.000 UTC,1782474603000,0,40.1149133,-8.5030416,68,194,8,52,0,"{""239"":1,""240"":1,""21"":4,""200"":0,""69"":1,""237"":2,""113"":100,""303"":1,""383"":3,""1149"":1,""181"":15,""182"":12,""66"":14915,""24"":52,""206"":48740,""67"":4123,""68"":0,""13"":91,""17"":-78,""18"":-43,""19"":125,""15"":1000,""241"":26806,""199"":16502,""16"":70512,""12"":506,""449"":0,""636"":339497,""1148"":82,""11"":8935106000,""14"":1160700155,""387"":""2b3430313134392e313333332d303038353033302e343136372b3030302e3036382f""}"
2026-06-30T21:07:37Z,862272088542776,Codec8E,2026-06-26 11:50:10.000 UTC,1782474610000,0,40.1139466,-8.5032699,68,187,9,55,0,"{""239"":1,""240"":1,""21"":4,""200"":0,""69"":1,""237"":2,""113"":100,""303"":1,""383"":3,""1149"":1,""181"":18,""182"":11,""66"":14938,""24"":55,""206"":48740,""67"":4123,""68"":0,""13"":91,""17"":-38,""18"":-72,""19"":46,""15"":1000,""241"":26806,""199"":16611,""16"":70621,""12"":506,""449"":0,""636"":339497,""1148"":82,""11"":8935106000,""14"":1160700155,""387"":""2b3430313133392e343636372d303038353033322e373030302b3030302e3036382f""}"
2026-06-30T21:07:37Z,862272088542776,Codec8E,2026-06-26 11:50:17.000 UTC,1782474617000,0,40.1129083,-8.5034583,66,184,11,58,0,"{""239"":1,""240"":1,""21"":4,""200"":0,""69"":1,""237"":2,""113"":100,""303"":1,""383"":3,""1149"":1,""181"":12,""182"":9,""66"":14871,""24"":58,""206"":48740,""67"":4123,""68"":0,""13"":91,""17"":-72,""18"":-59,""19"":12,""15"":1000,""241"":26806,""199"":16728,""16"":70738,""12"":506,""449"":0,""636"":339499,""1148"":86,""11"":8935106000,""14"":1160700155,""387"":""2b3430313132392e303833332d303038353033342e353833332b3030302e3036362f""}"
2026-06-30T21:07:37Z,862272088542776,Codec8E,2026-06-26 11:50:23.000 UTC,1782474623000,0,40.1119283,-8.5035183,65,181,9,64,0,"{""239"":1,""240"":1,""21"":4,""200"":0,""69"":1,""237"":2,""113"":100,""303"":1,""383"":3,""1149"":1,""181"":14,""182"":12,""66"":14865,""24"":64,""206"":48740,""67"":4123,""68"":0,""13"":91,""17"":-34,""18"":-122,""19"":66,""15"":1000,""241"":26806,""199"":16837,""16"":70847,""12"":506,""449"":0,""636"":339499,""1148"":86,""11"":8935106000,""14"":1160700155,""387"":""2b3430313131392e323833332d303038353033352e313833332b3030302e3036352f""}"
2026-06-30T21:07:38Z,862272088542776,Codec8E,2026-06-26 11:50:29.000 UTC,1782474629000,0,40.1109099,-8.5034533,63,176,10,66,0,"{""239"":1,""240"":1,""21"":4,""200"":0,""69"":1,""237"":2,""113"":100,""303"":1,""383"":3,""1149"":1,""181"":13,""182"":10,""66"":14895,""24"":66,""206"":48740,""67"":4123,""68"":0,""13"":91,""17"":-53,""18"":-74,""19"":43,""15"":1000,""241"":26806,""199"":16950,""16"":70960,""12"":506,""449"":0,""636"":339499,""1148"":86,""11"":8935106000,""14"":1160700155,""387"":""2b3430313130392e313030302d303038353033342e353333332b3030302e3036332f""}"
2026-06-30T21:07:38Z,862272088542776,Codec8E,2026-06-26 11:50:35.000 UTC,1782474635000,0,40.1099283,-8.5032850,63,171,10,65,0,"{""239"":1,""240"":1,""21"":4,""200"":0,""69"":1,""237"":2,""113"":100,""303"":1,""383"":3,""1149"":1,""181"":14,""182"":11,""66"":14916,""24"":65,""206"":48740,""67"":4123,""68"":0,""13"":91,""17"":-12,""18"":-18,""19"":63,""15"":1000,""241"":26806,""199"":17060,""16"":71070,""12"":506,""449"":0,""636"":339499,""1148"":86,""11"":8935106000,""14"":1160700155,""387"":""2b3430313039392e323833332d303038353033322e383530302b3030302e3036332f""}"
2026-06-30T21:07:38Z,862272088542776,Codec8E,2026-06-26 11:50:41.000 UTC,1782474641000,0,40.1091366,-8.5032800,66,205,7,56,0,"{""239"":1,""240"":1,""21"":4,""200"":0,""69"":1,""237"":2,""113"":100,""303"":1,""383"":3,""1149"":1,""181"":66,""182"":47,""66"":14876,""24"":56,""206"":48740,""67"":4123,""68"":0,""13"":91,""17"":18,""18"":275,""19"":169,""15"":1000,""241"":26806,""199"":17141,""16"":71151,""12"":506,""449"":0,""636"":339499,""1148"":86,""11"":8935106000,""14"":1160700155,""387"":""2b3430313039312e333636372d303038353033322e383030302b3030302e3036362f""}"
2026-06-30T21:07:38Z,862272088542776,Codec8E,2026-06-26 11:50:43.000 UTC,1782474643000,0,40.1090499,-8.5034783,66,239,8,48,0,"{""239"":1,""240"":1,""21"":4,""200"":0,""69"":1,""237"":2,""113"":100,""303"":1,""383"":3,""1149"":1,""181"":27,""182"":18,""66"":14852,""24"":48,""206"":48740,""67"":4123,""68"":0,""13"":91,""17"":-98,""18"":-142,""19"":-33,""15"":1000,""241"":26806,""199"":17174,""16"":71184,""12"":506,""449"":0,""636"":339499,""1148"":86,""11"":8935106000,""14"":1160700155,""387"":""2b3430313039302e353030302d303038353033342e373833332b3030302e3036362f""}"
2026-06-30T21:07:38Z,862272088542776,Codec8E,2026-06-26 11:50:44.000 UTC,1782474644000,0,40.1090483,-8.5036116,67,250,8,46,0,"{""239"":1,""240"":1,""21"":4,""200"":0,""69"":1,""237"":2,""113"":100,""303"":1,""383"":3,""1149"":1,""181"":27,""182"":18,""66"":14911,""24"":46,""206"":48740,""67"":4123,""68"":0,""13"":91,""17"":-107,""18"":-82,""19"":32,""15"":1000,""241"":26806,""199"":17185,""16"":71195,""12"":506,""449"":0,""636"":339499,""1148"":86,""11"":8935106000,""14"":1160700155,""387"":""2b3430313039302e343833332d303038353033362e313136372b3030302e3036372f""}"
2026-06-30T21:07:41Z,862272088542776,Codec8E,2026-06-26 11:50:51.000 UTC,1782474651000,0,40.1089166,-8.5044250,71,256,10,35,0,"{""239"":1,""240"":1,""21"":4,""200"":0,""69"":1,""237"":2,""113"":100,""303"":1,""383"":3,""1149"":1,""181"":17,""182"":10,""66"":14861,""24"":35,""206"":48740,""67"":4123,""68"":0,""13"":91,""17"":-52,""18"":80,""19"":-38,""15"":1000,""241"":26806,""199"":17256,""16"":71266,""12"":506,""449"":0,""636"":339499,""1148"":86,""11"":8935106000,""14"":1160700155,""387"":""2b3430313038392e313636372d303038353034342e323530302b3030302e3037312f""}"
2026-06-30T21:07:41Z,862272088542776,Codec8E,2026-06-26 11:50:53.000 UTC,1782474653000,0,40.1089400,-8.5046133,72,271,10,32,0,"{""239"":1,""240"":1,""21"":4,""200"":0,""69"":1,""237"":2,""113"":100,""303"":1,""383"":3,""1149"":1,""181"":13,""182"":10,""66"":14872,""24"":32,""206"":48740,""67"":4123,""68"":0,""13"":91,""17"":-11,""18"":253,""19"":16,""15"":1000,""241"":26806,""199"":17272,""16"":71282,""12"":506,""449"":0,""636"":1515562,""1148"":86,""11"":8935106000,""14"":1160700155,""387"":""2b3430313038392e343030302d303038353034362e313333332b3030302e3037322f""}"
2026-06-30T21:07:41Z,862272088542776,Codec8E,2026-06-26 11:50:54.000 UTC,1782474654000,0,40.1089700,-8.5046966,73,285,10,31,0,"{""239"":1,""240"":1,""21"":4,""200"":0,""69"":1,""237"":2,""113"":100,""303"":1,""383"":3,""1149"":1,""181"":17,""182"":10,""66"":14912,""24"":31,""206"":48740,""67"":4123,""68"":0,""13"":91,""17"":-18,""18"":194,""19"":81,""15"":1000,""241"":26806,""199"":17280,""16"":71290,""12"":506,""449"":0,""636"":1515562,""1148"":86,""11"":8935106000,""14"":1160700155,""387"":""2b3430313038392e373030302d303038353034362e393636372b3030302e3037332f""}"
2026-06-30T21:07:41Z,862272088542776,Codec8E,2026-06-26 11:50:56.000 UTC,1782474656000,0,40.1090333,-8.5048266,73,301,10,28,0,"{""239"":1,""240"":1,""21"":4,""200"":0,""69"":1,""237"":2,""113"":100,""303"":1,""383"":3,""1149"":1,""181"":17,""182"":10,""66"":14920,""24"":28,""206"":48740,""67"":4123,""68"":0,""13"":91,""17"":13,""18"":97,""19"":52,""15"":1000,""241"":26806,""199"":17293,""16"":71303,""12"":506,""449"":0,""636"":1515562,""1148"":86,""11"":8935106000,""14"":1160700155,""387"":""2b3430313039302e333333332d303038353034382e323636372b3030302e3037332f""}"
2026-06-30T21:07:41Z,862272088542776,Codec8E,2026-06-26 11:50:57.000 UTC,1782474657000,0,40.1091066,-8.5048766,73,324,10,29,0,"{""239"":1,""240"":1,""21"":4,""200"":0,""69"":1,""237"":2,""113"":100,""303"":1,""383"":3,""1149"":1,""181"":17,""182"":10,""66"":14864,""24"":29,""206"":48740,""67"":4123,""68"":0,""13"":91,""17"":69,""18"":41,""19"":72,""15"":1000,""241"":26806,""199"":17303,""16"":71313,""12"":506,""449"":0,""636"":1515562,""1148"":86,""11"":8935106000,""14"":1160700155,""387"":""2b3430313039312e303636372d303038353034382e373636372b3030302e3037332f""}"
2026-07-01T01:36:06Z,862272088542776,Codec8E,2026-06-26 11:51:04.000 UTC,1782474664000,0,40.1096116,-8.5053500,75,312,11,35,0,"{""239"":1,""240"":1,""21"":4,""200"":0,""69"":1,""237"":2,""113"":100,""303"":1,""383"":3,""1149"":1,""181"":12,""182"":9,""66"":14942,""24"":35,""206"":48740,""67"":4123,""68"":0,""13"":91,""17"":-86,""18"":-116,""19"":8,""15"":1000,""241"":26806,""199"":17373,""16"":71383,""12"":506,""449"":0,""636"":339499,""1148"":86,""11"":8935106000,""14"":1160700155,""387"":""2b3430313039362e313136372d303038353035332e353030302b3030302e3037352f""}"
2026-07-01T01:36:06Z,862272088542776,Codec8E,2026-06-26 11:51:06.000 UTC,1782474666000,0,40.1096783,-8.5055633,73,296,9,35,0,"{""239"":1,""240"":1,""21"":4,""200"":0,""69"":1,""237"":2,""113"":100,""303"":1,""383"":3,""1149"":1,""181"":22,""182"":12,""66"":14910,""24"":35,""206"":48740,""67"":4123,""68"":0,""13"":91,""17"":-39,""18"":-32,""19"":50,""15"":1000,""241"":26806,""199"":17392,""16"":71402,""12"":506,""449"":0,""636"":339499,""1148"":86,""11"":8935106000,""14"":1160700155,""387"":""2b3430313039362e373833332d303038353035352e363333332b3030302e3037332f""}"
2026-07-01T01:36:06Z,862272088542776,Codec8E,2026-06-26 11:51:07.000 UTC,1782474667000,0,40.1096516,-8.5056883,71,280,8,35,0,"{""239"":1,""240"":1,""21"":4,""200"":0,""69"":1,""237"":2,""113"":100,""303"":1,""383"":3,""1149"":1,""181"":22,""182"":13,""66"":14927,""24"":35,""206"":48740,""67"":4123,""68"":0,""13"":91,""17"":-38,""18"":-57,""19"":19,""15"":1000,""241"":26806,""199"":17403,""16"":71413,""12"":506,""449"":0,""636"":339499,""1148"":86,""11"":8935106000,""14"":1160700155,""387"":""2b3430313039362e353136372d303038353035362e383833332b3030302e3037312f""}"
2026-07-01T01:36:06Z,862272088542776,Codec8E,2026-06-26 11:51:17.000 UTC,1782474677000,0,40.1096783,-8.5067283,69,269,9,30,0,"{""239"":1,""240"":1,""21"":4,""200"":0,""69"":1,""237"":2,""113"":100,""303"":1,""383"":3,""1149"":1,""181"":12,""182"":10,""66"":14942,""24"":30,""206"":48740,""67"":4123,""68"":0,""13"":91,""17"":64,""18"":-329,""19"":19,""15"":1000,""241"":26806,""199"":17492,""16"":71502,""12"":506,""449"":0,""636"":339499,""1148"":81,""11"":8935106000,""14"":1160700155,""387"":""2b3430313039362e373833332d303038353036372e323833332b3030302e3036392f""}"
2026-07-01T01:36:06Z,862272088542776,Codec8E,2026-06-26 11:51:18.000 UTC,1782474678000,0,40.1096600,-8.5068050,69,259,10,28,0,"{""239"":1,""240"":1,""21"":4,""200"":0,""69"":1,""237"":2,""113"":100,""303"":1,""383"":3,""1149"":1,""181"":16,""182"":9,""66"":14875,""24"":28,""206"":48740,""67"":4123,""68"":0,""13"":91,""17"":30,""18"":-402,""19"":-5,""15"":1000,""241"":26806,""199"":17499,""16"":71509,""12"":506,""449"":0,""636"":339499,""1148"":81,""11"":8935106000,""14"":1160700155,""387"":""2b3430313039362e363030302d303038353036382e303530302b3030302e3036392f""}"
2026-07-01T01:36:09Z,862272088542776,Codec8E,2026-06-26 11:51:19.000 UTC,1782474679000,0,40.1095999,-8.5068400,69,216,10,26,0,"{""239"":1,""240"":1,""21"":4,""200"":0,""69"":1,""237"":2,""113"":100,""303"":1,""383"":3,""1149"":1,""181"":16,""182"":9,""66"":14930,""24"":26,""206"":48740,""67"":4123,""68"":0,""13"":91,""17"":8,""18"":-201,""19"":77,""15"":1000,""241"":26806,""199"":17506,""16"":71516,""12"":506,""449"":0,""636"":339499,""1148"":81,""11"":8935106000,""14"":1160700155,""387"":""2b3430313039362e303030302d303038353036382e343030302b3030302e3036392f""}"
2026-07-01T01:36:09Z,862272088542776,Codec8E,2026-06-26 11:51:20.000 UTC,1782474680000,0,40.1095433,-8.5068666,69,206,11,25,0,"{""239"":1,""240"":1,""21"":4,""200"":0,""69"":1,""237"":2,""113"":100,""303"":1,""383"":3,""1149"":1,""181"":12,""182"":9,""66"":14910,""24"":25,""206"":48740,""67"":4123,""68"":0,""13"":91,""17"":-114,""18"":-118,""19"":95,""15"":1000,""241"":26806,""199"":17513,""16"":71523,""12"":506,""449"":0,""636"":339499,""1148"":81,""11"":8935106000,""14"":1160700155,""387"":""2b3430313039352e343333332d303038353036382e363636372b3030302e3036392f""}"
2026-07-01T01:36:09Z,862272088542776,Codec8E,2026-06-26 11:51:22.000 UTC,1782474682000,0,40.1094400,-8.5069000,70,184,11,22,0,"{""239"":1,""240"":1,""21"":4,""200"":0,""69"":1,""237"":2,""113"":100,""303"":1,""383"":3,""1149"":1,""181"":15,""182"":9,""66"":14931,""24"":22,""206"":48740,""67"":4123,""68"":0,""13"":91,""17"":-135,""18"":-48,""19"":132,""15"":1000,""241"":26806,""199"":17525,""16"":71535,""12"":506,""449"":0,""636"":339499,""1148"":81,""11"":8935106000,""14"":1160700155,""387"":""2b3430313039342e343030302d303038353036392e303030302b3030302e3037302f""}"
2026-07-01T01:36:09Z,862272088542776,Codec8E,2026-06-26 11:51:29.000 UTC,1782474689000,0,40.1089533,-8.5068583,72,172,6,26,0,"{""239"":1,""240"":1,""21"":4,""200"":0,""69"":1,""237"":2,""113"":100,""303"":1,""383"":3,""1149"":1,""181"":75,""182"":46,""66"":14866,""24"":26,""206"":48740,""67"":4123,""68"":0,""13"":91,""17"":-2,""18"":-48,""19"":-7,""15"":1000,""241"":26806,""199"":17579,""16"":71589,""12"":506,""449"":0,""636"":339499,""1148"":81,""11"":8935106000,""14"":1160700155,""387"":""2b3430313038392e353333332d303038353036382e353833332b3030302e3037322f""}"
2026-07-01T01:36:09Z,862272088542776,Codec8E,2026-06-26 11:51:34.000 UTC,1782474694000,0,40.1086916,-8.5068400,74,184,7,20,0,"{""239"":1,""240"":1,""21"":4,""200"":0,""69"":1,""237"":2,""113"":100,""303"":1,""383"":3,""1149"":1,""181"":30,""182"":20,""66"":14941,""24"":20,""206"":48740,""67"":4123,""68"":0,""13"":91,""17"":-45,""18"":95,""19"":22,""15"":1000,""241"":26806,""199"":17609,""16"":71619,""12"":506,""449"":0,""636"":339499,""1148"":81,""11"":8935106000,""14"":1160700155,""387"":""2b3430313038362e393136372d303038353036382e343030302b3030302e3037342f""}"
2026-07-01T01:36:11Z,862272088542776,Codec8E,2026-06-26 11:51:35.000 UTC,1782474695000,0,40.1086516,-8.5068700,75,199,7,19,0,"{""239"":1,""240"":1,""21"":4,""200"":0,""69"":1,""237"":2,""113"":100,""303"":1,""383"":3,""1149"":1,""181"":30,""182"":20,""66"":14935,""24"":19,""206"":48740,""67"":4123,""68"":0,""13"":91,""17"":-40,""18"":119,""19"":28,""15"":1000,""241"":26806,""199"":17614,""16"":71624,""12"":506,""449"":0,""636"":339499,""1148"":81,""11"":8935106000,""14"":1160700155,""387"":""2b3430313038362e353136372d303038353036382e373030302b3030302e3037352f""}"
2026-07-01T01:36:11Z,862272088542776,Codec8E,2026-06-26 11:51:37.000 UTC,1782474697000,0,40.1085866,-8.5069366,75,226,8,17,0,"{""239"":1,""240"":1,""21"":4,""200"":0,""69"":1,""237"":2,""113"":100,""303"":1,""383"":3,""1149"":1,""181"":23,""182"":15,""66"":14930,""24"":17,""206"":48740,""67"":4123,""68"":0,""13"":91,""17"":-80,""18"":-10,""19"":-1,""15"":1000,""241"":26806,""199"":17623,""16"":71633,""12"":506,""449"":0,""636"":339499,""1148"":81,""11"":8935106000,""14"":1160700155,""387"":""2b3430313038352e383636372d303038353036392e333636372b3030302e3037352f""}"
2026-07-01T01:36:11Z,862272088542776,Codec8E,2026-06-26 11:51:38.000 UTC,1782474698000,0,40.1085683,-8.5069849,76,242,8,16,0,"{""239"":1,""240"":1,""21"":4,""200"":0,""69"":1,""237"":2,""113"":100,""303"":1,""383"":3,""1149"":1,""181"":24,""182"":15,""66"":14879,""24"":16,""206"":48740,""67"":4123,""68"":0,""13"":91,""17"":-78,""18"":-41,""19"":32,""15"":1000,""241"":26806,""199"":17628,""16"":71638,""12"":506,""449"":0,""636"":339499,""1148"":81,""11"":8935106000,""14"":1160700155,""387"":""2b3430313038352e363833332d303038353036392e383530302b3030302e3037362f""}"
2026-07-01T01:36:11Z,862272088542776,Codec8E,2026-06-26 11:51:41.000 UTC,1782474701000,0,40.1085233,-8.5071616,77,254,7,18,0,"{""239"":1,""240"":1,""21"":4,""200"":0,""69"":1,""237"":2,""113"":100,""303"":1,""383"":3,""1149"":1,""181"":45,""182"":18,""66"":14913,""24"":18,""206"":48740,""67"":4123,""68"":0,""13"":91,""17"":5,""18"":-61,""19"":57,""15"":1000,""241"":26806,""199"":17644,""16"":71654,""12"":506,""449"":0,""636"":339499,""1148"":81,""11"":8935106000,""14"":1160700155,""387"":""2b3430313038352e323333332d303038353037312e363136372b3030302e3037372f""}"
2026-07-01T01:36:11Z,862272088542776,Codec8E,2026-06-26 11:51:43.000 UTC,1782474703000,0,40.1085266,-8.5072850,77,268,7,19,0,"{""239"":1,""240"":1,""21"":4,""200"":0,""69"":1,""237"":2,""113"":100,""303"":1,""383"":3,""1149"":1,""181"":19,""182"":16,""66"":14897,""24"":19,""206"":48740,""67"":4123,""68"":0,""13"":91,""17"":33,""18"":-47,""19"":1,""15"":1000,""241"":26806,""199"":17654,""16"":71664,""12"":506,""449"":0,""636"":339499,""1148"":81,""11"":8935106000,""14"":1160700155,""387"":""2b3430313038352e323636372d303038353037322e383530302b3030302e3037372f""}"
2026-07-01T01:36:12Z,862272088542776,Codec8E,2026-06-26 11:51:49.000 UTC,1782474709000,0,40.1084633,-8.5076849,77,258,9,18,0,"{""239"":1,""240"":1,""21"":3,""200"":0,""69"":1,""237"":2,""113"":100,""303"":1,""383"":3,""1149"":1,""181"":22,""182"":12,""66"":14867,""24"":18,""206"":48740,""67"":4123,""68"":0,""13"":91,""17"":3,""18"":-56,""19"":27,""15"":1000,""241"":26806,""199"":17689,""16"":71699,""12"":506,""449"":0,""636"":339499,""1148"":85,""11"":8935106000,""14"":1160700155,""387"":""2b3430313038342e363333332d303038353037362e383530302b3030302e3037372f""}"
2026-07-01T01:36:12Z,862272088542776,Codec8E,2026-06-26 11:51:49.010 UTC,1782474709010,0,40.1084566,-8.5077383,77,261,9,17,303,"{""239"":1,""240"":1,""21"":3,""200"":0,""69"":1,""237"":2,""113"":100,""303"":0,""383"":3,""1149"":1,""181"":22,""182"":12,""66"":14939,""24"":17,""206"":48740,""67"":4123,""68"":0,""13"":91,""17"":12,""18"":-42,""19"":31,""15"":1000,""241"":26806,""199"":17694,""16"":71704,""12"":506,""449"":0,""636"":339499,""1148"":85,""11"":8935106000,""14"":1160700155,""387"":""2b3430313038342e353636372d303038353037372e333833332b3030302e3037372f""}"
2026-07-01T01:36:12Z,862272088542776,Codec8E,2026-06-26 11:51:50.000 UTC,1782474710000,0,40.1084416,-8.5077933,77,256,9,16,303,"{""239"":1,""240"":1,""21"":3,""200"":0,""69"":1,""237"":2,""113"":100,""303"":1,""383"":3,""1149"":1,""181"":22,""182"":12,""66"":14866,""24"":16,""206"":48740,""67"":4123,""68"":0,""13"":91,""17"":24,""18"":-68,""19"":101,""15"":1000,""241"":26806,""199"":17699,""16"":71709,""12"":506,""449"":0,""636"":339499,""1148"":85,""11"":8935106000,""14"":1160700155,""387"":""2b3430313038342e343136372d303038353037372e393333332b3030302e3037372f""}"
2026-07-01T01:36:12Z,862272088542776,Codec8E,2026-06-26 11:51:52.000 UTC,1782474712000,0,40.1084416,-8.5078416,76,274,9,15,0,"{""239"":1,""240"":1,""21"":3,""200"":0,""69"":1,""237"":2,""113"":100,""303"":1,""383"":3,""1149"":1,""181"":16,""182"":12,""66"":14948,""24"":15,""206"":48740,""67"":4123,""68"":0,""13"":91,""17"":14,""18"":-38,""19"":26,""15"":1000,""241"":26806,""199"":17703,""16"":71713,""12"":506,""449"":0,""636"":339499,""1148"":85,""11"":8935106000,""14"":1160700155,""387"":""2b3430313038342e343136372d303038353037382e343136372b3030302e3037362f""}"
2026-07-01T01:36:12Z,862272088542776,Codec8E,2026-06-26 11:51:54.000 UTC,1782474714000,0,40.1084283,-8.5079366,76,259,9,14,0,"{""239"":1,""240"":1,""21"":3,""200"":0,""69"":1,""237"":2,""113"":100,""303"":1,""383"":3,""1149"":1,""181"":15,""182"":12,""66"":14946,""24"":14,""206"":48740,""67"":4123,""68"":0,""13"":91,""17"":20,""18"":-34,""19"":75,""15"":1000,""241"":26806,""199"":17711,""16"":71721,""12"":506,""449"":0,""636"":339499,""1148"":85,""11"":8935106000,""14"":1160700155,""387"":""2b3430313038342e323833332d303038353037392e333636372b3030302e3037362f""}"
2026-07-01T01:36:13Z,862272088542776,Codec8E,2026-06-26 11:51:59.000 UTC,1782474719000,0,40.1083433,-8.5082083,74,242,9,14,0,"{""239"":1,""240"":1,""21"":3,""200"":0,""69"":1,""237"":2,""113"":100,""303"":1,""383"":3,""1149"":1,""181"":22,""182"":12,""66"":14863,""24"":14,""206"":48740,""67"":4123,""68"":0,""13"":91,""17"":74,""18"":-113,""19"":15,""15"":1000,""241"":26806,""199"":17736,""16"":71746,""12"":506,""449"":0,""636"":339499,""1148"":85,""11"":8935106000,""14"":1160700155,""387"":""2b3430313038332e343333332d303038353038322e303833332b3030302e3037342f""}"
2026-07-01T01:36:13Z,862272088542776,Codec8E,2026-06-26 11:52:00.000 UTC,1782474720000,0,40.1083216,-8.5082400,74,232,9,13,0,"{""239"":1,""240"":1,""21"":3,""200"":0,""69"":1,""237"":2,""113"":100,""303"":1,""383"":3,""1149"":1,""181"":16,""182"":12,""66"":14929,""24"":13,""206"":48740,""67"":4123,""68"":0,""13"":91,""17"":67,""18"":-78,""19"":13,""15"":1000,""241"":26806,""199"":17740,""16"":71750,""12"":506,""449"":0,""636"":339499,""1148"":85,""11"":8935106000,""14"":1160700155,""387"":""2b3430313038332e323136372d303038353038322e343030302b3030302e3037342f""}"
2026-07-01T01:36:13Z,862272088542776,Codec8E,2026-06-26 11:52:01.000 UTC,1782474721000,0,40.1082983,-8.5082616,74,215,9,11,0,"{""239"":1,""240"":1,""21"":3,""200"":0,""69"":1,""237"":2,""113"":100,""303"":1,""383"":3,""1149"":1,""181"":22,""182"":12,""66"":14943,""24"":11,""206"":48740,""67"":4123,""68"":0,""13"":91,""17"":2,""18"":-230,""19"":136,""15"":1000,""241"":26806,""199"":17743,""16"":71753,""12"":506,""449"":0,""636"":339499,""1148"":85,""11"":8935106000,""14"":1160700155,""387"":""2b3430313038322e393833332d303038353038322e363136372b3030302e3037342f""}"
2026-07-01T01:36:13Z,862272088542776,Codec8E,2026-06-26 11:52:02.000 UTC,1782474722000,0,40.1082800,-8.5082650,74,180,9,10,0,"{""239"":1,""240"":1,""21"":3,""200"":0,""69"":1,""237"":2,""113"":100,""303"":1,""383"":3,""1149"":1,""181"":15,""182"":12,""66"":14840,""24"":10,""206"":48740,""67"":4123,""68"":0,""13"":91,""17"":-68,""18"":-38,""19"":10,""15"":1000,""241"":26806,""199"":17743,""16"":71753,""12"":506,""449"":0,""636"":339499,""1148"":85,""11"":8935106000,""14"":1160700155,""387"":""2b3430313038322e383030302d303038353038322e363530302b3030302e3037342f""}"
2026-07-01T01:36:13Z,862272088542776,Codec8E,2026-06-26 11:52:10.000 UTC,1782474730000,0,40.1081900,-8.5082800,73,201,8,2,303,"{""239"":1,""240"":1,""21"":3,""200"":0,""69"":1,""237"":2,""113"":100,""303"":0,""383"":3,""1149"":1,""181"":18,""182"":16,""66"":14919,""24"":2,""206"":48740,""67"":4123,""68"":0,""13"":91,""17"":-51,""18"":-48,""19"":3,""15"":1000,""241"":26806,""199"":17749,""16"":71759,""12"":506,""449"":0,""636"":339499,""1148"":85,""11"":8935106000,""14"":1160700155,""387"":""2b3430313038312e393030302d303038353038322e383030302b3030302e3037332f""}"
2026-07-01T01:36:14Z,862272088542776,Codec8E,2026-06-26 11:52:36.000 UTC,1782474756000,0,40.1081850,-8.5082800,72,201,7,0,239,"{""239"":0,""240"":1,""21"":3,""200"":0,""69"":1,""237"":2,""113"":100,""303"":0,""383"":3,""1149"":1,""181"":20,""182"":17,""66"":13045,""24"":0,""206"":48740,""67"":4123,""68"":0,""13"":71,""17"":-56,""18"":-34,""19"":13,""15"":1000,""241"":26806,""199"":17749,""16"":71759,""12"":511,""449"":0,""636"":339499,""1148"":89,""11"":8935106000,""14"":1160700155,""387"":""2b3430313038312e383530302d303038353038322e383030302b3030302e3037322f""}"
2026-07-01T01:36:14Z,862272088542776,Codec8E,2026-06-26 11:53:09.000 UTC,1782474789000,0,40.1081850,-8.5082800,72,201,9,0,240,"{""239"":0,""240"":0,""21"":5,""200"":0,""69"":1,""237"":2,""113"":100,""303"":0,""383"":3,""1149"":20,""181"":14,""182"":11,""66"":12706,""24"":0,""206"":48740,""67"":4123,""68"":0,""13"":71,""17"":-48,""18"":-41,""19"":4,""15"":1000,""241"":26806,""199"":17749,""16"":71759,""12"":511,""449"":0,""636"":339469,""1148"":89,""11"":8935106000,""14"":1160700155,""387"":""2b3430313038312e383530302d303038353038322e383030302b3030302e3037322f""}"
2026-07-01T01:36:14Z,862272088542776,Codec8E,2026-06-26 12:53:09.000 UTC,1782478389000,0,40.1081850,-8.5082800,55,201,10,0,0,"{""239"":0,""240"":0,""21"":5,""200"":0,""69"":1,""237"":2,""113"":100,""303"":0,""383"":3,""1149"":20,""181"":15,""182"":12,""66"":13060,""24"":0,""206"":48740,""67"":4123,""68"":0,""13"":71,""17"":-48,""18"":-38,""19"":5,""15"":1000,""241"":26806,""199"":0,""16"":71759,""12"":511,""449"":0,""636"":339469,""1148"":66,""11"":8935106000,""14"":1160700155,""387"":""2b3430313038312e383530302d303038353038322e383030302b3030302e3035352f""}"
2026-07-01T01:36:14Z,862272088542776,Codec8E,2026-06-26 14:04:37.000 UTC,1782482677000,0,40.1081850,-8.5082800,67,0,8,0,0,"{""239"":0,""240"":0,""21"":5,""200"":0,""69"":1,""237"":2,""113"":100,""303"":0,""383"":3,""1149"":20,""181"":16,""182"":13,""66"":13060,""24"":0,""206"":48740,""67"":4123,""68"":0,""13"":71,""17"":-49,""18"":-38,""19"":4,""15"":0,""241"":26806,""199"":0,""16"":71759,""12"":511,""449"":0,""636"":339469,""1148"":68,""11"":8935106000,""14"":1160700155,""387"":""2b3430313038312e383530302d303038353038322e383030302b3030302e3036372f""}"
2026-07-01T01:36:14Z,862272088542776,Codec8E,2026-06-26 15:36:57.000 UTC,1782488217000,0,40.1081850,-8.5082800,87,0,11,0,0,"{""239"":0,""240"":0,""21"":5,""200"":0,""69"":1,""237"":2,""113"":100,""303"":0,""383"":3,""1149"":20,""181"":11,""182"":8,""66"":13001,""24"":0,""206"":48740,""67"":4123,""68"":0,""13"":71,""17"":-47,""18"":-39,""19"":4,""15"":0,""241"":26806,""199"":0,""16"":71759,""12"":511,""449"":0,""636"":339469,""1148"":68,""11"":8935106000,""14"":1160700155,""387"":""2b3430313038312e383530302d303038353038322e383030302b3030302e3038372f""}"
2026-07-01T01:36:15Z,862272088542776,Codec8E,2026-06-26 17:09:17.000 UTC,1782493757000,0,40.1081850,-8.5082800,68,0,12,0,0,"{""239"":0,""240"":0,""21"":5,""200"":0,""69"":1,""237"":2,""113"":100,""303"":0,""383"":3,""1149"":20,""181"":13,""182"":11,""66"":12928,""24"":0,""206"":48740,""67"":4123,""68"":0,""13"":71,""17"":-50,""18"":-39,""19"":4,""15"":0,""241"":26806,""199"":0,""16"":71759,""12"":511,""449"":0,""636"":339469,""1148"":67,""11"":8935106000,""14"":1160700155,""387"":""2b3430313038312e383530302d303038353038322e383030302b3030302e3036382f""}"
2026-07-01T01:36:15Z,862272088542776,Codec8E,2026-06-26 17:32:54.000 UTC,1782495174000,0,40.1081850,-8.5082800,66,0,13,0,239,"{""239"":1,""240"":0,""21"":5,""200"":0,""69"":1,""237"":2,""113"":100,""303"":0,""383"":3,""1149"":20,""181"":11,""182"":8,""66"":14918,""24"":0,""206"":48740,""67"":4124,""68"":0,""13"":71,""17"":-49,""18"":-43,""19"":3,""15"":0,""241"":26806,""199"":0,""16"":71759,""12"":511,""449"":0,""636"":339469,""1148"":69,""11"":8935106000,""14"":1160700155,""387"":""2b3430313038312e383530302d303038353038322e383030302b3030302e3036362f""}"
2026-07-01T01:36:15Z,862272088542776,Codec8E,2026-06-26 17:34:01.000 UTC,1782495241000,0,40.1081850,-8.5082800,71,0,8,0,303,"{""239"":1,""240"":0,""21"":3,""200"":0,""69"":1,""237"":2,""113"":100,""303"":1,""383"":3,""1149"":20,""181"":18,""182"":15,""66"":14774,""24"":0,""206"":48740,""67"":4123,""68"":0,""13"":74,""17"":-48,""18"":-42,""19"":4,""15"":0,""241"":26806,""199"":0,""16"":71759,""12"":529,""449"":0,""636"":339499,""1148"":71,""11"":8935106000,""14"":1160700155,""387"":""2b3430313038312e383530302d303038353038322e383030302b3030302e3037312f""}"
2026-07-01T01:36:15Z,862272088542776,Codec8E,2026-06-26 17:34:02.000 UTC,1782495242000,0,40.1081850,-8.5082800,71,0,9,0,303,"{""239"":1,""240"":0,""21"":3,""200"":0,""69"":1,""237"":2,""113"":100,""303"":0,""383"":3,""1149"":20,""181"":17,""182"":14,""66"":14769,""24"":0,""206"":48740,""67"":4123,""68"":0,""13"":74,""17"":-45,""18"":-40,""19"":10,""15"":0,""241"":26806,""199"":0,""16"":71759,""12"":530,""449"":0,""636"":339499,""1148"":71,""11"":8935106000,""14"":1160700155,""387"":""2b3430313038312e383530302d303038353038322e383030302b3030302e3037312f""}"
2026-07-01T01:36:15Z,862272088542776,Codec8E,2026-06-26 17:34:33.000 UTC,1782495273000,0,40.1081850,-8.5082800,71,0,11,0,303,"{""239"":1,""240"":0,""21"":4,""200"":0,""69"":1,""237"":2,""113"":100,""303"":1,""383"":3,""1149"":20,""181"":12,""182"":9,""66"":14741,""24"":0,""206"":48740,""67"":4123,""68"":0,""13"":75,""17"":-15,""18"":-31,""19"":7,""15"":0,""241"":26806,""199"":0,""16"":71759,""12"":538,""449"":0,""636"":339469,""1148"":74,""11"":8935106000,""14"":1160700155,""387"":""2b3430313038312e383530302d303038353038322e383030302b3030302e3037312f""}"
2026-07-01T01:36:16Z,862272088542776,Codec8E,2026-06-26 17:34:34.000 UTC,1782495274000,0,40.1081850,-8.5082800,72,0,11,0,303,"{""239"":1,""240"":0,""21"":4,""200"":0,""69"":1,""237"":2,""113"":100,""303"":0,""383"":3,""1149"":20,""181"":12,""182"":9,""66"":14736,""24"":0,""206"":48740,""67"":4123,""68"":0,""13"":75,""17"":-72,""18"":-4,""19"":4,""15"":0,""241"":26806,""199"":0,""16"":71759,""12"":539,""449"":0,""636"":339469,""1148"":74,""11"":8935106000,""14"":1160700155,""387"":""2b3430313038312e383530302d303038353038322e383030302b3030302e3037322f""}"
2026-07-01T01:36:16Z,862272088542776,Codec8E,2026-06-26 17:34:39.000 UTC,1782495279000,0,40.1081850,-8.5082800,73,0,11,0,303,"{""239"":1,""240"":0,""21"":4,""200"":0,""69"":1,""237"":2,""113"":100,""303"":1,""383"":3,""1149"":20,""181"":12,""182"":9,""66"":14758,""24"":0,""206"":48740,""67"":4123,""68"":0,""13"":75,""17"":-167,""18"":-122,""19"":11,""15"":0,""241"":26806,""199"":0,""16"":71759,""12"":540,""449"":0,""636"":339469,""1148"":74,""11"":8935106000,""14"":1160700155,""387"":""2b3430313038312e383530302d303038353038322e383030302b3030302e3037332f""}"
2026-07-01T01:36:16Z,862272088542776,Codec8E,2026-06-26 17:34:40.000 UTC,1782495280000,0,40.1083200,-8.5081816,74,103,12,4,240,"{""239"":1,""240"":1,""21"":4,""200"":0,""69"":1,""237"":2,""113"":100,""303"":1,""383"":3,""1149"":20,""181"":12,""182"":9,""66"":14770,""24"":4,""206"":48740,""67"":4123,""68"":0,""13"":75,""17"":-170,""18"":-53,""19"":64,""15"":0,""241"":26806,""199"":0,""16"":71759,""12"":540,""449"":0,""636"":339469,""1148"":74,""11"":8935106000,""14"":1160700155,""387"":""2b3430313038332e323030302d303038353038312e383136372b3030302e3037342f""}"
2026-07-01T01:36:16Z,862272088542776,Codec8E,2026-06-26 17:34:42.000 UTC,1782495282000,0,40.1083200,-8.5081383,74,93,12,7,0,"{""239"":1,""240"":1,""21"":0,""200"":0,""69"":1,""237"":99,""113"":100,""303"":1,""383"":3,""1149"":0,""181"":15,""182"":9,""66"":14745,""24"":7,""206"":0,""67"":4123,""68"":0,""13"":75,""17"":-124,""18"":-12,""19"":29,""15"":0,""241"":0,""199"":0,""16"":71759,""12"":540,""449"":0,""636"":0,""1148"":0,""11"":8935106000,""14"":1160700155,""387"":""2b3430313038332e323030302d303038353038312e333833332b3030302e3037342f""}"
2026-07-01T01:36:16Z,862272088542776,Codec8E,2026-06-26 17:35:01.000 UTC,1782495301000,0,40.1083166,-8.5080133,75,0,0,0,303,"{""239"":1,""240"":1,""21"":5,""200"":0,""69"":2,""237"":2,""113"":0,""303"":0,""383"":3,""1149"":20,""181"":0,""182"":0,""66"":14781,""24"":0,""206"":48740,""67"":0,""68"":0,""13"":75,""17"":-130,""18"":-77,""19"":22,""15"":0,""241"":26806,""199"":11,""16"":71770,""12"":540,""449"":0,""636"":339469,""1148"":68,""11"":8935106000,""14"":1160700155,""387"":""2b3430313038332e313636372d303038353038302e313333332b3030302e3037352f""}"
2026-07-01T01:36:17Z,862272088542776,Codec8E,2026-06-26 17:35:02.000 UTC,1782495302000,0,40.1083166,-8.5080133,75,0,0,0,303,"{""239"":1,""240"":1,""21"":5,""200"":0,""69"":2,""237"":2,""113"":0,""303"":1,""383"":3,""1149"":20,""181"":0,""182"":0,""66"":14793,""24"":0,""206"":48740,""67"":4049,""68"":0,""13"":75,""17"":-127,""18"":118,""19"":15,""15"":0,""241"":26806,""199"":11,""16"":71770,""12"":540,""449"":0,""636"":339469,""1148"":68,""11"":8935106000,""14"":1160700155,""387"":""2b3430313038332e313636372d303038353038302e313333332b3030302e3037352f""}"
2026-07-01T01:36:17Z,862272088542776,Codec8E,2026-06-26 17:35:21.000 UTC,1782495321000,0,40.1090783,-8.5058716,84,79,11,18,0,"{""239"":1,""240"":1,""21"":5,""200"":0,""69"":1,""237"":2,""113"":100,""303"":1,""383"":3,""1149"":20,""181"":16,""182"":9,""66"":14774,""24"":18,""206"":48740,""67"":4147,""68"":60,""13"":75,""17"":-101,""18"":157,""19"":56,""15"":0,""241"":26806,""199"":11,""16"":71770,""12"":540,""449"":0,""636"":339499,""1148"":68,""11"":8935106000,""14"":1160700155,""387"":""2b3430313039302e373833332d303038353035382e373136372b3030302e3038342f""}"
2026-07-01T01:36:17Z,862272088542776,Codec8E,2026-06-26 17:35:24.000 UTC,1782495324000,0,40.1089466,-8.5056433,91,96,12,20,0,"{""239"":1,""240"":1,""21"":5,""200"":0,""69"":1,""237"":2,""113"":100,""303"":1,""383"":3,""1149"":20,""181"":15,""182"":8,""66"":14772,""24"":20,""206"":48740,""67"":4152,""68"":59,""13"":75,""17"":-96,""18"":0,""19"":127,""15"":0,""241"":26806,""199"":35,""16"":71794,""12"":540,""449"":0,""636"":339499,""1148"":68,""11"":8935106000,""14"":1160700155,""387"":""2b3430313038392e343636372d303038353035362e343333332b3030302e3039312f""}"
2026-07-01T01:36:17Z,862272088542776,Codec8E,2026-06-26 17:35:25.000 UTC,1782495325000,0,40.1088700,-8.5055883,92,115,12,20,0,"{""239"":1,""240"":1,""21"":5,""200"":0,""69"":1,""237"":2,""113"":100,""303"":1,""383"":3,""1149"":20,""181"":15,""182"":8,""66"":14781,""24"":20,""206"":48740,""67"":4143,""68"":30,""13"":75,""17"":-135,""18"":-28,""19"":67,""15"":0,""241"":26806,""199"":45,""16"":71804,""12"":540,""449"":0,""636"":339499,""1148"":68,""11"":8935106000,""14"":1160700155,""387"":""2b3430313038382e373030302d303038353035352e383833332b3030302e3039322f""}"
2026-07-01T01:36:17Z,862272088542776,Codec8E,2026-06-26 17:35:26.000 UTC,1782495326000,0,40.1087633,-8.5055316,89,134,11,21,0,"{""239"":1,""240"":1,""21"":4,""200"":0,""69"":1,""237"":2,""113"":100,""303"":1,""383"":3,""1149"":1,""181"":16,""182"":9,""66"":14795,""24"":21,""206"":48740,""67"":4134,""68"":4,""13"":75,""17"":-2,""18"":-37,""19"":69,""15"":0,""241"":26806,""199"":58,""16"":71817,""12"":540,""449"":0,""636"":339499,""1148"":78,""11"":8935106000,""14"":1160700155,""387"":""2b3430313038372e363333332d303038353035352e333136372b3030302e3038392f""}"
2026-07-01T01:36:18Z,862272088542776,Codec8E,2026-06-26 17:35:27.000 UTC,1782495327000,0,40.1086199,-8.5054883,88,149,12,25,0,"{""239"":1,""240"":1,""21"":4,""200"":0,""69"":1,""237"":2,""113"":100,""303"":1,""383"":3,""1149"":1,""181"":15,""182"":8,""66"":14784,""24"":25,""206"":48740,""67"":4129,""68"":0,""13"":75,""17"":88,""18"":-51,""19"":59,""15"":0,""241"":26806,""199"":74,""16"":71833,""12"":540,""449"":0,""636"":339499,""1148"":78,""11"":8935106000,""14"":1160700155,""387"":""2b3430313038362e323030302d303038353035342e383833332b3030302e3038382f""}"
2026-07-01T01:36:18Z,862272088542776,Codec8E,2026-06-26 17:35:32.000 UTC,1782495332000,0,40.1082666,-8.5052150,88,136,12,29,0,"{""239"":1,""240"":1,""21"":4,""200"":0,""69"":1,""237"":2,""113"":100,""303"":1,""383"":3,""1149"":1,""181"":15,""182"":8,""66"":14813,""24"":29,""206"":48740,""67"":4129,""68"":0,""13"":75,""17"":-53,""18"":-116,""19"":129,""15"":0,""241"":26806,""199"":120,""16"":71879,""12"":540,""449"":0,""636"":339499,""1148"":78,""11"":8935106000,""14"":1160700155,""387"":""2b3430313038322e363636372d303038353035322e313530302b3030302e3038382f""}"
2026-07-01T01:36:18Z,862272088542776,Codec8E,2026-06-26 17:35:33.000 UTC,1782495333000,0,40.1082899,-8.5051266,90,120,13,28,0,"{""239"":1,""240"":1,""21"":4,""200"":0,""69"":1,""237"":2,""113"":100,""303"":1,""383"":3,""1149"":1,""181"":14,""182"":7,""66"":14814,""24"":28,""206"":48740,""67"":4128,""68"":0,""13"":75,""17"":-10,""18"":-75,""19"":72,""15"":0,""241"":26806,""199"":128,""16"":71887,""12"":540,""449"":0,""636"":339499,""1148"":78,""11"":8935106000,""14"":1160700155,""387"":""2b3430313038322e393030302d303038353035312e323636372b3030302e3039302f""}"
2026-07-01T01:36:18Z,862272088542776,Codec8E,2026-06-26 17:35:34.000 UTC,1782495334000,0,40.1082783,-8.5050400,90,108,13,28,0,"{""239"":1,""240"":1,""21"":4,""200"":0,""69"":1,""237"":2,""113"":100,""303"":1,""383"":3,""1149"":1,""181"":14,""182"":7,""66"":14811,""24"":28,""206"":48740,""67"":4128,""68"":0,""13"":75,""17"":-15,""18"":67,""19"":163,""15"":0,""241"":26806,""199"":136,""16"":71895,""12"":540,""449"":0,""636"":339499,""1148"":78,""11"":8935106000,""14"":1160700155,""387"":""2b3430313038322e373833332d303038353035302e343030302b3030302e3039302f""}"
2026-07-01T01:36:18Z,862272088542776,Codec8E,2026-06-26 17:35:35.000 UTC,1782495335000,0,40.1082899,-8.5049316,89,95,13,28,0,"{""239"":1,""240"":1,""21"":4,""200"":0,""69"":1,""237"":2,""113"":100,""303"":1,""383"":3,""1149"":1,""181"":11,""182"":7,""66"":14815,""24"":28,""206"":48740,""67"":4128,""68"":0,""13"":75,""17"":66,""18"":185,""19"":165,""15"":0,""241"":26806,""199"":145,""16"":71904,""12"":540,""449"":0,""636"":339499,""1148"":78,""11"":8935106000,""14"":1160700155,""387"":""2b3430313038322e393030302d303038353034392e333136372b3030302e3038392f""}"
2026-07-01T01:36:19Z,862272088542776,Codec8E,2026-06-26 17:35:39.000 UTC,1782495339000,0,40.1082316,-8.5045200,88,113,13,30,0,"{""239"":1,""240"":1,""21"":4,""200"":0,""69"":1,""237"":2,""113"":100,""303"":1,""383"":3,""1149"":1,""181"":14,""182"":7,""66"":14814,""24"":30,""206"":48740,""67"":4128,""68"":0,""13"":75,""17"":-161,""18"":112,""19"":155,""15"":0,""241"":26806,""199"":181,""16"":71940,""12"":540,""449"":0,""636"":339499,""1148"":78,""11"":8935106000,""14"":1160700155,""387"":""2b3430313038322e333136372d303038353034352e323030302b3030302e3038382f""}"
2026-07-01T01:36:19Z,862272088542776,Codec8E,2026-06-26 17:35:40.000 UTC,1782495340000,0,40.1081850,-8.5044416,88,124,13,30,0,"{""239"":1,""240"":1,""21"":4,""200"":0,""69"":1,""237"":2,""113"":100,""303"":1,""383"":3,""1149"":1,""181"":14,""182"":7,""66"":14816,""24"":30,""206"":48740,""67"":4128,""68"":0,""13"":75,""17"":-170,""18"":8,""19"":105,""15"":0,""241"":26806,""199"":190,""16"":71949,""12"":540,""449"":0,""636"":339499,""1148"":78,""11"":8935106000,""14"":1160700155,""387"":""2b3430313038312e383530302d303038353034342e343136372b3030302e3038382f""}"
2026-07-01T01:36:19Z,862272088542776,Codec8E,2026-06-26 17:35:42.000 UTC,1782495342000,0,40.1080600,-8.5042816,87,137,13,32,0,"{""239"":1,""240"":1,""21"":4,""200"":0,""69"":1,""237"":2,""113"":100,""303"":1,""383"":3,""1149"":1,""181"":14,""182"":7,""66"":14795,""24"":32,""206"":48740,""67"":4128,""68"":0,""13"":75,""17"":-183,""18"":-66,""19"":36,""15"":0,""241"":26806,""199"":209,""16"":71968,""12"":540,""449"":0,""636"":339499,""1148"":78,""11"":8935106000,""14"":1160700155,""387"":""2b3430313038302e363030302d303038353034322e383136372b3030302e3038372f""}"
2026-07-01T01:36:19Z,862272088542776,Codec8E,2026-06-26 17:35:48.000 UTC,1782495348000,0,40.1075950,-8.5037416,86,126,13,41,0,"{""239"":1,""240"":1,""21"":4,""200"":0,""69"":1,""237"":2,""113"":100,""303"":1,""383"":3,""1149"":1,""181"":14,""182"":8,""66"":14782,""24"":41,""206"":48740,""67"":4128,""68"":0,""13"":75,""17"":-103,""18"":-110,""19"":68,""15"":0,""241"":26806,""199"":279,""16"":72038,""12"":540,""449"":0,""636"":339499,""1148"":78,""11"":8935106000,""14"":1160700155,""387"":""2b3430313037352e393530302d303038353033372e343136372b3030302e3038362f""}"
2026-07-01T01:36:19Z,862272088542776,Codec8E,2026-06-26 17:35:51.000 UTC,1782495351000,0,40.1074116,-8.5032866,87,115,14,44,0,"{""239"":1,""240"":1,""21"":4,""200"":0,""69"":1,""237"":2,""113"":100,""303"":1,""383"":3,""1149"":1,""181"":14,""182"":7,""66"":14767,""24"":44,""206"":48740,""67"":4128,""68"":0,""13"":75,""17"":-79,""18"":-14,""19"":26,""15"":0,""241"":26806,""199"":323,""16"":72082,""12"":540,""449"":0,""636"":339499,""1148"":78,""11"":8935106000,""14"":1160700155,""387"":""2b3430313037342e313136372d303038353033322e383636372b3030302e3038372f""}"
2026-07-01T01:36:20Z,862272088542776,Codec8E,2026-06-26 17:35:58.000 UTC,1782495358000,0,40.1070583,-8.5020933,89,109,13,53,0,"{""239"":1,""240"":1,""21"":4,""200"":0,""69"":1,""237"":2,""113"":100,""303"":1,""383"":3,""1149"":1,""181"":11,""182"":7,""66"":14779,""24"":53,""206"":48740,""67"":4128,""68"":0,""13"":75,""17"":3,""18"":-9,""19"":33,""15"":0,""241"":26806,""199"":432,""16"":72191,""12"":540,""449"":0,""636"":339499,""1148"":79,""11"":8935106000,""14"":1160700155,""387"":""2b3430313037302e353833332d303038353032302e393333332b3030302e3038392f""}"
2026-07-01T01:36:20Z,862272088542776,Codec8E,2026-06-26 17:36:03.000 UTC,1782495363000,0,40.1068016,-8.5014166,91,123,12,45,0,"{""239"":1,""240"":1,""21"":4,""200"":0,""69"":1,""237"":2,""113"":100,""303"":1,""383"":3,""1149"":1,""181"":11,""182"":7,""66"":14790,""24"":45,""206"":48740,""67"":4128,""68"":0,""13"":75,""17"":22,""18"":310,""19"":55,""15"":0,""241"":26806,""199"":496,""16"":72255,""12"":540,""449"":0,""636"":339499,""1148"":79,""11"":8935106000,""14"":1160700155,""387"":""2b3430313036382e303136372d303038353031342e313636372b3030302e3039312f""}"
2026-07-01T01:36:20Z,862272088542776,Codec8E,2026-06-26 17:36:05.000 UTC,1782495365000,0,40.1066649,-8.5012500,93,135,12,41,0,"{""239"":1,""240"":1,""21"":4,""200"":0,""69"":1,""237"":2,""113"":100,""303"":1,""383"":3,""1149"":1,""181"":11,""182"":8,""66"":14805,""24"":41,""206"":48740,""67"":4128,""68"":0,""13"":75,""17"":-3,""18"":282,""19"":62,""15"":0,""241"":26806,""199"":517,""16"":72276,""12"":540,""449"":0,""636"":339499,""1148"":79,""11"":8935106000,""14"":1160700155,""387"":""2b3430313036362e363530302d303038353031322e353030302b3030302e3039332f""}"
2026-07-01T01:36:20Z,862272088542776,Codec8E,2026-06-26 17:36:06.000 UTC,1782495366000,0,40.1065800,-8.5012099,94,148,11,40,0,"{""239"":1,""240"":1,""21"":4,""200"":0,""69"":1,""237"":2,""113"":100,""303"":1,""383"":3,""1149"":1,""181"":11,""182"":8,""66"":14803,""24"":40,""206"":48740,""67"":4128,""68"":0,""13"":75,""17"":24,""18"":299,""19"":43,""15"":0,""241"":26806,""199"":527,""16"":72286,""12"":540,""449"":0,""636"":339499,""1148"":79,""11"":8935106000,""14"":1160700155,""387"":""2b3430313036352e383030302d303038353031322e313030302b3030302e3039342f""}"
2026-07-01T01:36:20Z,862272088542776,Codec8E,2026-06-26 17:36:08.000 UTC,1782495368000,0,40.1064099,-8.5011883,95,168,11,37,0,"{""239"":1,""240"":1,""21"":4,""200"":0,""69"":1,""237"":2,""113"":100,""303"":1,""383"":3,""1149"":1,""181"":11,""182"":8,""66"":14801,""24"":37,""206"":48740,""67"":4128,""68"":0,""13"":75,""17"":4,""18"":295,""19"":-1,""15"":0,""241"":26806,""199"":546,""16"":72305,""12"":540,""449"":0,""636"":339499,""1148"":79,""11"":8935106000,""14"":1160700155,""387"":""2b3430313036342e313030302d303038353031312e383833332b3030302e3039352f""}"
2026-07-01T01:36:21Z,862272088542776,Codec8E,2026-06-26 17:36:09.000 UTC,1782495369000,0,40.1063583,-8.5013733,95,206,11,35,0,"{""239"":1,""240"":1,""21"":4,""200"":0,""69"":1,""237"":2,""113"":100,""303"":1,""383"":3,""1149"":1,""181"":12,""182"":8,""66"":14805,""24"":35,""206"":48740,""67"":4128,""68"":0,""13"":75,""17"":-5,""18"":333,""19"":20,""15"":0,""241"":26806,""199"":563,""16"":72322,""12"":540,""449"":0,""636"":339499,""1148"":79,""11"":8935106000,""14"":1160700155,""387"":""2b3430313036332e353833332d303038353031332e373333332b3030302e3039352f""}"
2026-07-01T01:36:21Z,862272088542776,Codec8E,2026-06-26 17:36:10.000 UTC,1782495370000,0,40.1063250,-8.5014716,95,226,10,33,0,"{""239"":1,""240"":1,""21"":4,""200"":0,""69"":1,""237"":2,""113"":100,""303"":1,""383"":3,""1149"":1,""181"":13,""182"":10,""66"":14803,""24"":33,""206"":48740,""67"":4128,""68"":0,""13"":75,""17"":80,""18"":344,""19"":28,""15"":0,""241"":26806,""199"":572,""16"":72331,""12"":540,""449"":0,""636"":339499,""1148"":79,""11"":8935106000,""14"":1160700155,""387"":""2b3430313036332e323530302d303038353031342e373136372b3030302e3039352f""}"
2026-07-01T01:36:21Z,862272088542776,Codec8E,2026-06-26 17:36:11.000 UTC,1782495371000,0,40.1063216,-8.5016233,95,246,10,32,0,"{""239"":1,""240"":1,""21"":4,""200"":0,""69"":1,""237"":2,""113"":100,""303"":1,""383"":3,""1149"":1,""181"":13,""182"":10,""66"":14805,""24"":32,""206"":48740,""67"":4128,""68"":0,""13"":75,""17"":24,""18"":341,""19"":26,""15"":0,""241"":26806,""199"":585,""16"":72344,""12"":540,""449"":0,""636"":339499,""1148"":79,""11"":8935106000,""14"":1160700155,""387"":""2b3430313036332e323136372d303038353031362e323333332b3030302e3039352f""}"
2026-07-01T01:36:21Z,862272088542776,Codec8E,2026-06-26 17:36:13.000 UTC,1782495373000,0,40.1063383,-8.5018600,95,266,9,32,0,"{""239"":1,""240"":1,""21"":4,""200"":0,""69"":1,""237"":2,""113"":100,""303"":1,""383"":3,""1149"":1,""181"":14,""182"":11,""66"":14818,""24"":32,""206"":48740,""67"":4128,""68"":0,""13"":75,""17"":-54,""18"":226,""19"":81,""15"":0,""241"":26806,""199"":605,""16"":72364,""12"":540,""449"":0,""636"":339499,""1148"":79,""11"":8935106000,""14"":1160700155,""387"":""2b3430313036332e333833332d303038353031382e363030302b3030302e3039352f""}"
2026-07-01T01:36:21Z,862272088542776,Codec8E,2026-06-26 17:36:14.000 UTC,1782495374000,0,40.1063733,-8.5019883,95,276,9,31,0,"{""239"":1,""240"":1,""21"":4,""200"":0,""69"":1,""237"":2,""113"":100,""303"":1,""383"":3,""1149"":1,""181"":14,""182"":11,""66"":14816,""24"":31,""206"":48740,""67"":4128,""68"":0,""13"":75,""17"":-79,""18"":7,""19"":31,""15"":0,""241"":26806,""199"":617,""16"":72376,""12"":540,""449"":0,""636"":339499,""1148"":79,""11"":8935106000,""14"":1160700155,""387"":""2b3430313036332e373333332d303038353031392e383833332b3030302e3039352f""}"
2026-07-01T01:36:22Z,862272088542776,Codec8E,2026-06-26 17:36:15.000 UTC,1782495375000,0,40.1064350,-8.5020999,96,289,9,31,0,"{""239"":1,""240"":1,""21"":4,""200"":0,""69"":1,""237"":2,""113"":100,""303"":1,""383"":3,""1149"":1,""181"":14,""182"":11,""66"":14818,""24"":31,""206"":48740,""67"":4128,""68"":0,""13"":75,""17"":-95,""18"":-31,""19"":-1,""15"":0,""241"":26806,""199"":629,""16"":72388,""12"":540,""449"":0,""636"":339499,""1148"":79,""11"":8935106000,""14"":1160700155,""387"":""2b3430313036342e333530302d303038353032312e303030302b3030302e3039362f""}"
2026-07-01T01:36:22Z,862272088542776,Codec8E,2026-06-26 17:36:16.000 UTC,1782495376000,0,40.1066649,-8.5021300,96,340,8,35,0,"{""239"":1,""240"":1,""21"":4,""200"":0,""69"":1,""237"":2,""113"":100,""303"":1,""383"":3,""1149"":1,""181"":25,""182"":12,""66"":14818,""24"":35,""206"":48740,""67"":4128,""68"":0,""13"":75,""17"":-41,""18"":43,""19"":58,""15"":0,""241"":26806,""199"":654,""16"":72413,""12"":540,""449"":0,""636"":339499,""1148"":79,""11"":8935106000,""14"":1160700155,""387"":""2b3430313036362e363530302d303038353032312e333030302b3030302e3039362f""}"
2026-07-01T01:36:22Z,862272088542776,Codec8E,2026-06-26 17:36:19.000 UTC,1782495379000,0,40.1070433,-8.5023183,96,343,9,45,0,"{""239"":1,""240"":1,""21"":4,""200"":0,""69"":1,""237"":2,""113"":100,""303"":1,""383"":3,""1149"":1,""181"":14,""182"":11,""66"":14818,""24"":45,""206"":48740,""67"":4128,""68"":0,""13"":75,""17"":25,""18"":-19,""19"":76,""15"":0,""241"":26806,""199"":699,""16"":72458,""12"":540,""449"":0,""636"":339499,""1148"":79,""11"":8935106000,""14"":1160700155,""387"":""2b3430313037302e343333332d303038353032332e313833332b3030302e3039362f""}"
2026-07-01T01:36:22Z,862272088542776,Codec8E,2026-06-26 17:36:25.000 UTC,1782495385000,0,40.1079499,-8.5026466,97,351,8,51,0,"{""239"":1,""240"":1,""21"":4,""200"":0,""69"":1,""237"":2,""113"":100,""303"":1,""383"":3,""1149"":1,""181"":19,""182"":11,""66"":14811,""24"":51,""206"":48740,""67"":4128,""68"":0,""13"":75,""17"":20,""18"":101,""19"":86,""15"":0,""241"":26806,""199"":805,""16"":72564,""12"":540,""449"":0,""636"":339499,""1148"":79,""11"":8935106000,""14"":1160700155,""387"":""2b3430313037392e353030302d303038353032362e343636372b3030302e3039372f""}"
2026-07-01T01:36:22Z,862272088542776,Codec8E,2026-06-26 17:36:29.000 UTC,1782495389000,0,40.1084350,-8.5026216,97,4,10,49,0,"{""239"":1,""240"":1,""21"":4,""200"":0,""69"":1,""237"":2,""113"":100,""303"":1,""383"":3,""1149"":1,""181"":13,""182"":10,""66"":14784,""24"":49,""206"":48740,""67"":4128,""68"":0,""13"":75,""17"":93,""18"":-15,""19"":133,""15"":0,""241"":26806,""199"":859,""16"":72618,""12"":540,""449"":0,""636"":339499,""1148"":75,""11"":8935106000,""14"":1160700155,""387"":""2b3430313038342e333530302d303038353032362e323136372b3030302e3039372f""}"
2026-07-01T01:36:23Z,862272088542776,Codec8E,2026-06-26 17:36:31.000 UTC,1782495391000,0,40.1086450,-8.5025533,96,14,10,46,0,"{""239"":1,""240"":1,""21"":4,""200"":0,""69"":1,""237"":2,""113"":100,""303"":1,""383"":3,""1149"":1,""181"":13,""182"":10,""66"":14783,""24"":46,""206"":48740,""67"":4128,""68"":0,""13"":75,""17"":83,""18"":37,""19"":126,""15"":0,""241"":26806,""199"":883,""16"":72642,""12"":540,""449"":0,""636"":339499,""1148"":75,""11"":8935106000,""14"":1160700155,""387"":""2b3430313038362e343530302d303038353032352e353333332b3030302e3039362f""}"
2026-07-01T01:36:23Z,862272088542776,Codec8E,2026-06-26 17:36:35.000 UTC,1782495395000,0,40.1089583,-8.5024249,95,6,10,36,0,"{""239"":1,""240"":1,""21"":4,""200"":0,""69"":1,""237"":2,""113"":100,""303"":1,""383"":3,""1149"":1,""181"":18,""182"":10,""66"":14800,""24"":36,""206"":48740,""67"":4128,""68"":0,""13"":75,""17"":121,""18"":-52,""19"":63,""15"":0,""241"":26806,""199"":919,""16"":72678,""12"":540,""449"":0,""636"":339499,""1148"":75,""11"":8935106000,""14"":1160700155,""387"":""2b3430313038392e353833332d303038353032342e323530302b3030302e3039352f""}"
2026-07-01T01:36:23Z,862272088542776,Codec8E,2026-06-26 17:36:36.000 UTC,1782495396000,0,40.1090450,-8.5024366,94,355,11,34,0,"{""239"":1,""240"":1,""21"":4,""200"":0,""69"":1,""237"":2,""113"":100,""303"":1,""383"":3,""1149"":1,""181"":16,""182"":8,""66"":14805,""24"":34,""206"":48740,""67"":4128,""68"":0,""13"":75,""17"":30,""18"":-113,""19"":-7,""15"":0,""241"":26806,""199"":929,""16"":72688,""12"":540,""449"":0,""636"":339499,""1148"":75,""11"":8935106000,""14"":1160700155,""387"":""2b3430313039302e343530302d303038353032342e333636372b3030302e3039342f""}"
2026-07-01T01:36:23Z,862272088542776,Codec8E,2026-06-26 17:36:38.000 UTC,1782495398000,0,40.1091750,-8.5024716,93,341,11,31,0,"{""239"":1,""240"":1,""21"":4,""200"":0,""69"":1,""237"":2,""113"":100,""303"":1,""383"":3,""1149"":1,""181"":16,""182"":8,""66"":14806,""24"":31,""206"":48740,""67"":4128,""68"":0,""13"":75,""17"":-27,""18"":89,""19"":72,""15"":0,""241"":26806,""199"":944,""16"":72703,""12"":540,""449"":0,""636"":339499,""1148"":75,""11"":8935106000,""14"":1160700155,""387"":""2b3430313039312e373530302d303038353032342e373136372b3030302e3039332f""}"
2026-07-01T01:36:23Z,862272088542776,Codec8E,2026-06-26 17:36:42.000 UTC,1782495402000,0,40.1094333,-8.5025749,92,352,11,28,0,"{""239"":1,""240"":1,""21"":4,""200"":0,""69"":1,""237"":2,""113"":100,""303"":1,""383"":3,""1149"":1,""181"":16,""182"":8,""66"":14805,""24"":28,""206"":48740,""67"":4128,""68"":0,""13"":75,""17"":49,""18"":124,""19"":12,""15"":0,""241"":26806,""199"":974,""16"":72733,""12"":540,""449"":0,""636"":339499,""1148"":75,""11"":8935106000,""14"":1160700155,""387"":""2b3430313039342e333333332d303038353032352e373530302b3030302e3039322f""}"
2026-07-01T01:36:24Z,862272088542776,Codec8E,2026-06-26 17:36:45.000 UTC,1782495405000,0,40.1096633,-8.5025766,91,4,11,29,0,"{""239"":1,""240"":1,""21"":4,""200"":0,""69"":1,""237"":2,""113"":100,""303"":1,""383"":3,""1149"":1,""181"":16,""182"":8,""66"":14772,""24"":29,""206"":48740,""67"":4128,""68"":0,""13"":75,""17"":-133,""18"":164,""19"":85,""15"":0,""241"":26806,""199"":1000,""16"":72759,""12"":540,""449"":0,""636"":339499,""1148"":75,""11"":8935106000,""14"":1160700155,""387"":""2b3430313039362e363333332d303038353032352e373636372b3030302e3039312f""}"
2026-07-01T01:36:24Z,862272088542776,Codec8E,2026-06-26 17:36:48.000 UTC,1782495408000,0,40.1098883,-8.5024933,88,16,11,31,0,"{""239"":1,""240"":1,""21"":4,""200"":0,""69"":1,""237"":2,""113"":100,""303"":1,""383"":3,""1149"":1,""181"":16,""182"":8,""66"":14773,""24"":31,""206"":48740,""67"":4128,""68"":0,""13"":75,""17"":30,""18"":32,""19"":32,""15"":1000,""241"":26806,""199"":1026,""16"":72785,""12"":540,""449"":0,""636"":339499,""1148"":75,""11"":8935106000,""14"":1160700155,""387"":""2b3430313039382e383833332d303038353032342e393333332b3030302e3038382f""}"
2026-07-01T01:36:24Z,862272088542776,Codec8E,2026-06-26 17:36:53.000 UTC,1782495413000,0,40.1102450,-8.5022716,85,27,11,30,0,"{""239"":1,""240"":1,""21"":4,""200"":0,""69"":1,""237"":2,""113"":100,""303"":1,""383"":3,""1149"":1,""181"":16,""182"":8,""66"":14772,""24"":30,""206"":48740,""67"":4128,""68"":0,""13"":75,""17"":189,""18"":183,""19"":16,""15"":1000,""241"":26806,""199"":1070,""16"":72829,""12"":540,""449"":0,""636"":339499,""1148"":75,""11"":8935106000,""14"":1160700155,""387"":""2b3430313130322e343530302d303038353032322e373136372b3030302e3038352f""}"
2026-07-01T01:36:24Z,862272088542776,Codec8E,2026-06-26 17:36:55.000 UTC,1782495415000,0,40.1103016,-8.5020966,86,38,11,28,0,"{""239"":1,""240"":1,""21"":4,""200"":0,""69"":1,""237"":2,""113"":100,""303"":1,""383"":3,""1149"":1,""181"":17,""182"":9,""66"":14806,""24"":28,""206"":48740,""67"":4128,""68"":0,""13"":75,""17"":26,""18"":160,""19"":-16,""15"":1000,""241"":26806,""199"":1087,""16"":72846,""12"":540,""449"":0,""636"":339499,""1148"":75,""11"":8935106000,""14"":1160700155,""387"":""2b3430313130332e303136372d303038353032302e393636372b3030302e3038362f""}"
2026-07-01T01:36:24Z,862272088542776,Codec8E,2026-06-26 17:36:57.000 UTC,1782495417000,0,40.1103166,-8.5019750,85,62,11,22,0,"{""239"":1,""240"":1,""21"":4,""200"":0,""69"":1,""237"":2,""113"":100,""303"":1,""383"":3,""1149"":1,""181"":12,""182"":9,""66"":14810,""24"":22,""206"":48740,""67"":4128,""68"":0,""13"":75,""17"":-164,""18"":66,""19"":47,""15"":1000,""241"":26806,""199"":1098,""16"":72857,""12"":540,""449"":0,""636"":339499,""1148"":67,""11"":8935106000,""14"":1160700155,""387"":""2b3430313130332e313636372d303038353031392e373530302b3030302e3038352f""}"
2026-07-01T01:36:25Z,862272088542776,Codec8E,2026-06-26 17:37:00.000 UTC,1782495420000,0,40.1103016,-8.5018349,85,98,10,16,0,"{""239"":1,""240"":1,""21"":4,""200"":0,""69"":1,""237"":2,""113"":100,""303"":1,""383"":3,""1149"":1,""181"":13,""182"":10,""66"":14810,""24"":16,""206"":48740,""67"":4128,""68"":0,""13"":75,""17"":-207,""18"":-31,""19"":8,""15"":1000,""241"":26806,""199"":1110,""16"":72869,""12"":540,""449"":0,""636"":339499,""1148"":67,""11"":8935106000,""14"":1160700155,""387"":""2b3430313130332e303136372d303038353031382e333530302b3030302e3038352f""}"
2026-07-01T01:36:25Z,862272088542776,Codec8E,2026-06-26 17:37:01.000 UTC,1782495421000,0,40.1102733,-8.5017866,85,115,10,16,0,"{""239"":1,""240"":1,""21"":4,""200"":0,""69"":1,""237"":2,""113"":100,""303"":1,""383"":3,""1149"":1,""181"":18,""182"":10,""66"":14814,""24"":16,""206"":48740,""67"":4128,""68"":0,""13"":75,""17"":-183,""18"":-25,""19"":57,""15"":1000,""241"":26806,""199"":1116,""16"":72875,""12"":540,""449"":0,""636"":339499,""1148"":67,""11"":8935106000,""14"":1160700155,""387"":""2b3430313130322e373333332d303038353031372e383636372b3030302e3038352f""}"
2026-07-01T01:36:25Z,862272088542776,Codec8E,2026-06-26 17:37:06.000 UTC,1782495426000,0,40.1100900,-8.5014483,86,125,9,22,0,"{""239"":1,""240"":1,""21"":4,""200"":0,""69"":1,""237"":2,""113"":100,""303"":1,""383"":3,""1149"":1,""181"":18,""182"":15,""66"":14810,""24"":22,""206"":48740,""67"":4128,""68"":0,""13"":75,""17"":-21,""18"":-51,""19"":178,""15"":1000,""241"":26806,""199"":1151,""16"":72910,""12"":540,""449"":0,""636"":339499,""1148"":67,""11"":8935106000,""14"":1160700155,""387"":""2b3430313130302e393030302d303038353031342e343833332b3030302e3038362f""}"
2026-07-01T01:36:25Z,862272088542776,Codec8E,2026-06-26 17:37:10.000 UTC,1782495430000,0,40.1098949,-8.5011150,87,115,9,27,0,"{""239"":1,""240"":1,""21"":4,""200"":0,""69"":1,""237"":2,""113"":100,""303"":1,""383"":3,""1149"":1,""181"":18,""182"":15,""66"":14814,""24"":27,""206"":48740,""67"":4128,""68"":0,""13"":75,""17"":-12,""18"":33,""19"":52,""15"":1000,""241"":26806,""199"":1187,""16"":72946,""12"":540,""449"":0,""636"":339499,""1148"":67,""11"":8935106000,""14"":1160700155,""387"":""2b3430313039382e393530302d303038353031312e313530302b3030302e3038372f""}"
2026-07-01T01:36:25Z,862272088542776,Codec8E,2026-06-26 17:37:12.000 UTC,1782495432000,0,40.1098033,-8.5009516,88,125,10,28,0,"{""239"":1,""240"":1,""21"":4,""200"":0,""69"":1,""237"":2,""113"":100,""303"":1,""383"":3,""1149"":1,""181"":19,""182"":11,""66"":14816,""24"":28,""206"":48740,""67"":4128,""68"":0,""13"":75,""17"":-2,""18"":101,""19"":49,""15"":1000,""241"":26806,""199"":1204,""16"":72963,""12"":540,""449"":0,""636"":339499,""1148"":67,""11"":8935106000,""14"":1160700155,""387"":""2b3430313039382e303333332d303038353030392e353136372b3030302e3038382f""}"
2026-07-01T01:36:28Z,862272088542776,Codec8E,2026-06-26 17:37:14.000 UTC,1782495434000,0,40.1096733,-8.5007983,88,135,9,28,0,"{""239"":1,""240"":1,""21"":4,""200"":0,""69"":1,""237"":2,""113"":100,""303"":1,""383"":3,""1149"":1,""181"":32,""182"":20,""66"":14807,""24"":28,""206"":48740,""67"":4128,""68"":0,""13"":75,""17"":80,""18"":-92,""19"":224,""15"":1000,""241"":26806,""199"":1223,""16"":72982,""12"":540,""449"":0,""636"":339499,""1148"":67,""11"":8935106000,""14"":1160700155,""387"":""2b3430313039362e373333332d303038353030372e393833332b3030302e3038382f""}"
2026-07-01T01:36:28Z,862272088542776,Codec8E,2026-06-26 17:37:16.000 UTC,1782495436000,0,40.1095583,-8.5006916,89,146,10,28,0,"{""239"":1,""240"":1,""21"":4,""200"":0,""69"":1,""237"":2,""113"":100,""303"":1,""383"":3,""1149"":1,""181"":14,""182"":10,""66"":14816,""24"":28,""206"":48740,""67"":4128,""68"":0,""13"":75,""17"":-64,""18"":-109,""19"":265,""15"":1000,""241"":26806,""199"":1239,""16"":72998,""12"":540,""449"":0,""636"":339499,""1148"":67,""11"":8935106000,""14"":1160700155,""387"":""2b3430313039352e353833332d303038353030362e393136372b3030302e3038392f""}"
2026-07-01T01:36:28Z,862272088542776,Codec8E,2026-06-26 17:37:19.000 UTC,1782495439000,0,40.1094433,-8.5005883,89,135,9,24,0,"{""239"":1,""240"":1,""21"":4,""200"":0,""69"":1,""237"":2,""113"":100,""303"":1,""383"":3,""1149"":1,""181"":25,""182"":11,""66"":14812,""24"":24,""206"":48740,""67"":4128,""68"":0,""13"":75,""17"":-164,""18"":-114,""19"":-51,""15"":1000,""241"":26806,""199"":1255,""16"":73014,""12"":540,""449"":0,""636"":339499,""1148"":67,""11"":8935106000,""14"":1160700155,""387"":""2b3430313039342e343333332d303038353030352e383833332b3030302e3038392f""}"
2026-07-01T01:36:28Z,862272088542776,Codec8E,2026-06-26 17:37:27.000 UTC,1782495447000,0,40.1089766,-8.5001350,91,145,11,27,0,"{""239"":1,""240"":1,""21"":4,""200"":0,""69"":1,""237"":2,""113"":100,""303"":1,""383"":3,""1149"":1,""181"":20,""182"":9,""66"":14810,""24"":27,""206"":48740,""67"":4128,""68"":0,""13"":75,""17"":-108,""18"":-227,""19"":29,""15"":1000,""241"":26806,""199"":1320,""16"":73079,""12"":540,""449"":0,""636"":339499,""1148"":67,""11"":8935106000,""14"":1160700155,""387"":""2b3430313038392e373636372d303038353030312e333530302b3030302e3039312f""}"
2026-07-01T01:36:28Z,862272088542776,Codec8E,2026-06-26 17:37:30.000 UTC,1782495450000,0,40.1087916,-8.4999450,92,128,11,29,0,"{""239"":1,""240"":1,""21"":4,""200"":0,""69"":1,""237"":2,""113"":100,""303"":1,""383"":3,""1149"":1,""181"":17,""182"":9,""66"":14812,""24"":29,""206"":48740,""67"":4128,""68"":0,""13"":75,""17"":-94,""18"":-80,""19"":93,""15"":1000,""241"":26806,""199"":1346,""16"":73105,""12"":540,""449"":0,""636"":339499,""1148"":67,""11"":8935106000,""14"":1160700155,""387"":""2b3430313038372e393136372d303038343939392e343530302b3030302e3039322f""}"
2026-07-01T01:36:29Z,862272088542776,Codec8E,2026-06-26 17:37:36.000 UTC,1782495456000,0,40.1085349,-8.4994866,94,117,11,28,0,"{""239"":1,""240"":1,""21"":5,""200"":0,""69"":1,""237"":2,""113"":100,""303"":1,""383"":3,""1149"":1,""181"":16,""182"":8,""66"":14810,""24"":28,""206"":48740,""67"":4128,""68"":0,""13"":75,""17"":21,""18"":-252,""19"":10,""15"":1000,""241"":26806,""199"":1394,""16"":73153,""12"":540,""449"":0,""636"":339499,""1148"":67,""11"":8935106000,""14"":1160700155,""387"":""2b3430313038352e333530302d303038343939342e383636372b3030302e3039342f""}"
2026-07-01T01:36:29Z,862272088542776,Codec8E,2026-06-26 17:37:38.000 UTC,1782495458000,0,40.1084866,-8.4993600,95,105,11,25,0,"{""239"":1,""240"":1,""21"":5,""200"":0,""69"":1,""237"":2,""113"":100,""303"":1,""383"":3,""1149"":1,""181"":16,""182"":8,""66"":14809,""24"":25,""206"":48740,""67"":4127,""68"":0,""13"":75,""17"":-13,""18"":-163,""19"":199,""15"":1000,""241"":26806,""199"":1406,""16"":73165,""12"":540,""449"":0,""636"":339499,""1148"":67,""11"":8935106000,""14"":1160700155,""387"":""2b3430313038342e383636372d303038343939332e363030302b3030302e3039352f""}"
2026-07-01T01:36:29Z,862272088542776,Codec8E,2026-06-26 17:37:39.000 UTC,1782495459000,0,40.1085100,-8.4993166,95,62,12,23,0,"{""239"":1,""240"":1,""21"":5,""200"":0,""69"":1,""237"":2,""113"":100,""303"":1,""383"":3,""1149"":1,""181"":16,""182"":8,""66"":14812,""24"":23,""206"":48740,""67"":4128,""68"":0,""13"":75,""17"":-50,""18"":-147,""19"":120,""15"":1000,""241"":26806,""199"":1411,""16"":73170,""12"":540,""449"":0,""636"":339499,""1148"":67,""11"":8935106000,""14"":1160700155,""387"":""2b3430313038352e313030302d303038343939332e313636372b3030302e3039352f""}"
2026-07-01T01:36:29Z,862272088542776,Codec8E,2026-06-26 17:37:40.000 UTC,1782495460000,0,40.1085450,-8.4992749,95,44,12,22,0,"{""239"":1,""240"":1,""21"":5,""200"":0,""69"":1,""237"":2,""113"":100,""303"":1,""383"":3,""1149"":1,""181"":11,""182"":8,""66"":14812,""24"":22,""206"":48740,""67"":4128,""68"":0,""13"":75,""17"":-118,""18"":-165,""19"":110,""15"":1000,""241"":26806,""199"":1416,""16"":73175,""12"":540,""449"":0,""636"":339499,""1148"":67,""11"":8935106000,""14"":1160700155,""387"":""2b3430313038352e343530302d303038343939322e373530302b3030302e3039352f""}"
2026-07-01T01:36:29Z,862272088542776,Codec8E,2026-06-26 17:37:42.000 UTC,1782495462000,0,40.1086433,-8.4992016,96,27,12,22,0,"{""239"":1,""240"":1,""21"":5,""200"":0,""69"":1,""237"":2,""113"":100,""303"":1,""383"":3,""1149"":1,""181"":16,""182"":8,""66"":14801,""24"":22,""206"":48740,""67"":4128,""68"":0,""13"":75,""17"":-121,""18"":-31,""19"":51,""15"":1000,""241"":26806,""199"":1429,""16"":73188,""12"":540,""449"":0,""636"":339499,""1148"":67,""11"":8935106000,""14"":1160700155,""387"":""2b3430313038362e343333332d303038343939322e303136372b3030302e3039362f""}"
2026-07-01T01:36:31Z,862272088542776,Codec8E,2026-06-26 17:37:51.000 UTC,1782495471000,0,40.1093083,-8.4987300,99,29,13,32,0,"{""239"":1,""240"":1,""21"":5,""200"":0,""69"":1,""237"":2,""113"":100,""303"":1,""383"":3,""1149"":1,""181"":10,""182"":7,""66"":14785,""24"":32,""206"":48740,""67"":4127,""68"":0,""13"":75,""17"":33,""18"":11,""19"":61,""15"":1000,""241"":26806,""199"":1513,""16"":73272,""12"":540,""449"":0,""636"":339499,""1148"":67,""11"":8935106000,""14"":1160700155,""387"":""2b3430313039332e303833332d303038343938372e333030302b3030302e3039392f""}"
2026-07-01T01:36:31Z,862272088542776,Codec8E,2026-06-26 17:38:00.000 UTC,1782495480000,0,40.1097933,-8.4983550,106,15,11,21,0,"{""239"":1,""240"":1,""21"":5,""200"":0,""69"":1,""237"":2,""113"":100,""303"":1,""383"":3,""1149"":1,""181"":15,""182"":8,""66"":14823,""24"":21,""206"":48740,""67"":4128,""68"":0,""13"":75,""17"":-1,""18"":30,""19"":17,""15"":1000,""241"":26806,""199"":1576,""16"":73335,""12"":540,""449"":0,""636"":339499,""1148"":65,""11"":8935106000,""14"":1160700155,""387"":""2b3430313039372e393333332d303038343938332e353530302b3030302e3130362f""}"
2026-07-01T01:36:31Z,862272088542776,Codec8E,2026-06-26 17:38:06.000 UTC,1782495486000,0,40.1100183,-8.4983466,110,343,11,15,0,"{""239"":1,""240"":1,""21"":5,""200"":0,""69"":1,""237"":2,""113"":100,""303"":1,""383"":3,""1149"":1,""181"":16,""182"":8,""66"":14814,""24"":15,""206"":48740,""67"":4128,""68"":0,""13"":75,""17"":56,""18"":9,""19"":47,""15"":1000,""241"":26806,""199"":1602,""16"":73361,""12"":540,""449"":0,""636"":339499,""1148"":65,""11"":8935106000,""14"":1160700155,""387"":""2b3430313130302e313833332d303038343938332e343636372b3030302e3131302f""}"
2026-07-01T01:36:31Z,862272088542776,Codec8E,2026-06-26 17:38:07.000 UTC,1782495487000,0,40.1100499,-8.4983833,110,323,11,14,0,"{""239"":1,""240"":1,""21"":5,""200"":0,""69"":1,""237"":2,""113"":100,""303"":1,""383"":3,""1149"":1,""181"":16,""182"":8,""66"":14810,""24"":14,""206"":48740,""67"":4128,""68"":0,""13"":75,""17"":-29,""18"":39,""19"":-149,""15"":1000,""241"":26806,""199"":1607,""16"":73366,""12"":540,""449"":0,""636"":339499,""1148"":65,""11"":8935106000,""14"":1160700155,""387"":""2b3430313130302e353030302d303038343938332e383333332b3030302e3131302f""}"
2026-07-01T01:36:31Z,862272088542776,Codec8E,2026-06-26 17:38:09.000 UTC,1782495489000,0,40.1101133,-8.4984583,110,313,11,14,0,"{""239"":1,""240"":1,""21"":5,""200"":0,""69"":1,""237"":2,""113"":100,""303"":1,""383"":3,""1149"":1,""181"":12,""182"":9,""66"":14816,""24"":14,""206"":48740,""67"":4128,""68"":0,""13"":75,""17"":-145,""18"":4,""19"":18,""15"":1000,""241"":26806,""199"":1617,""16"":73376,""12"":540,""449"":0,""636"":339499,""1148"":65,""11"":8935106000,""14"":1160700155,""387"":""2b3430313130312e313333332d303038343938342e353833332b3030302e3131302f""}"
2026-07-01T01:36:32Z,862272088542776,Codec8E,2026-06-26 17:38:11.000 UTC,1782495491000,0,40.1101650,-8.4985316,111,303,10,14,0,"{""239"":1,""240"":1,""21"":5,""200"":0,""69"":1,""237"":2,""113"":100,""303"":1,""383"":3,""1149"":1,""181"":20,""182"":10,""66"":14805,""24"":14,""206"":48740,""67"":4128,""68"":0,""13"":75,""17"":-67,""18"":49,""19"":6,""15"":1000,""241"":26806,""199"":1625,""16"":73384,""12"":540,""449"":0,""636"":339499,""1148"":65,""11"":8935106000,""14"":1160700155,""387"":""2b3430313130312e363530302d303038343938352e333136372b3030302e3131312f""}"
2026-07-01T01:36:32Z,862272088542776,Codec8E,2026-06-26 17:38:17.000 UTC,1782495497000,0,40.1104783,-8.4988999,112,325,10,24,0,"{""239"":1,""240"":1,""21"":5,""200"":0,""69"":1,""237"":2,""113"":100,""303"":1,""383"":3,""1149"":1,""181"":14,""182"":11,""66"":14815,""24"":24,""206"":48740,""67"":4128,""68"":0,""13"":75,""17"":77,""18"":-40,""19"":8,""15"":1000,""241"":26806,""199"":1672,""16"":73431,""12"":540,""449"":0,""636"":339499,""1148"":65,""11"":8935106000,""14"":1160700155,""387"":""2b3430313130342e373833332d303038343938392e303030302b3030302e3131322f""}"
2026-07-01T01:36:32Z,862272088542776,Codec8E,2026-06-26 17:38:22.000 UTC,1782495502000,0,40.1107000,-8.4990916,114,315,8,21,0,"{""239"":1,""240"":1,""21"":5,""200"":0,""69"":1,""237"":2,""113"":100,""303"":1,""383"":3,""1149"":1,""181"":26,""182"":12,""66"":14805,""24"":21,""206"":48740,""67"":4128,""68"":0,""13"":75,""17"":56,""18"":-31,""19"":77,""15"":1000,""241"":26806,""199"":1702,""16"":73461,""12"":540,""449"":0,""636"":339499,""1148"":65,""11"":8935106000,""14"":1160700155,""387"":""2b3430313130372e303030302d303038343939302e393136372b3030302e3131342f""}"
2026-07-01T01:36:32Z,862272088542776,Codec8E,2026-06-26 17:38:25.000 UTC,1782495505000,0,40.1107566,-8.4991916,115,305,9,16,0,"{""239"":1,""240"":1,""21"":5,""200"":0,""69"":1,""237"":2,""113"":100,""303"":1,""383"":3,""1149"":1,""181"":25,""182"":11,""66"":14808,""24"":16,""206"":48740,""67"":4128,""68"":0,""13"":75,""17"":-27,""18"":-59,""19"":21,""15"":1000,""241"":26806,""199"":1713,""16"":73472,""12"":540,""449"":0,""636"":339499,""1148"":65,""11"":8935106000,""14"":1160700155,""387"":""2b3430313130372e353636372d303038343939312e393136372b3030302e3131352f""}"
2026-07-01T01:36:32Z,862272088542776,Codec8E,2026-06-26 17:38:26.000 UTC,1782495506000,0,40.1107733,-8.4992133,116,317,10,15,0,"{""239"":1,""240"":1,""21"":4,""200"":0,""69"":1,""237"":2,""113"":100,""303"":1,""383"":3,""1149"":1,""181"":14,""182"":10,""66"":14813,""24"":15,""206"":48740,""67"":4126,""68"":0,""13"":75,""17"":17,""18"":-13,""19"":26,""15"":1000,""241"":26806,""199"":1715,""16"":73474,""12"":540,""449"":0,""636"":339499,""1148"":77,""11"":8935106000,""14"":1160700155,""387"":""2b3430313130372e373333332d303038343939322e313333332b3030302e3131362f""}"
2026-07-01T01:36:34Z,862272088542776,Codec8E,2026-06-26 17:38:31.000 UTC,1782495511000,0,40.1108550,-8.4993233,118,296,11,10,0,"{""239"":1,""240"":1,""21"":4,""200"":0,""69"":1,""237"":2,""113"":100,""303"":1,""383"":3,""1149"":1,""181"":17,""182"":8,""66"":14816,""24"":10,""206"":48740,""67"":4128,""68"":0,""13"":75,""17"":-15,""18"":15,""19"":30,""15"":1000,""241"":26806,""199"":1727,""16"":73486,""12"":540,""449"":0,""636"":339499,""1148"":77,""11"":8935106000,""14"":1160700155,""387"":""2b3430313130382e353530302d303038343939332e323333332b3030302e3131382f""}"
2026-07-01T01:36:34Z,862272088542776,Codec8E,2026-06-26 17:38:33.000 UTC,1782495513000,0,40.1108616,-8.4993716,118,297,11,9,303,"{""239"":1,""240"":1,""21"":4,""200"":0,""69"":1,""237"":2,""113"":100,""303"":0,""383"":3,""1149"":1,""181"":17,""182"":8,""66"":14794,""24"":9,""206"":48740,""67"":4128,""68"":0,""13"":75,""17"":-24,""18"":-5,""19"":10,""15"":1000,""241"":26806,""199"":1731,""16"":73490,""12"":540,""449"":0,""636"":339499,""1148"":77,""11"":8935106000,""14"":1160700155,""387"":""2b3430313130382e363136372d303038343939332e373136372b3030302e3131382f""}"
2026-07-01T01:36:34Z,862272088542776,Codec8E,2026-06-26 17:38:35.000 UTC,1782495515000,0,40.1108666,-8.4993933,118,287,10,8,0,"{""239"":1,""240"":1,""21"":4,""200"":0,""69"":1,""237"":2,""113"":100,""303"":0,""383"":3,""1149"":1,""181"":12,""182"":9,""66"":14797,""24"":8,""206"":48740,""67"":4127,""68"":0,""13"":75,""17"":-9,""18"":16,""19"":35,""15"":1000,""241"":26806,""199"":1735,""16"":73494,""12"":540,""449"":0,""636"":339499,""1148"":77,""11"":8935106000,""14"":1160700155,""387"":""2b3430313130382e363636372d303038343939332e393333332b3030302e3131382f""}"
2026-07-01T01:36:34Z,862272088542776,Codec8E,2026-06-26 17:38:37.000 UTC,1782495517000,0,40.1109016,-8.4994499,117,286,10,7,303,"{""239"":1,""240"":1,""21"":4,""200"":0,""69"":1,""237"":2,""113"":100,""303"":1,""383"":3,""1149"":1,""181"":14,""182"":9,""66"":14783,""24"":7,""206"":48740,""67"":4127,""68"":0,""13"":75,""17"":57,""18"":-6,""19"":16,""15"":1000,""241"":26806,""199"":1739,""16"":73498,""12"":540,""449"":0,""636"":339499,""1148"":77,""11"":8935106000,""14"":1160700155,""387"":""2b3430313130392e303136372d303038343939342e353030302b3030302e3131372f""}"
2026-07-01T01:36:34Z,862272088542776,Codec8E,2026-06-26 17:38:45.000 UTC,1782495525000,0,40.1109416,-8.4994700,117,286,10,1,303,"{""239"":1,""240"":1,""21"":4,""200"":0,""69"":1,""237"":2,""113"":100,""303"":0,""383"":3,""1149"":1,""181"":12,""182"":9,""66"":14804,""24"":1,""206"":48740,""67"":4126,""68"":0,""13"":75,""17"":-28,""18"":-8,""19"":7,""15"":1000,""241"":26806,""199"":1743,""16"":73502,""12"":540,""449"":0,""636"":339499,""1148"":77,""11"":8935106000,""14"":1160700155,""387"":""2b3430313130392e343136372d303038343939342e373030302b3030302e3131372f""}"
2026-07-01T01:36:37Z,862272088542776,Codec8E,2026-06-26 17:39:44.000 UTC,1782495584000,0,40.1108716,-8.4995483,123,286,10,0,240,"{""239"":1,""240"":0,""21"":5,""200"":0,""69"":1,""237"":2,""113"":100,""303"":0,""383"":3,""1149"":1,""181"":11,""182"":8,""66"":14807,""24"":0,""206"":48740,""67"":4125,""68"":0,""13"":76,""17"":-27,""18"":-4,""19"":9,""15"":1000,""241"":26806,""199"":1743,""16"":73502,""12"":556,""449"":0,""636"":339499,""1148"":77,""11"":8935106000,""14"":1160700155,""387"":""2b3430313130382e373136372d303038343939352e343833332b3030302e3132332f""}"
2026-07-01T01:36:37Z,862272088542776,Codec8E,2026-06-26 17:41:29.000 UTC,1782495689000,0,40.1108716,-8.4995483,127,286,13,0,303,"{""239"":1,""240"":0,""21"":5,""200"":0,""69"":1,""237"":2,""113"":100,""303"":1,""383"":3,""1149"":1,""181"":13,""182"":7,""66"":14781,""24"":0,""206"":48740,""67"":4124,""68"":0,""13"":80,""17"":28,""18"":-47,""19"":2,""15"":1000,""241"":26806,""199"":1743,""16"":73502,""12"":585,""449"":0,""636"":339499,""1148"":74,""11"":8935106000,""14"":1160700155,""387"":""2b3430313130382e373136372d303038343939352e343833332b3030302e3132372f""}"
2026-07-01T01:36:37Z,862272088542776,Codec8E,2026-06-26 17:41:30.000 UTC,1782495690000,0,40.1110533,-8.4998216,127,311,13,13,240,"{""239"":1,""240"":1,""21"":5,""200"":0,""69"":1,""237"":2,""113"":100,""303"":1,""383"":3,""1149"":1,""181"":10,""182"":7,""66"":14770,""24"":13,""206"":48740,""67"":4125,""68"":0,""13"":80,""17"":50,""18"":-17,""19"":11,""15"":1000,""241"":26806,""199"":1777,""16"":73536,""12"":585,""449"":0,""636"":339499,""1148"":74,""11"":8935106000,""14"":1160700155,""387"":""2b3430313131302e353333332d303038343939382e323136372b3030302e3132372f""}"
2026-07-01T01:36:37Z,862272088542776,Codec8E,2026-06-26 17:41:35.000 UTC,1782495695000,0,40.1111116,-8.4999666,127,291,8,13,0,"{""239"":1,""240"":1,""21"":4,""200"":0,""69"":1,""237"":2,""113"":100,""303"":1,""383"":3,""1149"":1,""181"":16,""182"":11,""66"":14773,""24"":13,""206"":48740,""67"":4123,""68"":0,""13"":80,""17"":10,""18"":-27,""19"":38,""15"":1000,""241"":26806,""199"":1791,""16"":73550,""12"":585,""449"":0,""636"":339499,""1148"":74,""11"":8935106000,""14"":1160700155,""387"":""2b3430313131312e313136372d303038343939392e363636372b3030302e3132372f""}"
2026-07-01T01:36:37Z,862272088542776,Codec8E,2026-06-26 17:41:38.000 UTC,1782495698000,0,40.1111416,-8.5000316,126,307,9,9,0,"{""239"":1,""240"":1,""21"":4,""200"":0,""69"":1,""237"":2,""113"":100,""303"":1,""383"":3,""1149"":1,""181"":14,""182"":10,""66"":14783,""24"":9,""206"":48740,""67"":4125,""68"":0,""13"":80,""17"":-127,""18"":-18,""19"":44,""15"":1000,""241"":26806,""199"":1798,""16"":73557,""12"":585,""449"":0,""636"":339499,""1148"":74,""11"":8935106000,""14"":1160700155,""387"":""2b3430313131312e343136372d303038353030302e333136372b3030302e3132362f""}"
2026-07-01T01:36:38Z,862272088542776,Codec8E,2026-06-26 17:41:40.000 UTC,1782495700000,0,40.1111749,-8.5000750,126,294,10,9,0,"{""239"":1,""240"":1,""21"":4,""200"":0,""69"":1,""237"":2,""113"":100,""303"":1,""383"":3,""1149"":1,""181"":21,""182"":10,""66"":14777,""24"":9,""206"":48740,""67"":4125,""68"":0,""13"":80,""17"":-82,""18"":-23,""19"":57,""15"":1000,""241"":26806,""199"":1804,""16"":73563,""12"":585,""449"":0,""636"":339499,""1148"":74,""11"":8935106000,""14"":1160700155,""387"":""2b3430313131312e373530302d303038353030302e373530302b3030302e3132362f""}"
2026-07-01T01:36:38Z,862272088542776,Codec8E,2026-06-26 17:41:41.000 UTC,1782495701000,0,40.1112016,-8.5001066,125,306,10,10,0,"{""239"":1,""240"":1,""21"":4,""200"":0,""69"":1,""237"":2,""113"":100,""303"":1,""383"":3,""1149"":1,""181"":21,""182"":10,""66"":14794,""24"":10,""206"":48740,""67"":4126,""68"":0,""13"":80,""17"":-65,""18"":-20,""19"":-3,""15"":1000,""241"":26806,""199"":1808,""16"":73567,""12"":585,""449"":0,""636"":339499,""1148"":74,""11"":8935106000,""14"":1160700155,""387"":""2b3430313131322e303136372d303038353030312e303636372b3030302e3132352f""}"
2026-07-01T01:36:38Z,862272088542776,Codec8E,2026-06-26 17:41:45.000 UTC,1782495705000,0,40.1112833,-8.5003250,125,295,9,15,0,"{""239"":1,""240"":1,""21"":4,""200"":0,""69"":1,""237"":2,""113"":100,""303"":1,""383"":3,""1149"":1,""181"":22,""182"":10,""66"":14779,""24"":15,""206"":48740,""67"":4126,""68"":0,""13"":80,""17"":-16,""18"":-77,""19"":47,""15"":1000,""241"":26806,""199"":1828,""16"":73587,""12"":585,""449"":0,""636"":339499,""1148"":74,""11"":8935106000,""14"":1160700155,""387"":""2b3430313131322e383333332d303038353030332e323530302b3030302e3132352f""}"
2026-07-01T01:36:38Z,862272088542776,Codec8E,2026-06-26 17:41:48.000 UTC,1782495708000,0,40.1113500,-8.5005000,125,307,10,16,0,"{""239"":1,""240"":1,""21"":4,""200"":0,""69"":1,""237"":2,""113"":100,""303"":1,""383"":3,""1149"":1,""181"":21,""182"":10,""66"":14774,""24"":16,""206"":48740,""67"":4125,""68"":0,""13"":80,""17"":2,""18"":-49,""19"":50,""15"":1000,""241"":26806,""199"":1845,""16"":73604,""12"":585,""449"":0,""636"":339499,""1148"":74,""11"":8935106000,""14"":1160700155,""387"":""2b3430313131332e353030302d303038353030352e303030302b3030302e3132352f""}"
2026-07-01T01:36:38Z,862272088542776,Codec8E,2026-06-26 17:41:54.000 UTC,1782495714000,0,40.1114383,-8.5007133,124,320,11,11,0,"{""239"":1,""240"":1,""21"":4,""200"":0,""69"":1,""237"":2,""113"":100,""303"":1,""383"":3,""1149"":1,""181"":15,""182"":8,""66"":14796,""24"":11,""206"":48740,""67"":4124,""68"":0,""13"":80,""17"":38,""18"":-33,""19"":16,""15"":1000,""241"":26806,""199"":1866,""16"":73625,""12"":585,""449"":0,""636"":339499,""1148"":74,""11"":8935106000,""14"":1160700155,""387"":""2b3430313131342e333833332d303038353030372e313333332b3030302e3132342f""}"
2026-07-01T01:36:39Z,862272088542776,Codec8E,2026-06-26 17:41:55.000 UTC,1782495715000,0,40.1114533,-8.5007349,124,310,8,10,0,"{""239"":1,""240"":1,""21"":4,""200"":0,""69"":1,""237"":2,""113"":100,""303"":1,""383"":3,""1149"":1,""181"":16,""182"":14,""66"":14813,""24"":10,""206"":48740,""67"":4127,""68"":0,""13"":80,""17"":56,""18"":-6,""19"":20,""15"":1000,""241"":26806,""199"":1866,""16"":73625,""12"":585,""449"":0,""636"":339499,""1148"":74,""11"":8935106000,""14"":1160700155,""387"":""2b3430313131342e353333332d303038353030372e333530302b3030302e3132342f""}"
2026-07-01T01:36:39Z,862272088542776,Codec8E,2026-06-26 17:42:07.000 UTC,1782495727000,0,40.1114616,-8.5009116,120,223,12,8,0,"{""239"":1,""240"":1,""21"":4,""200"":0,""69"":1,""237"":2,""113"":100,""303"":1,""383"":3,""1149"":1,""181"":15,""182"":8,""66"":14789,""24"":8,""206"":48740,""67"":4125,""68"":0,""13"":80,""17"":-31,""18"":-64,""19"":84,""15"":1000,""241"":26806,""199"":1891,""16"":73650,""12"":585,""449"":0,""636"":339499,""1148"":81,""11"":8935106000,""14"":1160700155,""387"":""2b3430313131342e363136372d303038353030392e313136372b3030302e3132302f""}"
2026-07-01T01:36:39Z,862272088542776,Codec8E,2026-06-26 17:42:09.000 UTC,1782495729000,0,40.1113999,-8.5009900,118,213,12,13,0,"{""239"":1,""240"":1,""21"":4,""200"":0,""69"":1,""237"":2,""113"":100,""303"":1,""383"":3,""1149"":1,""181"":15,""182"":8,""66"":14806,""24"":13,""206"":48740,""67"":4128,""68"":0,""13"":80,""17"":45,""18"":7,""19"":95,""15"":1000,""241"":26806,""199"":1901,""16"":73660,""12"":585,""449"":0,""636"":339499,""1148"":81,""11"":8935106000,""14"":1160700155,""387"":""2b3430313131342e303030302d303038353030392e393030302b3030302e3131382f""}"
2026-07-01T01:36:39Z,862272088542776,Codec8E,2026-06-26 17:42:12.000 UTC,1782495732000,0,40.1112816,-8.5011133,116,228,12,16,0,"{""239"":1,""240"":1,""21"":4,""200"":0,""69"":1,""237"":2,""113"":100,""303"":1,""383"":3,""1149"":1,""181"":11,""182"":8,""66"":14781,""24"":16,""206"":48740,""67"":4124,""68"":0,""13"":80,""17"":-31,""18"":-49,""19"":3,""15"":1000,""241"":26806,""199"":1918,""16"":73677,""12"":585,""449"":0,""636"":339499,""1148"":81,""11"":8935106000,""14"":1160700155,""387"":""2b3430313131322e383136372d303038353031312e313333332b3030302e3131362f""}"
2026-07-01T01:36:39Z,862272088542776,Codec8E,2026-06-26 17:42:13.000 UTC,1782495733000,0,40.1112483,-8.5011550,115,218,12,17,0,"{""239"":1,""240"":1,""21"":4,""200"":0,""69"":1,""237"":2,""113"":100,""303"":1,""383"":3,""1149"":1,""181"":15,""182"":8,""66"":14777,""24"":17,""206"":48740,""67"":4125,""68"":0,""13"":80,""17"":-11,""18"":-19,""19"":81,""15"":1000,""241"":26806,""199"":1923,""16"":73682,""12"":585,""449"":0,""636"":339499,""1148"":81,""11"":8935106000,""14"":1160700155,""387"":""2b3430313131322e343833332d303038353031312e353530302b3030302e3131352f""}"
2026-07-01T01:36:41Z,862272088542776,Codec8E,2026-06-26 17:42:18.000 UTC,1782495738000,0,40.1110050,-8.5013583,111,208,12,23,0,"{""239"":1,""240"":1,""21"":4,""200"":0,""69"":1,""237"":2,""113"":100,""303"":1,""383"":3,""1149"":1,""181"":15,""182"":8,""66"":14804,""24"":23,""206"":48740,""67"":4125,""68"":0,""13"":80,""17"":-25,""18"":-31,""19"":108,""15"":1000,""241"":26806,""199"":1955,""16"":73714,""12"":585,""449"":0,""636"":339499,""1148"":81,""11"":8935106000,""14"":1160700155,""387"":""2b3430313131302e303530302d303038353031332e353833332b3030302e3131312f""}"
2026-07-01T01:36:41Z,862272088542776,Codec8E,2026-06-26 17:42:20.000 UTC,1782495740000,0,40.1108883,-8.5014550,109,219,12,25,0,"{""239"":1,""240"":1,""21"":4,""200"":0,""69"":1,""237"":2,""113"":100,""303"":1,""383"":3,""1149"":1,""181"":15,""182"":8,""66"":14799,""24"":25,""206"":48740,""67"":4124,""68"":0,""13"":80,""17"":-36,""18"":-40,""19"":-1,""15"":1000,""241"":26806,""199"":1970,""16"":73729,""12"":585,""449"":0,""636"":339499,""1148"":81,""11"":8935106000,""14"":1160700155,""387"":""2b3430313130382e383833332d303038353031342e353530302b3030302e3130392f""}"
2026-07-01T01:36:41Z,862272088542776,Codec8E,2026-06-26 17:42:33.000 UTC,1782495753000,0,40.1101516,-8.5021750,97,215,12,29,0,"{""239"":1,""240"":1,""21"":4,""200"":0,""69"":1,""237"":2,""113"":100,""303"":1,""383"":3,""1149"":1,""181"":11,""182"":8,""66"":14785,""24"":29,""206"":48740,""67"":4125,""68"":0,""13"":80,""17"":-80,""18"":-49,""19"":87,""15"":1000,""241"":26806,""199"":2073,""16"":73832,""12"":585,""449"":0,""636"":339499,""1148"":75,""11"":8935106000,""14"":1160700155,""387"":""2b3430313130312e353136372d303038353032312e373530302b3030302e3039372f""}"
2026-07-01T01:36:41Z,862272088542776,Codec8E,2026-06-26 17:42:45.000 UTC,1782495765000,0,40.1095250,-8.5027999,87,232,12,23,0,"{""239"":1,""240"":1,""21"":4,""200"":0,""69"":1,""237"":2,""113"":100,""303"":1,""383"":3,""1149"":1,""181"":11,""182"":8,""66"":14790,""24"":23,""206"":48740,""67"":4125,""68"":0,""13"":80,""17"":-26,""18"":-40,""19"":131,""15"":1000,""241"":26806,""199"":2161,""16"":73920,""12"":585,""449"":0,""636"":339499,""1148"":75,""11"":8935106000,""14"":1160700155,""387"":""2b3430313039352e323530302d303038353032382e303030302b3030302e3038372f""}"
2026-07-01T01:36:41Z,862272088542776,Codec8E,2026-06-26 17:42:46.000 UTC,1782495766000,0,40.1095016,-8.5028566,86,243,13,22,0,"{""239"":1,""240"":1,""21"":4,""200"":0,""69"":1,""237"":2,""113"":100,""303"":1,""383"":3,""1149"":1,""181"":10,""182"":7,""66"":14785,""24"":22,""206"":48740,""67"":4125,""68"":0,""13"":80,""17"":-27,""18"":-239,""19"":21,""15"":1000,""241"":26806,""199"":2167,""16"":73926,""12"":585,""449"":0,""636"":339499,""1148"":75,""11"":8935106000,""14"":1160700155,""387"":""2b3430313039352e303136372d303038353032382e353636372b3030302e3038362f""}"
2026-07-01T01:36:42Z,862272088542776,Codec8E,2026-06-26 17:42:48.000 UTC,1782495768000,0,40.1094316,-8.5029700,85,229,12,22,0,"{""239"":1,""240"":1,""21"":4,""200"":0,""69"":1,""237"":2,""113"":100,""303"":1,""383"":3,""1149"":1,""181"":18,""182"":9,""66"":14788,""24"":22,""206"":48740,""67"":4124,""68"":0,""13"":80,""17"":-17,""18"":-272,""19"":26,""15"":1000,""241"":26806,""199"":2179,""16"":73938,""12"":585,""449"":0,""636"":339499,""1148"":75,""11"":8935106000,""14"":1160700155,""387"":""2b3430313039342e333136372d303038353032392e373030302b3030302e3038352f""}"
2026-07-01T01:36:42Z,862272088542776,Codec8E,2026-06-26 17:42:49.000 UTC,1782495769000,0,40.1093833,-8.5029933,84,204,12,21,0,"{""239"":1,""240"":1,""21"":4,""200"":0,""69"":1,""237"":2,""113"":100,""303"":1,""383"":3,""1149"":1,""181"":18,""182"":9,""66"":14783,""24"":21,""206"":48740,""67"":4125,""68"":0,""13"":80,""17"":-61,""18"":-345,""19"":84,""15"":1000,""241"":26806,""199"":2185,""16"":73944,""12"":585,""449"":0,""636"":1515562,""1148"":75,""11"":8935106000,""14"":1160700155,""387"":""2b3430313039332e383333332d303038353032392e393333332b3030302e3038342f""}"
2026-07-01T01:36:42Z,862272088542776,Codec8E,2026-06-26 17:42:51.000 UTC,1782495771000,0,40.1092733,-8.5029650,83,152,12,20,0,"{""239"":1,""240"":1,""21"":4,""200"":0,""69"":1,""237"":2,""113"":100,""303"":1,""383"":3,""1149"":1,""181"":18,""182"":9,""66"":14796,""24"":20,""206"":48740,""67"":4127,""68"":0,""13"":80,""17"":-54,""18"":-275,""19"":19,""15"":1000,""241"":26806,""199"":2198,""16"":73957,""12"":585,""449"":0,""636"":1515562,""1148"":75,""11"":8935106000,""14"":1160700155,""387"":""2b3430313039322e373333332d303038353032392e363530302b3030302e3038332f""}"
2026-07-01T01:36:42Z,862272088542776,Codec8E,2026-06-26 17:42:53.000 UTC,1782495773000,0,40.1091766,-8.5028616,82,139,13,21,0,"{""239"":1,""240"":1,""21"":4,""200"":0,""69"":1,""237"":2,""113"":100,""303"":1,""383"":3,""1149"":1,""181"":10,""182"":7,""66"":14805,""24"":21,""206"":48740,""67"":4128,""68"":0,""13"":80,""17"":-56,""18"":178,""19"":103,""15"":1000,""241"":26806,""199"":2212,""16"":73971,""12"":585,""449"":0,""636"":1515562,""1148"":75,""11"":8935106000,""14"":1160700155,""387"":""2b3430313039312e373636372d303038353032382e363136372b3030302e3038322f""}"
2026-07-01T01:36:42Z,862272088542776,Codec8E,2026-06-26 17:42:54.000 UTC,1782495774000,0,40.1091399,-8.5027750,82,126,13,22,0,"{""239"":1,""240"":1,""21"":4,""200"":0,""69"":1,""237"":2,""113"":100,""303"":1,""383"":3,""1149"":1,""181"":10,""182"":7,""66"":14780,""24"":22,""206"":48740,""67"":4125,""68"":0,""13"":80,""17"":-40,""18"":238,""19"":117,""15"":1000,""241"":26806,""199"":2220,""16"":73979,""12"":585,""449"":0,""636"":1515562,""1148"":75,""11"":8935106000,""14"":1160700155,""387"":""2b3430313039312e343030302d303038353032372e373530302b3030302e3038322f""}"
2026-07-01T01:37:02Z,862272088542776,Codec8E,2026-06-26 17:42:57.000 UTC,1782495777000,0,40.1090066,-8.5025366,82,145,13,25,0,"{""239"":1,""240"":1,""21"":4,""200"":0,""69"":1,""237"":2,""113"":100,""303"":1,""383"":3,""1149"":1,""181"":13,""182"":7,""66"":14781,""24"":25,""206"":48740,""67"":4125,""68"":0,""13"":80,""17"":-73,""18"":135,""19"":120,""15"":1000,""241"":26806,""199"":2246,""16"":74005,""12"":585,""449"":0,""636"":1515562,""1148"":77,""11"":8935106000,""14"":1160700155,""387"":""2b3430313039302e303636372d303038353032352e333636372b3030302e3038322f""}"
2026-07-01T01:37:02Z,862272088542776,Codec8E,2026-06-26 17:42:59.000 UTC,1782495779000,0,40.1088900,-8.5024766,81,166,13,25,0,"{""239"":1,""240"":1,""21"":4,""200"":0,""69"":1,""237"":2,""113"":100,""303"":1,""383"":3,""1149"":1,""181"":13,""182"":7,""66"":14780,""24"":25,""206"":48740,""67"":4125,""68"":0,""13"":80,""17"":-77,""18"":-44,""19"":-1,""15"":1000,""241"":26806,""199"":2260,""16"":74019,""12"":585,""449"":0,""636"":1515562,""1148"":77,""11"":8935106000,""14"":1160700155,""387"":""2b3430313038382e393030302d303038353032342e373636372b3030302e3038312f""}"
2026-07-01T01:37:02Z,862272088542776,Codec8E,2026-06-26 17:43:01.000 UTC,1782495781000,0,40.1087716,-8.5024616,80,176,14,24,0,"{""239"":1,""240"":1,""21"":4,""200"":0,""69"":1,""237"":2,""113"":100,""303"":1,""383"":3,""1149"":1,""181"":12,""182"":7,""66"":14785,""24"":24,""206"":48740,""67"":4125,""68"":0,""13"":80,""17"":-68,""18"":-309,""19"":-75,""15"":1000,""241"":26806,""199"":2273,""16"":74032,""12"":585,""449"":0,""636"":1515562,""1148"":77,""11"":8935106000,""14"":1160700155,""387"":""2b3430313038372e373136372d303038353032342e363136372b3030302e3038302f""}"
2026-07-01T01:37:02Z,862272088542776,Codec8E,2026-06-26 17:43:03.000 UTC,1782495783000,0,40.1086583,-8.5024266,80,161,14,23,0,"{""239"":1,""240"":1,""21"":4,""200"":0,""69"":1,""237"":2,""113"":100,""303"":1,""383"":3,""1149"":1,""181"":10,""182"":6,""66"":14795,""24"":23,""206"":48740,""67"":4126,""68"":0,""13"":80,""17"":-170,""18"":-103,""19"":15,""15"":1000,""241"":26806,""199"":2286,""16"":74045,""12"":585,""449"":0,""636"":1515562,""1148"":77,""11"":8935106000,""14"":1160700155,""387"":""2b3430313038362e353833332d303038353032342e323636372b3030302e3038302f""}"
2026-07-01T01:37:02Z,862272088542776,Codec8E,2026-06-26 17:43:04.000 UTC,1782495784000,0,40.1086133,-8.5023916,79,151,14,23,0,"{""239"":1,""240"":1,""21"":4,""200"":0,""69"":1,""237"":2,""113"":100,""303"":1,""383"":3,""1149"":1,""181"":12,""182"":7,""66"":14783,""24"":23,""206"":48740,""67"":4124,""68"":0,""13"":80,""17"":-160,""18"":88,""19"":45,""15"":1000,""241"":26806,""199"":2292,""16"":74051,""12"":585,""449"":0,""636"":1515562,""1148"":77,""11"":8935106000,""14"":1160700155,""387"":""2b3430313038362e313333332d303038353032332e393136372b3030302e3037392f""}"
2026-07-01T01:37:03Z,862272088542776,Codec8E,2026-06-26 17:43:05.000 UTC,1782495785000,0,40.1085766,-8.5023400,79,139,14,22,0,"{""239"":1,""240"":1,""21"":4,""200"":0,""69"":1,""237"":2,""113"":100,""303"":1,""383"":3,""1149"":1,""181"":12,""182"":7,""66"":14809,""24"":22,""206"":48740,""67"":4128,""68"":0,""13"":80,""17"":-175,""18"":148,""19"":43,""15"":1000,""241"":26806,""199"":2298,""16"":74057,""12"":585,""449"":0,""636"":1515562,""1148"":77,""11"":8935106000,""14"":1160700155,""387"":""2b3430313038352e373636372d303038353032332e343030302b3030302e3037392f""}"
2026-07-01T01:37:03Z,862272088542776,Codec8E,2026-06-26 17:43:06.000 UTC,1782495786000,0,40.1085450,-8.5022600,79,126,14,22,0,"{""239"":1,""240"":1,""21"":4,""200"":0,""69"":1,""237"":2,""113"":100,""303"":1,""383"":3,""1149"":1,""181"":10,""182"":6,""66"":14815,""24"":22,""206"":48740,""67"":4128,""68"":0,""13"":80,""17"":-155,""18"":163,""19"":85,""15"":1000,""241"":26806,""199"":2306,""16"":74065,""12"":585,""449"":0,""636"":1515562,""1148"":77,""11"":8935106000,""14"":1160700155,""387"":""2b3430313038352e343530302d303038353032322e363030302b3030302e3037392f""}"
2026-07-01T01:37:03Z,862272088542776,Codec8E,2026-06-26 17:43:11.000 UTC,1782495791000,0,40.1082750,-8.5017516,78,136,13,34,0,"{""239"":1,""240"":1,""21"":4,""200"":0,""69"":1,""237"":2,""113"":100,""303"":1,""383"":3,""1149"":1,""181"":13,""182"":7,""66"":14775,""24"":34,""206"":48740,""67"":4126,""68"":0,""13"":80,""17"":-116,""18"":3,""19"":65,""15"":1000,""241"":26806,""199"":2359,""16"":74118,""12"":585,""449"":0,""636"":1515562,""1148"":77,""11"":8935106000,""14"":1160700155,""387"":""2b3430313038322e373530302d303038353031372e353136372b3030302e3037382f""}"
2026-07-01T01:37:03Z,862272088542776,Codec8E,2026-06-26 17:43:14.000 UTC,1782495794000,0,40.1079666,-8.5014250,78,146,11,43,0,"{""239"":1,""240"":1,""21"":4,""200"":0,""69"":1,""237"":2,""113"":100,""303"":1,""383"":3,""1149"":1,""181"":11,""182"":8,""66"":14776,""24"":43,""206"":48740,""67"":4125,""68"":0,""13"":80,""17"":-15,""18"":-15,""19"":37,""15"":1000,""241"":26806,""199"":2403,""16"":74162,""12"":585,""449"":0,""636"":1515562,""1148"":77,""11"":8935106000,""14"":1160700155,""387"":""2b3430313037392e363636372d303038353031342e323530302b3030302e3037382f""}"
2026-07-01T01:37:03Z,862272088542776,Codec8E,2026-06-26 17:43:20.000 UTC,1782495800000,0,40.1073783,-8.5009633,80,159,11,43,0,"{""239"":1,""240"":1,""21"":4,""200"":0,""69"":1,""237"":2,""113"":100,""303"":1,""383"":3,""1149"":1,""181"":11,""182"":8,""66"":14814,""24"":43,""206"":48740,""67"":4128,""68"":0,""13"":80,""17"":-69,""18"":199,""19"":14,""15"":1000,""241"":26806,""199"":2479,""16"":74238,""12"":585,""449"":0,""636"":1515562,""1148"":77,""11"":8935106000,""14"":1160700155,""387"":""2b3430313037332e373833332d303038353030392e363333332b3030302e3038302f""}"
2026-07-01T01:37:04Z,862272088542776,Codec8E,2026-06-26 17:43:22.000 UTC,1782495802000,0,40.1071966,-8.5009383,81,182,12,40,0,"{""239"":1,""240"":1,""21"":4,""200"":0,""69"":1,""237"":2,""113"":100,""303"":1,""383"":3,""1149"":1,""181"":13,""182"":8,""66"":14780,""24"":40,""206"":48740,""67"":4124,""68"":0,""13"":80,""17"":-40,""18"":275,""19"":68,""15"":1000,""241"":26806,""199"":2500,""16"":74259,""12"":585,""449"":0,""636"":1515562,""1148"":77,""11"":8935106000,""14"":1160700155,""387"":""2b3430313037312e393636372d303038353030392e333833332b3030302e3038312f""}"
2026-07-01T01:37:04Z,862272088542776,Codec8E,2026-06-26 17:43:23.000 UTC,1782495803000,0,40.1071133,-8.5009833,82,195,13,38,0,"{""239"":1,""240"":1,""21"":4,""200"":0,""69"":1,""237"":2,""113"":100,""303"":1,""383"":3,""1149"":1,""181"":12,""182"":7,""66"":14779,""24"":38,""206"":48740,""67"":4125,""68"":0,""13"":80,""17"":-43,""18"":273,""19"":6,""15"":1000,""241"":26806,""199"":2510,""16"":74269,""12"":585,""449"":0,""636"":1515562,""1148"":77,""11"":8935106000,""14"":1160700155,""387"":""2b3430313037312e313333332d303038353030392e383333332b3030302e3038322f""}"
2026-07-01T01:37:04Z,862272088542776,Codec8E,2026-06-26 17:43:25.000 UTC,1782495805000,0,40.1069616,-8.5010983,84,205,15,36,0,"{""239"":1,""240"":1,""21"":4,""200"":0,""69"":1,""237"":2,""113"":100,""303"":1,""383"":3,""1149"":1,""181"":12,""182"":6,""66"":14775,""24"":36,""206"":48740,""67"":4124,""68"":0,""13"":80,""17"":-68,""18"":233,""19"":17,""15"":1000,""241"":26806,""199"":2529,""16"":74288,""12"":585,""449"":0,""636"":1515562,""1148"":77,""11"":8935106000,""14"":1160700155,""387"":""2b3430313036392e363136372d303038353031302e393833332b3030302e3038342f""}"
2026-07-01T01:37:04Z,862272088542776,Codec8E,2026-06-26 17:43:27.000 UTC,1782495807000,0,40.1068866,-8.5012583,85,227,15,32,0,"{""239"":1,""240"":1,""21"":4,""200"":0,""69"":1,""237"":2,""113"":100,""303"":1,""383"":3,""1149"":1,""181"":9,""182"":6,""66"":14777,""24"":32,""206"":48740,""67"":4124,""68"":0,""13"":80,""17"":-79,""18"":11,""19"":7,""15"":1000,""241"":26806,""199"":2546,""16"":74305,""12"":585,""449"":0,""636"":1515562,""1148"":77,""11"":8935106000,""14"":1160700155,""387"":""2b3430313036382e383636372d303038353031322e353833332b3030302e3038352f""}"
2026-07-01T01:37:04Z,862272088542776,Codec8E,2026-06-26 17:43:28.000 UTC,1782495808000,0,40.1068933,-8.5013683,85,246,15,31,0,"{""239"":1,""240"":1,""21"":4,""200"":0,""69"":1,""237"":2,""113"":100,""303"":1,""383"":3,""1149"":1,""181"":12,""182"":6,""66"":14777,""24"":31,""206"":48740,""67"":4124,""68"":0,""13"":80,""17"":-194,""18"":-47,""19"":38,""15"":1000,""241"":26806,""199"":2555,""16"":74314,""12"":585,""449"":0,""636"":1515562,""1148"":77,""11"":8935106000,""14"":1160700155,""387"":""2b3430313036382e393333332d303038353031332e363833332b3030302e3038352f""}"
2026-07-01T01:37:06Z,862272088542776,Codec8E,2026-06-26 17:43:29.000 UTC,1782495809000,0,40.1069033,-8.5014800,85,257,15,31,0,"{""239"":1,""240"":1,""21"":4,""200"":0,""69"":1,""237"":2,""113"":100,""303"":1,""383"":3,""1149"":1,""181"":12,""182"":6,""66"":14777,""24"":31,""206"":48740,""67"":4124,""68"":0,""13"":80,""17"":-189,""18"":-27,""19"":9,""15"":1000,""241"":26806,""199"":2565,""16"":74324,""12"":585,""449"":0,""636"":1515562,""1148"":77,""11"":8935106000,""14"":1160700155,""387"":""2b3430313036392e303333332d303038353031342e383030302b3030302e3038352f""}"
2026-07-01T01:37:06Z,862272088542776,Codec8E,2026-06-26 17:43:30.000 UTC,1782495810000,0,40.1069333,-8.5016283,86,268,15,32,0,"{""239"":1,""240"":1,""21"":4,""200"":0,""69"":1,""237"":2,""113"":100,""303"":1,""383"":3,""1149"":1,""181"":9,""182"":6,""66"":14783,""24"":32,""206"":48740,""67"":4124,""68"":0,""13"":80,""17"":-125,""18"":-4,""19"":97,""15"":1000,""241"":26806,""199"":2578,""16"":74337,""12"":585,""449"":0,""636"":1515562,""1148"":77,""11"":8935106000,""14"":1160700155,""387"":""2b3430313036392e333333332d303038353031362e323833332b3030302e3038362f""}"
2026-07-01T01:37:06Z,862272088542776,Codec8E,2026-06-26 17:43:32.000 UTC,1782495812000,0,40.1070283,-8.5019616,87,280,13,36,0,"{""239"":1,""240"":1,""21"":4,""200"":0,""69"":1,""237"":2,""113"":100,""303"":1,""383"":3,""1149"":1,""181"":14,""182"":7,""66"":14779,""24"":36,""206"":48740,""67"":4123,""68"":0,""13"":80,""17"":-87,""18"":-19,""19"":97,""15"":1000,""241"":26806,""199"":2608,""16"":74367,""12"":585,""449"":0,""636"":1515562,""1148"":77,""11"":8935106000,""14"":1160700155,""387"":""2b3430313037302e323833332d303038353031392e363136372b3030302e3038372f""}"
2026-07-01T01:37:06Z,862272088542776,Codec8E,2026-06-26 17:43:35.000 UTC,1782495815000,0,40.1071800,-8.5024983,87,289,13,46,0,"{""239"":1,""240"":1,""21"":5,""200"":0,""69"":1,""237"":2,""113"":100,""303"":1,""383"":3,""1149"":1,""181"":10,""182"":7,""66"":14818,""24"":46,""206"":48740,""67"":4128,""68"":0,""13"":80,""17"":12,""18"":-80,""19"":73,""15"":1000,""241"":26806,""199"":2657,""16"":74416,""12"":585,""449"":0,""636"":1515562,""1148"":77,""11"":8935106000,""14"":1160700155,""387"":""2b3430313037312e383030302d303038353032342e393833332b3030302e3038372f""}"
2026-07-01T01:37:06Z,862272088542776,Codec8E,2026-06-26 17:43:41.000 UTC,1782495821000,0,40.1074933,-8.5036033,89,295,14,51,0,"{""239"":1,""240"":1,""21"":5,""200"":0,""69"":1,""237"":2,""113"":100,""303"":1,""383"":3,""1149"":1,""181"":10,""182"":6,""66"":14777,""24"":51,""206"":48740,""67"":4125,""68"":0,""13"":80,""17"":6,""18"":96,""19"":88,""15"":1000,""241"":26806,""199"":2757,""16"":74516,""12"":585,""449"":0,""636"":1515562,""1148"":77,""11"":8935106000,""14"":1160700155,""387"":""2b3430313037342e393333332d303038353033362e303333332b3030302e3038392f""}"
2026-07-01T01:37:07Z,862272088542776,Codec8E,2026-06-26 17:43:43.000 UTC,1782495823000,0,40.1076849,-8.5039033,90,308,14,52,0,"{""239"":1,""240"":1,""21"":5,""200"":0,""69"":1,""237"":2,""113"":100,""303"":1,""383"":3,""1149"":1,""181"":12,""182"":7,""66"":14783,""24"":52,""206"":48740,""67"":4124,""68"":0,""13"":80,""17"":67,""18"":114,""19"":85,""15"":1000,""241"":26806,""199"":2790,""16"":74549,""12"":585,""449"":0,""636"":339499,""1148"":77,""11"":8935106000,""14"":1160700155,""387"":""2b3430313037362e383530302d303038353033392e303333332b3030302e3039302f""}"
2026-07-01T01:37:07Z,862272088542776,Codec8E,2026-06-26 17:43:45.000 UTC,1782495825000,0,40.1078716,-8.5041750,87,322,14,51,0,"{""239"":1,""240"":1,""21"":5,""200"":0,""69"":1,""237"":2,""113"":100,""303"":1,""383"":3,""1149"":1,""181"":10,""182"":6,""66"":14768,""24"":51,""206"":48740,""67"":4124,""68"":0,""13"":80,""17"":122,""18"":65,""19"":68,""15"":1000,""241"":26806,""199"":2822,""16"":74581,""12"":585,""449"":0,""636"":339499,""1148"":77,""11"":8935106000,""14"":1160700155,""387"":""2b3430313037382e373136372d303038353034312e373530302b3030302e3038372f""}"
2026-07-01T01:37:07Z,862272088542776,Codec8E,2026-06-26 17:43:48.000 UTC,1782495828000,0,40.1082033,-8.5043583,86,334,14,47,0,"{""239"":1,""240"":1,""21"":5,""200"":0,""69"":1,""237"":2,""113"":100,""303"":1,""383"":3,""1149"":1,""181"":10,""182"":6,""66"":14801,""24"":47,""206"":48740,""67"":4128,""68"":0,""13"":80,""17"":151,""18"":-11,""19"":88,""15"":1000,""241"":26806,""199"":2862,""16"":74621,""12"":585,""449"":0,""636"":339499,""1148"":77,""11"":8935106000,""14"":1160700155,""387"":""2b3430313038322e303333332d303038353034332e353833332b3030302e3038362f""}"
2026-07-01T01:37:07Z,862272088542776,Codec8E,2026-06-26 17:43:53.000 UTC,1782495833000,0,40.1086066,-8.5045816,83,344,11,35,0,"{""239"":1,""240"":1,""21"":5,""200"":0,""69"":1,""237"":2,""113"":100,""303"":1,""383"":3,""1149"":1,""181"":12,""182"":8,""66"":14777,""24"":35,""206"":48740,""67"":4125,""68"":0,""13"":80,""17"":-35,""18"":92,""19"":101,""15"":1000,""241"":26806,""199"":2911,""16"":74670,""12"":585,""449"":0,""636"":339499,""1148"":77,""11"":8935106000,""14"":1160700155,""387"":""2b3430313038362e303636372d303038353034352e383136372b3030302e3038332f""}"
2026-07-01T01:37:07Z,862272088542776,Codec8E,2026-06-26 17:43:55.000 UTC,1782495835000,0,40.1087183,-8.5045716,83,0,12,32,0,"{""239"":1,""240"":1,""21"":5,""200"":0,""69"":1,""237"":2,""113"":100,""303"":1,""383"":3,""1149"":1,""181"":14,""182"":8,""66"":14800,""24"":32,""206"":48740,""67"":4125,""68"":0,""13"":80,""17"":8,""18"":-166,""19"":80,""15"":1000,""241"":26806,""199"":2924,""16"":74683,""12"":585,""449"":0,""636"":339499,""1148"":77,""11"":8935106000,""14"":1160700155,""387"":""2b3430313038372e313833332d303038353034352e373136372b3030302e3038332f""}"
2026-07-01T01:37:08Z,862272088542776,Codec8E,2026-06-26 17:43:57.000 UTC,1782495837000,0,40.1088566,-8.5045833,82,346,12,30,0,"{""239"":1,""240"":1,""21"":5,""200"":0,""69"":1,""237"":2,""113"":100,""303"":1,""383"":3,""1149"":1,""181"":11,""182"":7,""66"":14801,""24"":30,""206"":48740,""67"":4125,""68"":0,""13"":80,""17"":-104,""18"":-217,""19"":56,""15"":1000,""241"":26806,""199"":2939,""16"":74698,""12"":585,""449"":0,""636"":339499,""1148"":73,""11"":8935106000,""14"":1160700155,""387"":""2b3430313038382e353636372d303038353034352e383333332b3030302e3038322f""}"
2026-07-01T01:37:08Z,862272088542776,Codec8E,2026-06-26 17:43:59.000 UTC,1782495839000,0,40.1089866,-8.5046550,81,330,13,28,0,"{""239"":1,""240"":1,""21"":5,""200"":0,""69"":1,""237"":2,""113"":100,""303"":1,""383"":3,""1149"":1,""181"":12,""182"":7,""66"":14793,""24"":28,""206"":48740,""67"":4125,""68"":0,""13"":80,""17"":113,""18"":55,""19"":47,""15"":1000,""241"":26806,""199"":2955,""16"":74714,""12"":585,""449"":0,""636"":339499,""1148"":73,""11"":8935106000,""14"":1160700155,""387"":""2b3430313038392e383636372d303038353034362e353530302b3030302e3038312f""}"
2026-07-01T01:37:08Z,862272088542776,Codec8E,2026-06-26 17:44:01.000 UTC,1782495841000,0,40.1091016,-8.5047550,79,317,13,27,0,"{""239"":1,""240"":1,""21"":5,""200"":0,""69"":1,""237"":2,""113"":100,""303"":1,""383"":3,""1149"":1,""181"":12,""182"":7,""66"":14814,""24"":27,""206"":48740,""67"":4127,""68"":0,""13"":80,""17"":8,""18"":44,""19"":11,""15"":1000,""241"":26806,""199"":2971,""16"":74730,""12"":585,""449"":0,""636"":339499,""1148"":73,""11"":8935106000,""14"":1160700155,""387"":""2b3430313039312e303136372d303038353034372e353530302b3030302e3037392f""}"
2026-07-01T01:37:08Z,862272088542776,Codec8E,2026-06-26 17:44:03.000 UTC,1782495843000,0,40.1092000,-8.5048633,79,328,14,26,0,"{""239"":1,""240"":1,""21"":5,""200"":0,""69"":1,""237"":2,""113"":100,""303"":1,""383"":3,""1149"":1,""181"":12,""182"":7,""66"":14815,""24"":26,""206"":48740,""67"":4127,""68"":0,""13"":80,""17"":49,""18"":59,""19"":43,""15"":1000,""241"":26806,""199"":2985,""16"":74744,""12"":585,""449"":0,""636"":339499,""1148"":73,""11"":8935106000,""14"":1160700155,""387"":""2b3430313039322e303030302d303038353034382e363333332b3030302e3037392f""}"
2026-07-01T01:37:08Z,862272088542776,Codec8E,2026-06-26 17:44:10.000 UTC,1782495850000,0,40.1096433,-8.5051766,76,315,14,29,0,"{""239"":1,""240"":1,""21"":5,""200"":0,""69"":1,""237"":2,""113"":100,""303"":1,""383"":3,""1149"":1,""181"":12,""182"":7,""66"":14784,""24"":29,""206"":48740,""67"":4126,""68"":0,""13"":80,""17"":-62,""18"":-285,""19"":95,""15"":1000,""241"":26806,""199"":3041,""16"":74800,""12"":585,""449"":0,""636"":339499,""1148"":73,""11"":8935106000,""14"":1160700155,""387"":""2b3430313039362e343333332d303038353035312e373636372b3030302e3037362f""}"
2026-07-01T01:37:09Z,862272088542776,Codec8E,2026-06-26 17:44:11.000 UTC,1782495851000,0,40.1096866,-8.5052566,76,305,14,29,0,"{""239"":1,""240"":1,""21"":5,""200"":0,""69"":1,""237"":2,""113"":100,""303"":1,""383"":3,""1149"":1,""181"":12,""182"":7,""66"":14781,""24"":29,""206"":48740,""67"":4125,""68"":0,""13"":80,""17"":-62,""18"":-178,""19"":25,""15"":1000,""241"":26806,""199"":3050,""16"":74809,""12"":585,""449"":0,""636"":339499,""1148"":73,""11"":8935106000,""14"":1160700155,""387"":""2b3430313039362e383636372d303038353035322e353636372b3030302e3037362f""}"
2026-07-01T01:37:09Z,862272088542776,Codec8E,2026-06-26 17:44:13.000 UTC,1782495853000,0,40.1097433,-8.5054550,75,288,14,30,0,"{""239"":1,""240"":1,""21"":5,""200"":0,""69"":1,""237"":2,""113"":100,""303"":1,""383"":3,""1149"":1,""181"":12,""182"":7,""66"":14778,""24"":30,""206"":48740,""67"":4125,""68"":0,""13"":80,""17"":-63,""18"":-74,""19"":48,""15"":1000,""241"":26806,""199"":3068,""16"":74827,""12"":585,""449"":0,""636"":339499,""1148"":73,""11"":8935106000,""14"":1160700155,""387"":""2b3430313039372e343333332d303038353035342e353530302b3030302e3037352f""}"
2026-07-01T01:37:09Z,862272088542776,Codec8E,2026-06-26 17:44:15.000 UTC,1782495855000,0,40.1097550,-8.5056833,74,276,14,32,0,"{""239"":1,""240"":1,""21"":5,""200"":0,""69"":1,""237"":2,""113"":100,""303"":1,""383"":3,""1149"":1,""181"":12,""182"":7,""66"":14781,""24"":32,""206"":48740,""67"":4125,""68"":0,""13"":80,""17"":-11,""18"":-16,""19"":66,""15"":1000,""241"":26806,""199"":3087,""16"":74846,""12"":585,""449"":0,""636"":339499,""1148"":73,""11"":8935106000,""14"":1160700155,""387"":""2b3430313039372e353530302d303038353035362e383333332b3030302e3037342f""}"
2026-07-01T01:37:09Z,862272088542776,Codec8E,2026-06-26 17:44:25.000 UTC,1782495865000,0,40.1097366,-8.5067349,73,266,12,32,0,"{""239"":1,""240"":1,""21"":5,""200"":0,""69"":1,""237"":2,""113"":100,""303"":1,""383"":3,""1149"":1,""181"":14,""182"":8,""66"":14801,""24"":32,""206"":48740,""67"":4125,""68"":0,""13"":80,""17"":127,""18"":-312,""19"":57,""15"":1000,""241"":26806,""199"":3176,""16"":74935,""12"":585,""449"":0,""636"":339499,""1148"":73,""11"":8935106000,""14"":1160700155,""387"":""2b3430313039372e333636372d303038353036372e333530302b3030302e3037332f""}"
2026-07-01T01:37:09Z,862272088542776,Codec8E,2026-06-26 17:44:28.000 UTC,1782495868000,0,40.1096699,-8.5069916,72,252,13,29,0,"{""239"":1,""240"":1,""21"":4,""200"":0,""69"":1,""237"":2,""113"":100,""303"":1,""383"":3,""1149"":1,""181"":14,""182"":8,""66"":14788,""24"":29,""206"":48740,""67"":4124,""68"":0,""13"":80,""17"":-129,""18"":-179,""19"":23,""15"":1000,""241"":26806,""199"":3200,""16"":74959,""12"":585,""449"":0,""636"":339499,""1148"":76,""11"":8935106000,""14"":1160700155,""387"":""2b3430313039362e373030302d303038353036392e393136372b3030302e3037322f""}"
2026-07-01T01:37:10Z,862272088542776,Codec8E,2026-06-26 17:44:29.000 UTC,1782495869000,0,40.1096366,-8.5070483,71,242,12,27,0,"{""239"":1,""240"":1,""21"":4,""200"":0,""69"":1,""237"":2,""113"":100,""303"":1,""383"":3,""1149"":1,""181"":11,""182"":8,""66"":14801,""24"":27,""206"":48740,""67"":4125,""68"":0,""13"":80,""17"":-114,""18"":-82,""19"":92,""15"":1000,""241"":26806,""199"":3206,""16"":74965,""12"":585,""449"":0,""636"":339499,""1148"":76,""11"":8935106000,""14"":1160700155,""387"":""2b3430313039362e333636372d303038353037302e343833332b3030302e3037312f""}"
2026-07-01T01:37:10Z,862272088542776,Codec8E,2026-06-26 17:44:30.000 UTC,1782495870000,0,40.1095833,-8.5070633,72,220,12,25,0,"{""239"":1,""240"":1,""21"":4,""200"":0,""69"":1,""237"":2,""113"":100,""303"":1,""383"":3,""1149"":1,""181"":15,""182"":8,""66"":14812,""24"":25,""206"":48740,""67"":4128,""68"":0,""13"":80,""17"":-174,""18"":10,""19"":22,""15"":1000,""241"":26806,""199"":3212,""16"":74971,""12"":585,""449"":0,""636"":339499,""1148"":76,""11"":8935106000,""14"":1160700155,""387"":""2b3430313039352e383333332d303038353037302e363333332b3030302e3037322f""}"
2026-07-01T01:37:10Z,862272088542776,Codec8E,2026-06-26 17:44:31.000 UTC,1782495871000,0,40.1095133,-8.5070500,72,200,11,24,0,"{""239"":1,""240"":1,""21"":4,""200"":0,""69"":1,""237"":2,""113"":100,""303"":1,""383"":3,""1149"":1,""181"":17,""182"":11,""66"":14816,""24"":24,""206"":48740,""67"":4128,""68"":0,""13"":80,""17"":-153,""18"":-101,""19"":213,""15"":1000,""241"":26806,""199"":3220,""16"":74979,""12"":585,""449"":0,""636"":339499,""1148"":76,""11"":8935106000,""14"":1160700155,""387"":""2b3430313039352e313333332d303038353037302e353030302b3030302e3037322f""}"
2026-07-01T01:37:10Z,862272088542776,Codec8E,2026-06-26 17:44:32.000 UTC,1782495872000,0,40.1094383,-8.5070366,73,185,11,23,0,"{""239"":1,""240"":1,""21"":4,""200"":0,""69"":1,""237"":2,""113"":100,""303"":1,""383"":3,""1149"":1,""181"":13,""182"":10,""66"":14783,""24"":23,""206"":48740,""67"":4125,""68"":0,""13"":80,""17"":-103,""18"":-6,""19"":92,""15"":1000,""241"":26806,""199"":3228,""16"":74987,""12"":585,""449"":0,""636"":339499,""1148"":76,""11"":8935106000,""14"":1160700155,""387"":""2b3430313039342e333833332d303038353037302e333636372b3030302e3037332f""}"
2026-07-01T01:37:10Z,862272088542776,Codec8E,2026-06-26 17:44:41.000 UTC,1782495881000,0,40.1088300,-8.5069800,74,170,9,25,0,"{""239"":1,""240"":1,""21"":4,""200"":0,""69"":1,""237"":2,""113"":100,""303"":1,""383"":3,""1149"":1,""181"":23,""182"":16,""66"":14810,""24"":25,""206"":48740,""67"":4125,""68"":0,""13"":80,""17"":-9,""18"":-37,""19"":17,""15"":1000,""241"":26806,""199"":3296,""16"":75055,""12"":585,""449"":0,""636"":339499,""1148"":76,""11"":8935106000,""14"":1160700155,""387"":""2b3430313038382e333030302d303038353036392e383030302b3030302e3037342f""}"
2026-07-01T01:37:11Z,862272088542776,Codec8E,2026-06-26 17:44:44.000 UTC,1782495884000,0,40.1086816,-8.5069633,74,184,8,22,0,"{""239"":1,""240"":1,""21"":4,""200"":0,""69"":1,""237"":2,""113"":100,""303"":1,""383"":3,""1149"":1,""181"":16,""182"":14,""66"":14826,""24"":22,""206"":48740,""67"":4128,""68"":0,""13"":80,""17"":-71,""18"":98,""19"":30,""15"":1000,""241"":26806,""199"":3313,""16"":75072,""12"":585,""449"":0,""636"":339499,""1148"":76,""11"":8935106000,""14"":1160700155,""387"":""2b3430313038362e383136372d303038353036392e363333332b3030302e3037342f""}"
2026-07-01T01:37:11Z,862272088542776,Codec8E,2026-06-26 17:44:46.000 UTC,1782495886000,0,40.1086249,-8.5070050,75,212,8,18,0,"{""239"":1,""240"":1,""21"":4,""200"":0,""69"":1,""237"":2,""113"":100,""303"":1,""383"":3,""1149"":1,""181"":16,""182"":14,""66"":14780,""24"":18,""206"":48740,""67"":4124,""68"":0,""13"":80,""17"":-41,""18"":172,""19"":9,""15"":1000,""241"":26806,""199"":3320,""16"":75079,""12"":585,""449"":0,""636"":339499,""1148"":76,""11"":8935106000,""14"":1160700155,""387"":""2b3430313038362e323530302d303038353037302e303530302b3030302e3037352f""}"
2026-07-01T01:37:11Z,862272088542776,Codec8E,2026-06-26 17:44:47.000 UTC,1782495887000,0,40.1086016,-8.5070366,75,222,8,18,0,"{""239"":1,""240"":1,""21"":4,""200"":0,""69"":1,""237"":2,""113"":100,""303"":1,""383"":3,""1149"":1,""181"":25,""182"":16,""66"":14779,""24"":18,""206"":48740,""67"":4124,""68"":0,""13"":80,""17"":-81,""18"":30,""19"":41,""15"":1000,""241"":26806,""199"":3324,""16"":75083,""12"":585,""449"":0,""636"":339499,""1148"":76,""11"":8935106000,""14"":1160700155,""387"":""2b3430313038362e303136372d303038353037302e333636372b3030302e3037352f""}"
2026-07-01T01:37:11Z,862272088542776,Codec8E,2026-06-26 17:44:48.000 UTC,1782495888000,0,40.1085866,-8.5070766,75,233,8,17,0,"{""239"":1,""240"":1,""21"":4,""200"":0,""69"":1,""237"":2,""113"":100,""303"":1,""383"":3,""1149"":1,""181"":25,""182"":16,""66"":14774,""24"":17,""206"":48740,""67"":4124,""68"":0,""13"":80,""17"":-100,""18"":-39,""19"":5,""15"":1000,""241"":26806,""199"":3328,""16"":75087,""12"":585,""449"":0,""636"":339499,""1148"":76,""11"":8935106000,""14"":1160700155,""387"":""2b3430313038352e383636372d303038353037302e373636372b3030302e3037352f""}"
2026-07-01T01:37:11Z,862272088542776,Codec8E,2026-06-26 17:44:49.000 UTC,1782495889000,0,40.1085683,-8.5071333,75,245,8,17,0,"{""239"":1,""240"":1,""21"":4,""200"":0,""69"":1,""237"":2,""113"":100,""303"":1,""383"":3,""1149"":1,""181"":25,""182"":16,""66"":14777,""24"":17,""206"":48740,""67"":4125,""68"":0,""13"":80,""17"":-75,""18"":-14,""19"":22,""15"":1000,""241"":26806,""199"":3333,""16"":75092,""12"":585,""449"":0,""636"":339499,""1148"":76,""11"":8935106000,""14"":1160700155,""387"":""2b3430313038352e363833332d303038353037312e333333332b3030302e3037352f""}"
2026-07-01T01:37:12Z,862272088542776,Codec8E,2026-06-26 17:44:50.000 UTC,1782495890000,0,40.1085600,-8.5072016,75,258,8,17,0,"{""239"":1,""240"":1,""21"":4,""200"":0,""69"":1,""237"":2,""113"":100,""303"":1,""383"":3,""1149"":1,""181"":16,""182"":14,""66"":14779,""24"":17,""206"":48740,""67"":4125,""68"":0,""13"":80,""17"":-70,""18"":-1,""19"":52,""15"":1000,""241"":26806,""199"":3339,""16"":75098,""12"":585,""449"":0,""636"":339499,""1148"":76,""11"":8935106000,""14"":1160700155,""387"":""2b3430313038352e363030302d303038353037322e303136372b3030302e3037352f""}"
2026-07-01T01:37:12Z,862272088542776,Codec8E,2026-06-26 17:45:07.000 UTC,1782495907000,0,40.1083650,-8.5083066,75,237,8,19,0,"{""239"":1,""240"":1,""21"":4,""200"":0,""69"":1,""237"":2,""113"":100,""303"":1,""383"":3,""1149"":1,""181"":22,""182"":12,""66"":14776,""24"":19,""206"":48740,""67"":4125,""68"":0,""13"":80,""17"":73,""18"":-134,""19"":76,""15"":1000,""241"":26806,""199"":3436,""16"":75195,""12"":585,""449"":0,""636"":339499,""1148"":88,""11"":8935106000,""14"":1160700155,""387"":""2b3430313038332e363530302d303038353038332e303636372b3030302e3037352f""}"
2026-07-01T01:37:12Z,862272088542776,Codec8E,2026-06-26 17:45:11.000 UTC,1782495911000,0,40.1083183,-8.5084133,75,238,9,8,0,"{""239"":1,""240"":1,""21"":4,""200"":0,""69"":1,""237"":2,""113"":100,""303"":1,""383"":3,""1149"":1,""181"":17,""182"":15,""66"":14774,""24"":8,""206"":48740,""67"":4124,""68"":0,""13"":80,""17"":-45,""18"":-43,""19"":14,""15"":1000,""241"":26806,""199"":3446,""16"":75205,""12"":585,""449"":0,""636"":339499,""1148"":88,""11"":8935106000,""14"":1160700155,""387"":""2b3430313038332e313833332d303038353038342e313333332b3030302e3037352f""}"
2026-07-01T01:37:12Z,862272088542776,Codec8E,2026-06-26 17:45:19.000 UTC,1782495919000,0,40.1083133,-8.5084150,75,238,11,0,303,"{""239"":1,""240"":1,""21"":4,""200"":0,""69"":1,""237"":2,""113"":100,""303"":0,""383"":3,""1149"":1,""181"":12,""182"":8,""66"":14772,""24"":0,""206"":48740,""67"":4125,""68"":0,""13"":80,""17"":-30,""18"":-34,""19"":5,""15"":1000,""241"":26806,""199"":3446,""16"":75205,""12"":585,""449"":0,""636"":339499,""1148"":88,""11"":8935106000,""14"":1160700155,""387"":""2b3430313038332e313333332d303038353038342e313530302b3030302e3037352f""}"
2026-07-01T01:37:12Z,862272088542776,Codec8E,2026-06-26 17:45:34.000 UTC,1782495934000,0,40.1083083,-8.5084883,77,160,11,0,303,"{""239"":1,""240"":1,""21"":4,""200"":0,""69"":1,""237"":2,""113"":100,""303"":1,""383"":3,""1149"":20,""181"":12,""182"":8,""66"":14779,""24"":0,""206"":48740,""67"":4125,""68"":0,""13"":78,""17"":199,""18"":-34,""19"":32,""15"":1000,""241"":26806,""199"":3446,""16"":75205,""12"":588,""449"":0,""636"":1555725,""1148"":88,""11"":8935106000,""14"":1160700155,""387"":""2b3430313038332e303833332d303038353038342e383833332b3030302e3037372f""}"
2026-07-01T01:37:14Z,862272088542776,Codec8E,2026-06-26 17:45:38.000 UTC,1782495938000,0,40.1082083,-8.5084900,76,198,6,6,0,"{""239"":1,""240"":1,""21"":4,""200"":0,""69"":1,""237"":2,""113"":100,""303"":1,""383"":3,""1149"":20,""181"":26,""182"":25,""66"":14750,""24"":6,""206"":48740,""67"":4126,""68"":0,""13"":78,""17"":44,""18"":-123,""19"":-12,""15"":1000,""241"":26806,""199"":3462,""16"":75221,""12"":588,""449"":0,""636"":1555725,""1148"":88,""11"":8935106000,""14"":1160700155,""387"":""2b3430313038322e303833332d303038353038342e393030302b3030302e3037362f""}"
2026-07-01T01:37:14Z,862272088542776,Codec8E,2026-06-26 17:45:41.000 UTC,1782495941000,0,40.1081566,-8.5085316,77,210,5,8,0,"{""239"":1,""240"":1,""21"":4,""200"":0,""69"":1,""237"":2,""113"":100,""303"":1,""383"":3,""1149"":20,""181"":24,""182"":22,""66"":14781,""24"":8,""206"":48740,""67"":4126,""68"":0,""13"":78,""17"":-114,""18"":-18,""19"":29,""15"":1000,""241"":26806,""199"":3469,""16"":75228,""12"":588,""449"":0,""636"":1555725,""1148"":88,""11"":8935106000,""14"":1160700155,""387"":""2b3430313038312e353636372d303038353038352e333136372b3030302e3037372f""}"
2026-07-01T01:37:14Z,862272088542776,Codec8E,2026-06-26 17:45:46.000 UTC,1782495946000,0,40.1081566,-8.5085316,0,0,0,0,303,"{""239"":1,""240"":1,""21"":4,""200"":0,""69"":2,""237"":2,""113"":100,""303"":0,""383"":3,""1149"":20,""181"":0,""182"":0,""66"":14794,""24"":0,""206"":48740,""67"":4127,""68"":0,""13"":78,""17"":-41,""18"":-45,""19"":39,""15"":1000,""241"":26806,""199"":3469,""16"":75228,""12"":588,""449"":0,""636"":1555725,""1148"":88,""11"":8935106000,""14"":1160700155,""387"":""2b3430313038312e353636372d303038353038352e333136372b3030302e3030302f""}"
2026-07-01T01:37:14Z,862272088542776,Codec8E,2026-06-26 17:45:47.000 UTC,1782495947000,0,40.1081566,-8.5085316,0,0,0,0,303,"{""239"":1,""240"":1,""21"":4,""200"":0,""69"":2,""237"":2,""113"":100,""303"":1,""383"":3,""1149"":20,""181"":0,""182"":0,""66"":14811,""24"":0,""206"":48740,""67"":4128,""68"":0,""13"":78,""17"":-71,""18"":-41,""19"":0,""15"":1000,""241"":26806,""199"":3469,""16"":75228,""12"":588,""449"":0,""636"":1555725,""1148"":88,""11"":8935106000,""14"":1160700155,""387"":""2b3430313038312e353636372d303038353038352e333136372b3030302e3030302f""}"
2026-07-01T01:37:14Z,862272088542776,Codec8E,2026-06-26 17:45:48.000 UTC,1782495948000,0,40.1081566,-8.5085316,0,0,0,0,303,"{""239"":1,""240"":1,""21"":4,""200"":0,""69"":2,""237"":2,""113"":100,""303"":0,""383"":3,""1149"":20,""181"":0,""182"":0,""66"":14779,""24"":0,""206"":48740,""67"":4126,""68"":0,""13"":78,""17"":-34,""18"":27,""19"":36,""15"":1000,""241"":26806,""199"":3469,""16"":75228,""12"":588,""449"":0,""636"":1555725,""1148"":88,""11"":8935106000,""14"":1160700155,""387"":""2b3430313038312e353636372d303038353038352e333136372b3030302e3030302f""}"
2026-07-01T01:37:23Z,862272088542776,Codec8E,2026-06-26 17:45:50.000 UTC,1782495950000,0,40.1081566,-8.5085316,0,0,0,0,303,"{""239"":1,""240"":1,""21"":4,""200"":0,""69"":2,""237"":2,""113"":100,""303"":1,""383"":3,""1149"":20,""181"":0,""182"":0,""66"":14774,""24"":0,""206"":48740,""67"":4125,""68"":0,""13"":78,""17"":-6,""18"":-47,""19"":49,""15"":1000,""241"":26806,""199"":3469,""16"":75228,""12"":588,""449"":0,""636"":1555725,""1148"":88,""11"":8935106000,""14"":1160700155,""387"":""2b3430313038312e353636372d303038353038352e333136372b3030302e3030302f""}"
2026-07-01T01:37:23Z,862272088542776,Codec8E,2026-06-26 17:46:05.000 UTC,1782495965000,0,40.1081566,-8.5085316,0,0,0,0,303,"{""239"":1,""240"":1,""21"":0,""200"":0,""69"":2,""237"":2,""113"":100,""303"":0,""383"":3,""1149"":0,""181"":0,""182"":0,""66"":14768,""24"":0,""206"":48740,""67"":4124,""68"":0,""13"":78,""17"":-48,""18"":-45,""19"":4,""15"":1000,""241"":26806,""199"":3469,""16"":75228,""12"":588,""449"":0,""636"":1555725,""1148"":120,""11"":8935106000,""14"":1160700155,""387"":""2b3430313038312e353636372d303038353038352e333136372b3030302e3030302f""}"
2026-07-01T01:37:23Z,862272088542776,Codec8E,2026-06-26 17:46:55.000 UTC,1782496015000,0,40.1081566,-8.5085316,0,0,0,0,239,"{""239"":0,""240"":1,""21"":5,""200"":0,""69"":2,""237"":99,""113"":100,""303"":0,""383"":3,""1149"":20,""181"":0,""182"":0,""66"":13116,""24"":0,""206"":18,""67"":4124,""68"":0,""13"":78,""17"":-31,""18"":-28,""19"":4,""15"":1000,""241"":26801,""199"":3469,""16"":75228,""12"":588,""449"":0,""636"":0,""1148"":120,""11"":8935106000,""14"":1160700155,""387"":""2b3430313038312e353636372d303038353038352e333136372b3030302e3030302f""}"
2026-07-01T01:37:23Z,862272088542776,Codec8E,2026-06-26 17:47:04.000 UTC,1782496024000,0,40.1081566,-8.5085316,0,0,0,0,240,"{""239"":0,""240"":0,""21"":0,""200"":0,""69"":2,""237"":99,""113"":100,""303"":0,""383"":3,""1149"":0,""181"":0,""182"":0,""66"":12796,""24"":0,""206"":0,""67"":4124,""68"":0,""13"":78,""17"":-30,""18"":-27,""19"":5,""15"":1000,""241"":0,""199"":3469,""16"":75228,""12"":588,""449"":0,""636"":0,""1148"":120,""11"":8935106000,""14"":1160700155,""387"":""2b3430313038312e353636372d303038353038352e333136372b3030302e3030302f""}"
2026-07-01T01:37:23Z,862272088542776,Codec8E,2026-06-26 17:47:46.000 UTC,1782496066000,0,40.1081566,-8.5085316,0,0,0,0,239,"{""239"":1,""240"":0,""21"":5,""200"":0,""69"":2,""237"":99,""113"":100,""303"":0,""383"":3,""1149"":20,""181"":0,""182"":0,""66"":14156,""24"":0,""206"":48740,""67"":4125,""68"":0,""13"":78,""17"":-10,""18"":2,""19"":12,""15"":1000,""241"":26806,""199"":3469,""16"":75228,""12"":589,""449"":0,""636"":0,""1148"":120,""11"":8935106000,""14"":1160700155,""387"":""2b3430313038312e353636372d303038353038352e333136372b3030302e3030302f""}"
2026-07-01T01:37:29Z,862272088542776,Codec8E,2026-06-26 18:47:46.000 UTC,1782499666000,0,40.1081566,-8.5085316,0,0,0,0,0,"{""239"":1,""240"":0,""21"":1,""200"":0,""69"":2,""237"":1,""113"":100,""303"":0,""383"":3,""1149"":0,""181"":0,""182"":0,""66"":14763,""24"":0,""206"":8740,""67"":4123,""68"":0,""13"":212,""17"":-41,""18"":-25,""19"":5,""15"":1000,""241"":26806,""199"":3469,""16"":75228,""12"":1587,""449"":0,""636"":21635,""1148"":105,""11"":8935106000,""14"":1160700155,""387"":""2b3430313038312e353636372d303038353038352e333136372b3030302e3030302f""}"
2026-07-01T01:37:29Z,862272088542776,Codec8E,2026-06-26 20:07:20.000 UTC,1782504440000,0,40.1081566,-8.5085316,0,0,0,0,0,"{""239"":1,""240"":0,""21"":4,""200"":0,""69"":2,""237"":2,""113"":100,""303"":0,""383"":3,""1149"":20,""181"":0,""182"":0,""66"":14592,""24"":0,""206"":48740,""67"":4125,""68"":0,""13"":388,""17"":-35,""18"":-23,""19"":4,""15"":1000,""241"":26806,""199"":3469,""16"":75228,""12"":2907,""449"":0,""636"":339469,""1148"":82,""11"":8935106000,""14"":1160700155,""387"":""2b3430313038312e353636372d303038353038352e333136372b3030302e3030302f""}"
2026-07-01T01:37:29Z,862272088542776,Codec8E,2026-06-26 21:39:40.000 UTC,1782509980000,0,40.1081566,-8.5085316,0,0,0,0,0,"{""239"":1,""240"":0,""21"":4,""200"":0,""69"":2,""237"":2,""113"":100,""303"":0,""383"":3,""1149"":20,""181"":0,""182"":0,""66"":14445,""24"":0,""206"":48740,""67"":4127,""68"":0,""13"":593,""17"":-38,""18"":-31,""19"":4,""15"":1000,""241"":26806,""199"":3469,""16"":75228,""12"":4439,""449"":0,""636"":339469,""1148"":83,""11"":8935106000,""14"":1160700155,""387"":""2b3430313038312e353636372d303038353038352e333136372b3030302e3030302f""}"
2026-07-01T01:37:29Z,862272088542776,Codec8E,2026-06-26 23:12:00.000 UTC,1782515520000,0,40.1081566,-8.5085316,0,0,0,0,0,"{""239"":1,""240"":0,""21"":4,""200"":0,""69"":2,""237"":2,""113"":100,""303"":0,""383"":3,""1149"":20,""181"":0,""182"":0,""66"":14379,""24"":0,""206"":48740,""67"":4128,""68"":0,""13"":798,""17"":-41,""18"":-27,""19"":4,""15"":1000,""241"":26806,""199"":3469,""16"":75228,""12"":5971,""449"":0,""636"":339509,""1148"":83,""11"":8935106000,""14"":1160700155,""387"":""2b3430313038312e353636372d303038353038352e333136372b3030302e3030302f""}"