received_utc,imei,codec,record_utc,timestamp_ms,priority,latitude,longitude,altitude_m,angle_deg,satellites,speed_kmh,event_io_id,io_json
2026-07-06T00:38:31Z,862272088833183,Codec8E,2026-07-06 00:36:29.000 UTC,1783298189000,0,41.5463483,-8.4193216,0,0,0,0,0,"{""239"":0,""240"":0,""80"":0,""21"":4,""200"":3,""69"":3,""237"":2,""113"":100,""263"":1,""303"":0,""383"":3,""66"":12502,""206"":26,""67"":4033,""68"":0,""17"":-36,""18"":39,""19"":-12,""13201"":302,""241"":26801,""16"":69833,""12"":387,""449"":0,""636"":110218764,""11"":893510181,""238"":0,""14"":2540732448,""387"":""2b3431353436332e343833332d303038343139332e323136372b3030302e3030302f""}"
2026-07-06T01:36:38Z,862272088833183,Codec8E,2026-07-06 01:36:29.000 UTC,1783301789000,0,41.5463483,-8.4193216,0,0,0,0,0,"{""239"":0,""240"":0,""80"":0,""21"":4,""200"":3,""69"":3,""237"":2,""113"":100,""263"":1,""303"":0,""383"":3,""66"":12485,""206"":26,""67"":4033,""68"":0,""17"":-34,""18"":24,""19"":-10,""13201"":302,""241"":26801,""16"":69833,""12"":387,""449"":0,""636"":110218764,""11"":893510181,""238"":0,""14"":2540732448,""387"":""2b3431353436332e343833332d303038343139332e323136372b3030302e3030302f""}"
2026-07-06T02:36:44Z,862272088833183,Codec8E,2026-07-06 02:36:29.000 UTC,1783305389000,0,41.5463483,-8.4193216,0,0,0,0,0,"{""239"":0,""240"":0,""80"":0,""21"":4,""200"":3,""69"":3,""237"":2,""113"":100,""263"":1,""303"":0,""383"":3,""66"":12476,""206"":26,""67"":4033,""68"":0,""17"":-32,""18"":37,""19"":-13,""13201"":301,""241"":26801,""16"":69833,""12"":387,""449"":0,""636"":110218764,""11"":893510181,""238"":0,""14"":2540732448,""387"":""2b3431353436332e343833332d303038343139332e323136372b3030302e3030302f""}"
2026-07-06T03:36:51Z,862272088833183,Codec8E,2026-07-06 03:36:29.000 UTC,1783308989000,0,41.5463483,-8.4193216,0,0,0,0,0,"{""239"":0,""240"":0,""80"":0,""21"":4,""200"":3,""69"":3,""237"":2,""113"":100,""263"":1,""303"":0,""383"":3,""66"":12468,""206"":26,""67"":4033,""68"":0,""17"":-37,""18"":33,""19"":-4,""13201"":302,""241"":26801,""16"":69833,""12"":387,""449"":0,""636"":110218764,""11"":893510181,""238"":0,""14"":2540732448,""387"":""2b3431353436332e343833332d303038343139332e323136372b3030302e3030302f""}"
2026-07-06T04:36:57Z,862272088833183,Codec8E,2026-07-06 04:36:29.000 UTC,1783312589000,0,41.5463483,-8.4193216,0,0,0,0,0,"{""239"":0,""240"":0,""80"":0,""21"":4,""200"":3,""69"":3,""237"":2,""113"":100,""263"":1,""303"":0,""383"":3,""66"":12463,""206"":26,""67"":4033,""68"":0,""17"":-25,""18"":29,""19"":-15,""13201"":301,""241"":26801,""16"":69833,""12"":387,""449"":0,""636"":110218764,""11"":893510181,""238"":0,""14"":2540732448,""387"":""2b3431353436332e343833332d303038343139332e323136372b3030302e3030302f""}"
2026-07-06T05:37:03Z,862272088833183,Codec8E,2026-07-06 05:36:29.000 UTC,1783316189000,0,41.5463483,-8.4193216,0,0,0,0,0,"{""239"":0,""240"":0,""80"":0,""21"":4,""200"":3,""69"":3,""237"":2,""113"":100,""263"":1,""303"":0,""383"":3,""66"":12463,""206"":26,""67"":4033,""68"":0,""17"":-23,""18"":36,""19"":-18,""13201"":300,""241"":26801,""16"":69833,""12"":387,""449"":0,""636"":110218764,""11"":893510181,""238"":0,""14"":2540732448,""387"":""2b3431353436332e343833332d303038343139332e323136372b3030302e3030302f""}"
2026-07-06T06:37:10Z,862272088833183,Codec8E,2026-07-06 06:36:29.000 UTC,1783319789000,0,41.5463483,-8.4193216,0,0,0,0,0,"{""239"":0,""240"":0,""80"":0,""21"":4,""200"":3,""69"":3,""237"":2,""113"":100,""263"":1,""303"":0,""383"":3,""66"":12463,""206"":26,""67"":4033,""68"":0,""17"":-26,""18"":38,""19"":-16,""13201"":301,""241"":26801,""16"":69833,""12"":387,""449"":0,""636"":110218764,""11"":893510181,""238"":0,""14"":2540732448,""387"":""2b3431353436332e343833332d303038343139332e323136372b3030302e3030302f""}"
2026-07-06T07:37:17Z,862272088833183,Codec8E,2026-07-06 07:36:29.000 UTC,1783323389000,0,41.5463483,-8.4193216,0,0,0,0,0,"{""239"":0,""240"":0,""80"":0,""21"":4,""200"":3,""69"":3,""237"":2,""113"":100,""263"":1,""303"":0,""383"":3,""66"":12463,""206"":26,""67"":4033,""68"":0,""17"":-26,""18"":38,""19"":-18,""13201"":299,""241"":26801,""16"":69833,""12"":387,""449"":0,""636"":110218764,""11"":893510181,""238"":0,""14"":2540732448,""387"":""2b3431353436332e343833332d303038343139332e323136372b3030302e3030302f""}"
2026-07-06T08:37:23Z,862272088833183,Codec8E,2026-07-06 08:36:29.000 UTC,1783326989000,0,41.5463483,-8.4193216,0,0,0,0,0,"{""239"":0,""240"":0,""80"":0,""21"":4,""200"":3,""69"":3,""237"":2,""113"":100,""263"":1,""303"":0,""383"":3,""66"":12463,""206"":26,""67"":4033,""68"":0,""17"":-23,""18"":29,""19"":-17,""13201"":300,""241"":26801,""16"":69833,""12"":387,""449"":0,""636"":110218764,""11"":893510181,""238"":0,""14"":2540732448,""387"":""2b3431353436332e343833332d303038343139332e323136372b3030302e3030302f""}"
2026-07-06T09:37:29Z,862272088833183,Codec8E,2026-07-06 09:36:29.000 UTC,1783330589000,0,41.5463483,-8.4193216,0,0,0,0,0,"{""239"":0,""240"":0,""80"":0,""21"":4,""200"":3,""69"":3,""237"":2,""113"":100,""263"":1,""303"":0,""383"":3,""66"":12463,""206"":26,""67"":4033,""68"":0,""17"":-15,""18"":38,""19"":-12,""13201"":299,""241"":26801,""16"":69833,""12"":387,""449"":0,""636"":110218764,""11"":893510181,""238"":0,""14"":2540732448,""387"":""2b3431353436332e343833332d303038343139332e323136372b3030302e3030302f""}"
2026-07-06T10:37:35Z,862272088833183,Codec8E,2026-07-06 10:36:29.000 UTC,1783334189000,0,41.5463483,-8.4193216,0,0,0,0,0,"{""239"":0,""240"":0,""80"":0,""21"":4,""200"":3,""69"":3,""237"":2,""113"":100,""263"":1,""303"":0,""383"":3,""66"":12463,""206"":26,""67"":4033,""68"":0,""17"":-36,""18"":29,""19"":-10,""13201"":300,""241"":26801,""16"":69833,""12"":387,""449"":0,""636"":110218764,""11"":893510181,""238"":0,""14"":2540732448,""387"":""2b3431353436332e343833332d303038343139332e323136372b3030302e3030302f""}"
2026-07-06T11:37:42Z,862272088833183,Codec8E,2026-07-06 11:36:29.000 UTC,1783337789000,0,41.5463483,-8.4193216,0,0,0,0,0,"{""239"":0,""240"":0,""80"":0,""21"":4,""200"":3,""69"":3,""237"":2,""113"":100,""263"":1,""303"":0,""383"":3,""66"":12463,""206"":26,""67"":4033,""68"":0,""17"":-33,""18"":28,""19"":-8,""13201"":300,""241"":26801,""16"":69833,""12"":387,""449"":0,""636"":110218764,""11"":893510181,""238"":0,""14"":2540732448,""387"":""2b3431353436332e343833332d303038343139332e323136372b3030302e3030302f""}"
2026-07-06T12:19:53Z,862272088833183,Codec8E,2026-07-06 12:19:33.000 UTC,1783340373000,0,41.5463483,-8.4193216,0,0,0,0,303,"{""239"":0,""240"":0,""80"":0,""21"":4,""200"":3,""69"":3,""237"":2,""113"":100,""263"":1,""303"":1,""383"":3,""66"":12414,""206"":26,""67"":4033,""68"":0,""17"":3,""18"":184,""19"":137,""13201"":302,""241"":26801,""16"":69833,""12"":387,""449"":0,""636"":110218764,""11"":893510181,""238"":0,""14"":2540732448,""387"":""2b3431353436332e343833332d303038343139332e323136372b3030302e3030302f""}"
2026-07-06T12:19:53Z,862272088833183,Codec8E,2026-07-06 12:19:35.000 UTC,1783340375000,0,41.5463483,-8.4193216,0,0,0,0,240,"{""239"":0,""240"":1,""80"":1,""21"":4,""200"":3,""69"":2,""237"":2,""113"":100,""263"":1,""303"":1,""383"":3,""181"":0,""182"":0,""66"":12090,""24"":0,""206"":26,""67"":4032,""68"":0,""13"":68,""17"":-23,""18"":29,""19"":-2,""15"":1000,""13201"":302,""241"":26801,""199"":0,""16"":69833,""12"":387,""449"":0,""636"":110218764,""11"":893510181,""238"":0,""14"":2540732448,""387"":""2b3431353436332e343833332d303038343139332e323136372b3030302e3030302f""}"
2026-07-06T12:19:53Z,862272088833183,Codec8E,2026-07-06 12:19:38.000 UTC,1783340378000,0,41.5463483,-8.4193216,0,0,0,0,303,"{""239"":0,""240"":1,""80"":1,""21"":4,""200"":0,""69"":2,""237"":2,""113"":100,""263"":1,""303"":0,""383"":3,""181"":0,""182"":0,""66"":12054,""24"":0,""206"":26,""67"":4033,""68"":0,""13"":68,""17"":-23,""18"":38,""19"":-19,""15"":1000,""13201"":303,""241"":26801,""199"":0,""16"":69833,""12"":387,""449"":0,""636"":110218764,""11"":893510181,""238"":0,""14"":2540732448,""387"":""2b3431353436332e343833332d303038343139332e323136372b3030302e3030302f""}"
2026-07-06T12:19:53Z,862272088833183,Codec8E,2026-07-06 12:19:40.000 UTC,1783340380000,0,41.5463483,-8.4193216,0,0,0,0,303,"{""239"":0,""240"":1,""80"":1,""21"":4,""200"":0,""69"":2,""237"":2,""113"":100,""263"":1,""303"":1,""383"":3,""181"":0,""182"":0,""66"":11363,""24"":0,""206"":26,""67"":4033,""68"":0,""13"":68,""17"":-18,""18"":28,""19"":2,""15"":1000,""13201"":304,""241"":26801,""199"":0,""16"":69833,""12"":387,""449"":0,""636"":110218764,""11"":893510181,""238"":0,""14"":2540732448,""387"":""2b3431353436332e343833332d303038343139332e323136372b3030302e3030302f""}"
2026-07-06T12:19:53Z,862272088833183,Codec8E,2026-07-06 12:19:45.000 UTC,1783340385000,0,41.5463483,-8.4193216,0,0,0,0,303,"{""239"":0,""240"":1,""80"":1,""21"":4,""200"":0,""69"":2,""237"":2,""113"":100,""263"":1,""303"":0,""383"":3,""181"":0,""182"":0,""66"":11857,""24"":0,""206"":26,""67"":4033,""68"":0,""13"":68,""17"":-22,""18"":62,""19"":0,""15"":1000,""13201"":305,""241"":26801,""199"":0,""16"":69833,""12"":387,""449"":0,""636"":110218764,""11"":893510181,""238"":0,""14"":2540732448,""387"":""2b3431353436332e343833332d303038343139332e323136372b3030302e3030302f""}"
2026-07-06T12:19:55Z,862272088833183,Codec8E,2026-07-06 12:19:53.000 UTC,1783340393000,0,41.5463483,-8.4193216,0,0,0,0,303,"{""239"":0,""240"":1,""80"":1,""21"":4,""200"":0,""69"":2,""237"":2,""113"":100,""263"":1,""303"":1,""383"":3,""30"":0,""31"":14,""32"":27,""33"":0,""35"":37,""37"":0,""38"":5,""39"":26,""181"":0,""182"":0,""66"":11888,""24"":0,""206"":26,""67"":4033,""68"":0,""13"":68,""17"":-20,""18"":32,""19"":-11,""15"":1000,""13201"":308,""36"":1239,""40"":208,""43"":0,""241"":26801,""199"":0,""16"":69833,""12"":387,""449"":0,""636"":110218764,""11"":893510181,""238"":0,""14"":2540732448,""387"":""2b3431353436332e343833332d303038343139332e323136372b3030302e3030302f""}"
2026-07-06T12:20:02Z,862272088833183,Codec8E,2026-07-06 12:19:59.000 UTC,1783340399000,0,41.5463483,-8.4193216,0,0,0,0,303,"{""239"":0,""240"":1,""80"":1,""21"":4,""200"":0,""69"":2,""237"":2,""113"":100,""263"":1,""303"":0,""383"":3,""30"":0,""31"":12,""32"":27,""33"":0,""35"":34,""37"":0,""38"":5,""39"":26,""181"":0,""182"":0,""66"":11904,""24"":0,""206"":26,""67"":4033,""68"":0,""13"":68,""17"":-24,""18"":46,""19"":6,""15"":1000,""13201"":309,""36"":1315,""40"":208,""43"":0,""241"":26801,""199"":0,""16"":69833,""12"":387,""449"":0,""636"":110218764,""11"":893510181,""238"":0,""14"":2540732448,""387"":""2b3431353436332e343833332d303038343139332e323136372b3030302e3030302f""}"
2026-07-06T12:20:33Z,862272088833183,Codec8E,2026-07-06 12:20:30.000 UTC,1783340430000,0,41.5463483,-8.4193216,0,0,0,0,303,"{""239"":0,""240"":1,""80"":1,""21"":4,""200"":0,""69"":2,""237"":2,""113"":100,""263"":1,""303"":1,""383"":3,""30"":0,""31"":12,""32"":30,""33"":0,""35"":33,""37"":0,""38"":5,""39"":27,""181"":0,""182"":0,""66"":11927,""24"":0,""206"":26,""67"":4033,""68"":0,""13"":68,""17"":0,""18"":45,""19"":-12,""15"":1000,""13201"":312,""36"":1367,""40"":208,""43"":0,""241"":26801,""199"":0,""16"":69833,""12"":387,""449"":0,""636"":110218764,""11"":893510181,""238"":0,""14"":2540732448,""387"":""2b3431353436332e343833332d303038343139332e323136372b3030302e3030302f""}"
2026-07-06T12:20:39Z,862272088833183,Codec8E,2026-07-06 12:20:37.000 UTC,1783340437000,0,41.5463483,-8.4193216,0,0,0,0,303,"{""239"":0,""240"":1,""80"":1,""21"":4,""200"":0,""69"":2,""237"":2,""113"":100,""263"":1,""303"":0,""383"":3,""30"":0,""31"":12,""32"":31,""33"":0,""35"":34,""37"":0,""38"":5,""39"":27,""181"":0,""182"":0,""66"":11975,""24"":0,""206"":26,""67"":4033,""68"":0,""13"":68,""17"":-43,""18"":48,""19"":23,""15"":1000,""13201"":313,""36"":1376,""40"":208,""43"":0,""241"":26801,""199"":0,""16"":69833,""12"":387,""449"":0,""636"":110218764,""11"":893510181,""238"":0,""14"":2540732448,""387"":""2b3431353436332e343833332d303038343139332e323136372b3030302e3030302f""}"
2026-07-06T12:20:43Z,862272088833183,Codec8E,2026-07-06 12:20:40.000 UTC,1783340440000,0,41.5463483,-8.4193216,0,0,0,0,303,"{""239"":0,""240"":1,""80"":1,""21"":4,""200"":0,""69"":2,""237"":2,""113"":100,""263"":1,""303"":1,""383"":3,""30"":0,""31"":12,""32"":31,""33"":0,""35"":33,""37"":0,""38"":5,""39"":27,""181"":0,""182"":0,""66"":11958,""24"":0,""206"":26,""67"":4033,""68"":0,""13"":68,""17"":-49,""18"":-40,""19"":42,""15"":1000,""13201"":314,""36"":1390,""40"":427,""43"":0,""241"":26801,""199"":0,""16"":69833,""12"":387,""449"":0,""636"":110218764,""11"":893510181,""238"":0,""14"":2540732448,""387"":""2b3431353436332e343833332d303038343139332e323136372b3030302e3030302f""}"
2026-07-06T12:20:53Z,862272088833183,Codec8E,2026-07-06 12:20:52.000 UTC,1783340452000,0,41.5463483,-8.4193216,0,0,0,0,239,"{""239"":1,""240"":1,""80"":1,""21"":5,""200"":0,""69"":2,""237"":2,""113"":100,""263"":1,""303"":1,""383"":3,""30"":0,""31"":16,""32"":33,""33"":0,""35"":24,""37"":16,""38"":3,""39"":26,""181"":0,""182"":0,""66"":13858,""24"":0,""206"":26,""67"":4033,""68"":0,""13"":68,""17"":-16,""18"":-135,""19"":15,""15"":1000,""13201"":316,""36"":1582,""40"":233,""43"":0,""241"":26801,""199"":0,""16"":69833,""12"":387,""449"":0,""636"":110218764,""11"":893510181,""238"":0,""14"":2540732448,""387"":""2b3431353436332e343833332d303038343139332e323136372b3030302e3030302f""}"
2026-07-06T12:22:20Z,862272088833183,Codec8E,2026-07-06 12:22:18.000 UTC,1783340538000,0,41.5463483,-8.4193216,0,0,0,0,303,"{""239"":1,""240"":1,""80"":1,""21"":5,""200"":0,""69"":2,""237"":2,""113"":100,""263"":1,""303"":0,""383"":3,""30"":0,""31"":11,""32"":41,""33"":0,""35"":32,""37"":0,""38"":247,""39"":27,""181"":0,""182"":0,""66"":14240,""24"":0,""206"":26,""67"":4033,""68"":0,""13"":68,""17"":-21,""18"":39,""19"":-9,""15"":1000,""13201"":323,""36"":977,""40"":158,""43"":0,""241"":26801,""199"":0,""16"":69833,""12"":387,""449"":0,""636"":110218794,""11"":893510181,""238"":0,""14"":2540732448,""387"":""2b3431353436332e343833332d303038343139332e323136372b3030302e3030302f""}"
2026-07-06T12:22:26Z,862272088833183,Codec8E,2026-07-06 12:22:24.000 UTC,1783340544000,0,41.5463483,-8.4193216,0,0,0,0,303,"{""239"":1,""240"":1,""80"":1,""21"":5,""200"":0,""69"":2,""237"":2,""113"":100,""263"":1,""303"":1,""383"":3,""30"":0,""31"":13,""32"":41,""33"":1,""35"":37,""37"":0,""38"":253,""39"":27,""181"":0,""182"":0,""66"":14301,""24"":0,""206"":26,""67"":4033,""68"":0,""13"":68,""17"":-81,""18"":93,""19"":149,""15"":1000,""13201"":323,""36"":1062,""40"":355,""43"":0,""241"":26801,""199"":0,""16"":69833,""12"":387,""449"":0,""636"":110218794,""11"":893510181,""238"":0,""14"":2540732448,""387"":""2b3431353436332e343833332d303038343139332e323136372b3030302e3030302f""}"
2026-07-06T12:24:02Z,862272088833183,Codec8E,2026-07-06 12:24:00.000 UTC,1783340640000,0,41.5505183,-8.4118700,228,59,5,35,0,"{""239"":1,""240"":1,""80"":1,""21"":5,""200"":0,""69"":1,""237"":2,""113"":100,""263"":1,""303"":1,""383"":3,""30"":0,""31"":4,""32"":50,""33"":255,""35"":104,""37"":39,""38"":237,""39"":31,""181"":22,""182"":19,""66"":14327,""24"":35,""206"":26,""67"":4033,""68"":0,""13"":68,""17"":19,""18"":23,""19"":67,""15"":1000,""13201"":330,""36"":2549,""40"":775,""43"":0,""241"":26801,""199"":0,""16"":70613,""12"":387,""449"":0,""636"":110170154,""11"":893510181,""238"":0,""14"":2540732448,""387"":""2b3431353530352e313833332d303038343131382e373030302b3030302e3232382f""}"
2026-07-06T12:24:08Z,862272088833183,Codec8E,2026-07-06 12:24:07.000 UTC,1783340647000,0,41.5508983,-8.4110099,247,59,5,47,0,"{""239"":1,""240"":1,""80"":1,""21"":5,""200"":0,""69"":1,""237"":2,""113"":100,""263"":1,""303"":1,""383"":3,""30"":0,""31"":27,""32"":50,""33"":251,""35"":16,""37"":43,""38"":234,""39"":31,""181"":128,""182"":42,""66"":14305,""24"":47,""206"":26,""67"":4033,""68"":0,""13"":68,""17"":22,""18"":-7,""19"":77,""15"":1000,""13201"":333,""36"":2108,""40"":1011,""43"":0,""241"":26801,""199"":83,""16"":70696,""12"":387,""449"":0,""636"":110170154,""11"":893510181,""238"":0,""14"":2540732448,""387"":""2b3431353530382e393833332d303038343131302e313030302b3030302e3234372f""}"
2026-07-06T12:24:15Z,862272088833183,Codec8E,2026-07-06 12:24:14.000 UTC,1783340654000,0,41.5513666,-8.4098416,199,60,6,51,0,"{""239"":1,""240"":1,""80"":1,""21"":5,""200"":0,""69"":1,""237"":2,""113"":100,""263"":1,""303"":1,""383"":3,""30"":0,""31"":9,""32"":51,""33"":21,""35"":51,""37"":50,""38"":225,""39"":31,""181"":115,""182"":41,""66"":14305,""24"":51,""206"":26,""67"":4033,""68"":0,""13"":68,""17"":29,""18"":28,""19"":8,""15"":1000,""13201"":334,""36"":2553,""40"":444,""43"":0,""241"":26801,""199"":193,""16"":70806,""12"":387,""449"":0,""636"":110136875,""11"":893510181,""238"":0,""14"":2540732448,""387"":""2b3431353531332e363636372d303038343039382e343136372b3030302e3139392f""}"
2026-07-06T12:24:17Z,862272088833183,Codec8E,2026-07-06 12:24:15.000 UTC,1783340655000,0,41.5514983,-8.4095250,195,61,6,52,255,"{""239"":1,""240"":1,""80"":1,""21"":5,""200"":0,""69"":1,""237"":2,""113"":100,""263"":1,""303"":1,""383"":3,""30"":0,""31"":9,""32"":51,""33"":21,""35"":51,""37"":50,""38"":225,""39"":31,""255"":52,""181"":20,""182"":18,""66"":14305,""24"":52,""206"":26,""67"":4033,""68"":0,""13"":68,""17"":-55,""18"":1,""19"":69,""15"":1000,""13201"":334,""36"":2553,""40"":444,""43"":0,""241"":26801,""199"":223,""16"":70836,""12"":387,""449"":0,""636"":110170154,""11"":893510181,""238"":0,""14"":2540732448,""387"":""2b3431353531342e393833332d303038343039352e323530302b3030302e3139352f""}"
2026-07-06T12:24:24Z,862272088833183,Codec8E,2026-07-06 12:24:23.000 UTC,1783340663000,0,41.5519716,-8.4083516,197,60,6,57,0,"{""239"":1,""240"":1,""80"":1,""21"":5,""200"":0,""69"":1,""237"":2,""113"":100,""263"":1,""303"":1,""383"":3,""30"":0,""31"":19,""32"":52,""33"":21,""35"":25,""37"":57,""38"":229,""39"":32,""181"":20,""182"":18,""66"":14321,""24"":57,""206"":26,""67"":4033,""68"":0,""13"":68,""17"":4,""18"":27,""19"":37,""15"":1000,""13201"":335,""36"":2082,""40"":383,""43"":0,""241"":26801,""199"":334,""16"":70947,""12"":387,""449"":0,""636"":110170154,""11"":893510181,""238"":0,""14"":2540732448,""387"":""2b3431353531392e373136372d303038343038332e353136372b3030302e3139372f""}"
2026-07-06T12:24:31Z,862272088833183,Codec8E,2026-07-06 12:24:30.000 UTC,1783340670000,0,41.5524483,-8.4072000,203,60,6,54,0,"{""239"":1,""240"":1,""80"":1,""21"":5,""200"":0,""69"":1,""237"":2,""113"":100,""263"":1,""303"":1,""383"":3,""30"":0,""31"":28,""32"":53,""33"":252,""35"":66,""37"":60,""38"":239,""39"":32,""181"":20,""182"":18,""66"":14305,""24"":54,""206"":26,""67"":4033,""68"":0,""13"":68,""17"":16,""18"":71,""19"":90,""15"":1000,""13201"":335,""36"":2171,""40"":105,""43"":0,""241"":26801,""199"":443,""16"":71056,""12"":387,""449"":0,""636"":110136875,""11"":893510181,""238"":0,""14"":2540732448,""387"":""2b3431353532342e343833332d303038343037322e303030302b3030302e3230332f""}"
2026-07-06T12:24:38Z,862272088833183,Codec8E,2026-07-06 12:24:37.000 UTC,1783340677000,0,41.5529066,-8.4061433,201,60,6,52,0,"{""239"":1,""240"":1,""80"":1,""21"":5,""200"":0,""69"":1,""237"":2,""113"":100,""263"":1,""303"":1,""383"":3,""30"":0,""31"":22,""32"":53,""33"":19,""35"":98,""37"":49,""38"":242,""39"":32,""181"":22,""182"":18,""66"":14316,""24"":52,""206"":26,""67"":4033,""68"":0,""13"":68,""17"":-13,""18"":11,""19"":0,""15"":1000,""13201"":336,""36"":1792,""40"":850,""43"":0,""241"":26801,""199"":545,""16"":71158,""12"":387,""449"":0,""636"":110136875,""11"":893510181,""238"":0,""14"":2540732448,""387"":""2b3431353532392e303636372d303038343036312e343333332b3030302e3230312f""}"
2026-07-06T12:24:45Z,862272088833183,Codec8E,2026-07-06 12:24:44.000 UTC,1783340684000,0,41.5533950,-8.4049083,192,62,6,59,0,"{""239"":1,""240"":1,""80"":1,""21"":5,""200"":0,""69"":1,""237"":2,""113"":100,""263"":1,""303"":1,""383"":3,""30"":0,""31"":14,""32"":54,""33"":255,""35"":25,""37"":61,""38"":226,""39"":32,""181"":22,""182"":18,""66"":14267,""24"":59,""206"":26,""67"":4033,""68"":0,""13"":68,""17"":68,""18"":-10,""19"":89,""15"":1000,""13201"":337,""36"":2207,""40"":180,""43"":0,""241"":26801,""199"":661,""16"":71274,""12"":387,""449"":0,""636"":110136874,""11"":893510181,""238"":0,""14"":2540732448,""387"":""2b3431353533332e393530302d303038343034392e303833332b3030302e3139322f""}"
2026-07-06T12:24:51Z,862272088833183,Codec8E,2026-07-06 12:24:50.000 UTC,1783340690000,0,41.5538633,-8.4037800,188,62,6,64,0,"{""239"":1,""240"":1,""80"":1,""21"":5,""200"":0,""69"":1,""237"":2,""113"":100,""263"":1,""303"":1,""383"":3,""30"":0,""31"":12,""32"":54,""33"":19,""35"":68,""37"":61,""38"":240,""39"":33,""181"":22,""182"":18,""66"":14277,""24"":64,""206"":26,""67"":4033,""68"":0,""13"":68,""17"":45,""18"":104,""19"":86,""15"":1000,""13201"":338,""36"":2205,""40"":1508,""43"":0,""241"":26801,""199"":769,""16"":71382,""12"":387,""449"":0,""636"":110136874,""11"":893510181,""238"":0,""14"":2540732448,""387"":""2b3431353533382e363333332d303038343033372e383030302b3030302e3138382f""}"
2026-07-06T12:24:57Z,862272088833183,Codec8E,2026-07-06 12:24:56.000 UTC,1783340696000,0,41.5543200,-8.4025733,184,62,7,67,0,"{""239"":1,""240"":1,""80"":1,""21"":5,""200"":0,""69"":1,""237"":2,""113"":100,""263"":1,""303"":1,""383"":3,""30"":0,""31"":42,""32"":55,""33"":252,""35"":79,""37"":67,""38"":238,""39"":34,""181"":19,""182"":15,""66"":14288,""24"":67,""206"":26,""67"":4033,""68"":0,""13"":68,""17"":76,""18"":19,""19"":-31,""15"":1000,""13201"":338,""36"":2443,""40"":333,""43"":0,""241"":26801,""199"":881,""16"":71494,""12"":387,""449"":0,""636"":110136874,""11"":893510181,""238"":0,""14"":2540732448,""387"":""2b3431353534332e323030302d303038343032352e373333332b3030302e3138342f""}"
2026-07-06T12:25:04Z,862272088833183,Codec8E,2026-07-06 12:25:02.000 UTC,1783340702000,0,41.5547666,-8.4014416,181,64,7,63,0,"{""239"":1,""240"":1,""80"":1,""21"":5,""200"":0,""69"":1,""237"":2,""113"":100,""263"":1,""303"":1,""383"":3,""30"":0,""31"":3,""32"":55,""33"":0,""35"":16,""37"":62,""38"":227,""39"":34,""181"":18,""182"":15,""66"":14260,""24"":63,""206"":26,""67"":4033,""68"":0,""13"":68,""17"":107,""18"":19,""19"":-193,""15"":1000,""13201"":339,""36"":2283,""40"":108,""43"":0,""241"":26801,""199"":987,""16"":71600,""12"":387,""449"":0,""636"":110136874,""11"":893510181,""238"":0,""14"":2540732448,""387"":""2b3431353534372e363636372d303038343031342e343136372b3030302e3138312f""}"
2026-07-06T12:25:06Z,862272088833183,Codec8E,2026-07-06 12:25:05.000 UTC,1783340705000,0,41.5548899,-8.4010316,179,81,7,51,0,"{""239"":1,""240"":1,""80"":1,""21"":5,""200"":0,""69"":1,""237"":2,""113"":100,""263"":1,""303"":1,""383"":3,""30"":0,""31"":3,""32"":55,""33"":0,""35"":16,""37"":40,""38"":240,""39"":34,""181"":18,""182"":15,""66"":14251,""24"":51,""206"":26,""67"":4033,""68"":0,""13"":68,""17"":48,""18"":515,""19"":-50,""15"":1000,""13201"":339,""36"":1542,""40"":122,""43"":0,""241"":26801,""199"":1024,""16"":71637,""12"":387,""449"":0,""636"":110136874,""11"":893510181,""238"":0,""14"":2540732448,""387"":""2b3431353534382e393030302d303038343031302e333136372b3030302e3137392f""}"
2026-07-06T12:25:07Z,862272088833183,Codec8E,2026-07-06 12:25:05.010 UTC,1783340705010,0,41.5548749,-8.4009349,178,100,7,47,255,"{""239"":1,""240"":1,""80"":1,""21"":5,""200"":0,""69"":1,""237"":2,""113"":100,""263"":1,""303"":1,""383"":3,""30"":0,""31"":3,""32"":55,""33"":0,""35"":16,""37"":40,""38"":240,""39"":34,""255"":47,""181"":18,""182"":15,""66"":14258,""24"":47,""206"":26,""67"":4033,""68"":0,""13"":68,""17"":-25,""18"":290,""19"":165,""15"":1000,""13201"":339,""36"":1542,""40"":122,""43"":0,""241"":26801,""199"":1032,""16"":71645,""12"":387,""449"":0,""636"":110136874,""11"":893510181,""238"":0,""14"":2540732448,""387"":""2b3431353534382e373530302d303038343030392e333530302b3030302e3137382f""}"
2026-07-06T12:25:07Z,862272088833183,Codec8E,2026-07-06 12:25:05.020 UTC,1783340705020,0,41.5548749,-8.4009349,178,100,7,47,253,"{""239"":1,""240"":1,""80"":1,""21"":5,""200"":0,""69"":1,""237"":2,""113"":100,""263"":1,""303"":1,""383"":3,""30"":0,""31"":3,""32"":55,""33"":0,""35"":16,""37"":40,""38"":240,""39"":34,""253"":3,""254"":30,""181"":18,""182"":15,""66"":14258,""24"":47,""206"":26,""67"":4033,""68"":0,""13"":68,""17"":-25,""18"":290,""19"":165,""15"":1000,""13201"":339,""36"":1542,""40"":122,""43"":0,""241"":26801,""199"":1032,""16"":71645,""12"":387,""449"":0,""636"":110136874,""11"":893510181,""238"":0,""14"":2540732448,""387"":""2b3431353534382e373530302d303038343030392e333530302b3030302e3137382f""}"
2026-07-06T12:25:08Z,862272088833183,Codec8E,2026-07-06 12:25:06.000 UTC,1783340706000,0,41.5548333,-8.4008616,177,125,7,42,253,"{""239"":1,""240"":1,""80"":1,""21"":5,""200"":0,""69"":1,""237"":2,""113"":100,""263"":1,""303"":1,""383"":3,""30"":0,""31"":3,""32"":55,""33"":0,""35"":16,""37"":40,""38"":240,""39"":34,""253"":3,""254"":35,""181"":60,""182"":24,""66"":14250,""24"":42,""206"":26,""67"":4033,""68"":0,""13"":68,""17"":146,""18"":95,""19"":-51,""15"":1000,""13201"":339,""36"":1542,""40"":122,""43"":0,""241"":26801,""199"":1040,""16"":71653,""12"":387,""449"":0,""636"":110136873,""11"":893510181,""238"":0,""14"":2540732448,""387"":""2b3431353534382e333333332d303038343030382e363136372b3030302e3137372f""}"
2026-07-06T12:25:09Z,862272088833183,Codec8E,2026-07-06 12:25:08.000 UTC,1783340708000,0,41.5547583,-8.4008300,177,144,7,39,0,"{""239"":1,""240"":1,""80"":1,""21"":5,""200"":0,""69"":1,""237"":2,""113"":100,""263"":1,""303"":1,""383"":3,""30"":0,""31"":3,""32"":55,""33"":0,""35"":16,""37"":40,""38"":240,""39"":34,""181"":19,""182"":15,""66"":14283,""24"":39,""206"":26,""67"":4033,""68"":0,""13"":68,""17"":0,""18"":-6,""19"":83,""15"":333,""13201"":339,""36"":1542,""40"":122,""43"":0,""241"":26801,""199"":1049,""16"":71662,""12"":387,""449"":0,""636"":110136873,""11"":893510181,""238"":0,""14"":2540732448,""387"":""2b3431353534372e353833332d303038343030382e333030302b3030302e3137372f""}"
2026-07-06T12:25:20Z,862272088833183,Codec8E,2026-07-06 12:25:18.000 UTC,1783340718000,0,41.5540616,-8.4003383,175,142,7,28,0,"{""239"":1,""240"":1,""80"":1,""21"":5,""200"":0,""69"":1,""237"":2,""113"":100,""263"":1,""303"":1,""383"":3,""30"":0,""31"":52,""32"":55,""33"":249,""35"":76,""37"":39,""38"":224,""39"":34,""181"":62,""182"":25,""66"":14274,""24"":28,""206"":26,""67"":4033,""68"":0,""13"":68,""17"":27,""18"":51,""19"":-21,""15"":333,""13201"":340,""36"":2596,""40"":122,""43"":0,""241"":26801,""199"":1137,""16"":71750,""12"":387,""449"":0,""636"":110377514,""11"":893510181,""238"":0,""14"":2540732448,""387"":""2b3431353534302e363136372d303038343030332e333833332b3030302e3137352f""}"
2026-07-06T12:25:22Z,862272088833183,Codec8E,2026-07-06 12:25:21.000 UTC,1783340721000,0,41.5539650,-8.4002749,173,154,7,21,0,"{""239"":1,""240"":1,""80"":1,""21"":5,""200"":0,""69"":1,""237"":2,""113"":100,""263"":1,""303"":1,""383"":3,""30"":0,""31"":3,""32"":55,""33"":0,""35"":23,""37"":16,""38"":243,""39"":34,""181"":18,""182"":15,""66"":14288,""24"":21,""206"":26,""67"":4033,""68"":0,""13"":68,""17"":-106,""18"":9,""19"":154,""15"":333,""13201"":341,""36"":802,""40"":141,""43"":0,""241"":26801,""199"":1149,""16"":71762,""12"":387,""449"":0,""636"":110136873,""11"":893510181,""238"":0,""14"":2540732448,""387"":""2b3431353533392e363530302d303038343030322e373530302b3030302e3137332f""}"
2026-07-06T12:25:28Z,862272088833183,Codec8E,2026-07-06 12:25:27.000 UTC,1783340727000,0,41.5535183,-8.4000200,169,158,7,33,0,"{""239"":1,""240"":1,""80"":1,""21"":5,""200"":0,""69"":1,""237"":2,""113"":100,""263"":1,""303"":1,""383"":3,""30"":0,""31"":34,""32"":55,""33"":0,""35"":99,""37"":22,""38"":240,""39"":35,""181"":18,""182"":15,""66"":14301,""24"":33,""206"":26,""67"":4033,""68"":0,""13"":68,""17"":50,""18"":104,""19"":56,""15"":333,""13201"":341,""36"":2066,""40"":1877,""43"":0,""241"":26801,""199"":1204,""16"":71817,""12"":387,""449"":0,""636"":110136873,""11"":893510181,""238"":0,""14"":2540732448,""387"":""2b3431353533352e313833332d303038343030302e323030302b3030302e3136392f""}"
2026-07-06T12:25:34Z,862272088833183,Codec8E,2026-07-06 12:25:33.000 UTC,1783340733000,0,41.5529049,-8.3998449,162,148,7,38,0,"{""239"":1,""240"":1,""80"":1,""21"":5,""200"":0,""69"":1,""237"":2,""113"":100,""263"":1,""303"":1,""383"":3,""30"":0,""31"":4,""32"":56,""33"":0,""35"":17,""37"":42,""38"":228,""39"":35,""181"":18,""182"":15,""66"":14291,""24"":38,""206"":26,""67"":4033,""68"":0,""13"":68,""17"":38,""18"":-365,""19"":-34,""15"":333,""13201"":342,""36"":2115,""40"":91,""43"":0,""241"":26801,""199"":1275,""16"":71888,""12"":387,""449"":0,""636"":110136873,""11"":893510181,""238"":0,""14"":2540732448,""387"":""2b3431353532392e303530302d303038333939382e343530302b3030302e3136322f""}"
2026-07-06T12:25:39Z,862272088833183,Codec8E,2026-07-06 12:25:34.000 UTC,1783340734000,0,41.5527716,-8.3996233,163,114,7,37,253,"{""239"":1,""240"":1,""80"":1,""21"":5,""200"":0,""69"":1,""237"":2,""113"":100,""263"":1,""303"":1,""383"":3,""30"":0,""31"":4,""32"":56,""33"":0,""35"":17,""37"":42,""38"":228,""39"":35,""253"":3,""254"":49,""181"":64,""182"":25,""66"":14284,""24"":37,""206"":26,""67"":4033,""68"":0,""13"":68,""17"":-66,""18"":-279,""19"":49,""15"":333,""13201"":342,""36"":2115,""40"":91,""43"":0,""241"":26801,""199"":1299,""16"":71912,""12"":387,""449"":0,""636"":110377514,""11"":893510181,""238"":0,""14"":2540732448,""387"":""2b3431353532372e373136372d303038333939362e323333332b3030302e3136332f""}"
2026-07-06T12:25:39Z,862272088833183,Codec8E,2026-07-06 12:25:37.000 UTC,1783340737000,0,41.5527900,-8.3993466,164,98,7,35,0,"{""239"":1,""240"":1,""80"":1,""21"":5,""200"":0,""69"":1,""237"":2,""113"":100,""263"":1,""303"":1,""383"":3,""30"":0,""31"":3,""32"":56,""33"":0,""35"":27,""37"":32,""38"":252,""39"":36,""181"":64,""182"":25,""66"":14295,""24"":35,""206"":26,""67"":4033,""68"":0,""13"":68,""17"":16,""18"":10,""19"":174,""15"":333,""13201"":342,""36"":1646,""40"":1163,""43"":0,""241"":26801,""199"":1323,""16"":71936,""12"":387,""449"":0,""636"":110377514,""11"":893510181,""238"":0,""14"":2540732448,""387"":""2b3431353532372e393030302d303038333939332e343636372b3030302e3136342f""}"
2026-07-06T12:25:39Z,862272088833183,Codec8E,2026-07-06 12:25:37.010 UTC,1783340737010,0,41.5528333,-8.3992116,165,71,7,36,253,"{""239"":1,""240"":1,""80"":1,""21"":5,""200"":0,""69"":1,""237"":2,""113"":100,""263"":1,""303"":1,""383"":3,""30"":0,""31"":3,""32"":56,""33"":0,""35"":27,""37"":32,""38"":252,""39"":36,""253"":3,""254"":50,""181"":64,""182"":25,""66"":14290,""24"":36,""206"":26,""67"":4033,""68"":0,""13"":68,""17"":27,""18"":82,""19"":104,""15"":333,""13201"":342,""36"":1646,""40"":1163,""43"":0,""241"":26801,""199"":1335,""16"":71948,""12"":387,""449"":0,""636"":110377514,""11"":893510181,""238"":0,""14"":2540732448,""387"":""2b3431353532382e333333332d303038333939322e313136372b3030302e3136352f""}"
2026-07-06T12:25:43Z,862272088833183,Codec8E,2026-07-06 12:25:42.000 UTC,1783340742000,0,41.5530300,-8.3986133,163,71,7,46,0,"{""239"":1,""240"":1,""80"":1,""21"":5,""200"":0,""69"":1,""237"":2,""113"":100,""263"":1,""303"":1,""383"":3,""30"":0,""31"":56,""32"":56,""33"":249,""35"":129,""37"":48,""38"":241,""39"":37,""181"":19,""182"":15,""66"":14290,""24"":46,""206"":26,""67"":4033,""68"":0,""13"":68,""17"":56,""18"":73,""19"":116,""15"":333,""13201"":342,""36"":2348,""40"":1641,""43"":0,""241"":26801,""199"":1390,""16"":72003,""12"":387,""449"":0,""636"":110377514,""11"":893510181,""238"":0,""14"":2540732448,""387"":""2b3431353533302e333030302d303038333938362e313333332b3030302e3136332f""}"
2026-07-06T12:25:46Z,862272088833183,Codec8E,2026-07-06 12:25:45.000 UTC,1783340745000,0,41.5530966,-8.3980550,160,82,7,51,0,"{""239"":1,""240"":1,""80"":1,""21"":5,""200"":0,""69"":1,""237"":2,""113"":100,""263"":1,""303"":1,""383"":3,""30"":0,""31"":56,""32"":56,""33"":249,""35"":129,""37"":48,""38"":241,""39"":37,""181"":18,""182"":15,""66"":14290,""24"":51,""206"":26,""67"":4033,""68"":0,""13"":68,""17"":484,""18"":319,""19"":302,""15"":333,""13201"":344,""36"":2348,""40"":1641,""43"":0,""241"":26801,""199"":1437,""16"":72050,""12"":387,""449"":0,""636"":110344233,""11"":893510181,""238"":0,""14"":2540732448,""387"":""2b3431353533302e393636372d303038333938302e353530302b3030302e3136302f""}"
2026-07-06T12:25:47Z,862272088833183,Codec8E,2026-07-06 12:25:45.010 UTC,1783340745010,0,41.5531083,-8.3978583,159,85,7,53,255,"{""239"":1,""240"":1,""80"":1,""21"":5,""200"":0,""69"":1,""237"":2,""113"":100,""263"":1,""303"":1,""383"":3,""30"":0,""31"":47,""32"":56,""33"":253,""35"":75,""37"":56,""38"":227,""39"":37,""255"":53,""181"":18,""182"":15,""66"":14286,""24"":53,""206"":26,""67"":4033,""68"":0,""13"":68,""17"":-19,""18"":-10,""19"":58,""15"":333,""13201"":344,""36"":2842,""40"":836,""43"":0,""241"":26801,""199"":1453,""16"":72066,""12"":387,""449"":0,""636"":110344233,""11"":893510181,""238"":0,""14"":2540732448,""387"":""2b3431353533312e303833332d303038333937382e353833332b3030302e3135392f""}"
2026-07-06T12:25:55Z,862272088833183,Codec8E,2026-07-06 12:25:53.000 UTC,1783340753000,0,41.5531683,-8.3964649,153,87,6,58,0,"{""239"":1,""240"":1,""80"":1,""21"":5,""200"":0,""69"":1,""237"":2,""113"":100,""263"":1,""303"":1,""383"":3,""30"":0,""31"":46,""32"":57,""33"":249,""35"":103,""37"":56,""38"":242,""39"":38,""181"":21,""182"":18,""66"":14297,""24"":58,""206"":26,""67"":4033,""68"":0,""13"":68,""17"":148,""18"":1,""19"":79,""15"":333,""13201"":344,""36"":2030,""40"":1358,""43"":0,""241"":26801,""199"":1569,""16"":72182,""12"":387,""449"":0,""636"":110377514,""11"":893510181,""238"":0,""14"":2540732448,""387"":""2b3431353533312e363833332d303038333936342e363530302b3030302e3135332f""}"
2026-07-06T12:26:02Z,862272088833183,Codec8E,2026-07-06 12:25:59.000 UTC,1783340759000,0,41.5531983,-8.3953516,148,95,7,45,255,"{""239"":1,""240"":1,""80"":1,""21"":5,""200"":0,""69"":1,""237"":2,""113"":100,""263"":1,""303"":1,""383"":3,""30"":0,""31"":3,""32"":58,""33"":0,""35"":16,""37"":34,""38"":243,""39"":37,""255"":45,""181"":63,""182"":25,""66"":14263,""24"":45,""206"":26,""67"":4033,""68"":0,""13"":68,""17"":57,""18"":200,""19"":-5,""15"":333,""13201"":344,""36"":1111,""40"":113,""43"":0,""241"":26801,""199"":1663,""16"":72276,""12"":387,""449"":0,""636"":110344233,""11"":893510181,""238"":0,""14"":2540732448,""387"":""2b3431353533312e393833332d303038333935332e353136372b3030302e3134382f""}"
2026-07-06T12:26:02Z,862272088833183,Codec8E,2026-07-06 12:26:01.000 UTC,1783340761000,0,41.5531716,-8.3952616,147,108,7,40,0,"{""239"":1,""240"":1,""80"":1,""21"":5,""200"":0,""69"":1,""237"":2,""113"":100,""263"":1,""303"":1,""383"":3,""30"":0,""31"":3,""32"":58,""33"":0,""35"":16,""37"":34,""38"":243,""39"":37,""181"":65,""182"":25,""66"":14300,""24"":40,""206"":26,""67"":4033,""68"":0,""13"":68,""17"":11,""18"":41,""19"":89,""15"":333,""13201"":345,""36"":1111,""40"":113,""43"":0,""241"":26801,""199"":1671,""16"":72284,""12"":387,""449"":0,""636"":110344233,""11"":893510181,""238"":0,""14"":2540732448,""387"":""2b3431353533312e373136372d303038333935322e363136372b3030302e3134372f""}"
2026-07-06T12:26:03Z,862272088833183,Codec8E,2026-07-06 12:26:02.000 UTC,1783340762000,0,41.5531366,-8.3951916,146,124,7,36,0,"{""239"":1,""240"":1,""80"":1,""21"":5,""200"":0,""69"":1,""237"":2,""113"":100,""263"":1,""303"":1,""383"":3,""30"":0,""31"":3,""32"":58,""33"":0,""35"":16,""37"":34,""38"":243,""39"":37,""181"":65,""182"":25,""66"":14285,""24"":36,""206"":26,""67"":4033,""68"":0,""13"":68,""17"":-48,""18"":-277,""19"":-23,""15"":333,""13201"":345,""36"":1111,""40"":113,""43"":0,""241"":26801,""199"":1678,""16"":72291,""12"":387,""449"":0,""636"":110344233,""11"":893510181,""238"":0,""14"":2540732448,""387"":""2b3431353533312e333636372d303038333935312e393136372b3030302e3134362f""}"
2026-07-06T12:26:05Z,862272088833183,Codec8E,2026-07-06 12:26:04.000 UTC,1783340764000,0,41.5530750,-8.3950666,144,112,7,29,0,"{""239"":1,""240"":1,""80"":1,""21"":5,""200"":0,""69"":1,""237"":2,""113"":100,""263"":1,""303"":1,""383"":3,""30"":0,""31"":15,""32"":58,""33"":21,""35"":84,""37"":22,""38"":240,""39"":37,""181"":20,""182"":15,""66"":14282,""24"":29,""206"":26,""67"":4033,""68"":0,""13"":68,""17"":18,""18"":-327,""19"":3,""15"":333,""13201"":345,""36"":1540,""40"":405,""43"":0,""241"":26801,""199"":1691,""16"":72304,""12"":387,""449"":0,""636"":110344233,""11"":893510181,""238"":0,""14"":2540732448,""387"":""2b3431353533302e373530302d303038333935302e363636372b3030302e3134342f""}"
2026-07-06T12:26:06Z,862272088833183,Codec8E,2026-07-06 12:26:05.000 UTC,1783340765000,0,41.5531000,-8.3949716,144,78,7,27,0,"{""239"":1,""240"":1,""80"":1,""21"":5,""200"":0,""69"":1,""237"":2,""113"":100,""263"":1,""303"":1,""383"":3,""30"":0,""31"":15,""32"":58,""33"":21,""35"":84,""37"":22,""38"":240,""39"":37,""181"":63,""182"":25,""66"":14299,""24"":27,""206"":26,""67"":4033,""68"":0,""13"":68,""17"":-7,""18"":-330,""19"":-43,""15"":333,""13201"":345,""36"":1540,""40"":405,""43"":0,""241"":26801,""199"":1699,""16"":72312,""12"":387,""449"":0,""636"":110344233,""11"":893510181,""238"":0,""14"":2540732448,""387"":""2b3431353533312e303030302d303038333934392e373136372b3030302e3134342f""}"
2026-07-06T12:26:07Z,862272088833183,Codec8E,2026-07-06 12:26:06.000 UTC,1783340766000,0,41.5531266,-8.3949183,143,56,7,26,0,"{""239"":1,""240"":1,""80"":1,""21"":5,""200"":0,""69"":1,""237"":2,""113"":100,""263"":1,""303"":1,""383"":3,""30"":0,""31"":15,""32"":58,""33"":21,""35"":84,""37"":22,""38"":240,""39"":37,""181"":65,""182"":25,""66"":14279,""24"":26,""206"":26,""67"":4033,""68"":0,""13"":68,""17"":-37,""18"":-138,""19"":30,""15"":333,""13201"":345,""36"":1540,""40"":405,""43"":0,""241"":26801,""199"":1704,""16"":72317,""12"":387,""449"":0,""636"":110344233,""11"":893510181,""238"":0,""14"":2540732448,""387"":""2b3431353533312e323636372d303038333934392e313833332b3030302e3134332f""}"
2026-07-06T12:26:11Z,862272088833183,Codec8E,2026-07-06 12:26:07.000 UTC,1783340767000,0,41.5531666,-8.3948833,143,38,7,24,0,"{""239"":1,""240"":1,""80"":1,""21"":5,""200"":0,""69"":1,""237"":2,""113"":100,""263"":1,""303"":1,""383"":3,""30"":0,""31"":15,""32"":58,""33"":21,""35"":84,""37"":22,""38"":240,""39"":37,""181"":65,""182"":25,""66"":14281,""24"":24,""206"":26,""67"":4033,""68"":0,""13"":68,""17"":-37,""18"":114,""19"":110,""15"":333,""13201"":345,""36"":1540,""40"":405,""43"":0,""241"":26801,""199"":1710,""16"":72323,""12"":387,""449"":0,""636"":110589995,""11"":893510181,""238"":0,""14"":2540732448,""387"":""2b3431353533312e363636372d303038333934382e383333332b3030302e3134332f""}"
2026-07-06T12:26:11Z,862272088833183,Codec8E,2026-07-06 12:26:08.000 UTC,1783340768000,0,41.5532183,-8.3948699,142,20,7,23,0,"{""239"":1,""240"":1,""80"":1,""21"":5,""200"":0,""69"":1,""237"":2,""113"":100,""263"":1,""303"":1,""383"":3,""30"":0,""31"":15,""32"":58,""33"":21,""35"":84,""37"":22,""38"":240,""39"":37,""181"":20,""182"":15,""66"":14269,""24"":23,""206"":26,""67"":4033,""68"":0,""13"":68,""17"":-14,""18"":108,""19"":140,""15"":333,""13201"":345,""36"":1540,""40"":405,""43"":0,""241"":26801,""199"":1715,""16"":72328,""12"":387,""449"":0,""636"":110136873,""11"":893510181,""238"":0,""14"":2540732448,""387"":""2b3431353533322e313833332d303038333934382e373030302b3030302e3134322f""}"
2026-07-06T12:26:11Z,862272088833183,Codec8E,2026-07-06 12:26:09.000 UTC,1783340769000,0,41.5532850,-8.3948699,141,8,7,23,0,"{""239"":1,""240"":1,""80"":1,""21"":5,""200"":0,""69"":1,""237"":2,""113"":100,""263"":1,""303"":1,""383"":3,""30"":0,""31"":14,""32"":58,""33"":252,""35"":39,""37"":22,""38"":243,""39"":37,""181"":18,""182"":15,""66"":14278,""24"":23,""206"":26,""67"":4033,""68"":0,""13"":68,""17"":2,""18"":109,""19"":149,""15"":333,""13201"":345,""36"":1531,""40"":1005,""43"":0,""241"":26801,""199"":1723,""16"":72336,""12"":387,""449"":0,""636"":110136873,""11"":893510181,""238"":0,""14"":2540732448,""387"":""2b3431353533322e383530302d303038333934382e373030302b3030302e3134312f""}"
2026-07-06T12:26:15Z,862272088833183,Codec8E,2026-07-06 12:26:14.000 UTC,1783340774000,0,41.5537383,-8.3948249,138,10,7,35,0,"{""239"":1,""240"":1,""80"":1,""21"":5,""200"":0,""69"":1,""237"":2,""113"":100,""263"":1,""303"":1,""383"":3,""30"":0,""31"":45,""32"":58,""33"":252,""35"":93,""37"":40,""38"":230,""39"":38,""181"":18,""182"":15,""66"":14301,""24"":35,""206"":26,""67"":4033,""68"":0,""13"":68,""17"":29,""18"":67,""19"":-57,""15"":333,""13201"":345,""36"":2660,""40"":800,""43"":0,""241"":26801,""199"":1773,""16"":72386,""12"":387,""449"":0,""636"":110136873,""11"":893510181,""238"":0,""14"":2540732448,""387"":""2b3431353533372e333833332d303038333934382e323530302b3030302e3133382f""}"
2026-07-06T12:26:22Z,862272088833183,Codec8E,2026-07-06 12:26:20.000 UTC,1783340780000,0,41.5543366,-8.3946333,133,42,7,32,253,"{""239"":1,""240"":1,""80"":1,""21"":5,""200"":0,""69"":1,""237"":2,""113"":100,""263"":1,""303"":1,""383"":3,""30"":0,""31"":3,""32"":58,""33"":0,""35"":17,""37"":40,""38"":230,""39"":37,""253"":3,""254"":33,""181"":18,""182"":15,""66"":14264,""24"":32,""206"":26,""67"":4033,""68"":0,""13"":68,""17"":-51,""18"":247,""19"":1,""15"":333,""13201"":346,""36"":2091,""40"":86,""43"":0,""241"":26801,""199"":1844,""16"":72457,""12"":387,""449"":0,""636"":110162474,""11"":893510181,""238"":0,""14"":2540732448,""387"":""2b3431353534332e333636372d303038333934362e333333332b3030302e3133332f""}"
2026-07-06T12:26:23Z,862272088833183,Codec8E,2026-07-06 12:26:21.000 UTC,1783340781000,0,41.5543583,-8.3945416,132,70,7,30,253,"{""239"":1,""240"":1,""80"":1,""21"":5,""200"":0,""69"":1,""237"":2,""113"":100,""263"":1,""303"":1,""383"":3,""30"":0,""31"":3,""32"":58,""33"":0,""35"":17,""37"":40,""38"":230,""39"":37,""253"":3,""254"":46,""181"":18,""182"":15,""66"":14282,""24"":30,""206"":26,""67"":4033,""68"":0,""13"":68,""17"":-84,""18"":74,""19"":212,""15"":333,""13201"":347,""36"":2091,""40"":86,""43"":0,""241"":26801,""199"":1852,""16"":72465,""12"":387,""449"":0,""636"":110162474,""11"":893510181,""238"":0,""14"":2540732448,""387"":""2b3431353534332e353833332d303038333934352e343136372b3030302e3133322f""}"
2026-07-06T12:26:25Z,862272088833183,Codec8E,2026-07-06 12:26:23.000 UTC,1783340783000,0,41.5543633,-8.3944616,132,82,7,28,0,"{""239"":1,""240"":1,""80"":1,""21"":5,""200"":0,""69"":1,""237"":2,""113"":100,""263"":1,""303"":1,""383"":3,""30"":0,""31"":5,""32"":59,""33"":10,""35"":32,""37"":22,""38"":240,""39"":38,""181"":18,""182"":15,""66"":14273,""24"":28,""206"":26,""67"":4033,""68"":0,""13"":68,""17"":-19,""18"":96,""19"":39,""15"":333,""13201"":347,""36"":1457,""40"":830,""43"":0,""241"":26801,""199"":1858,""16"":72471,""12"":387,""449"":0,""636"":110162474,""11"":893510181,""238"":0,""14"":2540732448,""387"":""2b3431353534332e363333332d303038333934342e363136372b3030302e3133322f""}"
2026-07-06T12:26:26Z,862272088833183,Codec8E,2026-07-06 12:26:25.000 UTC,1783340785000,0,41.5543600,-8.3943000,130,95,7,26,0,"{""239"":1,""240"":1,""80"":1,""21"":5,""200"":0,""69"":1,""237"":2,""113"":100,""263"":1,""303"":1,""383"":3,""30"":0,""31"":5,""32"":59,""33"":10,""35"":32,""37"":22,""38"":240,""39"":38,""181"":18,""182"":15,""66"":14293,""24"":26,""206"":26,""67"":4033,""68"":0,""13"":68,""17"":43,""18"":360,""19"":-10,""15"":333,""13201"":347,""36"":1457,""40"":830,""43"":0,""241"":26801,""199"":1872,""16"":72485,""12"":387,""449"":0,""636"":110162474,""11"":893510181,""238"":0,""14"":2540732448,""387"":""2b3431353534332e363030302d303038333934332e303030302b3030302e3133302f""}"
2026-07-06T12:26:27Z,862272088833183,Codec8E,2026-07-06 12:26:26.000 UTC,1783340786000,0,41.5543466,-8.3942200,130,107,7,25,0,"{""239"":1,""240"":1,""80"":1,""21"":5,""200"":0,""69"":1,""237"":2,""113"":100,""263"":1,""303"":1,""383"":3,""30"":0,""31"":5,""32"":59,""33"":10,""35"":32,""37"":22,""38"":240,""39"":38,""181"":18,""182"":15,""66"":14281,""24"":25,""206"":26,""67"":4033,""68"":0,""13"":68,""17"":93,""18"":303,""19"":-17,""15"":333,""13201"":347,""36"":1457,""40"":830,""43"":0,""241"":26801,""199"":1879,""16"":72492,""12"":387,""449"":0,""636"":110589995,""11"":893510181,""238"":0,""14"":2540732448,""387"":""2b3431353534332e343636372d303038333934322e323030302b3030302e3133302f""}"
2026-07-06T12:26:28Z,862272088833183,Codec8E,2026-07-06 12:26:27.000 UTC,1783340787000,0,41.5543200,-8.3941699,129,124,7,24,0,"{""239"":1,""240"":1,""80"":1,""21"":5,""200"":0,""69"":1,""237"":2,""113"":100,""263"":1,""303"":1,""383"":3,""30"":0,""31"":30,""32"":59,""33"":247,""35"":21,""37"":22,""38"":240,""39"":37,""181"":18,""182"":15,""66"":14291,""24"":24,""206"":26,""67"":4033,""68"":0,""13"":68,""17"":-25,""18"":249,""19"":54,""15"":333,""13201"":347,""36"":1435,""40"":138,""43"":0,""241"":26801,""199"":1884,""16"":72497,""12"":387,""449"":0,""636"":110589995,""11"":893510181,""238"":0,""14"":2540732448,""387"":""2b3431353534332e323030302d303038333934312e373030302b3030302e3132392f""}"
2026-07-06T12:26:29Z,862272088833183,Codec8E,2026-07-06 12:26:28.000 UTC,1783340788000,0,41.5542783,-8.3941550,129,148,7,22,0,"{""239"":1,""240"":1,""80"":1,""21"":5,""200"":0,""69"":1,""237"":2,""113"":100,""263"":1,""303"":1,""383"":3,""30"":0,""31"":30,""32"":59,""33"":247,""35"":21,""37"":22,""38"":240,""39"":37,""181"":18,""182"":15,""66"":14305,""24"":22,""206"":26,""67"":4033,""68"":0,""13"":68,""17"":60,""18"":125,""19"":198,""15"":333,""13201"":347,""36"":1435,""40"":138,""43"":0,""241"":26801,""199"":1888,""16"":72501,""12"":387,""449"":0,""636"":110589995,""11"":893510181,""238"":0,""14"":2540732448,""387"":""2b3431353534322e373833332d303038333934312e353530302b3030302e3132392f""}"
2026-07-06T12:26:30Z,862272088833183,Codec8E,2026-07-06 12:26:29.000 UTC,1783340789000,0,41.5542316,-8.3941483,128,158,7,21,0,"{""239"":1,""240"":1,""80"":1,""21"":5,""200"":0,""69"":1,""237"":2,""113"":100,""263"":1,""303"":1,""383"":3,""30"":0,""31"":30,""32"":59,""33"":247,""35"":21,""37"":22,""38"":240,""39"":37,""181"":18,""182"":15,""66"":14294,""24"":21,""206"":26,""67"":4033,""68"":0,""13"":68,""17"":16,""18"":-24,""19"":285,""15"":333,""13201"":347,""36"":1435,""40"":138,""43"":0,""241"":26801,""199"":1894,""16"":72507,""12"":387,""449"":0,""636"":110589995,""11"":893510181,""238"":0,""14"":2540732448,""387"":""2b3431353534322e333136372d303038333934312e343833332b3030302e3132382f""}"
2026-07-06T12:26:32Z,862272088833183,Codec8E,2026-07-06 12:26:31.000 UTC,1783340791000,0,41.5541133,-8.3941683,127,177,8,21,0,"{""239"":1,""240"":1,""80"":1,""21"":5,""200"":0,""69"":1,""237"":2,""113"":100,""263"":1,""303"":1,""383"":3,""30"":0,""31"":30,""32"":59,""33"":247,""35"":21,""37"":22,""38"":240,""39"":37,""181"":15,""182"":12,""66"":14286,""24"":21,""206"":26,""67"":4033,""68"":0,""13"":68,""17"":-52,""18"":-2,""19"":376,""15"":333,""13201"":347,""36"":1435,""40"":138,""43"":0,""241"":26801,""199"":1907,""16"":72520,""12"":387,""449"":0,""636"":110162474,""11"":893510181,""238"":0,""14"":2540732448,""387"":""2b3431353534312e313333332d303038333934312e363833332b3030302e3132372f""}"
2026-07-06T12:26:38Z,862272088833183,Codec8E,2026-07-06 12:26:37.000 UTC,1783340797000,0,41.5536100,-8.3942883,125,165,8,26,0,"{""239"":1,""240"":1,""80"":1,""21"":5,""200"":0,""69"":1,""237"":2,""113"":100,""263"":1,""303"":1,""383"":3,""30"":0,""31"":29,""32"":59,""33"":0,""35"":46,""37"":30,""38"":234,""39"":39,""181"":15,""182"":12,""66"":14288,""24"":26,""206"":26,""67"":4033,""68"":0,""13"":68,""17"":378,""18"":-97,""19"":275,""15"":333,""13201"":347,""36"":1999,""40"":194,""43"":0,""241"":26801,""199"":1964,""16"":72577,""12"":387,""449"":0,""636"":110162474,""11"":893510181,""238"":0,""14"":2540732448,""387"":""2b3431353533362e313030302d303038333934322e383833332b3030302e3132352f""}"
2026-07-06T12:26:41Z,862272088833183,Codec8E,2026-07-06 12:26:38.000 UTC,1783340798000,0,41.5535333,-8.3943183,126,155,8,26,0,"{""239"":1,""240"":1,""80"":1,""21"":5,""200"":0,""69"":1,""237"":2,""113"":100,""263"":1,""303"":1,""383"":3,""30"":0,""31"":29,""32"":59,""33"":0,""35"":46,""37"":30,""38"":234,""39"":39,""181"":15,""182"":12,""66"":14314,""24"":26,""206"":26,""67"":4033,""68"":0,""13"":68,""17"":123,""18"":-114,""19"":243,""15"":333,""13201"":347,""36"":1999,""40"":194,""43"":0,""241"":26801,""199"":1973,""16"":72586,""12"":387,""449"":0,""636"":110162474,""11"":893510181,""238"":0,""14"":2540732448,""387"":""2b3431353533352e333333332d303038333934332e313833332b3030302e3132362f""}"
2026-07-06T12:26:41Z,862272088833183,Codec8E,2026-07-06 12:26:39.000 UTC,1783340799000,0,41.5534916,-8.3942766,125,140,8,25,0,"{""239"":1,""240"":1,""80"":1,""21"":5,""200"":0,""69"":1,""237"":2,""113"":100,""263"":1,""303"":1,""383"":3,""30"":0,""31"":29,""32"":59,""33"":0,""35"":46,""37"":30,""38"":234,""39"":39,""181"":15,""182"":12,""66"":14290,""24"":25,""206"":26,""67"":4033,""68"":0,""13"":68,""17"":149,""18"":-17,""19"":212,""15"":333,""13201"":347,""36"":1999,""40"":194,""43"":0,""241"":26801,""199"":1979,""16"":72592,""12"":387,""449"":0,""636"":110162474,""11"":893510181,""238"":0,""14"":2540732448,""387"":""2b3431353533342e393136372d303038333934322e373636372b3030302e3132352f""}"
2026-07-06T12:26:41Z,862272088833183,Codec8E,2026-07-06 12:26:40.000 UTC,1783340800000,0,41.5534466,-8.3942583,126,126,8,24,0,"{""239"":1,""240"":1,""80"":1,""21"":5,""200"":0,""69"":1,""237"":2,""113"":100,""263"":1,""303"":1,""383"":3,""30"":0,""31"":29,""32"":59,""33"":0,""35"":46,""37"":30,""38"":234,""39"":39,""181"":15,""182"":12,""66"":14301,""24"":24,""206"":26,""67"":4033,""68"":0,""13"":68,""17"":297,""18"":91,""19"":290,""15"":333,""13201"":347,""36"":1999,""40"":194,""43"":0,""241"":26801,""199"":1984,""16"":72597,""12"":387,""449"":0,""636"":110162474,""11"":893510181,""238"":0,""14"":2540732448,""387"":""2b3431353533342e343636372d303038333934322e353833332b3030302e3132362f""}"
2026-07-06T12:26:42Z,862272088833183,Codec8E,2026-07-06 12:26:41.000 UTC,1783340801000,0,41.5534166,-8.3942016,126,115,8,24,0,"{""239"":1,""240"":1,""80"":1,""21"":5,""200"":0,""69"":1,""237"":2,""113"":100,""263"":1,""303"":1,""383"":3,""30"":0,""31"":5,""32"":59,""33"":248,""35"":87,""37"":22,""38"":241,""39"":40,""181"":15,""182"":12,""66"":14286,""24"":24,""206"":26,""67"":4033,""68"":0,""13"":68,""17"":66,""18"":-5,""19"":126,""15"":333,""13201"":348,""36"":2128,""40"":1469,""43"":0,""241"":26801,""199"":1990,""16"":72603,""12"":387,""449"":0,""636"":110162474,""11"":893510181,""238"":0,""14"":2540732448,""387"":""2b3431353533342e313636372d303038333934322e303136372b3030302e3132362f""}"
2026-07-06T12:26:45Z,862272088833183,Codec8E,2026-07-06 12:26:44.000 UTC,1783340804000,0,41.5533366,-8.3939933,125,129,8,24,0,"{""239"":1,""240"":1,""80"":1,""21"":5,""200"":0,""69"":1,""237"":2,""113"":100,""263"":1,""303"":1,""383"":3,""30"":0,""31"":5,""32"":59,""33"":248,""35"":87,""37"":22,""38"":241,""39"":40,""181"":33,""182"":13,""66"":14301,""24"":24,""206"":26,""67"":4033,""68"":0,""13"":68,""17"":402,""18"":395,""19"":455,""15"":333,""13201"":348,""36"":2128,""40"":1469,""43"":0,""241"":26801,""199"":2009,""16"":72622,""12"":387,""449"":0,""636"":110162474,""11"":893510181,""238"":0,""14"":2540732448,""387"":""2b3431353533332e333636372d303038333933392e393333332b3030302e3132352f""}"
2026-07-06T12:26:46Z,862272088833183,Codec8E,2026-07-06 12:26:45.000 UTC,1783340805000,0,41.5532916,-8.3939449,124,143,8,24,0,"{""239"":1,""240"":1,""80"":1,""21"":5,""200"":0,""69"":1,""237"":2,""113"":100,""263"":1,""303"":1,""383"":3,""30"":0,""31"":5,""32"":59,""33"":248,""35"":87,""37"":22,""38"":241,""39"":40,""181"":16,""182"":12,""66"":14293,""24"":24,""206"":26,""67"":4033,""68"":0,""13"":68,""17"":112,""18"":15,""19"":132,""15"":333,""13201"":348,""36"":2128,""40"":1469,""43"":0,""241"":26801,""199"":2016,""16"":72629,""12"":387,""449"":0,""636"":110162474,""11"":893510181,""238"":0,""14"":2540732448,""387"":""2b3431353533322e393136372d303038333933392e343530302b3030302e3132342f""}"
2026-07-06T12:26:47Z,862272088833183,Codec8E,2026-07-06 12:26:46.000 UTC,1783340806000,0,41.5532400,-8.3939050,124,155,8,24,0,"{""239"":1,""240"":1,""80"":1,""21"":5,""200"":0,""69"":1,""237"":2,""113"":100,""263"":1,""303"":1,""383"":3,""30"":0,""31"":17,""32"":59,""33"":248,""35"":68,""37"":22,""38"":241,""39"":40,""181"":15,""182"":12,""66"":14284,""24"":24,""206"":26,""67"":4033,""68"":0,""13"":68,""17"":206,""18"":8,""19"":52,""15"":333,""13201"":348,""36"":2079,""40"":1208,""43"":0,""241"":26801,""199"":2022,""16"":72635,""12"":387,""449"":0,""636"":110162474,""11"":893510181,""238"":0,""14"":2540732448,""387"":""2b3431353533322e343030302d303038333933392e303530302b3030302e3132342f""}"
2026-07-06T12:26:51Z,862272088833183,Codec8E,2026-07-06 12:26:50.000 UTC,1783340810000,0,41.5530250,-8.3937666,123,141,8,23,0,"{""239"":1,""240"":1,""80"":1,""21"":5,""200"":0,""69"":1,""237"":2,""113"":100,""263"":1,""303"":1,""383"":3,""30"":0,""31"":21,""32"":60,""33"":249,""35"":40,""37"":21,""38"":238,""39"":40,""181"":15,""182"":12,""66"":14287,""24"":23,""206"":26,""67"":4033,""68"":0,""13"":68,""17"":94,""18"":-191,""19"":181,""15"":250,""13201"":348,""36"":2031,""40"":869,""43"":0,""241"":26801,""199"":2049,""16"":72662,""12"":387,""449"":0,""636"":110162474,""11"":893510181,""238"":0,""14"":2540732448,""387"":""2b3431353533302e323530302d303038333933372e363636372b3030302e3132332f""}"
2026-07-06T12:26:54Z,862272088833183,Codec8E,2026-07-06 12:26:51.000 UTC,1783340811000,0,41.5530083,-8.3937050,123,118,8,22,0,"{""239"":1,""240"":1,""80"":1,""21"":5,""200"":0,""69"":1,""237"":2,""113"":100,""263"":1,""303"":1,""383"":3,""30"":0,""31"":21,""32"":60,""33"":249,""35"":40,""37"":21,""38"":238,""39"":40,""181"":15,""182"":12,""66"":14298,""24"":22,""206"":26,""67"":4033,""68"":0,""13"":68,""17"":105,""18"":-7,""19"":286,""15"":250,""13201"":348,""36"":2031,""40"":869,""43"":0,""241"":26801,""199"":2054,""16"":72667,""12"":387,""449"":0,""636"":110162474,""11"":893510181,""238"":0,""14"":2540732448,""387"":""2b3431353533302e303833332d303038333933372e303530302b3030302e3132332f""}"
2026-07-06T12:26:54Z,862272088833183,Codec8E,2026-07-06 12:26:52.000 UTC,1783340812000,0,41.5530066,-8.3936500,123,92,8,21,0,"{""239"":1,""240"":1,""80"":1,""21"":5,""200"":0,""69"":1,""237"":2,""113"":100,""263"":1,""303"":1,""383"":3,""30"":0,""31"":21,""32"":60,""33"":249,""35"":40,""37"":21,""38"":238,""39"":40,""181"":15,""182"":12,""66"":14287,""24"":21,""206"":26,""67"":4033,""68"":0,""13"":68,""17"":139,""18"":151,""19"":507,""15"":250,""13201"":348,""36"":2031,""40"":869,""43"":0,""241"":26801,""199"":2059,""16"":72672,""12"":387,""449"":0,""636"":110162474,""11"":893510181,""238"":0,""14"":2540732448,""387"":""2b3431353533302e303636372d303038333933362e353030302b3030302e3132332f""}"
2026-07-06T12:26:54Z,862272088833183,Codec8E,2026-07-06 12:26:53.000 UTC,1783340813000,0,41.5530183,-8.3935949,123,76,8,19,0,"{""239"":1,""240"":1,""80"":1,""21"":4,""200"":0,""69"":1,""237"":2,""113"":100,""263"":1,""303"":1,""383"":3,""30"":0,""31"":21,""32"":60,""33"":249,""35"":40,""37"":21,""38"":238,""39"":40,""181"":15,""182"":12,""66"":14283,""24"":19,""206"":26,""67"":4033,""68"":0,""13"":68,""17"":-236,""18"":-21,""19"":141,""15"":250,""13201"":349,""36"":2031,""40"":869,""43"":0,""241"":26801,""199"":2064,""16"":72677,""12"":387,""449"":0,""636"":110162474,""11"":893510181,""238"":0,""14"":2540732448,""387"":""2b3431353533302e313833332d303038333933352e393530302b3030302e3132332f""}"
2026-07-06T12:26:58Z,862272088833183,Codec8E,2026-07-06 12:26:56.000 UTC,1783340816000,0,41.5530933,-8.3933900,124,66,8,19,0,"{""239"":1,""240"":1,""80"":1,""21"":4,""200"":0,""69"":1,""237"":2,""113"":100,""263"":1,""303"":1,""383"":3,""30"":0,""31"":43,""32"":60,""33"":252,""35"":111,""37"":18,""38"":244,""39"":41,""181"":15,""182"":12,""66"":14288,""24"":19,""206"":26,""67"":4033,""68"":0,""13"":68,""17"":-65,""18"":-75,""19"":234,""15"":250,""13201"":349,""36"":1701,""40"":1163,""43"":0,""241"":26801,""199"":2083,""16"":72696,""12"":387,""449"":0,""636"":110589995,""11"":893510181,""238"":0,""14"":2540732448,""387"":""2b3431353533302e393333332d303038333933332e393030302b3030302e3132342f""}"
2026-07-06T12:27:00Z,862272088833183,Codec8E,2026-07-06 12:26:58.000 UTC,1783340818000,0,41.5531466,-8.3932716,124,55,8,20,0,"{""239"":1,""240"":1,""80"":1,""21"":4,""200"":0,""69"":1,""237"":2,""113"":100,""263"":1,""303"":1,""383"":3,""30"":0,""31"":43,""32"":60,""33"":252,""35"":111,""37"":18,""38"":244,""39"":41,""181"":33,""182"":13,""66"":14295,""24"":20,""206"":26,""67"":4033,""68"":0,""13"":68,""17"":66,""18"":-90,""19"":-8,""15"":250,""13201"":349,""36"":1701,""40"":1163,""43"":0,""241"":26801,""199"":2095,""16"":72708,""12"":387,""449"":0,""636"":110589995,""11"":893510181,""238"":0,""14"":2540732448,""387"":""2b3431353533312e343636372d303038333933322e373136372b3030302e3132342f""}"
2026-07-06T12:27:01Z,862272088833183,Codec8E,2026-07-06 12:27:00.000 UTC,1783340820000,0,41.5531933,-8.3932000,123,32,8,18,0,"{""239"":1,""240"":1,""80"":1,""21"":4,""200"":0,""69"":1,""237"":2,""113"":100,""263"":1,""303"":1,""383"":3,""30"":0,""31"":47,""32"":61,""33"":246,""35"":96,""37"":18,""38"":240,""39"":40,""181"":34,""182"":13,""66"":14209,""24"":18,""206"":26,""67"":4033,""68"":0,""13"":68,""17"":196,""18"":-32,""19"":-143,""15"":250,""13201"":350,""36"":1751,""40"":102,""43"":0,""241"":26801,""199"":2103,""16"":72716,""12"":387,""449"":0,""636"":110589995,""11"":893510181,""238"":0,""14"":2540732448,""387"":""2b3431353533312e393333332d303038333933322e303030302b3030302e3132332f""}"
2026-07-06T12:27:05Z,862272088833183,Codec8E,2026-07-06 12:27:04.000 UTC,1783340824000,0,41.5532016,-8.3931533,121,35,8,7,0,"{""239"":1,""240"":1,""80"":1,""21"":4,""200"":0,""69"":1,""237"":2,""113"":100,""263"":1,""303"":1,""383"":3,""30"":0,""31"":14,""32"":61,""33"":242,""35"":33,""37"":0,""38"":251,""39"":39,""181"":15,""182"":12,""66"":13712,""24"":7,""206"":26,""67"":4033,""68"":0,""13"":68,""17"":-55,""18"":112,""19"":38,""15"":250,""13201"":350,""36"":887,""40"":141,""43"":0,""241"":26801,""199"":2105,""16"":72718,""12"":387,""449"":0,""636"":110589995,""11"":893510181,""238"":0,""14"":2540732448,""387"":""2b3431353533322e303136372d303038333933312e353333332b3030302e3132312f""}"
2026-07-06T12:27:08Z,862272088833183,Codec8E,2026-07-06 12:27:07.000 UTC,1783340827000,0,41.5532016,-8.3931583,121,35,8,3,239,"{""239"":0,""240"":1,""80"":1,""21"":4,""200"":0,""69"":1,""237"":2,""113"":100,""263"":1,""303"":1,""383"":3,""30"":0,""31"":14,""32"":61,""33"":242,""35"":33,""37"":0,""38"":251,""39"":39,""181"":15,""182"":12,""66"":12823,""24"":3,""206"":26,""67"":4033,""68"":0,""13"":68,""17"":-58,""18"":107,""19"":31,""15"":250,""13201"":350,""36"":887,""40"":141,""43"":0,""241"":26801,""199"":2105,""16"":72718,""12"":387,""449"":0,""636"":110589995,""11"":893510181,""238"":0,""14"":2540732448,""387"":""2b3431353533322e303136372d303038333933312e353833332b3030302e3132312f""}"
2026-07-06T12:27:10Z,862272088833183,Codec8E,2026-07-06 12:27:08.000 UTC,1783340828000,0,41.5532016,-8.3931583,121,35,8,1,303,"{""239"":0,""240"":1,""80"":1,""21"":4,""200"":0,""69"":1,""237"":2,""113"":100,""263"":1,""303"":0,""383"":3,""30"":0,""31"":14,""32"":61,""33"":242,""35"":33,""37"":0,""38"":251,""39"":39,""181"":15,""182"":12,""66"":12767,""24"":1,""206"":26,""67"":4033,""68"":0,""13"":68,""17"":-57,""18"":115,""19"":35,""15"":250,""13201"":350,""36"":887,""40"":141,""43"":0,""241"":26801,""199"":2105,""16"":72718,""12"":387,""449"":0,""636"":110589995,""11"":893510181,""238"":0,""14"":2540732448,""387"":""2b3431353533322e303136372d303038333933312e353833332b3030302e3132312f""}"
2026-07-06T12:27:15Z,862272088833183,Codec8E,2026-07-06 12:27:13.000 UTC,1783340833000,0,41.5532016,-8.3931583,121,35,9,0,303,"{""239"":0,""240"":1,""80"":1,""21"":4,""200"":0,""69"":1,""237"":2,""113"":100,""263"":1,""303"":1,""383"":3,""181"":15,""182"":12,""66"":12782,""24"":0,""206"":26,""67"":4033,""68"":0,""13"":68,""17"":-58,""18"":89,""19"":17,""15"":250,""13201"":351,""241"":26801,""199"":2105,""16"":72718,""12"":387,""449"":0,""636"":110589995,""11"":893510181,""238"":0,""14"":2540732448,""387"":""2b3431353533322e303136372d303038333933312e353833332b3030302e3132312f""}"
2026-07-06T12:27:19Z,862272088833183,Codec8E,2026-07-06 12:27:18.000 UTC,1783340838000,0,41.5532016,-8.3931583,121,35,9,0,303,"{""239"":0,""240"":1,""80"":1,""21"":4,""200"":0,""69"":1,""237"":2,""113"":100,""263"":1,""303"":0,""383"":3,""181"":15,""182"":12,""66"":12805,""24"":0,""206"":26,""67"":4033,""68"":0,""13"":68,""17"":95,""18"":217,""19"":30,""15"":250,""13201"":352,""241"":26801,""199"":2105,""16"":72718,""12"":387,""449"":0,""636"":110589995,""11"":893510181,""238"":0,""14"":2540732448,""387"":""2b3431353533322e303136372d303038333933312e353833332b3030302e3132312f""}"
2026-07-06T12:27:21Z,862272088833183,Codec8E,2026-07-06 12:27:20.000 UTC,1783340840000,0,41.5532016,-8.3931583,121,35,8,0,303,"{""239"":0,""240"":1,""80"":1,""21"":4,""200"":0,""69"":1,""237"":2,""113"":100,""263"":1,""303"":1,""383"":3,""181"":15,""182"":12,""66"":12805,""24"":0,""206"":26,""67"":4033,""68"":0,""13"":68,""17"":-62,""18"":115,""19"":42,""15"":250,""13201"":351,""241"":26801,""199"":2105,""16"":72718,""12"":387,""449"":0,""636"":110589995,""11"":893510181,""238"":0,""14"":2540732448,""387"":""2b3431353533322e303136372d303038333933312e353833332b3030302e3132312f""}"
2026-07-06T12:27:28Z,862272088833183,Codec8E,2026-07-06 12:27:26.000 UTC,1783340846000,0,41.5532016,-8.3931583,121,35,7,0,303,"{""239"":0,""240"":1,""80"":1,""21"":5,""200"":0,""69"":1,""237"":2,""113"":100,""263"":1,""303"":0,""383"":3,""181"":18,""182"":15,""66"":12809,""24"":0,""206"":26,""67"":4033,""68"":0,""13"":68,""17"":-57,""18"":104,""19"":35,""15"":250,""13201"":351,""241"":26801,""199"":2105,""16"":72718,""12"":387,""449"":0,""636"":110589995,""11"":893510181,""238"":0,""14"":2540732448,""387"":""2b3431353533322e303136372d303038333933312e353833332b3030302e3132312f""}"
2026-07-06T12:28:29Z,862272088833183,Codec8E,2026-07-06 12:28:25.000 UTC,1783340905000,0,41.5532016,-8.3931583,121,35,11,0,240,"{""239"":0,""240"":0,""80"":0,""21"":5,""200"":0,""69"":1,""237"":2,""113"":100,""263"":1,""303"":0,""383"":3,""181"":13,""182"":10,""66"":12849,""24"":0,""206"":26,""67"":4033,""68"":0,""13"":68,""17"":-61,""18"":114,""19"":40,""15"":1000,""13201"":349,""241"":26801,""199"":0,""16"":72718,""12"":387,""449"":0,""636"":110159913,""11"":893510181,""238"":0,""14"":2540732448,""387"":""2b3431353533322e303136372d303038333933312e353833332b3030302e3132312f""}"
2026-07-06T13:09:49Z,862272088833183,Codec8E,2026-07-06 13:08:05.000 UTC,1783343285000,0,41.5532016,-8.3931583,113,35,13,0,303,"{""239"":0,""240"":0,""80"":0,""21"":5,""200"":0,""69"":1,""237"":2,""113"":100,""263"":1,""303"":1,""383"":3,""181"":11,""182"":8,""66"":12680,""24"":0,""206"":26,""67"":4033,""68"":0,""13"":68,""17"":-56,""18"":105,""19"":33,""15"":1000,""13201"":400,""241"":26801,""199"":0,""16"":72718,""12"":387,""449"":0,""636"":110159913,""11"":893510181,""238"":0,""14"":2540732448,""387"":""2b3431353533322e303136372d303038333933312e353833332b3030302e3131332f""}"
2026-07-06T13:09:49Z,862272088833183,Codec8E,2026-07-06 13:08:06.000 UTC,1783343286000,0,41.5534983,-8.3929816,113,349,13,0,240,"{""239"":0,""240"":1,""80"":1,""21"":5,""200"":0,""69"":1,""237"":2,""113"":100,""263"":1,""303"":1,""383"":3,""181"":11,""182"":8,""66"":12677,""24"":0,""206"":26,""67"":4033,""68"":0,""13"":68,""17"":-62,""18"":114,""19"":26,""15"":1000,""13201"":400,""241"":26801,""199"":0,""16"":72718,""12"":387,""449"":0,""636"":110159913,""11"":893510181,""238"":0,""14"":2540732448,""387"":""2b3431353533342e393833332d303038333932392e383136372b3030302e3131332f""}"
2026-07-06T13:09:49Z,862272088833183,Codec8E,2026-07-06 13:08:08.000 UTC,1783343288000,0,41.5534983,-8.3929816,113,349,13,0,303,"{""239"":0,""240"":1,""80"":1,""21"":5,""200"":0,""69"":1,""237"":2,""113"":100,""263"":1,""303"":0,""383"":3,""181"":11,""182"":8,""66"":12676,""24"":0,""206"":26,""67"":4033,""68"":0,""13"":68,""17"":-68,""18"":110,""19"":27,""15"":1000,""13201"":400,""241"":26801,""199"":0,""16"":72718,""12"":387,""449"":0,""636"":110159913,""11"":893510181,""238"":0,""14"":2540732448,""387"":""2b3431353533342e393833332d303038333932392e383136372b3030302e3131332f""}"
2026-07-06T13:09:49Z,862272088833183,Codec8E,2026-07-06 13:08:27.000 UTC,1783343307000,0,41.5534983,-8.3929816,113,349,13,0,303,"{""239"":0,""240"":1,""80"":1,""21"":5,""200"":0,""69"":1,""237"":2,""113"":100,""263"":1,""303"":1,""383"":3,""30"":0,""31"":9,""32"":52,""33"":0,""35"":26,""37"":0,""38"":242,""39"":47,""181"":11,""182"":8,""66"":12282,""24"":0,""206"":26,""67"":4033,""68"":0,""13"":68,""17"":-61,""18"":89,""19"":42,""15"":1000,""13201"":402,""36"":855,""40"":102,""43"":0,""241"":26801,""199"":0,""16"":72718,""12"":387,""449"":0,""636"":110159913,""11"":893510181,""238"":0,""14"":2540732448,""387"":""2b3431353533342e393833332d303038333932392e383136372b3030302e3131332f""}"
2026-07-06T13:09:49Z,862272088833183,Codec8E,2026-07-06 13:08:32.000 UTC,1783343312000,0,41.5534983,-8.3929816,113,349,13,0,303,"{""239"":0,""240"":1,""80"":1,""21"":5,""200"":0,""69"":1,""237"":2,""113"":100,""263"":1,""303"":0,""383"":3,""30"":0,""31"":9,""32"":51,""33"":0,""35"":27,""37"":0,""38"":242,""39"":47,""181"":11,""182"":8,""66"":12275,""24"":0,""206"":26,""67"":4033,""68"":0,""13"":68,""17"":-53,""18"":107,""19"":52,""15"":1000,""13201"":403,""36"":831,""40"":105,""43"":0,""241"":26801,""199"":0,""16"":72718,""12"":387,""449"":0,""636"":110159913,""11"":893510181,""238"":0,""14"":2540732448,""387"":""2b3431353533342e393833332d303038333932392e383136372b3030302e3131332f""}"
2026-07-06T13:09:51Z,862272088833183,Codec8E,2026-07-06 13:08:48.000 UTC,1783343328000,0,41.5534983,-8.3929816,113,349,12,0,303,"{""239"":0,""240"":1,""80"":1,""21"":5,""200"":0,""69"":1,""237"":2,""113"":100,""263"":1,""303"":1,""383"":3,""30"":0,""31"":10,""32"":51,""33"":0,""35"":27,""37"":0,""38"":242,""39"":46,""181"":12,""182"":9,""66"":12373,""24"":0,""206"":26,""67"":4033,""68"":0,""13"":68,""17"":-46,""18"":93,""19"":23,""15"":1000,""13201"":405,""36"":797,""40"":105,""43"":0,""241"":26801,""199"":0,""16"":72718,""12"":387,""449"":0,""636"":110159913,""11"":893510181,""238"":0,""14"":2540732448,""387"":""2b3431353533342e393833332d303038333932392e383136372b3030302e3131332f""}"
2026-07-06T13:09:51Z,862272088833183,Codec8E,2026-07-06 13:08:53.000 UTC,1783343333000,0,41.5534983,-8.3929816,113,349,12,0,303,"{""239"":0,""240"":1,""80"":1,""21"":5,""200"":0,""69"":1,""237"":2,""113"":100,""263"":1,""303"":0,""383"":3,""30"":0,""31"":9,""32"":51,""33"":0,""35"":27,""37"":0,""38"":242,""39"":46,""181"":12,""182"":9,""66"":12370,""24"":0,""206"":26,""67"":4033,""68"":0,""13"":68,""17"":-67,""18"":121,""19"":48,""15"":1000,""13201"":405,""36"":819,""40"":102,""43"":0,""241"":26801,""199"":0,""16"":72718,""12"":387,""449"":0,""636"":110159913,""11"":893510181,""238"":0,""14"":2540732448,""387"":""2b3431353533342e393833332d303038333932392e383136372b3030302e3131332f""}"
2026-07-06T13:09:51Z,862272088833183,Codec8E,2026-07-06 13:09:37.000 UTC,1783343377000,0,41.5534983,-8.3929816,113,349,13,0,303,"{""239"":0,""240"":1,""80"":1,""21"":4,""200"":0,""69"":1,""237"":2,""113"":100,""263"":1,""303"":1,""383"":3,""30"":0,""31"":9,""32"":54,""33"":0,""35"":29,""37"":0,""38"":242,""39"":46,""181"":11,""182"":8,""66"":12355,""24"":0,""206"":26,""67"":4033,""68"":0,""13"":68,""17"":-60,""18"":83,""19"":48,""15"":1000,""13201"":408,""36"":843,""40"":105,""43"":0,""241"":26801,""199"":0,""16"":72718,""12"":387,""449"":0,""636"":110159913,""11"":893510181,""238"":0,""14"":2540732448,""387"":""2b3431353533342e393833332d303038333932392e383136372b3030302e3131332f""}"
2026-07-06T13:09:51Z,862272088833183,Codec8E,2026-07-06 13:09:43.000 UTC,1783343383000,0,41.5534983,-8.3929816,113,349,13,0,303,"{""239"":0,""240"":1,""80"":1,""21"":4,""200"":0,""69"":1,""237"":2,""113"":100,""263"":1,""303"":0,""383"":3,""30"":0,""31"":9,""32"":54,""33"":0,""35"":27,""37"":0,""38"":242,""39"":46,""181"":11,""182"":8,""66"":12243,""24"":0,""206"":26,""67"":4033,""68"":0,""13"":68,""17"":-64,""18"":113,""19"":44,""15"":1000,""13201"":409,""36"":891,""40"":100,""43"":0,""241"":26801,""199"":0,""16"":72718,""12"":387,""449"":0,""636"":110159913,""11"":893510181,""238"":0,""14"":2540732448,""387"":""2b3431353533342e393833332d303038333932392e383136372b3030302e3131332f""}"
2026-07-06T13:09:55Z,862272088833183,Codec8E,2026-07-06 13:09:53.000 UTC,1783343393000,0,41.5534983,-8.3929816,113,349,13,0,303,"{""239"":0,""240"":1,""80"":1,""21"":4,""200"":0,""69"":1,""237"":2,""113"":100,""263"":1,""303"":1,""383"":3,""30"":0,""31"":9,""32"":54,""33"":0,""35"":27,""37"":0,""38"":242,""39"":45,""181"":11,""182"":8,""66"":12219,""24"":0,""206"":26,""67"":4033,""68"":0,""13"":68,""17"":-25,""18"":123,""19"":4,""15"":1000,""13201"":411,""36"":822,""40"":113,""43"":0,""241"":26801,""199"":0,""16"":72718,""12"":387,""449"":0,""636"":110159913,""11"":893510181,""238"":0,""14"":2540732448,""387"":""2b3431353533342e393833332d303038333932392e383136372b3030302e3131332f""}"
2026-07-06T13:10:52Z,862272088833183,Codec8E,2026-07-06 13:10:47.000 UTC,1783343447000,0,41.5532166,-8.3938550,123,325,13,4,239,"{""239"":1,""240"":1,""80"":1,""21"":4,""200"":0,""69"":1,""237"":2,""113"":100,""263"":1,""303"":1,""383"":3,""30"":0,""31"":21,""32"":57,""33"":253,""35"":38,""37"":1,""38"":240,""39"":45,""181"":11,""182"":8,""66"":14011,""24"":4,""206"":26,""67"":4033,""68"":0,""13"":68,""17"":119,""18"":-35,""19"":-58,""15"":1000,""13201"":412,""36"":1301,""40"":86,""43"":0,""241"":26801,""199"":0,""16"":72753,""12"":387,""449"":0,""636"":110589995,""11"":893510181,""238"":0,""14"":2540732448,""387"":""2b3431353533322e313636372d303038333933382e353530302b3030302e3132332f""}"
2026-07-06T13:10:52Z,862272088833183,Codec8E,2026-07-06 13:10:50.000 UTC,1783343450000,0,41.5532516,-8.3938800,124,336,13,6,0,"{""239"":1,""240"":1,""80"":1,""21"":4,""200"":0,""69"":1,""237"":2,""113"":100,""263"":1,""303"":1,""383"":3,""30"":0,""31"":10,""32"":57,""33"":253,""35"":25,""37"":12,""38"":249,""39"":45,""181"":11,""182"":8,""66"":14172,""24"":6,""206"":26,""67"":4033,""68"":0,""13"":68,""17"":84,""18"":-139,""19"":49,""15"":1000,""13201"":413,""36"":1242,""40"":108,""43"":0,""241"":26801,""199"":3,""16"":72797,""12"":387,""449"":0,""636"":110589995,""11"":893510181,""238"":0,""14"":2540732448,""387"":""2b3431353533322e353136372d303038333933382e383030302b3030302e3132342f""}"
2026-07-06T13:10:55Z,862272088833183,Codec8E,2026-07-06 13:10:54.000 UTC,1783343454000,0,41.5533166,-8.3939283,125,299,13,9,0,"{""239"":1,""240"":1,""80"":1,""21"":4,""200"":0,""69"":1,""237"":2,""113"":100,""263"":1,""303"":1,""383"":3,""30"":0,""31"":4,""32"":57,""33"":3,""35"":16,""37"":10,""38"":252,""39"":45,""181"":11,""182"":8,""66"":14078,""24"":9,""206"":26,""67"":4033,""68"":0,""13"":68,""17"":102,""18"":-235,""19"":-198,""15"":1000,""13201"":413,""36"":1534,""40"":125,""43"":0,""241"":26801,""199"":11,""16"":72805,""12"":387,""449"":0,""636"":110589995,""11"":893510181,""238"":0,""14"":2540732448,""387"":""2b3431353533332e313636372d303038333933392e323833332b3030302e3132352f""}"
2026-07-06T13:10:56Z,862272088833183,Codec8E,2026-07-06 13:10:55.000 UTC,1783343455000,0,41.5533133,-8.3939683,126,257,13,8,0,"{""239"":1,""240"":1,""80"":1,""21"":4,""200"":0,""69"":1,""237"":2,""113"":100,""263"":1,""303"":1,""383"":3,""30"":0,""31"":4,""32"":57,""33"":3,""35"":16,""37"":10,""38"":252,""39"":45,""181"":13,""182"":8,""66"":14046,""24"":8,""206"":26,""67"":4033,""68"":0,""13"":68,""17"":63,""18"":-248,""19"":-75,""15"":1000,""13201"":413,""36"":1534,""40"":125,""43"":0,""241"":26801,""199"":16,""16"":72810,""12"":387,""449"":0,""636"":110589995,""11"":893510181,""238"":0,""14"":2540732448,""387"":""2b3431353533332e313333332d303038333933392e363833332b3030302e3132362f""}"
2026-07-06T13:10:59Z,862272088833183,Codec8E,2026-07-06 13:10:56.000 UTC,1783343456000,0,41.5533066,-8.3939833,126,227,13,8,0,"{""239"":1,""240"":1,""80"":1,""21"":4,""200"":0,""69"":1,""237"":2,""113"":100,""263"":1,""303"":1,""383"":3,""30"":0,""31"":4,""32"":57,""33"":3,""35"":16,""37"":10,""38"":252,""39"":45,""181"":11,""182"":8,""66"":14173,""24"":8,""206"":26,""67"":4033,""68"":0,""13"":68,""17"":275,""18"":-109,""19"":46,""15"":1000,""13201"":414,""36"":1534,""40"":125,""43"":0,""241"":26801,""199"":16,""16"":72810,""12"":387,""449"":0,""636"":110589995,""11"":893510181,""238"":0,""14"":2540732448,""387"":""2b3431353533332e303636372d303038333933392e383333332b3030302e3132362f""}"
2026-07-06T13:10:59Z,862272088833183,Codec8E,2026-07-06 13:10:57.000 UTC,1783343457000,0,41.5532749,-8.3940216,127,206,13,9,0,"{""239"":1,""240"":1,""80"":1,""21"":4,""200"":0,""69"":1,""237"":2,""113"":100,""263"":1,""303"":1,""383"":3,""30"":0,""31"":4,""32"":57,""33"":3,""35"":16,""37"":10,""38"":252,""39"":45,""181"":11,""182"":8,""66"":14187,""24"":9,""206"":26,""67"":4033,""68"":0,""13"":68,""17"":135,""18"":16,""19"":4,""15"":1000,""13201"":414,""36"":1534,""40"":125,""43"":0,""241"":26801,""199"":22,""16"":72816,""12"":387,""449"":0,""636"":110589995,""11"":893510181,""238"":0,""14"":2540732448,""387"":""2b3431353533322e373530302d303038333934302e323136372b3030302e3132372f""}"
2026-07-06T13:11:02Z,862272088833183,Codec8E,2026-07-06 13:11:01.000 UTC,1783343461000,0,41.5531166,-8.3941566,127,195,12,15,0,"{""239"":1,""240"":1,""80"":1,""21"":4,""200"":0,""69"":1,""237"":2,""113"":100,""263"":1,""303"":1,""383"":3,""30"":0,""31"":13,""32"":57,""33"":254,""35"":35,""37"":14,""38"":6,""39"":45,""181"":12,""182"":9,""66"":14248,""24"":15,""206"":26,""67"":4033,""68"":0,""13"":68,""17"":262,""18"":8,""19"":163,""15"":1000,""13201"":415,""36"":1328,""40"":130,""43"":0,""241"":26801,""199"":43,""16"":72837,""12"":387,""449"":0,""636"":110589995,""11"":893510181,""238"":0,""14"":2540732448,""387"":""2b3431353533312e313636372d303038333934312e353636372b3030302e3132372f""}"
2026-07-06T13:11:06Z,862272088833183,Codec8E,2026-07-06 13:11:05.000 UTC,1783343465000,0,41.5529433,-8.3942900,126,218,12,19,0,"{""239"":1,""240"":1,""80"":1,""21"":4,""200"":0,""69"":1,""237"":2,""113"":100,""263"":1,""303"":1,""383"":3,""30"":0,""31"":5,""32"":57,""33"":2,""35"":19,""37"":21,""38"":229,""39"":45,""181"":12,""182"":9,""66"":14261,""24"":19,""206"":26,""67"":4033,""68"":0,""13"":68,""17"":367,""18"":74,""19"":-46,""15"":1000,""13201"":416,""36"":1956,""40"":102,""43"":0,""241"":26801,""199"":65,""16"":72859,""12"":387,""449"":0,""636"":110589995,""11"":893510181,""238"":0,""14"":2540732448,""387"":""2b3431353532392e343333332d303038333934322e393030302b3030302e3132362f""}"
2026-07-06T13:11:07Z,862272088833183,Codec8E,2026-07-06 13:11:06.000 UTC,1783343466000,0,41.5528816,-8.3943966,127,234,12,20,0,"{""239"":1,""240"":1,""80"":1,""21"":4,""200"":0,""69"":1,""237"":2,""113"":100,""263"":1,""303"":1,""383"":3,""30"":0,""31"":5,""32"":57,""33"":2,""35"":19,""37"":21,""38"":229,""39"":45,""181"":17,""182"":10,""66"":14221,""24"":20,""206"":26,""67"":4033,""68"":0,""13"":68,""17"":557,""18"":-117,""19"":247,""15"":1000,""13201"":416,""36"":1956,""40"":102,""43"":0,""241"":26801,""199"":76,""16"":72870,""12"":387,""449"":0,""636"":110589995,""11"":893510181,""238"":0,""14"":2540732448,""387"":""2b3431353532382e383136372d303038333934332e393636372b3030302e3132372f""}"
2026-07-06T13:11:08Z,862272088833183,Codec8E,2026-07-06 13:11:07.000 UTC,1783343467000,0,41.5528633,-8.3945333,127,252,12,20,0,"{""239"":1,""240"":1,""80"":1,""21"":4,""200"":0,""69"":1,""237"":2,""113"":100,""263"":1,""303"":1,""383"":3,""30"":0,""31"":5,""32"":57,""33"":2,""35"":19,""37"":21,""38"":229,""39"":45,""181"":12,""182"":9,""66"":14228,""24"":20,""206"":26,""67"":4033,""68"":0,""13"":68,""17"":80,""18"":-95,""19"":66,""15"":1000,""13201"":416,""36"":1956,""40"":102,""43"":0,""241"":26801,""199"":88,""16"":72882,""12"":387,""449"":0,""636"":110589995,""11"":893510181,""238"":0,""14"":2540732448,""387"":""2b3431353532382e363333332d303038333934352e333333332b3030302e3132372f""}"
2026-07-06T13:11:11Z,862272088833183,Codec8E,2026-07-06 13:11:08.000 UTC,1783343468000,0,41.5528550,-8.3945800,128,264,12,21,0,"{""239"":1,""240"":1,""80"":1,""21"":4,""200"":0,""69"":1,""237"":2,""113"":100,""263"":1,""303"":1,""383"":3,""30"":0,""31"":3,""32"":57,""33"":1,""35"":17,""37"":24,""38"":228,""39"":46,""181"":17,""182"":10,""66"":14257,""24"":21,""206"":26,""67"":4033,""68"":0,""13"":68,""17"":149,""18"":82,""19"":68,""15"":1000,""13201"":417,""36"":2189,""40"":100,""43"":0,""241"":26801,""199"":92,""16"":72886,""12"":387,""449"":0,""636"":110589995,""11"":893510181,""238"":0,""14"":2540732448,""387"":""2b3431353532382e353530302d303038333934352e383030302b3030302e3132382f""}"
2026-07-06T13:11:11Z,862272088833183,Codec8E,2026-07-06 13:11:09.000 UTC,1783343469000,0,41.5528650,-8.3946366,128,275,11,22,0,"{""239"":1,""240"":1,""80"":1,""21"":4,""200"":0,""69"":1,""237"":2,""113"":100,""263"":1,""303"":1,""383"":3,""30"":0,""31"":3,""32"":57,""33"":1,""35"":17,""37"":24,""38"":228,""39"":46,""181"":13,""182"":10,""66"":14256,""24"":22,""206"":26,""67"":4033,""68"":0,""13"":68,""17"":9,""18"":132,""19"":11,""15"":1000,""13201"":417,""36"":2189,""40"":100,""43"":0,""241"":26801,""199"":97,""16"":72891,""12"":387,""449"":0,""636"":110589995,""11"":893510181,""238"":0,""14"":2540732448,""387"":""2b3431353532382e363530302d303038333934362e333636372b3030302e3132382f""}"
2026-07-06T13:11:14Z,862272088833183,Codec8E,2026-07-06 13:11:11.000 UTC,1783343471000,0,41.5528883,-8.3947550,129,265,12,20,0,"{""239"":1,""240"":1,""80"":1,""21"":4,""200"":0,""69"":1,""237"":2,""113"":100,""263"":1,""303"":1,""383"":3,""30"":0,""31"":3,""32"":57,""33"":1,""35"":17,""37"":24,""38"":228,""39"":46,""181"":11,""182"":8,""66"":14273,""24"":20,""206"":26,""67"":4033,""68"":0,""13"":68,""17"":378,""18"":180,""19"":161,""15"":1000,""13201"":416,""36"":2189,""40"":100,""43"":0,""241"":26801,""199"":107,""16"":72901,""12"":387,""449"":0,""636"":110589995,""11"":893510181,""238"":0,""14"":2540732448,""387"":""2b3431353532382e383833332d303038333934372e353530302b3030302e3132392f""}"
2026-07-06T13:11:17Z,862272088833183,Codec8E,2026-07-06 13:11:15.000 UTC,1783343475000,0,41.5528350,-8.3949550,132,278,12,16,0,"{""239"":1,""240"":1,""80"":1,""21"":4,""200"":0,""69"":1,""237"":2,""113"":100,""263"":1,""303"":1,""383"":3,""30"":0,""31"":3,""32"":57,""33"":1,""35"":18,""37"":16,""38"":237,""39"":46,""181"":11,""182"":8,""66"":14248,""24"":16,""206"":26,""67"":4033,""68"":0,""13"":68,""17"":42,""18"":99,""19"":-6,""15"":1000,""13201"":418,""36"":1592,""40"":113,""43"":0,""241"":26801,""199"":125,""16"":72919,""12"":387,""449"":0,""636"":110589995,""11"":893510181,""238"":0,""14"":2540732448,""387"":""2b3431353532382e333530302d303038333934392e353530302b3030302e3133322f""}"
2026-07-06T13:11:19Z,862272088833183,Codec8E,2026-07-06 13:11:18.000 UTC,1783343478000,0,41.5528266,-8.3950466,133,297,13,13,0,"{""239"":1,""240"":1,""80"":1,""21"":4,""200"":0,""69"":1,""237"":2,""113"":100,""263"":1,""303"":1,""383"":3,""30"":0,""31"":10,""32"":57,""33"":6,""35"":37,""37"":13,""38"":249,""39"":45,""181"":11,""182"":8,""66"":14218,""24"":13,""206"":26,""67"":4033,""68"":0,""13"":68,""17"":-90,""18"":134,""19"":224,""15"":1000,""13201"":418,""36"":1235,""40"":75,""43"":0,""241"":26801,""199"":132,""16"":72926,""12"":387,""449"":0,""636"":110589995,""11"":893510181,""238"":0,""14"":2540732448,""387"":""2b3431353532382e323636372d303038333935302e343636372b3030302e3133332f""}"
2026-07-06T13:11:20Z,862272088833183,Codec8E,2026-07-06 13:11:19.000 UTC,1783343479000,0,41.5528533,-8.3950733,133,312,13,12,0,"{""239"":1,""240"":1,""80"":1,""21"":4,""200"":0,""69"":1,""237"":2,""113"":100,""263"":1,""303"":1,""383"":3,""30"":0,""31"":10,""32"":57,""33"":6,""35"":37,""37"":13,""38"":249,""39"":45,""181"":11,""182"":8,""66"":14242,""24"":12,""206"":26,""67"":4033,""68"":0,""13"":68,""17"":-78,""18"":277,""19"":86,""15"":1000,""13201"":418,""36"":1235,""40"":75,""43"":0,""241"":26801,""199"":136,""16"":72930,""12"":387,""449"":0,""636"":110589995,""11"":893510181,""238"":0,""14"":2540732448,""387"":""2b3431353532382e353333332d303038333935302e373333332b3030302e3133332f""}"
2026-07-06T13:11:23Z,862272088833183,Codec8E,2026-07-06 13:11:20.000 UTC,1783343480000,0,41.5528583,-8.3951033,133,324,13,11,0,"{""239"":1,""240"":1,""80"":1,""21"":4,""200"":0,""69"":1,""237"":2,""113"":100,""263"":1,""303"":1,""383"":3,""30"":0,""31"":10,""32"":57,""33"":6,""35"":37,""37"":13,""38"":249,""39"":45,""181"":11,""182"":8,""66"":14255,""24"":11,""206"":26,""67"":4033,""68"":0,""13"":68,""17"":-80,""18"":373,""19"":94,""15"":1000,""13201"":418,""36"":1235,""40"":75,""43"":0,""241"":26801,""199"":139,""16"":72933,""12"":387,""449"":0,""636"":110589995,""11"":893510181,""238"":0,""14"":2540732448,""387"":""2b3431353532382e353833332d303038333935312e303333332b3030302e3133332f""}"
2026-07-06T13:11:23Z,862272088833183,Codec8E,2026-07-06 13:11:21.000 UTC,1783343481000,0,41.5528999,-8.3951066,133,343,13,11,0,"{""239"":1,""240"":1,""80"":1,""21"":4,""200"":0,""69"":1,""237"":2,""113"":100,""263"":1,""303"":1,""383"":3,""30"":0,""31"":10,""32"":57,""33"":6,""35"":37,""37"":13,""38"":249,""39"":45,""181"":11,""182"":8,""66"":14251,""24"":11,""206"":26,""67"":4033,""68"":0,""13"":68,""17"":-57,""18"":38,""19"":141,""15"":1000,""13201"":418,""36"":1235,""40"":75,""43"":0,""241"":26801,""199"":144,""16"":72938,""12"":387,""449"":0,""636"":110589995,""11"":893510181,""238"":0,""14"":2540732448,""387"":""2b3431353532392e303030302d303038333935312e303636372b3030302e3133332f""}"
2026-07-06T13:11:23Z,862272088833183,Codec8E,2026-07-06 13:11:22.000 UTC,1783343482000,0,41.5529700,-8.3950883,133,353,13,12,0,"{""239"":1,""240"":1,""80"":1,""21"":4,""200"":0,""69"":1,""237"":2,""113"":100,""263"":1,""303"":1,""383"":3,""30"":0,""31"":33,""32"":57,""33"":251,""35"":81,""37"":15,""38"":240,""39"":44,""181"":11,""182"":8,""66"":14256,""24"":12,""206"":26,""67"":4033,""68"":0,""13"":68,""17"":-42,""18"":-49,""19"":-17,""15"":1000,""13201"":418,""36"":1818,""40"":1644,""43"":0,""241"":26801,""199"":151,""16"":72945,""12"":387,""449"":0,""636"":110589995,""11"":893510181,""238"":0,""14"":2540732448,""387"":""2b3431353532392e373030302d303038333935302e383833332b3030302e3133332f""}"
2026-07-06T13:11:24Z,862272088833183,Codec8E,2026-07-06 13:11:23.000 UTC,1783343483000,0,41.5530499,-8.3950866,134,6,13,15,0,"{""239"":1,""240"":1,""80"":1,""21"":4,""200"":0,""69"":1,""237"":2,""113"":100,""263"":1,""303"":1,""383"":3,""30"":0,""31"":33,""32"":57,""33"":251,""35"":81,""37"":15,""38"":240,""39"":44,""181"":11,""182"":8,""66"":14252,""24"":15,""206"":26,""67"":4033,""68"":0,""13"":68,""17"":-67,""18"":-16,""19"":130,""15"":1000,""13201"":418,""36"":1818,""40"":1644,""43"":0,""241"":26801,""199"":160,""16"":72954,""12"":387,""449"":0,""636"":110589995,""11"":893510181,""238"":0,""14"":2540732448,""387"":""2b3431353533302e353030302d303038333935302e383636372b3030302e3133342f""}"
2026-07-06T13:11:28Z,862272088833183,Codec8E,2026-07-06 13:11:26.000 UTC,1783343486000,0,41.5533533,-8.3951050,135,3,13,26,0,"{""239"":1,""240"":1,""80"":1,""21"":4,""200"":0,""69"":1,""237"":2,""113"":100,""263"":1,""303"":1,""383"":3,""30"":0,""31"":6,""32"":57,""33"":1,""35"":104,""37"":36,""38"":237,""39"":42,""181"":11,""182"":8,""66"":14269,""24"":26,""206"":26,""67"":4033,""68"":0,""13"":68,""17"":-52,""18"":97,""19"":98,""15"":1000,""13201"":418,""36"":3208,""40"":377,""43"":0,""241"":26801,""199"":194,""16"":72988,""12"":387,""449"":0,""636"":110136873,""11"":893510181,""238"":0,""14"":2540732448,""387"":""2b3431353533332e353333332d303038333935312e303530302b3030302e3133352f""}"
2026-07-06T13:11:30Z,862272088833183,Codec8E,2026-07-06 13:11:29.000 UTC,1783343489000,0,41.5537016,-8.3950516,136,6,13,37,0,"{""239"":1,""240"":1,""80"":1,""21"":5,""200"":0,""69"":1,""237"":2,""113"":100,""263"":1,""303"":1,""383"":3,""30"":0,""31"":6,""32"":57,""33"":1,""35"":104,""37"":36,""38"":237,""39"":42,""181"":11,""182"":8,""66"":14269,""24"":37,""206"":26,""67"":4033,""68"":0,""13"":68,""17"":30,""18"":45,""19"":-1,""15"":1000,""13201"":419,""36"":3208,""40"":377,""43"":0,""241"":26801,""199"":233,""16"":73027,""12"":387,""449"":0,""636"":110136873,""11"":893510181,""238"":0,""14"":2540732448,""387"":""2b3431353533372e303136372d303038333935302e353136372b3030302e3133362f""}"
2026-07-06T13:11:34Z,862272088833183,Codec8E,2026-07-06 13:11:33.000 UTC,1783343493000,0,41.5542233,-8.3949866,135,6,12,47,0,"{""239"":1,""240"":1,""80"":1,""21"":5,""200"":0,""69"":1,""237"":2,""113"":100,""263"":1,""303"":1,""383"":3,""30"":0,""31"":46,""32"":57,""33"":247,""35"":75,""37"":51,""38"":228,""39"":41,""181"":12,""182"":9,""66"":14273,""24"":47,""206"":26,""67"":4033,""68"":0,""13"":68,""17"":32,""18"":108,""19"":-27,""15"":1000,""13201"":419,""36"":3392,""40"":202,""43"":0,""241"":26801,""199"":291,""16"":73085,""12"":387,""449"":0,""636"":110377514,""11"":893510181,""238"":0,""14"":2540732448,""387"":""2b3431353534322e323333332d303038333934392e383636372b3030302e3133352f""}"
2026-07-06T13:11:41Z,862272088833183,Codec8E,2026-07-06 13:11:38.000 UTC,1783343498000,0,41.5550199,-8.3949233,139,5,12,52,255,"{""239"":1,""240"":1,""80"":1,""21"":5,""200"":0,""69"":1,""237"":2,""113"":100,""263"":1,""303"":1,""383"":3,""30"":0,""31"":3,""32"":57,""33"":249,""35"":16,""37"":51,""38"":243,""39"":43,""255"":52,""181"":11,""182"":8,""66"":14261,""24"":52,""206"":26,""67"":4033,""68"":0,""13"":68,""17"":124,""18"":66,""19"":0,""15"":1000,""13201"":421,""36"":2583,""40"":247,""43"":0,""241"":26801,""199"":381,""16"":73175,""12"":387,""449"":0,""636"":110162474,""11"":893510181,""238"":0,""14"":2540732448,""387"":""2b3431353535302e323030302d303038333934392e323333332b3030302e3133392f""}"
2026-07-06T13:11:48Z,862272088833183,Codec8E,2026-07-06 13:11:46.000 UTC,1783343506000,0,41.5559483,-8.3947466,141,4,12,53,0,"{""239"":1,""240"":1,""80"":1,""21"":5,""200"":0,""69"":1,""237"":2,""113"":100,""263"":1,""303"":1,""383"":3,""30"":0,""31"":4,""32"":57,""33"":0,""35"":16,""37"":52,""38"":224,""39"":44,""181"":11,""182"":8,""66"":14277,""24"":53,""206"":26,""67"":4033,""68"":0,""13"":68,""17"":58,""18"":-321,""19"":-12,""15"":1000,""13201"":421,""36"":2685,""40"":130,""43"":0,""241"":26801,""199"":485,""16"":73279,""12"":387,""449"":0,""636"":110162474,""11"":893510181,""238"":0,""14"":2540732448,""387"":""2b3431353535392e343833332d303038333934372e343636372b3030302e3134312f""}"
2026-07-06T13:11:48Z,862272088833183,Codec8E,2026-07-06 13:11:46.010 UTC,1783343506010,0,41.5560950,-8.3948433,147,337,10,52,253,"{""239"":1,""240"":1,""80"":1,""21"":5,""200"":0,""69"":1,""237"":2,""113"":100,""263"":1,""303"":1,""383"":3,""30"":0,""31"":4,""32"":57,""33"":0,""35"":16,""37"":52,""38"":224,""39"":44,""253"":3,""254"":45,""181"":13,""182"":10,""66"":14277,""24"":52,""206"":26,""67"":4033,""68"":0,""13"":68,""17"":-1,""18"":-309,""19"":-27,""15"":1000,""13201"":421,""36"":2685,""40"":130,""43"":0,""241"":26801,""199"":503,""16"":73297,""12"":387,""449"":0,""636"":110162474,""11"":893510181,""238"":0,""14"":2540732448,""387"":""2b3431353536302e393530302d303038333934382e343333332b3030302e3134372f""}"
2026-07-06T13:11:53Z,862272088833183,Codec8E,2026-07-06 13:11:48.000 UTC,1783343508000,0,41.5561733,-8.3949366,148,321,10,51,0,"{""239"":1,""240"":1,""80"":1,""21"":5,""200"":0,""69"":1,""237"":2,""113"":100,""263"":1,""303"":1,""383"":3,""30"":0,""31"":4,""32"":57,""33"":0,""35"":16,""37"":52,""38"":224,""39"":44,""181"":13,""182"":10,""66"":14282,""24"":51,""206"":26,""67"":4033,""68"":0,""13"":68,""17"":-12,""18"":-263,""19"":-41,""15"":1000,""13201"":421,""36"":2685,""40"":130,""43"":0,""241"":26801,""199"":515,""16"":73309,""12"":387,""449"":0,""636"":110162474,""11"":893510181,""238"":0,""14"":2540732448,""387"":""2b3431353536312e373333332d303038333934392e333636372b3030302e3134382f""}"
2026-07-06T13:11:53Z,862272088833183,Codec8E,2026-07-06 13:11:49.000 UTC,1783343509000,0,41.5562716,-8.3952050,150,293,8,48,255,"{""239"":1,""240"":1,""80"":1,""21"":5,""200"":0,""69"":1,""237"":2,""113"":100,""263"":1,""303"":1,""383"":3,""30"":0,""31"":4,""32"":57,""33"":0,""35"":28,""37"":45,""38"":237,""39"":44,""255"":48,""181"":15,""182"":12,""66"":14275,""24"":48,""206"":26,""67"":4033,""68"":0,""13"":68,""17"":26,""18"":-215,""19"":-13,""15"":1000,""13201"":421,""36"":2347,""40"":272,""43"":0,""241"":26801,""199"":541,""16"":73335,""12"":387,""449"":0,""636"":110162474,""11"":893510181,""238"":0,""14"":2540732448,""387"":""2b3431353536322e373136372d303038333935322e303530302b3030302e3135302f""}"
2026-07-06T13:11:53Z,862272088833183,Codec8E,2026-07-06 13:11:49.010 UTC,1783343509010,0,41.5562716,-8.3952050,150,293,8,48,253,"{""239"":1,""240"":1,""80"":1,""21"":5,""200"":0,""69"":1,""237"":2,""113"":100,""263"":1,""303"":1,""383"":3,""30"":0,""31"":4,""32"":57,""33"":0,""35"":28,""37"":45,""38"":237,""39"":44,""253"":3,""254"":35,""181"":15,""182"":12,""66"":14275,""24"":48,""206"":26,""67"":4033,""68"":0,""13"":68,""17"":26,""18"":-215,""19"":-13,""15"":1000,""13201"":421,""36"":2347,""40"":272,""43"":0,""241"":26801,""199"":541,""16"":73335,""12"":387,""449"":0,""636"":110162474,""11"":893510181,""238"":0,""14"":2540732448,""387"":""2b3431353536322e373136372d303038333935322e303530302b3030302e3135302f""}"
2026-07-06T13:11:53Z,862272088833183,Codec8E,2026-07-06 13:11:51.000 UTC,1783343511000,0,41.5562650,-8.3953916,151,280,10,47,0,"{""239"":1,""240"":1,""80"":1,""21"":5,""200"":0,""69"":1,""237"":2,""113"":100,""263"":1,""303"":1,""383"":3,""30"":0,""31"":4,""32"":57,""33"":0,""35"":28,""37"":45,""38"":237,""39"":44,""181"":15,""182"":12,""66"":14277,""24"":47,""206"":26,""67"":4033,""68"":0,""13"":68,""17"":69,""18"":-192,""19"":-3,""15"":1000,""13201"":421,""36"":2347,""40"":272,""43"":0,""241"":26801,""199"":556,""16"":73350,""12"":387,""449"":0,""636"":110162474,""11"":893510181,""238"":0,""14"":2540732448,""387"":""2b3431353536322e363530302d303038333935332e393136372b3030302e3135312f""}"
2026-07-06T13:11:55Z,862272088833183,Codec8E,2026-07-06 13:11:53.000 UTC,1783343513000,0,41.5563083,-8.3956950,153,260,11,45,0,"{""239"":1,""240"":1,""80"":1,""21"":5,""200"":0,""69"":1,""237"":2,""113"":100,""263"":1,""303"":1,""383"":3,""30"":0,""31"":4,""32"":57,""33"":0,""35"":28,""37"":45,""38"":237,""39"":44,""181"":14,""182"":11,""66"":14241,""24"":45,""206"":26,""67"":4033,""68"":0,""13"":68,""17"":382,""18"":101,""19"":-39,""15"":1000,""13201"":421,""36"":2347,""40"":272,""43"":0,""241"":26801,""199"":583,""16"":73377,""12"":387,""449"":0,""636"":110162474,""11"":893510181,""238"":0,""14"":2540732448,""387"":""2b3431353536332e303833332d303038333935362e393530302b3030302e3135332f""}"
2026-07-06T13:11:57Z,862272088833183,Codec8E,2026-07-06 13:11:55.000 UTC,1783343515000,0,41.5562533,-8.3958916,154,250,11,38,0,"{""239"":1,""240"":1,""80"":1,""21"":5,""200"":0,""69"":1,""237"":2,""113"":100,""263"":1,""303"":1,""383"":3,""30"":0,""31"":13,""32"":57,""33"":248,""35"":24,""37"":38,""38"":231,""39"":44,""181"":14,""182"":11,""66"":14197,""24"":38,""206"":26,""67"":4033,""68"":0,""13"":68,""17"":-20,""18"":67,""19"":-7,""15"":1000,""13201"":421,""36"":2022,""40"":80,""43"":0,""241"":26801,""199"":601,""16"":73395,""12"":387,""449"":0,""636"":110162474,""11"":893510181,""238"":0,""14"":2540732448,""387"":""2b3431353536322e353333332d303038333935382e393136372b3030302e3135342f""}"
2026-07-06T13:11:59Z,862272088833183,Codec8E,2026-07-06 13:11:58.000 UTC,1783343518000,0,41.5562316,-8.3960433,159,264,12,26,0,"{""239"":1,""240"":1,""80"":1,""21"":5,""200"":0,""69"":1,""237"":2,""113"":100,""263"":1,""303"":1,""383"":3,""30"":0,""31"":12,""32"":57,""33"":0,""35"":40,""37"":14,""38"":244,""39"":44,""181"":12,""182"":9,""66"":14268,""24"":26,""206"":26,""67"":4033,""68"":0,""13"":68,""17"":-63,""18"":16,""19"":162,""15"":1000,""13201"":423,""36"":1331,""40"":1244,""43"":0,""241"":26801,""199"":614,""16"":73408,""12"":387,""449"":0,""636"":110377514,""11"":893510181,""238"":0,""14"":2540732448,""387"":""2b3431353536322e333136372d303038333936302e343333332b3030302e3135392f""}"
2026-07-06T13:12:04Z,862272088833183,Codec8E,2026-07-06 13:12:01.000 UTC,1783343521000,0,41.5562466,-8.3963016,164,275,13,26,0,"{""239"":1,""240"":1,""80"":1,""21"":5,""200"":0,""69"":1,""237"":2,""113"":100,""263"":1,""303"":1,""383"":3,""30"":0,""31"":12,""32"":57,""33"":0,""35"":40,""37"":14,""38"":244,""39"":44,""181"":11,""182"":8,""66"":14277,""24"":26,""206"":26,""67"":4033,""68"":0,""13"":68,""17"":-60,""18"":-25,""19"":167,""15"":1000,""13201"":423,""36"":1331,""40"":1244,""43"":0,""241"":26801,""199"":636,""16"":73430,""12"":387,""449"":0,""636"":110377514,""11"":893510181,""238"":0,""14"":2540732448,""387"":""2b3431353536322e343636372d303038333936332e303136372b3030302e3136342f""}"
2026-07-06T13:12:07Z,862272088833183,Codec8E,2026-07-06 13:12:04.000 UTC,1783343524000,0,41.5563183,-8.3967433,174,278,12,36,0,"{""239"":1,""240"":1,""80"":1,""21"":5,""200"":0,""69"":1,""237"":2,""113"":100,""263"":1,""303"":1,""383"":3,""30"":0,""31"":59,""32"":57,""33"":253,""35"":22,""37"":38,""38"":241,""39"":43,""181"":11,""182"":8,""66"":14258,""24"":36,""206"":26,""67"":4033,""68"":0,""13"":68,""17"":183,""18"":66,""19"":-248,""15"":1000,""13201"":423,""36"":2846,""40"":2111,""43"":0,""241"":26801,""199"":674,""16"":73468,""12"":387,""449"":0,""636"":110136873,""11"":893510181,""238"":0,""14"":2540732448,""387"":""2b3431353536332e313833332d303038333936372e343333332b3030302e3137342f""}"
2026-07-06T13:12:07Z,862272088833183,Codec8E,2026-07-06 13:12:06.000 UTC,1783343526000,0,41.5563483,-8.3970366,178,289,12,36,0,"{""239"":1,""240"":1,""80"":1,""21"":5,""200"":0,""69"":1,""237"":2,""113"":100,""263"":1,""303"":1,""383"":3,""30"":0,""31"":59,""32"":57,""33"":253,""35"":22,""37"":38,""38"":241,""39"":43,""181"":11,""182"":8,""66"":14242,""24"":36,""206"":26,""67"":4033,""68"":0,""13"":68,""17"":140,""18"":17,""19"":-255,""15"":1000,""13201"":423,""36"":2846,""40"":2111,""43"":0,""241"":26801,""199"":698,""16"":73492,""12"":387,""449"":0,""636"":110136873,""11"":893510181,""238"":0,""14"":2540732448,""387"":""2b3431353536332e343833332d303038333937302e333636372b3030302e3137382f""}"
2026-07-06T13:12:10Z,862272088833183,Codec8E,2026-07-06 13:12:09.000 UTC,1783343529000,0,41.5563983,-8.3971633,183,301,13,24,0,"{""239"":1,""240"":1,""80"":1,""21"":5,""200"":0,""69"":1,""237"":2,""113"":100,""263"":1,""303"":1,""383"":3,""30"":0,""31"":5,""32"":57,""33"":0,""35"":17,""37"":26,""38"":238,""39"":43,""181"":11,""182"":8,""66"":14267,""24"":24,""206"":26,""67"":4033,""68"":0,""13"":68,""17"":-117,""18"":66,""19"":203,""15"":1000,""13201"":423,""36"":1903,""40"":119,""43"":0,""241"":26801,""199"":710,""16"":73504,""12"":387,""449"":0,""636"":110118954,""11"":893510181,""238"":0,""14"":2540732448,""387"":""2b3431353536332e393833332d303038333937312e363333332b3030302e3138332f""}"
2026-07-06T13:12:14Z,862272088833183,Codec8E,2026-07-06 13:12:11.000 UTC,1783343531000,0,41.5564116,-8.3971866,185,319,13,16,0,"{""239"":1,""240"":1,""80"":1,""21"":5,""200"":0,""69"":1,""237"":2,""113"":100,""263"":1,""303"":1,""383"":3,""30"":0,""31"":5,""32"":57,""33"":0,""35"":17,""37"":26,""38"":238,""39"":43,""181"":11,""182"":8,""66"":14274,""24"":16,""206"":26,""67"":4033,""68"":0,""13"":68,""17"":-41,""18"":291,""19"":209,""15"":1000,""13201"":423,""36"":1903,""40"":119,""43"":0,""241"":26801,""199"":710,""16"":73504,""12"":387,""449"":0,""636"":110118954,""11"":893510181,""238"":0,""14"":2540732448,""387"":""2b3431353536342e313136372d303038333937312e383636372b3030302e3138352f""}"
2026-07-06T13:12:14Z,862272088833183,Codec8E,2026-07-06 13:12:12.000 UTC,1783343532000,0,41.5564416,-8.3972050,186,337,13,16,0,"{""239"":1,""240"":1,""80"":1,""21"":5,""200"":0,""69"":1,""237"":2,""113"":100,""263"":1,""303"":1,""383"":3,""30"":0,""31"":10,""32"":57,""33"":253,""35"":82,""37"":12,""38"":242,""39"":44,""181"":11,""182"":8,""66"":14286,""24"":16,""206"":26,""67"":4033,""68"":0,""13"":68,""17"":67,""18"":-36,""19"":-1,""15"":1000,""13201"":423,""36"":1569,""40"":1516,""43"":0,""241"":26801,""199"":716,""16"":73510,""12"":387,""449"":0,""636"":110589995,""11"":893510181,""238"":0,""14"":2540732448,""387"":""2b3431353536342e343136372d303038333937322e303530302b3030302e3138362f""}"
2026-07-06T13:12:14Z,862272088833183,Codec8E,2026-07-06 13:12:13.000 UTC,1783343533000,0,41.5564883,-8.3972266,186,347,13,16,0,"{""239"":1,""240"":1,""80"":1,""21"":5,""200"":0,""69"":1,""237"":2,""113"":100,""263"":1,""303"":1,""383"":3,""30"":0,""31"":10,""32"":57,""33"":253,""35"":82,""37"":12,""38"":242,""39"":44,""181"":11,""182"":8,""66"":14274,""24"":16,""206"":26,""67"":4033,""68"":0,""13"":68,""17"":-54,""18"":-144,""19"":140,""15"":1000,""13201"":424,""36"":1569,""40"":1516,""43"":0,""241"":26801,""199"":722,""16"":73516,""12"":387,""449"":0,""636"":110162474,""11"":893510181,""238"":0,""14"":2540732448,""387"":""2b3431353536342e383833332d303038333937322e323636372b3030302e3138362f""}"
2026-07-06T13:12:16Z,862272088833183,Codec8E,2026-07-06 13:12:15.000 UTC,1783343535000,0,41.5566050,-8.3972816,188,332,13,20,0,"{""239"":1,""240"":1,""80"":1,""21"":5,""200"":0,""69"":1,""237"":2,""113"":100,""263"":1,""303"":1,""383"":3,""30"":0,""31"":10,""32"":57,""33"":253,""35"":82,""37"":12,""38"":242,""39"":44,""181"":13,""182"":8,""66"":14279,""24"":20,""206"":26,""67"":4033,""68"":0,""13"":68,""17"":-58,""18"":-277,""19"":3,""15"":1000,""13201"":424,""36"":1569,""40"":1516,""43"":0,""241"":26801,""199"":735,""16"":73529,""12"":387,""449"":0,""636"":110162474,""11"":893510181,""238"":0,""14"":2540732448,""387"":""2b3431353536362e303530302d303038333937322e383136372b3030302e3138382f""}"
2026-07-06T13:12:21Z,862272088833183,Codec8E,2026-07-06 13:12:16.000 UTC,1783343536000,0,41.5566633,-8.3973450,190,316,13,22,0,"{""239"":1,""240"":1,""80"":1,""21"":5,""200"":0,""69"":1,""237"":2,""113"":100,""263"":1,""303"":1,""383"":3,""30"":0,""31"":10,""32"":57,""33"":253,""35"":82,""37"":12,""38"":242,""39"":44,""181"":11,""182"":8,""66"":14268,""24"":22,""206"":26,""67"":4034,""68"":0,""13"":68,""17"":61,""18"":-337,""19"":-7,""15"":1000,""13201"":425,""36"":1569,""40"":1516,""43"":0,""241"":26801,""199"":744,""16"":73538,""12"":387,""449"":0,""636"":110162474,""11"":893510181,""238"":0,""14"":2540732448,""387"":""2b3431353536362e363333332d303038333937332e343530302b3030302e3139302f""}"
2026-07-06T13:12:21Z,862272088833183,Codec8E,2026-07-06 13:12:18.000 UTC,1783343538000,0,41.5567283,-8.3975383,190,278,13,26,0,"{""239"":1,""240"":1,""80"":1,""21"":5,""200"":0,""69"":1,""237"":2,""113"":100,""263"":1,""303"":1,""383"":3,""30"":0,""31"":5,""32"":57,""33"":0,""35"":104,""37"":31,""38"":236,""39"":43,""181"":13,""182"":8,""66"":14275,""24"":26,""206"":26,""67"":4033,""68"":0,""13"":68,""17"":-37,""18"":-369,""19"":34,""15"":1000,""13201"":425,""36"":2854,""40"":183,""43"":0,""241"":26801,""199"":762,""16"":73556,""12"":387,""449"":0,""636"":110162474,""11"":893510181,""238"":0,""14"":2540732448,""387"":""2b3431353536372e323833332d303038333937352e333833332b3030302e3139302f""}"
2026-07-06T13:12:21Z,862272088833183,Codec8E,2026-07-06 13:12:19.000 UTC,1783343539000,0,41.5567166,-8.3976716,191,256,13,28,0,"{""239"":1,""240"":1,""80"":1,""21"":5,""200"":0,""69"":1,""237"":2,""113"":100,""263"":1,""303"":1,""383"":3,""30"":0,""31"":5,""32"":57,""33"":0,""35"":104,""37"":31,""38"":236,""39"":43,""181"":13,""182"":8,""66"":14283,""24"":28,""206"":26,""67"":4033,""68"":0,""13"":68,""17"":-17,""18"":-371,""19"":89,""15"":1000,""13201"":424,""36"":2854,""40"":183,""43"":0,""241"":26801,""199"":773,""16"":73567,""12"":387,""449"":0,""636"":110589995,""11"":893510181,""238"":0,""14"":2540732448,""387"":""2b3431353536372e313636372d303038333937362e373136372b3030302e3139312f""}"
2026-07-06T13:12:24Z,862272088833183,Codec8E,2026-07-06 13:12:21.000 UTC,1783343541000,0,41.5566033,-8.3979266,190,230,13,32,0,"{""239"":1,""240"":1,""80"":1,""21"":5,""200"":0,""69"":1,""237"":2,""113"":100,""263"":1,""303"":1,""383"":3,""30"":0,""31"":39,""32"":58,""33"":247,""35"":76,""37"":38,""38"":238,""39"":43,""181"":11,""182"":8,""66"":14277,""24"":32,""206"":26,""67"":4033,""68"":0,""13"":68,""17"":63,""18"":286,""19"":91,""15"":1000,""13201"":424,""36"":2547,""40"":1538,""43"":0,""241"":26801,""199"":798,""16"":73592,""12"":387,""449"":0,""636"":110589995,""11"":893510181,""238"":0,""14"":2540732448,""387"":""2b3431353536362e303333332d303038333937392e323636372b3030302e3139302f""}"
2026-07-06T13:12:24Z,862272088833183,Codec8E,2026-07-06 13:12:21.010 UTC,1783343541010,0,41.5566033,-8.3979266,190,230,13,32,253,"{""239"":1,""240"":1,""80"":1,""21"":5,""200"":0,""69"":1,""237"":2,""113"":100,""263"":1,""303"":1,""383"":3,""30"":0,""31"":39,""32"":58,""33"":247,""35"":76,""37"":38,""38"":238,""39"":43,""253"":3,""254"":34,""181"":11,""182"":8,""66"":14277,""24"":32,""206"":26,""67"":4033,""68"":0,""13"":68,""17"":63,""18"":286,""19"":91,""15"":1000,""13201"":424,""36"":2547,""40"":1538,""43"":0,""241"":26801,""199"":798,""16"":73592,""12"":387,""449"":0,""636"":110589995,""11"":893510181,""238"":0,""14"":2540732448,""387"":""2b3431353536362e303333332d303038333937392e323636372b3030302e3139302f""}"
2026-07-06T13:12:24Z,862272088833183,Codec8E,2026-07-06 13:12:22.000 UTC,1783343542000,0,41.5564716,-8.3980083,189,216,13,35,0,"{""239"":1,""240"":1,""80"":1,""21"":5,""200"":0,""69"":1,""237"":2,""113"":100,""263"":1,""303"":1,""383"":3,""30"":0,""31"":39,""32"":58,""33"":247,""35"":76,""37"":38,""38"":238,""39"":43,""181"":11,""182"":8,""66"":14275,""24"":35,""206"":26,""67"":4033,""68"":0,""13"":68,""17"":25,""18"":280,""19"":3,""15"":1000,""13201"":425,""36"":2547,""40"":1538,""43"":0,""241"":26801,""199"":814,""16"":73608,""12"":387,""449"":0,""636"":110589995,""11"":893510181,""238"":0,""14"":2540732448,""387"":""2b3431353536342e373136372d303038333938302e303833332b3030302e3138392f""}"
2026-07-06T13:12:25Z,862272088833183,Codec8E,2026-07-06 13:12:24.000 UTC,1783343544000,0,41.5562816,-8.3982333,189,231,13,42,0,"{""239"":1,""240"":1,""80"":1,""21"":5,""200"":0,""69"":1,""237"":2,""113"":100,""263"":1,""303"":1,""383"":3,""30"":0,""31"":39,""32"":58,""33"":247,""35"":76,""37"":38,""38"":238,""39"":43,""181"":11,""182"":8,""66"":14280,""24"":42,""206"":26,""67"":4033,""68"":0,""13"":68,""17"":9,""18"":-28,""19"":214,""15"":1000,""13201"":425,""36"":2547,""40"":1538,""43"":0,""241"":26801,""199"":844,""16"":73638,""12"":387,""449"":0,""636"":110589995,""11"":893510181,""238"":0,""14"":2540732448,""387"":""2b3431353536322e383136372d303038333938322e333333332b3030302e3138392f""}"
2026-07-06T13:12:27Z,862272088833183,Codec8E,2026-07-06 13:12:26.000 UTC,1783343546000,0,41.5561400,-8.3985433,188,242,13,48,0,"{""239"":1,""240"":1,""80"":1,""21"":5,""200"":0,""69"":1,""237"":2,""113"":100,""263"":1,""303"":1,""383"":3,""30"":0,""31"":19,""32"":58,""33"":0,""35"":93,""37"":50,""38"":240,""39"":43,""181"":11,""182"":8,""66"":14280,""24"":48,""206"":26,""67"":4034,""68"":0,""13"":68,""17"":-8,""18"":8,""19"":121,""15"":1000,""13201"":425,""36"":2466,""40"":1961,""43"":0,""241"":26801,""199"":874,""16"":73668,""12"":387,""449"":0,""636"":110589995,""11"":893510181,""238"":0,""14"":2540732448,""387"":""2b3431353536312e343030302d303038333938352e343333332b3030302e3138382f""}"
2026-07-06T13:12:29Z,862272088833183,Codec8E,2026-07-06 13:12:28.000 UTC,1783343548000,0,41.5560000,-8.3989066,189,240,13,54,255,"{""239"":1,""240"":1,""80"":1,""21"":5,""200"":0,""69"":1,""237"":2,""113"":100,""263"":1,""303"":1,""383"":3,""30"":0,""31"":19,""32"":58,""33"":0,""35"":93,""37"":50,""38"":240,""39"":43,""255"":54,""181"":11,""182"":8,""66"":14278,""24"":54,""206"":26,""67"":4033,""68"":0,""13"":68,""17"":75,""18"":100,""19"":91,""15"":1000,""13201"":426,""36"":2466,""40"":1961,""43"":0,""241"":26801,""199"":908,""16"":73702,""12"":387,""449"":0,""636"":110136873,""11"":893510181,""238"":0,""14"":2540732448,""387"":""2b3431353536302e303030302d303038333938392e303636372b3030302e3138392f""}"
2026-07-06T13:12:36Z,862272088833183,Codec8E,2026-07-06 13:12:33.000 UTC,1783343553000,0,41.5555616,-8.3998616,191,237,13,64,0,"{""239"":1,""240"":1,""80"":1,""21"":5,""200"":0,""69"":1,""237"":2,""113"":100,""263"":1,""303"":1,""383"":3,""30"":0,""31"":55,""32"":59,""33"":251,""35"":18,""37"":62,""38"":241,""39"":44,""181"":11,""182"":8,""66"":14293,""24"":64,""206"":26,""67"":4033,""68"":0,""13"":68,""17"":-40,""18"":45,""19"":46,""15"":1000,""13201"":426,""36"":2435,""40"":1455,""43"":0,""241"":26801,""199"":1001,""16"":73795,""12"":387,""449"":0,""636"":110136873,""11"":893510181,""238"":0,""14"":2540732448,""387"":""2b3431353535352e363136372d303038333939382e363136372b3030302e3139312f""}"
2026-07-06T13:12:40Z,862272088833183,Codec8E,2026-07-06 13:12:38.000 UTC,1783343558000,0,41.5550683,-8.4009500,192,238,13,74,0,"{""239"":1,""240"":1,""80"":1,""21"":5,""200"":0,""69"":1,""237"":2,""113"":100,""263"":1,""303"":1,""383"":3,""30"":0,""31"":47,""32"":59,""33"":253,""35"":107,""37"":70,""38"":240,""39"":44,""181"":11,""182"":8,""66"":14277,""24"":74,""206"":26,""67"":4034,""68"":0,""13"":68,""17"":69,""18"":33,""19"":-18,""15"":200,""13201"":426,""36"":2562,""40"":1641,""43"":0,""241"":26801,""199"":1107,""16"":73901,""12"":387,""449"":0,""636"":110377514,""11"":893510181,""238"":0,""14"":2540732448,""387"":""2b3431353535302e363833332d303038343030392e353030302b3030302e3139322f""}"
2026-07-06T13:12:44Z,862272088833183,Codec8E,2026-07-06 13:12:43.000 UTC,1783343563000,0,41.5545500,-8.4021416,191,240,12,80,0,"{""239"":1,""240"":1,""80"":1,""21"":5,""200"":0,""69"":1,""237"":2,""113"":100,""263"":1,""303"":1,""383"":3,""30"":0,""31"":50,""32"":59,""33"":255,""35"":114,""37"":79,""38"":239,""39"":45,""181"":12,""182"":9,""66"":14290,""24"":80,""206"":26,""67"":4034,""68"":0,""13"":68,""17"":13,""18"":15,""19"":59,""15"":200,""13201"":427,""36"":2865,""40"":191,""43"":0,""241"":26801,""199"":1222,""16"":74016,""12"":387,""449"":0,""636"":110377514,""11"":893510181,""238"":0,""14"":2540732448,""387"":""2b3431353534352e353030302d303038343032312e343136372b3030302e3139312f""}"
2026-07-06T13:12:49Z,862272088833183,Codec8E,2026-07-06 13:12:48.000 UTC,1783343568000,0,41.5540383,-8.4033616,189,240,13,84,0,"{""239"":1,""240"":1,""80"":1,""21"":5,""200"":0,""69"":1,""237"":2,""113"":100,""263"":1,""303"":1,""383"":3,""30"":0,""31"":47,""32"":60,""33"":251,""35"":115,""37"":82,""38"":241,""39"":45,""181"":11,""182"":8,""66"":14288,""24"":84,""206"":26,""67"":4034,""68"":0,""13"":68,""17"":-13,""18"":-6,""19"":-16,""15"":200,""13201"":427,""36"":2133,""40"":1444,""43"":0,""241"":26801,""199"":1338,""16"":74132,""12"":387,""449"":0,""636"":110377514,""11"":893510181,""238"":0,""14"":2540732448,""387"":""2b3431353534302e333833332d303038343033332e363136372b3030302e3138392f""}"
2026-07-06T13:12:54Z,862272088833183,Codec8E,2026-07-06 13:12:53.000 UTC,1783343573000,0,41.5535250,-8.4046200,191,239,13,85,0,"{""239"":1,""240"":1,""80"":1,""21"":5,""200"":0,""69"":1,""237"":2,""113"":100,""263"":1,""303"":1,""383"":3,""30"":0,""31"":36,""32"":61,""33"":244,""35"":82,""37"":84,""38"":240,""39"":46,""181"":11,""182"":8,""66"":14295,""24"":85,""206"":26,""67"":4033,""68"":0,""13"":68,""17"":2,""18"":-101,""19"":96,""15"":200,""13201"":428,""36"":2194,""40"":1113,""43"":0,""241"":26801,""199"":1457,""16"":74251,""12"":387,""449"":0,""636"":110377514,""11"":893510181,""238"":0,""14"":2540732448,""387"":""2b3431353533352e323530302d303038343034362e323030302b3030302e3139312f""}"
2026-07-06T13:13:01Z,862272088833183,Codec8E,2026-07-06 13:12:58.000 UTC,1783343578000,0,41.5530166,-8.4058700,190,242,13,84,0,"{""239"":1,""240"":1,""80"":1,""21"":5,""200"":0,""69"":1,""237"":2,""113"":100,""263"":1,""303"":1,""383"":3,""30"":0,""31"":39,""32"":61,""33"":253,""35"":103,""37"":85,""38"":241,""39"":47,""181"":11,""182"":8,""66"":14284,""24"":84,""206"":26,""67"":4033,""68"":0,""13"":68,""17"":-47,""18"":9,""19"":-1,""15"":200,""13201"":428,""36"":2225,""40"":1425,""43"":0,""241"":26801,""199"":1576,""16"":74370,""12"":387,""449"":0,""636"":110377514,""11"":893510181,""238"":0,""14"":2540732448,""387"":""2b3431353533302e313636372d303038343035382e373030302b3030302e3139302f""}"
2026-07-06T13:13:05Z,862272088833183,Codec8E,2026-07-06 13:13:03.000 UTC,1783343583000,0,41.5525666,-8.4069933,192,240,13,78,0,"{""239"":1,""240"":1,""80"":1,""21"":5,""200"":0,""69"":1,""237"":2,""113"":100,""263"":1,""303"":1,""383"":3,""30"":0,""31"":41,""32"":61,""33"":243,""35"":70,""37"":75,""38"":241,""39"":47,""181"":11,""182"":8,""66"":14303,""24"":78,""206"":26,""67"":4034,""68"":0,""13"":68,""17"":-158,""18"":-64,""19"":-110,""15"":200,""13201"":429,""36"":1965,""40"":863,""43"":0,""241"":26801,""199"":1682,""16"":74476,""12"":387,""449"":0,""636"":110136873,""11"":893510181,""238"":0,""14"":2540732448,""387"":""2b3431353532352e363636372d303038343036392e393333332b3030302e3139322f""}"
2026-07-06T13:13:10Z,862272088833183,Codec8E,2026-07-06 13:13:08.000 UTC,1783343588000,0,41.5520600,-8.4081133,188,243,13,79,0,"{""239"":1,""240"":1,""80"":1,""21"":5,""200"":0,""69"":1,""237"":2,""113"":100,""263"":1,""303"":1,""383"":3,""30"":0,""31"":32,""32"":61,""33"":246,""35"":26,""37"":78,""38"":228,""39"":47,""181"":11,""182"":8,""66"":14287,""24"":79,""206"":26,""67"":4034,""68"":0,""13"":68,""17"":98,""18"":11,""19"":29,""15"":200,""13201"":429,""36"":2007,""40"":255,""43"":0,""241"":26801,""199"":1791,""16"":74585,""12"":387,""449"":0,""636"":110136874,""11"":893510181,""238"":0,""14"":2540732448,""387"":""2b3431353532302e363030302d303038343038312e313333332b3030302e3138382f""}"
2026-07-06T13:13:15Z,862272088833183,Codec8E,2026-07-06 13:13:13.000 UTC,1783343593000,0,41.5515900,-8.4092216,189,240,13,76,0,"{""239"":1,""240"":1,""80"":1,""21"":5,""200"":0,""69"":1,""237"":2,""113"":100,""263"":1,""303"":1,""383"":3,""30"":0,""31"":4,""32"":62,""33"":0,""35"":65,""37"":74,""38"":243,""39"":47,""181"":11,""182"":8,""66"":14298,""24"":76,""206"":26,""67"":4033,""68"":0,""13"":68,""17"":-34,""18"":5,""19"":-31,""15"":200,""13201"":429,""36"":1933,""40"":1180,""43"":0,""241"":26801,""199"":1897,""16"":74691,""12"":387,""449"":0,""636"":110170153,""11"":893510181,""238"":0,""14"":2540732448,""387"":""2b3431353531352e393030302d303038343039322e323136372b3030302e3138392f""}"
2026-07-06T13:13:21Z,862272088833183,Codec8E,2026-07-06 13:13:19.000 UTC,1783343599000,0,41.5511100,-8.4103900,188,240,13,63,0,"{""239"":1,""240"":1,""80"":1,""21"":5,""200"":0,""69"":1,""237"":2,""113"":100,""263"":1,""303"":1,""383"":3,""30"":0,""31"":3,""32"":62,""33"":0,""35"":16,""37"":67,""38"":234,""39"":47,""181"":13,""182"":8,""66"":14232,""24"":63,""206"":26,""67"":4034,""68"":0,""13"":68,""17"":80,""18"":15,""19"":-57,""15"":200,""13201"":429,""36"":1772,""40"":80,""43"":0,""241"":26801,""199"":2008,""16"":74802,""12"":387,""449"":0,""636"":110170153,""11"":893510181,""238"":0,""14"":2540732448,""387"":""2b3431353531312e313030302d303038343130332e393030302b3030302e3138382f""}"
2026-07-06T13:13:24Z,862272088833183,Codec8E,2026-07-06 13:13:22.000 UTC,1783343602000,0,41.5509716,-8.4107883,184,241,13,51,0,"{""239"":1,""240"":1,""80"":1,""21"":5,""200"":0,""69"":1,""237"":2,""113"":100,""263"":1,""303"":1,""383"":3,""30"":0,""31"":6,""32"":61,""33"":254,""35"":36,""37"":45,""38"":244,""39"":47,""181"":11,""182"":8,""66"":14244,""24"":51,""206"":26,""67"":4033,""68"":0,""13"":68,""17"":55,""18"":-9,""19"":-52,""15"":400,""13201"":430,""36"":894,""40"":130,""43"":0,""241"":26801,""199"":2044,""16"":74838,""12"":387,""449"":0,""636"":110170153,""11"":893510181,""238"":0,""14"":2540732448,""387"":""2b3431353530392e373136372d303038343130372e383833332b3030302e3138342f""}"
2026-07-06T13:13:24Z,862272088833183,Codec8E,2026-07-06 13:13:23.000 UTC,1783343603000,0,41.5509066,-8.4108750,185,242,13,47,255,"{""239"":1,""240"":1,""80"":1,""21"":5,""200"":0,""69"":1,""237"":2,""113"":100,""263"":1,""303"":1,""383"":3,""30"":0,""31"":6,""32"":61,""33"":254,""35"":36,""37"":45,""38"":244,""39"":47,""255"":47,""181"":11,""182"":8,""66"":14243,""24"":47,""206"":26,""67"":4033,""68"":0,""13"":68,""17"":77,""18"":17,""19"":-144,""15"":400,""13201"":431,""36"":894,""40"":130,""43"":0,""241"":26801,""199"":2055,""16"":74849,""12"":387,""449"":0,""636"":110170153,""11"":893510181,""238"":0,""14"":2540732448,""387"":""2b3431353530392e303636372d303038343130382e373530302b3030302e3138352f""}"
2026-07-06T13:13:27Z,862272088833183,Codec8E,2026-07-06 13:13:26.000 UTC,1783343606000,0,41.5507816,-8.4111283,186,238,13,36,0,"{""239"":1,""240"":1,""80"":1,""21"":5,""200"":0,""69"":1,""237"":2,""113"":100,""263"":1,""303"":1,""383"":3,""30"":0,""31"":6,""32"":61,""33"":254,""35"":36,""37"":45,""38"":244,""39"":47,""181"":13,""182"":8,""66"":14247,""24"":36,""206"":26,""67"":4034,""68"":0,""13"":68,""17"":99,""18"":34,""19"":-142,""15"":400,""13201"":431,""36"":894,""40"":130,""43"":0,""241"":26801,""199"":2080,""16"":74874,""12"":387,""449"":0,""636"":110170153,""11"":893510181,""238"":0,""14"":2540732448,""387"":""2b3431353530372e383136372d303038343131312e323833332b3030302e3138362f""}"
2026-07-06T13:13:30Z,862272088833183,Codec8E,2026-07-06 13:13:29.000 UTC,1783343609000,0,41.5507249,-8.4112999,187,247,13,24,0,"{""239"":1,""240"":1,""80"":1,""21"":5,""200"":0,""69"":1,""237"":2,""113"":100,""263"":1,""303"":1,""383"":3,""30"":0,""31"":11,""32"":61,""33"":0,""35"":34,""37"":28,""38"":253,""39"":47,""181"":11,""182"":8,""66"":14243,""24"":24,""206"":26,""67"":4033,""68"":0,""13"":68,""17"":133,""18"":32,""19"":-27,""15"":400,""13201"":431,""36"":908,""40"":147,""43"":0,""241"":26801,""199"":2096,""16"":74890,""12"":387,""449"":0,""636"":110170153,""11"":893510181,""238"":0,""14"":2540732448,""387"":""2b3431353530372e323530302d303038343131332e303030302b3030302e3138372f""}"
2026-07-06T13:13:37Z,862272088833183,Codec8E,2026-07-06 13:13:33.000 UTC,1783343613000,0,41.5506800,-8.4114083,188,243,13,12,0,"{""239"":1,""240"":1,""80"":1,""21"":5,""200"":0,""69"":1,""237"":2,""113"":100,""263"":1,""303"":1,""383"":3,""30"":0,""31"":12,""32"":61,""33"":8,""35"":35,""37"":13,""38"":1,""39"":47,""181"":13,""182"":8,""66"":14264,""24"":12,""206"":26,""67"":4033,""68"":0,""13"":68,""17"":-4,""18"":21,""19"":-48,""15"":400,""13201"":431,""36"":947,""40"":155,""43"":0,""241"":26801,""199"":2106,""16"":74900,""12"":387,""449"":0,""636"":110170153,""11"":893510181,""238"":0,""14"":2540732448,""387"":""2b3431353530362e383030302d303038343131342e303833332b3030302e3138382f""}"
2026-07-06T13:13:40Z,862272088833183,Codec8E,2026-07-06 13:13:38.000 UTC,1783343618000,0,41.5506750,-8.4114200,188,243,13,2,0,"{""239"":1,""240"":1,""80"":1,""21"":5,""200"":0,""69"":1,""237"":2,""113"":100,""263"":1,""303"":1,""383"":3,""30"":0,""31"":12,""32"":61,""33"":11,""35"":35,""37"":0,""38"":1,""39"":47,""181"":11,""182"":8,""66"":14248,""24"":2,""206"":26,""67"":4034,""68"":0,""13"":68,""17"":-26,""18"":22,""19"":-20,""15"":400,""13201"":431,""36"":956,""40"":155,""43"":0,""241"":26801,""199"":2106,""16"":74900,""12"":387,""449"":0,""636"":110170153,""11"":893510181,""238"":0,""14"":2540732448,""387"":""2b3431353530362e373530302d303038343131342e323030302b3030302e3138382f""}"
2026-07-06T13:13:40Z,862272088833183,Codec8E,2026-07-06 13:13:38.010 UTC,1783343618010,0,41.5506750,-8.4114200,188,243,13,2,303,"{""239"":1,""240"":1,""80"":1,""21"":5,""200"":0,""69"":1,""237"":2,""113"":100,""263"":1,""303"":0,""383"":3,""30"":0,""31"":12,""32"":61,""33"":11,""35"":35,""37"":0,""38"":1,""39"":47,""181"":11,""182"":8,""66"":14257,""24"":2,""206"":26,""67"":4034,""68"":0,""13"":68,""17"":-20,""18"":31,""19"":-31,""15"":400,""13201"":431,""36"":956,""40"":155,""43"":0,""241"":26801,""199"":2106,""16"":74900,""12"":387,""449"":0,""636"":110170153,""11"":893510181,""238"":0,""14"":2540732448,""387"":""2b3431353530362e373530302d303038343131342e323030302b3030302e3138382f""}"
2026-07-06T13:13:56Z,862272088833183,Codec8E,2026-07-06 13:13:52.000 UTC,1783343632000,0,41.5506750,-8.4114200,188,242,13,1,303,"{""239"":1,""240"":1,""80"":1,""21"":5,""200"":0,""69"":1,""237"":2,""113"":100,""263"":1,""303"":1,""383"":3,""30"":0,""31"":13,""32"":61,""33"":16,""35"":36,""37"":0,""38"":4,""39"":47,""181"":11,""182"":8,""66"":14276,""24"":1,""206"":26,""67"":4033,""68"":0,""13"":63,""17"":-91,""18"":38,""19"":149,""15"":400,""13201"":433,""36"":959,""40"":161,""43"":0,""241"":26801,""199"":2106,""16"":74900,""12"":390,""449"":0,""636"":110170153,""11"":893510181,""238"":0,""14"":2540732448,""387"":""2b3431353530362e373530302d303038343131342e323030302b3030302e3138382f""}"
2026-07-06T13:13:58Z,862272088833183,Codec8E,2026-07-06 13:13:56.000 UTC,1783343636000,0,41.5506083,-8.4116033,188,240,13,11,0,"{""239"":1,""240"":1,""80"":1,""21"":5,""200"":0,""69"":1,""237"":2,""113"":100,""263"":1,""303"":1,""383"":3,""30"":0,""31"":15,""32"":62,""33"":14,""35"":78,""37"":6,""38"":246,""39"":47,""181"":13,""182"":8,""66"":14301,""24"":11,""206"":26,""67"":4033,""68"":0,""13"":63,""17"":37,""18"":21,""19"":-15,""15"":400,""13201"":432,""36"":1494,""40"":905,""43"":0,""241"":26801,""199"":2124,""16"":74918,""12"":390,""449"":0,""636"":110170153,""11"":893510181,""238"":0,""14"":2540732448,""387"":""2b3431353530362e303833332d303038343131362e303333332b3030302e3138382f""}"
2026-07-06T13:14:02Z,862272088833183,Codec8E,2026-07-06 13:14:01.000 UTC,1783343641000,0,41.5504716,-8.4119466,187,243,13,21,0,"{""239"":1,""240"":1,""80"":1,""21"":5,""200"":0,""69"":1,""237"":2,""113"":100,""263"":1,""303"":1,""383"":3,""30"":0,""31"":20,""32"":62,""33"":0,""35"":17,""37"":21,""38"":229,""39"":47,""181"":13,""182"":8,""66"":14310,""24"":21,""206"":26,""67"":4034,""68"":0,""13"":63,""17"":-11,""18"":-15,""19"":47,""15"":400,""13201"":433,""36"":1922,""40"":291,""43"":0,""241"":26801,""199"":2156,""16"":74950,""12"":390,""449"":0,""636"":110170153,""11"":893510181,""238"":0,""14"":2540732448,""387"":""2b3431353530342e373136372d303038343131392e343636372b3030302e3138372f""}"
2026-07-06T13:14:11Z,862272088833183,Codec8E,2026-07-06 13:14:09.000 UTC,1783343649000,0,41.5501750,-8.4126650,184,243,12,31,0,"{""239"":1,""240"":1,""80"":1,""21"":5,""200"":0,""69"":1,""237"":2,""113"":100,""263"":1,""303"":1,""383"":3,""30"":0,""31"":10,""32"":63,""33"":0,""35"":62,""37"":30,""38"":234,""39"":48,""181"":15,""182"":9,""66"":14303,""24"":31,""206"":26,""67"":4033,""68"":0,""13"":63,""17"":-10,""18"":0,""19"":62,""15"":400,""13201"":433,""36"":2741,""40"":919,""43"":0,""241"":26801,""199"":2225,""16"":75019,""12"":390,""449"":0,""636"":110170153,""11"":893510181,""238"":0,""14"":2540732448,""387"":""2b3431353530312e373530302d303038343132362e363530302b3030302e3138342f""}"
2026-07-06T13:14:21Z,862272088833183,Codec8E,2026-07-06 13:14:18.000 UTC,1783343658000,0,41.5497283,-8.4137200,186,240,12,40,0,"{""239"":1,""240"":1,""80"":1,""21"":5,""200"":0,""69"":1,""237"":2,""113"":100,""263"":1,""303"":1,""383"":3,""30"":0,""31"":23,""32"":63,""33"":2,""35"":47,""37"":40,""38"":232,""39"":48,""181"":12,""182"":9,""66"":14306,""24"":40,""206"":26,""67"":4033,""68"":0,""13"":63,""17"":102,""18"":8,""19"":24,""15"":400,""13201"":434,""36"":2697,""40"":577,""43"":0,""241"":26801,""199"":2326,""16"":75120,""12"":390,""449"":0,""636"":110170153,""11"":893510181,""238"":0,""14"":2540732448,""387"":""2b3431353439372e323833332d303038343133372e323030302b3030302e3138362f""}"
2026-07-06T13:14:29Z,862272088833183,Codec8E,2026-07-06 13:14:27.000 UTC,1783343667000,0,41.5492216,-8.4148666,184,240,13,48,0,"{""239"":1,""240"":1,""80"":1,""21"":5,""200"":0,""69"":1,""237"":2,""113"":100,""263"":1,""303"":1,""383"":3,""30"":0,""31"":42,""32"":64,""33"":253,""35"":87,""37"":48,""38"":230,""39"":49,""181"":13,""182"":8,""66"":14314,""24"":48,""206"":26,""67"":4033,""68"":0,""13"":63,""17"":62,""18"":-20,""19"":4,""15"":400,""13201"":434,""36"":3169,""40"":158,""43"":0,""241"":26801,""199"":2437,""16"":75231,""12"":390,""449"":0,""636"":110170153,""11"":893510181,""238"":0,""14"":2540732448,""387"":""2b3431353439322e323136372d303038343134382e363636372b3030302e3138342f""}"
2026-07-06T13:14:31Z,862272088833183,Codec8E,2026-07-06 13:14:30.000 UTC,1783343670000,0,41.5490200,-8.4153316,180,240,12,52,255,"{""239"":1,""240"":1,""80"":1,""21"":5,""200"":0,""69"":1,""237"":2,""113"":100,""263"":1,""303"":1,""383"":3,""30"":0,""31"":6,""32"":64,""33"":254,""35"":17,""37"":54,""38"":222,""39"":49,""255"":52,""181"":11,""182"":8,""66"":14295,""24"":52,""206"":26,""67"":4033,""68"":0,""13"":63,""17"":187,""18"":-22,""19"":85,""15"":400,""13201"":434,""36"":2713,""40"":183,""43"":0,""241"":26801,""199"":2481,""16"":75275,""12"":390,""449"":0,""636"":110170153,""11"":893510181,""238"":0,""14"":2540732448,""387"":""2b3431353439302e323030302d303038343135332e333136372b3030302e3138302f""}"
2026-07-06T13:14:36Z,862272088833183,Codec8E,2026-07-06 13:14:33.000 UTC,1783343673000,0,41.5488850,-8.4158299,176,253,11,52,0,"{""239"":1,""240"":1,""80"":1,""21"":5,""200"":0,""69"":1,""237"":2,""113"":100,""263"":1,""303"":1,""383"":3,""30"":0,""31"":6,""32"":64,""33"":254,""35"":17,""37"":54,""38"":222,""39"":49,""181"":14,""182"":12,""66"":14297,""24"":52,""206"":26,""67"":4033,""68"":0,""13"":63,""17"":-19,""18"":-78,""19"":77,""15"":400,""13201"":434,""36"":2713,""40"":183,""43"":0,""241"":26801,""199"":2526,""16"":75320,""12"":390,""449"":0,""636"":110170153,""11"":893510181,""238"":0,""14"":2540732448,""387"":""2b3431353438382e383530302d303038343135382e333030302b3030302e3137362f""}"
2026-07-06T13:14:37Z,862272088833183,Codec8E,2026-07-06 13:14:36.000 UTC,1783343676000,0,41.5486716,-8.4162683,173,238,11,52,0,"{""239"":1,""240"":1,""80"":1,""21"":5,""200"":0,""69"":1,""237"":2,""113"":100,""263"":1,""303"":1,""383"":3,""30"":0,""31"":28,""32"":64,""33"":252,""35"":51,""37"":50,""38"":240,""39"":49,""181"":14,""182"":12,""66"":14292,""24"":52,""206"":26,""67"":4033,""68"":0,""13"":63,""17"":186,""18"":36,""19"":122,""15"":400,""13201"":434,""36"":2514,""40"":1100,""43"":0,""241"":26801,""199"":2570,""16"":75364,""12"":390,""449"":0,""636"":110170153,""11"":893510181,""238"":0,""14"":2540732448,""387"":""2b3431353438362e373136372d303038343136322e363833332b3030302e3137332f""}"
2026-07-06T13:14:39Z,862272088833183,Codec8E,2026-07-06 13:14:38.000 UTC,1783343678000,0,41.5485233,-8.4165183,171,227,11,49,0,"{""239"":1,""240"":1,""80"":1,""21"":5,""200"":0,""69"":1,""237"":2,""113"":100,""263"":1,""303"":1,""383"":3,""30"":0,""31"":28,""32"":64,""33"":252,""35"":51,""37"":50,""38"":240,""39"":49,""181"":14,""182"":12,""66"":14303,""24"":49,""206"":26,""67"":4034,""68"":0,""13"":63,""17"":-71,""18"":11,""19"":31,""15"":400,""13201"":435,""36"":2514,""40"":1100,""43"":0,""241"":26801,""199"":2596,""16"":75390,""12"":390,""449"":0,""636"":110170153,""11"":893510181,""238"":0,""14"":2540732448,""387"":""2b3431353438352e323333332d303038343136352e313833332b3030302e3137312f""}"
2026-07-06T13:14:41Z,862272088833183,Codec8E,2026-07-06 13:14:39.000 UTC,1783343679000,0,41.5484550,-8.4166249,170,225,11,48,255,"{""239"":1,""240"":1,""80"":1,""21"":5,""200"":0,""69"":1,""237"":2,""113"":100,""263"":1,""303"":1,""383"":3,""30"":0,""31"":28,""32"":64,""33"":252,""35"":51,""37"":50,""38"":240,""39"":49,""255"":48,""181"":14,""182"":12,""66"":14286,""24"":48,""206"":26,""67"":4033,""68"":0,""13"":63,""17"":50,""18"":-9,""19"":190,""15"":400,""13201"":436,""36"":2514,""40"":1100,""43"":0,""241"":26801,""199"":2608,""16"":75402,""12"":390,""449"":0,""636"":110170153,""11"":893510181,""238"":0,""14"":2540732448,""387"":""2b3431353438342e353530302d303038343136362e323530302b3030302e3137302f""}"
2026-07-06T13:14:48Z,862272088833183,Codec8E,2026-07-06 13:14:46.000 UTC,1783343686000,0,41.5478033,-8.4174033,165,219,11,52,255,"{""239"":1,""240"":1,""80"":1,""21"":5,""200"":0,""69"":1,""237"":2,""113"":100,""263"":1,""303"":1,""383"":3,""30"":0,""31"":42,""32"":65,""33"":0,""35"":96,""37"":50,""38"":240,""39"":49,""255"":52,""181"":14,""182"":12,""66"":14304,""24"":52,""206"":26,""67"":4033,""68"":0,""13"":63,""17"":-71,""18"":-80,""19"":46,""15"":400,""13201"":436,""36"":2508,""40"":1830,""43"":0,""241"":26801,""199"":2705,""16"":75499,""12"":390,""449"":0,""636"":110170155,""11"":893510181,""238"":0,""14"":2540732448,""387"":""2b3431353437382e303333332d303038343137342e303333332b3030302e3136352f""}"
2026-07-06T13:14:53Z,862272088833183,Codec8E,2026-07-06 13:14:52.000 UTC,1783343692000,0,41.5470666,-8.4181733,159,219,12,61,0,"{""239"":1,""240"":1,""80"":1,""21"":5,""200"":0,""69"":1,""237"":2,""113"":100,""263"":1,""303"":1,""383"":3,""30"":0,""31"":5,""32"":65,""33"":3,""35"":86,""37"":61,""38"":240,""39"":49,""181"":11,""182"":8,""66"":14299,""24"":61,""206"":26,""67"":4033,""68"":0,""13"":63,""17"":96,""18"":-46,""19"":-147,""15"":400,""13201"":436,""36"":2413,""40"":366,""43"":0,""241"":26801,""199"":2809,""16"":75603,""12"":390,""449"":0,""636"":110374955,""11"":893510181,""238"":0,""14"":2540732448,""387"":""2b3431353437302e363636372d303038343138312e373333332b3030302e3135392f""}"
2026-07-06T13:15:00Z,862272088833183,Codec8E,2026-07-06 13:14:57.000 UTC,1783343697000,0,41.5465450,-8.4186616,159,222,13,49,0,"{""239"":1,""240"":1,""80"":1,""21"":5,""200"":0,""69"":1,""237"":2,""113"":100,""263"":1,""303"":1,""383"":3,""30"":0,""31"":4,""32"":65,""33"":0,""35"":17,""37"":60,""38"":228,""39"":49,""181"":13,""182"":8,""66"":14177,""24"":49,""206"":26,""67"":4034,""68"":0,""13"":63,""17"":80,""18"":267,""19"":-84,""15"":400,""13201"":436,""36"":2230,""40"":91,""43"":0,""241"":26801,""199"":2881,""16"":75675,""12"":390,""449"":0,""636"":110374955,""11"":893510181,""238"":0,""14"":2540732448,""387"":""2b3431353436352e343530302d303038343138362e363136372b3030302e3135392f""}"
2026-07-06T13:15:00Z,862272088833183,Codec8E,2026-07-06 13:14:58.000 UTC,1783343698000,0,41.5465333,-8.4187150,161,225,13,44,255,"{""239"":1,""240"":1,""80"":1,""21"":5,""200"":0,""69"":1,""237"":2,""113"":100,""263"":1,""303"":1,""383"":3,""30"":0,""31"":3,""32"":65,""33"":0,""35"":19,""37"":31,""38"":243,""39"":49,""255"":44,""181"":13,""182"":8,""66"":14212,""24"":44,""206"":26,""67"":4034,""68"":0,""13"":63,""17"":338,""18"":376,""19"":87,""15"":400,""13201"":436,""36"":748,""40"":127,""43"":0,""241"":26801,""199"":2885,""16"":75679,""12"":390,""449"":0,""636"":110374955,""11"":893510181,""238"":0,""14"":2540732448,""387"":""2b3431353436352e333333332d303038343138372e313530302b3030302e3136312f""}"
2026-07-06T13:15:05Z,862272088833183,Codec8E,2026-07-06 13:15:00.000 UTC,1783343700000,0,41.5464816,-8.4187883,162,232,12,33,0,"{""239"":1,""240"":1,""80"":1,""21"":5,""200"":0,""69"":1,""237"":2,""113"":100,""263"":1,""303"":1,""383"":3,""30"":0,""31"":3,""32"":65,""33"":0,""35"":19,""37"":31,""38"":243,""39"":49,""181"":12,""182"":9,""66"":14269,""24"":33,""206"":26,""67"":4033,""68"":0,""13"":63,""17"":219,""18"":208,""19"":237,""15"":400,""13201"":436,""36"":748,""40"":127,""43"":0,""241"":26801,""199"":2891,""16"":75685,""12"":390,""449"":0,""636"":110374955,""11"":893510181,""238"":0,""14"":2540732448,""387"":""2b3431353436342e383136372d303038343138372e383833332b3030302e3136322f""}"
2026-07-06T13:15:05Z,862272088833183,Codec8E,2026-07-06 13:15:01.000 UTC,1783343701000,0,41.5464933,-8.4188216,163,248,12,28,0,"{""239"":1,""240"":1,""80"":1,""21"":5,""200"":0,""69"":1,""237"":2,""113"":100,""263"":1,""303"":1,""383"":3,""30"":0,""31"":3,""32"":65,""33"":0,""35"":19,""37"":31,""38"":243,""39"":49,""181"":12,""182"":9,""66"":14286,""24"":28,""206"":26,""67"":4033,""68"":0,""13"":63,""17"":176,""18"":161,""19"":183,""15"":400,""13201"":437,""36"":748,""40"":127,""43"":0,""241"":26801,""199"":2896,""16"":75690,""12"":390,""449"":0,""636"":110374955,""11"":893510181,""238"":0,""14"":2540732448,""387"":""2b3431353436342e393333332d303038343138382e323136372b3030302e3136332f""}"
2026-07-06T13:15:05Z,862272088833183,Codec8E,2026-07-06 13:15:02.000 UTC,1783343702000,0,41.5465700,-8.4189000,164,289,13,25,0,"{""239"":1,""240"":1,""80"":1,""21"":5,""200"":0,""69"":1,""237"":2,""113"":100,""263"":1,""303"":1,""383"":3,""30"":0,""31"":3,""32"":65,""33"":0,""35"":19,""37"":31,""38"":243,""39"":49,""181"":11,""182"":8,""66"":14288,""24"":25,""206"":26,""67"":4033,""68"":0,""13"":63,""17"":137,""18"":91,""19"":128,""15"":400,""13201"":437,""36"":748,""40"":127,""43"":0,""241"":26801,""199"":2907,""16"":75701,""12"":390,""449"":0,""636"":110374955,""11"":893510181,""238"":0,""14"":2540732448,""387"":""2b3431353436352e373030302d303038343138392e303030302b3030302e3136342f""}"
2026-07-06T13:15:05Z,862272088833183,Codec8E,2026-07-06 13:15:03.000 UTC,1783343703000,0,41.5466083,-8.4189650,164,302,13,23,0,"{""239"":1,""240"":1,""80"":1,""21"":5,""200"":0,""69"":1,""237"":2,""113"":100,""263"":1,""303"":1,""383"":3,""30"":0,""31"":9,""32"":65,""33"":254,""35"":35,""37"":19,""38"":240,""39"":49,""181"":11,""182"":8,""66"":14293,""24"":23,""206"":26,""67"":4033,""68"":0,""13"":63,""17"":2,""18"":260,""19"":289,""15"":400,""13201"":437,""36"":1755,""40"":519,""43"":0,""241"":26801,""199"":2914,""16"":75708,""12"":390,""449"":0,""636"":110374955,""11"":893510181,""238"":0,""14"":2540732448,""387"":""2b3431353436362e303833332d303038343138392e363530302b3030302e3136342f""}"
2026-07-06T13:15:06Z,862272088833183,Codec8E,2026-07-06 13:15:05.000 UTC,1783343705000,0,41.5466716,-8.4190600,164,314,13,21,0,"{""239"":1,""240"":1,""80"":1,""21"":5,""200"":0,""69"":1,""237"":2,""113"":100,""263"":1,""303"":1,""383"":3,""30"":0,""31"":9,""32"":65,""33"":254,""35"":35,""37"":19,""38"":240,""39"":49,""181"":13,""182"":8,""66"":14303,""24"":21,""206"":26,""67"":4033,""68"":0,""13"":63,""17"":148,""18"":161,""19"":252,""15"":400,""13201"":437,""36"":1755,""40"":519,""43"":0,""241"":26801,""199"":2924,""16"":75718,""12"":390,""449"":0,""636"":110374955,""11"":893510181,""238"":0,""14"":2540732448,""387"":""2b3431353436362e373136372d303038343139302e363030302b3030302e3136342f""}"
2026-07-06T13:15:09Z,862272088833183,Codec8E,2026-07-06 13:15:08.000 UTC,1783343708000,0,41.5468066,-8.4190916,167,328,10,20,0,"{""239"":1,""240"":1,""80"":1,""21"":5,""200"":0,""69"":1,""237"":2,""113"":100,""263"":1,""303"":1,""383"":3,""30"":0,""31"":27,""32"":65,""33"":254,""35"":33,""37"":24,""38"":228,""39"":48,""181"":12,""182"":9,""66"":14299,""24"":20,""206"":26,""67"":4035,""68"":0,""13"":63,""17"":67,""18"":-63,""19"":223,""15"":400,""13201"":438,""36"":2230,""40"":780,""43"":0,""241"":26801,""199"":2943,""16"":75737,""12"":390,""449"":0,""636"":110218794,""11"":893510181,""238"":0,""14"":2540732448,""387"":""2b3431353436382e303636372d303038343139302e393136372b3030302e3136372f""}"
2026-07-06T13:15:20Z,862272088833183,Codec8E,2026-07-06 13:15:17.000 UTC,1783343717000,0,41.5472133,-8.4193800,164,339,12,18,0,"{""239"":1,""240"":1,""80"":1,""21"":5,""200"":0,""69"":1,""237"":2,""113"":100,""263"":1,""303"":1,""383"":3,""30"":0,""31"":5,""32"":65,""33"":0,""35"":32,""37"":15,""38"":254,""39"":49,""181"":11,""182"":8,""66"":14292,""24"":18,""206"":26,""67"":4033,""68"":0,""13"":63,""17"":-24,""18"":68,""19"":240,""15"":400,""13201"":438,""36"":1462,""40"":419,""43"":0,""241"":26801,""199"":2994,""16"":75788,""12"":390,""449"":0,""636"":110218794,""11"":893510181,""238"":0,""14"":2540732448,""387"":""2b3431353437322e313333332d303038343139332e383030302b3030302e3136342f""}"
2026-07-06T13:15:30Z,862272088833183,Codec8E,2026-07-06 13:15:28.000 UTC,1783343728000,0,41.5476283,-8.4196150,167,328,12,12,0,"{""239"":1,""240"":1,""80"":1,""21"":5,""200"":0,""69"":1,""237"":2,""113"":100,""263"":1,""303"":1,""383"":3,""30"":0,""31"":3,""32"":65,""33"":251,""35"":17,""37"":10,""38"":243,""39"":49,""181"":12,""182"":9,""66"":14290,""24"":12,""206"":26,""67"":4033,""68"":0,""13"":63,""17"":-15,""18"":142,""19"":84,""15"":428,""13201"":438,""36"":1127,""40"":450,""43"":0,""241"":26801,""199"":3045,""16"":75839,""12"":390,""449"":0,""636"":110218793,""11"":893510181,""238"":0,""14"":2540732448,""387"":""2b3431353437362e323833332d303038343139362e313530302b3030302e3136372f""}"
2026-07-06T13:15:31Z,862272088833183,Codec8E,2026-07-06 13:15:30.000 UTC,1783343730000,0,41.5476783,-8.4196383,169,341,12,11,0,"{""239"":1,""240"":1,""80"":1,""21"":5,""200"":0,""69"":1,""237"":2,""113"":100,""263"":1,""303"":1,""383"":3,""30"":0,""31"":8,""32"":66,""33"":0,""35"":37,""37"":9,""38"":242,""39"":49,""181"":12,""182"":9,""66"":14282,""24"":11,""206"":26,""67"":4033,""68"":0,""13"":63,""17"":33,""18"":50,""19"":88,""15"":428,""13201"":438,""36"":1210,""40"":538,""43"":0,""241"":26801,""199"":3051,""16"":75845,""12"":390,""449"":0,""636"":110218793,""11"":893510181,""238"":0,""14"":2540732448,""387"":""2b3431353437362e373833332d303038343139362e333833332b3030302e3136392f""}"
2026-07-06T13:15:34Z,862272088833183,Codec8E,2026-07-06 13:15:31.000 UTC,1783343731000,0,41.5476983,-8.4196466,170,358,12,10,0,"{""239"":1,""240"":1,""80"":1,""21"":5,""200"":0,""69"":1,""237"":2,""113"":100,""263"":1,""303"":1,""383"":3,""30"":0,""31"":8,""32"":66,""33"":0,""35"":37,""37"":9,""38"":242,""39"":49,""181"":12,""182"":9,""66"":14287,""24"":10,""206"":26,""67"":4033,""68"":0,""13"":63,""17"":232,""18"":150,""19"":244,""15"":428,""13201"":438,""36"":1210,""40"":538,""43"":0,""241"":26801,""199"":3051,""16"":75845,""12"":390,""449"":0,""636"":110218793,""11"":893510181,""238"":0,""14"":2540732448,""387"":""2b3431353437362e393833332d303038343139362e343636372b3030302e3137302f""}"
2026-07-06T13:15:34Z,862272088833183,Codec8E,2026-07-06 13:15:32.000 UTC,1783343732000,0,41.5477183,-8.4196366,170,12,12,10,0,"{""239"":1,""240"":1,""80"":1,""21"":5,""200"":0,""69"":1,""237"":2,""113"":100,""263"":1,""303"":1,""383"":3,""30"":0,""31"":8,""32"":66,""33"":0,""35"":37,""37"":9,""38"":242,""39"":49,""181"":12,""182"":9,""66"":14284,""24"":10,""206"":26,""67"":4033,""68"":0,""13"":63,""17"":125,""18"":189,""19"":140,""15"":428,""13201"":438,""36"":1210,""40"":538,""43"":0,""241"":26801,""199"":3055,""16"":75849,""12"":390,""449"":0,""636"":110218793,""11"":893510181,""238"":0,""14"":2540732448,""387"":""2b3431353437372e313833332d303038343139362e333636372b3030302e3137302f""}"
2026-07-06T13:15:35Z,862272088833183,Codec8E,2026-07-06 13:15:34.000 UTC,1783343734000,0,41.5477566,-8.4195833,172,28,12,10,0,"{""239"":1,""240"":1,""80"":1,""21"":5,""200"":0,""69"":1,""237"":2,""113"":100,""263"":1,""303"":1,""383"":3,""30"":0,""31"":8,""32"":66,""33"":0,""35"":37,""37"":9,""38"":242,""39"":49,""181"":12,""182"":9,""66"":14292,""24"":10,""206"":26,""67"":4033,""68"":0,""13"":63,""17"":55,""18"":63,""19"":192,""15"":428,""13201"":438,""36"":1210,""40"":538,""43"":0,""241"":26801,""199"":3061,""16"":75855,""12"":390,""449"":0,""636"":110218793,""11"":893510181,""238"":0,""14"":2540732448,""387"":""2b3431353437372e353636372d303038343139352e383333332b3030302e3137322f""}"
2026-07-06T13:15:39Z,862272088833183,Codec8E,2026-07-06 13:15:36.000 UTC,1783343736000,0,41.5478033,-8.4195333,173,41,13,11,0,"{""239"":1,""240"":1,""80"":1,""21"":5,""200"":0,""69"":1,""237"":2,""113"":100,""263"":1,""303"":1,""383"":3,""30"":0,""31"":12,""32"":66,""33"":255,""35"":31,""37"":10,""38"":241,""39"":49,""181"":11,""182"":8,""66"":14295,""24"":11,""206"":26,""67"":4033,""68"":0,""13"":63,""17"":157,""18"":124,""19"":303,""15"":428,""13201"":438,""36"":1366,""40"":491,""43"":0,""241"":26801,""199"":3068,""16"":75862,""12"":390,""449"":0,""636"":110218793,""11"":893510181,""238"":0,""14"":2540732448,""387"":""2b3431353437382e303333332d303038343139352e333333332b3030302e3137332f""}"
2026-07-06T13:15:39Z,862272088833183,Codec8E,2026-07-06 13:15:37.000 UTC,1783343737000,0,41.5478266,-8.4194900,173,51,13,13,0,"{""239"":1,""240"":1,""80"":1,""21"":5,""200"":0,""69"":1,""237"":2,""113"":100,""263"":1,""303"":1,""383"":3,""30"":0,""31"":12,""32"":66,""33"":255,""35"":31,""37"":10,""38"":241,""39"":49,""181"":11,""182"":8,""66"":14293,""24"":13,""206"":26,""67"":4033,""68"":0,""13"":63,""17"":167,""18"":91,""19"":142,""15"":428,""13201"":438,""36"":1366,""40"":491,""43"":0,""241"":26801,""199"":3072,""16"":75866,""12"":390,""449"":0,""636"":110218793,""11"":893510181,""238"":0,""14"":2540732448,""387"":""2b3431353437382e323636372d303038343139342e393030302b3030302e3137332f""}"
2026-07-06T13:15:45Z,862272088833183,Codec8E,2026-07-06 13:15:43.000 UTC,1783343743000,0,41.5480733,-8.4191100,173,46,12,23,0,"{""239"":1,""240"":1,""80"":1,""21"":5,""200"":0,""69"":1,""237"":2,""113"":100,""263"":1,""303"":1,""383"":3,""30"":0,""31"":29,""32"":66,""33"":253,""35"":73,""37"":21,""38"":227,""39"":49,""181"":11,""182"":8,""66"":14295,""24"":23,""206"":26,""67"":4033,""68"":0,""13"":63,""17"":105,""18"":21,""19"":199,""15"":428,""13201"":440,""36"":2711,""40"":1075,""43"":0,""241"":26801,""199"":3114,""16"":75908,""12"":390,""449"":0,""636"":110218793,""11"":893510181,""238"":0,""14"":2540732448,""387"":""2b3431353438302e373333332d303038343139312e313030302b3030302e3137332f""}"
2026-07-06T13:15:46Z,862272088833183,Codec8E,2026-07-06 13:15:45.000 UTC,1783343745000,0,41.5481666,-8.4189883,174,35,12,26,0,"{""239"":1,""240"":1,""80"":1,""21"":5,""200"":0,""69"":1,""237"":2,""113"":100,""263"":1,""303"":1,""383"":3,""30"":0,""31"":29,""32"":66,""33"":250,""35"":75,""37"":28,""38"":236,""39"":49,""181"":11,""182"":8,""66"":14293,""24"":26,""206"":26,""67"":4033,""68"":0,""13"":63,""17"":283,""18"":35,""19"":339,""15"":428,""13201"":439,""36"":2730,""40"":1080,""43"":0,""241"":26801,""199"":3129,""16"":75923,""12"":390,""449"":0,""636"":110218793,""11"":893510181,""238"":0,""14"":2540732448,""387"":""2b3431353438312e363636372d303038343138392e383833332b3030302e3137342f""}"
2026-07-06T13:16:04Z,862272088833183,Codec8E,2026-07-06 13:15:58.000 UTC,1783343758000,0,41.5488483,-8.4183333,176,13,13,17,0,"{""239"":1,""240"":1,""80"":1,""21"":5,""200"":0,""69"":1,""237"":2,""113"":100,""263"":1,""303"":1,""383"":3,""30"":0,""31"":8,""32"":67,""33"":0,""35"":16,""37"":15,""38"":251,""39"":49,""181"":14,""182"":8,""66"":14293,""24"":17,""206"":26,""67"":4034,""68"":0,""13"":63,""17"":199,""18"":-88,""19"":-28,""15"":428,""13201"":439,""36"":1578,""40"":63,""43"":0,""241"":26801,""199"":3223,""16"":76017,""12"":390,""449"":0,""636"":110218793,""11"":893510181,""238"":0,""14"":2540732448,""387"":""2b3431353438382e343833332d303038343138332e333333332b3030302e3137362f""}"
2026-07-06T13:16:04Z,862272088833183,Codec8E,2026-07-06 13:15:59.000 UTC,1783343759000,0,41.5488749,-8.4183216,177,354,13,15,0,"{""239"":1,""240"":1,""80"":1,""21"":5,""200"":0,""69"":1,""237"":2,""113"":100,""263"":1,""303"":1,""383"":3,""30"":0,""31"":8,""32"":67,""33"":0,""35"":16,""37"":15,""38"":251,""39"":49,""181"":14,""182"":8,""66"":14280,""24"":15,""206"":26,""67"":4033,""68"":0,""13"":63,""17"":46,""18"":-26,""19"":82,""15"":428,""13201"":439,""36"":1578,""40"":63,""43"":0,""241"":26801,""199"":3226,""16"":76020,""12"":390,""449"":0,""636"":110218793,""11"":893510181,""238"":0,""14"":2540732448,""387"":""2b3431353438382e373530302d303038343138332e323136372b3030302e3137372f""}"
2026-07-06T13:16:04Z,862272088833183,Codec8E,2026-07-06 13:16:00.000 UTC,1783343760000,0,41.5489000,-8.4183299,178,333,13,13,0,"{""239"":1,""240"":1,""80"":1,""21"":5,""200"":0,""69"":1,""237"":2,""113"":100,""263"":1,""303"":1,""383"":3,""30"":0,""31"":8,""32"":67,""33"":0,""35"":16,""37"":15,""38"":251,""39"":49,""181"":11,""182"":8,""66"":14307,""24"":13,""206"":26,""67"":4033,""68"":0,""13"":63,""17"":7,""18"":-121,""19"":225,""15"":428,""13201"":438,""36"":1578,""40"":63,""43"":0,""241"":26801,""199"":3229,""16"":76023,""12"":390,""449"":0,""636"":110218793,""11"":893510181,""238"":0,""14"":2540732448,""387"":""2b3431353438392e303030302d303038343138332e333030302b3030302e3137382f""}"
2026-07-06T13:16:04Z,862272088833183,Codec8E,2026-07-06 13:16:02.000 UTC,1783343762000,0,41.5489450,-8.4183833,179,319,13,12,0,"{""239"":1,""240"":1,""80"":1,""21"":5,""200"":0,""69"":1,""237"":2,""113"":100,""263"":1,""303"":1,""383"":3,""30"":0,""31"":17,""32"":68,""33"":21,""35"":67,""37"":10,""38"":239,""39"":49,""181"":11,""182"":8,""66"":14312,""24"":12,""206"":26,""67"":4033,""68"":0,""13"":63,""17"":53,""18"":99,""19"":145,""15"":428,""13201"":438,""36"":1423,""40"":577,""43"":0,""241"":26801,""199"":3236,""16"":76030,""12"":390,""449"":0,""636"":110218793,""11"":893510181,""238"":0,""14"":2540732448,""387"":""2b3431353438392e343530302d303038343138332e383333332b3030302e3137392f""}"
2026-07-06T13:16:05Z,862272088833183,Codec8E,2026-07-06 13:16:04.000 UTC,1783343764000,0,41.5489966,-8.4184566,181,307,13,13,0,"{""239"":1,""240"":1,""80"":1,""21"":5,""200"":0,""69"":1,""237"":2,""113"":100,""263"":1,""303"":1,""383"":3,""30"":0,""31"":17,""32"":68,""33"":21,""35"":67,""37"":10,""38"":239,""39"":49,""181"":11,""182"":8,""66"":14301,""24"":13,""206"":26,""67"":4033,""68"":0,""13"":63,""17"":165,""18"":189,""19"":53,""15"":428,""13201"":438,""36"":1423,""40"":577,""43"":0,""241"":26801,""199"":3244,""16"":76038,""12"":390,""449"":0,""636"":110218793,""11"":893510181,""238"":0,""14"":2540732448,""387"":""2b3431353438392e393636372d303038343138342e353636372b3030302e3138312f""}"
2026-07-06T13:16:09Z,862272088833183,Codec8E,2026-07-06 13:16:08.000 UTC,1783343768000,0,41.5491133,-8.4187083,184,292,13,18,0,"{""239"":1,""240"":1,""80"":1,""21"":5,""200"":0,""69"":1,""237"":2,""113"":100,""263"":1,""303"":1,""383"":3,""30"":0,""31"":24,""32"":68,""33"":248,""35"":43,""37"":20,""38"":231,""39"":49,""181"":14,""182"":8,""66"":14300,""24"":18,""206"":26,""67"":4034,""68"":0,""13"":63,""17"":89,""18"":-23,""19"":64,""15"":428,""13201"":440,""36"":2624,""40"":244,""43"":0,""241"":26801,""199"":3269,""16"":76063,""12"":390,""449"":0,""636"":110218793,""11"":893510181,""238"":0,""14"":2540732448,""387"":""2b3431353439312e313333332d303038343138372e303833332b3030302e3138342f""}"
2026-07-06T13:16:12Z,862272088833183,Codec8E,2026-07-06 13:16:10.000 UTC,1783343770000,0,41.5491416,-8.4188199,186,279,13,17,0,"{""239"":1,""240"":1,""80"":1,""21"":5,""200"":0,""69"":1,""237"":2,""113"":100,""263"":1,""303"":1,""383"":3,""30"":0,""31"":24,""32"":68,""33"":248,""35"":43,""37"":20,""38"":231,""39"":49,""181"":11,""182"":8,""66"":14239,""24"":17,""206"":26,""67"":4033,""68"":0,""13"":63,""17"":183,""18"":110,""19"":-33,""15"":428,""13201"":440,""36"":2624,""40"":244,""43"":0,""241"":26801,""199"":3279,""16"":76073,""12"":390,""449"":0,""636"":110218793,""11"":893510181,""238"":0,""14"":2540732448,""387"":""2b3431353439312e343136372d303038343138382e323030302b3030302e3138362f""}"
2026-07-06T13:16:14Z,862272088833183,Codec8E,2026-07-06 13:16:12.000 UTC,1783343772000,0,41.5491600,-8.4189083,187,296,13,15,0,"{""239"":1,""240"":1,""80"":1,""21"":5,""200"":0,""69"":1,""237"":2,""113"":100,""263"":1,""303"":1,""383"":3,""30"":0,""31"":4,""32"":68,""33"":250,""35"":16,""37"":14,""38"":243,""39"":49,""181"":11,""182"":8,""66"":14242,""24"":15,""206"":26,""67"":4033,""68"":0,""13"":63,""17"":52,""18"":112,""19"":-119,""15"":428,""13201"":441,""36"":1402,""40"":127,""43"":0,""241"":26801,""199"":3286,""16"":76080,""12"":390,""449"":0,""636"":110218793,""11"":893510181,""238"":0,""14"":2540732448,""387"":""2b3431353439312e363030302d303038343138392e303833332b3030302e3138372f""}"
2026-07-06T13:16:14Z,862272088833183,Codec8E,2026-07-06 13:16:13.000 UTC,1783343773000,0,41.5491683,-8.4189316,187,274,13,13,0,"{""239"":1,""240"":1,""80"":1,""21"":5,""200"":0,""69"":1,""237"":2,""113"":100,""263"":1,""303"":1,""383"":3,""30"":0,""31"":4,""32"":68,""33"":250,""35"":16,""37"":14,""38"":243,""39"":49,""181"":11,""182"":8,""66"":14230,""24"":13,""206"":26,""67"":4033,""68"":0,""13"":63,""17"":38,""18"":121,""19"":19,""15"":428,""13201"":441,""36"":1402,""40"":127,""43"":0,""241"":26801,""199"":3286,""16"":76080,""12"":390,""449"":0,""636"":110218793,""11"":893510181,""238"":0,""14"":2540732448,""387"":""2b3431353439312e363833332d303038343138392e333136372b3030302e3138372f""}"
2026-07-06T13:16:18Z,862272088833183,Codec8E,2026-07-06 13:16:14.000 UTC,1783343774000,0,41.5491700,-8.4189483,187,255,13,11,0,"{""239"":1,""240"":1,""80"":1,""21"":5,""200"":0,""69"":1,""237"":2,""113"":100,""263"":1,""303"":1,""383"":3,""30"":0,""31"":4,""32"":68,""33"":250,""35"":16,""37"":14,""38"":243,""39"":49,""181"":14,""182"":8,""66"":14270,""24"":11,""206"":26,""67"":4033,""68"":0,""13"":63,""17"":57,""18"":83,""19"":26,""15"":428,""13201"":441,""36"":1402,""40"":127,""43"":0,""241"":26801,""199"":3290,""16"":76084,""12"":390,""449"":0,""636"":110218793,""11"":893510181,""238"":0,""14"":2540732448,""387"":""2b3431353439312e373030302d303038343138392e343833332b3030302e3138372f""}"
2026-07-06T13:16:21Z,862272088833183,Codec8E,2026-07-06 13:16:19.000 UTC,1783343779000,0,41.5491483,-8.4191133,191,231,13,11,0,"{""239"":1,""240"":1,""80"":1,""21"":5,""200"":0,""69"":1,""237"":2,""113"":100,""263"":1,""303"":1,""383"":3,""30"":0,""31"":12,""32"":68,""33"":249,""35"":35,""37"":4,""38"":243,""39"":49,""181"":11,""182"":8,""66"":14285,""24"":11,""206"":26,""67"":4036,""68"":0,""13"":63,""17"":100,""18"":-15,""19"":78,""15"":428,""13201"":441,""36"":894,""40"":244,""43"":0,""241"":26801,""199"":3304,""16"":76098,""12"":390,""449"":0,""636"":110218793,""11"":893510181,""238"":0,""14"":2540732448,""387"":""2b3431353439312e343833332d303038343139312e313333332b3030302e3139312f""}"
2026-07-06T13:16:21Z,862272088833183,Codec8E,2026-07-06 13:16:20.000 UTC,1783343780000,0,41.5491199,-8.4191433,193,220,13,12,0,"{""239"":1,""240"":1,""80"":1,""21"":5,""200"":0,""69"":1,""237"":2,""113"":100,""263"":1,""303"":1,""383"":3,""30"":0,""31"":12,""32"":68,""33"":249,""35"":35,""37"":4,""38"":243,""39"":49,""181"":11,""182"":8,""66"":14298,""24"":12,""206"":26,""67"":4034,""68"":0,""13"":63,""17"":122,""18"":-13,""19"":-86,""15"":428,""13201"":441,""36"":894,""40"":244,""43"":0,""241"":26801,""199"":3308,""16"":76102,""12"":390,""449"":0,""636"":110218793,""11"":893510181,""238"":0,""14"":2540732448,""387"":""2b3431353439312e323030302d303038343139312e343333332b3030302e3139332f""}"
2026-07-06T13:16:24Z,862272088833183,Codec8E,2026-07-06 13:16:23.000 UTC,1783343783000,0,41.5490599,-8.4192500,194,236,13,12,0,"{""239"":1,""240"":1,""80"":1,""21"":5,""200"":0,""69"":1,""237"":2,""113"":100,""263"":1,""303"":1,""383"":3,""30"":0,""31"":18,""32"":69,""33"":253,""35"":29,""37"":13,""38"":234,""39"":49,""181"":11,""182"":8,""66"":14231,""24"":12,""206"":26,""67"":4036,""68"":0,""13"":63,""17"":45,""18"":-10,""19"":2,""15"":428,""13201"":441,""36"":1771,""40"":88,""43"":0,""241"":26801,""199"":3319,""16"":76113,""12"":390,""449"":0,""636"":110218793,""11"":893510181,""238"":0,""14"":2540732448,""387"":""2b3431353439302e363030302d303038343139322e353030302b3030302e3139342f""}"
2026-07-06T13:16:27Z,862272088833183,Codec8E,2026-07-06 13:16:24.000 UTC,1783343784000,0,41.5490550,-8.4192866,193,252,13,11,0,"{""239"":1,""240"":1,""80"":1,""21"":5,""200"":0,""69"":1,""237"":2,""113"":100,""263"":1,""303"":1,""383"":3,""30"":0,""31"":18,""32"":69,""33"":253,""35"":29,""37"":13,""38"":234,""39"":49,""181"":11,""182"":8,""66"":14270,""24"":11,""206"":26,""67"":4035,""68"":0,""13"":63,""17"":-6,""18"":-72,""19"":38,""15"":428,""13201"":441,""36"":1771,""40"":88,""43"":0,""241"":26801,""199"":3322,""16"":76116,""12"":390,""449"":0,""636"":110218793,""11"":893510181,""238"":0,""14"":2540732448,""387"":""2b3431353439302e353530302d303038343139322e383636372b3030302e3139332f""}"
2026-07-06T13:16:27Z,862272088833183,Codec8E,2026-07-06 13:16:25.000 UTC,1783343785000,0,41.5490500,-8.4193083,194,240,13,9,0,"{""239"":1,""240"":1,""80"":1,""21"":5,""200"":0,""69"":1,""237"":2,""113"":100,""263"":1,""303"":1,""383"":3,""30"":0,""31"":4,""32"":69,""33"":10,""35"":20,""37"":4,""38"":249,""39"":49,""181"":11,""182"":8,""66"":14282,""24"":9,""206"":26,""67"":4033,""68"":0,""13"":63,""17"":6,""18"":-31,""19"":192,""15"":428,""13201"":441,""36"":737,""40"":263,""43"":0,""241"":26801,""199"":3322,""16"":76116,""12"":390,""449"":0,""636"":110218793,""11"":893510181,""238"":0,""14"":2540732448,""387"":""2b3431353439302e353030302d303038343139332e303833332b3030302e3139342f""}"
2026-07-06T13:16:28Z,862272088833183,Codec8E,2026-07-06 13:16:27.000 UTC,1783343787000,0,41.5490316,-8.4193500,194,225,13,8,0,"{""239"":1,""240"":1,""80"":1,""21"":5,""200"":0,""69"":1,""237"":2,""113"":100,""263"":1,""303"":1,""383"":3,""30"":0,""31"":4,""32"":69,""33"":10,""35"":20,""37"":4,""38"":249,""39"":49,""181"":11,""182"":8,""66"":14285,""24"":8,""206"":26,""67"":4033,""68"":0,""13"":63,""17"":26,""18"":49,""19"":50,""15"":428,""13201"":441,""36"":737,""40"":263,""43"":0,""241"":26801,""199"":3326,""16"":76120,""12"":390,""449"":0,""636"":110218793,""11"":893510181,""238"":0,""14"":2540732448,""387"":""2b3431353439302e333136372d303038343139332e353030302b3030302e3139342f""}"
2026-07-06T13:16:31Z,862272088833183,Codec8E,2026-07-06 13:16:29.000 UTC,1783343789000,0,41.5489966,-8.4193949,194,211,13,9,0,"{""239"":1,""240"":1,""80"":1,""21"":5,""200"":0,""69"":1,""237"":2,""113"":100,""263"":1,""303"":1,""383"":3,""30"":0,""31"":4,""32"":69,""33"":10,""35"":20,""37"":4,""38"":249,""39"":49,""181"":11,""182"":8,""66"":14287,""24"":9,""206"":26,""67"":4033,""68"":0,""13"":63,""17"":134,""18"":-152,""19"":-110,""15"":428,""13201"":441,""36"":737,""40"":263,""43"":0,""241"":26801,""199"":3334,""16"":76128,""12"":390,""449"":0,""636"":110218793,""11"":893510181,""238"":0,""14"":2540732448,""387"":""2b3431353438392e393636372d303038343139332e393530302b3030302e3139342f""}"
2026-07-06T13:16:34Z,862272088833183,Codec8E,2026-07-06 13:16:31.000 UTC,1783343791000,0,41.5489733,-8.4194283,194,179,13,8,0,"{""239"":1,""240"":1,""80"":1,""21"":5,""200"":0,""69"":1,""237"":2,""113"":100,""263"":1,""303"":1,""383"":3,""30"":0,""31"":18,""32"":69,""33"":21,""35"":36,""37"":12,""38"":250,""39"":49,""181"":14,""182"":8,""66"":14255,""24"":8,""206"":26,""67"":4033,""68"":0,""13"":63,""17"":34,""18"":-110,""19"":-167,""15"":428,""13201"":442,""36"":1489,""40"":69,""43"":0,""241"":26801,""199"":3337,""16"":76131,""12"":390,""449"":0,""636"":110218793,""11"":893510181,""238"":0,""14"":2540732448,""387"":""2b3431353438392e373333332d303038343139342e323833332b3030302e3139342f""}"
2026-07-06T13:16:34Z,862272088833183,Codec8E,2026-07-06 13:16:32.000 UTC,1783343792000,0,41.5489549,-8.4194216,194,167,13,7,0,"{""239"":1,""240"":1,""80"":1,""21"":5,""200"":0,""69"":1,""237"":2,""113"":100,""263"":1,""303"":1,""383"":3,""30"":0,""31"":18,""32"":69,""33"":21,""35"":36,""37"":12,""38"":250,""39"":49,""181"":11,""182"":8,""66"":14230,""24"":7,""206"":26,""67"":4033,""68"":0,""13"":63,""17"":100,""18"":56,""19"":-116,""15"":428,""13201"":442,""36"":1489,""40"":69,""43"":0,""241"":26801,""199"":3337,""16"":76131,""12"":390,""449"":0,""636"":110218793,""11"":893510181,""238"":0,""14"":2540732448,""387"":""2b3431353438392e353530302d303038343139342e323136372b3030302e3139342f""}"
2026-07-06T13:16:40Z,862272088833183,Codec8E,2026-07-06 13:16:39.000 UTC,1783343799000,0,41.5489450,-8.4194150,194,167,13,0,303,"{""239"":1,""240"":1,""80"":1,""21"":5,""200"":0,""69"":1,""237"":2,""113"":100,""263"":1,""303"":0,""383"":3,""30"":0,""31"":12,""32"":69,""33"":253,""35"":36,""37"":0,""38"":0,""39"":49,""181"":11,""182"":8,""66"":13155,""24"":0,""206"":26,""67"":4033,""68"":0,""13"":63,""17"":-18,""18"":5,""19"":-29,""15"":428,""13201"":443,""36"":881,""40"":116,""43"":0,""241"":26801,""199"":3340,""16"":76134,""12"":390,""449"":0,""636"":110218793,""11"":893510181,""238"":0,""14"":2540732448,""387"":""2b3431353438392e343530302d303038343139342e313530302b3030302e3139342f""}"
2026-07-06T13:16:42Z,862272088833183,Codec8E,2026-07-06 13:16:40.000 UTC,1783343800000,0,41.5489450,-8.4194150,194,167,13,0,239,"{""239"":0,""240"":1,""80"":1,""21"":5,""200"":0,""69"":1,""237"":2,""113"":100,""263"":1,""303"":0,""383"":3,""30"":0,""31"":12,""32"":69,""33"":253,""35"":36,""37"":0,""38"":0,""39"":49,""181"":11,""182"":8,""66"":13182,""24"":0,""206"":26,""67"":4033,""68"":0,""13"":63,""17"":-17,""18"":5,""19"":-35,""15"":428,""13201"":443,""36"":881,""40"":116,""43"":0,""241"":26801,""199"":3340,""16"":76134,""12"":390,""449"":0,""636"":110218793,""11"":893510181,""238"":0,""14"":2540732448,""387"":""2b3431353438392e343530302d303038343139342e313530302b3030302e3139342f""}"
2026-07-06T13:16:49Z,862272088833183,Codec8E,2026-07-06 13:16:46.000 UTC,1783343806000,0,41.5489450,-8.4194150,194,167,13,0,303,"{""239"":0,""240"":1,""80"":1,""21"":5,""200"":0,""69"":1,""237"":2,""113"":100,""263"":1,""303"":1,""383"":3,""30"":0,""31"":26,""32"":69,""33"":253,""35"":65,""37"":0,""38"":0,""39"":49,""181"":11,""182"":8,""66"":13097,""24"":0,""206"":26,""67"":4034,""68"":0,""13"":63,""17"":-17,""18"":5,""19"":-34,""15"":428,""13201"":443,""36"":0,""40"":116,""43"":0,""241"":26801,""199"":3340,""16"":76134,""12"":390,""449"":0,""636"":110218793,""11"":893510181,""238"":0,""14"":2540732448,""387"":""2b3431353438392e343530302d303038343139342e313530302b3030302e3139342f""}"
2026-07-06T13:16:57Z,862272088833183,Codec8E,2026-07-06 13:16:55.000 UTC,1783343815000,0,41.5489450,-8.4194150,194,167,13,0,303,"{""239"":0,""240"":1,""80"":1,""21"":5,""200"":0,""69"":1,""237"":2,""113"":100,""263"":1,""303"":0,""383"":3,""30"":0,""31"":26,""32"":69,""33"":253,""35"":65,""37"":0,""38"":0,""39"":49,""181"":11,""182"":8,""66"":13032,""24"":0,""206"":26,""67"":4034,""68"":0,""13"":63,""17"":-15,""18"":6,""19"":-19,""15"":428,""13201"":443,""36"":0,""40"":116,""43"":0,""241"":26801,""199"":3340,""16"":76134,""12"":390,""449"":0,""636"":110218793,""11"":893510181,""238"":0,""14"":2540732448,""387"":""2b3431353438392e343530302d303038343139342e313530302b3030302e3139342f""}"
2026-07-06T13:16:58Z,862272088833183,Codec8E,2026-07-06 13:16:56.000 UTC,1783343816000,0,41.5489450,-8.4194150,194,167,13,0,303,"{""239"":0,""240"":1,""80"":1,""21"":5,""200"":0,""69"":1,""237"":2,""113"":100,""263"":1,""303"":1,""383"":3,""30"":0,""31"":26,""32"":69,""33"":253,""35"":65,""37"":0,""38"":0,""39"":49,""181"":11,""182"":8,""66"":12908,""24"":0,""206"":26,""67"":4033,""68"":0,""13"":63,""17"":-20,""18"":-2,""19"":-30,""15"":428,""13201"":443,""36"":0,""40"":116,""43"":0,""241"":26801,""199"":3340,""16"":76134,""12"":390,""449"":0,""636"":110218793,""11"":893510181,""238"":0,""14"":2540732448,""387"":""2b3431353438392e343530302d303038343139342e313530302b3030302e3139342f""}"
2026-07-06T13:17:06Z,862272088833183,Codec8E,2026-07-06 13:17:02.000 UTC,1783343822000,0,41.5489450,-8.4194150,194,167,13,0,303,"{""239"":0,""240"":1,""80"":1,""21"":5,""200"":0,""69"":1,""237"":2,""113"":100,""263"":1,""303"":0,""383"":3,""181"":11,""182"":8,""66"":12738,""24"":0,""206"":26,""67"":4033,""68"":0,""13"":63,""17"":-26,""18"":6,""19"":-23,""15"":428,""13201"":445,""241"":26801,""199"":3340,""16"":76134,""12"":390,""449"":0,""636"":110218793,""11"":893510181,""238"":0,""14"":2540732448,""387"":""2b3431353438392e343530302d303038343139342e313530302b3030302e3139342f""}"
2026-07-06T13:17:41Z,862272088833183,Codec8E,2026-07-06 13:17:38.000 UTC,1783343858000,0,41.5489450,-8.4194150,194,167,14,0,303,"{""239"":0,""240"":1,""80"":1,""21"":5,""200"":0,""69"":1,""237"":2,""113"":100,""263"":1,""303"":1,""383"":3,""181"":10,""182"":7,""66"":12860,""24"":0,""206"":26,""67"":4033,""68"":0,""13"":63,""17"":-26,""18"":1,""19"":-22,""15"":428,""13201"":441,""241"":26801,""199"":3340,""16"":76134,""12"":390,""449"":0,""636"":110218793,""11"":893510181,""238"":0,""14"":2540732448,""387"":""2b3431353438392e343530302d303038343139342e313530302b3030302e3139342f""}"
2026-07-06T13:17:46Z,862272088833183,Codec8E,2026-07-06 13:17:44.000 UTC,1783343864000,0,41.5489450,-8.4194150,194,167,13,0,303,"{""239"":0,""240"":1,""80"":1,""21"":5,""200"":0,""69"":1,""237"":2,""113"":100,""263"":1,""303"":0,""383"":3,""181"":11,""182"":8,""66"":12796,""24"":0,""206"":26,""67"":4033,""68"":0,""13"":63,""17"":-16,""18"":4,""19"":-29,""15"":1000,""13201"":443,""241"":26801,""199"":0,""16"":76134,""12"":390,""449"":0,""636"":110218793,""11"":893510181,""238"":0,""14"":2540732448,""387"":""2b3431353438392e343530302d303038343139342e313530302b3030302e3139342f""}"
2026-07-06T13:18:47Z,862272088833183,Codec8E,2026-07-06 13:18:43.000 UTC,1783343923000,0,41.5489450,-8.4194150,194,167,14,0,240,"{""239"":0,""240"":0,""80"":0,""21"":5,""200"":0,""69"":1,""237"":2,""113"":100,""263"":1,""303"":0,""383"":3,""181"":10,""182"":7,""66"":12852,""24"":0,""206"":26,""67"":4033,""68"":0,""13"":63,""17"":-20,""18"":5,""19"":-30,""15"":1000,""13201"":441,""241"":26801,""199"":0,""16"":76134,""12"":390,""449"":0,""636"":110218793,""11"":893510181,""238"":0,""14"":2540732448,""387"":""2b3431353438392e343530302d303038343139342e313530302b3030302e3139342f""}"
2026-07-06T13:21:09Z,862272088833183,Codec8E,2026-07-06 13:21:04.000 UTC,1783344064000,0,41.5489450,-8.4194150,200,167,14,0,303,"{""239"":0,""240"":0,""80"":0,""21"":5,""200"":0,""69"":1,""237"":2,""113"":100,""263"":1,""303"":1,""383"":3,""181"":11,""182"":7,""66"":12755,""24"":0,""206"":26,""67"":4033,""68"":0,""13"":63,""17"":-6,""18"":17,""19"":-47,""15"":1000,""13201"":437,""241"":26801,""199"":0,""16"":76134,""12"":390,""449"":0,""636"":110218793,""11"":893510181,""238"":0,""14"":2540732448,""387"":""2b3431353438392e343530302d303038343139342e313530302b3030302e3230302f""}"
2026-07-06T13:21:09Z,862272088833183,Codec8E,2026-07-06 13:21:05.000 UTC,1783344065000,0,41.5489450,-8.4194150,200,167,14,0,303,"{""239"":0,""240"":0,""80"":0,""21"":5,""200"":0,""69"":1,""237"":2,""113"":100,""263"":1,""303"":0,""383"":3,""181"":10,""182"":7,""66"":12548,""24"":0,""206"":26,""67"":4033,""68"":0,""13"":63,""17"":-24,""18"":9,""19"":-29,""15"":1000,""13201"":437,""241"":26801,""199"":0,""16"":76134,""12"":390,""449"":0,""636"":110218793,""11"":893510181,""238"":0,""14"":2540732448,""387"":""2b3431353438392e343530302d303038343139342e313530302b3030302e3230302f""}"
2026-07-06T13:21:16Z,862272088833183,Codec8E,2026-07-06 13:21:14.000 UTC,1783344074000,0,41.5489316,-8.4195383,200,246,14,0,239,"{""239"":1,""240"":0,""80"":0,""21"":5,""200"":0,""69"":1,""237"":2,""113"":100,""263"":1,""303"":0,""383"":3,""181"":10,""182"":7,""66"":14162,""24"":0,""206"":26,""67"":4033,""68"":0,""13"":63,""17"":20,""18"":18,""19"":-69,""15"":1000,""13201"":437,""241"":26801,""199"":0,""16"":76134,""12"":390,""449"":0,""636"":110218793,""11"":893510181,""238"":0,""14"":2540732448,""387"":""2b3431353438392e333136372d303038343139352e333833332b3030302e3230302f""}"
2026-07-06T13:21:22Z,862272088833183,Codec8E,2026-07-06 13:21:17.000 UTC,1783344077000,0,41.5489316,-8.4195383,200,246,14,0,303,"{""239"":1,""240"":0,""80"":0,""21"":5,""200"":0,""69"":1,""237"":2,""113"":100,""263"":1,""303"":1,""383"":3,""181"":10,""182"":7,""66"":14182,""24"":0,""206"":26,""67"":4033,""68"":0,""13"":62,""17"":-35,""18"":-143,""19"":71,""15"":1000,""13201"":438,""241"":26801,""199"":0,""16"":76134,""12"":391,""449"":0,""636"":110218793,""11"":893510181,""238"":0,""14"":2540732448,""387"":""2b3431353438392e333136372d303038343139352e333833332b3030302e3230302f""}"
2026-07-06T13:21:22Z,862272088833183,Codec8E,2026-07-06 13:21:18.000 UTC,1783344078000,0,41.5489316,-8.4195383,200,246,14,0,240,"{""239"":1,""240"":1,""80"":1,""21"":5,""200"":0,""69"":1,""237"":2,""113"":100,""263"":1,""303"":1,""383"":3,""181"":10,""182"":7,""66"":13708,""24"":0,""206"":26,""67"":4034,""68"":0,""13"":62,""17"":-15,""18"":5,""19"":8,""15"":1000,""13201"":439,""241"":26801,""199"":0,""16"":76134,""12"":392,""449"":0,""636"":110218793,""11"":893510181,""238"":0,""14"":2540732448,""387"":""2b3431353438392e333136372d303038343139352e333833332b3030302e3230302f""}"
2026-07-06T13:21:27Z,862272088833183,Codec8E,2026-07-06 13:21:26.000 UTC,1783344086000,0,41.5488116,-8.4195933,190,206,14,7,0,"{""239"":1,""240"":1,""80"":1,""21"":5,""200"":0,""69"":1,""237"":2,""113"":100,""263"":1,""303"":1,""383"":3,""30"":0,""31"":39,""32"":72,""33"":0,""35"":87,""37"":25,""38"":222,""39"":49,""181"":10,""182"":7,""66"":14260,""24"":7,""206"":26,""67"":4034,""68"":0,""13"":63,""17"":476,""18"":170,""19"":123,""15"":1000,""13201"":439,""36"":3169,""40"":1019,""43"":0,""241"":26801,""199"":0,""16"":76155,""12"":393,""449"":0,""636"":110218793,""11"":893510181,""238"":0,""14"":2540732448,""387"":""2b3431353438382e313136372d303038343139352e393333332b3030302e3139302f""}"
2026-07-06T13:21:29Z,862272088833183,Codec8E,2026-07-06 13:21:28.000 UTC,1783344088000,0,41.5486649,-8.4197566,189,217,14,16,0,"{""239"":1,""240"":1,""80"":1,""21"":5,""200"":0,""69"":1,""237"":2,""113"":100,""263"":1,""303"":1,""383"":3,""30"":0,""31"":39,""32"":72,""33"":0,""35"":87,""37"":25,""38"":222,""39"":49,""181"":10,""182"":7,""66"":14255,""24"":16,""206"":26,""67"":4033,""68"":0,""13"":63,""17"":255,""18"":-57,""19"":346,""15"":1000,""13201"":441,""36"":3169,""40"":1019,""43"":0,""241"":26801,""199"":22,""16"":76177,""12"":393,""449"":0,""636"":110218793,""11"":893510181,""238"":0,""14"":2540732448,""387"":""2b3431353438362e363530302d303038343139372e353636372b3030302e3138392f""}"
2026-07-06T13:21:34Z,862272088833183,Codec8E,2026-07-06 13:21:32.000 UTC,1783344092000,0,41.5484200,-8.4200066,186,207,14,23,0,"{""239"":1,""240"":1,""80"":1,""21"":5,""200"":0,""69"":1,""237"":2,""113"":100,""263"":1,""303"":1,""383"":3,""30"":0,""31"":16,""32"":71,""33"":0,""35"":19,""37"":30,""38"":223,""39"":50,""181"":10,""182"":7,""66"":14236,""24"":23,""206"":26,""67"":4034,""68"":0,""13"":63,""17"":264,""18"":-90,""19"":112,""15"":1000,""13201"":441,""36"":2819,""40"":133,""43"":0,""241"":26801,""199"":56,""16"":76211,""12"":393,""449"":0,""636"":110218793,""11"":893510181,""238"":0,""14"":2540732448,""387"":""2b3431353438342e323030302d303038343230302e303636372b3030302e3138362f""}"
2026-07-06T13:21:38Z,862272088833183,Codec8E,2026-07-06 13:21:34.000 UTC,1783344094000,0,41.5483100,-8.4200500,184,194,13,23,0,"{""239"":1,""240"":1,""80"":1,""21"":5,""200"":0,""69"":1,""237"":2,""113"":100,""263"":1,""303"":1,""383"":3,""30"":0,""31"":16,""32"":71,""33"":0,""35"":19,""37"":30,""38"":223,""39"":50,""181"":10,""182"":8,""66"":14259,""24"":23,""206"":26,""67"":4033,""68"":0,""13"":63,""17"":6,""18"":20,""19"":226,""15"":1000,""13201"":441,""36"":2819,""40"":133,""43"":0,""241"":26801,""199"":69,""16"":76224,""12"":393,""449"":0,""636"":110218793,""11"":893510181,""238"":0,""14"":2540732448,""387"":""2b3431353438332e313030302d303038343230302e353030302b3030302e3138342f""}"
2026-07-06T13:21:38Z,862272088833183,Codec8E,2026-07-06 13:21:35.000 UTC,1783344095000,0,41.5482650,-8.4200416,183,182,13,22,0,"{""239"":1,""240"":1,""80"":1,""21"":5,""200"":0,""69"":1,""237"":2,""113"":100,""263"":1,""303"":1,""383"":3,""30"":0,""31"":4,""32"":70,""33"":0,""35"":16,""37"":19,""38"":246,""39"":51,""181"":10,""182"":8,""66"":14254,""24"":22,""206"":26,""67"":4033,""68"":0,""13"":63,""17"":65,""18"":-19,""19"":122,""15"":1000,""13201"":441,""36"":1924,""40"":1025,""43"":0,""241"":26801,""199"":74,""16"":76229,""12"":393,""449"":0,""636"":110218793,""11"":893510181,""238"":0,""14"":2540732448,""387"":""2b3431353438322e363530302d303038343230302e343136372b3030302e3138332f""}"
2026-07-06T13:21:38Z,862272088833183,Codec8E,2026-07-06 13:21:36.000 UTC,1783344096000,0,41.5482083,-8.4200133,183,170,14,23,0,"{""239"":1,""240"":1,""80"":1,""21"":5,""200"":0,""69"":1,""237"":2,""113"":100,""263"":1,""303"":1,""383"":3,""30"":0,""31"":4,""32"":70,""33"":0,""35"":16,""37"":19,""38"":246,""39"":51,""181"":10,""182"":7,""66"":14264,""24"":23,""206"":26,""67"":4033,""68"":0,""13"":63,""17"":950,""18"":184,""19"":283,""15"":1000,""13201"":441,""36"":1924,""40"":1025,""43"":0,""241"":26801,""199"":81,""16"":76236,""12"":393,""449"":0,""636"":110218793,""11"":893510181,""238"":0,""14"":2540732448,""387"":""2b3431353438322e303833332d303038343230302e313333332b3030302e3138332f""}"
2026-07-06T13:21:40Z,862272088833183,Codec8E,2026-07-06 13:21:38.000 UTC,1783344098000,0,41.5480450,-8.4199983,181,157,13,26,0,"{""239"":1,""240"":1,""80"":1,""21"":5,""200"":0,""69"":1,""237"":2,""113"":100,""263"":1,""303"":1,""383"":3,""30"":0,""31"":4,""32"":70,""33"":0,""35"":16,""37"":19,""38"":246,""39"":51,""181"":11,""182"":8,""66"":14273,""24"":26,""206"":26,""67"":4033,""68"":0,""13"":63,""17"":281,""18"":279,""19"":-86,""15"":1000,""13201"":441,""36"":1924,""40"":1025,""43"":0,""241"":26801,""199"":99,""16"":76254,""12"":393,""449"":0,""636"":110218793,""11"":893510181,""238"":0,""14"":2540732448,""387"":""2b3431353438302e343530302d303038343139392e393833332b3030302e3138312f""}"
2026-07-06T13:21:44Z,862272088833183,Codec8E,2026-07-06 13:21:43.000 UTC,1783344103000,0,41.5477666,-8.4198033,177,142,13,23,0,"{""239"":1,""240"":1,""80"":1,""21"":5,""200"":0,""69"":1,""237"":2,""113"":100,""263"":1,""303"":1,""383"":3,""30"":0,""31"":30,""32"":70,""33"":0,""35"":16,""37"":30,""38"":224,""39"":50,""181"":10,""182"":8,""66"":14267,""24"":23,""206"":26,""67"":4036,""68"":0,""13"":63,""17"":225,""18"":-199,""19"":173,""15"":1000,""13201"":443,""36"":2731,""40"":119,""43"":0,""241"":26801,""199"":135,""16"":76290,""12"":393,""449"":0,""636"":110218793,""11"":893510181,""238"":0,""14"":2540732448,""387"":""2b3431353437372e363636372d303038343139382e303333332b3030302e3137372f""}"
2026-07-06T13:21:45Z,862272088833183,Codec8E,2026-07-06 13:21:44.000 UTC,1783344104000,0,41.5477566,-8.4197466,177,109,14,20,0,"{""239"":1,""240"":1,""80"":1,""21"":5,""200"":0,""69"":1,""237"":2,""113"":100,""263"":1,""303"":1,""383"":3,""30"":0,""31"":4,""32"":70,""33"":0,""35"":54,""37"":12,""38"":246,""39"":51,""181"":10,""182"":7,""66"":14273,""24"":20,""206"":26,""67"":4035,""68"":0,""13"":63,""17"":13,""18"":-90,""19"":262,""15"":1000,""13201"":443,""36"":1599,""40"":897,""43"":0,""241"":26801,""199"":139,""16"":76294,""12"":393,""449"":0,""636"":110218793,""11"":893510181,""238"":0,""14"":2540732448,""387"":""2b3431353437372e353636372d303038343139372e343636372b3030302e3137372f""}"
2026-07-06T13:21:46Z,862272088833183,Codec8E,2026-07-06 13:21:45.000 UTC,1783344105000,0,41.5477550,-8.4196983,176,95,13,18,0,"{""239"":1,""240"":1,""80"":1,""21"":5,""200"":0,""69"":1,""237"":2,""113"":100,""263"":1,""303"":1,""383"":3,""30"":0,""31"":4,""32"":70,""33"":0,""35"":54,""37"":12,""38"":246,""39"":51,""181"":10,""182"":7,""66"":14267,""24"":18,""206"":26,""67"":4033,""68"":0,""13"":63,""17"":87,""18"":-24,""19"":174,""15"":1000,""13201"":443,""36"":1599,""40"":897,""43"":0,""241"":26801,""199"":143,""16"":76298,""12"":393,""449"":0,""636"":110218793,""11"":893510181,""238"":0,""14"":2540732448,""387"":""2b3431353437372e353530302d303038343139362e393833332b3030302e3137362f""}"
2026-07-06T13:21:47Z,862272088833183,Codec8E,2026-07-06 13:21:46.000 UTC,1783344106000,0,41.5477933,-8.4196300,176,82,14,18,0,"{""239"":1,""240"":1,""80"":1,""21"":5,""200"":0,""69"":1,""237"":2,""113"":100,""263"":1,""303"":1,""383"":3,""30"":0,""31"":4,""32"":70,""33"":0,""35"":54,""37"":12,""38"":246,""39"":51,""181"":10,""182"":7,""66"":14254,""24"":18,""206"":26,""67"":4033,""68"":0,""13"":63,""17"":-15,""18"":41,""19"":151,""15"":1000,""13201"":443,""36"":1599,""40"":897,""43"":0,""241"":26801,""199"":150,""16"":76305,""12"":393,""449"":0,""636"":110218793,""11"":893510181,""238"":0,""14"":2540732448,""387"":""2b3431353437372e393333332d303038343139362e333030302b3030302e3137362f""}"
2026-07-06T13:21:48Z,862272088833183,Codec8E,2026-07-06 13:21:47.000 UTC,1783344107000,0,41.5478316,-8.4195199,176,69,14,19,0,"{""239"":1,""240"":1,""80"":1,""21"":5,""200"":0,""69"":1,""237"":2,""113"":100,""263"":1,""303"":1,""383"":3,""30"":0,""31"":4,""32"":70,""33"":0,""35"":54,""37"":12,""38"":246,""39"":51,""181"":12,""182"":7,""66"":14254,""24"":19,""206"":26,""67"":4033,""68"":0,""13"":63,""17"":124,""18"":-75,""19"":190,""15"":1000,""13201"":443,""36"":1599,""40"":897,""43"":0,""241"":26801,""199"":161,""16"":76316,""12"":393,""449"":0,""636"":110218793,""11"":893510181,""238"":0,""14"":2540732448,""387"":""2b3431353437382e333136372d303038343139352e323030302b3030302e3137362f""}"
2026-07-06T13:21:50Z,862272088833183,Codec8E,2026-07-06 13:21:49.000 UTC,1783344109000,0,41.5479466,-8.4192733,174,59,14,25,0,"{""239"":1,""240"":1,""80"":1,""21"":5,""200"":0,""69"":1,""237"":2,""113"":100,""263"":1,""303"":1,""383"":3,""30"":0,""31"":50,""32"":70,""33"":249,""35"":128,""37"":34,""38"":230,""39"":48,""181"":10,""182"":7,""66"":14256,""24"":25,""206"":26,""67"":4034,""68"":0,""13"":63,""17"":234,""18"":132,""19"":159,""15"":1000,""13201"":443,""36"":3285,""40"":1544,""43"":0,""241"":26801,""199"":185,""16"":76340,""12"":393,""449"":0,""636"":110218793,""11"":893510181,""238"":0,""14"":2540732448,""387"":""2b3431353437392e343636372d303038343139322e373333332b3030302e3137342f""}"
2026-07-06T13:21:52Z,862272088833183,Codec8E,2026-07-06 13:21:51.000 UTC,1783344111000,0,41.5481033,-8.4190500,173,44,14,31,0,"{""239"":1,""240"":1,""80"":1,""21"":5,""200"":0,""69"":1,""237"":2,""113"":100,""263"":1,""303"":1,""383"":3,""30"":0,""31"":50,""32"":70,""33"":249,""35"":128,""37"":34,""38"":230,""39"":48,""181"":10,""182"":7,""66"":14254,""24"":31,""206"":26,""67"":4033,""68"":0,""13"":63,""17"":-36,""18"":-71,""19"":145,""15"":1000,""13201"":443,""36"":3285,""40"":1544,""43"":0,""241"":26801,""199"":210,""16"":76365,""12"":393,""449"":0,""636"":110218793,""11"":893510181,""238"":0,""14"":2540732448,""387"":""2b3431353438312e303333332d303038343139302e353030302b3030302e3137332f""}"
2026-07-06T13:21:58Z,862272088833183,Codec8E,2026-07-06 13:21:57.000 UTC,1783344117000,0,41.5486750,-8.4184300,172,37,14,41,0,"{""239"":1,""240"":1,""80"":1,""21"":5,""200"":0,""69"":1,""237"":2,""113"":100,""263"":1,""303"":1,""383"":3,""30"":0,""31"":51,""32"":69,""33"":253,""35"":95,""37"":46,""38"":222,""39"":47,""181"":10,""182"":7,""66"":14271,""24"":41,""206"":26,""67"":4035,""68"":0,""13"":63,""17"":188,""18"":-77,""19"":89,""15"":1000,""13201"":444,""36"":3022,""40"":150,""43"":0,""241"":26801,""199"":292,""16"":76447,""12"":393,""449"":0,""636"":110218793,""11"":893510181,""238"":0,""14"":2540732448,""387"":""2b3431353438362e373530302d303038343138342e333030302b3030302e3137322f""}"
2026-07-06T13:22:06Z,862272088833183,Codec8E,2026-07-06 13:22:05.000 UTC,1783344125000,0,41.5494283,-8.4177616,169,41,13,45,0,"{""239"":1,""240"":1,""80"":1,""21"":5,""200"":0,""69"":1,""237"":2,""113"":100,""263"":1,""303"":1,""383"":3,""30"":0,""31"":26,""32"":69,""33"":246,""35"":89,""37"":43,""38"":241,""39"":47,""181"":10,""182"":8,""66"":14262,""24"":45,""206"":26,""67"":4034,""68"":0,""13"":63,""17"":-44,""18"":162,""19"":86,""15"":1000,""13201"":444,""36"":2127,""40"":1594,""43"":0,""241"":26801,""199"":393,""16"":76548,""12"":393,""449"":0,""636"":110218793,""11"":893510181,""238"":0,""14"":2540732448,""387"":""2b3431353439342e323833332d303038343137372e363136372b3030302e3136392f""}"
2026-07-06T13:22:10Z,862272088833183,Codec8E,2026-07-06 13:22:08.000 UTC,1783344128000,0,41.5497433,-8.4173383,173,55,14,48,0,"{""239"":1,""240"":1,""80"":1,""21"":5,""200"":0,""69"":1,""237"":2,""113"":100,""263"":1,""303"":1,""383"":3,""30"":0,""31"":48,""32"":69,""33"":246,""35"":69,""37"":50,""38"":240,""39"":46,""181"":10,""182"":7,""66"":14275,""24"":48,""206"":26,""67"":4034,""68"":0,""13"":63,""17"":143,""18"":184,""19"":103,""15"":1000,""13201"":444,""36"":2526,""40"":1016,""43"":0,""241"":26801,""199"":443,""16"":76598,""12"":393,""449"":0,""636"":110218793,""11"":893510181,""238"":0,""14"":2540732448,""387"":""2b3431353439372e343333332d303038343137332e333833332b3030302e3137332f""}"
2026-07-06T13:22:15Z,862272088833183,Codec8E,2026-07-06 13:22:13.000 UTC,1783344133000,0,41.5499533,-8.4166616,184,65,14,41,0,"{""239"":1,""240"":1,""80"":1,""21"":5,""200"":0,""69"":1,""237"":2,""113"":100,""263"":1,""303"":1,""383"":3,""30"":0,""31"":7,""32"":69,""33"":0,""35"":17,""37"":46,""38"":227,""39"":48,""181"":10,""182"":7,""66"":14231,""24"":41,""206"":26,""67"":4034,""68"":0,""13"":63,""17"":335,""18"":-16,""19"":38,""15"":1000,""13201"":444,""36"":2397,""40"":102,""43"":0,""241"":26801,""199"":504,""16"":76659,""12"":393,""449"":0,""636"":110170155,""11"":893510181,""238"":0,""14"":2540732448,""387"":""2b3431353439392e353333332d303038343136362e363136372b3030302e3138342f""}"
2026-07-06T13:22:17Z,862272088833183,Codec8E,2026-07-06 13:22:16.000 UTC,1783344136000,0,41.5500033,-8.4164533,186,62,14,29,0,"{""239"":1,""240"":1,""80"":1,""21"":5,""200"":0,""69"":1,""237"":2,""113"":100,""263"":1,""303"":1,""383"":3,""30"":0,""31"":4,""32"":69,""33"":0,""35"":24,""37"":22,""38"":249,""39"":49,""181"":10,""182"":7,""66"":14213,""24"":29,""206"":26,""67"":4034,""68"":0,""13"":63,""17"":148,""18"":18,""19"":-82,""15"":1000,""13201"":444,""36"":816,""40"":136,""43"":0,""241"":26801,""199"":523,""16"":76678,""12"":393,""449"":0,""636"":110170155,""11"":893510181,""238"":0,""14"":2540732448,""387"":""2b3431353530302e303333332d303038343136342e353333332b3030302e3138362f""}"
2026-07-06T13:22:19Z,862272088833183,Codec8E,2026-07-06 13:22:18.000 UTC,1783344138000,0,41.5500100,-8.4163916,187,66,14,19,0,"{""239"":1,""240"":1,""80"":1,""21"":5,""200"":0,""69"":1,""237"":2,""113"":100,""263"":1,""303"":1,""383"":3,""30"":0,""31"":4,""32"":69,""33"":0,""35"":24,""37"":22,""38"":249,""39"":49,""181"":12,""182"":7,""66"":14218,""24"":19,""206"":26,""67"":4034,""68"":0,""13"":63,""17"":-13,""18"":6,""19"":-8,""15"":1000,""13201"":444,""36"":816,""40"":136,""43"":0,""241"":26801,""199"":526,""16"":76681,""12"":393,""449"":0,""636"":110170155,""11"":893510181,""238"":0,""14"":2540732448,""387"":""2b3431353530302e313030302d303038343136332e393136372b3030302e3138372f""}"
2026-07-06T13:22:22Z,862272088833183,Codec8E,2026-07-06 13:22:21.000 UTC,1783344141000,0,41.5500066,-8.4163816,188,66,14,8,0,"{""239"":1,""240"":1,""80"":1,""21"":5,""200"":0,""69"":1,""237"":2,""113"":100,""263"":1,""303"":1,""383"":3,""30"":0,""31"":12,""32"":69,""33"":253,""35"":35,""37"":0,""38"":0,""39"":49,""181"":10,""182"":7,""66"":14212,""24"":8,""206"":26,""67"":4034,""68"":0,""13"":63,""17"":-34,""18"":7,""19"":-9,""15"":1000,""13201"":446,""36"":881,""40"":147,""43"":0,""241"":26801,""199"":529,""16"":76684,""12"":393,""449"":0,""636"":110170155,""11"":893510181,""238"":0,""14"":2540732448,""387"":""2b3431353530302e303636372d303038343136332e383136372b3030302e3138382f""}"
2026-07-06T13:22:25Z,862272088833183,Codec8E,2026-07-06 13:22:24.000 UTC,1783344144000,0,41.5500066,-8.4163816,188,66,14,2,303,"{""239"":1,""240"":1,""80"":1,""21"":5,""200"":0,""69"":1,""237"":2,""113"":100,""263"":1,""303"":0,""383"":3,""30"":0,""31"":12,""32"":69,""33"":253,""35"":35,""37"":0,""38"":0,""39"":49,""181"":10,""182"":7,""66"":14215,""24"":3,""206"":26,""67"":4034,""68"":0,""13"":63,""17"":-32,""18"":5,""19"":-13,""15"":1000,""13201"":446,""36"":881,""40"":147,""43"":0,""241"":26801,""199"":529,""16"":76684,""12"":393,""449"":0,""636"":110170155,""11"":893510181,""238"":0,""14"":2540732448,""387"":""2b3431353530302e303636372d303038343136332e383136372b3030302e3138382f""}"
2026-07-06T13:23:16Z,862272088833183,Codec8E,2026-07-06 13:23:14.000 UTC,1783344194000,0,41.5500066,-8.4163816,188,66,15,0,303,"{""239"":1,""240"":1,""80"":1,""21"":5,""200"":0,""69"":1,""237"":2,""113"":100,""263"":1,""303"":1,""383"":3,""30"":0,""31"":13,""32"":72,""33"":4,""35"":37,""37"":0,""38"":1,""39"":49,""181"":10,""182"":7,""66"":14262,""24"":0,""206"":26,""67"":4033,""68"":0,""13"":64,""17"":-206,""18"":-11,""19"":290,""15"":1000,""13201"":446,""36"":894,""40"":152,""43"":0,""241"":26801,""199"":529,""16"":76684,""12"":405,""449"":0,""636"":110656555,""11"":893510181,""238"":0,""14"":2540732448,""387"":""2b3431353530302e303636372d303038343136332e383136372b3030302e3138382f""}"
2026-07-06T13:23:21Z,862272088833183,Codec8E,2026-07-06 13:23:20.000 UTC,1783344200000,0,41.5500766,-8.4162283,187,51,15,7,0,"{""239"":1,""240"":1,""80"":1,""21"":5,""200"":0,""69"":1,""237"":2,""113"":100,""263"":1,""303"":1,""383"":3,""30"":0,""31"":41,""32"":73,""33"":249,""35"":81,""37"":22,""38"":231,""39"":47,""181"":10,""182"":7,""66"":14253,""24"":7,""206"":26,""67"":4034,""68"":0,""13"":64,""17"":70,""18"":108,""19"":319,""15"":1000,""13201"":446,""36"":2894,""40"":1350,""43"":0,""241"":26801,""199"":543,""16"":76698,""12"":406,""449"":0,""636"":110656555,""11"":893510181,""238"":0,""14"":2540732448,""387"":""2b3431353530302e373636372d303038343136322e323833332b3030302e3138372f""}"
2026-07-06T13:23:24Z,862272088833183,Codec8E,2026-07-06 13:23:23.000 UTC,1783344203000,0,41.5502183,-8.4159550,188,58,14,19,0,"{""239"":1,""240"":1,""80"":1,""21"":5,""200"":0,""69"":1,""237"":2,""113"":100,""263"":1,""303"":1,""383"":3,""30"":0,""31"":41,""32"":73,""33"":249,""35"":81,""37"":22,""38"":231,""39"":47,""181"":10,""182"":7,""66"":14253,""24"":19,""206"":26,""67"":4034,""68"":0,""13"":64,""17"":-89,""18"":49,""19"":192,""15"":1000,""13201"":447,""36"":2894,""40"":1350,""43"":0,""241"":26801,""199"":571,""16"":76726,""12"":406,""449"":0,""636"":110656555,""11"":893510181,""238"":0,""14"":2540732448,""387"":""2b3431353530322e313833332d303038343135392e353530302b3030302e3138382f""}"
2026-07-06T13:23:27Z,862272088833183,Codec8E,2026-07-06 13:23:26.000 UTC,1783344206000,0,41.5503866,-8.4155966,189,59,13,31,0,"{""239"":1,""240"":1,""80"":1,""21"":5,""200"":0,""69"":1,""237"":2,""113"":100,""263"":1,""303"":1,""383"":3,""30"":0,""31"":46,""32"":73,""33"":249,""35"":24,""37"":37,""38"":239,""39"":46,""181"":11,""182"":8,""66"":14267,""24"":31,""206"":26,""67"":4035,""68"":0,""13"":64,""17"":43,""18"":33,""19"":65,""15"":1000,""13201"":448,""36"":2931,""40"":1616,""43"":0,""241"":26801,""199"":606,""16"":76761,""12"":406,""449"":0,""636"":110656555,""11"":893510181,""238"":0,""14"":2540732448,""387"":""2b3431353530332e383636372d303038343135352e393636372b3030302e3138392f""}"
2026-07-06T13:23:31Z,862272088833183,Codec8E,2026-07-06 13:23:30.000 UTC,1783344210000,0,41.5506283,-8.4149050,190,61,14,42,0,"{""239"":1,""240"":1,""80"":1,""21"":5,""200"":0,""69"":1,""237"":2,""113"":100,""263"":1,""303"":1,""383"":3,""30"":0,""31"":37,""32"":73,""33"":251,""35"":34,""37"":48,""38"":222,""39"":46,""181"":10,""182"":7,""66"":14260,""24"":42,""206"":26,""67"":4035,""68"":0,""13"":64,""17"":547,""18"":258,""19"":78,""15"":1000,""13201"":448,""36"":3230,""40"":205,""43"":0,""241"":26801,""199"":670,""16"":76825,""12"":406,""449"":0,""636"":110656555,""11"":893510181,""238"":0,""14"":2540732448,""387"":""2b3431353530362e323833332d303038343134392e303530302b3030302e3139302f""}"
2026-07-06T13:23:39Z,862272088833183,Codec8E,2026-07-06 13:23:38.000 UTC,1783344218000,0,41.5511783,-8.4139016,192,62,13,49,0,"{""239"":1,""240"":1,""80"":1,""21"":5,""200"":0,""69"":1,""237"":2,""113"":100,""263"":1,""303"":1,""383"":3,""30"":0,""31"":9,""32"":73,""33"":249,""35"":72,""37"":46,""38"":237,""39"":47,""181"":11,""182"":8,""66"":14254,""24"":49,""206"":26,""67"":4035,""68"":0,""13"":64,""17"":149,""18"":-69,""19"":-29,""15"":1000,""13201"":448,""36"":3128,""40"":1750,""43"":0,""241"":26801,""199"":774,""16"":76929,""12"":406,""449"":0,""636"":110656555,""11"":893510181,""238"":0,""14"":2540732448,""387"":""2b3431353531312e373833332d303038343133392e303136372b3030302e3139322f""}"
2026-07-06T13:23:47Z,862272088833183,Codec8E,2026-07-06 13:23:46.000 UTC,1783344226000,0,41.5515716,-8.4128083,196,70,14,40,0,"{""239"":1,""240"":1,""80"":1,""21"":5,""200"":0,""69"":1,""237"":2,""113"":100,""263"":1,""303"":1,""383"":3,""30"":0,""31"":6,""32"":73,""33"":0,""35"":18,""37"":49,""38"":226,""39"":47,""181"":12,""182"":7,""66"":14230,""24"":40,""206"":26,""67"":4035,""68"":0,""13"":64,""17"":51,""18"":240,""19"":-90,""15"":1000,""13201"":448,""36"":2495,""40"":136,""43"":0,""241"":26801,""199"":875,""16"":77030,""12"":406,""449"":0,""636"":110656555,""11"":893510181,""238"":0,""14"":2540732448,""387"":""2b3431353531352e373136372d303038343132382e303833332b3030302e3139362f""}"
2026-07-06T13:23:49Z,862272088833183,Codec8E,2026-07-06 13:23:48.000 UTC,1783344228000,0,41.5515716,-8.4126750,197,90,14,32,0,"{""239"":1,""240"":1,""80"":1,""21"":5,""200"":0,""69"":1,""237"":2,""113"":100,""263"":1,""303"":1,""383"":3,""30"":0,""31"":6,""32"":73,""33"":0,""35"":33,""37"":19,""38"":251,""39"":48,""181"":12,""182"":7,""66"":14260,""24"":32,""206"":26,""67"":4033,""68"":0,""13"":64,""17"":-47,""18"":74,""19"":260,""15"":1000,""13201"":448,""36"":1037,""40"":202,""43"":0,""241"":26801,""199"":886,""16"":77041,""12"":406,""449"":0,""636"":110656555,""11"":893510181,""238"":0,""14"":2540732448,""387"":""2b3431353531352e373136372d303038343132362e373530302b3030302e3139372f""}"
2026-07-06T13:23:50Z,862272088833183,Codec8E,2026-07-06 13:23:49.000 UTC,1783344229000,0,41.5515333,-8.4126566,196,113,14,28,0,"{""239"":1,""240"":1,""80"":1,""21"":5,""200"":0,""69"":1,""237"":2,""113"":100,""263"":1,""303"":1,""383"":3,""30"":0,""31"":6,""32"":73,""33"":0,""35"":33,""37"":19,""38"":251,""39"":48,""181"":12,""182"":7,""66"":14251,""24"":28,""206"":26,""67"":4034,""68"":0,""13"":64,""17"":139,""18"":137,""19"":389,""15"":1000,""13201"":448,""36"":1037,""40"":202,""43"":0,""241"":26801,""199"":891,""16"":77046,""12"":406,""449"":0,""636"":110656555,""11"":893510181,""238"":0,""14"":2540732448,""387"":""2b3431353531352e333333332d303038343132362e353636372b3030302e3139362f""}"
2026-07-06T13:23:51Z,862272088833183,Codec8E,2026-07-06 13:23:50.000 UTC,1783344230000,0,41.5514850,-8.4126116,196,133,14,25,0,"{""239"":1,""240"":1,""80"":1,""21"":5,""200"":0,""69"":1,""237"":2,""113"":100,""263"":1,""303"":1,""383"":3,""30"":0,""31"":6,""32"":73,""33"":0,""35"":33,""37"":19,""38"":251,""39"":48,""181"":10,""182"":7,""66"":14258,""24"":25,""206"":26,""67"":4033,""68"":0,""13"":64,""17"":110,""18"":67,""19"":78,""15"":1000,""13201"":448,""36"":1037,""40"":202,""43"":0,""241"":26801,""199"":897,""16"":77052,""12"":406,""449"":0,""636"":110656555,""11"":893510181,""238"":0,""14"":2540732448,""387"":""2b3431353531342e383530302d303038343132362e313136372b3030302e3139362f""}"
2026-07-06T13:23:52Z,862272088833183,Codec8E,2026-07-06 13:23:51.000 UTC,1783344231000,0,41.5514066,-8.4125533,196,146,14,26,0,"{""239"":1,""240"":1,""80"":1,""21"":5,""200"":0,""69"":1,""237"":2,""113"":100,""263"":1,""303"":1,""383"":3,""30"":0,""31"":6,""32"":73,""33"":0,""35"":33,""37"":19,""38"":251,""39"":48,""181"":12,""182"":7,""66"":14256,""24"":26,""206"":26,""67"":4033,""68"":0,""13"":64,""17"":270,""18"":-82,""19"":115,""15"":1000,""13201"":448,""36"":1037,""40"":202,""43"":0,""241"":26801,""199"":907,""16"":77062,""12"":406,""449"":0,""636"":110656555,""11"":893510181,""238"":0,""14"":2540732448,""387"":""2b3431353531342e303636372d303038343132352e353333332b3030302e3139362f""}"
2026-07-06T13:24:01Z,862272088833183,Codec8E,2026-07-06 13:24:00.000 UTC,1783344240000,0,41.5507633,-8.4120600,188,156,14,25,0,"{""239"":1,""240"":1,""80"":1,""21"":5,""200"":0,""69"":1,""237"":2,""113"":100,""263"":1,""303"":1,""383"":3,""30"":0,""31"":6,""32"":72,""33"":0,""35"":18,""37"":34,""38"":228,""39"":48,""181"":10,""182"":7,""66"":14198,""24"":25,""206"":26,""67"":4033,""68"":0,""13"":64,""17"":81,""18"":0,""19"":-164,""15"":1000,""13201"":450,""36"":2305,""40"":113,""43"":0,""241"":26801,""199"":990,""16"":77145,""12"":406,""449"":0,""636"":110656555,""11"":893510181,""238"":0,""14"":2540732448,""387"":""2b3431353530372e363333332d303038343132302e363030302b3030302e3138382f""}"
2026-07-06T13:24:04Z,862272088833183,Codec8E,2026-07-06 13:24:02.000 UTC,1783344242000,0,41.5507500,-8.4120483,187,153,14,15,0,"{""239"":1,""240"":1,""80"":1,""21"":5,""200"":0,""69"":1,""237"":2,""113"":100,""263"":1,""303"":1,""383"":3,""30"":0,""31"":6,""32"":72,""33"":0,""35"":34,""37"":6,""38"":255,""39"":48,""181"":10,""182"":7,""66"":14190,""24"":15,""206"":26,""67"":4033,""68"":0,""13"":64,""17"":-8,""18"":30,""19"":-50,""15"":1000,""13201"":450,""36"":894,""40"":147,""43"":0,""241"":26801,""199"":990,""16"":77145,""12"":406,""449"":0,""636"":110656555,""11"":893510181,""238"":0,""14"":2540732448,""387"":""2b3431353530372e353030302d303038343132302e343833332b3030302e3138372f""}"
2026-07-06T13:24:07Z,862272088833183,Codec8E,2026-07-06 13:24:06.000 UTC,1783344246000,0,41.5507483,-8.4120500,186,153,14,4,0,"{""239"":1,""240"":1,""80"":1,""21"":5,""200"":0,""69"":1,""237"":2,""113"":100,""263"":1,""303"":1,""383"":3,""30"":0,""31"":13,""32"":72,""33"":0,""35"":36,""37"":0,""38"":1,""39"":48,""181"":10,""182"":7,""66"":14212,""24"":4,""206"":26,""67"":4034,""68"":0,""13"":64,""17"":0,""18"":30,""19"":-61,""15"":1000,""13201"":450,""36"":861,""40"":150,""43"":0,""241"":26801,""199"":990,""16"":77145,""12"":406,""449"":0,""636"":110656555,""11"":893510181,""238"":0,""14"":2540732448,""387"":""2b3431353530372e343833332d303038343132302e353030302b3030302e3138362f""}"
2026-07-06T13:24:08Z,862272088833183,Codec8E,2026-07-06 13:24:07.000 UTC,1783344247000,0,41.5507483,-8.4120500,186,153,15,2,303,"{""239"":1,""240"":1,""80"":1,""21"":5,""200"":0,""69"":1,""237"":2,""113"":100,""263"":1,""303"":0,""383"":3,""30"":0,""31"":13,""32"":72,""33"":0,""35"":36,""37"":0,""38"":1,""39"":48,""181"":9,""182"":7,""66"":14215,""24"":2,""206"":26,""67"":4034,""68"":0,""13"":64,""17"":0,""18"":26,""19"":-59,""15"":1000,""13201"":450,""36"":861,""40"":150,""43"":0,""241"":26801,""199"":990,""16"":77145,""12"":406,""449"":0,""636"":110656555,""11"":893510181,""238"":0,""14"":2540732448,""387"":""2b3431353530372e343833332d303038343132302e353030302b3030302e3138362f""}"
2026-07-06T13:24:10Z,862272088833183,Codec8E,2026-07-06 13:24:09.000 UTC,1783344249000,0,41.5507483,-8.4120500,186,153,15,1,303,"{""239"":1,""240"":1,""80"":1,""21"":5,""200"":0,""69"":1,""237"":2,""113"":100,""263"":1,""303"":1,""383"":3,""30"":0,""31"":13,""32"":72,""33"":0,""35"":36,""37"":0,""38"":1,""39"":48,""181"":9,""182"":7,""66"":14221,""24"":1,""206"":26,""67"":4033,""68"":0,""13"":64,""17"":-119,""18"":20,""19"":196,""15"":1000,""13201"":450,""36"":861,""40"":150,""43"":0,""241"":26801,""199"":990,""16"":77145,""12"":406,""449"":0,""636"":110656555,""11"":893510181,""238"":0,""14"":2540732448,""387"":""2b3431353530372e343833332d303038343132302e353030302b3030302e3138362f""}"
2026-07-06T13:24:16Z,862272088833183,Codec8E,2026-07-06 13:24:15.000 UTC,1783344255000,0,41.5506233,-8.4119550,187,147,15,11,0,"{""239"":1,""240"":1,""80"":1,""21"":5,""200"":0,""69"":1,""237"":2,""113"":100,""263"":1,""303"":1,""383"":3,""30"":0,""31"":30,""32"":72,""33"":0,""35"":40,""37"":18,""38"":229,""39"":47,""181"":11,""182"":7,""66"":14261,""24"":11,""206"":26,""67"":4035,""68"":0,""13"":64,""17"":38,""18"":-116,""19"":42,""15"":1000,""13201"":451,""36"":2253,""40"":147,""43"":0,""241"":26801,""199"":1008,""16"":77163,""12"":406,""449"":0,""636"":110656555,""11"":893510181,""238"":0,""14"":2540732448,""387"":""2b3431353530362e323333332d303038343131392e353530302b3030302e3138372f""}"
2026-07-06T13:24:19Z,862272088833183,Codec8E,2026-07-06 13:24:17.000 UTC,1783344257000,0,41.5505466,-8.4118800,188,132,14,14,0,"{""239"":1,""240"":1,""80"":1,""21"":5,""200"":0,""69"":1,""237"":2,""113"":100,""263"":1,""303"":1,""383"":3,""30"":0,""31"":30,""32"":72,""33"":0,""35"":40,""37"":18,""38"":229,""39"":47,""181"":12,""182"":7,""66"":14262,""24"":14,""206"":26,""67"":4033,""68"":0,""13"":64,""17"":23,""18"":-207,""19"":105,""15"":1000,""13201"":451,""36"":2253,""40"":147,""43"":0,""241"":26801,""199"":1019,""16"":77174,""12"":406,""449"":0,""636"":110656555,""11"":893510181,""238"":0,""14"":2540732448,""387"":""2b3431353530352e343636372d303038343131382e383030302b3030302e3138382f""}"
2026-07-06T13:24:19Z,862272088833183,Codec8E,2026-07-06 13:24:18.000 UTC,1783344258000,0,41.5505233,-8.4118250,189,113,14,15,0,"{""239"":1,""240"":1,""80"":1,""21"":5,""200"":0,""69"":1,""237"":2,""113"":100,""263"":1,""303"":1,""383"":3,""30"":0,""31"":30,""32"":72,""33"":0,""35"":40,""37"":18,""38"":229,""39"":47,""181"":12,""182"":7,""66"":14245,""24"":15,""206"":26,""67"":4033,""68"":0,""13"":64,""17"":-80,""18"":-241,""19"":149,""15"":1000,""13201"":451,""36"":2253,""40"":147,""43"":0,""241"":26801,""199"":1024,""16"":77179,""12"":406,""449"":0,""636"":110656555,""11"":893510181,""238"":0,""14"":2540732448,""387"":""2b3431353530352e323333332d303038343131382e323530302b3030302e3138392f""}"
2026-07-06T13:24:20Z,862272088833183,Codec8E,2026-07-06 13:24:19.000 UTC,1783344259000,0,41.5505133,-8.4117666,189,90,14,16,0,"{""239"":1,""240"":1,""80"":1,""21"":5,""200"":0,""69"":1,""237"":2,""113"":100,""263"":1,""303"":1,""383"":3,""30"":0,""31"":30,""32"":72,""33"":0,""35"":40,""37"":18,""38"":229,""39"":47,""181"":10,""182"":7,""66"":14248,""24"":16,""206"":26,""67"":4033,""68"":0,""13"":64,""17"":-10,""18"":-118,""19"":214,""15"":1000,""13201"":451,""36"":2253,""40"":147,""43"":0,""241"":26801,""199"":1029,""16"":77184,""12"":406,""449"":0,""636"":110656555,""11"":893510181,""238"":0,""14"":2540732448,""387"":""2b3431353530352e313333332d303038343131372e363636372b3030302e3138392f""}"
2026-07-06T13:24:21Z,862272088833183,Codec8E,2026-07-06 13:24:20.000 UTC,1783344260000,0,41.5505333,-8.4117066,190,69,14,17,0,"{""239"":1,""240"":1,""80"":1,""21"":5,""200"":0,""69"":1,""237"":2,""113"":100,""263"":1,""303"":1,""383"":3,""30"":0,""31"":14,""32"":72,""33"":253,""35"":62,""37"":20,""38"":240,""39"":47,""181"":12,""182"":7,""66"":14252,""24"":17,""206"":26,""67"":4034,""68"":0,""13"":64,""17"":-62,""18"":39,""19"":204,""15"":1000,""13201"":451,""36"":1908,""40"":1455,""43"":0,""241"":26801,""199"":1034,""16"":77189,""12"":406,""449"":0,""636"":110656555,""11"":893510181,""238"":0,""14"":2540732448,""387"":""2b3431353530352e333333332d303038343131372e303636372b3030302e3139302f""}"
2026-07-06T13:24:23Z,862272088833183,Codec8E,2026-07-06 13:24:22.000 UTC,1783344262000,0,41.5506149,-8.4115183,190,57,14,23,0,"{""239"":1,""240"":1,""80"":1,""21"":5,""200"":0,""69"":1,""237"":2,""113"":100,""263"":1,""303"":1,""383"":3,""30"":0,""31"":14,""32"":72,""33"":253,""35"":62,""37"":20,""38"":240,""39"":47,""181"":10,""182"":7,""66"":14246,""24"":23,""206"":26,""67"":4034,""68"":0,""13"":64,""17"":-55,""18"":13,""19"":170,""15"":1000,""13201"":451,""36"":1908,""40"":1455,""43"":0,""241"":26801,""199"":1052,""16"":77207,""12"":406,""449"":0,""636"":110656555,""11"":893510181,""238"":0,""14"":2540732448,""387"":""2b3431353530362e313530302d303038343131352e313833332b3030302e3139302f""}"
2026-07-06T13:24:26Z,862272088833183,Codec8E,2026-07-06 13:24:25.000 UTC,1783344265000,0,41.5507666,-8.4110616,191,59,14,36,0,"{""239"":1,""240"":1,""80"":1,""21"":5,""200"":0,""69"":1,""237"":2,""113"":100,""263"":1,""303"":1,""383"":3,""30"":0,""31"":57,""32"":72,""33"":0,""35"":82,""37"":39,""38"":243,""39"":46,""181"":10,""182"":7,""66"":14274,""24"":36,""206"":26,""67"":4035,""68"":0,""13"":64,""17"":12,""18"":14,""19"":33,""15"":1000,""13201"":451,""36"":2525,""40"":2600,""43"":0,""241"":26801,""199"":1094,""16"":77249,""12"":406,""449"":0,""636"":110656555,""11"":893510181,""238"":0,""14"":2540732448,""387"":""2b3431353530372e363636372d303038343131302e363136372b3030302e3139312f""}"
2026-07-06T13:24:29Z,862272088833183,Codec8E,2026-07-06 13:24:28.000 UTC,1783344268000,0,41.5509933,-8.4105900,190,62,14,46,0,"{""239"":1,""240"":1,""80"":1,""21"":5,""200"":0,""69"":1,""237"":2,""113"":100,""263"":1,""303"":1,""383"":3,""30"":0,""31"":57,""32"":72,""33"":0,""35"":82,""37"":39,""38"":243,""39"":46,""181"":10,""182"":7,""66"":14267,""24"":46,""206"":26,""67"":4035,""68"":0,""13"":64,""17"":-40,""18"":11,""19"":167,""15"":1000,""13201"":451,""36"":2525,""40"":2600,""43"":0,""241"":26801,""199"":1141,""16"":77296,""12"":406,""449"":0,""636"":110170153,""11"":893510181,""238"":0,""14"":2540732448,""387"":""2b3431353530392e393333332d303038343130352e393030302b3030302e3139302f""}"
2026-07-06T13:24:32Z,862272088833183,Codec8E,2026-07-06 13:24:30.000 UTC,1783344270000,0,41.5511583,-8.4102500,189,62,14,53,255,"{""239"":1,""240"":1,""80"":1,""21"":5,""200"":0,""69"":1,""237"":2,""113"":100,""263"":1,""303"":1,""383"":3,""30"":0,""31"":4,""32"":72,""33"":0,""35"":117,""37"":55,""38"":245,""39"":46,""255"":53,""181"":10,""182"":7,""66"":14247,""24"":53,""206"":26,""67"":4035,""68"":0,""13"":64,""17"":-63,""18"":16,""19"":76,""15"":1000,""13201"":451,""36"":2715,""40"":2519,""43"":0,""241"":26801,""199"":1175,""16"":77330,""12"":406,""449"":0,""636"":110136875,""11"":893510181,""238"":0,""14"":2540732448,""387"":""2b3431353531312e353833332d303038343130322e353030302b3030302e3138392f""}"
2026-07-06T13:24:35Z,862272088833183,Codec8E,2026-07-06 13:24:34.000 UTC,1783344274000,0,41.5514749,-8.4094183,190,60,14,64,0,"{""239"":1,""240"":1,""80"":1,""21"":5,""200"":0,""69"":1,""237"":2,""113"":100,""263"":1,""303"":1,""383"":3,""30"":0,""31"":9,""32"":73,""33"":253,""35"":116,""37"":67,""38"":245,""39"":46,""181"":10,""182"":7,""66"":14249,""24"":64,""206"":26,""67"":4036,""68"":0,""13"":64,""17"":79,""18"":-5,""19"":102,""15"":1000,""13201"":452,""36"":2426,""40"":2102,""43"":0,""241"":26801,""199"":1253,""16"":77408,""12"":406,""449"":0,""636"":110170154,""11"":893510181,""238"":0,""14"":2540732448,""387"":""2b3431353531342e373530302d303038343039342e313833332b3030302e3139302f""}"
2026-07-06T13:24:40Z,862272088833183,Codec8E,2026-07-06 13:24:39.000 UTC,1783344279000,0,41.5519566,-8.4082550,189,60,14,74,0,"{""239"":1,""240"":1,""80"":1,""21"":5,""200"":0,""69"":1,""237"":2,""113"":100,""263"":1,""303"":1,""383"":3,""30"":0,""31"":64,""32"":73,""33"":250,""35"":21,""37"":75,""38"":242,""39"":46,""181"":10,""182"":7,""66"":14238,""24"":74,""206"":26,""67"":4036,""68"":0,""13"":64,""17"":94,""18"":34,""19"":94,""15"":1000,""13201"":453,""36"":2183,""40"":1425,""43"":0,""241"":26801,""199"":1363,""16"":77518,""12"":406,""449"":0,""636"":110170153,""11"":893510181,""238"":0,""14"":2540732448,""387"":""2b3431353531392e353636372d303038343038322e353530302b3030302e3138392f""}"
2026-07-06T13:24:45Z,862272088833183,Codec8E,2026-07-06 13:24:44.000 UTC,1783344284000,0,41.5524533,-8.4070666,191,61,14,79,0,"{""239"":1,""240"":1,""80"":1,""21"":5,""200"":0,""69"":1,""237"":2,""113"":100,""263"":1,""303"":1,""383"":3,""30"":0,""31"":57,""32"":73,""33"":252,""35"":126,""37"":82,""38"":245,""39"":46,""181"":12,""182"":7,""66"":14271,""24"":79,""206"":26,""67"":4035,""68"":0,""13"":64,""17"":32,""18"":29,""19"":78,""15"":1000,""13201"":453,""36"":2160,""40"":1144,""43"":0,""241"":26801,""199"":1477,""16"":77632,""12"":406,""449"":0,""636"":110170153,""11"":893510181,""238"":0,""14"":2540732448,""387"":""2b3431353532342e353333332d303038343037302e363636372b3030302e3139312f""}"
2026-07-06T13:24:50Z,862272088833183,Codec8E,2026-07-06 13:24:49.000 UTC,1783344289000,0,41.5529233,-8.4059450,191,61,14,79,0,"{""239"":1,""240"":1,""80"":1,""21"":5,""200"":0,""69"":1,""237"":2,""113"":100,""263"":1,""303"":1,""383"":3,""30"":0,""31"":28,""32"":73,""33"":253,""35"":101,""37"":76,""38"":242,""39"":46,""181"":12,""182"":7,""66"":14259,""24"":79,""206"":26,""67"":4034,""68"":0,""13"":64,""17"":-11,""18"":5,""19"":-46,""15"":1000,""13201"":453,""36"":1989,""40"":1322,""43"":0,""241"":26801,""199"":1583,""16"":77738,""12"":406,""449"":0,""636"":110136873,""11"":893510181,""238"":0,""14"":2540732448,""387"":""2b3431353532392e323333332d303038343035392e343530302b3030302e3139312f""}"
2026-07-06T13:24:55Z,862272088833183,Codec8E,2026-07-06 13:24:54.000 UTC,1783344294000,0,41.5534116,-8.4047116,183,61,14,83,0,"{""239"":1,""240"":1,""80"":1,""21"":5,""200"":0,""69"":1,""237"":2,""113"":100,""263"":1,""303"":1,""383"":3,""30"":0,""31"":18,""32"":73,""33"":249,""35"":30,""37"":82,""38"":227,""39"":46,""181"":10,""182"":7,""66"":14296,""24"":83,""206"":26,""67"":4034,""68"":0,""13"":64,""17"":90,""18"":-7,""19"":18,""15"":1000,""13201"":453,""36"":2146,""40"":191,""43"":0,""241"":26801,""199"":1700,""16"":77855,""12"":406,""449"":0,""636"":110136874,""11"":893510181,""238"":0,""14"":2540732448,""387"":""2b3431353533342e313136372d303038343034372e313136372b3030302e3138332f""}"
2026-07-06T13:25:00Z,862272088833183,Codec8E,2026-07-06 13:24:59.000 UTC,1783344299000,0,41.5538649,-8.4035616,184,64,14,78,0,"{""239"":1,""240"":1,""80"":1,""21"":5,""200"":0,""69"":1,""237"":2,""113"":100,""263"":1,""303"":1,""383"":3,""30"":0,""31"":8,""32"":73,""33"":0,""35"":29,""37"":79,""38"":242,""39"":47,""181"":10,""182"":7,""66"":14268,""24"":78,""206"":26,""67"":4034,""68"":0,""13"":64,""17"":51,""18"":-48,""19"":-24,""15"":1000,""13201"":453,""36"":2053,""40"":252,""43"":0,""241"":26801,""199"":1808,""16"":77963,""12"":406,""449"":0,""636"":110136874,""11"":893510181,""238"":0,""14"":2540732448,""387"":""2b3431353533382e363530302d303038343033352e363136372b3030302e3138342f""}"
2026-07-06T13:25:05Z,862272088833183,Codec8E,2026-07-06 13:25:04.000 UTC,1783344304000,0,41.5542600,-8.4026183,188,61,13,66,0,"{""239"":1,""240"":1,""80"":1,""21"":5,""200"":0,""69"":1,""237"":2,""113"":100,""263"":1,""303"":1,""383"":3,""30"":0,""31"":10,""32"":73,""33"":0,""35"":21,""37"":73,""38"":231,""39"":48,""181"":11,""182"":8,""66"":14216,""24"":66,""206"":26,""67"":4036,""68"":0,""13"":64,""17"":8,""18"":-36,""19"":-20,""15"":1000,""13201"":453,""36"":1921,""40"":119,""43"":0,""241"":26801,""199"":1898,""16"":78053,""12"":406,""449"":0,""636"":110136874,""11"":893510181,""238"":0,""14"":2540732448,""387"":""2b3431353534322e363030302d303038343032362e313833332b3030302e3138382f""}"
2026-07-06T13:25:08Z,862272088833183,Codec8E,2026-07-06 13:25:07.000 UTC,1783344307000,0,41.5544500,-8.4021783,187,60,13,56,0,"{""239"":1,""240"":1,""80"":1,""21"":5,""200"":0,""69"":1,""237"":2,""113"":100,""263"":1,""303"":1,""383"":3,""30"":0,""31"":5,""32"":72,""33"":0,""35"":19,""37"":55,""38"":243,""39"":48,""181"":11,""182"":8,""66"":14226,""24"":56,""206"":26,""67"":4036,""68"":0,""13"":64,""17"":56,""18"":15,""19"":-36,""15"":1000,""13201"":453,""36"":1168,""40"":133,""43"":0,""241"":26801,""199"":1940,""16"":78095,""12"":406,""449"":0,""636"":110136874,""11"":893510181,""238"":0,""14"":2540732448,""387"":""2b3431353534342e353030302d303038343032312e373833332b3030302e3138372f""}"
2026-07-06T13:25:12Z,862272088833183,Codec8E,2026-07-06 13:25:11.000 UTC,1783344311000,0,41.5546783,-8.4016183,186,61,14,48,255,"{""239"":1,""240"":1,""80"":1,""21"":5,""200"":0,""69"":1,""237"":2,""113"":100,""263"":1,""303"":1,""383"":3,""30"":0,""31"":10,""32"":72,""33"":21,""35"":31,""37"":46,""38"":252,""39"":48,""255"":48,""181"":10,""182"":7,""66"":14225,""24"":48,""206"":26,""67"":4035,""68"":0,""13"":64,""17"":113,""18"":-29,""19"":-56,""15"":1000,""13201"":453,""36"":937,""40"":136,""43"":0,""241"":26801,""199"":1993,""16"":78148,""12"":406,""449"":0,""636"":110136874,""11"":893510181,""238"":0,""14"":2540732448,""387"":""2b3431353534362e373833332d303038343031362e313833332b3030302e3138362f""}"
2026-07-06T13:25:15Z,862272088833183,Codec8E,2026-07-06 13:25:14.000 UTC,1783344314000,0,41.5548200,-8.4012766,187,58,14,38,0,"{""239"":1,""240"":1,""80"":1,""21"":5,""200"":0,""69"":1,""237"":2,""113"":100,""263"":1,""303"":1,""383"":3,""30"":0,""31"":10,""32"":72,""33"":21,""35"":31,""37"":46,""38"":252,""39"":48,""181"":10,""182"":7,""66"":14232,""24"":38,""206"":26,""67"":4034,""68"":0,""13"":64,""17"":-11,""18"":28,""19"":-32,""15"":1000,""13201"":453,""36"":937,""40"":136,""43"":0,""241"":26801,""199"":2026,""16"":78181,""12"":406,""449"":0,""636"":110136874,""11"":893510181,""238"":0,""14"":2540732448,""387"":""2b3431353534382e323030302d303038343031322e373636372b3030302e3138372f""}"
2026-07-06T13:25:26Z,862272088833183,Codec8E,2026-07-06 13:25:24.000 UTC,1783344324000,0,41.5552933,-8.4001266,187,60,13,48,0,"{""239"":1,""240"":1,""80"":1,""21"":5,""200"":0,""69"":1,""237"":2,""113"":100,""263"":1,""303"":1,""383"":3,""30"":0,""31"":68,""32"":71,""33"":1,""35"":86,""37"":52,""38"":241,""39"":46,""181"":11,""182"":8,""66"":14252,""24"":48,""206"":26,""67"":4036,""68"":0,""13"":64,""17"":11,""18"":25,""19"":142,""15"":1000,""13201"":454,""36"":2582,""40"":2466,""43"":0,""241"":26801,""199"":2136,""16"":78291,""12"":406,""449"":0,""636"":110136873,""11"":893510181,""238"":0,""14"":2540732448,""387"":""2b3431353535322e393333332d303038343030312e323636372b3030302e3138372f""}"
2026-07-06T13:25:28Z,862272088833183,Codec8E,2026-07-06 13:25:26.000 UTC,1783344326000,0,41.5555316,-8.3995033,188,56,13,57,255,"{""239"":1,""240"":1,""80"":1,""21"":5,""200"":0,""69"":1,""237"":2,""113"":100,""263"":1,""303"":1,""383"":3,""30"":0,""31"":68,""32"":71,""33"":1,""35"":86,""37"":52,""38"":241,""39"":46,""255"":57,""181"":11,""182"":8,""66"":14254,""24"":57,""206"":26,""67"":4034,""68"":0,""13"":64,""17"":-60,""18"":0,""19"":73,""15"":1000,""13201"":453,""36"":2582,""40"":2466,""43"":0,""241"":26801,""199"":2194,""16"":78349,""12"":406,""449"":0,""636"":110377514,""11"":893510181,""238"":0,""14"":2540732448,""387"":""2b3431353535342e363333332d303038333939372e333136372b3030302e3138372f""}"
2026-07-06T13:25:34Z,862272088833183,Codec8E,2026-07-06 13:25:33.000 UTC,1783344333000,0,41.5560250,-8.3983216,192,61,15,64,0,"{""239"":1,""240"":1,""80"":1,""21"":5,""200"":0,""69"":1,""237"":2,""113"":100,""263"":1,""303"":1,""383"":3,""30"":0,""31"":5,""32"":71,""33"":0,""35"":18,""37"":66,""38"":234,""39"":46,""181"":9,""182"":7,""66"":14236,""24"":64,""206"":26,""67"":4036,""68"":0,""13"":64,""17"":179,""18"":106,""19"":-309,""15"":1000,""13201"":455,""36"":1726,""40"":102,""43"":0,""241"":26801,""199"":2307,""16"":78462,""12"":406,""449"":0,""636"":110377514,""11"":893510181,""238"":0,""14"":2540732448,""387"":""2b3431353536302e323530302d303038333938332e323136372b3030302e3139322f""}"
2026-07-06T13:25:37Z,862272088833183,Codec8E,2026-07-06 13:25:36.000 UTC,1783344336000,0,41.5562050,-8.3978516,192,72,15,54,0,"{""239"":1,""240"":1,""80"":1,""21"":5,""200"":0,""69"":1,""237"":2,""113"":100,""263"":1,""303"":1,""383"":3,""30"":0,""31"":5,""32"":71,""33"":0,""35"":18,""37"":66,""38"":234,""39"":46,""181"":11,""182"":7,""66"":14238,""24"":54,""206"":26,""67"":4036,""68"":0,""13"":64,""17"":59,""18"":178,""19"":-49,""15"":1000,""13201"":455,""36"":1726,""40"":102,""43"":0,""241"":26801,""199"":2351,""16"":78506,""12"":406,""449"":0,""636"":110377514,""11"":893510181,""238"":0,""14"":2540732448,""387"":""2b3431353536322e303530302d303038333937382e353136372b3030302e3139322f""}"
2026-07-06T13:25:38Z,862272088833183,Codec8E,2026-07-06 13:25:37.000 UTC,1783344337000,0,41.5562150,-8.3977349,192,82,15,50,0,"{""239"":1,""240"":1,""80"":1,""21"":5,""200"":0,""69"":1,""237"":2,""113"":100,""263"":1,""303"":1,""383"":3,""30"":0,""31"":5,""32"":71,""33"":0,""35"":18,""37"":66,""38"":234,""39"":46,""181"":11,""182"":7,""66"":14277,""24"":50,""206"":26,""67"":4036,""68"":0,""13"":64,""17"":20,""18"":-34,""19"":62,""15"":1000,""13201"":455,""36"":1726,""40"":102,""43"":0,""241"":26801,""199"":2361,""16"":78516,""12"":406,""449"":0,""636"":110377514,""11"":893510181,""238"":0,""14"":2540732448,""387"":""2b3431353536322e313530302d303038333937372e333530302b3030302e3139322f""}"
2026-07-06T13:25:39Z,862272088833183,Codec8E,2026-07-06 13:25:38.000 UTC,1783344338000,0,41.5562166,-8.3976133,192,86,15,47,255,"{""239"":1,""240"":1,""80"":1,""21"":5,""200"":0,""69"":1,""237"":2,""113"":100,""263"":1,""303"":1,""383"":3,""30"":0,""31"":6,""32"":71,""33"":249,""35"":33,""37"":39,""38"":237,""39"":47,""255"":47,""181"":9,""182"":7,""66"":14253,""24"":47,""206"":26,""67"":4033,""68"":0,""13"":64,""17"":33,""18"":25,""19"":-1,""15"":1000,""13201"":455,""36"":871,""40"":544,""43"":0,""241"":26801,""199"":2371,""16"":78526,""12"":406,""449"":0,""636"":110377514,""11"":893510181,""238"":0,""14"":2540732448,""387"":""2b3431353536322e313636372d303038333937362e313333332b3030302e3139322f""}"
2026-07-06T13:25:44Z,862272088833183,Codec8E,2026-07-06 13:25:43.000 UTC,1783344343000,0,41.5561983,-8.3969783,191,96,15,41,0,"{""239"":1,""240"":1,""80"":1,""21"":5,""200"":0,""69"":1,""237"":2,""113"":100,""263"":1,""303"":1,""383"":3,""30"":0,""31"":26,""32"":71,""33"":253,""35"":25,""37"":39,""38"":239,""39"":47,""181"":11,""182"":7,""66"":14258,""24"":41,""206"":26,""67"":4036,""68"":0,""13"":64,""17"":-52,""18"":26,""19"":51,""15"":1000,""13201"":455,""36"":1455,""40"":386,""43"":0,""241"":26801,""199"":2424,""16"":78579,""12"":406,""449"":0,""636"":110118954,""11"":893510181,""238"":0,""14"":2540732448,""387"":""2b3431353536312e393833332d303038333936392e373833332b3030302e3139312f""}"
2026-07-06T13:25:52Z,862272088833183,Codec8E,2026-07-06 13:25:51.000 UTC,1783344351000,0,41.5559766,-8.3957149,191,105,15,47,0,"{""239"":1,""240"":1,""80"":1,""21"":5,""200"":0,""69"":1,""237"":2,""113"":100,""263"":1,""303"":1,""383"":3,""30"":0,""31"":36,""32"":71,""33"":252,""35"":32,""37"":48,""38"":233,""39"":46,""181"":11,""182"":7,""66"":14294,""24"":47,""206"":26,""67"":4034,""68"":0,""13"":64,""17"":45,""18"":30,""19"":-38,""15"":1000,""13201"":455,""36"":1755,""40"":108,""43"":0,""241"":26801,""199"":2532,""16"":78687,""12"":406,""449"":0,""636"":110589995,""11"":893510181,""238"":0,""14"":2540732448,""387"":""2b3431353535392e373636372d303038333935372e313530302b3030302e3139312f""}"
2026-07-06T13:25:58Z,862272088833183,Codec8E,2026-07-06 13:25:57.000 UTC,1783344357000,0,41.5558250,-8.3950316,192,119,14,36,0,"{""239"":1,""240"":1,""80"":1,""21"":5,""200"":0,""69"":1,""237"":2,""113"":100,""263"":1,""303"":1,""383"":3,""30"":0,""31"":5,""32"":71,""33"":0,""35"":19,""37"":37,""38"":6,""39"":48,""181"":12,""182"":7,""66"":14233,""24"":36,""206"":26,""67"":4036,""68"":0,""13"":64,""17"":57,""18"":283,""19"":-50,""15"":1000,""13201"":455,""36"":1412,""40"":141,""43"":0,""241"":26801,""199"":2592,""16"":78747,""12"":406,""449"":0,""636"":110589995,""11"":893510181,""238"":0,""14"":2540732448,""387"":""2b3431353535382e323530302d303038333935302e333136372b3030302e3139322f""}"
2026-07-06T13:25:59Z,862272088833183,Codec8E,2026-07-06 13:25:57.010 UTC,1783344357010,0,41.5557699,-8.3949666,191,139,14,33,253,"{""239"":1,""240"":1,""80"":1,""21"":5,""200"":0,""69"":1,""237"":2,""113"":100,""263"":1,""303"":1,""383"":3,""30"":0,""31"":5,""32"":71,""33"":0,""35"":19,""37"":37,""38"":6,""39"":48,""253"":3,""254"":30,""181"":12,""182"":7,""66"":14234,""24"":33,""206"":26,""67"":4036,""68"":0,""13"":64,""17"":169,""18"":283,""19"":-51,""15"":1000,""13201"":455,""36"":1412,""40"":141,""43"":0,""241"":26801,""199"":2600,""16"":78755,""12"":406,""449"":0,""636"":110589995,""11"":893510181,""238"":0,""14"":2540732448,""387"":""2b3431353535372e373030302d303038333934392e363636372b3030302e3139312f""}"
2026-07-06T13:26:00Z,862272088833183,Codec8E,2026-07-06 13:25:58.000 UTC,1783344358000,0,41.5557066,-8.3949500,190,172,14,31,253,"{""239"":1,""240"":1,""80"":1,""21"":5,""200"":0,""69"":1,""237"":2,""113"":100,""263"":1,""303"":1,""383"":3,""30"":0,""31"":5,""32"":71,""33"":0,""35"":19,""37"":37,""38"":6,""39"":48,""253"":3,""254"":48,""181"":11,""182"":7,""66"":14258,""24"":31,""206"":26,""67"":4034,""68"":0,""13"":64,""17"":-62,""18"":66,""19"":82,""15"":1000,""13201"":455,""36"":1412,""40"":141,""43"":0,""241"":26801,""199"":2607,""16"":78762,""12"":406,""449"":0,""636"":110589995,""11"":893510181,""238"":0,""14"":2540732448,""387"":""2b3431353535372e303636372d303038333934392e353030302b3030302e3139302f""}"
2026-07-06T13:26:01Z,862272088833183,Codec8E,2026-07-06 13:26:00.000 UTC,1783344360000,0,41.5556366,-8.3949550,190,182,14,30,0,"{""239"":1,""240"":1,""80"":1,""21"":5,""200"":0,""69"":1,""237"":2,""113"":100,""263"":1,""303"":1,""383"":3,""30"":0,""31"":5,""32"":71,""33"":0,""35"":19,""37"":37,""38"":6,""39"":48,""181"":10,""182"":7,""66"":14252,""24"":30,""206"":26,""67"":4033,""68"":0,""13"":64,""17"":5,""18"":-11,""19"":161,""15"":1000,""13201"":455,""36"":1412,""40"":141,""43"":0,""241"":26801,""199"":2615,""16"":78770,""12"":406,""449"":0,""636"":110589995,""11"":893510181,""238"":0,""14"":2540732448,""387"":""2b3431353535362e333636372d303038333934392e353530302b3030302e3139302f""}"
2026-07-06T13:26:11Z,862272088833183,Codec8E,2026-07-06 13:26:10.000 UTC,1783344370000,0,41.5546766,-8.3951100,195,186,14,36,0,"{""239"":1,""240"":1,""80"":1,""21"":5,""200"":0,""69"":1,""237"":2,""113"":100,""263"":1,""303"":1,""383"":3,""30"":0,""31"":57,""32"":71,""33"":0,""35"":57,""37"":43,""38"":222,""39"":46,""181"":12,""182"":7,""66"":14267,""24"":36,""206"":26,""67"":4035,""68"":0,""13"":64,""17"":78,""18"":7,""19"":-158,""15"":1000,""13201"":455,""36"":2946,""40"":172,""43"":0,""241"":26801,""199"":2722,""16"":78877,""12"":406,""449"":0,""636"":110377514,""11"":893510181,""238"":0,""14"":2540732448,""387"":""2b3431353534362e373636372d303038333935312e313030302b3030302e3139352f""}"
2026-07-06T13:26:15Z,862272088833183,Codec8E,2026-07-06 13:26:14.000 UTC,1783344374000,0,41.5544483,-8.3951316,195,191,14,23,0,"{""239"":1,""240"":1,""80"":1,""21"":5,""200"":0,""69"":1,""237"":2,""113"":100,""263"":1,""303"":1,""383"":3,""30"":0,""31"":7,""32"":71,""33"":21,""35"":18,""37"":33,""38"":228,""39"":48,""181"":12,""182"":7,""66"":14236,""24"":23,""206"":26,""67"":4035,""68"":0,""13"":64,""17"":16,""18"":90,""19"":-14,""15"":1000,""13201"":455,""36"":2232,""40"":130,""43"":0,""241"":26801,""199"":2748,""16"":78903,""12"":406,""449"":0,""636"":110377514,""11"":893510181,""238"":0,""14"":2540732448,""387"":""2b3431353534342e343833332d303038333935312e333136372b3030302e3139352f""}"
2026-07-06T13:26:16Z,862272088833183,Codec8E,2026-07-06 13:26:15.000 UTC,1783344375000,0,41.5544233,-8.3951400,195,201,14,20,0,"{""239"":1,""240"":1,""80"":1,""21"":5,""200"":0,""69"":1,""237"":2,""113"":100,""263"":1,""303"":1,""383"":3,""30"":0,""31"":7,""32"":71,""33"":21,""35"":18,""37"":33,""38"":228,""39"":48,""181"":12,""182"":7,""66"":14254,""24"":20,""206"":26,""67"":4034,""68"":0,""13"":64,""17"":-111,""18"":160,""19"":182,""15"":1000,""13201"":455,""36"":2232,""40"":130,""43"":0,""241"":26801,""199"":2751,""16"":78906,""12"":406,""449"":0,""636"":110377514,""11"":893510181,""238"":0,""14"":2540732448,""387"":""2b3431353534342e323333332d303038333935312e343030302b3030302e3139352f""}"
2026-07-06T13:26:17Z,862272088833183,Codec8E,2026-07-06 13:26:16.000 UTC,1783344376000,0,41.5543983,-8.3951566,195,213,14,18,0,"{""239"":1,""240"":1,""80"":1,""21"":5,""200"":0,""69"":1,""237"":2,""113"":100,""263"":1,""303"":1,""383"":3,""30"":0,""31"":5,""32"":71,""33"":0,""35"":33,""37"":12,""38"":243,""39"":48,""181"":10,""182"":7,""66"":14250,""24"":18,""206"":26,""67"":4033,""68"":0,""13"":64,""17"":-41,""18"":227,""19"":-7,""15"":1000,""13201"":455,""36"":930,""40"":122,""43"":0,""241"":26801,""199"":2754,""16"":78909,""12"":406,""449"":0,""636"":110377514,""11"":893510181,""238"":0,""14"":2540732448,""387"":""2b3431353534332e393833332d303038333935312e353636372b3030302e3139352f""}"
2026-07-06T13:26:18Z,862272088833183,Codec8E,2026-07-06 13:26:17.000 UTC,1783344377000,0,41.5543800,-8.3951883,195,228,14,16,0,"{""239"":1,""240"":1,""80"":1,""21"":5,""200"":0,""69"":1,""237"":2,""113"":100,""263"":1,""303"":1,""383"":3,""30"":0,""31"":5,""32"":71,""33"":0,""35"":33,""37"":12,""38"":243,""39"":48,""181"":10,""182"":7,""66"":14246,""24"":16,""206"":26,""67"":4033,""68"":0,""13"":64,""17"":81,""18"":44,""19"":-46,""15"":1000,""13201"":455,""36"":930,""40"":122,""43"":0,""241"":26801,""199"":2757,""16"":78912,""12"":406,""449"":0,""636"":110377514,""11"":893510181,""238"":0,""14"":2540732448,""387"":""2b3431353534332e383030302d303038333935312e383833332b3030302e3139352f""}"
2026-07-06T13:26:19Z,862272088833183,Codec8E,2026-07-06 13:26:18.000 UTC,1783344378000,0,41.5543733,-8.3952183,196,251,14,15,0,"{""239"":1,""240"":1,""80"":1,""21"":5,""200"":0,""69"":1,""237"":2,""113"":100,""263"":1,""303"":1,""383"":3,""30"":0,""31"":5,""32"":71,""33"":0,""35"":33,""37"":12,""38"":243,""39"":48,""181"":10,""182"":7,""66"":14265,""24"":15,""206"":26,""67"":4033,""68"":0,""13"":64,""17"":9,""18"":63,""19"":-23,""15"":1000,""13201"":455,""36"":930,""40"":122,""43"":0,""241"":26801,""199"":2760,""16"":78915,""12"":406,""449"":0,""636"":110377514,""11"":893510181,""238"":0,""14"":2540732448,""387"":""2b3431353534332e373333332d303038333935322e313833332b3030302e3139362f""}"
2026-07-06T13:26:20Z,862272088833183,Codec8E,2026-07-06 13:26:19.000 UTC,1783344379000,0,41.5543800,-8.3952566,196,276,14,14,0,"{""239"":1,""240"":1,""80"":1,""21"":5,""200"":0,""69"":1,""237"":2,""113"":100,""263"":1,""303"":1,""383"":3,""30"":0,""31"":5,""32"":71,""33"":0,""35"":33,""37"":12,""38"":243,""39"":48,""181"":10,""182"":7,""66"":14273,""24"":14,""206"":26,""67"":4033,""68"":0,""13"":64,""17"":102,""18"":-56,""19"":-49,""15"":1000,""13201"":456,""36"":930,""40"":122,""43"":0,""241"":26801,""199"":2763,""16"":78918,""12"":406,""449"":0,""636"":110377514,""11"":893510181,""238"":0,""14"":2540732448,""387"":""2b3431353534332e383030302d303038333935322e353636372b3030302e3139362f""}"
2026-07-06T13:26:22Z,862272088833183,Codec8E,2026-07-06 13:26:21.000 UTC,1783344381000,0,41.5543916,-8.3953499,196,259,14,14,0,"{""239"":1,""240"":1,""80"":1,""21"":5,""200"":0,""69"":1,""237"":2,""113"":100,""263"":1,""303"":1,""383"":3,""30"":0,""31"":12,""32"":71,""33"":253,""35"":21,""37"":13,""38"":233,""39"":48,""181"":12,""182"":7,""66"":14254,""24"":14,""206"":26,""67"":4035,""68"":0,""13"":64,""17"":44,""18"":10,""19"":-92,""15"":1000,""13201"":456,""36"":1657,""40"":283,""43"":0,""241"":26801,""199"":2771,""16"":78926,""12"":406,""449"":0,""636"":110377514,""11"":893510181,""238"":0,""14"":2540732448,""387"":""2b3431353534332e393136372d303038333935332e353030302b3030302e3139362f""}"
2026-07-06T13:26:23Z,862272088833183,Codec8E,2026-07-06 13:26:22.000 UTC,1783344382000,0,41.5543833,-8.3953933,196,247,14,14,0,"{""239"":1,""240"":1,""80"":1,""21"":5,""200"":0,""69"":1,""237"":2,""113"":100,""263"":1,""303"":1,""383"":3,""30"":0,""31"":12,""32"":71,""33"":253,""35"":21,""37"":13,""38"":233,""39"":48,""181"":12,""182"":7,""66"":14228,""24"":14,""206"":26,""67"":4036,""68"":0,""13"":64,""17"":73,""18"":89,""19"":-100,""15"":1000,""13201"":456,""36"":1657,""40"":283,""43"":0,""241"":26801,""199"":2775,""16"":78930,""12"":406,""449"":0,""636"":110377514,""11"":893510181,""238"":0,""14"":2540732448,""387"":""2b3431353534332e383333332d303038333935332e393333332b3030302e3139362f""}"
2026-07-06T13:26:28Z,862272088833183,Codec8E,2026-07-06 13:26:27.000 UTC,1783344387000,0,41.5543849,-8.3954900,194,255,14,4,0,"{""239"":1,""240"":1,""80"":1,""21"":5,""200"":0,""69"":1,""237"":2,""113"":100,""263"":1,""303"":1,""383"":3,""30"":0,""31"":5,""32"":71,""33"":0,""35"":26,""37"":8,""38"":1,""39"":48,""181"":10,""182"":7,""66"":14241,""24"":4,""206"":26,""67"":4036,""68"":0,""13"":64,""17"":0,""18"":38,""19"":-5,""15"":1000,""13201"":456,""36"":855,""40"":144,""43"":0,""241"":26801,""199"":2782,""16"":78937,""12"":406,""449"":0,""636"":110377514,""11"":893510181,""238"":0,""14"":2540732448,""387"":""2b3431353534332e383530302d303038333935342e393030302b3030302e3139342f""}"
2026-07-06T13:26:44Z,862272088833183,Codec8E,2026-07-06 13:26:42.000 UTC,1783344402000,0,41.5543849,-8.3954900,194,255,12,0,303,"{""239"":1,""240"":1,""80"":1,""21"":4,""200"":0,""69"":1,""237"":2,""113"":100,""263"":1,""303"":0,""383"":3,""30"":0,""31"":12,""32"":72,""33"":3,""35"":36,""37"":0,""38"":0,""39"":48,""181"":11,""182"":8,""66"":14228,""24"":0,""206"":26,""67"":4036,""68"":0,""13"":62,""17"":-3,""18"":47,""19"":-54,""15"":1000,""13201"":456,""36"":884,""40"":147,""43"":0,""241"":26801,""199"":2782,""16"":78937,""12"":409,""449"":0,""636"":110162474,""11"":893510181,""238"":0,""14"":2540732448,""387"":""2b3431353534332e383530302d303038333935342e393030302b3030302e3139342f""}"
2026-07-06T13:26:58Z,862272088833183,Codec8E,2026-07-06 13:26:55.000 UTC,1783344415000,0,41.5543849,-8.3954900,194,255,13,0,239,"{""239"":0,""240"":1,""80"":1,""21"":4,""200"":0,""69"":1,""237"":2,""113"":100,""263"":1,""303"":0,""383"":3,""30"":0,""31"":13,""32"":72,""33"":8,""35"":35,""37"":0,""38"":3,""39"":48,""181"":10,""182"":8,""66"":13163,""24"":0,""206"":26,""67"":4036,""68"":0,""13"":63,""17"":-7,""18"":46,""19"":-48,""15"":1000,""13201"":456,""36"":894,""40"":147,""43"":0,""241"":26801,""199"":2782,""16"":78937,""12"":412,""449"":0,""636"":110377514,""11"":893510181,""238"":0,""14"":2540732448,""387"":""2b3431353534332e383530302d303038333935342e393030302b3030302e3139342f""}"
2026-07-06T13:26:59Z,862272088833183,Codec8E,2026-07-06 13:26:57.000 UTC,1783344417000,0,41.5543849,-8.3954900,194,255,12,0,303,"{""239"":0,""240"":1,""80"":1,""21"":4,""200"":0,""69"":1,""237"":2,""113"":100,""263"":1,""303"":1,""383"":3,""30"":0,""31"":15,""32"":73,""33"":9,""35"":69,""37"":0,""38"":0,""39"":48,""181"":11,""182"":8,""66"":13110,""24"":0,""206"":26,""67"":4033,""68"":0,""13"":63,""17"":-10,""18"":48,""19"":-45,""15"":1000,""13201"":456,""36"":204,""40"":116,""43"":0,""241"":26801,""199"":2782,""16"":78937,""12"":412,""449"":0,""636"":110377514,""11"":893510181,""238"":0,""14"":2540732448,""387"":""2b3431353534332e383530302d303038333935342e393030302b3030302e3139342f""}"
2026-07-06T13:27:04Z,862272088833183,Codec8E,2026-07-06 13:27:02.000 UTC,1783344422000,0,41.5543849,-8.3954900,194,255,12,0,303,"{""239"":0,""240"":1,""80"":1,""21"":5,""200"":0,""69"":1,""237"":2,""113"":100,""263"":1,""303"":0,""383"":3,""30"":0,""31"":28,""32"":73,""33"":9,""35"":69,""37"":0,""38"":0,""39"":48,""181"":12,""182"":9,""66"":12917,""24"":0,""206"":26,""67"":4035,""68"":0,""13"":63,""17"":-13,""18"":37,""19"":-41,""15"":1000,""13201"":457,""36"":0,""40"":116,""43"":0,""241"":26801,""199"":2782,""16"":78937,""12"":412,""449"":0,""636"":110377514,""11"":893510181,""238"":0,""14"":2540732448,""387"":""2b3431353534332e383530302d303038333935342e393030302b3030302e3139342f""}"
2026-07-06T13:28:03Z,862272088833183,Codec8E,2026-07-06 13:28:01.000 UTC,1783344481000,0,41.5543849,-8.3954900,194,255,15,0,240,"{""239"":0,""240"":0,""80"":0,""21"":5,""200"":0,""69"":1,""237"":2,""113"":100,""263"":1,""303"":0,""383"":3,""181"":9,""182"":7,""66"":12898,""24"":0,""206"":26,""67"":4033,""68"":0,""13"":63,""17"":-14,""18"":27,""19"":-54,""15"":1000,""13201"":455,""241"":26801,""199"":0,""16"":78937,""12"":412,""449"":0,""636"":110162474,""11"":893510181,""238"":0,""14"":2540732448,""387"":""2b3431353534332e383530302d303038333935342e393030302b3030302e3139342f""}"
2026-07-06T13:29:22Z,862272088833183,Codec8E,2026-07-06 13:29:19.000 UTC,1783344559000,0,41.5543849,-8.3954900,194,255,15,0,303,"{""239"":0,""240"":0,""80"":0,""21"":5,""200"":0,""69"":1,""237"":2,""113"":100,""263"":1,""303"":1,""383"":3,""181"":9,""182"":6,""66"":12846,""24"":0,""206"":26,""67"":4033,""68"":0,""13"":63,""17"":-8,""18"":57,""19"":-40,""15"":1000,""13201"":451,""241"":26801,""199"":0,""16"":78937,""12"":412,""449"":0,""636"":110589995,""11"":893510181,""238"":0,""14"":2540732448,""387"":""2b3431353534332e383530302d303038333935342e393030302b3030302e3139342f""}"
2026-07-06T13:29:22Z,862272088833183,Codec8E,2026-07-06 13:29:20.000 UTC,1783344560000,0,41.5543849,-8.3954900,194,255,15,0,240,"{""239"":0,""240"":1,""80"":1,""21"":5,""200"":0,""69"":1,""237"":2,""113"":100,""263"":1,""303"":1,""383"":3,""181"":9,""182"":6,""66"":12850,""24"":0,""206"":26,""67"":4033,""68"":0,""13"":63,""17"":-10,""18"":46,""19"":-45,""15"":1000,""13201"":451,""241"":26801,""199"":0,""16"":78937,""12"":412,""449"":0,""636"":110589995,""11"":893510181,""238"":0,""14"":2540732448,""387"":""2b3431353534332e383530302d303038333935342e393030302b3030302e3139342f""}"
2026-07-06T13:29:23Z,862272088833183,Codec8E,2026-07-06 13:29:22.000 UTC,1783344562000,0,41.5543849,-8.3954900,194,255,15,0,303,"{""239"":0,""240"":1,""80"":1,""21"":5,""200"":0,""69"":1,""237"":2,""113"":100,""263"":1,""303"":0,""383"":3,""181"":9,""182"":6,""66"":12715,""24"":0,""206"":26,""67"":4033,""68"":0,""13"":63,""17"":-9,""18"":37,""19"":-45,""15"":1000,""13201"":451,""241"":26801,""199"":0,""16"":78937,""12"":412,""449"":0,""636"":110589995,""11"":893510181,""238"":0,""14"":2540732448,""387"":""2b3431353534332e383530302d303038333935342e393030302b3030302e3139342f""}"
2026-07-06T13:29:31Z,862272088833183,Codec8E,2026-07-06 13:29:29.000 UTC,1783344569000,0,41.5543849,-8.3954900,194,255,15,0,239,"{""239"":1,""240"":1,""80"":1,""21"":5,""200"":0,""69"":1,""237"":2,""113"":100,""263"":1,""303"":0,""383"":3,""181"":9,""182"":6,""66"":14093,""24"":0,""206"":26,""67"":4034,""68"":0,""13"":63,""17"":-16,""18"":26,""19"":-13,""15"":1000,""13201"":451,""241"":26801,""199"":0,""16"":78937,""12"":413,""449"":0,""636"":110589995,""11"":893510181,""238"":0,""14"":2540732448,""387"":""2b3431353534332e383530302d303038333935342e393030302b3030302e3139342f""}"
2026-07-06T13:29:36Z,862272088833183,Codec8E,2026-07-06 13:29:34.000 UTC,1783344574000,0,41.5544083,-8.3954933,195,238,15,3,303,"{""239"":1,""240"":1,""80"":1,""21"":5,""200"":0,""69"":1,""237"":2,""113"":100,""263"":1,""303"":1,""383"":3,""181"":9,""182"":6,""66"":14221,""24"":3,""206"":26,""67"":4035,""68"":0,""13"":63,""17"":37,""18"":89,""19"":-4,""15"":1000,""13201"":451,""241"":26801,""199"":0,""16"":78937,""12"":414,""449"":0,""636"":110589995,""11"":893510181,""238"":0,""14"":2540732448,""387"":""2b3431353534342e303833332d303038333935342e393333332b3030302e3139352f""}"
2026-07-06T13:29:38Z,862272088833183,Codec8E,2026-07-06 13:29:37.000 UTC,1783344577000,0,41.5543883,-8.3955450,196,248,15,6,0,"{""239"":1,""240"":1,""80"":1,""21"":5,""200"":0,""69"":1,""237"":2,""113"":100,""263"":1,""303"":1,""383"":3,""30"":0,""31"":14,""32"":78,""33"":0,""35"":49,""37"":8,""38"":240,""39"":52,""181"":11,""182"":7,""66"":14234,""24"":6,""206"":26,""67"":4035,""68"":0,""13"":63,""17"":70,""18"":219,""19"":-44,""15"":1000,""13201"":452,""36"":1224,""40"":111,""43"":0,""241"":26801,""199"":0,""16"":78941,""12"":414,""449"":0,""636"":110589995,""11"":893510181,""238"":0,""14"":2540732448,""387"":""2b3431353534332e383833332d303038333935352e343530302b3030302e3139362f""}"
2026-07-06T13:29:40Z,862272088833183,Codec8E,2026-07-06 13:29:38.000 UTC,1783344578000,0,41.5543883,-8.3955733,197,272,15,6,0,"{""239"":1,""240"":1,""80"":1,""21"":5,""200"":0,""69"":1,""237"":2,""113"":100,""263"":1,""303"":1,""383"":3,""30"":0,""31"":14,""32"":78,""33"":0,""35"":49,""37"":8,""38"":240,""39"":52,""181"":9,""182"":6,""66"":14218,""24"":6,""206"":26,""67"":4035,""68"":0,""13"":63,""17"":41,""18"":318,""19"":-47,""15"":1000,""13201"":453,""36"":1224,""40"":111,""43"":0,""241"":26801,""199"":5,""16"":78946,""12"":414,""449"":0,""636"":110589995,""11"":893510181,""238"":0,""14"":2540732448,""387"":""2b3431353534332e383833332d303038333935352e373333332b3030302e3139372f""}"
2026-07-06T13:29:41Z,862272088833183,Codec8E,2026-07-06 13:29:40.000 UTC,1783344580000,0,41.5544100,-8.3955833,197,16,15,6,0,"{""239"":1,""240"":1,""80"":1,""21"":5,""200"":0,""69"":1,""237"":2,""113"":100,""263"":1,""303"":1,""383"":3,""30"":0,""31"":14,""32"":78,""33"":0,""35"":49,""37"":8,""38"":240,""39"":52,""181"":9,""182"":6,""66"":14228,""24"":6,""206"":26,""67"":4033,""68"":0,""13"":63,""17"":34,""18"":169,""19"":-44,""15"":1000,""13201"":453,""36"":1224,""40"":111,""43"":0,""241"":26801,""199"":7,""16"":78948,""12"":414,""449"":0,""636"":110162474,""11"":893510181,""238"":0,""14"":2540732448,""387"":""2b3431353534342e313030302d303038333935352e383333332b3030302e3139372f""}"
2026-07-06T13:29:42Z,862272088833183,Codec8E,2026-07-06 13:29:41.000 UTC,1783344581000,0,41.5544283,-8.3955716,198,34,16,6,0,"{""239"":1,""240"":1,""80"":1,""21"":5,""200"":0,""69"":1,""237"":2,""113"":100,""263"":1,""303"":1,""383"":3,""30"":0,""31"":14,""32"":78,""33"":0,""35"":49,""37"":8,""38"":240,""39"":52,""181"":9,""182"":6,""66"":14217,""24"":6,""206"":26,""67"":4034,""68"":0,""13"":63,""17"":-31,""18"":212,""19"":149,""15"":1000,""13201"":453,""36"":1224,""40"":111,""43"":0,""241"":26801,""199"":7,""16"":78948,""12"":414,""449"":0,""636"":110136873,""11"":893510181,""238"":0,""14"":2540732448,""387"":""2b3431353534342e323833332d303038333935352e373136372b3030302e3139382f""}"
2026-07-06T13:29:43Z,862272088833183,Codec8E,2026-07-06 13:29:42.000 UTC,1783344582000,0,41.5544350,-8.3955533,198,60,16,6,0,"{""239"":1,""240"":1,""80"":1,""21"":5,""200"":0,""69"":1,""237"":2,""113"":100,""263"":1,""303"":1,""383"":3,""30"":0,""31"":12,""32"":75,""33"":0,""35"":50,""37"":10,""38"":241,""39"":52,""181"":9,""182"":6,""66"":14265,""24"":6,""206"":26,""67"":4034,""68"":0,""13"":63,""17"":-83,""18"":-23,""19"":145,""15"":1000,""13201"":453,""36"":1150,""40"":438,""43"":0,""241"":26801,""199"":11,""16"":78952,""12"":414,""449"":0,""636"":110589995,""11"":893510181,""238"":0,""14"":2540732448,""387"":""2b3431353534342e333530302d303038333935352e353333332b3030302e3139382f""}"
2026-07-06T13:29:44Z,862272088833183,Codec8E,2026-07-06 13:29:43.000 UTC,1783344583000,0,41.5544350,-8.3955216,198,88,16,7,0,"{""239"":1,""240"":1,""80"":1,""21"":5,""200"":0,""69"":1,""237"":2,""113"":100,""263"":1,""303"":1,""383"":3,""30"":0,""31"":12,""32"":75,""33"":0,""35"":50,""37"":10,""38"":241,""39"":52,""181"":9,""182"":6,""66"":14236,""24"":7,""206"":26,""67"":4034,""68"":0,""13"":63,""17"":-91,""18"":-48,""19"":78,""15"":1000,""13201"":453,""36"":1150,""40"":438,""43"":0,""241"":26801,""199"":14,""16"":78955,""12"":414,""449"":0,""636"":110589995,""11"":893510181,""238"":0,""14"":2540732448,""387"":""2b3431353534342e333530302d303038333935352e323136372b3030302e3139382f""}"
2026-07-06T13:29:45Z,862272088833183,Codec8E,2026-07-06 13:29:44.000 UTC,1783344584000,0,41.5544300,-8.3954783,198,98,16,8,0,"{""239"":1,""240"":1,""80"":1,""21"":5,""200"":0,""69"":1,""237"":2,""113"":100,""263"":1,""303"":1,""383"":3,""30"":0,""31"":12,""32"":75,""33"":0,""35"":50,""37"":10,""38"":241,""39"":52,""181"":9,""182"":6,""66"":14244,""24"":8,""206"":26,""67"":4034,""68"":0,""13"":63,""17"":27,""18"":-2,""19"":46,""15"":1000,""13201"":453,""36"":1150,""40"":438,""43"":0,""241"":26801,""199"":17,""16"":78958,""12"":414,""449"":0,""636"":110589995,""11"":893510181,""238"":0,""14"":2540732448,""387"":""2b3431353534342e333030302d303038333935342e373833332b3030302e3139382f""}"
2026-07-06T13:29:48Z,862272088833183,Codec8E,2026-07-06 13:29:47.000 UTC,1783344587000,0,41.5544033,-8.3953316,198,109,16,12,0,"{""239"":1,""240"":1,""80"":1,""21"":5,""200"":0,""69"":1,""237"":2,""113"":100,""263"":1,""303"":1,""383"":3,""30"":0,""31"":29,""32"":74,""33"":0,""35"":45,""37"":18,""38"":225,""39"":50,""181"":10,""182"":6,""66"":14242,""24"":12,""206"":26,""67"":4036,""68"":0,""13"":63,""17"":-37,""18"":59,""19"":24,""15"":1000,""13201"":453,""36"":2419,""40"":108,""43"":0,""241"":26801,""199"":30,""16"":78971,""12"":414,""449"":0,""636"":110589995,""11"":893510181,""238"":0,""14"":2540732448,""387"":""2b3431353534342e303333332d303038333935332e333136372b3030302e3139382f""}"
2026-07-06T13:29:51Z,862272088833183,Codec8E,2026-07-06 13:29:50.000 UTC,1783344590000,0,41.5543683,-8.3952416,198,121,16,10,0,"{""239"":1,""240"":1,""80"":1,""21"":5,""200"":0,""69"":1,""237"":2,""113"":100,""263"":1,""303"":1,""383"":3,""30"":0,""31"":29,""32"":74,""33"":0,""35"":45,""37"":18,""38"":225,""39"":50,""181"":10,""182"":6,""66"":14254,""24"":10,""206"":26,""67"":4036,""68"":0,""13"":63,""17"":-68,""18"":354,""19"":110,""15"":1000,""13201"":454,""36"":2419,""40"":108,""43"":0,""241"":26801,""199"":38,""16"":78979,""12"":414,""449"":0,""636"":110589995,""11"":893510181,""238"":0,""14"":2540732448,""387"":""2b3431353534332e363833332d303038333935322e343136372b3030302e3139382f""}"
2026-07-06T13:29:52Z,862272088833183,Codec8E,2026-07-06 13:29:51.000 UTC,1783344591000,0,41.5543416,-8.3952183,199,154,16,10,0,"{""239"":1,""240"":1,""80"":1,""21"":5,""200"":0,""69"":1,""237"":2,""113"":100,""263"":1,""303"":1,""383"":3,""30"":0,""31"":4,""32"":74,""33"":0,""35"":84,""37"":12,""38"":254,""39"":51,""181"":10,""182"":6,""66"":14256,""24"":10,""206"":26,""67"":4034,""68"":0,""13"":63,""17"":-41,""18"":109,""19"":181,""15"":1000,""13201"":454,""36"":1386,""40"":1008,""43"":0,""241"":26801,""199"":42,""16"":78983,""12"":414,""449"":0,""636"":110589995,""11"":893510181,""238"":0,""14"":2540732448,""387"":""2b3431353534332e343136372d303038333935322e313833332b3030302e3139392f""}"
2026-07-06T13:29:55Z,862272088833183,Codec8E,2026-07-06 13:29:53.000 UTC,1783344593000,0,41.5542366,-8.3951866,200,174,16,15,0,"{""239"":1,""240"":1,""80"":1,""21"":5,""200"":0,""69"":1,""237"":2,""113"":100,""263"":1,""303"":1,""383"":3,""30"":0,""31"":4,""32"":74,""33"":0,""35"":84,""37"":12,""38"":254,""39"":51,""181"":10,""182"":6,""66"":14248,""24"":15,""206"":26,""67"":4034,""68"":0,""13"":63,""17"":-23,""18"":37,""19"":127,""15"":1000,""13201"":454,""36"":1386,""40"":1008,""43"":0,""241"":26801,""199"":54,""16"":78995,""12"":414,""449"":0,""636"":110589995,""11"":893510181,""238"":0,""14"":2540732448,""387"":""2b3431353534322e333636372d303038333935312e383636372b3030302e3230302f""}"
2026-07-06T13:29:55Z,862272088833183,Codec8E,2026-07-06 13:29:54.000 UTC,1783344594000,0,41.5541666,-8.3951883,201,184,16,19,0,"{""239"":1,""240"":1,""80"":1,""21"":5,""200"":0,""69"":1,""237"":2,""113"":100,""263"":1,""303"":1,""383"":3,""30"":0,""31"":4,""32"":74,""33"":0,""35"":84,""37"":12,""38"":254,""39"":51,""181"":10,""182"":6,""66"":14242,""24"":19,""206"":26,""67"":4035,""68"":0,""13"":63,""17"":-66,""18"":70,""19"":255,""15"":1000,""13201"":455,""36"":1386,""40"":1008,""43"":0,""241"":26801,""199"":62,""16"":79003,""12"":414,""449"":0,""636"":110162474,""11"":893510181,""238"":0,""14"":2540732448,""387"":""2b3431353534312e363636372d303038333935312e383833332b3030302e3230312f""}"
2026-07-06T13:29:59Z,862272088833183,Codec8E,2026-07-06 13:29:57.000 UTC,1783344597000,0,41.5539050,-8.3952100,202,189,15,29,0,"{""239"":1,""240"":1,""80"":1,""21"":5,""200"":0,""69"":1,""237"":2,""113"":100,""263"":1,""303"":1,""383"":3,""30"":0,""31"":47,""32"":74,""33"":0,""35"":18,""37"":28,""38"":239,""39"":49,""181"":11,""182"":7,""66"":14251,""24"":29,""206"":26,""67"":4037,""68"":0,""13"":63,""17"":36,""18"":49,""19"":-4,""15"":1000,""13201"":455,""36"":3128,""40"":2336,""43"":0,""241"":26801,""199"":91,""16"":79032,""12"":414,""449"":0,""636"":110162474,""11"":893510181,""238"":0,""14"":2540732448,""387"":""2b3431353533392e303530302d303038333935322e313030302b3030302e3230322f""}"
2026-07-06T13:30:03Z,862272088833183,Codec8E,2026-07-06 13:30:02.000 UTC,1783344602000,0,41.5534100,-8.3952166,206,174,15,31,0,"{""239"":1,""240"":1,""80"":1,""21"":5,""200"":0,""69"":1,""237"":2,""113"":100,""263"":1,""303"":1,""383"":3,""30"":0,""31"":4,""32"":74,""33"":0,""35"":45,""37"":38,""38"":225,""39"":49,""181"":11,""182"":7,""66"":14218,""24"":31,""206"":26,""67"":4036,""68"":0,""13"":63,""17"":-16,""18"":22,""19"":-15,""15"":1000,""13201"":455,""36"":2570,""40"":127,""43"":0,""241"":26801,""199"":146,""16"":79087,""12"":414,""449"":0,""636"":110162474,""11"":893510181,""238"":0,""14"":2540732448,""387"":""2b3431353533342e313030302d303038333935322e313636372b3030302e3230362f""}"
2026-07-06T13:30:06Z,862272088833183,Codec8E,2026-07-06 13:30:05.000 UTC,1783344605000,0,41.5533200,-8.3952433,206,185,15,20,0,"{""239"":1,""240"":1,""80"":1,""21"":5,""200"":0,""69"":1,""237"":2,""113"":100,""263"":1,""303"":1,""383"":3,""30"":0,""31"":4,""32"":74,""33"":0,""35"":30,""37"":13,""38"":246,""39"":51,""181"":11,""182"":7,""66"":14251,""24"":20,""206"":26,""67"":4037,""68"":0,""13"":63,""17"":-66,""18"":-10,""19"":40,""15"":1000,""13201"":455,""36"":852,""40"":125,""43"":0,""241"":26801,""199"":157,""16"":79098,""12"":414,""449"":0,""636"":110162474,""11"":893510181,""238"":0,""14"":2540732448,""387"":""2b3431353533332e323030302d303038333935322e343333332b3030302e3230362f""}"
2026-07-06T13:30:07Z,862272088833183,Codec8E,2026-07-06 13:30:06.000 UTC,1783344606000,0,41.5533050,-8.3952533,207,205,15,16,0,"{""239"":1,""240"":1,""80"":1,""21"":5,""200"":0,""69"":1,""237"":2,""113"":100,""263"":1,""303"":1,""383"":3,""30"":0,""31"":4,""32"":74,""33"":0,""35"":30,""37"":13,""38"":246,""39"":51,""181"":11,""182"":7,""66"":14251,""24"":16,""206"":26,""67"":4034,""68"":0,""13"":63,""17"":-152,""18"":21,""19"":203,""15"":1000,""13201"":455,""36"":852,""40"":125,""43"":0,""241"":26801,""199"":157,""16"":79098,""12"":414,""449"":0,""636"":110162474,""11"":893510181,""238"":0,""14"":2540732448,""387"":""2b3431353533332e303530302d303038333935322e353333332b3030302e3230372f""}"
2026-07-06T13:30:13Z,862272088833183,Codec8E,2026-07-06 13:30:12.000 UTC,1783344612000,0,41.5531050,-8.3953983,208,194,15,16,0,"{""239"":1,""240"":1,""80"":1,""21"":5,""200"":0,""69"":1,""237"":2,""113"":100,""263"":1,""303"":1,""383"":3,""30"":0,""31"":22,""32"":74,""33"":0,""35"":71,""37"":13,""38"":239,""39"":50,""181"":11,""182"":7,""66"":14259,""24"":16,""206"":26,""67"":4036,""68"":0,""13"":63,""17"":-69,""18"":-311,""19"":6,""15"":1000,""13201"":456,""36"":1564,""40"":550,""43"":0,""241"":26801,""199"":184,""16"":79125,""12"":414,""449"":0,""636"":110162474,""11"":893510181,""238"":0,""14"":2540732448,""387"":""2b3431353533312e303530302d303038333935332e393833332b3030302e3230382f""}"
2026-07-06T13:30:15Z,862272088833183,Codec8E,2026-07-06 13:30:14.000 UTC,1783344614000,0,41.5530133,-8.3954100,207,168,16,16,0,"{""239"":1,""240"":1,""80"":1,""21"":5,""200"":0,""69"":1,""237"":2,""113"":100,""263"":1,""303"":1,""383"":3,""30"":0,""31"":10,""32"":74,""33"":243,""35"":22,""37"":18,""38"":231,""39"":50,""181"":10,""182"":6,""66"":14261,""24"":16,""206"":26,""67"":4033,""68"":0,""13"":63,""17"":-124,""18"":-290,""19"":92,""15"":1000,""13201"":456,""36"":2423,""40"":419,""43"":0,""241"":26801,""199"":195,""16"":79136,""12"":414,""449"":0,""636"":110162474,""11"":893510181,""238"":0,""14"":2540732448,""387"":""2b3431353533302e313333332d303038333935342e313030302b3030302e3230372f""}"
2026-07-06T13:30:16Z,862272088833183,Codec8E,2026-07-06 13:30:15.000 UTC,1783344615000,0,41.5529700,-8.3953800,207,153,16,16,0,"{""239"":1,""240"":1,""80"":1,""21"":5,""200"":0,""69"":1,""237"":2,""113"":100,""263"":1,""303"":1,""383"":3,""30"":0,""31"":10,""32"":74,""33"":243,""35"":22,""37"":18,""38"":231,""39"":50,""181"":9,""182"":6,""66"":14234,""24"":16,""206"":26,""67"":4035,""68"":0,""13"":63,""17"":-44,""18"":-296,""19"":25,""15"":1000,""13201"":456,""36"":2423,""40"":419,""43"":0,""241"":26801,""199"":200,""16"":79141,""12"":414,""449"":0,""636"":110162474,""11"":893510181,""238"":0,""14"":2540732448,""387"":""2b3431353532392e373030302d303038333935332e383030302b3030302e3230372f""}"
2026-07-06T13:30:17Z,862272088833183,Codec8E,2026-07-06 13:30:16.000 UTC,1783344616000,0,41.5529499,-8.3953433,208,142,16,16,0,"{""239"":1,""240"":1,""80"":1,""21"":5,""200"":0,""69"":1,""237"":2,""113"":100,""263"":1,""303"":1,""383"":3,""30"":0,""31"":10,""32"":74,""33"":243,""35"":22,""37"":18,""38"":231,""39"":50,""181"":10,""182"":6,""66"":14256,""24"":16,""206"":26,""67"":4034,""68"":0,""13"":63,""17"":1,""18"":-205,""19"":-50,""15"":1000,""13201"":456,""36"":2423,""40"":419,""43"":0,""241"":26801,""199"":204,""16"":79145,""12"":414,""449"":0,""636"":110162474,""11"":893510181,""238"":0,""14"":2540732448,""387"":""2b3431353532392e353030302d303038333935332e343333332b3030302e3230382f""}"
2026-07-06T13:30:18Z,862272088833183,Codec8E,2026-07-06 13:30:17.000 UTC,1783344617000,0,41.5529383,-8.3952916,208,118,16,15,0,"{""239"":1,""240"":1,""80"":1,""21"":5,""200"":0,""69"":1,""237"":2,""113"":100,""263"":1,""303"":1,""383"":3,""30"":0,""31"":10,""32"":74,""33"":243,""35"":22,""37"":18,""38"":231,""39"":50,""181"":10,""182"":6,""66"":14256,""24"":15,""206"":26,""67"":4034,""68"":0,""13"":63,""17"":-6,""18"":-250,""19"":123,""15"":1000,""13201"":456,""36"":2423,""40"":419,""43"":0,""241"":26801,""199"":209,""16"":79150,""12"":414,""449"":0,""636"":110162474,""11"":893510181,""238"":0,""14"":2540732448,""387"":""2b3431353532392e333833332d303038333935322e393136372b3030302e3230382f""}"
2026-07-06T13:30:19Z,862272088833183,Codec8E,2026-07-06 13:30:18.000 UTC,1783344618000,0,41.5529466,-8.3952333,208,94,15,15,0,"{""239"":1,""240"":1,""80"":1,""21"":5,""200"":0,""69"":1,""237"":2,""113"":100,""263"":1,""303"":1,""383"":3,""30"":0,""31"":28,""32"":74,""33"":251,""35"":50,""37"":18,""38"":237,""39"":50,""181"":11,""182"":7,""66"":14256,""24"":15,""206"":26,""67"":4033,""68"":0,""13"":63,""17"":-71,""18"":-106,""19"":68,""15"":1000,""13201"":457,""36"":2379,""40"":727,""43"":0,""241"":26801,""199"":213,""16"":79154,""12"":414,""449"":0,""636"":110162474,""11"":893510181,""238"":0,""14"":2540732448,""387"":""2b3431353532392e343636372d303038333935322e333333332b3030302e3230382f""}"
2026-07-06T13:30:20Z,862272088833183,Codec8E,2026-07-06 13:30:19.000 UTC,1783344619000,0,41.5530166,-8.3951566,206,46,16,15,0,"{""239"":1,""240"":1,""80"":1,""21"":5,""200"":0,""69"":1,""237"":2,""113"":100,""263"":1,""303"":1,""383"":3,""30"":0,""31"":28,""32"":74,""33"":251,""35"":50,""37"":18,""38"":237,""39"":50,""181"":10,""182"":6,""66"":14258,""24"":15,""206"":26,""67"":4035,""68"":0,""13"":63,""17"":-54,""18"":-78,""19"":75,""15"":1000,""13201"":457,""36"":2379,""40"":727,""43"":0,""241"":26801,""199"":223,""16"":79164,""12"":414,""449"":0,""636"":110162474,""11"":893510181,""238"":0,""14"":2540732448,""387"":""2b3431353533302e313636372d303038333935312e353636372b3030302e3230362f""}"
2026-07-06T13:30:21Z,862272088833183,Codec8E,2026-07-06 13:30:20.000 UTC,1783344620000,0,41.5531133,-8.3951249,206,17,16,16,0,"{""239"":1,""240"":1,""80"":1,""21"":5,""200"":0,""69"":1,""237"":2,""113"":100,""263"":1,""303"":1,""383"":3,""30"":0,""31"":28,""32"":74,""33"":251,""35"":50,""37"":18,""38"":237,""39"":50,""181"":9,""182"":6,""66"":14247,""24"":16,""206"":26,""67"":4033,""68"":0,""13"":63,""17"":-40,""18"":72,""19"":43,""15"":1000,""13201"":457,""36"":2379,""40"":727,""43"":0,""241"":26801,""199"":235,""16"":79176,""12"":414,""449"":0,""636"":110589995,""11"":893510181,""238"":0,""14"":2540732448,""387"":""2b3431353533312e313333332d303038333935312e323530302b3030302e3230362f""}"
2026-07-06T13:30:23Z,862272088833183,Codec8E,2026-07-06 13:30:22.000 UTC,1783344622000,0,41.5532716,-8.3951249,205,1,15,21,0,"{""239"":1,""240"":1,""80"":1,""21"":5,""200"":0,""69"":1,""237"":2,""113"":100,""263"":1,""303"":1,""383"":3,""30"":0,""31"":28,""32"":74,""33"":251,""35"":50,""37"":18,""38"":237,""39"":50,""181"":9,""182"":7,""66"":14263,""24"":21,""206"":26,""67"":4036,""68"":0,""13"":63,""17"":21,""18"":133,""19"":-3,""15"":1000,""13201"":457,""36"":2379,""40"":727,""43"":0,""241"":26801,""199"":252,""16"":79193,""12"":414,""449"":0,""636"":110136873,""11"":893510181,""238"":0,""14"":2540732448,""387"":""2b3431353533322e373136372d303038333935312e323530302b3030302e3230352f""}"
2026-07-06T13:30:28Z,862272088833183,Codec8E,2026-07-06 13:30:27.000 UTC,1783344627000,0,41.5537133,-8.3950649,205,7,14,31,0,"{""239"":1,""240"":1,""80"":1,""21"":5,""200"":0,""69"":1,""237"":2,""113"":100,""263"":1,""303"":1,""383"":3,""30"":0,""31"":27,""32"":74,""33"":251,""35"":56,""37"":31,""38"":234,""39"":49,""181"":10,""182"":7,""66"":14275,""24"":31,""206"":26,""67"":4035,""68"":0,""13"":63,""17"":-32,""18"":46,""19"":63,""15"":1000,""13201"":457,""36"":2784,""40"":458,""43"":0,""241"":26801,""199"":302,""16"":79243,""12"":414,""449"":0,""636"":110136873,""11"":893510181,""238"":0,""14"":2540732448,""387"":""2b3431353533372e313333332d303038333935302e363530302b3030302e3230352f""}"
2026-07-06T13:30:36Z,862272088833183,Codec8E,2026-07-06 13:30:35.000 UTC,1783344635000,0,41.5543266,-8.3948650,203,22,15,30,0,"{""239"":1,""240"":1,""80"":1,""21"":5,""200"":0,""69"":1,""237"":2,""113"":100,""263"":1,""303"":1,""383"":3,""30"":0,""31"":19,""32"":74,""33"":0,""35"":17,""37"":36,""38"":232,""39"":50,""181"":12,""182"":7,""66"":14217,""24"":30,""206"":26,""67"":4036,""68"":0,""13"":63,""17"":220,""18"":56,""19"":150,""15"":1000,""13201"":457,""36"":1332,""40"":86,""43"":0,""241"":26801,""199"":373,""16"":79314,""12"":414,""449"":0,""636"":110377514,""11"":893510181,""238"":0,""14"":2540732448,""387"":""2b3431353534332e323636372d303038333934382e363530302b3030302e3230332f""}"
2026-07-06T13:30:37Z,862272088833183,Codec8E,2026-07-06 13:30:36.000 UTC,1783344636000,0,41.5543583,-8.3948133,203,41,15,27,0,"{""239"":1,""240"":1,""80"":1,""21"":5,""200"":0,""69"":1,""237"":2,""113"":100,""263"":1,""303"":1,""383"":3,""30"":0,""31"":19,""32"":74,""33"":0,""35"":17,""37"":36,""38"":232,""39"":50,""181"":10,""182"":7,""66"":14232,""24"":27,""206"":26,""67"":4035,""68"":0,""13"":63,""17"":-17,""18"":122,""19"":109,""15"":1000,""13201"":457,""36"":1332,""40"":86,""43"":0,""241"":26801,""199"":378,""16"":79319,""12"":414,""449"":0,""636"":110162474,""11"":893510181,""238"":0,""14"":2540732448,""387"":""2b3431353534332e353833332d303038333934382e313333332b3030302e3230332f""}"
2026-07-06T13:30:38Z,862272088833183,Codec8E,2026-07-06 13:30:37.000 UTC,1783344637000,0,41.5543716,-8.3947450,203,60,15,25,0,"{""239"":1,""240"":1,""80"":1,""21"":5,""200"":0,""69"":1,""237"":2,""113"":100,""263"":1,""303"":1,""383"":3,""30"":0,""31"":7,""32"":74,""33"":0,""35"":41,""37"":22,""38"":243,""39"":51,""181"":9,""182"":7,""66"":14243,""24"":25,""206"":26,""67"":4034,""68"":0,""13"":63,""17"":-3,""18"":166,""19"":4,""15"":1000,""13201"":457,""36"":1452,""40"":866,""43"":0,""241"":26801,""199"":384,""16"":79325,""12"":414,""449"":0,""636"":110162474,""11"":893510181,""238"":0,""14"":2540732448,""387"":""2b3431353534332e373136372d303038333934372e343530302b3030302e3230332f""}"
2026-07-06T13:30:39Z,862272088833183,Codec8E,2026-07-06 13:30:38.000 UTC,1783344638000,0,41.5543616,-8.3946433,203,79,16,24,0,"{""239"":1,""240"":1,""80"":1,""21"":5,""200"":0,""69"":1,""237"":2,""113"":100,""263"":1,""303"":1,""383"":3,""30"":0,""31"":7,""32"":74,""33"":0,""35"":41,""37"":22,""38"":243,""39"":51,""181"":9,""182"":6,""66"":14232,""24"":24,""206"":26,""67"":4034,""68"":0,""13"":63,""17"":12,""18"":356,""19"":28,""15"":1000,""13201"":457,""36"":1452,""40"":866,""43"":0,""241"":26801,""199"":392,""16"":79333,""12"":414,""449"":0,""636"":110162474,""11"":893510181,""238"":0,""14"":2540732448,""387"":""2b3431353534332e363136372d303038333934362e343333332b3030302e3230332f""}"
2026-07-06T13:30:40Z,862272088833183,Codec8E,2026-07-06 13:30:39.000 UTC,1783344639000,0,41.5543383,-8.3945499,203,91,16,24,0,"{""239"":1,""240"":1,""80"":1,""21"":5,""200"":0,""69"":1,""237"":2,""113"":100,""263"":1,""303"":1,""383"":3,""30"":0,""31"":7,""32"":74,""33"":0,""35"":41,""37"":22,""38"":243,""39"":51,""181"":9,""182"":6,""66"":14234,""24"":24,""206"":26,""67"":4034,""68"":0,""13"":63,""17"":79,""18"":425,""19"":-10,""15"":1000,""13201"":457,""36"":1452,""40"":866,""43"":0,""241"":26801,""199"":401,""16"":79342,""12"":414,""449"":0,""636"":110162474,""11"":893510181,""238"":0,""14"":2540732448,""387"":""2b3431353534332e333833332d303038333934352e353030302b3030302e3230332f""}"
2026-07-06T13:30:41Z,862272088833183,Codec8E,2026-07-06 13:30:40.000 UTC,1783344640000,0,41.5543083,-8.3944816,202,102,16,23,0,"{""239"":1,""240"":1,""80"":1,""21"":5,""200"":0,""69"":1,""237"":2,""113"":100,""263"":1,""303"":1,""383"":3,""30"":0,""31"":7,""32"":74,""33"":0,""35"":41,""37"":22,""38"":243,""39"":51,""181"":9,""182"":6,""66"":14236,""24"":23,""206"":26,""67"":4034,""68"":0,""13"":63,""17"":-40,""18"":289,""19"":-16,""15"":1000,""13201"":457,""36"":1452,""40"":866,""43"":0,""241"":26801,""199"":407,""16"":79348,""12"":414,""449"":0,""636"":110162474,""11"":893510181,""238"":0,""14"":2540732448,""387"":""2b3431353534332e303833332d303038333934342e383136372b3030302e3230322f""}"
2026-07-06T13:30:42Z,862272088833183,Codec8E,2026-07-06 13:30:41.000 UTC,1783344641000,0,41.5542566,-8.3944483,202,126,16,21,0,"{""239"":1,""240"":1,""80"":1,""21"":5,""200"":0,""69"":1,""237"":2,""113"":100,""263"":1,""303"":1,""383"":3,""30"":0,""31"":12,""32"":74,""33"":253,""35"":58,""37"":22,""38"":243,""39"":50,""181"":10,""182"":6,""66"":14205,""24"":21,""206"":26,""67"":4033,""68"":0,""13"":63,""17"":105,""18"":220,""19"":194,""15"":1000,""13201"":457,""36"":1467,""40"":200,""43"":0,""241"":26801,""199"":414,""16"":79355,""12"":414,""449"":0,""636"":110162474,""11"":893510181,""238"":0,""14"":2540732448,""387"":""2b3431353534322e353636372d303038333934342e343833332b3030302e3230322f""}"
2026-07-06T13:30:43Z,862272088833183,Codec8E,2026-07-06 13:30:42.000 UTC,1783344642000,0,41.5541833,-8.3944633,203,177,14,20,0,"{""239"":1,""240"":1,""80"":1,""21"":5,""200"":0,""69"":1,""237"":2,""113"":100,""263"":1,""303"":1,""383"":3,""30"":0,""31"":12,""32"":74,""33"":253,""35"":58,""37"":22,""38"":243,""39"":50,""181"":12,""182"":7,""66"":14239,""24"":20,""206"":26,""67"":4034,""68"":0,""13"":63,""17"":265,""18"":157,""19"":201,""15"":1000,""13201"":457,""36"":1467,""40"":200,""43"":0,""241"":26801,""199"":422,""16"":79363,""12"":414,""449"":0,""636"":110162474,""11"":893510181,""238"":0,""14"":2540732448,""387"":""2b3431353534312e383333332d303038333934342e363333332b3030302e3230332f""}"
2026-07-06T13:30:44Z,862272088833183,Codec8E,2026-07-06 13:30:43.000 UTC,1783344643000,0,41.5541266,-8.3944733,203,188,13,20,0,"{""239"":1,""240"":1,""80"":1,""21"":5,""200"":0,""69"":1,""237"":2,""113"":100,""263"":1,""303"":1,""383"":3,""30"":0,""31"":12,""32"":74,""33"":253,""35"":58,""37"":22,""38"":243,""39"":50,""181"":12,""182"":8,""66"":14222,""24"":20,""206"":26,""67"":4033,""68"":0,""13"":63,""17"":150,""18"":153,""19"":358,""15"":1000,""13201"":458,""36"":1467,""40"":200,""43"":0,""241"":26801,""199"":428,""16"":79369,""12"":414,""449"":0,""636"":110162474,""11"":893510181,""238"":0,""14"":2540732448,""387"":""2b3431353534312e323636372d303038333934342e373333332b3030302e3230332f""}"
2026-07-06T13:30:51Z,862272088833183,Codec8E,2026-07-06 13:30:50.000 UTC,1783344650000,0,41.5536750,-8.3945283,205,175,13,27,0,"{""239"":1,""240"":1,""80"":1,""21"":5,""200"":0,""69"":1,""237"":2,""113"":100,""263"":1,""303"":1,""383"":3,""30"":0,""31"":12,""32"":74,""33"":0,""35"":67,""37"":28,""38"":237,""39"":48,""181"":10,""182"":8,""66"":14273,""24"":27,""206"":26,""67"":4036,""68"":0,""13"":63,""17"":170,""18"":-219,""19"":61,""15"":1000,""13201"":458,""36"":2277,""40"":161,""43"":0,""241"":26801,""199"":479,""16"":79420,""12"":414,""449"":0,""636"":110162474,""11"":893510181,""238"":0,""14"":2540732448,""387"":""2b3431353533362e373530302d303038333934352e323833332b3030302e3230352f""}"
2026-07-06T13:30:54Z,862272088833183,Codec8E,2026-07-06 13:30:53.000 UTC,1783344653000,0,41.5534766,-8.3944816,206,158,13,27,0,"{""239"":1,""240"":1,""80"":1,""21"":5,""200"":0,""69"":1,""237"":2,""113"":100,""263"":1,""303"":1,""383"":3,""30"":0,""31"":12,""32"":74,""33"":0,""35"":67,""37"":28,""38"":237,""39"":48,""181"":10,""182"":8,""66"":14272,""24"":27,""206"":26,""67"":4037,""68"":0,""13"":63,""17"":328,""18"":109,""19"":399,""15"":1000,""13201"":458,""36"":2277,""40"":161,""43"":0,""241"":26801,""199"":501,""16"":79442,""12"":414,""449"":0,""636"":110162474,""11"":893510181,""238"":0,""14"":2540732448,""387"":""2b3431353533342e373636372d303038333934342e383136372b3030302e3230362f""}"
2026-07-06T13:30:57Z,862272088833183,Codec8E,2026-07-06 13:30:56.000 UTC,1783344656000,0,41.5533683,-8.3942866,207,115,14,25,0,"{""239"":1,""240"":1,""80"":1,""21"":5,""200"":0,""69"":1,""237"":2,""113"":100,""263"":1,""303"":1,""383"":3,""30"":0,""31"":21,""32"":74,""33"":1,""35"":100,""37"":24,""38"":247,""39"":49,""181"":11,""182"":7,""66"":14256,""24"":25,""206"":26,""67"":4037,""68"":0,""13"":63,""17"":183,""18"":162,""19"":116,""15"":1000,""13201"":458,""36"":1611,""40"":1047,""43"":0,""241"":26801,""199"":524,""16"":79465,""12"":414,""449"":0,""636"":110162474,""11"":893510181,""238"":0,""14"":2540732448,""387"":""2b3431353533332e363833332d303038333934322e383636372b3030302e3230372f""}"
2026-07-06T13:30:59Z,862272088833183,Codec8E,2026-07-06 13:30:58.000 UTC,1783344658000,0,41.5533183,-8.3941216,207,131,15,23,0,"{""239"":1,""240"":1,""80"":1,""21"":5,""200"":0,""69"":1,""237"":2,""113"":100,""263"":1,""303"":1,""383"":3,""30"":0,""31"":21,""32"":74,""33"":1,""35"":100,""37"":24,""38"":247,""39"":49,""181"":11,""182"":7,""66"":14212,""24"":23,""206"":26,""67"":4034,""68"":0,""13"":63,""17"":126,""18"":126,""19"":211,""15"":1000,""13201"":458,""36"":1611,""40"":1047,""43"":0,""241"":26801,""199"":539,""16"":79480,""12"":414,""449"":0,""636"":110162474,""11"":893510181,""238"":0,""14"":2540732448,""387"":""2b3431353533332e313833332d303038333934312e323136372b3030302e3230372f""}"
2026-07-06T13:31:00Z,862272088833183,Codec8E,2026-07-06 13:30:59.000 UTC,1783344659000,0,41.5532766,-8.3940550,208,143,15,23,0,"{""239"":1,""240"":1,""80"":1,""21"":5,""200"":0,""69"":1,""237"":2,""113"":100,""263"":1,""303"":1,""383"":3,""30"":0,""31"":21,""32"":74,""33"":1,""35"":100,""37"":24,""38"":247,""39"":49,""181"":11,""182"":7,""66"":14251,""24"":23,""206"":26,""67"":4035,""68"":0,""13"":63,""17"":2,""18"":254,""19"":208,""15"":1000,""13201"":458,""36"":1611,""40"":1047,""43"":0,""241"":26801,""199"":546,""16"":79487,""12"":414,""449"":0,""636"":110162474,""11"":893510181,""238"":0,""14"":2540732448,""387"":""2b3431353533322e373636372d303038333934302e353530302b3030302e3230382f""}"
2026-07-06T13:31:02Z,862272088833183,Codec8E,2026-07-06 13:31:01.000 UTC,1783344661000,0,41.5531700,-8.3939733,209,158,14,25,0,"{""239"":1,""240"":1,""80"":1,""21"":4,""200"":0,""69"":1,""237"":2,""113"":100,""263"":1,""303"":1,""383"":3,""30"":0,""31"":38,""32"":75,""33"":249,""35"":99,""37"":24,""38"":244,""39"":48,""181"":10,""182"":7,""66"":14223,""24"":25,""206"":26,""67"":4035,""68"":0,""13"":63,""17"":231,""18"":-24,""19"":-227,""15"":1000,""13201"":458,""36"":1583,""40"":1055,""43"":0,""241"":26801,""199"":560,""16"":79501,""12"":414,""449"":0,""636"":110162474,""11"":893510181,""238"":0,""14"":2540732448,""387"":""2b3431353533312e373030302d303038333933392e373333332b3030302e3230392f""}"
2026-07-06T13:31:04Z,862272088833183,Codec8E,2026-07-06 13:31:03.000 UTC,1783344663000,0,41.5530716,-8.3939050,210,148,13,23,0,"{""239"":1,""240"":1,""80"":1,""21"":4,""200"":0,""69"":1,""237"":2,""113"":100,""263"":1,""303"":1,""383"":3,""30"":0,""31"":38,""32"":75,""33"":249,""35"":99,""37"":24,""38"":244,""39"":48,""181"":11,""182"":8,""66"":14215,""24"":23,""206"":26,""67"":4036,""68"":0,""13"":63,""17"":-105,""18"":-10,""19"":307,""15"":1000,""13201"":458,""36"":1583,""40"":1055,""43"":0,""241"":26801,""199"":573,""16"":79514,""12"":414,""449"":0,""636"":110162474,""11"":893510181,""238"":0,""14"":2540732448,""387"":""2b3431353533302e373136372d303038333933392e303530302b3030302e3231302f""}"
2026-07-06T13:31:06Z,862272088833183,Codec8E,2026-07-06 13:31:05.000 UTC,1783344665000,0,41.5530250,-8.3938566,210,137,15,18,0,"{""239"":1,""240"":1,""80"":1,""21"":4,""200"":0,""69"":1,""237"":2,""113"":100,""263"":1,""303"":1,""383"":3,""30"":0,""31"":35,""32"":75,""33"":250,""35"":18,""37"":9,""38"":243,""39"":49,""181"":12,""182"":7,""66"":14243,""24"":18,""206"":26,""67"":4035,""68"":0,""13"":63,""17"":-42,""18"":-176,""19"":507,""15"":1000,""13201"":458,""36"":852,""40"":1105,""43"":0,""241"":26801,""199"":577,""16"":79518,""12"":414,""449"":0,""636"":110377514,""11"":893510181,""238"":0,""14"":2540732448,""387"":""2b3431353533302e323530302d303038333933382e353636372b3030302e3231302f""}"
2026-07-06T13:31:07Z,862272088833183,Codec8E,2026-07-06 13:31:06.000 UTC,1783344666000,0,41.5530399,-8.3938116,212,103,15,17,0,"{""239"":1,""240"":1,""80"":1,""21"":4,""200"":0,""69"":1,""237"":2,""113"":100,""263"":1,""303"":1,""383"":3,""30"":0,""31"":35,""32"":75,""33"":250,""35"":18,""37"":9,""38"":243,""39"":49,""181"":12,""182"":7,""66"":14236,""24"":17,""206"":26,""67"":4035,""68"":0,""13"":63,""17"":312,""18"":67,""19"":457,""15"":1000,""13201"":458,""36"":852,""40"":1105,""43"":0,""241"":26801,""199"":582,""16"":79523,""12"":414,""449"":0,""636"":110377514,""11"":893510181,""238"":0,""14"":2540732448,""387"":""2b3431353533302e343030302d303038333933382e313136372b3030302e3231322f""}"
2026-07-06T13:31:08Z,862272088833183,Codec8E,2026-07-06 13:31:07.000 UTC,1783344667000,0,41.5530399,-8.3937583,213,84,15,16,0,"{""239"":1,""240"":1,""80"":1,""21"":4,""200"":0,""69"":1,""237"":2,""113"":100,""263"":1,""303"":1,""383"":3,""30"":0,""31"":35,""32"":75,""33"":250,""35"":18,""37"":9,""38"":243,""39"":49,""181"":12,""182"":7,""66"":14241,""24"":16,""206"":26,""67"":4033,""68"":0,""13"":63,""17"":142,""18"":211,""19"":515,""15"":1000,""13201"":459,""36"":852,""40"":1105,""43"":0,""241"":26801,""199"":587,""16"":79528,""12"":414,""449"":0,""636"":110377514,""11"":893510181,""238"":0,""14"":2540732448,""387"":""2b3431353533302e343030302d303038333933372e353833332b3030302e3231332f""}"
2026-07-06T13:31:12Z,862272088833183,Codec8E,2026-07-06 13:31:08.000 UTC,1783344668000,0,41.5530499,-8.3936966,213,74,15,17,0,"{""239"":1,""240"":1,""80"":1,""21"":4,""200"":0,""69"":1,""237"":2,""113"":100,""263"":1,""303"":1,""383"":3,""30"":0,""31"":35,""32"":75,""33"":250,""35"":18,""37"":9,""38"":243,""39"":49,""181"":10,""182"":7,""66"":14248,""24"":17,""206"":26,""67"":4033,""68"":0,""13"":63,""17"":-59,""18"":-39,""19"":297,""15"":1000,""13201"":459,""36"":852,""40"":1105,""43"":0,""241"":26801,""199"":592,""16"":79533,""12"":414,""449"":0,""636"":110377514,""11"":893510181,""238"":0,""14"":2540732448,""387"":""2b3431353533302e353030302d303038333933362e393636372b3030302e3231332f""}"
2026-07-06T13:31:13Z,862272088833183,Codec8E,2026-07-06 13:31:10.000 UTC,1783344670000,0,41.5531016,-8.3935483,214,63,15,20,0,"{""239"":1,""240"":1,""80"":1,""21"":4,""200"":0,""69"":1,""237"":2,""113"":100,""263"":1,""303"":1,""383"":3,""30"":0,""31"":49,""32"":75,""33"":1,""35"":107,""37"":20,""38"":240,""39"":48,""181"":10,""182"":7,""66"":14246,""24"":20,""206"":26,""67"":4035,""68"":0,""13"":63,""17"":291,""18"":21,""19"":343,""15"":1000,""13201"":460,""36"":2549,""40"":1888,""43"":0,""241"":26801,""199"":606,""16"":79547,""12"":414,""449"":0,""636"":110377514,""11"":893510181,""238"":0,""14"":2540732448,""387"":""2b3431353533312e303136372d303038333933352e343833332b3030302e3231342f""}"
2026-07-06T13:31:13Z,862272088833183,Codec8E,2026-07-06 13:31:12.000 UTC,1783344672000,0,41.5531616,-8.3934050,216,53,15,23,0,"{""239"":1,""240"":1,""80"":1,""21"":4,""200"":0,""69"":1,""237"":2,""113"":100,""263"":1,""303"":1,""383"":3,""30"":0,""31"":49,""32"":75,""33"":1,""35"":107,""37"":20,""38"":240,""39"":48,""181"":12,""182"":7,""66"":14253,""24"":23,""206"":26,""67"":4035,""68"":0,""13"":63,""17"":402,""18"":52,""19"":-76,""15"":1000,""13201"":460,""36"":2549,""40"":1888,""43"":0,""241"":26801,""199"":619,""16"":79560,""12"":414,""449"":0,""636"":110377514,""11"":893510181,""238"":0,""14"":2540732448,""387"":""2b3431353533312e363136372d303038333933342e303530302b3030302e3231362f""}"
2026-07-06T13:31:17Z,862272088833183,Codec8E,2026-07-06 13:31:16.000 UTC,1783344676000,0,41.5532350,-8.3932483,217,81,15,17,0,"{""239"":1,""240"":1,""80"":1,""21"":4,""200"":0,""69"":1,""237"":2,""113"":100,""263"":1,""303"":1,""383"":3,""30"":0,""31"":46,""32"":75,""33"":246,""35"":39,""37"":22,""38"":224,""39"":48,""181"":12,""182"":7,""66"":14216,""24"":17,""206"":26,""67"":4035,""68"":0,""13"":63,""17"":-75,""18"":116,""19"":55,""15"":1000,""13201"":460,""36"":3044,""40"":105,""43"":0,""241"":26801,""199"":634,""16"":79575,""12"":414,""449"":0,""636"":110159913,""11"":893510181,""238"":0,""14"":2540732448,""387"":""2b3431353533322e333530302d303038333933322e343833332b3030302e3231372f""}"
2026-07-06T13:31:20Z,862272088833183,Codec8E,2026-07-06 13:31:19.000 UTC,1783344679000,0,41.5532233,-8.3932566,218,81,15,6,0,"{""239"":1,""240"":1,""80"":1,""21"":4,""200"":0,""69"":1,""237"":2,""113"":100,""263"":1,""303"":1,""383"":3,""30"":0,""31"":11,""32"":75,""33"":252,""35"":34,""37"":0,""38"":250,""39"":50,""181"":10,""182"":7,""66"":13569,""24"":6,""206"":26,""67"":4036,""68"":0,""13"":63,""17"":-71,""18"":122,""19"":49,""15"":1000,""13201"":460,""36"":813,""40"":138,""43"":0,""241"":26801,""199"":634,""16"":79575,""12"":414,""449"":0,""636"":110159913,""11"":893510181,""238"":0,""14"":2540732448,""387"":""2b3431353533322e323333332d303038333933322e353636372b3030302e3231382f""}"
2026-07-06T13:31:22Z,862272088833183,Codec8E,2026-07-06 13:31:21.000 UTC,1783344681000,0,41.5532233,-8.3932566,218,81,15,3,239,"{""239"":0,""240"":1,""80"":1,""21"":4,""200"":0,""69"":1,""237"":2,""113"":100,""263"":1,""303"":1,""383"":3,""30"":0,""31"":11,""32"":75,""33"":252,""35"":34,""37"":0,""38"":250,""39"":50,""181"":10,""182"":7,""66"":13022,""24"":3,""206"":26,""67"":4035,""68"":0,""13"":63,""17"":-61,""18"":131,""19"":45,""15"":1000,""13201"":460,""36"":813,""40"":138,""43"":0,""241"":26801,""199"":634,""16"":79575,""12"":414,""449"":0,""636"":110159913,""11"":893510181,""238"":0,""14"":2540732448,""387"":""2b3431353533322e323333332d303038333933322e353636372b3030302e3231382f""}"
2026-07-06T13:31:31Z,862272088833183,Codec8E,2026-07-06 13:31:28.000 UTC,1783344688000,0,41.5532233,-8.3932566,218,81,15,0,303,"{""239"":0,""240"":1,""80"":1,""21"":4,""200"":0,""69"":1,""237"":2,""113"":100,""263"":1,""303"":0,""383"":3,""30"":0,""31"":26,""32"":75,""33"":254,""35"":66,""37"":0,""38"":0,""39"":50,""181"":10,""182"":7,""66"":12897,""24"":0,""206"":26,""67"":4037,""68"":0,""13"":63,""17"":-74,""18"":119,""19"":40,""15"":1000,""13201"":460,""36"":0,""40"":116,""43"":0,""241"":26801,""199"":634,""16"":79575,""12"":414,""449"":0,""636"":110167593,""11"":893510181,""238"":0,""14"":2540732448,""387"":""2b3431353533322e323333332d303038333933322e353636372b3030302e3231382f""}"
2026-07-06T13:31:33Z,862272088833183,Codec8E,2026-07-06 13:31:30.000 UTC,1783344690000,0,41.5532233,-8.3932566,218,81,15,0,303,"{""239"":0,""240"":1,""80"":1,""21"":4,""200"":0,""69"":1,""237"":2,""113"":100,""263"":1,""303"":1,""383"":3,""30"":0,""31"":26,""32"":75,""33"":254,""35"":66,""37"":0,""38"":0,""39"":50,""181"":10,""182"":7,""66"":12792,""24"":0,""206"":26,""67"":4033,""68"":0,""13"":63,""17"":-79,""18"":118,""19"":38,""15"":1000,""13201"":460,""36"":0,""40"":116,""43"":0,""241"":26801,""199"":634,""16"":79575,""12"":414,""449"":0,""636"":110167593,""11"":893510181,""238"":0,""14"":2540732448,""387"":""2b3431353533322e323333332d303038333933322e353636372b3030302e3231382f""}"
2026-07-06T13:31:36Z,862272088833183,Codec8E,2026-07-06 13:31:35.000 UTC,1783344695000,0,41.5532233,-8.3932566,218,81,14,0,303,"{""239"":0,""240"":1,""80"":1,""21"":4,""200"":0,""69"":1,""237"":2,""113"":100,""263"":1,""303"":0,""383"":3,""30"":0,""31"":26,""32"":75,""33"":254,""35"":66,""37"":0,""38"":0,""39"":50,""181"":11,""182"":8,""66"":12883,""24"":0,""206"":26,""67"":4037,""68"":0,""13"":63,""17"":-72,""18"":113,""19"":38,""15"":1000,""13201"":460,""36"":0,""40"":116,""43"":0,""241"":26801,""199"":634,""16"":79575,""12"":414,""449"":0,""636"":110162474,""11"":893510181,""238"":0,""14"":2540732448,""387"":""2b3431353533322e323333332d303038333933322e353636372b3030302e3231382f""}"
2026-07-06T13:32:36Z,862272088833183,Codec8E,2026-07-06 13:32:34.000 UTC,1783344754000,0,41.5532233,-8.3932566,218,81,14,0,240,"{""239"":0,""240"":0,""80"":0,""21"":4,""200"":0,""69"":1,""237"":2,""113"":100,""263"":1,""303"":0,""383"":3,""181"":10,""182"":7,""66"":12887,""24"":0,""206"":26,""67"":4033,""68"":0,""13"":63,""17"":-74,""18"":120,""19"":56,""15"":1000,""13201"":459,""241"":26801,""199"":0,""16"":79575,""12"":414,""449"":0,""636"":110167593,""11"":893510181,""238"":0,""14"":2540732448,""387"":""2b3431353533322e323333332d303038333933322e353636372b3030302e3231382f""}"
2026-07-06T14:33:58Z,862272088833183,Codec8E,2026-07-06 14:32:34.000 UTC,1783348354000,0,41.5532233,-8.3932566,205,81,14,0,0,"{""239"":0,""240"":0,""80"":0,""21"":5,""200"":0,""69"":1,""237"":2,""113"":100,""263"":1,""303"":0,""383"":3,""181"":14,""182"":7,""66"":12723,""24"":0,""206"":26,""67"":4033,""68"":0,""13"":63,""17"":-68,""18"":109,""19"":49,""15"":1000,""13201"":481,""241"":26801,""199"":0,""16"":79575,""12"":414,""449"":0,""636"":110159923,""11"":893510181,""238"":0,""14"":2540732448,""387"":""2b3431353533322e323333332d303038333933322e353636372b3030302e3230352f""}"
2026-07-06T15:34:07Z,862272088833183,Codec8E,2026-07-06 15:32:34.000 UTC,1783351954000,0,41.5532233,-8.3932566,198,81,13,0,0,"{""239"":0,""240"":0,""80"":0,""21"":5,""200"":0,""69"":1,""237"":2,""113"":100,""263"":1,""303"":0,""383"":3,""181"":11,""182"":7,""66"":12680,""24"":0,""206"":26,""67"":4033,""68"":0,""13"":63,""17"":-64,""18"":105,""19"":44,""15"":1000,""13201"":474,""241"":26801,""199"":0,""16"":79575,""12"":414,""449"":0,""636"":110159923,""11"":893510181,""238"":0,""14"":2540732448,""387"":""2b3431353533322e323333332d303038333933322e353636372b3030302e3139382f""}"
2026-07-06T16:06:08Z,862272088833183,Codec8E,2026-07-06 16:04:36.000 UTC,1783353876000,0,41.5532233,-8.3932566,0,0,0,0,303,"{""239"":0,""240"":0,""80"":0,""21"":5,""200"":3,""69"":3,""237"":2,""113"":100,""263"":1,""303"":1,""383"":3,""66"":12677,""206"":26,""67"":4033,""68"":0,""17"":-72,""18"":100,""19"":38,""13201"":431,""241"":26801,""16"":79575,""12"":414,""449"":0,""636"":110159923,""11"":893510181,""238"":0,""14"":2540732448,""387"":""2b3431353533322e323333332d303038333933322e353636372b3030302e3030302f""}"
2026-07-06T16:06:08Z,862272088833183,Codec8E,2026-07-06 16:04:37.000 UTC,1783353877000,0,41.5532233,-8.3932566,0,0,0,0,240,"{""239"":0,""240"":1,""80"":1,""21"":5,""200"":0,""69"":2,""237"":2,""113"":100,""263"":1,""303"":1,""383"":3,""181"":0,""182"":0,""66"":12645,""24"":0,""206"":26,""67"":4033,""68"":0,""13"":63,""17"":-80,""18"":105,""19"":39,""15"":1000,""13201"":431,""241"":26801,""199"":0,""16"":79575,""12"":414,""449"":0,""636"":110159923,""11"":893510181,""238"":0,""14"":2540732448,""387"":""2b3431353533322e323333332d303038333933322e353636372b3030302e3030302f""}"
2026-07-06T16:06:08Z,862272088833183,Codec8E,2026-07-06 16:04:39.000 UTC,1783353879000,0,41.5533250,-8.3933883,234,0,9,0,303,"{""239"":0,""240"":1,""80"":1,""21"":5,""200"":0,""69"":1,""237"":2,""113"":100,""263"":1,""303"":0,""383"":3,""181"":13,""182"":10,""66"":12636,""24"":0,""206"":26,""67"":4033,""68"":0,""13"":63,""17"":-71,""18"":104,""19"":52,""15"":1000,""13201"":431,""241"":26801,""199"":0,""16"":79575,""12"":414,""449"":0,""636"":110159923,""11"":893510181,""238"":0,""14"":2540732448,""387"":""2b3431353533332e323530302d303038333933332e383833332b3030302e3233342f""}"
2026-07-06T16:06:08Z,862272088833183,Codec8E,2026-07-06 16:04:44.000 UTC,1783353884000,0,41.5533533,-8.3933749,237,0,8,0,303,"{""239"":0,""240"":1,""80"":1,""21"":5,""200"":0,""69"":1,""237"":2,""113"":100,""263"":1,""303"":1,""383"":3,""181"":15,""182"":11,""66"":12516,""24"":0,""206"":26,""67"":4033,""68"":0,""13"":63,""17"":-72,""18"":106,""19"":39,""15"":1000,""13201"":433,""241"":26801,""199"":0,""16"":79575,""12"":414,""449"":0,""636"":110159923,""11"":893510181,""238"":0,""14"":2540732448,""387"":""2b3431353533332e353333332d303038333933332e373530302b3030302e3233372f""}"
2026-07-06T16:06:08Z,862272088833183,Codec8E,2026-07-06 16:04:53.000 UTC,1783353893000,0,41.5533016,-8.3933583,221,4,9,1,239,"{""239"":1,""240"":1,""80"":1,""21"":5,""200"":0,""69"":1,""237"":2,""113"":100,""263"":1,""303"":1,""383"":3,""181"":14,""182"":11,""66"":14166,""24"":1,""206"":26,""67"":4033,""68"":0,""13"":63,""17"":-48,""18"":133,""19"":5,""15"":1000,""13201"":432,""241"":26801,""199"":0,""16"":79575,""12"":414,""449"":0,""636"":110159923,""11"":893510181,""238"":0,""14"":2540732448,""387"":""2b3431353533332e303136372d303038333933332e353833332b3030302e3232312f""}"
2026-07-06T16:06:09Z,862272088833183,Codec8E,2026-07-06 16:05:01.000 UTC,1783353901000,0,41.5532216,-8.3934900,217,251,12,6,0,"{""239"":1,""240"":1,""80"":1,""21"":5,""200"":0,""69"":1,""237"":2,""113"":100,""263"":1,""303"":1,""383"":3,""30"":0,""31"":10,""32"":39,""33"":0,""35"":34,""37"":3,""38"":252,""39"":38,""181"":11,""182"":8,""66"":14272,""24"":6,""206"":26,""67"":4033,""68"":0,""13"":63,""17"":18,""18"":156,""19"":315,""15"":1000,""13201"":434,""36"":1240,""40"":202,""43"":0,""241"":26801,""199"":0,""16"":79594,""12"":414,""449"":0,""636"":110159923,""11"":893510181,""238"":0,""14"":2540732448,""387"":""2b3431353533322e323136372d303038333933342e393030302b3030302e3231372f""}"
2026-07-06T16:06:09Z,862272088833183,Codec8E,2026-07-06 16:05:24.000 UTC,1783353924000,0,41.5531816,-8.3939683,211,332,13,6,0,"{""239"":1,""240"":1,""80"":1,""21"":5,""200"":0,""69"":1,""237"":2,""113"":100,""263"":1,""303"":1,""383"":3,""30"":0,""31"":14,""32"":40,""33"":0,""35"":52,""37"":6,""38"":246,""39"":37,""181"":11,""182"":7,""66"":14348,""24"":6,""206"":26,""67"":4034,""68"":0,""13"":63,""17"":158,""18"":-75,""19"":-52,""15"":1000,""13201"":435,""36"":1197,""40"":213,""43"":0,""241"":26801,""199"":48,""16"":79642,""12"":414,""449"":0,""636"":110589995,""11"":893510181,""238"":0,""14"":2540732448,""387"":""2b3431353533312e383136372d303038333933392e363833332b3030302e3231312f""}"
2026-07-06T16:06:09Z,862272088833183,Codec8E,2026-07-06 16:05:34.000 UTC,1783353934000,0,41.5533233,-8.3940666,210,328,12,1,303,"{""239"":1,""240"":1,""80"":1,""21"":5,""200"":0,""69"":1,""237"":2,""113"":100,""263"":1,""303"":0,""383"":3,""30"":0,""31"":13,""32"":41,""33"":0,""35"":35,""37"":0,""38"":243,""39"":38,""181"":12,""182"":8,""66"":14323,""24"":1,""206"":26,""67"":4033,""68"":0,""13"":63,""17"":11,""18"":13,""19"":-70,""15"":1000,""13201"":437,""36"":987,""40"":141,""43"":0,""241"":26801,""199"":66,""16"":79660,""12"":414,""449"":0,""636"":110589995,""11"":893510181,""238"":0,""14"":2540732448,""387"":""2b3431353533332e323333332d303038333934302e363636372b3030302e3231302f""}"
2026-07-06T16:06:09Z,862272088833183,Codec8E,2026-07-06 16:05:35.000 UTC,1783353935000,0,41.5533233,-8.3940666,210,328,11,0,303,"{""239"":1,""240"":1,""80"":1,""21"":5,""200"":0,""69"":1,""237"":2,""113"":100,""263"":1,""303"":1,""383"":3,""30"":0,""31"":12,""32"":41,""33"":0,""35"":34,""37"":0,""38"":252,""39"":38,""181"":12,""182"":8,""66"":14318,""24"":0,""206"":26,""67"":4033,""68"":0,""13"":63,""17"":10,""18"":3,""19"":-70,""15"":1000,""13201"":437,""36"":1021,""40"":166,""43"":0,""241"":26801,""199"":66,""16"":79660,""12"":414,""449"":0,""636"":110589995,""11"":893510181,""238"":0,""14"":2540732448,""387"":""2b3431353533332e323333332d303038333934302e363636372b3030302e3231302f""}"
2026-07-06T16:06:10Z,862272088833183,Codec8E,2026-07-06 16:05:40.000 UTC,1783353940000,0,41.5533233,-8.3940666,210,328,12,0,303,"{""239"":1,""240"":1,""80"":1,""21"":5,""200"":0,""69"":1,""237"":2,""113"":100,""263"":1,""303"":0,""383"":3,""30"":0,""31"":12,""32"":42,""33"":0,""35"":35,""37"":0,""38"":0,""39"":38,""181"":12,""182"":8,""66"":14315,""24"":0,""206"":26,""67"":4035,""68"":0,""13"":63,""17"":12,""18"":-1,""19"":-91,""15"":1000,""13201"":438,""36"":1039,""40"":166,""43"":0,""241"":26801,""199"":66,""16"":79660,""12"":416,""449"":0,""636"":110589995,""11"":893510181,""238"":0,""14"":2540732448,""387"":""2b3431353533332e323333332d303038333934302e363636372b3030302e3231302f""}"
2026-07-06T16:06:10Z,862272088833183,Codec8E,2026-07-06 16:05:41.000 UTC,1783353941000,0,41.5533233,-8.3940666,210,328,12,0,303,"{""239"":1,""240"":1,""80"":1,""21"":5,""200"":0,""69"":1,""237"":2,""113"":100,""263"":1,""303"":1,""383"":3,""30"":0,""31"":12,""32"":42,""33"":0,""35"":35,""37"":0,""38"":0,""39"":38,""181"":12,""182"":8,""66"":14299,""24"":0,""206"":26,""67"":4034,""68"":0,""13"":63,""17"":14,""18"":18,""19"":-66,""15"":1000,""13201"":438,""36"":1039,""40"":166,""43"":0,""241"":26801,""199"":66,""16"":79660,""12"":416,""449"":0,""636"":110589995,""11"":893510181,""238"":0,""14"":2540732448,""387"":""2b3431353533332e323333332d303038333934302e363636372b3030302e3231302f""}"
2026-07-06T16:06:10Z,862272088833183,Codec8E,2026-07-06 16:05:46.000 UTC,1783353946000,0,41.5533233,-8.3940666,210,328,12,0,303,"{""239"":1,""240"":1,""80"":1,""21"":4,""200"":0,""69"":1,""237"":2,""113"":100,""263"":1,""303"":0,""383"":3,""30"":0,""31"":12,""32"":42,""33"":0,""35"":35,""37"":0,""38"":0,""39"":38,""181"":12,""182"":8,""66"":14318,""24"":0,""206"":26,""67"":4034,""68"":0,""13"":63,""17"":12,""18"":13,""19"":-76,""15"":1000,""13201"":439,""36"":1059,""40"":169,""43"":0,""241"":26801,""199"":66,""16"":79660,""12"":417,""449"":0,""636"":110589995,""11"":893510181,""238"":0,""14"":2540732448,""387"":""2b3431353533332e323333332d303038333934302e363636372b3030302e3231302f""}"
2026-07-06T16:06:11Z,862272088833183,Codec8E,2026-07-06 16:06:09.000 UTC,1783353969000,0,41.5533233,-8.3940666,210,328,12,0,303,"{""239"":1,""240"":1,""80"":1,""21"":4,""200"":0,""69"":1,""237"":2,""113"":100,""263"":1,""303"":1,""383"":3,""30"":0,""31"":12,""32"":44,""33"":0,""35"":36,""37"":0,""38"":3,""39"":38,""181"":14,""182"":8,""66"":14270,""24"":0,""206"":26,""67"":4033,""68"":0,""13"":64,""17"":-10,""18"":17,""19"":-72,""15"":1000,""13201"":440,""36"":1072,""40"":169,""43"":0,""241"":26801,""199"":66,""16"":79660,""12"":424,""449"":0,""636"":110589995,""11"":893510181,""238"":0,""14"":2540732448,""387"":""2b3431353533332e323333332d303038333934302e363636372b3030302e3231302f""}"
2026-07-06T16:06:42Z,862272088833183,Codec8E,2026-07-06 16:06:40.000 UTC,1783354000000,0,41.5532166,-8.3942100,208,206,13,8,0,"{""239"":1,""240"":1,""80"":1,""21"":4,""200"":0,""69"":1,""237"":2,""113"":100,""263"":1,""303"":1,""383"":3,""30"":0,""31"":10,""32"":47,""33"":0,""35"":28,""37"":19,""38"":242,""39"":38,""181"":16,""182"":7,""66"":14340,""24"":8,""206"":26,""67"":4034,""68"":0,""13"":65,""17"":179,""18"":146,""19"":25,""15"":1000,""13201"":441,""36"":2122,""40"":816,""43"":0,""241"":26801,""199"":83,""16"":79677,""12"":432,""449"":0,""636"":110590015,""11"":893510181,""238"":0,""14"":2540732448,""387"":""2b3431353533322e313636372d303038333934322e313030302b3030302e3230382f""}"
2026-07-06T16:06:44Z,862272088833183,Codec8E,2026-07-06 16:06:42.000 UTC,1783354002000,0,41.5530499,-8.3943266,207,207,12,19,0,"{""239"":1,""240"":1,""80"":1,""21"":4,""200"":0,""69"":1,""237"":2,""113"":100,""263"":1,""303"":1,""383"":3,""30"":0,""31"":10,""32"":47,""33"":0,""35"":28,""37"":19,""38"":242,""39"":38,""181"":18,""182"":8,""66"":14331,""24"":19,""206"":26,""67"":4033,""68"":0,""13"":65,""17"":330,""18"":175,""19"":115,""15"":1000,""13201"":441,""36"":2122,""40"":816,""43"":0,""241"":26801,""199"":104,""16"":79698,""12"":432,""449"":0,""636"":110590015,""11"":893510181,""238"":0,""14"":2540732448,""387"":""2b3431353533302e353030302d303038333934332e323636372b3030302e3230372f""}"
2026-07-06T16:06:45Z,862272088833183,Codec8E,2026-07-06 16:06:44.000 UTC,1783354004000,0,41.5529199,-8.3944783,206,226,13,26,0,"{""239"":1,""240"":1,""80"":1,""21"":4,""200"":0,""69"":1,""237"":2,""113"":100,""263"":1,""303"":1,""383"":3,""30"":0,""31"":10,""32"":47,""33"":0,""35"":28,""37"":19,""38"":242,""39"":38,""181"":17,""182"":7,""66"":14314,""24"":26,""206"":26,""67"":4033,""68"":0,""13"":65,""17"":307,""18"":124,""19"":181,""15"":1000,""13201"":443,""36"":2122,""40"":816,""43"":0,""241"":26801,""199"":123,""16"":79717,""12"":432,""449"":0,""636"":110590015,""11"":893510181,""238"":0,""14"":2540732448,""387"":""2b3431353532392e323030302d303038333934342e373833332b3030302e3230362f""}"
2026-07-06T16:06:47Z,862272088833183,Codec8E,2026-07-06 16:06:46.000 UTC,1783354006000,0,41.5528366,-8.3946716,206,241,12,29,0,"{""239"":1,""240"":1,""80"":1,""21"":4,""200"":0,""69"":1,""237"":2,""113"":100,""263"":1,""303"":1,""383"":3,""30"":0,""31"":4,""32"":47,""33"":0,""35"":16,""37"":33,""38"":245,""39"":38,""181"":15,""182"":8,""66"":14325,""24"":29,""206"":26,""67"":4034,""68"":0,""13"":65,""17"":223,""18"":303,""19"":92,""15"":1000,""13201"":443,""36"":2137,""40"":208,""43"":0,""241"":26801,""199"":142,""16"":79736,""12"":432,""449"":0,""636"":110590015,""11"":893510181,""238"":0,""14"":2540732448,""387"":""2b3431353532382e333636372d303038333934362e373136372b3030302e3230362f""}"
2026-07-06T16:06:49Z,862272088833183,Codec8E,2026-07-06 16:06:47.000 UTC,1783354007000,0,41.5528716,-8.3948150,205,270,12,30,0,"{""239"":1,""240"":1,""80"":1,""21"":5,""200"":0,""69"":1,""237"":2,""113"":100,""263"":1,""303"":1,""383"":3,""30"":0,""31"":4,""32"":47,""33"":0,""35"":16,""37"":33,""38"":245,""39"":38,""181"":17,""182"":8,""66"":14316,""24"":30,""206"":26,""67"":4034,""68"":0,""13"":65,""17"":78,""18"":211,""19"":40,""15"":1000,""13201"":444,""36"":2137,""40"":208,""43"":0,""241"":26801,""199"":154,""16"":79748,""12"":432,""449"":0,""636"":110590015,""11"":893510181,""238"":0,""14"":2540732448,""387"":""2b3431353532382e373136372d303038333934382e313530302b3030302e3230352f""}"
2026-07-06T16:06:49Z,862272088833183,Codec8E,2026-07-06 16:06:47.010 UTC,1783354007010,0,41.5528716,-8.3948150,205,270,12,30,253,"{""239"":1,""240"":1,""80"":1,""21"":5,""200"":0,""69"":1,""237"":2,""113"":100,""263"":1,""303"":1,""383"":3,""30"":0,""31"":4,""32"":47,""33"":0,""35"":16,""37"":33,""38"":245,""39"":38,""253"":3,""254"":48,""181"":17,""182"":8,""66"":14313,""24"":30,""206"":26,""67"":4034,""68"":0,""13"":65,""17"":103,""18"":86,""19"":-7,""15"":1000,""13201"":444,""36"":2137,""40"":208,""43"":0,""241"":26801,""199"":154,""16"":79748,""12"":432,""449"":0,""636"":110590015,""11"":893510181,""238"":0,""14"":2540732448,""387"":""2b3431353532382e373136372d303038333934382e313530302b3030302e3230352f""}"
2026-07-06T16:06:51Z,862272088833183,Codec8E,2026-07-06 16:06:50.000 UTC,1783354010000,0,41.5529083,-8.3951016,203,289,12,25,0,"{""239"":1,""240"":1,""80"":1,""21"":5,""200"":0,""69"":1,""237"":2,""113"":100,""263"":1,""303"":1,""383"":3,""30"":0,""31"":7,""32"":48,""33"":0,""35"":16,""37"":31,""38"":229,""39"":38,""181"":17,""182"":8,""66"":14265,""24"":25,""206"":26,""67"":4033,""68"":0,""13"":65,""17"":97,""18"":29,""19"":-184,""15"":1000,""13201"":444,""36"":2097,""40"":80,""43"":0,""241"":26801,""199"":179,""16"":79773,""12"":432,""449"":0,""636"":110590015,""11"":893510181,""238"":0,""14"":2540732448,""387"":""2b3431353532392e303833332d303038333935312e303136372b3030302e3230332f""}"
2026-07-06T16:06:53Z,862272088833183,Codec8E,2026-07-06 16:06:52.000 UTC,1783354012000,0,41.5529283,-8.3951450,202,281,12,15,0,"{""239"":1,""240"":1,""80"":1,""21"":5,""200"":0,""69"":1,""237"":2,""113"":100,""263"":1,""303"":1,""383"":3,""30"":0,""31"":7,""32"":48,""33"":0,""35"":16,""37"":31,""38"":229,""39"":38,""181"":13,""182"":8,""66"":14250,""24"":15,""206"":26,""67"":4033,""68"":0,""13"":65,""17"":-11,""18"":37,""19"":-21,""15"":1000,""13201"":444,""36"":2097,""40"":80,""43"":0,""241"":26801,""199"":182,""16"":79776,""12"":432,""449"":0,""636"":110590015,""11"":893510181,""238"":0,""14"":2540732448,""387"":""2b3431353532392e323833332d303038333935312e343530302b3030302e3230322f""}"
2026-07-06T16:06:56Z,862272088833183,Codec8E,2026-07-06 16:06:55.000 UTC,1783354015000,0,41.5529300,-8.3951583,203,322,12,8,0,"{""239"":1,""240"":1,""80"":1,""21"":5,""200"":0,""69"":1,""237"":2,""113"":100,""263"":1,""303"":1,""383"":3,""30"":0,""31"":12,""32"":48,""33"":0,""35"":34,""37"":2,""38"":243,""39"":39,""181"":11,""182"":8,""66"":14289,""24"":8,""206"":26,""67"":4036,""68"":0,""13"":65,""17"":-7,""18"":109,""19"":-6,""15"":1000,""13201"":445,""36"":953,""40"":1102,""43"":0,""241"":26801,""199"":182,""16"":79776,""12"":432,""449"":0,""636"":110590015,""11"":893510181,""238"":0,""14"":2540732448,""387"":""2b3431353532392e333030302d303038333935312e353833332b3030302e3230332f""}"
2026-07-06T16:06:58Z,862272088833183,Codec8E,2026-07-06 16:06:57.000 UTC,1783354017000,0,41.5529649,-8.3951983,203,338,13,7,0,"{""239"":1,""240"":1,""80"":1,""21"":5,""200"":0,""69"":1,""237"":2,""113"":100,""263"":1,""303"":1,""383"":3,""30"":0,""31"":12,""32"":48,""33"":0,""35"":34,""37"":2,""38"":243,""39"":39,""181"":11,""182"":7,""66"":14260,""24"":7,""206"":26,""67"":4033,""68"":0,""13"":65,""17"":-7,""18"":67,""19"":-26,""15"":1000,""13201"":446,""36"":953,""40"":1102,""43"":0,""241"":26801,""199"":187,""16"":79781,""12"":432,""449"":0,""636"":110590015,""11"":893510181,""238"":0,""14"":2540732448,""387"":""2b3431353532392e363530302d303038333935312e393833332b3030302e3230332f""}"
2026-07-06T16:07:04Z,862272088833183,Codec8E,2026-07-06 16:07:03.000 UTC,1783354023000,0,41.5530650,-8.3951783,201,19,13,8,0,"{""239"":1,""240"":1,""80"":1,""21"":5,""200"":0,""69"":1,""237"":2,""113"":100,""263"":1,""303"":1,""383"":3,""30"":0,""31"":9,""32"":48,""33"":0,""35"":66,""37"":9,""38"":245,""39"":37,""181"":15,""182"":7,""66"":14300,""24"":8,""206"":26,""67"":4034,""68"":0,""13"":65,""17"":7,""18"":-127,""19"":4,""15"":1000,""13201"":446,""36"":1307,""40"":877,""43"":0,""241"":26801,""199"":200,""16"":79794,""12"":432,""449"":0,""636"":110590015,""11"":893510181,""238"":0,""14"":2540732448,""387"":""2b3431353533302e363530302d303038333935312e373833332b3030302e3230312f""}"
2026-07-06T16:07:05Z,862272088833183,Codec8E,2026-07-06 16:07:04.000 UTC,1783354024000,0,41.5531133,-8.3951616,200,7,13,11,0,"{""239"":1,""240"":1,""80"":1,""21"":5,""200"":0,""69"":1,""237"":2,""113"":100,""263"":1,""303"":1,""383"":3,""30"":0,""31"":9,""32"":48,""33"":0,""35"":66,""37"":9,""38"":245,""39"":37,""181"":17,""182"":7,""66"":14314,""24"":11,""206"":26,""67"":4033,""68"":0,""13"":65,""17"":6,""18"":-282,""19"":-87,""15"":1000,""13201"":446,""36"":1307,""40"":877,""43"":0,""241"":26801,""199"":206,""16"":79800,""12"":432,""449"":0,""636"":110590015,""11"":893510181,""238"":0,""14"":2540732448,""387"":""2b3431353533312e313333332d303038333935312e363136372b3030302e3230302f""}"
2026-07-06T16:07:07Z,862272088833183,Codec8E,2026-07-06 16:07:06.000 UTC,1783354026000,0,41.5532150,-8.3951583,200,355,13,15,0,"{""239"":1,""240"":1,""80"":1,""21"":5,""200"":0,""69"":1,""237"":2,""113"":100,""263"":1,""303"":1,""383"":3,""30"":0,""31"":9,""32"":48,""33"":0,""35"":66,""37"":9,""38"":245,""39"":37,""181"":16,""182"":7,""66"":14318,""24"":15,""206"":26,""67"":4033,""68"":0,""13"":65,""17"":-32,""18"":-434,""19"":-48,""15"":1000,""13201"":447,""36"":1307,""40"":877,""43"":0,""241"":26801,""199"":217,""16"":79811,""12"":432,""449"":0,""636"":110590015,""11"":893510181,""238"":0,""14"":2540732448,""387"":""2b3431353533322e313530302d303038333935312e353833332b3030302e3230302f""}"
2026-07-06T16:07:08Z,862272088833183,Codec8E,2026-07-06 16:07:07.000 UTC,1783354027000,0,41.5532449,-8.3951966,199,331,13,15,0,"{""239"":1,""240"":1,""80"":1,""21"":5,""200"":0,""69"":1,""237"":2,""113"":100,""263"":1,""303"":1,""383"":3,""30"":0,""31"":9,""32"":48,""33"":0,""35"":66,""37"":9,""38"":245,""39"":37,""181"":17,""182"":7,""66"":14315,""24"":15,""206"":26,""67"":4033,""68"":0,""13"":65,""17"":-10,""18"":-312,""19"":141,""15"":1000,""13201"":447,""36"":1307,""40"":877,""43"":0,""241"":26801,""199"":222,""16"":79816,""12"":432,""449"":0,""636"":110590015,""11"":893510181,""238"":0,""14"":2540732448,""387"":""2b3431353533322e343530302d303038333935312e393636372b3030302e3139392f""}"
2026-07-06T16:07:09Z,862272088833183,Codec8E,2026-07-06 16:07:08.000 UTC,1783354028000,0,41.5532666,-8.3952466,199,312,13,15,0,"{""239"":1,""240"":1,""80"":1,""21"":5,""200"":0,""69"":1,""237"":2,""113"":100,""263"":1,""303"":1,""383"":3,""30"":0,""31"":10,""32"":48,""33"":0,""35"":82,""37"":22,""38"":228,""39"":37,""181"":17,""182"":7,""66"":14317,""24"":15,""206"":26,""67"":4033,""68"":0,""13"":65,""17"":107,""18"":209,""19"":-57,""15"":1000,""13201"":447,""36"":2182,""40"":1019,""43"":0,""241"":26801,""199"":226,""16"":79820,""12"":432,""449"":0,""636"":110590015,""11"":893510181,""238"":0,""14"":2540732448,""387"":""2b3431353533322e363636372d303038333935322e343636372b3030302e3139392f""}"
2026-07-06T16:07:10Z,862272088833183,Codec8E,2026-07-06 16:07:09.000 UTC,1783354029000,0,41.5532649,-8.3953350,199,283,13,16,0,"{""239"":1,""240"":1,""80"":1,""21"":5,""200"":0,""69"":1,""237"":2,""113"":100,""263"":1,""303"":1,""383"":3,""30"":0,""31"":10,""32"":48,""33"":0,""35"":82,""37"":22,""38"":228,""39"":37,""181"":12,""182"":7,""66"":14297,""24"":16,""206"":26,""67"":4033,""68"":0,""13"":65,""17"":-1,""18"":207,""19"":115,""15"":1000,""13201"":447,""36"":2182,""40"":1019,""43"":0,""241"":26801,""199"":234,""16"":79828,""12"":432,""449"":0,""636"":110590015,""11"":893510181,""238"":0,""14"":2540732448,""387"":""2b3431353533322e363530302d303038333935332e333530302b3030302e3139392f""}"
2026-07-06T16:07:11Z,862272088833183,Codec8E,2026-07-06 16:07:10.000 UTC,1783354030000,0,41.5532216,-8.3955416,199,264,13,20,0,"{""239"":1,""240"":1,""80"":1,""21"":5,""200"":0,""69"":1,""237"":2,""113"":100,""263"":1,""303"":1,""383"":3,""30"":0,""31"":10,""32"":48,""33"":0,""35"":82,""37"":22,""38"":228,""39"":37,""181"":16,""182"":7,""66"":14289,""24"":20,""206"":26,""67"":4033,""68"":0,""13"":65,""17"":-58,""18"":156,""19"":143,""15"":1000,""13201"":447,""36"":2182,""40"":1019,""43"":0,""241"":26801,""199"":252,""16"":79846,""12"":432,""449"":0,""636"":110590015,""11"":893510181,""238"":0,""14"":2540732448,""387"":""2b3431353533322e323136372d303038333935352e343136372b3030302e3139392f""}"
2026-07-06T16:07:13Z,862272088833183,Codec8E,2026-07-06 16:07:12.000 UTC,1783354032000,0,41.5531899,-8.3958850,198,266,13,31,0,"{""239"":1,""240"":1,""80"":1,""21"":5,""200"":0,""69"":1,""237"":2,""113"":100,""263"":1,""303"":1,""383"":3,""30"":0,""31"":48,""32"":48,""33"":0,""35"":87,""37"":40,""38"":241,""39"":37,""181"":11,""182"":7,""66"":14292,""24"":31,""206"":26,""67"":4034,""68"":0,""13"":65,""17"":11,""18"":26,""19"":-10,""15"":1000,""13201"":448,""36"":2653,""40"":2766,""43"":0,""241"":26801,""199"":280,""16"":79874,""12"":432,""449"":0,""636"":110590015,""11"":893510181,""238"":0,""14"":2540732448,""387"":""2b3431353533312e393030302d303038333935382e383530302b3030302e3139382f""}"
2026-07-06T16:07:15Z,862272088833183,Codec8E,2026-07-06 16:07:14.000 UTC,1783354034000,0,41.5531999,-8.3962500,198,267,12,41,0,"{""239"":1,""240"":1,""80"":1,""21"":5,""200"":0,""69"":1,""237"":2,""113"":100,""263"":1,""303"":1,""383"":3,""30"":0,""31"":48,""32"":48,""33"":0,""35"":87,""37"":40,""38"":241,""39"":37,""181"":12,""182"":8,""66"":14298,""24"":41,""206"":26,""67"":4034,""68"":0,""13"":65,""17"":32,""18"":13,""19"":174,""15"":1000,""13201"":448,""36"":2653,""40"":2766,""43"":0,""241"":26801,""199"":311,""16"":79905,""12"":432,""449"":0,""636"":110590015,""11"":893510181,""238"":0,""14"":2540732448,""387"":""2b3431353533322e303030302d303038333936322e353030302b3030302e3139382f""}"
2026-07-06T16:07:18Z,862272088833183,Codec8E,2026-07-06 16:07:17.000 UTC,1783354037000,0,41.5531683,-8.3968583,197,265,9,52,0,"{""239"":1,""240"":1,""80"":1,""21"":5,""200"":0,""69"":1,""237"":2,""113"":100,""263"":1,""303"":1,""383"":3,""30"":0,""31"":44,""32"":49,""33"":0,""35"":132,""37"":63,""38"":222,""39"":36,""181"":14,""182"":10,""66"":14302,""24"":52,""206"":26,""67"":4035,""68"":0,""13"":65,""17"":182,""18"":-4,""19"":-101,""15"":1000,""13201"":448,""36"":3131,""40"":200,""43"":0,""241"":26801,""199"":362,""16"":79956,""12"":432,""449"":0,""636"":110590015,""11"":893510181,""238"":0,""14"":2540732448,""387"":""2b3431353533312e363833332d303038333936382e353833332b3030302e3139372f""}"
2026-07-06T16:07:19Z,862272088833183,Codec8E,2026-07-06 16:07:17.010 UTC,1783354037010,0,41.5531683,-8.3968583,197,265,9,52,255,"{""239"":1,""240"":1,""80"":1,""21"":5,""200"":0,""69"":1,""237"":2,""113"":100,""263"":1,""303"":1,""383"":3,""30"":0,""31"":44,""32"":49,""33"":0,""35"":132,""37"":63,""38"":222,""39"":36,""255"":52,""181"":13,""182"":10,""66"":14296,""24"":52,""206"":26,""67"":4036,""68"":0,""13"":65,""17"":195,""18"":-39,""19"":-24,""15"":1000,""13201"":448,""36"":3131,""40"":200,""43"":0,""241"":26801,""199"":362,""16"":79956,""12"":432,""449"":0,""636"":110590015,""11"":893510181,""238"":0,""14"":2540732448,""387"":""2b3431353533312e363833332d303038333936382e353833332b3030302e3139372f""}"
2026-07-06T16:07:26Z,862272088833183,Codec8E,2026-07-06 16:07:24.000 UTC,1783354044000,0,41.5532033,-8.3978883,195,297,8,43,0,"{""239"":1,""240"":1,""80"":1,""21"":5,""200"":0,""69"":1,""237"":2,""113"":100,""263"":1,""303"":1,""383"":3,""30"":0,""31"":4,""32"":49,""33"":0,""35"":16,""37"":49,""38"":229,""39"":38,""181"":15,""182"":11,""66"":14295,""24"":43,""206"":26,""67"":4035,""68"":0,""13"":65,""17"":15,""18"":212,""19"":-34,""15"":1000,""13201"":449,""36"":2557,""40"":83,""43"":0,""241"":26801,""199"":456,""16"":80050,""12"":432,""449"":0,""636"":110590015,""11"":893510181,""238"":0,""14"":2540732448,""387"":""2b3431353533322e303333332d303038333937382e383833332b3030302e3139352f""}"
2026-07-06T16:07:26Z,862272088833183,Codec8E,2026-07-06 16:07:24.010 UTC,1783354044010,0,41.5532033,-8.3978883,195,297,8,43,255,"{""239"":1,""240"":1,""80"":1,""21"":5,""200"":0,""69"":1,""237"":2,""113"":100,""263"":1,""303"":1,""383"":3,""30"":0,""31"":4,""32"":49,""33"":0,""35"":16,""37"":49,""38"":229,""39"":38,""255"":43,""181"":14,""182"":11,""66"":14271,""24"":43,""206"":26,""67"":4034,""68"":0,""13"":65,""17"":-48,""18"":205,""19"":171,""15"":1000,""13201"":449,""36"":2557,""40"":83,""43"":0,""241"":26801,""199"":456,""16"":80050,""12"":432,""449"":0,""636"":110590015,""11"":893510181,""238"":0,""14"":2540732448,""387"":""2b3431353533322e303333332d303038333937382e383833332b3030302e3139352f""}"
2026-07-06T16:07:26Z,862272088833183,Codec8E,2026-07-06 16:07:24.020 UTC,1783354044020,0,41.5532033,-8.3978883,195,297,8,43,253,"{""239"":1,""240"":1,""80"":1,""21"":5,""200"":0,""69"":1,""237"":2,""113"":100,""263"":1,""303"":1,""383"":3,""30"":0,""31"":4,""32"":49,""33"":0,""35"":16,""37"":49,""38"":229,""39"":38,""253"":3,""254"":42,""181"":14,""182"":11,""66"":14271,""24"":43,""206"":26,""67"":4034,""68"":0,""13"":65,""17"":-48,""18"":205,""19"":171,""15"":1000,""13201"":449,""36"":2557,""40"":83,""43"":0,""241"":26801,""199"":456,""16"":80050,""12"":432,""449"":0,""636"":110590015,""11"":893510181,""238"":0,""14"":2540732448,""387"":""2b3431353533322e303333332d303038333937382e383833332b3030302e3139352f""}"
2026-07-06T16:07:26Z,862272088833183,Codec8E,2026-07-06 16:07:25.000 UTC,1783354045000,0,41.5532666,-8.3978899,194,312,10,37,0,"{""239"":1,""240"":1,""80"":1,""21"":5,""200"":0,""69"":1,""237"":2,""113"":100,""263"":1,""303"":1,""383"":3,""30"":0,""31"":4,""32"":49,""33"":0,""35"":16,""37"":49,""38"":229,""39"":38,""181"":18,""182"":10,""66"":14269,""24"":37,""206"":26,""67"":4034,""68"":0,""13"":65,""17"":-102,""18"":205,""19"":136,""15"":1000,""13201"":449,""36"":2557,""40"":83,""43"":0,""241"":26801,""199"":463,""16"":80057,""12"":432,""449"":0,""636"":110590015,""11"":893510181,""238"":0,""14"":2540732448,""387"":""2b3431353533322e363636372d303038333937382e393030302b3030302e3139342f""}"
2026-07-06T16:07:28Z,862272088833183,Codec8E,2026-07-06 16:07:26.000 UTC,1783354046000,0,41.5533250,-8.3978283,194,336,12,32,0,"{""239"":1,""240"":1,""80"":1,""21"":5,""200"":0,""69"":1,""237"":2,""113"":100,""263"":1,""303"":1,""383"":3,""30"":0,""31"":12,""32"":49,""33"":0,""35"":23,""37"":21,""38"":237,""39"":38,""181"":13,""182"":8,""66"":14301,""24"":32,""206"":26,""67"":4033,""68"":0,""13"":65,""17"":-132,""18"":265,""19"":234,""15"":1000,""13201"":449,""36"":1422,""40"":1205,""43"":0,""241"":26801,""199"":471,""16"":80065,""12"":432,""449"":0,""636"":110590015,""11"":893510181,""238"":0,""14"":2540732448,""387"":""2b3431353533332e323530302d303038333937382e323833332b3030302e3139342f""}"
2026-07-06T16:07:28Z,862272088833183,Codec8E,2026-07-06 16:07:26.010 UTC,1783354046010,0,41.5533250,-8.3978283,194,336,12,32,253,"{""239"":1,""240"":1,""80"":1,""21"":5,""200"":0,""69"":1,""237"":2,""113"":100,""263"":1,""303"":1,""383"":3,""30"":0,""31"":12,""32"":49,""33"":0,""35"":23,""37"":21,""38"":237,""39"":38,""253"":3,""254"":32,""181"":11,""182"":8,""66"":14294,""24"":32,""206"":26,""67"":4033,""68"":0,""13"":65,""17"":64,""18"":349,""19"":361,""15"":1000,""13201"":449,""36"":1422,""40"":1205,""43"":0,""241"":26801,""199"":471,""16"":80065,""12"":432,""449"":0,""636"":110590015,""11"":893510181,""238"":0,""14"":2540732448,""387"":""2b3431353533332e323530302d303038333937382e323833332b3030302e3139342f""}"
2026-07-06T16:07:28Z,862272088833183,Codec8E,2026-07-06 16:07:27.000 UTC,1783354047000,0,41.5533750,-8.3977783,194,357,12,28,0,"{""239"":1,""240"":1,""80"":1,""21"":5,""200"":0,""69"":1,""237"":2,""113"":100,""263"":1,""303"":1,""383"":3,""30"":0,""31"":12,""32"":49,""33"":0,""35"":23,""37"":21,""38"":237,""39"":38,""181"":16,""182"":8,""66"":14293,""24"":28,""206"":26,""67"":4033,""68"":0,""13"":65,""17"":-24,""18"":382,""19"":34,""15"":1000,""13201"":449,""36"":1422,""40"":1205,""43"":0,""241"":26801,""199"":478,""16"":80072,""12"":432,""449"":0,""636"":110590015,""11"":893510181,""238"":0,""14"":2540732448,""387"":""2b3431353533332e373530302d303038333937372e373833332b3030302e3139342f""}"
2026-07-06T16:07:29Z,862272088833183,Codec8E,2026-07-06 16:07:28.000 UTC,1783354048000,0,41.5534233,-8.3976683,193,27,12,26,0,"{""239"":1,""240"":1,""80"":1,""21"":5,""200"":0,""69"":1,""237"":2,""113"":100,""263"":1,""303"":1,""383"":3,""30"":0,""31"":12,""32"":49,""33"":0,""35"":23,""37"":21,""38"":237,""39"":38,""181"":17,""182"":8,""66"":14256,""24"":26,""206"":26,""67"":4033,""68"":0,""13"":65,""17"":-79,""18"":256,""19"":130,""15"":1000,""13201"":449,""36"":1422,""40"":1205,""43"":0,""241"":26801,""199"":488,""16"":80082,""12"":432,""449"":0,""636"":110590015,""11"":893510181,""238"":0,""14"":2540732448,""387"":""2b3431353533342e323333332d303038333937362e363833332b3030302e3139332f""}"
2026-07-06T16:07:30Z,862272088833183,Codec8E,2026-07-06 16:07:29.000 UTC,1783354049000,0,41.5534783,-8.3975816,193,37,12,25,0,"{""239"":1,""240"":1,""80"":1,""21"":5,""200"":0,""69"":1,""237"":2,""113"":100,""263"":1,""303"":1,""383"":3,""30"":0,""31"":12,""32"":49,""33"":0,""35"":23,""37"":21,""38"":237,""39"":38,""181"":12,""182"":8,""66"":14293,""24"":25,""206"":26,""67"":4033,""68"":0,""13"":65,""17"":-95,""18"":27,""19"":179,""15"":1000,""13201"":449,""36"":1422,""40"":1205,""43"":0,""241"":26801,""199"":498,""16"":80092,""12"":432,""449"":0,""636"":110590015,""11"":893510181,""238"":0,""14"":2540732448,""387"":""2b3431353533342e373833332d303038333937352e383136372b3030302e3139332f""}"
2026-07-06T16:07:31Z,862272088833183,Codec8E,2026-07-06 16:07:30.000 UTC,1783354050000,0,41.5535116,-8.3974866,193,47,11,25,0,"{""239"":1,""240"":1,""80"":1,""21"":5,""200"":0,""69"":1,""237"":2,""113"":100,""263"":1,""303"":1,""383"":3,""30"":0,""31"":57,""32"":49,""33"":253,""35"":19,""37"":36,""38"":241,""39"":37,""181"":18,""182"":10,""66"":14295,""24"":25,""206"":26,""67"":4033,""68"":0,""13"":65,""17"":-54,""18"":-8,""19"":184,""15"":1000,""13201"":450,""36"":2637,""40"":2155,""43"":0,""241"":26801,""199"":507,""16"":80101,""12"":432,""449"":0,""636"":110590015,""11"":893510181,""238"":0,""14"":2540732448,""387"":""2b3431353533352e313136372d303038333937342e383636372b3030302e3139332f""}"
2026-07-06T16:07:33Z,862272088833183,Codec8E,2026-07-06 16:07:32.000 UTC,1783354052000,0,41.5535350,-8.3970933,192,80,11,31,0,"{""239"":1,""240"":1,""80"":1,""21"":5,""200"":0,""69"":1,""237"":2,""113"":100,""263"":1,""303"":1,""383"":3,""30"":0,""31"":57,""32"":49,""33"":253,""35"":19,""37"":36,""38"":241,""39"":37,""181"":19,""182"":10,""66"":14299,""24"":31,""206"":26,""67"":4033,""68"":0,""13"":65,""17"":-40,""18"":36,""19"":74,""15"":1000,""13201"":450,""36"":2637,""40"":2155,""43"":0,""241"":26801,""199"":540,""16"":80134,""12"":432,""449"":0,""636"":110344253,""11"":893510181,""238"":0,""14"":2540732448,""387"":""2b3431353533352e333530302d303038333937302e393333332b3030302e3139322f""}"
2026-07-06T16:07:33Z,862272088833183,Codec8E,2026-07-06 16:07:32.010 UTC,1783354052010,0,41.5535350,-8.3970933,192,80,11,31,253,"{""239"":1,""240"":1,""80"":1,""21"":5,""200"":0,""69"":1,""237"":2,""113"":100,""263"":1,""303"":1,""383"":3,""30"":0,""31"":57,""32"":49,""33"":253,""35"":19,""37"":36,""38"":241,""39"":37,""253"":3,""254"":48,""181"":20,""182"":10,""66"":14304,""24"":31,""206"":26,""67"":4036,""68"":0,""13"":65,""17"":132,""18"":-27,""19"":209,""15"":1000,""13201"":450,""36"":2637,""40"":2155,""43"":0,""241"":26801,""199"":540,""16"":80134,""12"":432,""449"":0,""636"":110344253,""11"":893510181,""238"":0,""14"":2540732448,""387"":""2b3431353533352e333530302d303038333937302e393333332b3030302e3139322f""}"
2026-07-06T16:07:36Z,862272088833183,Codec8E,2026-07-06 16:07:35.000 UTC,1783354055000,0,41.5535550,-8.3965283,190,83,11,42,0,"{""239"":1,""240"":1,""80"":1,""21"":5,""200"":0,""69"":1,""237"":2,""113"":100,""263"":1,""303"":1,""383"":3,""30"":0,""31"":67,""32"":50,""33"":245,""35"":18,""37"":50,""38"":241,""39"":38,""181"":13,""182"":9,""66"":14308,""24"":42,""206"":26,""67"":4034,""68"":0,""13"":65,""17"":101,""18"":-9,""19"":-89,""15"":1000,""13201"":450,""36"":2632,""40"":2263,""43"":0,""241"":26801,""199"":587,""16"":80181,""12"":432,""449"":0,""636"":110344253,""11"":893510181,""238"":0,""14"":2540732448,""387"":""2b3431353533352e353530302d303038333936352e323833332b3030302e3139302f""}"
2026-07-06T16:07:44Z,862272088833183,Codec8E,2026-07-06 16:07:43.000 UTC,1783354063000,0,41.5536500,-8.3955616,188,68,11,34,0,"{""239"":1,""240"":1,""80"":1,""21"":5,""200"":0,""69"":1,""237"":2,""113"":100,""263"":1,""303"":1,""383"":3,""30"":0,""31"":4,""32"":50,""33"":0,""35"":17,""37"":31,""38"":6,""39"":38,""181"":14,""182"":9,""66"":14301,""24"":34,""206"":26,""67"":4034,""68"":0,""13"":65,""17"":0,""18"":74,""19"":167,""15"":1000,""13201"":452,""36"":1683,""40"":330,""43"":0,""241"":26801,""199"":674,""16"":80268,""12"":432,""449"":0,""636"":110136883,""11"":893510181,""238"":0,""14"":2540732448,""387"":""2b3431353533362e353030302d303038333935352e363136372b3030302e3138382f""}"
2026-07-06T16:07:46Z,862272088833183,Codec8E,2026-07-06 16:07:45.000 UTC,1783354065000,0,41.5538049,-8.3954916,188,40,11,30,0,"{""239"":1,""240"":1,""80"":1,""21"":5,""200"":0,""69"":1,""237"":2,""113"":100,""263"":1,""303"":1,""383"":3,""30"":0,""31"":26,""32"":51,""33"":0,""35"":104,""37"":33,""38"":240,""39"":39,""181"":14,""182"":9,""66"":14301,""24"":30,""206"":26,""67"":4033,""68"":0,""13"":65,""17"":83,""18"":19,""19"":-164,""15"":1000,""13201"":452,""36"":2162,""40"":1947,""43"":0,""241"":26801,""199"":693,""16"":80287,""12"":432,""449"":0,""636"":110377524,""11"":893510181,""238"":0,""14"":2540732448,""387"":""2b3431353533382e303530302d303038333935342e393136372b3030302e3138382f""}"
2026-07-06T16:07:46Z,862272088833183,Codec8E,2026-07-06 16:07:45.010 UTC,1783354065010,0,41.5538049,-8.3954916,188,40,11,30,253,"{""239"":1,""240"":1,""80"":1,""21"":5,""200"":0,""69"":1,""237"":2,""113"":100,""263"":1,""303"":1,""383"":3,""30"":0,""31"":26,""32"":51,""33"":0,""35"":104,""37"":33,""38"":240,""39"":39,""253"":3,""254"":32,""181"":13,""182"":9,""66"":14298,""24"":30,""206"":26,""67"":4033,""68"":0,""13"":65,""17"":87,""18"":62,""19"":-14,""15"":1000,""13201"":451,""36"":2162,""40"":1947,""43"":0,""241"":26801,""199"":693,""16"":80287,""12"":432,""449"":0,""636"":110162484,""11"":893510181,""238"":0,""14"":2540732448,""387"":""2b3431353533382e303530302d303038333935342e393136372b3030302e3138382f""}"
2026-07-06T16:07:48Z,862272088833183,Codec8E,2026-07-06 16:07:47.000 UTC,1783354067000,0,41.5539916,-8.3954716,188,19,11,29,0,"{""239"":1,""240"":1,""80"":1,""21"":5,""200"":0,""69"":1,""237"":2,""113"":100,""263"":1,""303"":1,""383"":3,""30"":0,""31"":26,""32"":51,""33"":0,""35"":104,""37"":33,""38"":240,""39"":39,""181"":20,""182"":10,""66"":14286,""24"":29,""206"":26,""67"":4033,""68"":0,""13"":65,""17"":213,""18"":80,""19"":-247,""15"":1000,""13201"":451,""36"":2162,""40"":1947,""43"":0,""241"":26801,""199"":713,""16"":80307,""12"":432,""449"":0,""636"":110377524,""11"":893510181,""238"":0,""14"":2540732448,""387"":""2b3431353533392e393136372d303038333935342e373136372b3030302e3138382f""}"
2026-07-06T16:07:49Z,862272088833183,Codec8E,2026-07-06 16:07:48.000 UTC,1783354068000,0,41.5541133,-8.3954900,188,7,12,29,0,"{""239"":1,""240"":1,""80"":1,""21"":5,""200"":0,""69"":1,""237"":2,""113"":100,""263"":1,""303"":1,""383"":3,""30"":0,""31"":26,""32"":51,""33"":0,""35"":104,""37"":33,""38"":240,""39"":39,""181"":13,""182"":8,""66"":14284,""24"":29,""206"":26,""67"":4033,""68"":0,""13"":65,""17"":299,""18"":208,""19"":-288,""15"":1000,""13201"":451,""36"":2162,""40"":1947,""43"":0,""241"":26801,""199"":727,""16"":80321,""12"":432,""449"":0,""636"":110377524,""11"":893510181,""238"":0,""14"":2540732448,""387"":""2b3431353534312e313333332d303038333935342e393030302b3030302e3138382f""}"
2026-07-06T16:07:52Z,862272088833183,Codec8E,2026-07-06 16:07:51.000 UTC,1783354071000,0,41.5543999,-8.3955133,187,353,13,25,0,"{""239"":1,""240"":1,""80"":1,""21"":5,""200"":0,""69"":1,""237"":2,""113"":100,""263"":1,""303"":1,""383"":3,""30"":0,""31"":13,""32"":51,""33"":0,""35"":18,""37"":36,""38"":234,""39"":38,""181"":15,""182"":7,""66"":14283,""24"":25,""206"":26,""67"":4035,""68"":0,""13"":65,""17"":5,""18"":-16,""19"":-49,""15"":1000,""13201"":451,""36"":1891,""40"":83,""43"":0,""241"":26801,""199"":759,""16"":80353,""12"":432,""449"":0,""636"":110377524,""11"":893510181,""238"":0,""14"":2540732448,""387"":""2b3431353534342e303030302d303038333935352e313333332b3030302e3138372f""}"
2026-07-06T16:07:55Z,862272088833183,Codec8E,2026-07-06 16:07:54.000 UTC,1783354074000,0,41.5544550,-8.3954900,187,11,13,16,0,"{""239"":1,""240"":1,""80"":1,""21"":5,""200"":0,""69"":1,""237"":2,""113"":100,""263"":1,""303"":1,""383"":3,""30"":0,""31"":10,""32"":51,""33"":253,""35"":32,""37"":7,""38"":249,""39"":39,""181"":11,""182"":7,""66"":14296,""24"":16,""206"":26,""67"":4035,""68"":0,""13"":65,""17"":-35,""18"":60,""19"":6,""15"":1000,""13201"":452,""36"":911,""40"":130,""43"":0,""241"":26801,""199"":766,""16"":80360,""12"":432,""449"":0,""636"":110377524,""11"":893510181,""238"":0,""14"":2540732448,""387"":""2b3431353534342e353530302d303038333935342e393030302b3030302e3138372f""}"
2026-07-06T16:07:58Z,862272088833183,Codec8E,2026-07-06 16:07:57.000 UTC,1783354077000,0,41.5544483,-8.3954649,188,11,13,6,0,"{""239"":1,""240"":1,""80"":1,""21"":5,""200"":0,""69"":1,""237"":2,""113"":100,""263"":1,""303"":1,""383"":3,""30"":0,""31"":10,""32"":51,""33"":253,""35"":32,""37"":7,""38"":249,""39"":39,""181"":11,""182"":7,""66"":14287,""24"":6,""206"":26,""67"":4036,""68"":0,""13"":65,""17"":-37,""18"":24,""19"":26,""15"":1000,""13201"":453,""36"":911,""40"":130,""43"":0,""241"":26801,""199"":766,""16"":80360,""12"":432,""449"":0,""636"":110377524,""11"":893510181,""238"":0,""14"":2540732448,""387"":""2b3431353534342e343833332d303038333935342e363530302b3030302e3138382f""}"
2026-07-06T16:08:04Z,862272088833183,Codec8E,2026-07-06 16:08:02.000 UTC,1783354082000,0,41.5544483,-8.3954649,188,11,13,1,303,"{""239"":1,""240"":1,""80"":1,""21"":5,""200"":0,""69"":1,""237"":2,""113"":100,""263"":1,""303"":0,""383"":3,""30"":0,""31"":11,""32"":52,""33"":0,""35"":32,""37"":0,""38"":253,""39"":39,""181"":11,""182"":7,""66"":14218,""24"":1,""206"":26,""67"":4035,""68"":0,""13"":65,""17"":-34,""18"":38,""19"":8,""15"":1000,""13201"":453,""36"":961,""40"":147,""43"":0,""241"":26801,""199"":766,""16"":80360,""12"":432,""449"":0,""636"":110377524,""11"":893510181,""238"":0,""14"":2540732448,""387"":""2b3431353534342e343833332d303038333935342e363530302b3030302e3138382f""}"
2026-07-06T16:08:08Z,862272088833183,Codec8E,2026-07-06 16:08:06.000 UTC,1783354086000,0,41.5544483,-8.3954649,188,11,13,0,239,"{""239"":0,""240"":1,""80"":1,""21"":5,""200"":0,""69"":1,""237"":2,""113"":100,""263"":1,""303"":0,""383"":3,""30"":0,""31"":12,""32"":52,""33"":1,""35"":46,""37"":0,""38"":252,""39"":39,""181"":11,""182"":7,""66"":13190,""24"":0,""206"":26,""67"":4034,""68"":0,""13"":65,""17"":-51,""18"":25,""19"":5,""15"":1000,""13201"":453,""36"":326,""40"":130,""43"":0,""241"":26801,""199"":766,""16"":80360,""12"":432,""449"":0,""636"":110377524,""11"":893510181,""238"":0,""14"":2540732448,""387"":""2b3431353534342e343833332d303038333935342e363530302b3030302e3138382f""}"
2026-07-06T16:08:10Z,862272088833183,Codec8E,2026-07-06 16:08:08.000 UTC,1783354088000,0,41.5544483,-8.3954649,188,11,13,0,303,"{""239"":0,""240"":1,""80"":1,""21"":5,""200"":0,""69"":1,""237"":2,""113"":100,""263"":1,""303"":1,""383"":3,""30"":0,""31"":12,""32"":52,""33"":1,""35"":46,""37"":0,""38"":252,""39"":39,""181"":11,""182"":7,""66"":13153,""24"":0,""206"":26,""67"":4033,""68"":0,""13"":65,""17"":-52,""18"":30,""19"":16,""15"":1000,""13201"":453,""36"":326,""40"":130,""43"":0,""241"":26801,""199"":766,""16"":80360,""12"":432,""449"":0,""636"":110377524,""11"":893510181,""238"":0,""14"":2540732448,""387"":""2b3431353534342e343833332d303038333935342e363530302b3030302e3138382f""}"
2026-07-06T16:08:15Z,862272088833183,Codec8E,2026-07-06 16:08:14.000 UTC,1783354094000,0,41.5544483,-8.3954649,188,11,14,0,303,"{""239"":0,""240"":1,""80"":1,""21"":5,""200"":0,""69"":1,""237"":2,""113"":100,""263"":1,""303"":0,""383"":3,""30"":0,""31"":31,""32"":53,""33"":1,""35"":76,""37"":0,""38"":252,""39"":39,""181"":11,""182"":7,""66"":13026,""24"":0,""206"":26,""67"":4035,""68"":0,""13"":65,""17"":-46,""18"":36,""19"":9,""15"":1000,""13201"":455,""36"":0,""40"":130,""43"":0,""241"":26801,""199"":766,""16"":80360,""12"":432,""449"":0,""636"":110377524,""11"":893510181,""238"":0,""14"":2540732448,""387"":""2b3431353534342e343833332d303038333935342e363530302b3030302e3138382f""}"
2026-07-06T16:09:16Z,862272088833183,Codec8E,2026-07-06 16:09:13.000 UTC,1783354153000,0,41.5544483,-8.3954649,188,11,14,0,240,"{""239"":0,""240"":0,""80"":0,""21"":5,""200"":0,""69"":1,""237"":2,""113"":100,""263"":1,""303"":0,""383"":3,""181"":11,""182"":7,""66"":12896,""24"":0,""206"":26,""67"":4033,""68"":0,""13"":65,""17"":-45,""18"":33,""19"":8,""15"":1000,""13201"":455,""241"":26801,""199"":0,""16"":80360,""12"":432,""449"":0,""636"":110162484,""11"":893510181,""238"":0,""14"":2540732448,""387"":""2b3431353534342e343833332d303038333935342e363530302b3030302e3138382f""}"
2026-07-06T16:24:11Z,862272088833183,Codec8E,2026-07-06 16:22:45.000 UTC,1783354965000,0,41.5544483,-8.3954649,188,11,15,0,303,"{""239"":0,""240"":0,""80"":0,""21"":5,""200"":0,""69"":1,""237"":2,""113"":100,""263"":1,""303"":1,""383"":3,""181"":11,""182"":7,""66"":12310,""24"":0,""206"":26,""67"":4033,""68"":0,""13"":65,""17"":-48,""18"":33,""19"":7,""15"":1000,""13201"":453,""241"":26801,""199"":0,""16"":80360,""12"":432,""449"":0,""636"":110162484,""11"":893510181,""238"":0,""14"":2540732448,""387"":""2b3431353534342e343833332d303038333935342e363530302b3030302e3138382f""}"
2026-07-06T16:24:11Z,862272088833183,Codec8E,2026-07-06 16:22:47.000 UTC,1783354967000,0,41.5544483,-8.3954649,188,11,15,0,303,"{""239"":0,""240"":0,""80"":0,""21"":5,""200"":0,""69"":1,""237"":2,""113"":100,""263"":1,""303"":0,""383"":3,""181"":11,""182"":7,""66"":11743,""24"":0,""206"":26,""67"":4033,""68"":0,""13"":65,""17"":-44,""18"":40,""19"":30,""15"":1000,""13201"":453,""241"":26801,""199"":0,""16"":80360,""12"":432,""449"":0,""636"":110162484,""11"":893510181,""238"":0,""14"":2540732448,""387"":""2b3431353534342e343833332d303038333935342e363530302b3030302e3138382f""}"
2026-07-06T16:24:11Z,862272088833183,Codec8E,2026-07-06 16:22:55.000 UTC,1783354975000,0,41.5544483,-8.3954649,188,11,15,0,303,"{""239"":0,""240"":0,""80"":0,""21"":5,""200"":0,""69"":1,""237"":2,""113"":100,""263"":1,""303"":1,""383"":3,""181"":11,""182"":7,""66"":13986,""24"":0,""206"":26,""67"":4036,""68"":0,""13"":65,""17"":-152,""18"":275,""19"":129,""15"":1000,""13201"":453,""241"":26801,""199"":0,""16"":80360,""12"":432,""449"":0,""636"":110162484,""11"":893510181,""238"":0,""14"":2540732448,""387"":""2b3431353534342e343833332d303038333935342e363530302b3030302e3138382f""}"
2026-07-06T16:24:11Z,862272088833183,Codec8E,2026-07-06 16:22:57.000 UTC,1783354977000,0,41.5544483,-8.3954649,188,11,15,0,239,"{""239"":1,""240"":1,""80"":1,""21"":5,""200"":0,""69"":1,""237"":2,""113"":100,""263"":1,""303"":1,""383"":3,""181"":11,""182"":7,""66"":14240,""24"":0,""206"":26,""67"":4033,""68"":0,""13"":65,""17"":-17,""18"":153,""19"":86,""15"":1000,""13201"":453,""241"":26801,""199"":0,""16"":80360,""12"":432,""449"":0,""636"":110162484,""11"":893510181,""238"":0,""14"":2540732448,""387"":""2b3431353534342e343833332d303038333935342e363530302b3030302e3138382f""}"
2026-07-06T16:24:11Z,862272088833183,Codec8E,2026-07-06 16:22:57.010 UTC,1783354977010,0,41.5544483,-8.3954649,188,11,15,0,240,"{""239"":1,""240"":1,""80"":1,""21"":5,""200"":0,""69"":1,""237"":2,""113"":100,""263"":1,""303"":1,""383"":3,""181"":11,""182"":7,""66"":14240,""24"":0,""206"":26,""67"":4033,""68"":0,""13"":65,""17"":-17,""18"":153,""19"":86,""15"":1000,""13201"":453,""241"":26801,""199"":0,""16"":80360,""12"":432,""449"":0,""636"":110162484,""11"":893510181,""238"":0,""14"":2540732448,""387"":""2b3431353534342e343833332d303038333935342e363530302b3030302e3138382f""}"
2026-07-06T16:24:11Z,862272088833183,Codec8E,2026-07-06 16:23:02.000 UTC,1783354982000,0,41.5543966,-8.3953716,186,94,15,6,0,"{""239"":1,""240"":1,""80"":1,""21"":5,""200"":0,""69"":1,""237"":2,""113"":100,""263"":1,""303"":1,""383"":3,""30"":0,""31"":15,""32"":53,""33"":0,""35"":89,""37"":0,""38"":242,""39"":40,""181"":11,""182"":7,""66"":14240,""24"":6,""206"":26,""67"":4035,""68"":0,""13"":65,""17"":-7,""18"":49,""19"":42,""15"":1000,""13201"":455,""36"":1601,""40"":316,""43"":0,""241"":26801,""199"":0,""16"":80371,""12"":433,""449"":0,""636"":110162484,""11"":893510181,""238"":0,""14"":2540732448,""387"":""2b3431353534332e393636372d303038333935332e373136372b3030302e3138362f""}"
2026-07-06T16:24:11Z,862272088833183,Codec8E,2026-07-06 16:23:04.000 UTC,1783354984000,0,41.5544066,-8.3952399,187,108,16,11,0,"{""239"":1,""240"":1,""80"":1,""21"":5,""200"":0,""69"":1,""237"":2,""113"":100,""263"":1,""303"":1,""383"":3,""30"":0,""31"":43,""32"":52,""33"":0,""35"":20,""37"":20,""38"":235,""39"":39,""181"":11,""182"":6,""66"":14322,""24"":11,""206"":26,""67"":4033,""68"":0,""13"":65,""17"":-38,""18"":346,""19"":151,""15"":1000,""13201"":455,""36"":2076,""40"":72,""43"":0,""241"":26801,""199"":12,""16"":80383,""12"":433,""449"":0,""636"":110162484,""11"":893510181,""238"":0,""14"":2540732448,""387"":""2b3431353534342e303636372d303038333935322e343030302b3030302e3138372f""}"
2026-07-06T16:24:11Z,862272088833183,Codec8E,2026-07-06 16:23:06.000 UTC,1783354986000,0,41.5543633,-8.3951533,186,135,16,13,0,"{""239"":1,""240"":1,""80"":1,""21"":5,""200"":0,""69"":1,""237"":2,""113"":100,""263"":1,""303"":1,""383"":3,""30"":0,""31"":43,""32"":52,""33"":0,""35"":20,""37"":20,""38"":235,""39"":39,""181"":10,""182"":6,""66"":14303,""24"":13,""206"":26,""67"":4035,""68"":0,""13"":65,""17"":-75,""18"":244,""19"":232,""15"":1000,""13201"":455,""36"":2076,""40"":72,""43"":0,""241"":26801,""199"":20,""16"":80391,""12"":433,""449"":0,""636"":110162484,""11"":893510181,""238"":0,""14"":2540732448,""387"":""2b3431353534332e363333332d303038333935312e353333332b3030302e3138362f""}"
2026-07-06T16:24:11Z,862272088833183,Codec8E,2026-07-06 16:23:07.000 UTC,1783354987000,0,41.5543066,-8.3951333,186,156,16,14,0,"{""239"":1,""240"":1,""80"":1,""21"":5,""200"":0,""69"":1,""237"":2,""113"":100,""263"":1,""303"":1,""383"":3,""30"":0,""31"":43,""32"":52,""33"":0,""35"":20,""37"":20,""38"":235,""39"":39,""181"":12,""182"":6,""66"":14314,""24"":14,""206"":26,""67"":4035,""68"":0,""13"":65,""17"":-95,""18"":62,""19"":215,""15"":1000,""13201"":455,""36"":2076,""40"":72,""43"":0,""241"":26801,""199"":27,""16"":80398,""12"":433,""449"":0,""636"":110162484,""11"":893510181,""238"":0,""14"":2540732448,""387"":""2b3431353534332e303636372d303038333935312e333333332b3030302e3138362f""}"
2026-07-06T16:24:13Z,862272088833183,Codec8E,2026-07-06 16:23:08.000 UTC,1783354988000,0,41.5542183,-8.3951400,186,175,16,17,0,"{""239"":1,""240"":1,""80"":1,""21"":5,""200"":0,""69"":1,""237"":2,""113"":100,""263"":1,""303"":1,""383"":3,""30"":0,""31"":43,""32"":52,""33"":0,""35"":20,""37"":20,""38"":235,""39"":39,""181"":13,""182"":6,""66"":14321,""24"":17,""206"":26,""67"":4034,""68"":0,""13"":65,""17"":81,""18"":76,""19"":60,""15"":1000,""13201"":455,""36"":2076,""40"":72,""43"":0,""241"":26801,""199"":37,""16"":80408,""12"":433,""449"":0,""636"":110162484,""11"":893510181,""238"":0,""14"":2540732448,""387"":""2b3431353534322e313833332d303038333935312e343030302b3030302e3138362f""}"
2026-07-06T16:24:13Z,862272088833183,Codec8E,2026-07-06 16:23:10.000 UTC,1783354990000,0,41.5540050,-8.3951816,187,186,16,26,0,"{""239"":1,""240"":1,""80"":1,""21"":5,""200"":0,""69"":1,""237"":2,""113"":100,""263"":1,""303"":1,""383"":3,""30"":0,""31"":44,""32"":52,""33"":0,""35"":111,""37"":28,""38"":240,""39"":40,""181"":10,""182"":6,""66"":14316,""24"":26,""206"":26,""67"":4035,""68"":0,""13"":65,""17"":-77,""18"":53,""19"":181,""15"":1000,""13201"":455,""36"":2441,""40"":2969,""43"":0,""241"":26801,""199"":61,""16"":80432,""12"":433,""449"":0,""636"":110162484,""11"":893510181,""238"":0,""14"":2540732448,""387"":""2b3431353534302e303530302d303038333935312e383136372b3030302e3138372f""}"
2026-07-06T16:24:13Z,862272088833183,Codec8E,2026-07-06 16:23:12.000 UTC,1783354992000,0,41.5537750,-8.3952483,187,186,16,36,0,"{""239"":1,""240"":1,""80"":1,""21"":5,""200"":0,""69"":1,""237"":2,""113"":100,""263"":1,""303"":1,""383"":3,""30"":0,""31"":44,""32"":52,""33"":0,""35"":111,""37"":28,""38"":240,""39"":40,""181"":10,""182"":6,""66"":14312,""24"":36,""206"":26,""67"":4036,""68"":0,""13"":65,""17"":80,""18"":93,""19"":-43,""15"":1000,""13201"":456,""36"":2441,""40"":2969,""43"":0,""241"":26801,""199"":87,""16"":80458,""12"":433,""449"":0,""636"":110162484,""11"":893510181,""238"":0,""14"":2540732448,""387"":""2b3431353533372e373530302d303038333935322e343833332b3030302e3138372f""}"
2026-07-06T16:24:13Z,862272088833183,Codec8E,2026-07-06 16:23:16.000 UTC,1783354996000,0,41.5533183,-8.3953000,190,200,16,41,0,"{""239"":1,""240"":1,""80"":1,""21"":5,""200"":0,""69"":1,""237"":2,""113"":100,""263"":1,""303"":1,""383"":3,""30"":0,""31"":50,""32"":52,""33"":0,""35"":136,""37"":48,""38"":240,""39"":39,""181"":10,""182"":6,""66"":14314,""24"":41,""206"":26,""67"":4035,""68"":0,""13"":65,""17"":63,""18"":-183,""19"":-25,""15"":1000,""13201"":456,""36"":3133,""40"":177,""43"":0,""241"":26801,""199"":138,""16"":80509,""12"":433,""449"":0,""636"":110589995,""11"":893510181,""238"":0,""14"":2540732448,""387"":""2b3431353533332e313833332d303038333935332e303030302b3030302e3139302f""}"
2026-07-06T16:24:13Z,862272088833183,Codec8E,2026-07-06 16:23:20.000 UTC,1783355000000,0,41.5528950,-8.3953466,199,175,16,38,0,"{""239"":1,""240"":1,""80"":1,""21"":5,""200"":0,""69"":1,""237"":2,""113"":100,""263"":1,""303"":1,""383"":3,""30"":0,""31"":4,""32"":53,""33"":0,""35"":38,""37"":38,""38"":231,""39"":40,""181"":10,""182"":6,""66"":14326,""24"":38,""206"":26,""67"":4035,""68"":0,""13"":65,""17"":-10,""18"":354,""19"":211,""15"":1000,""13201"":457,""36"":1935,""40"":88,""43"":0,""241"":26801,""199"":187,""16"":80558,""12"":433,""449"":0,""636"":110589995,""11"":893510181,""238"":0,""14"":2540732448,""387"":""2b3431353532382e393530302d303038333935332e343636372b3030302e3139392f""}"
2026-07-06T16:24:13Z,862272088833183,Codec8E,2026-07-06 16:23:20.010 UTC,1783355000010,0,41.5528950,-8.3953466,199,175,16,38,253,"{""239"":1,""240"":1,""80"":1,""21"":5,""200"":0,""69"":1,""237"":2,""113"":100,""263"":1,""303"":1,""383"":3,""30"":0,""31"":4,""32"":53,""33"":0,""35"":38,""37"":38,""38"":231,""39"":40,""253"":3,""254"":32,""181"":10,""182"":6,""66"":14324,""24"":38,""206"":26,""67"":4035,""68"":0,""13"":65,""17"":-40,""18"":366,""19"":125,""15"":1000,""13201"":457,""36"":1935,""40"":88,""43"":0,""241"":26801,""199"":187,""16"":80558,""12"":433,""449"":0,""636"":110589995,""11"":893510181,""238"":0,""14"":2540732448,""387"":""2b3431353532382e393530302d303038333935332e343636372b3030302e3139392f""}"
2026-07-06T16:24:13Z,862272088833183,Codec8E,2026-07-06 16:23:22.000 UTC,1783355002000,0,41.5527399,-8.3953033,202,185,16,39,0,"{""239"":1,""240"":1,""80"":1,""21"":5,""200"":0,""69"":1,""237"":2,""113"":100,""263"":1,""303"":1,""383"":3,""30"":0,""31"":16,""32"":53,""33"":0,""35"":102,""37"":38,""38"":243,""39"":41,""181"":10,""182"":6,""66"":14314,""24"":39,""206"":26,""67"":4034,""68"":0,""13"":65,""17"":-11,""18"":-46,""19"":145,""15"":1000,""13201"":457,""36"":1867,""40"":1491,""43"":0,""241"":26801,""199"":207,""16"":80578,""12"":433,""449"":0,""636"":110589995,""11"":893510181,""238"":0,""14"":2540732448,""387"":""2b3431353532372e343030302d303038333935332e303333332b3030302e3230322f""}"
2026-07-06T16:24:13Z,862272088833183,Codec8E,2026-07-06 16:23:27.000 UTC,1783355007000,0,41.5521416,-8.3954416,201,187,16,51,0,"{""239"":1,""240"":1,""80"":1,""21"":5,""200"":0,""69"":1,""237"":2,""113"":100,""263"":1,""303"":1,""383"":3,""30"":0,""31"":58,""32"":53,""33"":0,""35"":136,""37"":54,""38"":249,""39"":41,""181"":10,""182"":6,""66"":14325,""24"":51,""206"":26,""67"":4035,""68"":0,""13"":65,""17"":7,""18"":16,""19"":92,""15"":1000,""13201"":457,""36"":2659,""40"":2547,""43"":0,""241"":26801,""199"":274,""16"":80645,""12"":433,""449"":0,""636"":110589995,""11"":893510181,""238"":0,""14"":2540732448,""387"":""2b3431353532312e343136372d303038333935342e343136372b3030302e3230312f""}"
2026-07-06T16:24:14Z,862272088833183,Codec8E,2026-07-06 16:23:28.000 UTC,1783355008000,0,41.5519916,-8.3954716,200,187,15,53,255,"{""239"":1,""240"":1,""80"":1,""21"":5,""200"":0,""69"":1,""237"":2,""113"":100,""263"":1,""303"":1,""383"":3,""30"":0,""31"":58,""32"":53,""33"":0,""35"":136,""37"":54,""38"":249,""39"":41,""255"":53,""181"":10,""182"":6,""66"":14318,""24"":53,""206"":26,""67"":4034,""68"":0,""13"":65,""17"":33,""18"":0,""19"":121,""15"":1000,""13201"":457,""36"":2659,""40"":2547,""43"":0,""241"":26801,""199"":291,""16"":80662,""12"":433,""449"":0,""636"":110589995,""11"":893510181,""238"":0,""14"":2540732448,""387"":""2b3431353531392e393136372d303038333935342e373136372b3030302e3230302f""}"
2026-07-06T16:24:14Z,862272088833183,Codec8E,2026-07-06 16:23:34.000 UTC,1783355014000,0,41.5510550,-8.3955816,197,186,16,60,0,"{""239"":1,""240"":1,""80"":1,""21"":5,""200"":0,""69"":1,""237"":2,""113"":100,""263"":1,""303"":1,""383"":3,""30"":0,""31"":50,""32"":54,""33"":255,""35"":128,""37"":64,""38"":225,""39"":40,""181"":10,""182"":6,""66"":14336,""24"":60,""206"":26,""67"":4035,""68"":0,""13"":65,""17"":-7,""18"":122,""19"":-222,""15"":1000,""13201"":458,""36"":2323,""40"":200,""43"":0,""241"":26801,""199"":396,""16"":80767,""12"":433,""449"":0,""636"":110589995,""11"":893510181,""238"":0,""14"":2540732448,""387"":""2b3431353531302e353530302d303038333935352e383136372b3030302e3139372f""}"
2026-07-06T16:24:14Z,862272088833183,Codec8E,2026-07-06 16:23:40.000 UTC,1783355020000,0,41.5501466,-8.3957350,199,185,17,62,0,"{""239"":1,""240"":1,""80"":1,""21"":5,""200"":0,""69"":1,""237"":2,""113"":100,""263"":1,""303"":1,""383"":3,""30"":0,""31"":4,""32"":54,""33"":0,""35"":16,""37"":56,""38"":249,""39"":41,""181"":9,""182"":6,""66"":14333,""24"":62,""206"":26,""67"":4034,""68"":0,""13"":65,""17"":2,""18"":-6,""19"":77,""15"":1000,""13201"":458,""36"":2081,""40"":1227,""43"":0,""241"":26801,""199"":498,""16"":80869,""12"":433,""449"":0,""636"":110136884,""11"":893510181,""238"":0,""14"":2540732448,""387"":""2b3431353530312e343636372d303038333935372e333530302b3030302e3139392f""}"
2026-07-06T16:24:14Z,862272088833183,Codec8E,2026-07-06 16:23:46.000 UTC,1783355026000,0,41.5490833,-8.3958766,198,190,17,69,0,"{""239"":1,""240"":1,""80"":1,""21"":5,""200"":0,""69"":1,""237"":2,""113"":100,""263"":1,""303"":1,""383"":3,""30"":0,""31"":66,""32"":55,""33"":250,""35"":64,""37"":70,""38"":227,""39"":42,""181"":9,""182"":6,""66"":14329,""24"":69,""206"":26,""67"":4035,""68"":0,""13"":65,""17"":-37,""18"":117,""19"":17,""15"":1000,""13201"":459,""36"":2589,""40"":886,""43"":0,""241"":26801,""199"":617,""16"":80988,""12"":433,""449"":0,""636"":110344254,""11"":893510181,""238"":0,""14"":2540732448,""387"":""2b3431353439302e383333332d303038333935382e373636372b3030302e3139382f""}"
2026-07-06T16:24:14Z,862272088833183,Codec8E,2026-07-06 16:23:49.000 UTC,1783355029000,0,41.5485666,-8.3960916,195,203,17,70,0,"{""239"":1,""240"":1,""80"":1,""21"":5,""200"":0,""69"":1,""237"":2,""113"":100,""263"":1,""303"":1,""383"":3,""30"":0,""31"":66,""32"":55,""33"":250,""35"":64,""37"":70,""38"":227,""39"":42,""181"":12,""182"":6,""66"":14329,""24"":70,""206"":26,""67"":4035,""68"":0,""13"":65,""17"":16,""18"":203,""19"":1,""15"":1000,""13201"":458,""36"":2589,""40"":886,""43"":0,""241"":26801,""199"":677,""16"":81048,""12"":433,""449"":0,""636"":110344254,""11"":893510181,""238"":0,""14"":2540732448,""387"":""2b3431353438352e363636372d303038333936302e393136372b3030302e3139352f""}"
2026-07-06T16:24:14Z,862272088833183,Codec8E,2026-07-06 16:23:52.000 UTC,1783355032000,0,41.5481166,-8.3964816,197,215,17,72,0,"{""239"":1,""240"":1,""80"":1,""21"":5,""200"":0,""69"":1,""237"":2,""113"":100,""263"":1,""303"":1,""383"":3,""30"":0,""31"":35,""32"":55,""33"":249,""35"":88,""37"":72,""38"":224,""39"":42,""181"":10,""182"":6,""66"":14327,""24"":72,""206"":26,""67"":4036,""68"":0,""13"":65,""17"":97,""18"":106,""19"":-30,""15"":1000,""13201"":458,""36"":2584,""40"":577,""43"":0,""241"":26801,""199"":736,""16"":81107,""12"":433,""449"":0,""636"":110344254,""11"":893510181,""238"":0,""14"":2540732448,""387"":""2b3431353438312e313636372d303038333936342e383136372b3030302e3139372f""}"
2026-07-06T16:24:14Z,862272088833183,Codec8E,2026-07-06 16:23:58.000 UTC,1783355038000,0,41.5473100,-8.3972449,196,216,17,61,0,"{""239"":1,""240"":1,""80"":1,""21"":5,""200"":0,""69"":1,""237"":2,""113"":100,""263"":1,""303"":1,""383"":3,""30"":0,""31"":39,""32"":56,""33"":249,""35"":77,""37"":74,""38"":231,""39"":43,""181"":11,""182"":6,""66"":14292,""24"":61,""206"":26,""67"":4036,""68"":0,""13"":65,""17"":339,""18"":256,""19"":-212,""15"":1000,""13201"":460,""36"":2675,""40"":372,""43"":0,""241"":26801,""199"":846,""16"":81217,""12"":433,""449"":0,""636"":110344254,""11"":893510181,""238"":0,""14"":2540732448,""387"":""2b3431353437332e313030302d303038333937322e343530302b3030302e3139362f""}"
2026-07-06T16:24:14Z,862272088833183,Codec8E,2026-07-06 16:24:00.000 UTC,1783355040000,0,41.5472016,-8.3973983,195,233,17,47,0,"{""239"":1,""240"":1,""80"":1,""21"":5,""200"":0,""69"":1,""237"":2,""113"":100,""263"":1,""303"":1,""383"":3,""30"":0,""31"":4,""32"":56,""33"":0,""35"":16,""37"":50,""38"":235,""39"":43,""181"":11,""182"":6,""66"":14303,""24"":47,""206"":26,""67"":4035,""68"":0,""13"":65,""17"":38,""18"":134,""19"":-54,""15"":1000,""13201"":460,""36"":1901,""40"":80,""43"":0,""241"":26801,""199"":864,""16"":81235,""12"":433,""449"":0,""636"":110344254,""11"":893510181,""238"":0,""14"":2540732448,""387"":""2b3431353437322e303136372d303038333937332e393833332b3030302e3139352f""}"
2026-07-06T16:24:15Z,862272088833183,Codec8E,2026-07-06 16:24:00.010 UTC,1783355040010,0,41.5472016,-8.3973983,195,233,17,47,255,"{""239"":1,""240"":1,""80"":1,""21"":5,""200"":0,""69"":1,""237"":2,""113"":100,""263"":1,""303"":1,""383"":3,""30"":0,""31"":4,""32"":56,""33"":0,""35"":16,""37"":50,""38"":235,""39"":43,""255"":47,""181"":12,""182"":6,""66"":14331,""24"":47,""206"":26,""67"":4036,""68"":0,""13"":65,""17"":-6,""18"":27,""19"":-40,""15"":1000,""13201"":460,""36"":1901,""40"":80,""43"":0,""241"":26801,""199"":864,""16"":81235,""12"":433,""449"":0,""636"":110344254,""11"":893510181,""238"":0,""14"":2540732448,""387"":""2b3431353437322e303136372d303038333937332e393833332b3030302e3139352f""}"
2026-07-06T16:24:15Z,862272088833183,Codec8E,2026-07-06 16:24:01.000 UTC,1783355041000,0,41.5471783,-8.3974783,195,250,17,42,0,"{""239"":1,""240"":1,""80"":1,""21"":5,""200"":0,""69"":1,""237"":2,""113"":100,""263"":1,""303"":1,""383"":3,""30"":0,""31"":4,""32"":56,""33"":0,""35"":16,""37"":50,""38"":235,""39"":43,""181"":12,""182"":6,""66"":14336,""24"":42,""206"":26,""67"":4035,""68"":0,""13"":65,""17"":-80,""18"":-229,""19"":118,""15"":1000,""13201"":460,""36"":1901,""40"":80,""43"":0,""241"":26801,""199"":871,""16"":81242,""12"":433,""449"":0,""636"":110344254,""11"":893510181,""238"":0,""14"":2540732448,""387"":""2b3431353437312e373833332d303038333937342e373833332b3030302e3139352f""}"
2026-07-06T16:24:15Z,862272088833183,Codec8E,2026-07-06 16:24:03.000 UTC,1783355043000,0,41.5471216,-8.3976366,196,231,17,35,0,"{""239"":1,""240"":1,""80"":1,""21"":5,""200"":0,""69"":1,""237"":2,""113"":100,""263"":1,""303"":1,""383"":3,""30"":0,""31"":4,""32"":56,""33"":0,""35"":16,""37"":50,""38"":235,""39"":43,""181"":12,""182"":6,""66"":14331,""24"":35,""206"":26,""67"":4034,""68"":0,""13"":65,""17"":176,""18"":-488,""19"":-199,""15"":1000,""13201"":460,""36"":1901,""40"":80,""43"":0,""241"":26801,""199"":886,""16"":81257,""12"":433,""449"":0,""636"":110344254,""11"":893510181,""238"":0,""14"":2540732448,""387"":""2b3431353437312e323136372d303038333937362e333636372b3030302e3139362f""}"
2026-07-06T16:24:15Z,862272088833183,Codec8E,2026-07-06 16:24:04.000 UTC,1783355044000,0,41.5470783,-8.3976866,196,221,17,32,0,"{""239"":1,""240"":1,""80"":1,""21"":5,""200"":0,""69"":1,""237"":2,""113"":100,""263"":1,""303"":1,""383"":3,""30"":0,""31"":10,""32"":56,""33"":2,""35"":34,""37"":27,""38"":241,""39"":42,""181"":10,""182"":6,""66"":14301,""24"":32,""206"":26,""67"":4036,""68"":0,""13"":65,""17"":-59,""18"":-223,""19"":-36,""15"":1000,""13201"":460,""36"":1788,""40"":108,""43"":0,""241"":26801,""199"":892,""16"":81263,""12"":433,""449"":0,""636"":110344254,""11"":893510181,""238"":0,""14"":2540732448,""387"":""2b3431353437302e373833332d303038333937362e383636372b3030302e3139362f""}"
2026-07-06T16:24:16Z,862272088833183,Codec8E,2026-07-06 16:24:05.000 UTC,1783355045000,0,41.5470266,-8.3977050,196,202,17,29,0,"{""239"":1,""240"":1,""80"":1,""21"":5,""200"":0,""69"":1,""237"":2,""113"":100,""263"":1,""303"":1,""383"":3,""30"":0,""31"":10,""32"":56,""33"":2,""35"":34,""37"":27,""38"":241,""39"":42,""181"":11,""182"":6,""66"":14305,""24"":29,""206"":26,""67"":4035,""68"":0,""13"":65,""17"":-32,""18"":209,""19"":90,""15"":1000,""13201"":460,""36"":1788,""40"":108,""43"":0,""241"":26801,""199"":898,""16"":81269,""12"":433,""449"":0,""636"":110344254,""11"":893510181,""238"":0,""14"":2540732448,""387"":""2b3431353437302e323636372d303038333937372e303530302b3030302e3139362f""}"
2026-07-06T16:24:16Z,862272088833183,Codec8E,2026-07-06 16:24:06.000 UTC,1783355046000,0,41.5469600,-8.3976866,197,180,17,27,0,"{""239"":1,""240"":1,""80"":1,""21"":5,""200"":0,""69"":1,""237"":2,""113"":100,""263"":1,""303"":1,""383"":3,""30"":0,""31"":10,""32"":56,""33"":2,""35"":34,""37"":27,""38"":241,""39"":42,""181"":12,""182"":6,""66"":14329,""24"":27,""206"":26,""67"":4035,""68"":0,""13"":65,""17"":-88,""18"":298,""19"":126,""15"":1000,""13201"":460,""36"":1788,""40"":108,""43"":0,""241"":26801,""199"":906,""16"":81277,""12"":433,""449"":0,""636"":110344254,""11"":893510181,""238"":0,""14"":2540732448,""387"":""2b3431353436392e363030302d303038333937362e383636372b3030302e3139372f""}"
2026-07-06T16:24:16Z,862272088833183,Codec8E,2026-07-06 16:24:07.000 UTC,1783355047000,0,41.5468933,-8.3976949,196,191,17,27,0,"{""239"":1,""240"":1,""80"":1,""21"":5,""200"":0,""69"":1,""237"":2,""113"":100,""263"":1,""303"":1,""383"":3,""30"":0,""31"":10,""32"":56,""33"":2,""35"":34,""37"":27,""38"":241,""39"":42,""181"":12,""182"":6,""66"":14325,""24"":27,""206"":26,""67"":4035,""68"":0,""13"":65,""17"":-67,""18"":272,""19"":259,""15"":1000,""13201"":460,""36"":1788,""40"":108,""43"":0,""241"":26801,""199"":913,""16"":81284,""12"":433,""449"":0,""636"":110344254,""11"":893510181,""238"":0,""14"":2540732448,""387"":""2b3431353436382e393333332d303038333937362e393530302b3030302e3139362f""}"
2026-07-06T16:24:16Z,862272088833183,Codec8E,2026-07-06 16:24:09.000 UTC,1783355049000,0,41.5467299,-8.3977866,196,211,17,30,0,"{""239"":1,""240"":1,""80"":1,""21"":5,""200"":0,""69"":1,""237"":2,""113"":100,""263"":1,""303"":1,""383"":3,""30"":0,""31"":4,""32"":56,""33"":253,""35"":46,""37"":26,""38"":240,""39"":44,""181"":9,""182"":6,""66"":14303,""24"":30,""206"":26,""67"":4036,""68"":0,""13"":65,""17"":31,""18"":89,""19"":64,""15"":1000,""13201"":460,""36"":2299,""40"":2700,""43"":0,""241"":26801,""199"":933,""16"":81304,""12"":433,""449"":0,""636"":110344254,""11"":893510181,""238"":0,""14"":2540732448,""387"":""2b3431353436372e333030302d303038333937372e383636372b3030302e3139362f""}"
2026-07-06T16:24:17Z,862272088833183,Codec8E,2026-07-06 16:24:12.000 UTC,1783355052000,0,41.5464100,-8.3980966,196,216,17,43,0,"{""239"":1,""240"":1,""80"":1,""21"":5,""200"":0,""69"":1,""237"":2,""113"":100,""263"":1,""303"":1,""383"":3,""30"":0,""31"":4,""32"":56,""33"":253,""35"":46,""37"":26,""38"":240,""39"":44,""181"":12,""182"":6,""66"":14290,""24"":43,""206"":26,""67"":4033,""68"":0,""13"":65,""17"":-68,""18"":88,""19"":102,""15"":1000,""13201"":460,""36"":2299,""40"":2700,""43"":0,""241"":26801,""199"":977,""16"":81348,""12"":433,""449"":0,""636"":110344254,""11"":893510181,""238"":0,""14"":2540732448,""387"":""2b3431353436342e313030302d303038333938302e393636372b3030302e3139362f""}"
2026-07-06T16:24:17Z,862272088833183,Codec8E,2026-07-06 16:24:14.000 UTC,1783355054000,0,41.5461549,-8.3983483,196,217,17,52,255,"{""239"":1,""240"":1,""80"":1,""21"":5,""200"":0,""69"":1,""237"":2,""113"":100,""263"":1,""303"":1,""383"":3,""30"":0,""31"":63,""32"":56,""33"":254,""35"":124,""37"":51,""38"":243,""39"":46,""255"":52,""181"":12,""182"":6,""66"":14277,""24"":52,""206"":26,""67"":4033,""68"":0,""13"":65,""17"":-67,""18"":3,""19"":116,""15"":1000,""13201"":462,""36"":3338,""40"":3441,""43"":0,""241"":26801,""199"":1012,""16"":81383,""12"":433,""449"":0,""636"":110344254,""11"":893510181,""238"":0,""14"":2540732448,""387"":""2b3431353436312e353530302d303038333938332e343833332b3030302e3139362f""}"
2026-07-06T16:24:18Z,862272088833183,Codec8E,2026-07-06 16:24:17.000 UTC,1783355057000,0,41.5457399,-8.3987649,197,214,17,62,0,"{""239"":1,""240"":1,""80"":1,""21"":5,""200"":0,""69"":1,""237"":2,""113"":100,""263"":1,""303"":1,""383"":3,""30"":0,""31"":29,""32"":56,""33"":252,""35"":145,""37"":68,""38"":244,""39"":48,""181"":11,""182"":6,""66"":14309,""24"":62,""206"":26,""67"":4033,""68"":0,""13"":65,""17"":172,""18"":-44,""19"":-147,""15"":333,""13201"":462,""36"":3366,""40"":2522,""43"":0,""241"":26801,""199"":1070,""16"":81441,""12"":433,""449"":0,""636"":110344254,""11"":893510181,""238"":0,""14"":2540732448,""387"":""2b3431353435372e343030302d303038333938372e363530302b3030302e3139372f""}"
2026-07-06T16:24:23Z,862272088833183,Codec8E,2026-07-06 16:24:22.000 UTC,1783355062000,0,41.5451716,-8.3992300,200,207,16,48,0,"{""239"":1,""240"":1,""80"":1,""21"":5,""200"":0,""69"":1,""237"":2,""113"":100,""263"":1,""303"":1,""383"":3,""30"":0,""31"":4,""32"":57,""33"":0,""35"":16,""37"":50,""38"":227,""39"":47,""181"":10,""182"":6,""66"":14263,""24"":48,""206"":26,""67"":4036,""68"":0,""13"":65,""17"":-34,""18"":-4,""19"":-36,""15"":333,""13201"":462,""36"":2631,""40"":80,""43"":0,""241"":26801,""199"":1144,""16"":81515,""12"":433,""449"":0,""636"":110167603,""11"":893510181,""238"":0,""14"":2540732448,""387"":""2b3431353435312e373136372d303038333939322e333030302b3030302e3230302f""}"
2026-07-06T16:24:23Z,862272088833183,Codec8E,2026-07-06 16:24:22.010 UTC,1783355062010,0,41.5451716,-8.3992300,200,207,16,48,255,"{""239"":1,""240"":1,""80"":1,""21"":5,""200"":0,""69"":1,""237"":2,""113"":100,""263"":1,""303"":1,""383"":3,""30"":0,""31"":4,""32"":57,""33"":0,""35"":16,""37"":50,""38"":227,""39"":47,""255"":48,""181"":10,""182"":6,""66"":14262,""24"":48,""206"":26,""67"":4036,""68"":0,""13"":65,""17"":30,""18"":42,""19"":-52,""15"":333,""13201"":462,""36"":2631,""40"":80,""43"":0,""241"":26801,""199"":1144,""16"":81515,""12"":433,""449"":0,""636"":110167603,""11"":893510181,""238"":0,""14"":2540732448,""387"":""2b3431353435312e373136372d303038333939322e333030302b3030302e3230302f""}"
2026-07-06T16:24:26Z,862272088833183,Codec8E,2026-07-06 16:24:24.000 UTC,1783355064000,0,41.5450783,-8.3992883,200,207,16,36,0,"{""239"":1,""240"":1,""80"":1,""21"":5,""200"":0,""69"":1,""237"":2,""113"":100,""263"":1,""303"":1,""383"":3,""30"":0,""31"":4,""32"":57,""33"":0,""35"":16,""37"":50,""38"":227,""39"":47,""181"":13,""182"":6,""66"":14286,""24"":36,""206"":26,""67"":4033,""68"":0,""13"":65,""17"":115,""18"":120,""19"":24,""15"":333,""13201"":462,""36"":2631,""40"":80,""43"":0,""241"":26801,""199"":1156,""16"":81527,""12"":433,""449"":0,""636"":110167603,""11"":893510181,""238"":0,""14"":2540732448,""387"":""2b3431353435302e373833332d303038333939322e383833332b3030302e3230302f""}"
2026-07-06T16:24:31Z,862272088833183,Codec8E,2026-07-06 16:24:28.000 UTC,1783355068000,0,41.5448983,-8.3994366,200,194,16,25,0,"{""239"":1,""240"":1,""80"":1,""21"":5,""200"":0,""69"":1,""237"":2,""113"":100,""263"":1,""303"":1,""383"":3,""30"":0,""31"":10,""32"":57,""33"":253,""35"":29,""37"":18,""38"":240,""39"":47,""181"":14,""182"":6,""66"":14315,""24"":25,""206"":26,""67"":4037,""68"":0,""13"":65,""17"":-78,""18"":-242,""19"":102,""15"":333,""13201"":462,""36"":1490,""40"":1086,""43"":0,""241"":26801,""199"":1180,""16"":81551,""12"":433,""449"":0,""636"":110167603,""11"":893510181,""238"":0,""14"":2540732448,""387"":""2b3431353434382e393833332d303038333939342e333636372b3030302e3230302f""}"
2026-07-06T16:24:31Z,862272088833183,Codec8E,2026-07-06 16:24:29.000 UTC,1783355069000,0,41.5448433,-8.3994399,199,176,16,25,0,"{""239"":1,""240"":1,""80"":1,""21"":5,""200"":0,""69"":1,""237"":2,""113"":100,""263"":1,""303"":1,""383"":3,""30"":0,""31"":10,""32"":57,""33"":253,""35"":29,""37"":18,""38"":240,""39"":47,""181"":14,""182"":6,""66"":14314,""24"":25,""206"":26,""67"":4035,""68"":0,""13"":65,""17"":-74,""18"":194,""19"":163,""15"":333,""13201"":462,""36"":1490,""40"":1086,""43"":0,""241"":26801,""199"":1186,""16"":81557,""12"":433,""449"":0,""636"":110167603,""11"":893510181,""238"":0,""14"":2540732448,""387"":""2b3431353434382e343333332d303038333939342e343030302b3030302e3139392f""}"
2026-07-06T16:24:32Z,862272088833183,Codec8E,2026-07-06 16:24:31.000 UTC,1783355071000,0,41.5446933,-8.3994316,198,186,16,27,0,"{""239"":1,""240"":1,""80"":1,""21"":5,""200"":0,""69"":1,""237"":2,""113"":100,""263"":1,""303"":1,""383"":3,""30"":0,""31"":3,""32"":57,""33"":253,""35"":86,""37"":25,""38"":240,""39"":47,""181"":14,""182"":6,""66"":14316,""24"":27,""206"":26,""67"":4033,""68"":0,""13"":65,""17"":25,""18"":-18,""19"":13,""15"":333,""13201"":463,""36"":2349,""40"":1136,""43"":0,""241"":26801,""199"":1202,""16"":81573,""12"":433,""449"":0,""636"":110167603,""11"":893510181,""238"":0,""14"":2540732448,""387"":""2b3431353434362e393333332d303038333939342e333136372b3030302e3139382f""}"
2026-07-06T16:24:38Z,862272088833183,Codec8E,2026-07-06 16:24:37.000 UTC,1783355077000,0,41.5441299,-8.3995583,197,185,15,37,0,"{""239"":1,""240"":1,""80"":1,""21"":5,""200"":0,""69"":1,""237"":2,""113"":100,""263"":1,""303"":1,""383"":3,""30"":0,""31"":3,""32"":58,""33"":255,""35"":108,""37"":38,""38"":240,""39"":48,""181"":10,""182"":6,""66"":14323,""24"":37,""206"":26,""67"":4036,""68"":0,""13"":65,""17"":58,""18"":-1,""19"":10,""15"":333,""13201"":463,""36"":2480,""40"":147,""43"":0,""241"":26801,""199"":1266,""16"":81637,""12"":433,""449"":0,""636"":110136884,""11"":893510181,""238"":0,""14"":2540732448,""387"":""2b3431353434312e333030302d303038333939352e353833332b3030302e3139372f""}"
2026-07-06T16:24:42Z,862272088833183,Codec8E,2026-07-06 16:24:41.000 UTC,1783355081000,0,41.5437366,-8.3995033,200,171,15,35,0,"{""239"":1,""240"":1,""80"":1,""21"":5,""200"":0,""69"":1,""237"":2,""113"":100,""263"":1,""303"":1,""383"":3,""30"":0,""31"":4,""32"":58,""33"":0,""35"":18,""37"":34,""38"":226,""39"":47,""181"":10,""182"":6,""66"":14316,""24"":35,""206"":26,""67"":4037,""68"":0,""13"":65,""17"":-15,""18"":-6,""19"":-5,""15"":333,""13201"":463,""36"":2346,""40"":355,""43"":0,""241"":26801,""199"":1311,""16"":81682,""12"":433,""449"":0,""636"":110136884,""11"":893510181,""238"":0,""14"":2540732448,""387"":""2b3431353433372e333636372d303038333939352e303333332b3030302e3230302f""}"
2026-07-06T16:24:53Z,862272088833183,Codec8E,2026-07-06 16:24:52.000 UTC,1783355092000,0,41.5428383,-8.3993183,203,172,15,34,0,"{""239"":1,""240"":1,""80"":1,""21"":4,""200"":0,""69"":1,""237"":2,""113"":100,""263"":1,""303"":1,""383"":3,""30"":0,""31"":14,""32"":58,""33"":252,""35"":41,""37"":31,""38"":233,""39"":47,""181"":10,""182"":6,""66"":14306,""24"":34,""206"":26,""67"":4035,""68"":0,""13"":65,""17"":89,""18"":26,""19"":-156,""15"":333,""13201"":464,""36"":2095,""40"":1163,""43"":0,""241"":26801,""199"":1412,""16"":81783,""12"":433,""449"":0,""636"":110400563,""11"":893510181,""238"":0,""14"":2540732448,""387"":""2b3431353432382e333833332d303038333939332e313833332b3030302e3230332f""}"
2026-07-06T16:24:58Z,862272088833183,Codec8E,2026-07-06 16:24:56.000 UTC,1783355096000,0,41.5426016,-8.3992416,203,174,16,24,0,"{""239"":1,""240"":1,""80"":1,""21"":4,""200"":0,""69"":1,""237"":2,""113"":100,""263"":1,""303"":1,""383"":3,""30"":0,""31"":11,""32"":58,""33"":0,""35"":16,""37"":33,""38"":229,""39"":47,""181"":11,""182"":6,""66"":14259,""24"":24,""206"":26,""67"":4036,""68"":0,""13"":65,""17"":5,""18"":13,""19"":-94,""15"":333,""13201"":464,""36"":2252,""40"":83,""43"":0,""241"":26801,""199"":1439,""16"":81810,""12"":433,""449"":0,""636"":110167603,""11"":893510181,""238"":0,""14"":2540732448,""387"":""2b3431353432362e303136372d303038333939322e343136372b3030302e3230332f""}"
2026-07-06T16:25:00Z,862272088833183,Codec8E,2026-07-06 16:24:59.000 UTC,1783355099000,0,41.5425583,-8.3992033,203,170,16,12,0,"{""239"":1,""240"":1,""80"":1,""21"":4,""200"":0,""69"":1,""237"":2,""113"":100,""263"":1,""303"":1,""383"":3,""30"":0,""31"":8,""32"":59,""33"":254,""35"":31,""37"":8,""38"":249,""39"":47,""181"":11,""182"":6,""66"":14256,""24"":12,""206"":26,""67"":4034,""68"":0,""13"":65,""17"":-17,""18"":22,""19"":-23,""15"":333,""13201"":465,""36"":884,""40"":133,""43"":0,""241"":26801,""199"":1445,""16"":81816,""12"":433,""449"":0,""636"":110167603,""11"":893510181,""238"":0,""14"":2540732448,""387"":""2b3431353432352e353833332d303038333939322e303333332b3030302e3230332f""}"
2026-07-06T16:25:05Z,862272088833183,Codec8E,2026-07-06 16:25:04.000 UTC,1783355104000,0,41.5425500,-8.3992016,203,170,16,2,0,"{""239"":1,""240"":1,""80"":1,""21"":4,""200"":0,""69"":1,""237"":2,""113"":100,""263"":1,""303"":1,""383"":3,""30"":0,""31"":11,""32"":59,""33"":1,""35"":43,""37"":0,""38"":241,""39"":46,""181"":10,""182"":6,""66"":14286,""24"":2,""206"":26,""67"":4035,""68"":0,""13"":65,""17"":-10,""18"":20,""19"":-22,""15"":333,""13201"":465,""36"":1410,""40"":133,""43"":0,""241"":26801,""199"":1445,""16"":81816,""12"":433,""449"":0,""636"":110684723,""11"":893510181,""238"":0,""14"":2540732448,""387"":""2b3431353432352e353030302d303038333939322e303136372b3030302e3230332f""}"
2026-07-06T16:25:10Z,862272088833183,Codec8E,2026-07-06 16:25:08.000 UTC,1783355108000,0,41.5425500,-8.3992016,203,170,16,0,303,"{""239"":1,""240"":1,""80"":1,""21"":4,""200"":0,""69"":1,""237"":2,""113"":100,""263"":1,""303"":0,""383"":3,""30"":0,""31"":9,""32"":59,""33"":255,""35"":29,""37"":0,""38"":240,""39"":46,""181"":10,""182"":6,""66"":14297,""24"":0,""206"":26,""67"":4035,""68"":0,""13"":65,""17"":-67,""18"":36,""19"":72,""15"":333,""13201"":465,""36"":997,""40"":177,""43"":0,""241"":26801,""199"":1445,""16"":81816,""12"":433,""449"":0,""636"":110684723,""11"":893510181,""238"":0,""14"":2540732448,""387"":""2b3431353432352e353030302d303038333939322e303136372b3030302e3230332f""}"
2026-07-06T16:25:14Z,862272088833183,Codec8E,2026-07-06 16:25:12.000 UTC,1783355112000,0,41.5424883,-8.3991866,203,171,16,3,303,"{""239"":1,""240"":1,""80"":1,""21"":4,""200"":0,""69"":1,""237"":2,""113"":100,""263"":1,""303"":1,""383"":3,""30"":0,""31"":11,""32"":59,""33"":5,""35"":61,""37"":3,""38"":244,""39"":46,""181"":10,""182"":6,""66"":14310,""24"":3,""206"":26,""67"":4036,""68"":0,""13"":63,""17"":-6,""18"":32,""19"":24,""15"":333,""13201"":466,""36"":1399,""40"":469,""43"":0,""241"":26801,""199"":1445,""16"":81816,""12"":434,""449"":0,""636"":110684723,""11"":893510181,""238"":0,""14"":2540732448,""387"":""2b3431353432342e383833332d303038333939312e383636372b3030302e3230332f""}"
2026-07-06T16:25:19Z,862272088833183,Codec8E,2026-07-06 16:25:18.000 UTC,1783355118000,0,41.5423650,-8.3991733,203,193,16,9,0,"{""239"":1,""240"":1,""80"":1,""21"":4,""200"":0,""69"":1,""237"":2,""113"":100,""263"":1,""303"":1,""383"":3,""30"":0,""31"":10,""32"":59,""33"":253,""35"":17,""37"":7,""38"":243,""39"":46,""181"":13,""182"":6,""66"":14307,""24"":9,""206"":26,""67"":4036,""68"":0,""13"":63,""17"":-88,""18"":166,""19"":140,""15"":333,""13201"":467,""36"":1022,""40"":597,""43"":0,""241"":26801,""199"":1467,""16"":81838,""12"":434,""449"":0,""636"":110167604,""11"":893510181,""238"":0,""14"":2540732448,""387"":""2b3431353432332e363530302d303038333939312e373333332b3030302e3230332f""}"
2026-07-06T16:25:20Z,862272088833183,Codec8E,2026-07-06 16:25:19.000 UTC,1783355119000,0,41.5423283,-8.3992016,202,208,16,11,0,"{""239"":1,""240"":1,""80"":1,""21"":5,""200"":0,""69"":1,""237"":2,""113"":100,""263"":1,""303"":1,""383"":3,""30"":0,""31"":10,""32"":59,""33"":253,""35"":17,""37"":7,""38"":243,""39"":46,""181"":14,""182"":6,""66"":14330,""24"":11,""206"":26,""67"":4035,""68"":0,""13"":63,""17"":-38,""18"":23,""19"":135,""15"":333,""13201"":467,""36"":1022,""40"":597,""43"":0,""241"":26801,""199"":1471,""16"":81842,""12"":434,""449"":0,""636"":110167604,""11"":893510181,""238"":0,""14"":2540732448,""387"":""2b3431353432332e323833332d303038333939322e303136372b3030302e3230322f""}"
2026-07-06T16:25:24Z,862272088833183,Codec8E,2026-07-06 16:25:23.000 UTC,1783355123000,0,41.5421500,-8.3993983,203,221,16,19,0,"{""239"":1,""240"":1,""80"":1,""21"":5,""200"":0,""69"":1,""237"":2,""113"":100,""263"":1,""303"":1,""383"":3,""30"":0,""31"":40,""32"":60,""33"":243,""35"":89,""37"":22,""38"":222,""39"":47,""181"":14,""182"":6,""66"":14318,""24"":19,""206"":26,""67"":4037,""68"":0,""13"":63,""17"":-69,""18"":174,""19"":102,""15"":333,""13201"":467,""36"":2788,""40"":141,""43"":0,""241"":26801,""199"":1497,""16"":81868,""12"":434,""449"":0,""636"":110684723,""11"":893510181,""238"":0,""14"":2540732448,""387"":""2b3431353432312e353030302d303038333939332e393833332b3030302e3230332f""}"
2026-07-06T16:25:27Z,862272088833183,Codec8E,2026-07-06 16:25:25.000 UTC,1783355125000,0,41.5420850,-8.3995266,203,246,16,21,0,"{""239"":1,""240"":1,""80"":1,""21"":5,""200"":0,""69"":1,""237"":2,""113"":100,""263"":1,""303"":1,""383"":3,""30"":0,""31"":40,""32"":60,""33"":243,""35"":89,""37"":22,""38"":222,""39"":47,""181"":11,""182"":6,""66"":14296,""24"":21,""206"":26,""67"":4033,""68"":0,""13"":63,""17"":-123,""18"":83,""19"":222,""15"":333,""13201"":467,""36"":2788,""40"":141,""43"":0,""241"":26801,""199"":1510,""16"":81881,""12"":434,""449"":0,""636"":110400563,""11"":893510181,""238"":0,""14"":2540732448,""387"":""2b3431353432302e383530302d303038333939352e323636372b3030302e3230332f""}"
2026-07-06T16:25:28Z,862272088833183,Codec8E,2026-07-06 16:25:27.000 UTC,1783355127000,0,41.5420533,-8.3997450,202,258,17,27,0,"{""239"":1,""240"":1,""80"":1,""21"":5,""200"":0,""69"":1,""237"":2,""113"":100,""263"":1,""303"":1,""383"":3,""30"":0,""31"":3,""32"":60,""33"":0,""35"":43,""37"":22,""38"":245,""39"":48,""181"":11,""182"":6,""66"":14293,""24"":27,""206"":26,""67"":4033,""68"":0,""13"":63,""17"":66,""18"":37,""19"":-29,""15"":333,""13201"":467,""36"":1973,""40"":2283,""43"":0,""241"":26801,""199"":1528,""16"":81899,""12"":434,""449"":0,""636"":110400563,""11"":893510181,""238"":0,""14"":2540732448,""387"":""2b3431353432302e353333332d303038333939372e343530302b3030302e3230322f""}"
2026-07-06T16:25:40Z,862272088833183,Codec8E,2026-07-06 16:25:39.000 UTC,1783355139000,0,41.5419250,-8.4009650,201,260,17,23,0,"{""239"":1,""240"":1,""80"":1,""21"":5,""200"":0,""69"":1,""237"":2,""113"":100,""263"":1,""303"":1,""383"":3,""30"":0,""31"":3,""32"":61,""33"":0,""35"":16,""37"":30,""38"":230,""39"":48,""181"":12,""182"":6,""66"":14273,""24"":23,""206"":26,""67"":4037,""68"":0,""13"":63,""17"":58,""18"":62,""19"":-136,""15"":333,""13201"":467,""36"":2000,""40"":86,""43"":0,""241"":26801,""199"":1631,""16"":82002,""12"":434,""449"":0,""636"":110590004,""11"":893510181,""238"":0,""14"":2540732448,""387"":""2b3431353431392e323530302d303038343030392e363530302b3030302e3230312f""}"
2026-07-06T16:25:44Z,862272088833183,Codec8E,2026-07-06 16:25:43.000 UTC,1783355143000,0,41.5419116,-8.4010716,201,258,17,11,0,"{""239"":1,""240"":1,""80"":1,""21"":5,""200"":0,""69"":1,""237"":2,""113"":100,""263"":1,""303"":1,""383"":3,""30"":0,""31"":3,""32"":61,""33"":0,""35"":16,""37"":19,""38"":243,""39"":48,""181"":9,""182"":6,""66"":14258,""24"":11,""206"":26,""67"":4036,""68"":0,""13"":63,""17"":-10,""18"":46,""19"":-53,""15"":333,""13201"":467,""36"":1034,""40"":122,""43"":0,""241"":26801,""199"":1638,""16"":82009,""12"":434,""449"":0,""636"":110167604,""11"":893510181,""238"":0,""14"":2540732448,""387"":""2b3431353431392e313136372d303038343031302e373136372b3030302e3230312f""}"
2026-07-06T16:25:52Z,862272088833183,Codec8E,2026-07-06 16:25:51.000 UTC,1783355151000,0,41.5419016,-8.4011666,200,269,17,6,0,"{""239"":1,""240"":1,""80"":1,""21"":5,""200"":0,""69"":1,""237"":2,""113"":100,""263"":1,""303"":1,""383"":3,""30"":0,""31"":12,""32"":61,""33"":255,""35"":35,""37"":0,""38"":243,""39"":47,""181"":11,""182"":6,""66"":14309,""24"":6,""206"":26,""67"":4036,""68"":0,""13"":63,""17"":-60,""18"":52,""19"":37,""15"":333,""13201"":468,""36"":942,""40"":680,""43"":0,""241"":26801,""199"":1648,""16"":82019,""12"":434,""449"":0,""636"":110167604,""11"":893510181,""238"":0,""14"":2540732448,""387"":""2b3431353431392e303136372d303038343031312e363636372b3030302e3230302f""}"
2026-07-06T16:25:57Z,862272088833183,Codec8E,2026-07-06 16:25:56.000 UTC,1783355156000,0,41.5419100,-8.4014616,200,280,17,16,0,"{""239"":1,""240"":1,""80"":1,""21"":5,""200"":0,""69"":1,""237"":2,""113"":100,""263"":1,""303"":1,""383"":3,""30"":0,""31"":14,""32"":61,""33"":249,""35"":55,""37"":13,""38"":238,""39"":47,""181"":12,""182"":6,""66"":14314,""24"":16,""206"":26,""67"":4037,""68"":0,""13"":63,""17"":-39,""18"":47,""19"":74,""15"":333,""13201"":469,""36"":1620,""40"":575,""43"":0,""241"":26801,""199"":1673,""16"":82044,""12"":434,""449"":0,""636"":110167604,""11"":893510181,""238"":0,""14"":2540732448,""387"":""2b3431353431392e313030302d303038343031342e363136372b3030302e3230302f""}"
2026-07-06T16:26:01Z,862272088833183,Codec8E,2026-07-06 16:26:00.000 UTC,1783355160000,0,41.5419400,-8.4017133,201,257,16,18,0,"{""239"":1,""240"":1,""80"":1,""21"":5,""200"":0,""69"":1,""237"":2,""113"":100,""263"":1,""303"":1,""383"":3,""30"":0,""31"":16,""32"":61,""33"":0,""35"":18,""37"":19,""38"":240,""39"":48,""181"":11,""182"":6,""66"":14325,""24"":18,""206"":26,""67"":4037,""68"":0,""13"":63,""17"":34,""18"":-208,""19"":-59,""15"":333,""13201"":469,""36"":1533,""40"":144,""43"":0,""241"":26801,""199"":1694,""16"":82065,""12"":434,""449"":0,""636"":110167604,""11"":893510181,""238"":0,""14"":2540732448,""387"":""2b3431353431392e343030302d303038343031372e313333332b3030302e3230312f""}"
2026-07-06T16:26:02Z,862272088833183,Codec8E,2026-07-06 16:26:01.000 UTC,1783355161000,0,41.5419233,-8.4017616,201,236,17,17,0,"{""239"":1,""240"":1,""80"":1,""21"":5,""200"":0,""69"":1,""237"":2,""113"":100,""263"":1,""303"":1,""383"":3,""30"":0,""31"":16,""32"":61,""33"":0,""35"":18,""37"":19,""38"":240,""39"":48,""181"":9,""182"":6,""66"":14310,""24"":17,""206"":26,""67"":4036,""68"":0,""13"":63,""17"":-82,""18"":-222,""19"":104,""15"":333,""13201"":469,""36"":1533,""40"":144,""43"":0,""241"":26801,""199"":1699,""16"":82070,""12"":434,""449"":0,""636"":110167604,""11"":893510181,""238"":0,""14"":2540732448,""387"":""2b3431353431392e323333332d303038343031372e363136372b3030302e3230312f""}"
2026-07-06T16:26:03Z,862272088833183,Codec8E,2026-07-06 16:26:02.000 UTC,1783355162000,0,41.5418933,-8.4017950,201,212,17,16,0,"{""239"":1,""240"":1,""80"":1,""21"":5,""200"":0,""69"":1,""237"":2,""113"":100,""263"":1,""303"":1,""383"":3,""30"":0,""31"":16,""32"":61,""33"":0,""35"":18,""37"":19,""38"":240,""39"":48,""181"":11,""182"":6,""66"":14290,""24"":16,""206"":26,""67"":4033,""68"":0,""13"":63,""17"":-92,""18"":-130,""19"":183,""15"":333,""13201"":469,""36"":1533,""40"":144,""43"":0,""241"":26801,""199"":1703,""16"":82074,""12"":434,""449"":0,""636"":110167604,""11"":893510181,""238"":0,""14"":2540732448,""387"":""2b3431353431382e393333332d303038343031372e393530302b3030302e3230312f""}"
2026-07-06T16:26:05Z,862272088833183,Codec8E,2026-07-06 16:26:03.000 UTC,1783355163000,0,41.5418416,-8.4017950,202,188,17,17,0,"{""239"":1,""240"":1,""80"":1,""21"":5,""200"":0,""69"":1,""237"":2,""113"":100,""263"":1,""303"":1,""383"":3,""30"":0,""31"":8,""32"":61,""33"":251,""35"":33,""37"":14,""38"":237,""39"":48,""181"":12,""182"":6,""66"":14303,""24"":17,""206"":26,""67"":4034,""68"":0,""13"":63,""17"":-91,""18"":-52,""19"":145,""15"":333,""13201"":469,""36"":1468,""40"":872,""43"":0,""241"":26801,""199"":1709,""16"":82080,""12"":434,""449"":0,""636"":110167604,""11"":893510181,""238"":0,""14"":2540732448,""387"":""2b3431353431382e343136372d303038343031372e393530302b3030302e3230322f""}"
2026-07-06T16:26:05Z,862272088833183,Codec8E,2026-07-06 16:26:04.000 UTC,1783355164000,0,41.5417850,-8.4017916,201,173,17,18,0,"{""239"":1,""240"":1,""80"":1,""21"":5,""200"":0,""69"":1,""237"":2,""113"":100,""263"":1,""303"":1,""383"":3,""30"":0,""31"":8,""32"":61,""33"":251,""35"":33,""37"":14,""38"":237,""39"":48,""181"":10,""182"":6,""66"":14297,""24"":18,""206"":26,""67"":4034,""68"":0,""13"":63,""17"":24,""18"":46,""19"":-16,""15"":333,""13201"":469,""36"":1468,""40"":872,""43"":0,""241"":26801,""199"":1715,""16"":82086,""12"":434,""449"":0,""636"":110167604,""11"":893510181,""238"":0,""14"":2540732448,""387"":""2b3431353431372e383530302d303038343031372e393136372b3030302e3230312f""}"
2026-07-06T16:26:17Z,862272088833183,Codec8E,2026-07-06 16:26:16.000 UTC,1783355176000,0,41.5412200,-8.4017266,199,199,12,15,0,"{""239"":1,""240"":1,""80"":1,""21"":5,""200"":0,""69"":1,""237"":2,""113"":100,""263"":1,""303"":1,""383"":3,""30"":0,""31"":11,""32"":62,""33"":0,""35"":35,""37"":13,""38"":243,""39"":48,""181"":12,""182"":8,""66"":14346,""24"":15,""206"":26,""67"":4036,""68"":0,""13"":63,""17"":53,""18"":126,""19"":-42,""15"":333,""13201"":469,""36"":1273,""40"":597,""43"":0,""241"":26801,""199"":1779,""16"":82150,""12"":434,""449"":0,""636"":110167604,""11"":893510181,""238"":0,""14"":2540732448,""387"":""2b3431353431322e323030302d303038343031372e323636372b3030302e3139392f""}"
2026-07-06T16:26:19Z,862272088833183,Codec8E,2026-07-06 16:26:18.000 UTC,1783355178000,0,41.5411883,-8.4017433,199,210,13,13,0,"{""239"":1,""240"":1,""80"":1,""21"":5,""200"":0,""69"":1,""237"":2,""113"":100,""263"":1,""303"":1,""383"":3,""30"":0,""31"":11,""32"":62,""33"":0,""35"":35,""37"":13,""38"":243,""39"":48,""181"":11,""182"":7,""66"":14306,""24"":13,""206"":26,""67"":4033,""68"":0,""13"":63,""17"":-72,""18"":46,""19"":105,""15"":333,""13201"":469,""36"":1273,""40"":597,""43"":0,""241"":26801,""199"":1782,""16"":82153,""12"":434,""449"":0,""636"":110167604,""11"":893510181,""238"":0,""14"":2540732448,""387"":""2b3431353431312e383833332d303038343031372e343333332b3030302e3139392f""}"
2026-07-06T16:26:20Z,862272088833183,Codec8E,2026-07-06 16:26:19.000 UTC,1783355179000,0,41.5411850,-8.4017733,199,228,13,11,0,"{""239"":1,""240"":1,""80"":1,""21"":5,""200"":0,""69"":1,""237"":2,""113"":100,""263"":1,""303"":1,""383"":3,""30"":0,""31"":11,""32"":62,""33"":0,""35"":35,""37"":13,""38"":243,""39"":48,""181"":11,""182"":7,""66"":14312,""24"":11,""206"":26,""67"":4035,""68"":0,""13"":63,""17"":-111,""18"":145,""19"":136,""15"":333,""13201"":469,""36"":1273,""40"":597,""43"":0,""241"":26801,""199"":1785,""16"":82156,""12"":434,""449"":0,""636"":110167604,""11"":893510181,""238"":0,""14"":2540732448,""387"":""2b3431353431312e383530302d303038343031372e373333332b3030302e3139392f""}"
2026-07-06T16:26:21Z,862272088833183,Codec8E,2026-07-06 16:26:20.000 UTC,1783355180000,0,41.5411766,-8.4018083,199,245,13,11,0,"{""239"":1,""240"":1,""80"":1,""21"":5,""200"":0,""69"":1,""237"":2,""113"":100,""263"":1,""303"":1,""383"":3,""30"":0,""31"":11,""32"":62,""33"":0,""35"":35,""37"":13,""38"":243,""39"":48,""181"":15,""182"":7,""66"":14312,""24"":11,""206"":26,""67"":4033,""68"":0,""13"":63,""17"":-33,""18"":-11,""19"":267,""15"":333,""13201"":469,""36"":1273,""40"":597,""43"":0,""241"":26801,""199"":1788,""16"":82159,""12"":434,""449"":0,""636"":110167604,""11"":893510181,""238"":0,""14"":2540732448,""387"":""2b3431353431312e373636372d303038343031382e303833332b3030302e3139392f""}"
2026-07-06T16:26:24Z,862272088833183,Codec8E,2026-07-06 16:26:23.000 UTC,1783355183000,0,41.5411633,-8.4020900,198,261,13,15,0,"{""239"":1,""240"":1,""80"":1,""21"":5,""200"":0,""69"":1,""237"":2,""113"":100,""263"":1,""303"":1,""383"":3,""30"":0,""31"":3,""32"":62,""33"":253,""35"":84,""37"":21,""38"":241,""39"":48,""181"":16,""182"":7,""66"":14275,""24"":15,""206"":26,""67"":4037,""68"":0,""13"":63,""17"":63,""18"":97,""19"":-28,""15"":333,""13201"":470,""36"":1897,""40"":1905,""43"":0,""241"":26801,""199"":1812,""16"":82183,""12"":434,""449"":0,""636"":110167604,""11"":893510181,""238"":0,""14"":2540732448,""387"":""2b3431353431312e363333332d303038343032302e393030302b3030302e3139382f""}"
2026-07-06T16:26:28Z,862272088833183,Codec8E,2026-07-06 16:26:27.000 UTC,1783355187000,0,41.5410866,-8.4026299,196,255,13,26,0,"{""239"":1,""240"":1,""80"":1,""21"":5,""200"":0,""69"":1,""237"":2,""113"":100,""263"":1,""303"":1,""383"":3,""30"":0,""31"":68,""32"":62,""33"":2,""35"":88,""37"":40,""38"":223,""39"":49,""181"":17,""182"":8,""66"":14304,""24"":26,""206"":26,""67"":4036,""68"":0,""13"":63,""17"":-77,""18"":-306,""19"":127,""15"":333,""13201"":470,""36"":2692,""40"":125,""43"":0,""241"":26801,""199"":1858,""16"":82229,""12"":434,""449"":0,""636"":110167604,""11"":893510181,""238"":0,""14"":2540732448,""387"":""2b3431353431302e383636372d303038343032362e333030302b3030302e3139362f""}"
2026-07-06T16:26:30Z,862272088833183,Codec8E,2026-07-06 16:26:29.000 UTC,1783355189000,0,41.5409899,-8.4028200,193,233,14,28,0,"{""239"":1,""240"":1,""80"":1,""21"":5,""200"":0,""69"":1,""237"":2,""113"":100,""263"":1,""303"":1,""383"":3,""30"":0,""31"":68,""32"":62,""33"":2,""35"":88,""37"":40,""38"":223,""39"":49,""181"":12,""182"":8,""66"":14297,""24"":28,""206"":26,""67"":4035,""68"":0,""13"":63,""17"":-53,""18"":-49,""19"":183,""15"":333,""13201"":470,""36"":2692,""40"":125,""43"":0,""241"":26801,""199"":1877,""16"":82248,""12"":434,""449"":0,""636"":110167604,""11"":893510181,""238"":0,""14"":2540732448,""387"":""2b3431353430392e393030302d303038343032382e323030302b3030302e3139332f""}"
2026-07-06T16:26:31Z,862272088833183,Codec8E,2026-07-06 16:26:30.000 UTC,1783355190000,0,41.5409050,-8.4028233,193,206,14,27,0,"{""239"":1,""240"":1,""80"":1,""21"":5,""200"":0,""69"":1,""237"":2,""113"":100,""263"":1,""303"":1,""383"":3,""30"":0,""31"":3,""32"":62,""33"":0,""35"":95,""37"":25,""38"":242,""39"":49,""181"":14,""182"":7,""66"":14302,""24"":27,""206"":26,""67"":4035,""68"":0,""13"":63,""17"":25,""18"":6,""19"":221,""15"":333,""13201"":470,""36"":1625,""40"":1450,""43"":0,""241"":26801,""199"":1887,""16"":82258,""12"":434,""449"":0,""636"":110167604,""11"":893510181,""238"":0,""14"":2540732448,""387"":""2b3431353430392e303530302d303038343032382e323333332b3030302e3139332f""}"
2026-07-06T16:26:32Z,862272088833183,Codec8E,2026-07-06 16:26:31.000 UTC,1783355191000,0,41.5407900,-8.4027700,192,174,14,30,0,"{""239"":1,""240"":1,""80"":1,""21"":5,""200"":0,""69"":1,""237"":2,""113"":100,""263"":1,""303"":1,""383"":3,""30"":0,""31"":3,""32"":62,""33"":0,""35"":95,""37"":25,""38"":242,""39"":49,""181"":15,""182"":7,""66"":14291,""24"":30,""206"":26,""67"":4034,""68"":0,""13"":63,""17"":53,""18"":21,""19"":-23,""15"":333,""13201"":471,""36"":1625,""40"":1450,""43"":0,""241"":26801,""199"":1900,""16"":82271,""12"":434,""449"":0,""636"":110167604,""11"":893510181,""238"":0,""14"":2540732448,""387"":""2b3431353430372e393030302d303038343032372e373030302b3030302e3139322f""}"
2026-07-06T16:26:32Z,862272088833183,Codec8E,2026-07-06 16:26:31.010 UTC,1783355191010,0,41.5407900,-8.4027700,192,174,14,30,253,"{""239"":1,""240"":1,""80"":1,""21"":5,""200"":0,""69"":1,""237"":2,""113"":100,""263"":1,""303"":1,""383"":3,""30"":0,""31"":3,""32"":62,""33"":0,""35"":95,""37"":25,""38"":242,""39"":49,""253"":3,""254"":60,""181"":15,""182"":7,""66"":14290,""24"":30,""206"":26,""67"":4034,""68"":0,""13"":63,""17"":21,""18"":54,""19"":-56,""15"":333,""13201"":471,""36"":1625,""40"":1450,""43"":0,""241"":26801,""199"":1900,""16"":82271,""12"":434,""449"":0,""636"":110167604,""11"":893510181,""238"":0,""14"":2540732448,""387"":""2b3431353430372e393030302d303038343032372e373030302b3030302e3139322f""}"
2026-07-06T16:26:41Z,862272088833183,Codec8E,2026-07-06 16:26:40.000 UTC,1783355200000,0,41.5401100,-8.4026333,190,164,16,23,0,"{""239"":1,""240"":1,""80"":1,""21"":5,""200"":0,""69"":1,""237"":2,""113"":100,""263"":1,""303"":1,""383"":3,""30"":0,""31"":34,""32"":63,""33"":251,""35"":16,""37"":25,""38"":237,""39"":49,""181"":9,""182"":6,""66"":14301,""24"":23,""206"":26,""67"":4037,""68"":0,""13"":63,""17"":-47,""18"":-9,""19"":153,""15"":333,""13201"":471,""36"":1725,""40"":94,""43"":0,""241"":26801,""199"":1977,""16"":82348,""12"":434,""449"":0,""636"":110167604,""11"":893510181,""238"":0,""14"":2540732448,""387"":""2b3431353430312e313030302d303038343032362e333333332b3030302e3139302f""}"
2026-07-06T16:26:42Z,862272088833183,Codec8E,2026-07-06 16:26:41.000 UTC,1783355201000,0,41.5400833,-8.4026083,190,150,15,21,0,"{""239"":1,""240"":1,""80"":1,""21"":5,""200"":0,""69"":1,""237"":2,""113"":100,""263"":1,""303"":1,""383"":3,""30"":0,""31"":34,""32"":63,""33"":251,""35"":16,""37"":25,""38"":237,""39"":49,""181"":10,""182"":6,""66"":14308,""24"":21,""206"":26,""67"":4035,""68"":0,""13"":63,""17"":-131,""18"":-57,""19"":178,""15"":333,""13201"":471,""36"":1725,""40"":94,""43"":0,""241"":26801,""199"":1981,""16"":82352,""12"":434,""449"":0,""636"":110167604,""11"":893510181,""238"":0,""14"":2540732448,""387"":""2b3431353430302e383333332d303038343032362e303833332b3030302e3139302f""}"
2026-07-06T16:26:44Z,862272088833183,Codec8E,2026-07-06 16:26:42.000 UTC,1783355202000,0,41.5400666,-8.4025649,190,133,16,19,0,"{""239"":1,""240"":1,""80"":1,""21"":5,""200"":0,""69"":1,""237"":2,""113"":100,""263"":1,""303"":1,""383"":3,""30"":0,""31"":34,""32"":63,""33"":251,""35"":16,""37"":25,""38"":237,""39"":49,""181"":12,""182"":6,""66"":14311,""24"":19,""206"":26,""67"":4033,""68"":0,""13"":63,""17"":-9,""18"":-7,""19"":58,""15"":333,""13201"":471,""36"":1725,""40"":94,""43"":0,""241"":26801,""199"":1985,""16"":82356,""12"":434,""449"":0,""636"":110167604,""11"":893510181,""238"":0,""14"":2540732448,""387"":""2b3431353430302e363636372d303038343032352e363530302b3030302e3139302f""}"
2026-07-06T16:26:44Z,862272088833183,Codec8E,2026-07-06 16:26:43.000 UTC,1783355203000,0,41.5400700,-8.4024983,189,111,16,18,0,"{""239"":1,""240"":1,""80"":1,""21"":5,""200"":0,""69"":1,""237"":2,""113"":100,""263"":1,""303"":1,""383"":3,""30"":0,""31"":34,""32"":63,""33"":251,""35"":16,""37"":25,""38"":237,""39"":49,""181"":12,""182"":6,""66"":14304,""24"":18,""206"":26,""67"":4033,""68"":0,""13"":63,""17"":47,""18"":33,""19"":-1,""15"":333,""13201"":471,""36"":1725,""40"":94,""43"":0,""241"":26801,""199"":1990,""16"":82361,""12"":434,""449"":0,""636"":110167604,""11"":893510181,""238"":0,""14"":2540732448,""387"":""2b3431353430302e373030302d303038343032342e393833332b3030302e3138392f""}"
2026-07-06T16:26:45Z,862272088833183,Codec8E,2026-07-06 16:26:44.000 UTC,1783355204000,0,41.5400800,-8.4024250,189,97,16,18,0,"{""239"":1,""240"":1,""80"":1,""21"":5,""200"":0,""69"":1,""237"":2,""113"":100,""263"":1,""303"":1,""383"":3,""30"":0,""31"":17,""32"":63,""33"":2,""35"":100,""37"":25,""38"":231,""39"":49,""181"":10,""182"":6,""66"":14288,""24"":18,""206"":26,""67"":4033,""68"":0,""13"":63,""17"":156,""18"":-37,""19"":-332,""15"":333,""13201"":471,""36"":2245,""40"":577,""43"":0,""241"":26801,""199"":1996,""16"":82367,""12"":434,""449"":0,""636"":110167604,""11"":893510181,""238"":0,""14"":2540732448,""387"":""2b3431353430302e383030302d303038343032342e323530302b3030302e3138392f""}"
2026-07-06T16:26:46Z,862272088833183,Codec8E,2026-07-06 16:26:45.000 UTC,1783355205000,0,41.5400950,-8.4023450,189,86,16,17,0,"{""239"":1,""240"":1,""80"":1,""21"":5,""200"":0,""69"":1,""237"":2,""113"":100,""263"":1,""303"":1,""383"":3,""30"":0,""31"":17,""32"":63,""33"":2,""35"":100,""37"":25,""38"":231,""39"":49,""181"":9,""182"":6,""66"":14254,""24"":17,""206"":26,""67"":4034,""68"":0,""13"":63,""17"":-43,""18"":31,""19"":-22,""15"":333,""13201"":471,""36"":2245,""40"":577,""43"":0,""241"":26801,""199"":2003,""16"":82374,""12"":434,""449"":0,""636"":110167604,""11"":893510181,""238"":0,""14"":2540732448,""387"":""2b3431353430302e393530302d303038343032332e343530302b3030302e3138392f""}"
2026-07-06T16:26:53Z,862272088833183,Codec8E,2026-07-06 16:26:52.000 UTC,1783355212000,0,41.5401716,-8.4020366,189,75,16,10,0,"{""239"":1,""240"":1,""80"":1,""21"":5,""200"":0,""69"":1,""237"":2,""113"":100,""263"":1,""303"":1,""383"":3,""30"":0,""31"":3,""32"":63,""33"":0,""35"":28,""37"":10,""38"":242,""39"":49,""181"":9,""182"":6,""66"":14288,""24"":10,""206"":26,""67"":4037,""68"":0,""13"":63,""17"":-130,""18"":64,""19"":28,""15"":500,""13201"":472,""36"":874,""40"":197,""43"":0,""241"":26801,""199"":2030,""16"":82401,""12"":434,""449"":0,""636"":110167604,""11"":893510181,""238"":0,""14"":2540732448,""387"":""2b3431353430312e373136372d303038343032302e333636372b3030302e3138392f""}"
2026-07-06T16:26:54Z,862272088833183,Codec8E,2026-07-06 16:26:53.000 UTC,1783355213000,0,41.5401766,-8.4020066,189,85,16,9,0,"{""239"":1,""240"":1,""80"":1,""21"":5,""200"":0,""69"":1,""237"":2,""113"":100,""263"":1,""303"":1,""383"":3,""30"":0,""31"":3,""32"":63,""33"":0,""35"":17,""37"":10,""38"":243,""39"":49,""181"":9,""182"":6,""66"":14317,""24"":9,""206"":26,""67"":4036,""68"":0,""13"":63,""17"":-29,""18"":6,""19"":66,""15"":500,""13201"":472,""36"":1066,""40"":377,""43"":0,""241"":26801,""199"":2033,""16"":82404,""12"":434,""449"":0,""636"":110167604,""11"":893510181,""238"":0,""14"":2540732448,""387"":""2b3431353430312e373636372d303038343032302e303636372b3030302e3138392f""}"
2026-07-06T16:26:55Z,862272088833183,Codec8E,2026-07-06 16:26:54.000 UTC,1783355214000,0,41.5401783,-8.4019783,189,99,15,8,0,"{""239"":1,""240"":1,""80"":1,""21"":5,""200"":0,""69"":1,""237"":2,""113"":100,""263"":1,""303"":1,""383"":3,""30"":0,""31"":3,""32"":63,""33"":0,""35"":17,""37"":10,""38"":243,""39"":49,""181"":10,""182"":6,""66"":14311,""24"":8,""206"":26,""67"":4033,""68"":0,""13"":63,""17"":-37,""18"":24,""19"":30,""15"":500,""13201"":472,""36"":1066,""40"":377,""43"":0,""241"":26801,""199"":2033,""16"":82404,""12"":434,""449"":0,""636"":110167604,""11"":893510181,""238"":0,""14"":2540732448,""387"":""2b3431353430312e373833332d303038343031392e373833332b3030302e3138392f""}"
2026-07-06T16:27:00Z,862272088833183,Codec8E,2026-07-06 16:26:59.000 UTC,1783355219000,0,41.5401733,-8.4018000,190,114,14,8,0,"{""239"":1,""240"":1,""80"":1,""21"":5,""200"":0,""69"":1,""237"":2,""113"":100,""263"":1,""303"":1,""383"":3,""30"":0,""31"":25,""32"":63,""33"":254,""35"":46,""37"":15,""38"":243,""39"":48,""181"":11,""182"":7,""66"":14254,""24"":8,""206"":26,""67"":4037,""68"":0,""13"":63,""17"":-2,""18"":40,""19"":-25,""15"":500,""13201"":472,""36"":2079,""40"":75,""43"":0,""241"":26801,""199"":2048,""16"":82419,""12"":434,""449"":0,""636"":110167604,""11"":893510181,""238"":0,""14"":2540732448,""387"":""2b3431353430312e373333332d303038343031382e303030302b3030302e3139302f""}"
2026-07-06T16:27:09Z,862272088833183,Codec8E,2026-07-06 16:27:07.000 UTC,1783355227000,0,41.5401583,-8.4017633,190,114,14,0,303,"{""239"":1,""240"":1,""80"":1,""21"":5,""200"":0,""69"":1,""237"":2,""113"":100,""263"":1,""303"":0,""383"":3,""30"":0,""31"":12,""32"":63,""33"":2,""35"":36,""37"":0,""38"":253,""39"":48,""181"":12,""182"":8,""66"":13230,""24"":0,""206"":26,""67"":4036,""68"":0,""13"":63,""17"":-16,""18"":53,""19"":-29,""15"":500,""13201"":472,""36"":877,""40"":152,""43"":0,""241"":26801,""199"":2051,""16"":82422,""12"":434,""449"":0,""636"":110167604,""11"":893510181,""238"":0,""14"":2540732448,""387"":""2b3431353430312e353833332d303038343031372e363333332b3030302e3139302f""}"
2026-07-06T16:27:10Z,862272088833183,Codec8E,2026-07-06 16:27:09.000 UTC,1783355229000,0,41.5401583,-8.4017633,190,114,14,0,239,"{""239"":0,""240"":1,""80"":1,""21"":5,""200"":0,""69"":1,""237"":2,""113"":100,""263"":1,""303"":0,""383"":3,""30"":0,""31"":12,""32"":63,""33"":2,""35"":36,""37"":0,""38"":253,""39"":48,""181"":11,""182"":7,""66"":13198,""24"":0,""206"":26,""67"":4034,""68"":0,""13"":63,""17"":-16,""18"":53,""19"":-29,""15"":500,""13201"":472,""36"":877,""40"":152,""43"":0,""241"":26801,""199"":2051,""16"":82422,""12"":434,""449"":0,""636"":110167604,""11"":893510181,""238"":0,""14"":2540732448,""387"":""2b3431353430312e353833332d303038343031372e363333332b3030302e3139302f""}"
2026-07-06T16:27:14Z,862272088833183,Codec8E,2026-07-06 16:27:13.000 UTC,1783355233000,0,41.5401583,-8.4017633,190,114,13,0,303,"{""239"":0,""240"":1,""80"":1,""21"":5,""200"":0,""69"":1,""237"":2,""113"":100,""263"":1,""303"":1,""383"":3,""30"":0,""31"":25,""32"":63,""33"":7,""35"":63,""37"":0,""38"":252,""39"":48,""181"":12,""182"":9,""66"":13087,""24"":0,""206"":26,""67"":4037,""68"":0,""13"":63,""17"":-34,""18"":23,""19"":-14,""15"":500,""13201"":473,""36"":0,""40"":127,""43"":0,""241"":26801,""199"":2051,""16"":82422,""12"":434,""449"":0,""636"":110167604,""11"":893510181,""238"":0,""14"":2540732448,""387"":""2b3431353430312e353833332d303038343031372e363333332b3030302e3139302f""}"
2026-07-06T16:27:20Z,862272088833183,Codec8E,2026-07-06 16:27:18.000 UTC,1783355238000,0,41.5401583,-8.4017633,190,114,13,0,303,"{""239"":0,""240"":1,""80"":1,""21"":5,""200"":0,""69"":1,""237"":2,""113"":100,""263"":1,""303"":0,""383"":3,""30"":0,""31"":25,""32"":63,""33"":7,""35"":63,""37"":0,""38"":252,""39"":48,""181"":12,""182"":8,""66"":13029,""24"":0,""206"":26,""67"":4036,""68"":0,""13"":63,""17"":-26,""18"":32,""19"":-18,""15"":500,""13201"":473,""36"":0,""40"":127,""43"":0,""241"":26801,""199"":2051,""16"":82422,""12"":434,""449"":0,""636"":110167604,""11"":893510181,""238"":0,""14"":2540732448,""387"":""2b3431353430312e353833332d303038343031372e363333332b3030302e3139302f""}"
2026-07-06T16:28:19Z,862272088833183,Codec8E,2026-07-06 16:28:17.000 UTC,1783355297000,0,41.5401716,-8.4016266,190,168,14,0,240,"{""239"":0,""240"":0,""80"":0,""21"":4,""200"":0,""69"":1,""237"":2,""113"":100,""263"":1,""303"":0,""383"":3,""181"":12,""182"":8,""66"":12936,""24"":0,""206"":26,""67"":4033,""68"":0,""13"":63,""17"":-30,""18"":23,""19"":-19,""15"":1000,""13201"":472,""241"":26801,""199"":0,""16"":82422,""12"":434,""449"":0,""636"":110167604,""11"":893510181,""238"":0,""14"":2540732448,""387"":""2b3431353430312e373136372d303038343031362e323636372b3030302e3139302f""}"
2026-07-06T17:08:15Z,862272088833183,Codec8E,2026-07-06 17:07:09.000 UTC,1783357629000,0,41.5401716,-8.4016266,196,168,11,0,303,"{""239"":0,""240"":0,""80"":0,""21"":4,""200"":0,""69"":1,""237"":2,""113"":100,""263"":1,""303"":1,""383"":3,""181"":12,""182"":9,""66"":12719,""24"":0,""206"":26,""67"":4033,""68"":0,""13"":63,""17"":-40,""18"":35,""19"":-10,""15"":1000,""13201"":443,""241"":26801,""199"":0,""16"":82422,""12"":434,""449"":0,""636"":110167604,""11"":893510181,""238"":0,""14"":2540732448,""387"":""2b3431353430312e373136372d303038343031362e323636372b3030302e3139362f""}"
2026-07-06T17:08:15Z,862272088833183,Codec8E,2026-07-06 17:07:10.000 UTC,1783357630000,0,41.5402816,-8.4015983,196,187,11,0,240,"{""239"":0,""240"":1,""80"":1,""21"":4,""200"":0,""69"":1,""237"":2,""113"":100,""263"":1,""303"":1,""383"":3,""181"":12,""182"":9,""66"":12710,""24"":0,""206"":26,""67"":4033,""68"":0,""13"":63,""17"":-26,""18"":36,""19"":-24,""15"":1000,""13201"":443,""241"":26801,""199"":0,""16"":82422,""12"":434,""449"":0,""636"":110167604,""11"":893510181,""238"":0,""14"":2540732448,""387"":""2b3431353430322e383136372d303038343031352e393833332b3030302e3139362f""}"
2026-07-06T17:08:15Z,862272088833183,Codec8E,2026-07-06 17:07:13.000 UTC,1783357633000,0,41.5402816,-8.4015983,196,187,11,0,303,"{""239"":0,""240"":1,""80"":1,""21"":4,""200"":0,""69"":1,""237"":2,""113"":100,""263"":1,""303"":0,""383"":3,""181"":12,""182"":9,""66"":11404,""24"":0,""206"":26,""67"":4033,""68"":0,""13"":63,""17"":-31,""18"":38,""19"":-19,""15"":1000,""13201"":442,""241"":26801,""199"":0,""16"":82422,""12"":434,""449"":0,""636"":110167604,""11"":893510181,""238"":0,""14"":2540732448,""387"":""2b3431353430322e383136372d303038343031352e393833332b3030302e3139362f""}"
2026-07-06T17:08:15Z,862272088833183,Codec8E,2026-07-06 17:07:30.000 UTC,1783357650000,0,41.5402816,-8.4015983,196,187,9,0,303,"{""239"":0,""240"":1,""80"":1,""21"":4,""200"":0,""69"":1,""237"":2,""113"":100,""263"":1,""303"":1,""383"":3,""181"":13,""182"":9,""66"":12310,""24"":0,""206"":26,""67"":4033,""68"":0,""13"":63,""17"":-39,""18"":41,""19"":7,""15"":1000,""13201"":443,""241"":26801,""199"":0,""16"":82422,""12"":434,""449"":0,""636"":110167604,""11"":893510181,""238"":0,""14"":2540732448,""387"":""2b3431353430322e383136372d303038343031352e393833332b3030302e3139362f""}"
2026-07-06T17:08:15Z,862272088833183,Codec8E,2026-07-06 17:07:34.000 UTC,1783357654000,0,41.5402383,-8.4016200,205,133,10,1,239,"{""239"":1,""240"":1,""80"":1,""21"":4,""200"":0,""69"":1,""237"":2,""113"":100,""263"":1,""303"":1,""383"":3,""181"":12,""182"":9,""66"":14000,""24"":1,""206"":26,""67"":4033,""68"":0,""13"":63,""17"":33,""18"":3,""19"":-150,""15"":1000,""13201"":446,""241"":26801,""199"":0,""16"":82422,""12"":434,""449"":0,""636"":110167604,""11"":893510181,""238"":0,""14"":2540732448,""387"":""2b3431353430322e333833332d303038343031362e323030302b3030302e3230352f""}"
2026-07-06T17:08:16Z,862272088833183,Codec8E,2026-07-06 17:07:50.000 UTC,1783357670000,0,41.5402916,-8.4014600,199,77,9,6,0,"{""239"":1,""240"":1,""80"":1,""21"":4,""200"":0,""69"":1,""237"":2,""113"":100,""263"":1,""303"":1,""383"":3,""30"":0,""31"":34,""32"":55,""33"":0,""35"":80,""37"":10,""38"":238,""39"":53,""181"":20,""182"":10,""66"":14270,""24"":6,""206"":26,""67"":4033,""68"":0,""13"":63,""17"":107,""18"":55,""19"":123,""15"":1000,""13201"":444,""36"":1416,""40"":75,""43"":0,""241"":26801,""199"":4,""16"":82453,""12"":436,""449"":0,""636"":110167604,""11"":893510181,""238"":0,""14"":2540732448,""387"":""2b3431353430322e393136372d303038343031342e363030302b3030302e3139392f""}"
2026-07-06T17:08:16Z,862272088833183,Codec8E,2026-07-06 17:07:51.000 UTC,1783357671000,0,41.5403116,-8.4014366,199,58,9,7,0,"{""239"":1,""240"":1,""80"":1,""21"":4,""200"":0,""69"":1,""237"":2,""113"":100,""263"":1,""303"":1,""383"":3,""30"":0,""31"":19,""32"":56,""33"":0,""35"":73,""37"":13,""38"":236,""39"":52,""181"":22,""182"":11,""66"":14275,""24"":7,""206"":26,""67"":4033,""68"":0,""13"":63,""17"":83,""18"":40,""19"":-43,""15"":1000,""13201"":444,""36"":1719,""40"":247,""43"":0,""241"":26801,""199"":7,""16"":82456,""12"":436,""449"":0,""636"":110167604,""11"":893510181,""238"":0,""14"":2540732448,""387"":""2b3431353430332e313136372d303038343031342e333636372b3030302e3139392f""}"
2026-07-06T17:08:16Z,862272088833183,Codec8E,2026-07-06 17:07:52.000 UTC,1783357672000,0,41.5403366,-8.4014283,199,46,9,7,0,"{""239"":1,""240"":1,""80"":1,""21"":4,""200"":0,""69"":1,""237"":2,""113"":100,""263"":1,""303"":1,""383"":3,""30"":0,""31"":19,""32"":56,""33"":0,""35"":73,""37"":13,""38"":236,""39"":52,""181"":15,""182"":10,""66"":14275,""24"":7,""206"":26,""67"":4033,""68"":0,""13"":63,""17"":13,""18"":46,""19"":-40,""15"":1000,""13201"":444,""36"":1719,""40"":247,""43"":0,""241"":26801,""199"":10,""16"":82459,""12"":436,""449"":0,""636"":110167604,""11"":893510181,""238"":0,""14"":2540732448,""387"":""2b3431353430332e333636372d303038343031342e323833332b3030302e3139392f""}"
2026-07-06T17:08:16Z,862272088833183,Codec8E,2026-07-06 17:07:54.000 UTC,1783357674000,0,41.5403816,-8.4014050,198,26,9,8,0,"{""239"":1,""240"":1,""80"":1,""21"":4,""200"":0,""69"":1,""237"":2,""113"":100,""263"":1,""303"":1,""383"":3,""30"":0,""31"":19,""32"":56,""33"":0,""35"":73,""37"":13,""38"":236,""39"":52,""181"":13,""182"":10,""66"":14236,""24"":8,""206"":26,""67"":4034,""68"":0,""13"":63,""17"":84,""18"":41,""19"":-188,""15"":1000,""13201"":444,""36"":1719,""40"":247,""43"":0,""241"":26801,""199"":15,""16"":82464,""12"":436,""449"":0,""636"":110167604,""11"":893510181,""238"":0,""14"":2540732448,""387"":""2b3431353430332e383136372d303038343031342e303530302b3030302e3139382f""}"
2026-07-06T17:08:16Z,862272088833183,Codec8E,2026-07-06 17:08:01.000 UTC,1783357681000,0,41.5403633,-8.4013833,195,24,9,2,303,"{""239"":1,""240"":1,""80"":1,""21"":4,""200"":0,""69"":1,""237"":2,""113"":100,""263"":1,""303"":0,""383"":3,""30"":0,""31"":11,""32"":56,""33"":0,""35"":34,""37"":0,""38"":252,""39"":53,""181"":12,""182"":9,""66"":14230,""24"":2,""206"":26,""67"":4034,""68"":0,""13"":63,""17"":-31,""18"":48,""19"":-8,""15"":1000,""13201"":445,""36"":928,""40"":152,""43"":0,""241"":26801,""199"":18,""16"":82467,""12"":436,""449"":0,""636"":110167604,""11"":893510181,""238"":0,""14"":2540732448,""387"":""2b3431353430332e363333332d303038343031332e383333332b3030302e3139352f""}"
2026-07-06T17:08:16Z,862272088833183,Codec8E,2026-07-06 17:08:09.000 UTC,1783357689000,0,41.5403550,-8.4013783,194,24,7,0,303,"{""239"":1,""240"":1,""80"":1,""21"":4,""200"":0,""69"":1,""237"":2,""113"":100,""263"":1,""303"":1,""383"":3,""30"":0,""31"":13,""32"":57,""33"":0,""35"":37,""37"":0,""38"":0,""39"":53,""181"":17,""182"":14,""66"":14271,""24"":0,""206"":26,""67"":4034,""68"":0,""13"":63,""17"":-34,""18"":71,""19"":65,""15"":1000,""13201"":446,""36"":968,""40"":177,""43"":0,""241"":26801,""199"":18,""16"":82467,""12"":438,""449"":0,""636"":110167604,""11"":893510181,""238"":0,""14"":2540732448,""387"":""2b3431353430332e353530302d303038343031332e373833332b3030302e3139342f""}"
2026-07-06T17:08:24Z,862272088833183,Codec8E,2026-07-06 17:08:23.000 UTC,1783357703000,0,41.5407883,-8.4014016,188,353,7,6,0,"{""239"":1,""240"":1,""80"":1,""21"":4,""200"":0,""69"":1,""237"":2,""113"":100,""263"":1,""303"":1,""383"":3,""30"":0,""31"":25,""32"":58,""33"":0,""35"":57,""37"":13,""38"":232,""39"":50,""181"":23,""182"":17,""66"":14290,""24"":6,""206"":26,""67"":4035,""68"":0,""13"":64,""17"":0,""18"":46,""19"":-25,""15"":1000,""13201"":448,""36"":1765,""40"":75,""43"":0,""241"":26801,""199"":60,""16"":82509,""12"":440,""449"":0,""636"":110167604,""11"":893510181,""238"":0,""14"":2540732448,""387"":""2b3431353430372e383833332d303038343031342e303136372b3030302e3138382f""}"
2026-07-06T17:08:28Z,862272088833183,Codec8E,2026-07-06 17:08:27.000 UTC,1783357707000,0,41.5409316,-8.4014116,187,18,5,8,0,"{""239"":1,""240"":1,""80"":1,""21"":5,""200"":0,""69"":1,""237"":2,""113"":100,""263"":1,""303"":1,""383"":3,""30"":0,""31"":25,""32"":58,""33"":0,""35"":57,""37"":13,""38"":232,""39"":50,""181"":24,""182"":18,""66"":14267,""24"":8,""206"":26,""67"":4034,""68"":0,""13"":64,""17"":365,""18"":4,""19"":-183,""15"":1000,""13201"":448,""36"":1765,""40"":75,""43"":0,""241"":26801,""199"":76,""16"":82525,""12"":440,""449"":0,""636"":110167604,""11"":893510181,""238"":0,""14"":2540732448,""387"":""2b3431353430392e333136372d303038343031342e313136372b3030302e3138372f""}"
2026-07-06T17:08:38Z,862272088833183,Codec8E,2026-07-06 17:08:37.000 UTC,1783357717000,0,41.5415000,-8.4013850,183,358,6,15,0,"{""239"":1,""240"":1,""80"":1,""21"":5,""200"":0,""69"":1,""237"":2,""113"":100,""263"":1,""303"":1,""383"":3,""30"":0,""31"":20,""32"":58,""33"":0,""35"":18,""37"":20,""38"":248,""39"":49,""181"":13,""182"":11,""66"":14225,""24"":15,""206"":26,""67"":4033,""68"":0,""13"":64,""17"":115,""18"":2,""19"":-208,""15"":1000,""13201"":448,""36"":2093,""40"":88,""43"":0,""241"":26801,""199"":143,""16"":82592,""12"":440,""449"":0,""636"":110167604,""11"":893510181,""238"":0,""14"":2540732448,""387"":""2b3431353431352e303030302d303038343031332e383530302b3030302e3138332f""}"
2026-07-06T17:08:42Z,862272088833183,Codec8E,2026-07-06 17:08:41.000 UTC,1783357721000,0,41.5415283,-8.4015850,181,357,11,5,0,"{""239"":1,""240"":1,""80"":1,""21"":5,""200"":0,""69"":1,""237"":2,""113"":100,""263"":1,""303"":1,""383"":3,""30"":0,""31"":11,""32"":58,""33"":0,""35"":33,""37"":0,""38"":253,""39"":50,""181"":12,""182"":9,""66"":14235,""24"":5,""206"":26,""67"":4034,""68"":0,""13"":64,""17"":-16,""18"":37,""19"":-36,""15"":1000,""13201"":449,""36"":915,""40"":144,""43"":0,""241"":26801,""199"":159,""16"":82608,""12"":440,""449"":0,""636"":110167604,""11"":893510181,""238"":0,""14"":2540732448,""387"":""2b3431353431352e323833332d303038343031352e383530302b3030302e3138312f""}"
2026-07-06T17:08:47Z,862272088833183,Codec8E,2026-07-06 17:08:45.000 UTC,1783357725000,0,41.5415283,-8.4015850,181,357,10,1,303,"{""239"":1,""240"":1,""80"":1,""21"":5,""200"":0,""69"":1,""237"":2,""113"":100,""263"":1,""303"":0,""383"":3,""30"":0,""31"":12,""32"":59,""33"":0,""35"":35,""37"":0,""38"":0,""39"":50,""181"":13,""182"":10,""66"":14237,""24"":1,""206"":26,""67"":4033,""68"":0,""13"":64,""17"":-27,""18"":31,""19"":-26,""15"":1000,""13201"":449,""36"":938,""40"":158,""43"":0,""241"":26801,""199"":159,""16"":82608,""12"":440,""449"":0,""636"":110167604,""11"":893510181,""238"":0,""14"":2540732448,""387"":""2b3431353431352e323833332d303038343031352e383530302b3030302e3138312f""}"
2026-07-06T17:08:50Z,862272088833183,Codec8E,2026-07-06 17:08:48.000 UTC,1783357728000,0,41.5415283,-8.4015850,181,357,11,0,303,"{""239"":1,""240"":1,""80"":1,""21"":5,""200"":0,""69"":1,""237"":2,""113"":100,""263"":1,""303"":1,""383"":3,""30"":0,""31"":12,""32"":59,""33"":0,""35"":35,""37"":0,""38"":0,""39"":50,""181"":12,""182"":9,""66"":14270,""24"":0,""206"":26,""67"":4033,""68"":0,""13"":64,""17"":-85,""18"":32,""19"":122,""15"":1000,""13201"":450,""36"":938,""40"":158,""43"":0,""241"":26801,""199"":159,""16"":82608,""12"":440,""449"":0,""636"":110167604,""11"":893510181,""238"":0,""14"":2540732448,""387"":""2b3431353431352e323833332d303038343031352e383530302b3030302e3138312f""}"
2026-07-06T17:09:00Z,862272088833183,Codec8E,2026-07-06 17:08:58.000 UTC,1783357738000,0,41.5415283,-8.4015850,181,357,12,0,303,"{""239"":1,""240"":1,""80"":1,""21"":5,""200"":0,""69"":1,""237"":2,""113"":100,""263"":1,""303"":0,""383"":3,""30"":0,""31"":13,""32"":59,""33"":0,""35"":32,""37"":0,""38"":249,""39"":49,""181"":12,""182"":8,""66"":14230,""24"":0,""206"":26,""67"":4034,""68"":0,""13"":64,""17"":-17,""18"":20,""19"":-35,""15"":1000,""13201"":451,""36"":887,""40"":141,""43"":0,""241"":26801,""199"":159,""16"":82608,""12"":443,""449"":0,""636"":110167604,""11"":893510181,""238"":0,""14"":2540732448,""387"":""2b3431353431352e323833332d303038343031352e383530302b3030302e3138312f""}"
2026-07-06T17:09:01Z,862272088833183,Codec8E,2026-07-06 17:09:00.000 UTC,1783357740000,0,41.5415283,-8.4015850,181,357,12,0,303,"{""239"":1,""240"":1,""80"":1,""21"":5,""200"":0,""69"":1,""237"":2,""113"":100,""263"":1,""303"":1,""383"":3,""30"":0,""31"":12,""32"":59,""33"":0,""35"":35,""37"":0,""38"":243,""39"":50,""181"":12,""182"":8,""66"":14241,""24"":0,""206"":26,""67"":4033,""68"":0,""13"":64,""17"":-32,""18"":24,""19"":18,""15"":1000,""13201"":451,""36"":938,""40"":147,""43"":0,""241"":26801,""199"":159,""16"":82608,""12"":443,""449"":0,""636"":110167604,""11"":893510181,""238"":0,""14"":2540732448,""387"":""2b3431353431352e323833332d303038343031352e383530302b3030302e3138312f""}"
2026-07-06T17:09:06Z,862272088833183,Codec8E,2026-07-06 17:09:05.000 UTC,1783357745000,0,41.5416199,-8.4015600,178,52,12,6,0,"{""239"":1,""240"":1,""80"":1,""21"":5,""200"":0,""69"":1,""237"":2,""113"":100,""263"":1,""303"":1,""383"":3,""30"":0,""31"":19,""32"":60,""33"":0,""35"":74,""37"":8,""38"":245,""39"":49,""181"":13,""182"":8,""66"":14270,""24"":6,""206"":26,""67"":4034,""68"":0,""13"":64,""17"":58,""18"":118,""19"":55,""15"":1000,""13201"":451,""36"":1361,""40"":1094,""43"":0,""241"":26801,""199"":169,""16"":82618,""12"":444,""449"":0,""636"":110167604,""11"":893510181,""238"":0,""14"":2540732448,""387"":""2b3431353431362e323030302d303038343031352e363030302b3030302e3137382f""}"
2026-07-06T17:09:09Z,862272088833183,Codec8E,2026-07-06 17:09:08.000 UTC,1783357748000,0,41.5417116,-8.4013533,178,64,12,15,0,"{""239"":1,""240"":1,""80"":1,""21"":5,""200"":0,""69"":1,""237"":2,""113"":100,""263"":1,""303"":1,""383"":3,""30"":0,""31"":19,""32"":60,""33"":0,""35"":74,""37"":8,""38"":245,""39"":49,""181"":18,""182"":9,""66"":14271,""24"":15,""206"":26,""67"":4034,""68"":0,""13"":64,""17"":-39,""18"":107,""19"":171,""15"":1000,""13201"":451,""36"":1361,""40"":1094,""43"":0,""241"":26801,""199"":189,""16"":82638,""12"":444,""449"":0,""636"":110167604,""11"":893510181,""238"":0,""14"":2540732448,""387"":""2b3431353431372e313136372d303038343031332e353333332b3030302e3137382f""}"
2026-07-06T17:09:12Z,862272088833183,Codec8E,2026-07-06 17:09:11.000 UTC,1783357751000,0,41.5418266,-8.4009183,179,71,11,28,0,"{""239"":1,""240"":1,""80"":1,""21"":5,""200"":0,""69"":1,""237"":2,""113"":100,""263"":1,""303"":1,""383"":3,""30"":0,""31"":50,""32"":60,""33"":0,""35"":35,""37"":32,""38"":238,""39"":46,""181"":12,""182"":9,""66"":14277,""24"":28,""206"":26,""67"":4035,""68"":0,""13"":64,""17"":-45,""18"":12,""19"":155,""15"":1000,""13201"":451,""36"":2911,""40"":2558,""43"":0,""241"":26801,""199"":228,""16"":82677,""12"":444,""449"":0,""636"":110167604,""11"":893510181,""238"":0,""14"":2540732448,""387"":""2b3431353431382e323636372d303038343030392e313833332b3030302e3137392f""}"
2026-07-06T17:09:15Z,862272088833183,Codec8E,2026-07-06 17:09:14.000 UTC,1783357754000,0,41.5418899,-8.4003866,179,80,11,40,0,"{""239"":1,""240"":1,""80"":1,""21"":5,""200"":0,""69"":1,""237"":2,""113"":100,""263"":1,""303"":1,""383"":3,""30"":0,""31"":17,""32"":60,""33"":251,""35"":114,""37"":49,""38"":234,""39"":45,""181"":12,""182"":9,""66"":14293,""24"":40,""206"":26,""67"":4034,""68"":0,""13"":64,""17"":123,""18"":63,""19"":-140,""15"":1000,""13201"":452,""36"":3184,""40"":613,""43"":0,""241"":26801,""199"":273,""16"":82722,""12"":444,""449"":0,""636"":110167604,""11"":893510181,""238"":0,""14"":2540732448,""387"":""2b3431353431382e393030302d303038343030332e383636372b3030302e3137392f""}"
2026-07-06T17:09:21Z,862272088833183,Codec8E,2026-07-06 17:09:20.000 UTC,1783357760000,0,41.5420116,-8.3996866,180,75,12,30,0,"{""239"":1,""240"":1,""80"":1,""21"":5,""200"":0,""69"":1,""237"":2,""113"":100,""263"":1,""303"":1,""383"":3,""30"":0,""31"":4,""32"":61,""33"":0,""35"":17,""37"":37,""38"":226,""39"":47,""181"":12,""182"":8,""66"":14176,""24"":30,""206"":26,""67"":4034,""68"":0,""13"":64,""17"":41,""18"":51,""19"":-60,""15"":1000,""13201"":452,""36"":2553,""40"":100,""43"":0,""241"":26801,""199"":333,""16"":82782,""12"":444,""449"":0,""636"":110167604,""11"":893510181,""238"":0,""14"":2540732448,""387"":""2b3431353432302e313136372d303038333939362e383636372b3030302e3138302f""}"
2026-07-06T17:09:23Z,862272088833183,Codec8E,2026-07-06 17:09:22.000 UTC,1783357762000,0,41.5420250,-8.3995799,180,85,12,23,0,"{""239"":1,""240"":1,""80"":1,""21"":5,""200"":0,""69"":1,""237"":2,""113"":100,""263"":1,""303"":1,""383"":3,""30"":0,""31"":4,""32"":61,""33"":0,""35"":17,""37"":37,""38"":226,""39"":47,""181"":17,""182"":9,""66"":14199,""24"":23,""206"":26,""67"":4033,""68"":0,""13"":64,""17"":-10,""18"":42,""19"":-21,""15"":1000,""13201"":453,""36"":2553,""40"":100,""43"":0,""241"":26801,""199"":342,""16"":82791,""12"":444,""449"":0,""636"":110400563,""11"":893510181,""238"":0,""14"":2540732448,""387"":""2b3431353432302e323530302d303038333939352e383030302b3030302e3138302f""}"
2026-07-06T17:09:26Z,862272088833183,Codec8E,2026-07-06 17:09:25.000 UTC,1783357765000,0,41.5420300,-8.3995166,180,81,12,11,0,"{""239"":1,""240"":1,""80"":1,""21"":5,""200"":0,""69"":1,""237"":2,""113"":100,""263"":1,""303"":1,""383"":3,""30"":0,""31"":4,""32"":61,""33"":1,""35"":39,""37"":16,""38"":245,""39"":48,""181"":12,""182"":8,""66"":14251,""24"":11,""206"":26,""67"":4033,""68"":0,""13"":64,""17"":-9,""18"":50,""19"":-6,""15"":1000,""13201"":453,""36"":834,""40"":136,""43"":0,""241"":26801,""199"":347,""16"":82796,""12"":444,""449"":0,""636"":110167604,""11"":893510181,""238"":0,""14"":2540732448,""387"":""2b3431353432302e333030302d303038333939352e313636372b3030302e3138302f""}"
2026-07-06T17:09:29Z,862272088833183,Codec8E,2026-07-06 17:09:28.000 UTC,1783357768000,0,41.5420566,-8.3994533,180,71,12,8,0,"{""239"":1,""240"":1,""80"":1,""21"":5,""200"":0,""69"":1,""237"":2,""113"":100,""263"":1,""303"":1,""383"":3,""30"":0,""31"":11,""32"":61,""33"":0,""35"":37,""37"":4,""38"":240,""39"":48,""181"":12,""182"":8,""66"":14262,""24"":8,""206"":26,""67"":4034,""68"":0,""13"":64,""17"":-69,""18"":110,""19"":212,""15"":1000,""13201"":453,""36"":1199,""40"":405,""43"":0,""241"":26801,""199"":353,""16"":82802,""12"":444,""449"":0,""636"":110167604,""11"":893510181,""238"":0,""14"":2540732448,""387"":""2b3431353432302e353636372d303038333939342e353333332b3030302e3138302f""}"
2026-07-06T17:09:30Z,862272088833183,Codec8E,2026-07-06 17:09:29.000 UTC,1783357769000,0,41.5420550,-8.3994100,180,92,12,10,0,"{""239"":1,""240"":1,""80"":1,""21"":5,""200"":0,""69"":1,""237"":2,""113"":100,""263"":1,""303"":1,""383"":3,""30"":0,""31"":11,""32"":61,""33"":0,""35"":37,""37"":4,""38"":240,""39"":48,""181"":12,""182"":8,""66"":14258,""24"":10,""206"":26,""67"":4033,""68"":0,""13"":64,""17"":-80,""18"":174,""19"":203,""15"":1000,""13201"":453,""36"":1199,""40"":405,""43"":0,""241"":26801,""199"":357,""16"":82806,""12"":444,""449"":0,""636"":110167604,""11"":893510181,""238"":0,""14"":2540732448,""387"":""2b3431353432302e353530302d303038333939342e313030302b3030302e3138302f""}"
2026-07-06T17:09:31Z,862272088833183,Codec8E,2026-07-06 17:09:30.000 UTC,1783357770000,0,41.5420400,-8.3993550,180,111,12,11,0,"{""239"":1,""240"":1,""80"":1,""21"":5,""200"":0,""69"":1,""237"":2,""113"":100,""263"":1,""303"":1,""383"":3,""30"":0,""31"":11,""32"":61,""33"":0,""35"":37,""37"":4,""38"":240,""39"":48,""181"":12,""182"":8,""66"":14276,""24"":11,""206"":26,""67"":4033,""68"":0,""13"":64,""17"":7,""18"":125,""19"":129,""15"":1000,""13201"":453,""36"":1199,""40"":405,""43"":0,""241"":26801,""199"":362,""16"":82811,""12"":444,""449"":0,""636"":110167604,""11"":893510181,""238"":0,""14"":2540732448,""387"":""2b3431353432302e343030302d303038333939332e353530302b3030302e3138302f""}"
2026-07-06T17:09:35Z,862272088833183,Codec8E,2026-07-06 17:09:34.000 UTC,1783357774000,0,41.5419199,-8.3990366,180,105,12,22,0,"{""239"":1,""240"":1,""80"":1,""21"":5,""200"":0,""69"":1,""237"":2,""113"":100,""263"":1,""303"":1,""383"":3,""30"":0,""31"":42,""32"":61,""33"":252,""35"":102,""37"":21,""38"":236,""39"":46,""181"":13,""182"":8,""66"":14280,""24"":22,""206"":26,""67"":4034,""68"":0,""13"":64,""17"":4,""18"":-269,""19"":23,""15"":1000,""13201"":453,""36"":2616,""40"":205,""43"":0,""241"":26801,""199"":391,""16"":82840,""12"":444,""449"":0,""636"":110167603,""11"":893510181,""238"":0,""14"":2540732448,""387"":""2b3431353431392e323030302d303038333939302e333636372b3030302e3138302f""}"
2026-07-06T17:09:37Z,862272088833183,Codec8E,2026-07-06 17:09:36.000 UTC,1783357776000,0,41.5419199,-8.3988300,179,75,12,25,0,"{""239"":1,""240"":1,""80"":1,""21"":5,""200"":0,""69"":1,""237"":2,""113"":100,""263"":1,""303"":1,""383"":3,""30"":0,""31"":24,""32"":61,""33"":249,""35"":43,""37"":28,""38"":230,""39"":46,""181"":17,""182"":9,""66"":14273,""24"":25,""206"":26,""67"":4034,""68"":0,""13"":64,""17"":-6,""18"":-269,""19"":-14,""15"":1000,""13201"":453,""36"":2703,""40"":408,""43"":0,""241"":26801,""199"":409,""16"":82858,""12"":444,""449"":0,""636"":110167603,""11"":893510181,""238"":0,""14"":2540732448,""387"":""2b3431353431392e323030302d303038333938382e333030302b3030302e3137392f""}"
2026-07-06T17:09:38Z,862272088833183,Codec8E,2026-07-06 17:09:37.000 UTC,1783357777000,0,41.5419666,-8.3987433,179,53,11,26,0,"{""239"":1,""240"":1,""80"":1,""21"":5,""200"":0,""69"":1,""237"":2,""113"":100,""263"":1,""303"":1,""383"":3,""30"":0,""31"":24,""32"":61,""33"":249,""35"":43,""37"":28,""38"":230,""39"":46,""181"":20,""182"":9,""66"":14269,""24"":26,""206"":26,""67"":4033,""68"":0,""13"":64,""17"":8,""18"":-286,""19"":91,""15"":1000,""13201"":453,""36"":2703,""40"":408,""43"":0,""241"":26801,""199"":418,""16"":82867,""12"":444,""449"":0,""636"":110400563,""11"":893510181,""238"":0,""14"":2540732448,""387"":""2b3431353431392e363636372d303038333938372e343333332b3030302e3137392f""}"
2026-07-06T17:09:40Z,862272088833183,Codec8E,2026-07-06 17:09:39.000 UTC,1783357779000,0,41.5421250,-8.3986550,180,15,12,27,0,"{""239"":1,""240"":1,""80"":1,""21"":5,""200"":0,""69"":1,""237"":2,""113"":100,""263"":1,""303"":1,""383"":3,""30"":0,""31"":24,""32"":61,""33"":249,""35"":43,""37"":28,""38"":230,""39"":46,""181"":18,""182"":9,""66"":14279,""24"":27,""206"":26,""67"":4033,""68"":0,""13"":64,""17"":37,""18"":-260,""19"":11,""15"":1000,""13201"":454,""36"":2703,""40"":408,""43"":0,""241"":26801,""199"":437,""16"":82886,""12"":444,""449"":0,""636"":110167603,""11"":893510181,""238"":0,""14"":2540732448,""387"":""2b3431353432312e323530302d303038333938362e353530302b3030302e3138302f""}"
2026-07-06T17:09:41Z,862272088833183,Codec8E,2026-07-06 17:09:40.000 UTC,1783357780000,0,41.5422033,-8.3986400,181,353,12,28,0,"{""239"":1,""240"":1,""80"":1,""21"":5,""200"":0,""69"":1,""237"":2,""113"":100,""263"":1,""303"":1,""383"":3,""30"":0,""31"":24,""32"":61,""33"":249,""35"":43,""37"":28,""38"":230,""39"":46,""181"":18,""182"":9,""66"":14302,""24"":28,""206"":26,""67"":4034,""68"":0,""13"":64,""17"":69,""18"":-227,""19"":37,""15"":1000,""13201"":454,""36"":2703,""40"":408,""43"":0,""241"":26801,""199"":446,""16"":82895,""12"":444,""449"":0,""636"":110167603,""11"":893510181,""238"":0,""14"":2540732448,""387"":""2b3431353432322e303333332d303038333938362e343030302b3030302e3138312f""}"
2026-07-06T17:09:42Z,862272088833183,Codec8E,2026-07-06 17:09:41.000 UTC,1783357781000,0,41.5422800,-8.3986799,182,343,12,29,0,"{""239"":1,""240"":1,""80"":1,""21"":5,""200"":0,""69"":1,""237"":2,""113"":100,""263"":1,""303"":1,""383"":3,""30"":0,""31"":13,""32"":61,""33"":247,""35"":58,""37"":31,""38"":234,""39"":45,""181"":13,""182"":8,""66"":14283,""24"":29,""206"":26,""67"":4033,""68"":0,""13"":64,""17"":39,""18"":-154,""19"":-27,""15"":1000,""13201"":454,""36"":2909,""40"":283,""43"":0,""241"":26801,""199"":455,""16"":82904,""12"":444,""449"":0,""636"":110167603,""11"":893510181,""238"":0,""14"":2540732448,""387"":""2b3431353432322e383030302d303038333938362e383030302b3030302e3138322f""}"
2026-07-06T17:09:43Z,862272088833183,Codec8E,2026-07-06 17:09:42.000 UTC,1783357782000,0,41.5423399,-8.3987583,183,325,12,29,0,"{""239"":1,""240"":1,""80"":1,""21"":5,""200"":0,""69"":1,""237"":2,""113"":100,""263"":1,""303"":1,""383"":3,""30"":0,""31"":13,""32"":61,""33"":247,""35"":58,""37"":31,""38"":234,""39"":45,""181"":17,""182"":9,""66"":14262,""24"":29,""206"":26,""67"":4033,""68"":0,""13"":64,""17"":92,""18"":24,""19"":-51,""15"":1000,""13201"":454,""36"":2909,""40"":283,""43"":0,""241"":26801,""199"":465,""16"":82914,""12"":444,""449"":0,""636"":110167603,""11"":893510181,""238"":0,""14"":2540732448,""387"":""2b3431353432332e343030302d303038333938372e353833332b3030302e3138332f""}"
2026-07-06T17:09:44Z,862272088833183,Codec8E,2026-07-06 17:09:43.000 UTC,1783357783000,0,41.5423816,-8.3988500,184,308,12,28,0,"{""239"":1,""240"":1,""80"":1,""21"":5,""200"":0,""69"":1,""237"":2,""113"":100,""263"":1,""303"":1,""383"":3,""30"":0,""31"":13,""32"":61,""33"":247,""35"":58,""37"":31,""38"":234,""39"":45,""181"":13,""182"":8,""66"":14260,""24"":28,""206"":26,""67"":4033,""68"":0,""13"":64,""17"":36,""18"":170,""19"":-71,""15"":1000,""13201"":454,""36"":2909,""40"":283,""43"":0,""241"":26801,""199"":474,""16"":82923,""12"":444,""449"":0,""636"":110167603,""11"":893510181,""238"":0,""14"":2540732448,""387"":""2b3431353432332e383136372d303038333938382e353030302b3030302e3138342f""}"
2026-07-06T17:09:46Z,862272088833183,Codec8E,2026-07-06 17:09:45.000 UTC,1783357785000,0,41.5424633,-8.3989533,186,327,12,26,0,"{""239"":1,""240"":1,""80"":1,""21"":5,""200"":0,""69"":1,""237"":2,""113"":100,""263"":1,""303"":1,""383"":3,""30"":0,""31"":4,""32"":61,""33"":0,""35"":18,""37"":21,""38"":248,""39"":47,""181"":18,""182"":9,""66"":14267,""24"":26,""206"":26,""67"":4033,""68"":0,""13"":64,""17"":-61,""18"":116,""19"":193,""15"":1000,""13201"":455,""36"":2043,""40"":1102,""43"":0,""241"":26801,""199"":486,""16"":82935,""12"":444,""449"":0,""636"":110400563,""11"":893510181,""238"":0,""14"":2540732448,""387"":""2b3431353432342e363333332d303038333938392e353333332b3030302e3138362f""}"
2026-07-06T17:09:47Z,862272088833183,Codec8E,2026-07-06 17:09:46.000 UTC,1783357786000,0,41.5425233,-8.3989933,186,338,12,26,0,"{""239"":1,""240"":1,""80"":1,""21"":5,""200"":0,""69"":1,""237"":2,""113"":100,""263"":1,""303"":1,""383"":3,""30"":0,""31"":4,""32"":61,""33"":0,""35"":18,""37"":21,""38"":248,""39"":47,""181"":18,""182"":9,""66"":14284,""24"":26,""206"":26,""67"":4033,""68"":0,""13"":64,""17"":-26,""18"":62,""19"":253,""15"":1000,""13201"":455,""36"":2043,""40"":1102,""43"":0,""241"":26801,""199"":494,""16"":82943,""12"":444,""449"":0,""636"":110400563,""11"":893510181,""238"":0,""14"":2540732448,""387"":""2b3431353432352e323333332d303038333938392e393333332b3030302e3138362f""}"
2026-07-06T17:09:49Z,862272088833183,Codec8E,2026-07-06 17:09:48.000 UTC,1783357788000,0,41.5426749,-8.3990533,185,348,12,28,0,"{""239"":1,""240"":1,""80"":1,""21"":5,""200"":0,""69"":1,""237"":2,""113"":100,""263"":1,""303"":1,""383"":3,""30"":0,""31"":4,""32"":61,""33"":0,""35"":18,""37"":21,""38"":248,""39"":47,""181"":18,""182"":9,""66"":14277,""24"":28,""206"":26,""67"":4035,""68"":0,""13"":64,""17"":-91,""18"":-2,""19"":114,""15"":1000,""13201"":455,""36"":2043,""40"":1102,""43"":0,""241"":26801,""199"":511,""16"":82960,""12"":444,""449"":0,""636"":110167604,""11"":893510181,""238"":0,""14"":2540732448,""387"":""2b3431353432362e373530302d303038333939302e353333332b3030302e3138352f""}"
2026-07-06T17:09:52Z,862272088833183,Codec8E,2026-07-06 17:09:51.000 UTC,1783357791000,0,41.5430066,-8.3991266,184,349,12,39,0,"{""239"":1,""240"":1,""80"":1,""21"":5,""200"":0,""69"":1,""237"":2,""113"":100,""263"":1,""303"":1,""383"":3,""30"":0,""31"":55,""32"":61,""33"":250,""35"":21,""37"":39,""38"":241,""39"":45,""181"":17,""182"":9,""66"":14269,""24"":39,""206"":26,""67"":4035,""68"":0,""13"":64,""17"":1,""18"":52,""19"":-2,""15"":1000,""13201"":455,""36"":2918,""40"":2488,""43"":0,""241"":26801,""199"":549,""16"":82998,""12"":444,""449"":0,""636"":110400563,""11"":893510181,""238"":0,""14"":2540732448,""387"":""2b3431353433302e303636372d303038333939312e323636372b3030302e3138342f""}"
2026-07-06T17:09:58Z,862272088833183,Codec8E,2026-07-06 17:09:54.000 UTC,1783357794000,0,41.5434650,-8.3992533,187,351,11,50,0,"{""239"":1,""240"":1,""80"":1,""21"":4,""200"":0,""69"":1,""237"":2,""113"":100,""263"":1,""303"":1,""383"":3,""30"":0,""31"":55,""32"":61,""33"":250,""35"":21,""37"":39,""38"":241,""39"":45,""181"":12,""182"":9,""66"":14279,""24"":50,""206"":26,""67"":4034,""68"":0,""13"":64,""17"":-17,""18"":45,""19"":-38,""15"":1000,""13201"":455,""36"":2918,""40"":2488,""43"":0,""241"":26801,""199"":601,""16"":83050,""12"":444,""449"":0,""636"":110167603,""11"":893510181,""238"":0,""14"":2540732448,""387"":""2b3431353433342e363530302d303038333939322e353333332b3030302e3138372f""}"
2026-07-06T17:09:59Z,862272088833183,Codec8E,2026-07-06 17:09:55.000 UTC,1783357795000,0,41.5436150,-8.3992833,188,350,11,53,255,"{""239"":1,""240"":1,""80"":1,""21"":4,""200"":0,""69"":1,""237"":2,""113"":100,""263"":1,""303"":1,""383"":3,""30"":0,""31"":64,""32"":62,""33"":0,""35"":53,""37"":56,""38"":242,""39"":44,""255"":53,""181"":12,""182"":9,""66"":14284,""24"":53,""206"":26,""67"":4033,""68"":0,""13"":64,""17"":-13,""18"":158,""19"":-20,""15"":1000,""13201"":455,""36"":2938,""40"":258,""43"":0,""241"":26801,""199"":618,""16"":83067,""12"":444,""449"":0,""636"":110167603,""11"":893510181,""238"":0,""14"":2540732448,""387"":""2b3431353433362e313530302d303038333939322e383333332b3030302e3138382f""}"
2026-07-06T17:10:01Z,862272088833183,Codec8E,2026-07-06 17:10:00.000 UTC,1783357800000,0,41.5442883,-8.3993183,189,3,10,51,0,"{""239"":1,""240"":1,""80"":1,""21"":4,""200"":0,""69"":1,""237"":2,""113"":100,""263"":1,""303"":1,""383"":3,""30"":0,""31"":8,""32"":62,""33"":0,""35"":17,""37"":56,""38"":230,""39"":45,""181"":14,""182"":9,""66"":14235,""24"":51,""206"":26,""67"":4034,""68"":0,""13"":64,""17"":60,""18"":70,""19"":11,""15"":1000,""13201"":456,""36"":2063,""40"":91,""43"":0,""241"":26801,""199"":693,""16"":83142,""12"":444,""449"":0,""636"":110136874,""11"":893510181,""238"":0,""14"":2540732448,""387"":""2b3431353434322e383833332d303038333939332e313833332b3030302e3138392f""}"
2026-07-06T17:10:03Z,862272088833183,Codec8E,2026-07-06 17:10:02.000 UTC,1783357802000,0,41.5444950,-8.3992899,189,6,12,46,255,"{""239"":1,""240"":1,""80"":1,""21"":4,""200"":0,""69"":1,""237"":2,""113"":100,""263"":1,""303"":1,""383"":3,""30"":0,""31"":8,""32"":62,""33"":0,""35"":17,""37"":56,""38"":230,""39"":45,""255"":46,""181"":12,""182"":9,""66"":14218,""24"":46,""206"":26,""67"":4035,""68"":0,""13"":64,""17"":68,""18"":102,""19"":-41,""15"":1000,""13201"":456,""36"":2063,""40"":91,""43"":0,""241"":26801,""199"":716,""16"":83165,""12"":444,""449"":0,""636"":110136874,""11"":893510181,""238"":0,""14"":2540732448,""387"":""2b3431353434342e393530302d303038333939322e393030302b3030302e3138392f""}"
2026-07-06T17:10:06Z,862272088833183,Codec8E,2026-07-06 17:10:05.000 UTC,1783357805000,0,41.5447183,-8.3992133,189,19,10,35,0,"{""239"":1,""240"":1,""80"":1,""21"":4,""200"":0,""69"":1,""237"":2,""113"":100,""263"":1,""303"":1,""383"":3,""30"":0,""31"":4,""32"":62,""33"":0,""35"":31,""37"":36,""38"":247,""39"":47,""181"":13,""182"":9,""66"":14230,""24"":35,""206"":26,""67"":4034,""68"":0,""13"":64,""17"":-39,""18"":61,""19"":-47,""15"":1000,""13201"":456,""36"":716,""40"":130,""43"":0,""241"":26801,""199"":741,""16"":83190,""12"":444,""449"":0,""636"":110136874,""11"":893510181,""238"":0,""14"":2540732448,""387"":""2b3431353434372e313833332d303038333939322e313333332b3030302e3138392f""}"
2026-07-06T17:10:10Z,862272088833183,Codec8E,2026-07-06 17:10:09.000 UTC,1783357809000,0,41.5449150,-8.3990700,189,18,11,25,0,"{""239"":1,""240"":1,""80"":1,""21"":4,""200"":0,""69"":1,""237"":2,""113"":100,""263"":1,""303"":1,""383"":3,""30"":0,""31"":12,""32"":62,""33"":3,""35"":34,""37"":21,""38"":253,""39"":47,""181"":19,""182"":9,""66"":14267,""24"":25,""206"":26,""67"":4034,""68"":0,""13"":64,""17"":-36,""18"":-94,""19"":158,""15"":1000,""13201"":456,""36"":908,""40"":133,""43"":0,""241"":26801,""199"":766,""16"":83215,""12"":444,""449"":0,""636"":110136874,""11"":893510181,""238"":0,""14"":2540732448,""387"":""2b3431353434392e313530302d303038333939302e373030302b3030302e3138392f""}"
2026-07-06T17:10:11Z,862272088833183,Codec8E,2026-07-06 17:10:10.000 UTC,1783357810000,0,41.5449800,-8.3990883,189,0,11,24,0,"{""239"":1,""240"":1,""80"":1,""21"":4,""200"":0,""69"":1,""237"":2,""113"":100,""263"":1,""303"":1,""383"":3,""30"":0,""31"":12,""32"":62,""33"":3,""35"":34,""37"":21,""38"":253,""39"":47,""181"":20,""182"":9,""66"":14282,""24"":24,""206"":26,""67"":4034,""68"":0,""13"":64,""17"":-112,""18"":39,""19"":153,""15"":1000,""13201"":456,""36"":908,""40"":133,""43"":0,""241"":26801,""199"":774,""16"":83223,""12"":444,""449"":0,""636"":110136874,""11"":893510181,""238"":0,""14"":2540732448,""387"":""2b3431353434392e383030302d303038333939302e383833332b3030302e3138392f""}"
2026-07-06T17:10:13Z,862272088833183,Codec8E,2026-07-06 17:10:12.000 UTC,1783357812000,0,41.5451049,-8.3990816,188,12,12,26,0,"{""239"":1,""240"":1,""80"":1,""21"":4,""200"":0,""69"":1,""237"":2,""113"":100,""263"":1,""303"":1,""383"":3,""30"":0,""31"":12,""32"":62,""33"":3,""35"":34,""37"":21,""38"":253,""39"":47,""181"":18,""182"":9,""66"":14262,""24"":26,""206"":26,""67"":4033,""68"":0,""13"":64,""17"":-33,""18"":172,""19"":205,""15"":1000,""13201"":456,""36"":908,""40"":133,""43"":0,""241"":26801,""199"":788,""16"":83237,""12"":444,""449"":0,""636"":110136874,""11"":893510181,""238"":0,""14"":2540732448,""387"":""2b3431353435312e303530302d303038333939302e383136372b3030302e3138382f""}"
2026-07-06T17:10:15Z,862272088833183,Codec8E,2026-07-06 17:10:14.000 UTC,1783357814000,0,41.5452883,-8.3989883,188,23,12,31,0,"{""239"":1,""240"":1,""80"":1,""21"":4,""200"":0,""69"":1,""237"":2,""113"":100,""263"":1,""303"":1,""383"":3,""30"":0,""31"":8,""32"":62,""33"":2,""35"":99,""37"":26,""38"":240,""39"":46,""181"":12,""182"":8,""66"":14282,""24"":31,""206"":26,""67"":4033,""68"":0,""13"":64,""17"":-1,""18"":88,""19"":91,""15"":1000,""13201"":456,""36"":2342,""40"":2286,""43"":0,""241"":26801,""199"":810,""16"":83259,""12"":444,""449"":0,""636"":110136874,""11"":893510181,""238"":0,""14"":2540732448,""387"":""2b3431353435322e383833332d303038333938392e383833332b3030302e3138382f""}"
2026-07-06T17:10:19Z,862272088833183,Codec8E,2026-07-06 17:10:18.000 UTC,1783357818000,0,41.5456533,-8.3986016,190,34,12,38,0,"{""239"":1,""240"":1,""80"":1,""21"":4,""200"":0,""69"":1,""237"":2,""113"":100,""263"":1,""303"":1,""383"":3,""30"":0,""31"":15,""32"":62,""33"":253,""35"":27,""37"":44,""38"":222,""39"":45,""181"":12,""182"":8,""66"":14297,""24"":38,""206"":26,""67"":4034,""68"":0,""13"":64,""17"":48,""18"":26,""19"":-17,""15"":1000,""13201"":457,""36"":2886,""40"":255,""43"":0,""241"":26801,""199"":862,""16"":83311,""12"":444,""449"":0,""636"":110136874,""11"":893510181,""238"":0,""14"":2540732448,""387"":""2b3431353435362e353333332d303038333938362e303136372b3030302e3139302f""}"
2026-07-06T17:10:30Z,862272088833183,Codec8E,2026-07-06 17:10:29.000 UTC,1783357829000,0,41.5464133,-8.3979016,185,39,12,30,0,"{""239"":1,""240"":1,""80"":1,""21"":5,""200"":0,""69"":1,""237"":2,""113"":100,""263"":1,""303"":1,""383"":3,""30"":0,""31"":8,""32"":62,""33"":0,""35"":25,""37"":32,""38"":241,""39"":46,""181"":17,""182"":9,""66"":14273,""24"":30,""206"":26,""67"":4034,""68"":0,""13"":64,""17"":35,""18"":20,""19"":-81,""15"":1000,""13201"":457,""36"":2141,""40"":150,""43"":0,""241"":26801,""199"":965,""16"":83414,""12"":444,""449"":0,""636"":110136874,""11"":893510181,""238"":0,""14"":2540732448,""387"":""2b3431353436342e313333332d303038333937392e303136372b3030302e3138352f""}"
2026-07-06T17:10:35Z,862272088833183,Codec8E,2026-07-06 17:10:34.000 UTC,1783357834000,0,41.5465983,-8.3976983,185,35,12,19,0,"{""239"":1,""240"":1,""80"":1,""21"":5,""200"":0,""69"":1,""237"":2,""113"":100,""263"":1,""303"":1,""383"":3,""30"":0,""31"":3,""32"":62,""33"":0,""35"":17,""37"":22,""38"":238,""39"":47,""181"":12,""182"":8,""66"":14263,""24"":19,""206"":26,""67"":4035,""68"":0,""13"":64,""17"":-8,""18"":49,""19"":0,""15"":1000,""13201"":457,""36"":1593,""40"":111,""43"":0,""241"":26801,""199"":991,""16"":83440,""12"":444,""449"":0,""636"":110162474,""11"":893510181,""238"":0,""14"":2540732448,""387"":""2b3431353436352e393833332d303038333937362e393833332b3030302e3138352f""}"
2026-07-06T17:10:41Z,862272088833183,Codec8E,2026-07-06 17:10:40.000 UTC,1783357840000,0,41.5467233,-8.3975933,184,40,12,8,0,"{""239"":1,""240"":1,""80"":1,""21"":5,""200"":0,""69"":1,""237"":2,""113"":100,""263"":1,""303"":1,""383"":3,""30"":0,""31"":6,""32"":62,""33"":0,""35"":35,""37"":3,""38"":245,""39"":47,""181"":12,""182"":8,""66"":14266,""24"":8,""206"":26,""67"":4033,""68"":0,""13"":64,""17"":-60,""18"":65,""19"":106,""15"":1000,""13201"":458,""36"":840,""40"":472,""43"":0,""241"":26801,""199"":1005,""16"":83454,""12"":444,""449"":0,""636"":110136874,""11"":893510181,""238"":0,""14"":2540732448,""387"":""2b3431353436372e323333332d303038333937352e393333332b3030302e3138342f""}"
2026-07-06T17:10:47Z,862272088833183,Codec8E,2026-07-06 17:10:46.000 UTC,1783357846000,0,41.5468950,-8.3974000,185,47,12,18,0,"{""239"":1,""240"":1,""80"":1,""21"":5,""200"":0,""69"":1,""237"":2,""113"":100,""263"":1,""303"":1,""383"":3,""30"":0,""31"":38,""32"":62,""33"":255,""35"":86,""37"":19,""38"":236,""39"":45,""181"":18,""182"":9,""66"":14286,""24"":18,""206"":26,""67"":4035,""68"":0,""13"":64,""17"":20,""18"":-113,""19"":-6,""15"":1000,""13201"":458,""36"":2377,""40"":908,""43"":0,""241"":26801,""199"":1033,""16"":83482,""12"":444,""449"":0,""636"":110136874,""11"":893510181,""238"":0,""14"":2540732448,""387"":""2b3431353436382e393530302d303038333937342e303030302b3030302e3138352f""}"
2026-07-06T17:10:49Z,862272088833183,Codec8E,2026-07-06 17:10:48.000 UTC,1783357848000,0,41.5469900,-8.3972800,185,34,12,22,0,"{""239"":1,""240"":1,""80"":1,""21"":5,""200"":0,""69"":1,""237"":2,""113"":100,""263"":1,""303"":1,""383"":3,""30"":0,""31"":38,""32"":62,""33"":255,""35"":86,""37"":19,""38"":236,""39"":45,""181"":18,""182"":9,""66"":14288,""24"":22,""206"":26,""67"":4034,""68"":0,""13"":64,""17"":-31,""18"":-2,""19"":82,""15"":1000,""13201"":458,""36"":2377,""40"":908,""43"":0,""241"":26801,""199"":1047,""16"":83496,""12"":444,""449"":0,""636"":110136874,""11"":893510181,""238"":0,""14"":2540732448,""387"":""2b3431353436392e393030302d303038333937322e383030302b3030302e3138352f""}"
2026-07-06T17:10:50Z,862272088833183,Codec8E,2026-07-06 17:10:49.000 UTC,1783357849000,0,41.5470500,-8.3972383,186,23,12,23,0,"{""239"":1,""240"":1,""80"":1,""21"":5,""200"":0,""69"":1,""237"":2,""113"":100,""263"":1,""303"":1,""383"":3,""30"":0,""31"":11,""32"":62,""33"":0,""35"":45,""37"":25,""38"":237,""39"":45,""181"":18,""182"":9,""66"":14278,""24"":23,""206"":26,""67"":4033,""68"":0,""13"":64,""17"":-24,""18"":130,""19"":134,""15"":1000,""13201"":458,""36"":2573,""40"":913,""43"":0,""241"":26801,""199"":1055,""16"":83504,""12"":444,""449"":0,""636"":110136874,""11"":893510181,""238"":0,""14"":2540732448,""387"":""2b3431353437302e353030302d303038333937322e333833332b3030302e3138362f""}"
2026-07-06T17:10:54Z,862272088833183,Codec8E,2026-07-06 17:10:53.000 UTC,1783357853000,0,41.5473600,-8.3970050,189,34,12,33,0,"{""239"":1,""240"":1,""80"":1,""21"":5,""200"":0,""69"":1,""237"":2,""113"":100,""263"":1,""303"":1,""383"":3,""30"":0,""31"":11,""32"":62,""33"":0,""35"":45,""37"":25,""38"":237,""39"":45,""181"":18,""182"":9,""66"":14289,""24"":33,""206"":26,""67"":4035,""68"":0,""13"":64,""17"":-59,""18"":78,""19"":35,""15"":1000,""13201"":459,""36"":2573,""40"":913,""43"":0,""241"":26801,""199"":1095,""16"":83544,""12"":444,""449"":0,""636"":110136874,""11"":893510181,""238"":0,""14"":2540732448,""387"":""2b3431353437332e363030302d303038333937302e303530302b3030302e3138392f""}"
2026-07-06T17:10:58Z,862272088833183,Codec8E,2026-07-06 17:10:57.000 UTC,1783357857000,0,41.5477316,-8.3966183,190,36,12,44,0,"{""239"":1,""240"":1,""80"":1,""21"":5,""200"":0,""69"":1,""237"":2,""113"":100,""263"":1,""303"":1,""383"":3,""30"":0,""31"":36,""32"":62,""33"":248,""35"":116,""37"":39,""38"":237,""39"":43,""181"":12,""182"":8,""66"":14282,""24"":44,""206"":26,""67"":4033,""68"":0,""13"":64,""17"":7,""18"":73,""19"":-13,""15"":1000,""13201"":460,""36"":3533,""40"":450,""43"":0,""241"":26801,""199"":1147,""16"":83596,""12"":444,""449"":0,""636"":110136874,""11"":893510181,""238"":0,""14"":2540732448,""387"":""2b3431353437372e333136372d303038333936362e313833332b3030302e3139302f""}"
2026-07-06T17:11:02Z,862272088833183,Codec8E,2026-07-06 17:11:01.000 UTC,1783357861000,0,41.5482050,-8.3961816,191,32,13,53,255,"{""239"":1,""240"":1,""80"":1,""21"":5,""200"":0,""69"":1,""237"":2,""113"":100,""263"":1,""303"":1,""383"":3,""30"":0,""31"":61,""32"":63,""33"":253,""35"":132,""37"":54,""38"":222,""39"":43,""255"":53,""181"":11,""182"":8,""66"":14272,""24"":53,""206"":26,""67"":4035,""68"":0,""13"":64,""17"":-1,""18"":-38,""19"":108,""15"":1000,""13201"":460,""36"":3536,""40"":1511,""43"":0,""241"":26801,""199"":1211,""16"":83660,""12"":444,""449"":0,""636"":110136874,""11"":893510181,""238"":0,""14"":2540732448,""387"":""2b3431353438322e303530302d303038333936312e383136372b3030302e3139312f""}"
2026-07-06T17:11:06Z,862272088833183,Codec8E,2026-07-06 17:11:05.000 UTC,1783357865000,0,41.5487700,-8.3958350,197,19,13,59,0,"{""239"":1,""240"":1,""80"":1,""21"":5,""200"":0,""69"":1,""237"":2,""113"":100,""263"":1,""303"":1,""383"":3,""30"":0,""31"":63,""32"":63,""33"":253,""35"":128,""37"":60,""38"":240,""39"":43,""181"":12,""182"":8,""66"":14284,""24"":59,""206"":26,""67"":4035,""68"":0,""13"":64,""17"":-65,""18"":-54,""19"":72,""15"":1000,""13201"":460,""36"":2879,""40"":1502,""43"":0,""241"":26801,""199"":1280,""16"":83729,""12"":444,""449"":0,""636"":110136874,""11"":893510181,""238"":0,""14"":2540732448,""387"":""2b3431353438372e373030302d303038333935382e333530302b3030302e3139372f""}"
2026-07-06T17:11:10Z,862272088833183,Codec8E,2026-07-06 17:11:09.000 UTC,1783357869000,0,41.5494216,-8.3956566,196,8,13,64,0,"{""239"":1,""240"":1,""80"":1,""21"":5,""200"":0,""69"":1,""237"":2,""113"":100,""263"":1,""303"":1,""383"":3,""30"":0,""31"":58,""32"":64,""33"":250,""35"":124,""37"":66,""38"":240,""39"":43,""181"":16,""182"":8,""66"":14282,""24"":64,""206"":26,""67"":4034,""68"":0,""13"":64,""17"":48,""18"":-21,""19"":8,""15"":1000,""13201"":460,""36"":2378,""40"":541,""43"":0,""241"":26801,""199"":1355,""16"":83804,""12"":444,""449"":0,""636"":110136874,""11"":893510181,""238"":0,""14"":2540732448,""387"":""2b3431353439342e323136372d303038333935362e353636372b3030302e3139362f""}"
2026-07-06T17:11:17Z,862272088833183,Codec8E,2026-07-06 17:11:15.000 UTC,1783357875000,0,41.5503600,-8.3955133,189,6,13,61,0,"{""239"":1,""240"":1,""80"":1,""21"":5,""200"":0,""69"":1,""237"":2,""113"":100,""263"":1,""303"":1,""383"":3,""30"":0,""31"":5,""32"":64,""33"":0,""35"":21,""37"":62,""38"":226,""39"":45,""181"":11,""182"":8,""66"":14267,""24"":61,""206"":26,""67"":4034,""68"":0,""13"":64,""17"":58,""18"":10,""19"":-103,""15"":1000,""13201"":460,""36"":2259,""40"":169,""43"":0,""241"":26801,""199"":1460,""16"":83909,""12"":444,""449"":0,""636"":110344234,""11"":893510181,""238"":0,""14"":2540732448,""387"":""2b3431353530332e363030302d303038333935352e313333332b3030302e3138392f""}"
2026-07-06T17:11:20Z,862272088833183,Codec8E,2026-07-06 17:11:19.000 UTC,1783357879000,0,41.5508433,-8.3954500,186,7,13,51,0,"{""239"":1,""240"":1,""80"":1,""21"":5,""200"":0,""69"":1,""237"":2,""113"":100,""263"":1,""303"":1,""383"":3,""30"":0,""31"":4,""32"":64,""33"":0,""35"":16,""37"":52,""38"":231,""39"":46,""181"":16,""182"":8,""66"":14264,""24"":51,""206"":26,""67"":4035,""68"":0,""13"":64,""17"":92,""18"":27,""19"":-82,""15"":1000,""13201"":460,""36"":1934,""40"":94,""43"":0,""241"":26801,""199"":1514,""16"":83963,""12"":444,""449"":0,""636"":110344234,""11"":893510181,""238"":0,""14"":2540732448,""387"":""2b3431353530382e343333332d303038333935342e353030302b3030302e3138362f""}"
2026-07-06T17:11:22Z,862272088833183,Codec8E,2026-07-06 17:11:20.000 UTC,1783357880000,0,41.5509483,-8.3954383,186,5,13,48,255,"{""239"":1,""240"":1,""80"":1,""21"":5,""200"":0,""69"":1,""237"":2,""113"":100,""263"":1,""303"":1,""383"":3,""30"":0,""31"":4,""32"":64,""33"":0,""35"":16,""37"":52,""38"":231,""39"":46,""255"":48,""181"":17,""182"":8,""66"":14220,""24"":48,""206"":26,""67"":4033,""68"":0,""13"":64,""17"":211,""18"":-40,""19"":-75,""15"":1000,""13201"":460,""36"":1934,""40"":94,""43"":0,""241"":26801,""199"":1525,""16"":83974,""12"":444,""449"":0,""636"":110344234,""11"":893510181,""238"":0,""14"":2540732448,""387"":""2b3431353530392e343833332d303038333935342e333833332b3030302e3138362f""}"
2026-07-06T17:11:27Z,862272088833183,Codec8E,2026-07-06 17:11:26.000 UTC,1783357886000,0,41.5514816,-8.3953850,190,5,13,37,0,"{""239"":1,""240"":1,""80"":1,""21"":5,""200"":0,""69"":1,""237"":2,""113"":100,""263"":1,""303"":1,""383"":3,""30"":0,""31"":10,""32"":64,""33"":251,""35"":32,""37"":34,""38"":237,""39"":47,""181"":16,""182"":8,""66"":14251,""24"":37,""206"":26,""67"":4034,""68"":0,""13"":64,""17"":36,""18"":-7,""19"":-54,""15"":1000,""13201"":461,""36"":901,""40"":80,""43"":0,""241"":26801,""199"":1585,""16"":84034,""12"":444,""449"":0,""636"":110159913,""11"":893510181,""238"":0,""14"":2540732448,""387"":""2b3431353531342e383136372d303038333935332e383530302b3030302e3139302f""}"
2026-07-06T17:11:31Z,862272088833183,Codec8E,2026-07-06 17:11:30.000 UTC,1783357890000,0,41.5517833,-8.3953183,191,21,13,31,0,"{""239"":1,""240"":1,""80"":1,""21"":5,""200"":0,""69"":1,""237"":2,""113"":100,""263"":1,""303"":1,""383"":3,""30"":0,""31"":10,""32"":64,""33"":251,""35"":32,""37"":34,""38"":237,""39"":47,""181"":17,""182"":8,""66"":14200,""24"":31,""206"":26,""67"":4035,""68"":0,""13"":64,""17"":28,""18"":254,""19"":-35,""15"":1000,""13201"":462,""36"":901,""40"":80,""43"":0,""241"":26801,""199"":1619,""16"":84068,""12"":444,""449"":0,""636"":110159913,""11"":893510181,""238"":0,""14"":2540732448,""387"":""2b3431353531372e383333332d303038333935332e313833332b3030302e3139312f""}"
2026-07-06T17:11:32Z,862272088833183,Codec8E,2026-07-06 17:11:31.000 UTC,1783357891000,0,41.5517850,-8.3953000,191,42,13,28,0,"{""239"":1,""240"":1,""80"":1,""21"":5,""200"":0,""69"":1,""237"":2,""113"":100,""263"":1,""303"":1,""383"":3,""30"":0,""31"":3,""32"":64,""33"":253,""35"":39,""37"":26,""38"":250,""39"":47,""181"":17,""182"":8,""66"":14231,""24"":28,""206"":26,""67"":4033,""68"":0,""13"":64,""17"":6,""18"":294,""19"":-69,""15"":1000,""13201"":462,""36"":665,""40"":147,""43"":0,""241"":26801,""199"":1619,""16"":84068,""12"":444,""449"":0,""636"":110159913,""11"":893510181,""238"":0,""14"":2540732448,""387"":""2b3431353531372e383530302d303038333935332e303030302b3030302e3139312f""}"
2026-07-06T17:11:33Z,862272088833183,Codec8E,2026-07-06 17:11:32.000 UTC,1783357892000,0,41.5518050,-8.3952650,191,65,12,24,0,"{""239"":1,""240"":1,""80"":1,""21"":5,""200"":0,""69"":1,""237"":2,""113"":100,""263"":1,""303"":1,""383"":3,""30"":0,""31"":3,""32"":64,""33"":253,""35"":39,""37"":26,""38"":250,""39"":47,""181"":19,""182"":8,""66"":14236,""24"":24,""206"":26,""67"":4033,""68"":0,""13"":64,""17"":-99,""18"":76,""19"":105,""15"":1000,""13201"":461,""36"":665,""40"":147,""43"":0,""241"":26801,""199"":1624,""16"":84073,""12"":444,""449"":0,""636"":110159913,""11"":893510181,""238"":0,""14"":2540732448,""387"":""2b3431353531382e303530302d303038333935322e363530302b3030302e3139312f""}"
2026-07-06T17:11:35Z,862272088833183,Codec8E,2026-07-06 17:11:34.000 UTC,1783357894000,0,41.5517900,-8.3951799,194,92,13,20,0,"{""239"":1,""240"":1,""80"":1,""21"":5,""200"":0,""69"":1,""237"":2,""113"":100,""263"":1,""303"":1,""383"":3,""30"":0,""31"":3,""32"":64,""33"":253,""35"":39,""37"":26,""38"":250,""39"":47,""181"":11,""182"":8,""66"":14273,""24"":20,""206"":26,""67"":4034,""68"":0,""13"":64,""17"":-58,""18"":-46,""19"":137,""15"":1000,""13201"":461,""36"":665,""40"":147,""43"":0,""241"":26801,""199"":1632,""16"":84081,""12"":444,""449"":0,""636"":110159913,""11"":893510181,""238"":0,""14"":2540732448,""387"":""2b3431353531372e393030302d303038333935312e383030302b3030302e3139342f""}"
2026-07-06T17:11:43Z,862272088833183,Codec8E,2026-07-06 17:11:42.000 UTC,1783357902000,0,41.5517366,-8.3944100,199,98,12,30,0,"{""239"":1,""240"":1,""80"":1,""21"":5,""200"":0,""69"":1,""237"":2,""113"":100,""263"":1,""303"":1,""383"":3,""30"":0,""31"":43,""32"":63,""33"":0,""35"":98,""37"":31,""38"":238,""39"":44,""181"":12,""182"":8,""66"":14288,""24"":30,""206"":26,""67"":4035,""68"":0,""13"":64,""17"":-3,""18"":-69,""19"":247,""15"":1000,""13201"":462,""36"":2790,""40"":230,""43"":0,""241"":26801,""199"":1696,""16"":84145,""12"":444,""449"":0,""636"":110159913,""11"":893510181,""238"":0,""14"":2540732448,""387"":""2b3431353531372e333636372d303038333934342e313030302b3030302e3139392f""}"
2026-07-06T17:11:51Z,862272088833183,Codec8E,2026-07-06 17:11:50.000 UTC,1783357910000,0,41.5516433,-8.3936800,203,100,13,20,0,"{""239"":1,""240"":1,""80"":1,""21"":5,""200"":0,""69"":1,""237"":2,""113"":100,""263"":1,""303"":1,""383"":3,""30"":0,""31"":3,""32"":64,""33"":0,""35"":17,""37"":21,""38"":240,""39"":44,""181"":11,""182"":8,""66"":14283,""24"":20,""206"":26,""67"":4035,""68"":0,""13"":64,""17"":-126,""18"":56,""19"":212,""15"":1000,""13201"":462,""36"":1608,""40"":122,""43"":0,""241"":26801,""199"":1756,""16"":84205,""12"":444,""449"":0,""636"":110159913,""11"":893510181,""238"":0,""14"":2540732448,""387"":""2b3431353531362e343333332d303038333933362e383030302b3030302e3230332f""}"
2026-07-06T17:11:57Z,862272088833183,Codec8E,2026-07-06 17:11:56.000 UTC,1783357916000,0,41.5516449,-8.3934883,205,45,13,11,0,"{""239"":1,""240"":1,""80"":1,""21"":5,""200"":0,""69"":1,""237"":2,""113"":100,""263"":1,""303"":1,""383"":3,""30"":0,""31"":34,""32"":64,""33"":0,""35"":94,""37"":14,""38"":236,""39"":44,""181"":11,""182"":8,""66"":14273,""24"":11,""206"":26,""67"":4034,""68"":0,""13"":64,""17"":-135,""18"":-239,""19"":124,""15"":1000,""13201"":462,""36"":1827,""40"":266,""43"":0,""241"":26801,""199"":1773,""16"":84222,""12"":444,""449"":0,""636"":110159913,""11"":893510181,""238"":0,""14"":2540732448,""387"":""2b3431353531362e343530302d303038333933342e383833332b3030302e3230352f""}"
2026-07-06T17:11:58Z,862272088833183,Codec8E,2026-07-06 17:11:57.000 UTC,1783357917000,0,41.5516783,-8.3934566,205,25,13,11,0,"{""239"":1,""240"":1,""80"":1,""21"":5,""200"":0,""69"":1,""237"":2,""113"":100,""263"":1,""303"":1,""383"":3,""30"":0,""31"":34,""32"":64,""33"":0,""35"":94,""37"":14,""38"":236,""39"":44,""181"":11,""182"":8,""66"":14247,""24"":11,""206"":26,""67"":4034,""68"":0,""13"":64,""17"":-51,""18"":-13,""19"":239,""15"":1000,""13201"":462,""36"":1827,""40"":266,""43"":0,""241"":26801,""199"":1780,""16"":84229,""12"":444,""449"":0,""636"":110159913,""11"":893510181,""238"":0,""14"":2540732448,""387"":""2b3431353531362e373833332d303038333933342e353636372b3030302e3230352f""}"
2026-07-06T17:12:01Z,862272088833183,Codec8E,2026-07-06 17:11:59.000 UTC,1783357919000,0,41.5517983,-8.3934150,205,12,13,16,0,"{""239"":1,""240"":1,""80"":1,""21"":5,""200"":0,""69"":1,""237"":2,""113"":100,""263"":1,""303"":1,""383"":3,""30"":0,""31"":15,""32"":64,""33"":0,""35"":90,""37"":15,""38"":238,""39"":44,""181"":16,""182"":8,""66"":14245,""24"":16,""206"":26,""67"":4033,""68"":0,""13"":64,""17"":356,""18"":223,""19"":110,""15"":1000,""13201"":462,""36"":2051,""40"":1305,""43"":0,""241"":26801,""199"":1794,""16"":84243,""12"":444,""449"":0,""636"":110159913,""11"":893510181,""238"":0,""14"":2540732448,""387"":""2b3431353531372e393833332d303038333933342e313530302b3030302e3230352f""}"
2026-07-06T17:12:04Z,862272088833183,Codec8E,2026-07-06 17:12:03.000 UTC,1783357923000,0,41.5521483,-8.3932849,207,11,13,28,0,"{""239"":1,""240"":1,""80"":1,""21"":5,""200"":0,""69"":1,""237"":2,""113"":100,""263"":1,""303"":1,""383"":3,""30"":0,""31"":39,""32"":65,""33"":0,""35"":23,""37"":31,""38"":236,""39"":43,""181"":17,""182"":8,""66"":14288,""24"":28,""206"":26,""67"":4037,""68"":0,""13"":64,""17"":276,""18"":266,""19"":-60,""15"":1000,""13201"":462,""36"":3009,""40"":1175,""43"":0,""241"":26801,""199"":1834,""16"":84283,""12"":444,""449"":0,""636"":110159913,""11"":893510181,""238"":0,""14"":2540732448,""387"":""2b3431353532312e343833332d303038333933322e383530302b3030302e3230372f""}"
2026-07-06T17:12:06Z,862272088833183,Codec8E,2026-07-06 17:12:05.000 UTC,1783357925000,0,41.5523233,-8.3932600,206,359,13,32,0,"{""239"":1,""240"":1,""80"":1,""21"":5,""200"":0,""69"":1,""237"":2,""113"":100,""263"":1,""303"":1,""383"":3,""30"":0,""31"":39,""32"":65,""33"":0,""35"":23,""37"":31,""38"":236,""39"":43,""181"":13,""182"":8,""66"":14277,""24"":32,""206"":26,""67"":4033,""68"":0,""13"":64,""17"":36,""18"":101,""19"":0,""15"":1000,""13201"":462,""36"":3009,""40"":1175,""43"":0,""241"":26801,""199"":1854,""16"":84303,""12"":444,""449"":0,""636"":110159913,""11"":893510181,""238"":0,""14"":2540732448,""387"":""2b3431353532332e323333332d303038333933322e363030302b3030302e3230362f""}"
2026-07-06T17:12:08Z,862272088833183,Codec8E,2026-07-06 17:12:07.000 UTC,1783357927000,0,41.5525200,-8.3932616,205,348,13,33,0,"{""239"":1,""240"":1,""80"":1,""21"":5,""200"":0,""69"":1,""237"":2,""113"":100,""263"":1,""303"":1,""383"":3,""30"":0,""31"":17,""32"":65,""33"":252,""35"":26,""37"":34,""38"":222,""39"":44,""181"":13,""182"":8,""66"":14291,""24"":33,""206"":26,""67"":4034,""68"":0,""13"":64,""17"":275,""18"":17,""19"":25,""15"":1000,""13201"":462,""36"":3429,""40"":163,""43"":0,""241"":26801,""199"":1876,""16"":84325,""12"":444,""449"":0,""636"":110159913,""11"":893510181,""238"":0,""14"":2540732448,""387"":""2b3431353532352e323030302d303038333933322e363136372b3030302e3230352f""}"
2026-07-06T17:12:09Z,862272088833183,Codec8E,2026-07-06 17:12:08.000 UTC,1783357928000,0,41.5525866,-8.3932983,205,338,13,33,0,"{""239"":1,""240"":1,""80"":1,""21"":5,""200"":0,""69"":1,""237"":2,""113"":100,""263"":1,""303"":1,""383"":3,""30"":0,""31"":17,""32"":65,""33"":252,""35"":26,""37"":34,""38"":222,""39"":44,""181"":11,""182"":8,""66"":14290,""24"":33,""206"":26,""67"":4034,""68"":0,""13"":64,""17"":163,""18"":-238,""19"":63,""15"":1000,""13201"":462,""36"":3429,""40"":163,""43"":0,""241"":26801,""199"":1884,""16"":84333,""12"":444,""449"":0,""636"":110159913,""11"":893510181,""238"":0,""14"":2540732448,""387"":""2b3431353532352e383636372d303038333933322e393833332b3030302e3230352f""}"
2026-07-06T17:12:11Z,862272088833183,Codec8E,2026-07-06 17:12:10.000 UTC,1783357930000,0,41.5527333,-8.3934366,206,321,13,32,0,"{""239"":1,""240"":1,""80"":1,""21"":5,""200"":0,""69"":1,""237"":2,""113"":100,""263"":1,""303"":1,""383"":3,""30"":0,""31"":17,""32"":65,""33"":252,""35"":26,""37"":34,""38"":222,""39"":44,""181"":16,""182"":8,""66"":14297,""24"":32,""206"":26,""67"":4033,""68"":0,""13"":64,""17"":401,""18"":294,""19"":145,""15"":1000,""13201"":462,""36"":3429,""40"":163,""43"":0,""241"":26801,""199"":1904,""16"":84353,""12"":444,""449"":0,""636"":110159913,""11"":893510181,""238"":0,""14"":2540732448,""387"":""2b3431353532372e333333332d303038333933342e333636372b3030302e3230362f""}"
2026-07-06T17:12:12Z,862272088833183,Codec8E,2026-07-06 17:12:11.000 UTC,1783357931000,0,41.5527766,-8.3935433,206,306,13,33,0,"{""239"":1,""240"":1,""80"":1,""21"":5,""200"":0,""69"":1,""237"":2,""113"":100,""263"":1,""303"":1,""383"":3,""30"":0,""31"":17,""32"":65,""33"":252,""35"":26,""37"":34,""38"":222,""39"":44,""181"":17,""182"":8,""66"":14273,""24"":33,""206"":26,""67"":4034,""68"":0,""13"":64,""17"":149,""18"":-71,""19"":154,""15"":1000,""13201"":462,""36"":3429,""40"":163,""43"":0,""241"":26801,""199"":1914,""16"":84363,""12"":444,""449"":0,""636"":110159913,""11"":893510181,""238"":0,""14"":2540732448,""387"":""2b3431353532372e373636372d303038333933352e343333332b3030302e3230362f""}"
2026-07-06T17:12:16Z,862272088833183,Codec8E,2026-07-06 17:12:15.000 UTC,1783357935000,0,41.5529799,-8.3938633,205,320,13,29,0,"{""239"":1,""240"":1,""80"":1,""21"":5,""200"":0,""69"":1,""237"":2,""113"":100,""263"":1,""303"":1,""383"":3,""30"":0,""31"":7,""32"":65,""33"":3,""35"":28,""37"":32,""38"":228,""39"":45,""181"":17,""182"":8,""66"":14235,""24"":29,""206"":26,""67"":4034,""68"":0,""13"":64,""17"":271,""18"":138,""19"":-25,""15"":1000,""13201"":463,""36"":2237,""40"":191,""43"":0,""241"":26801,""199"":1949,""16"":84398,""12"":444,""449"":0,""636"":110377514,""11"":893510181,""238"":0,""14"":2540732448,""387"":""2b3431353532392e383030302d303038333933382e363333332b3030302e3230352f""}"
2026-07-06T17:12:18Z,862272088833183,Codec8E,2026-07-06 17:12:17.000 UTC,1783357937000,0,41.5530333,-8.3939183,204,344,13,22,0,"{""239"":1,""240"":1,""80"":1,""21"":5,""200"":0,""69"":1,""237"":2,""113"":100,""263"":1,""303"":1,""383"":3,""30"":0,""31"":4,""32"":65,""33"":1,""35"":16,""37"":21,""38"":0,""39"":46,""181"":17,""182"":8,""66"":14217,""24"":22,""206"":26,""67"":4033,""68"":0,""13"":64,""17"":57,""18"":172,""19"":15,""15"":1000,""13201"":463,""36"":1549,""40"":130,""43"":0,""241"":26801,""199"":1956,""16"":84405,""12"":444,""449"":0,""636"":110377514,""11"":893510181,""238"":0,""14"":2540732448,""387"":""2b3431353533302e333333332d303038333933392e313833332b3030302e3230342f""}"
2026-07-06T17:12:19Z,862272088833183,Codec8E,2026-07-06 17:12:18.000 UTC,1783357938000,0,41.5530499,-8.3939133,203,10,13,18,0,"{""239"":1,""240"":1,""80"":1,""21"":5,""200"":0,""69"":1,""237"":2,""113"":100,""263"":1,""303"":1,""383"":3,""30"":0,""31"":4,""32"":65,""33"":1,""35"":16,""37"":21,""38"":0,""39"":46,""181"":12,""182"":8,""66"":14254,""24"":18,""206"":26,""67"":4034,""68"":0,""13"":64,""17"":113,""18"":129,""19"":-12,""15"":1000,""13201"":463,""36"":1549,""40"":130,""43"":0,""241"":26801,""199"":1956,""16"":84405,""12"":444,""449"":0,""636"":110377514,""11"":893510181,""238"":0,""14"":2540732448,""387"":""2b3431353533302e353030302d303038333933392e313333332b3030302e3230332f""}"
2026-07-06T17:12:21Z,862272088833183,Codec8E,2026-07-06 17:12:20.000 UTC,1783357940000,0,41.5530966,-8.3938716,203,32,13,14,0,"{""239"":1,""240"":1,""80"":1,""21"":5,""200"":0,""69"":1,""237"":2,""113"":100,""263"":1,""303"":1,""383"":3,""30"":0,""31"":4,""32"":65,""33"":1,""35"":16,""37"":21,""38"":0,""39"":46,""181"":17,""182"":8,""66"":14228,""24"":14,""206"":26,""67"":4034,""68"":0,""13"":64,""17"":72,""18"":194,""19"":287,""15"":1000,""13201"":463,""36"":1549,""40"":130,""43"":0,""241"":26801,""199"":1965,""16"":84414,""12"":444,""449"":0,""636"":110377514,""11"":893510181,""238"":0,""14"":2540732448,""387"":""2b3431353533302e393636372d303038333933382e373136372b3030302e3230332f""}"
2026-07-06T17:12:22Z,862272088833183,Codec8E,2026-07-06 17:12:21.000 UTC,1783357941000,0,41.5531133,-8.3938283,204,59,13,13,0,"{""239"":1,""240"":1,""80"":1,""21"":5,""200"":0,""69"":1,""237"":2,""113"":100,""263"":1,""303"":1,""383"":3,""30"":0,""31"":12,""32"":65,""33"":5,""35"":51,""37"":7,""38"":243,""39"":46,""181"":12,""182"":8,""66"":14270,""24"":13,""206"":26,""67"":4034,""68"":0,""13"":64,""17"":10,""18"":27,""19"":196,""15"":1000,""13201"":463,""36"":1931,""40"":758,""43"":0,""241"":26801,""199"":1969,""16"":84418,""12"":444,""449"":0,""636"":110377514,""11"":893510181,""238"":0,""14"":2540732448,""387"":""2b3431353533312e313333332d303038333933382e323833332b3030302e3230342f""}"
2026-07-06T17:12:38Z,862272088833183,Codec8E,2026-07-06 17:12:36.000 UTC,1783357956000,0,41.5532900,-8.3933250,206,51,13,3,0,"{""239"":1,""240"":1,""80"":1,""21"":4,""200"":0,""69"":1,""237"":2,""113"":100,""263"":1,""303"":1,""383"":3,""30"":0,""31"":15,""32"":66,""33"":243,""35"":34,""37"":0,""38"":252,""39"":44,""181"":11,""182"":8,""66"":14212,""24"":3,""206"":26,""67"":4035,""68"":0,""13"":64,""17"":-26,""18"":100,""19"":-26,""15"":1000,""13201"":463,""36"":849,""40"":141,""43"":0,""241"":26801,""199"":2015,""16"":84464,""12"":444,""449"":0,""636"":110159923,""11"":893510181,""238"":0,""14"":2540732448,""387"":""2b3431353533322e393030302d303038333933332e323530302b3030302e3230362f""}"
2026-07-06T17:12:43Z,862272088833183,Codec8E,2026-07-06 17:12:41.000 UTC,1783357961000,0,41.5532900,-8.3933250,206,51,13,0,303,"{""239"":1,""240"":1,""80"":1,""21"":4,""200"":0,""69"":1,""237"":2,""113"":100,""263"":1,""303"":0,""383"":3,""30"":0,""31"":12,""32"":67,""33"":251,""35"":36,""37"":0,""38"":0,""39"":45,""181"":11,""182"":8,""66"":14245,""24"":0,""206"":26,""67"":4036,""68"":0,""13"":64,""17"":-28,""18"":102,""19"":-23,""15"":1000,""13201"":463,""36"":894,""40"":150,""43"":0,""241"":26801,""199"":2015,""16"":84464,""12"":444,""449"":0,""636"":110590015,""11"":893510181,""238"":0,""14"":2540732448,""387"":""2b3431353533322e393030302d303038333933332e323530302b3030302e3230362f""}"
2026-07-06T17:12:47Z,862272088833183,Codec8E,2026-07-06 17:12:45.000 UTC,1783357965000,0,41.5532900,-8.3933250,206,51,13,0,303,"{""239"":1,""240"":1,""80"":1,""21"":4,""200"":0,""69"":1,""237"":2,""113"":100,""263"":1,""303"":1,""383"":3,""30"":0,""31"":12,""32"":67,""33"":2,""35"":34,""37"":0,""38"":242,""39"":45,""181"":11,""182"":8,""66"":13910,""24"":0,""206"":26,""67"":4035,""68"":0,""13"":62,""17"":-13,""18"":-15,""19"":69,""15"":1000,""13201"":464,""36"":1317,""40"":94,""43"":0,""241"":26801,""199"":2015,""16"":84464,""12"":445,""449"":0,""636"":110590015,""11"":893510181,""238"":0,""14"":2540732448,""387"":""2b3431353533322e393030302d303038333933332e323530302b3030302e3230362f""}"
2026-07-06T17:13:03Z,862272088833183,Codec8E,2026-07-06 17:13:00.000 UTC,1783357980000,0,41.5533300,-8.3933950,201,260,12,0,239,"{""239"":0,""240"":1,""80"":1,""21"":4,""200"":0,""69"":1,""237"":2,""113"":100,""263"":1,""303"":1,""383"":3,""30"":0,""31"":12,""32"":68,""33"":4,""35"":35,""37"":0,""38"":0,""39"":45,""181"":12,""182"":8,""66"":13121,""24"":0,""206"":26,""67"":4034,""68"":0,""13"":63,""17"":-38,""18"":22,""19"":-25,""15"":1000,""13201"":462,""36"":871,""40"":150,""43"":0,""241"":26801,""199"":2015,""16"":84464,""12"":447,""449"":0,""636"":110162484,""11"":893510181,""238"":0,""14"":2540732448,""387"":""2b3431353533332e333030302d303038333933332e393530302b3030302e3230312f""}"
2026-07-06T17:13:03Z,862272088833183,Codec8E,2026-07-06 17:13:02.000 UTC,1783357982000,0,41.5533300,-8.3933950,201,260,12,0,303,"{""239"":0,""240"":1,""80"":1,""21"":4,""200"":0,""69"":1,""237"":2,""113"":100,""263"":1,""303"":0,""383"":3,""30"":0,""31"":12,""32"":68,""33"":4,""35"":35,""37"":0,""38"":0,""39"":45,""181"":12,""182"":8,""66"":13050,""24"":0,""206"":26,""67"":4033,""68"":0,""13"":63,""17"":-26,""18"":21,""19"":-22,""15"":1000,""13201"":462,""36"":871,""40"":150,""43"":0,""241"":26801,""199"":2015,""16"":84464,""12"":447,""449"":0,""636"":110162484,""11"":893510181,""238"":0,""14"":2540732448,""387"":""2b3431353533332e333030302d303038333933332e393530302b3030302e3230312f""}"
2026-07-06T17:13:17Z,862272088833183,Codec8E,2026-07-06 17:13:15.000 UTC,1783357995000,0,41.5533283,-8.3933933,200,109,13,0,303,"{""239"":0,""240"":1,""80"":1,""21"":4,""200"":0,""69"":1,""237"":2,""113"":100,""263"":1,""303"":1,""383"":3,""30"":0,""31"":29,""32"":69,""33"":7,""35"":71,""37"":0,""38"":1,""39"":45,""181"":11,""182"":8,""66"":12896,""24"":0,""206"":26,""67"":4034,""68"":0,""13"":63,""17"":-26,""18"":11,""19"":-22,""15"":1000,""13201"":463,""36"":0,""40"":119,""43"":0,""241"":26801,""199"":2015,""16"":84464,""12"":447,""449"":0,""636"":110162484,""11"":893510181,""238"":0,""14"":2540732448,""387"":""2b3431353533332e323833332d303038333933332e393333332b3030302e3230302f""}"
2026-07-06T17:13:21Z,862272088833183,Codec8E,2026-07-06 17:13:20.000 UTC,1783358000000,0,41.5533283,-8.3933933,200,109,14,1,303,"{""239"":0,""240"":1,""80"":1,""21"":4,""200"":0,""69"":1,""237"":2,""113"":100,""263"":1,""303"":0,""383"":3,""181"":10,""182"":7,""66"":12901,""24"":1,""206"":26,""67"":4034,""68"":0,""13"":63,""17"":-27,""18"":12,""19"":-23,""15"":1000,""13201"":464,""241"":26801,""199"":2015,""16"":84464,""12"":447,""449"":0,""636"":110162484,""11"":893510181,""238"":0,""14"":2540732448,""387"":""2b3431353533332e323833332d303038333933332e393333332b3030302e3230302f""}"
2026-07-06T17:14:21Z,862272088833183,Codec8E,2026-07-06 17:14:19.000 UTC,1783358059000,0,41.5533283,-8.3933933,200,109,12,0,240,"{""239"":0,""240"":0,""80"":0,""21"":5,""200"":0,""69"":1,""237"":2,""113"":100,""263"":1,""303"":0,""383"":3,""181"":14,""182"":8,""66"":12895,""24"":0,""206"":26,""67"":4033,""68"":0,""13"":63,""17"":-36,""18"":23,""19"":-11,""15"":1000,""13201"":461,""241"":26801,""199"":0,""16"":84464,""12"":447,""449"":0,""636"":110162484,""11"":893510181,""238"":0,""14"":2540732448,""387"":""2b3431353533332e323833332d303038333933332e393333332b3030302e3230302f""}"
2026-07-06T18:14:22Z,862272088833183,Codec8E,2026-07-06 18:14:19.000 UTC,1783361659000,0,41.5533283,-8.3933933,246,109,15,0,0,"{""239"":0,""240"":0,""80"":0,""21"":4,""200"":0,""69"":1,""237"":2,""113"":100,""263"":1,""303"":0,""383"":3,""181"":11,""182"":7,""66"":12723,""24"":0,""206"":26,""67"":4033,""68"":0,""13"":63,""17"":-20,""18"":18,""19"":-31,""15"":1000,""13201"":395,""241"":26801,""199"":0,""16"":84464,""12"":447,""449"":0,""636"":110162484,""11"":893510181,""238"":0,""14"":2540732448,""387"":""2b3431353533332e323833332d303038333933332e393333332b3030302e3234362f""}"
2026-07-06T19:14:28Z,862272088833183,Codec8E,2026-07-06 19:14:19.000 UTC,1783365259000,0,41.5533283,-8.3933933,216,109,14,0,0,"{""239"":0,""240"":0,""80"":0,""21"":4,""200"":0,""69"":1,""237"":2,""113"":100,""263"":1,""303"":0,""383"":3,""181"":10,""182"":7,""66"":12695,""24"":0,""206"":26,""67"":4033,""68"":0,""13"":63,""17"":-12,""18"":21,""19"":-32,""15"":1000,""13201"":362,""241"":26801,""199"":0,""16"":84464,""12"":447,""449"":0,""636"":110162484,""11"":893510181,""238"":0,""14"":2540732448,""387"":""2b3431353533332e323833332d303038333933332e393333332b3030302e3231362f""}"
2026-07-06T20:14:38Z,862272088833183,Codec8E,2026-07-06 20:14:19.000 UTC,1783368859000,0,41.5533283,-8.3933933,0,0,0,0,0,"{""239"":0,""240"":0,""80"":0,""21"":4,""200"":3,""69"":3,""237"":2,""113"":100,""263"":1,""303"":0,""383"":3,""66"":12714,""206"":26,""67"":4033,""68"":0,""17"":-22,""18"":26,""19"":-22,""13201"":312,""241"":26801,""16"":84464,""12"":447,""449"":0,""636"":110162484,""11"":893510181,""238"":0,""14"":2540732448,""387"":""2b3431353533332e323833332d303038333933332e393333332b3030302e3030302f""}"
2026-07-06T20:48:39Z,862272088833183,Codec8E,2026-07-06 20:47:30.000 UTC,1783370850000,0,41.5533283,-8.3933933,0,0,0,0,303,"{""239"":0,""240"":0,""80"":0,""21"":4,""200"":0,""69"":2,""237"":2,""113"":100,""263"":1,""303"":1,""383"":3,""181"":3,""182"":2,""66"":12680,""24"":0,""206"":26,""67"":4033,""68"":0,""13"":63,""17"":-24,""18"":12,""19"":-34,""15"":1000,""13201"":298,""241"":26801,""199"":0,""16"":84464,""12"":447,""449"":0,""636"":110162484,""11"":893510181,""238"":0,""14"":2540732448,""387"":""2b3431353533332e323833332d303038333933332e393333332b3030302e3030302f""}"
2026-07-06T20:48:39Z,862272088833183,Codec8E,2026-07-06 20:47:31.000 UTC,1783370851000,0,41.5533283,-8.3933933,0,0,0,0,240,"{""239"":0,""240"":1,""80"":1,""21"":4,""200"":0,""69"":2,""237"":2,""113"":100,""263"":1,""303"":1,""383"":3,""181"":0,""182"":0,""66"":12640,""24"":0,""206"":26,""67"":4032,""68"":0,""13"":63,""17"":-14,""18"":28,""19"":-32,""15"":1000,""13201"":298,""241"":26801,""199"":0,""16"":84464,""12"":447,""449"":0,""636"":110162484,""11"":893510181,""238"":0,""14"":2540732448,""387"":""2b3431353533332e323833332d303038333933332e393333332b3030302e3030302f""}"
2026-07-06T20:48:39Z,862272088833183,Codec8E,2026-07-06 20:47:33.000 UTC,1783370853000,0,41.5533283,-8.3933933,0,0,0,0,303,"{""239"":0,""240"":1,""80"":1,""21"":4,""200"":0,""69"":2,""237"":2,""113"":100,""263"":1,""303"":0,""383"":3,""181"":0,""182"":0,""66"":12636,""24"":0,""206"":26,""67"":4030,""68"":0,""13"":63,""17"":-17,""18"":25,""19"":-35,""15"":1000,""13201"":298,""241"":26801,""199"":0,""16"":84464,""12"":447,""449"":0,""636"":110162484,""11"":893510181,""238"":0,""14"":2540732448,""387"":""2b3431353533332e323833332d303038333933332e393333332b3030302e3030302f""}"
2026-07-06T20:48:39Z,862272088833183,Codec8E,2026-07-06 20:48:00.000 UTC,1783370880000,0,41.5534833,-8.3926616,299,266,5,0,303,"{""239"":0,""240"":1,""80"":1,""21"":4,""200"":0,""69"":1,""237"":2,""113"":100,""263"":1,""303"":1,""383"":3,""181"":25,""182"":23,""66"":12632,""24"":0,""206"":26,""67"":4033,""68"":0,""13"":63,""17"":-18,""18"":37,""19"":-38,""15"":1000,""13201"":302,""241"":26801,""199"":0,""16"":84464,""12"":447,""449"":0,""636"":110162484,""11"":893510181,""238"":0,""14"":2540732448,""387"":""2b3431353533342e383333332d303038333932362e363136372b3030302e3239392f""}"
2026-07-06T20:48:39Z,862272088833183,Codec8E,2026-07-06 20:48:06.000 UTC,1783370886000,0,41.5534783,-8.3926616,299,266,5,0,303,"{""239"":0,""240"":1,""80"":1,""21"":4,""200"":0,""69"":1,""237"":2,""113"":100,""263"":1,""303"":0,""383"":3,""181"":25,""182"":23,""66"":11285,""24"":0,""206"":26,""67"":4033,""68"":0,""13"":63,""17"":-24,""18"":38,""19"":-4,""15"":1000,""13201"":302,""241"":26801,""199"":0,""16"":84464,""12"":447,""449"":0,""636"":110162484,""11"":893510181,""238"":0,""14"":2540732448,""387"":""2b3431353533342e373833332d303038333932362e363136372b3030302e3239392f""}"
2026-07-06T20:48:54Z,862272088833183,Codec8E,2026-07-06 20:48:53.000 UTC,1783370933000,0,41.5533750,-8.3932733,219,278,12,0,239,"{""239"":1,""240"":1,""80"":1,""21"":5,""200"":0,""69"":1,""237"":2,""113"":100,""263"":1,""303"":0,""383"":3,""30"":0,""31"":9,""32"":34,""33"":0,""35"":25,""37"":1,""38"":0,""39"":32,""181"":12,""182"":9,""66"":14179,""24"":0,""206"":26,""67"":4033,""68"":0,""13"":63,""17"":-19,""18"":18,""19"":-28,""15"":1000,""13201"":307,""36"":1242,""40"":169,""43"":0,""241"":26801,""199"":0,""16"":84464,""12"":448,""449"":0,""636"":110162484,""11"":893510181,""238"":0,""14"":2540732448,""387"":""2b3431353533332e373530302d303038333933322e373333332b3030302e3231392f""}"
2026-07-06T20:48:59Z,862272088833183,Codec8E,2026-07-06 20:48:58.000 UTC,1783370938000,0,41.5533750,-8.3932733,219,278,12,0,303,"{""239"":1,""240"":1,""80"":1,""21"":5,""200"":0,""69"":1,""237"":2,""113"":100,""263"":1,""303"":1,""383"":3,""30"":0,""31"":16,""32"":34,""33"":0,""35"":39,""37"":0,""38"":255,""39"":32,""181"":11,""182"":8,""66"":14244,""24"":0,""206"":26,""67"":4033,""68"":0,""13"":63,""17"":-4,""18"":34,""19"":-25,""15"":1000,""13201"":307,""36"":1056,""40"":183,""43"":0,""241"":26801,""199"":0,""16"":84464,""12"":449,""449"":0,""636"":110162484,""11"":893510181,""238"":0,""14"":2540732448,""387"":""2b3431353533332e373530302d303038333933322e373333332b3030302e3231392f""}"
2026-07-06T20:49:14Z,862272088833183,Codec8E,2026-07-06 20:49:13.000 UTC,1783370953000,0,41.5533750,-8.3932733,219,278,12,0,303,"{""239"":1,""240"":1,""80"":1,""21"":5,""200"":0,""69"":1,""237"":2,""113"":100,""263"":1,""303"":0,""383"":3,""30"":0,""31"":15,""32"":36,""33"":0,""35"":31,""37"":0,""38"":245,""39"":32,""181"":12,""182"":9,""66"":14282,""24"":0,""206"":26,""67"":4033,""68"":0,""13"":64,""17"":-15,""18"":6,""19"":-26,""15"":1000,""13201"":308,""36"":987,""40"":144,""43"":0,""241"":26801,""199"":0,""16"":84464,""12"":453,""449"":0,""636"":110162484,""11"":893510181,""238"":0,""14"":2540732448,""387"":""2b3431353533332e373530302d303038333933322e373333332b3030302e3231392f""}"
2026-07-06T20:49:19Z,862272088833183,Codec8E,2026-07-06 20:49:17.000 UTC,1783370957000,0,41.5533750,-8.3932733,219,278,13,0,303,"{""239"":1,""240"":1,""80"":1,""21"":5,""200"":0,""69"":1,""237"":2,""113"":100,""263"":1,""303"":1,""383"":3,""30"":0,""31"":11,""32"":36,""33"":0,""35"":33,""37"":0,""38"":252,""39"":32,""181"":10,""182"":8,""66"":14265,""24"":0,""206"":26,""67"":4033,""68"":0,""13"":64,""17"":-57,""18"":3,""19"":61,""15"":1000,""13201"":309,""36"":1042,""40"":161,""43"":0,""241"":26801,""199"":0,""16"":84464,""12"":454,""449"":0,""636"":110162484,""11"":893510181,""238"":0,""14"":2540732448,""387"":""2b3431353533332e373530302d303038333933322e373333332b3030302e3231392f""}"
2026-07-06T20:49:30Z,862272088833183,Codec8E,2026-07-06 20:49:28.000 UTC,1783370968000,0,41.5533383,-8.3932449,217,178,13,0,303,"{""239"":1,""240"":1,""80"":1,""21"":5,""200"":0,""69"":1,""237"":2,""113"":100,""263"":1,""303"":0,""383"":3,""30"":0,""31"":12,""32"":37,""33"":0,""35"":34,""37"":0,""38"":249,""39"":32,""181"":10,""182"":8,""66"":14174,""24"":0,""206"":26,""67"":4033,""68"":0,""13"":64,""17"":-16,""18"":44,""19"":-16,""15"":1000,""13201"":311,""36"":1010,""40"":166,""43"":0,""241"":26801,""199"":0,""16"":84464,""12"":456,""449"":0,""636"":110377524,""11"":893510181,""238"":0,""14"":2540732448,""387"":""2b3431353533332e333833332d303038333933322e343530302b3030302e3231372f""}"
2026-07-06T20:49:43Z,862272088833183,Codec8E,2026-07-06 20:49:42.000 UTC,1783370982000,0,41.5533383,-8.3932449,217,178,13,0,303,"{""239"":1,""240"":1,""80"":1,""21"":5,""200"":0,""69"":1,""237"":2,""113"":100,""263"":1,""303"":1,""383"":3,""30"":0,""31"":14,""32"":38,""33"":0,""35"":39,""37"":0,""38"":0,""39"":32,""181"":11,""182"":8,""66"":14224,""24"":0,""206"":26,""67"":4033,""68"":0,""13"":65,""17"":-43,""18"":53,""19"":106,""15"":1000,""13201"":312,""36"":1060,""40"":200,""43"":0,""241"":26801,""199"":0,""16"":84464,""12"":460,""449"":0,""636"":110162484,""11"":893510181,""238"":0,""14"":2540732448,""387"":""2b3431353533332e333833332d303038333933322e343530302b3030302e3231372f""}"
2026-07-06T20:49:52Z,862272088833183,Codec8E,2026-07-06 20:49:51.000 UTC,1783370991000,0,41.5532666,-8.3933033,212,124,13,0,303,"{""239"":1,""240"":1,""80"":1,""21"":5,""200"":0,""69"":1,""237"":2,""113"":100,""263"":1,""303"":0,""383"":3,""30"":0,""31"":12,""32"":39,""33"":0,""35"":35,""37"":0,""38"":251,""39"":32,""181"":12,""182"":8,""66"":14219,""24"":0,""206"":26,""67"":4033,""68"":0,""13"":65,""17"":-60,""18"":53,""19"":92,""15"":1000,""13201"":313,""36"":1005,""40"":169,""43"":0,""241"":26801,""199"":0,""16"":84464,""12"":461,""449"":0,""636"":110162484,""11"":893510181,""238"":0,""14"":2540732448,""387"":""2b3431353533322e363636372d303038333933332e303333332b3030302e3231322f""}"
2026-07-06T20:49:54Z,862272088833183,Codec8E,2026-07-06 20:49:53.000 UTC,1783370993000,0,41.5532666,-8.3933033,212,124,13,0,303,"{""239"":1,""240"":1,""80"":1,""21"":5,""200"":0,""69"":1,""237"":2,""113"":100,""263"":1,""303"":1,""383"":3,""30"":0,""31"":12,""32"":39,""33"":0,""35"":35,""37"":0,""38"":251,""39"":32,""181"":11,""182"":8,""66"":14207,""24"":0,""206"":26,""67"":4033,""68"":0,""13"":65,""17"":-19,""18"":-1,""19"":21,""15"":1000,""13201"":314,""36"":1005,""40"":169,""43"":0,""241"":26801,""199"":0,""16"":84464,""12"":462,""449"":0,""636"":110162484,""11"":893510181,""238"":0,""14"":2540732448,""387"":""2b3431353533322e363636372d303038333933332e303333332b3030302e3231322f""}"
2026-07-06T20:50:11Z,862272088833183,Codec8E,2026-07-06 20:50:10.000 UTC,1783371010000,0,41.5531766,-8.3933500,212,177,13,0,239,"{""239"":0,""240"":1,""80"":1,""21"":5,""200"":0,""69"":1,""237"":2,""113"":100,""263"":1,""303"":1,""383"":3,""30"":0,""31"":12,""32"":40,""33"":0,""35"":35,""37"":0,""38"":249,""39"":31,""181"":11,""182"":8,""66"":13109,""24"":0,""206"":26,""67"":4033,""68"":0,""13"":65,""17"":-18,""18"":-10,""19"":-35,""15"":1000,""13201"":314,""36"":1024,""40"":125,""43"":0,""241"":26801,""199"":0,""16"":84464,""12"":464,""449"":0,""636"":110162484,""11"":893510181,""238"":0,""14"":2540732448,""387"":""2b3431353533312e373636372d303038333933332e353030302b3030302e3231322f""}"
2026-07-06T20:50:13Z,862272088833183,Codec8E,2026-07-06 20:50:11.000 UTC,1783371011000,0,41.5531766,-8.3933500,212,177,13,0,303,"{""239"":0,""240"":1,""80"":1,""21"":5,""200"":0,""69"":1,""237"":2,""113"":100,""263"":1,""303"":0,""383"":3,""30"":0,""31"":12,""32"":40,""33"":0,""35"":35,""37"":0,""38"":249,""39"":31,""181"":11,""182"":8,""66"":13049,""24"":0,""206"":26,""67"":4033,""68"":0,""13"":65,""17"":-18,""18"":0,""19"":-54,""15"":1000,""13201"":314,""36"":1024,""40"":125,""43"":0,""241"":26801,""199"":0,""16"":84464,""12"":464,""449"":0,""636"":110162484,""11"":893510181,""238"":0,""14"":2540732448,""387"":""2b3431353533312e373636372d303038333933332e353030302b3030302e3231322f""}"
2026-07-06T20:50:20Z,862272088833183,Codec8E,2026-07-06 20:50:19.000 UTC,1783371019000,0,41.5531416,-8.3933516,211,193,13,1,239,"{""239"":1,""240"":1,""80"":1,""21"":5,""200"":0,""69"":1,""237"":2,""113"":100,""263"":1,""303"":0,""383"":3,""30"":0,""31"":26,""32"":41,""33"":0,""35"":64,""37"":0,""38"":249,""39"":31,""181"":11,""182"":8,""66"":14138,""24"":1,""206"":26,""67"":4033,""68"":0,""13"":65,""17"":-19,""18"":-18,""19"":-19,""15"":1000,""13201"":315,""36"":0,""40"":125,""43"":0,""241"":26801,""199"":0,""16"":84464,""12"":464,""449"":0,""636"":110162484,""11"":893510181,""238"":0,""14"":2540732448,""387"":""2b3431353533312e343136372d303038333933332e353136372b3030302e3231312f""}"
2026-07-06T20:50:26Z,862272088833183,Codec8E,2026-07-06 20:50:25.000 UTC,1783371025000,0,41.5531366,-8.3933566,210,202,13,1,303,"{""239"":1,""240"":1,""80"":1,""21"":5,""200"":0,""69"":1,""237"":2,""113"":100,""263"":1,""303"":1,""383"":3,""181"":11,""182"":8,""66"":14182,""24"":1,""206"":26,""67"":4033,""68"":0,""13"":65,""17"":-14,""18"":190,""19"":126,""15"":1000,""13201"":316,""241"":26801,""199"":0,""16"":84464,""12"":466,""449"":0,""636"":110162484,""11"":893510181,""238"":0,""14"":2540732448,""387"":""2b3431353533312e333636372d303038333933332e353636372b3030302e3231302f""}"
2026-07-06T20:50:30Z,862272088833183,Codec8E,2026-07-06 20:50:29.000 UTC,1783371029000,0,41.5531150,-8.3934433,209,239,13,7,0,"{""239"":1,""240"":1,""80"":1,""21"":5,""200"":0,""69"":1,""237"":2,""113"":100,""263"":1,""303"":1,""383"":3,""181"":11,""182"":8,""66"":14176,""24"":7,""206"":26,""67"":4033,""68"":0,""13"":65,""17"":65,""18"":-165,""19"":136,""15"":1000,""13201"":317,""241"":26801,""199"":0,""16"":84486,""12"":466,""449"":0,""636"":110162484,""11"":893510181,""238"":0,""14"":2540732448,""387"":""2b3431353533312e313530302d303038333933342e343333332b3030302e3230392f""}"
2026-07-06T20:50:35Z,862272088833183,Codec8E,2026-07-06 20:50:34.000 UTC,1783371034000,0,41.5530300,-8.3937016,208,249,11,14,0,"{""239"":1,""240"":1,""80"":1,""21"":5,""200"":0,""69"":1,""237"":2,""113"":100,""263"":1,""303"":1,""383"":3,""181"":12,""182"":9,""66"":14174,""24"":14,""206"":26,""67"":4033,""68"":0,""13"":65,""17"":460,""18"":159,""19"":-98,""15"":1000,""13201"":317,""241"":26801,""199"":24,""16"":84510,""12"":466,""449"":0,""636"":110159923,""11"":893510181,""238"":0,""14"":2540732448,""387"":""2b3431353533302e333030302d303038333933372e303136372b3030302e3230382f""}"
2026-07-06T20:50:36Z,862272088833183,Codec8E,2026-07-06 20:50:35.000 UTC,1783371035000,0,41.5530300,-8.3937433,208,268,11,14,0,"{""239"":1,""240"":1,""80"":1,""21"":5,""200"":0,""69"":1,""237"":2,""113"":100,""263"":1,""303"":1,""383"":3,""181"":17,""182"":9,""66"":14176,""24"":14,""206"":26,""67"":4033,""68"":0,""13"":65,""17"":542,""18"":250,""19"":4,""15"":1000,""13201"":317,""241"":26801,""199"":27,""16"":84513,""12"":466,""449"":0,""636"":110590005,""11"":893510181,""238"":0,""14"":2540732448,""387"":""2b3431353533302e333030302d303038333933372e343333332b3030302e3230382f""}"
2026-07-06T20:50:37Z,862272088833183,Codec8E,2026-07-06 20:50:36.000 UTC,1783371036000,0,41.5530399,-8.3937800,207,291,11,13,0,"{""239"":1,""240"":1,""80"":1,""21"":5,""200"":0,""69"":1,""237"":2,""113"":100,""263"":1,""303"":1,""383"":3,""181"":13,""182"":9,""66"":14176,""24"":13,""206"":26,""67"":4031,""68"":0,""13"":65,""17"":203,""18"":33,""19"":-193,""15"":1000,""13201"":317,""241"":26801,""199"":30,""16"":84516,""12"":466,""449"":0,""636"":110590005,""11"":893510181,""238"":0,""14"":2540732448,""387"":""2b3431353533302e343030302d303038333933372e383030302b3030302e3230372f""}"
2026-07-06T20:50:39Z,862272088833183,Codec8E,2026-07-06 20:50:38.000 UTC,1783371038000,0,41.5530600,-8.3938366,207,303,11,11,0,"{""239"":1,""240"":1,""80"":1,""21"":5,""200"":0,""69"":1,""237"":2,""113"":100,""263"":1,""303"":1,""383"":3,""181"":12,""182"":9,""66"":14195,""24"":11,""206"":26,""67"":4032,""68"":0,""13"":65,""17"":193,""18"":177,""19"":-1,""15"":1000,""13201"":317,""241"":26801,""199"":36,""16"":84522,""12"":466,""449"":0,""636"":110377524,""11"":893510181,""238"":0,""14"":2540732448,""387"":""2b3431353533302e363030302d303038333933382e333636372b3030302e3230372f""}"
2026-07-06T20:50:40Z,862272088833183,Codec8E,2026-07-06 20:50:39.000 UTC,1783371039000,0,41.5530833,-8.3938533,206,325,12,11,0,"{""239"":1,""240"":1,""80"":1,""21"":5,""200"":0,""69"":1,""237"":2,""113"":100,""263"":1,""303"":1,""383"":3,""181"":12,""182"":8,""66"":14195,""24"":11,""206"":26,""67"":4033,""68"":0,""13"":65,""17"":174,""18"":85,""19"":-43,""15"":1000,""13201"":317,""241"":26801,""199"":39,""16"":84525,""12"":466,""449"":0,""636"":110377524,""11"":893510181,""238"":0,""14"":2540732448,""387"":""2b3431353533302e383333332d303038333933382e353333332b3030302e3230362f""}"
2026-07-06T20:50:41Z,862272088833183,Codec8E,2026-07-06 20:50:40.000 UTC,1783371040000,0,41.5531233,-8.3938866,206,335,12,12,0,"{""239"":1,""240"":1,""80"":1,""21"":5,""200"":0,""69"":1,""237"":2,""113"":100,""263"":1,""303"":1,""383"":3,""181"":12,""182"":8,""66"":14208,""24"":12,""206"":26,""67"":4033,""68"":0,""13"":65,""17"":133,""18"":-14,""19"":-36,""15"":1000,""13201"":317,""241"":26801,""199"":44,""16"":84530,""12"":466,""449"":0,""636"":110377524,""11"":893510181,""238"":0,""14"":2540732448,""387"":""2b3431353533312e323333332d303038333933382e383636372b3030302e3230362f""}"
2026-07-06T20:50:43Z,862272088833183,Codec8E,2026-07-06 20:50:42.000 UTC,1783371042000,0,41.5531933,-8.3939200,205,347,12,12,0,"{""239"":1,""240"":1,""80"":1,""21"":5,""200"":0,""69"":1,""237"":2,""113"":100,""263"":1,""303"":1,""383"":3,""181"":12,""182"":8,""66"":14202,""24"":12,""206"":26,""67"":4033,""68"":0,""13"":65,""17"":219,""18"":0,""19"":-205,""15"":1000,""13201"":317,""241"":26801,""199"":52,""16"":84538,""12"":466,""449"":0,""636"":110377524,""11"":893510181,""238"":0,""14"":2540732448,""387"":""2b3431353533312e393333332d303038333933392e323030302b3030302e3230352f""}"
2026-07-06T20:50:50Z,862272088833183,Codec8E,2026-07-06 20:50:49.000 UTC,1783371049000,0,41.5532533,-8.3939133,204,350,10,2,0,"{""239"":1,""240"":1,""80"":1,""21"":4,""200"":0,""69"":1,""237"":2,""113"":100,""263"":1,""303"":1,""383"":3,""181"":13,""182"":10,""66"":14231,""24"":2,""206"":26,""67"":4033,""68"":0,""13"":65,""17"":13,""18"":6,""19"":54,""15"":1000,""13201"":318,""241"":26801,""199"":58,""16"":84544,""12"":466,""449"":0,""636"":110377524,""11"":893510181,""238"":0,""14"":2540732448,""387"":""2b3431353533322e353333332d303038333933392e313333332b3030302e3230342f""}"
2026-07-06T20:50:55Z,862272088833183,Codec8E,2026-07-06 20:50:54.000 UTC,1783371054000,0,41.5532716,-8.3940683,201,247,11,6,0,"{""239"":1,""240"":1,""80"":1,""21"":4,""200"":0,""69"":1,""237"":2,""113"":100,""263"":1,""303"":1,""383"":3,""30"":0,""31"":5,""32"":43,""33"":0,""35"":32,""37"":8,""38"":244,""39"":32,""181"":15,""182"":10,""66"":14208,""24"":6,""206"":26,""67"":4033,""68"":0,""13"":65,""17"":99,""18"":-191,""19"":-10,""15"":1000,""13201"":319,""36"":887,""40"":155,""43"":0,""241"":26801,""199"":71,""16"":84557,""12"":466,""449"":0,""636"":110377524,""11"":893510181,""238"":0,""14"":2540732448,""387"":""2b3431353533322e373136372d303038333934302e363833332b3030302e3230312f""}"
2026-07-06T20:50:56Z,862272088833183,Codec8E,2026-07-06 20:50:55.000 UTC,1783371055000,0,41.5532500,-8.3941150,201,235,12,7,0,"{""239"":1,""240"":1,""80"":1,""21"":4,""200"":0,""69"":1,""237"":2,""113"":100,""263"":1,""303"":1,""383"":3,""30"":0,""31"":5,""32"":43,""33"":0,""35"":32,""37"":8,""38"":244,""39"":32,""181"":14,""182"":9,""66"":14196,""24"":7,""206"":26,""67"":4033,""68"":0,""13"":65,""17"":142,""18"":-58,""19"":80,""15"":1000,""13201"":319,""36"":887,""40"":155,""43"":0,""241"":26801,""199"":76,""16"":84562,""12"":466,""449"":0,""636"":110377524,""11"":893510181,""238"":0,""14"":2540732448,""387"":""2b3431353533322e353030302d303038333934312e313530302b3030302e3230312f""}"
2026-07-06T20:50:57Z,862272088833183,Codec8E,2026-07-06 20:50:56.000 UTC,1783371056000,0,41.5532266,-8.3941466,200,219,11,9,0,"{""239"":1,""240"":1,""80"":1,""21"":4,""200"":0,""69"":1,""237"":2,""113"":100,""263"":1,""303"":1,""383"":3,""30"":0,""31"":5,""32"":43,""33"":0,""35"":32,""37"":8,""38"":244,""39"":32,""181"":13,""182"":9,""66"":14221,""24"":9,""206"":26,""67"":4033,""68"":0,""13"":65,""17"":134,""18"":59,""19"":225,""15"":1000,""13201"":319,""36"":887,""40"":155,""43"":0,""241"":26801,""199"":79,""16"":84565,""12"":466,""449"":0,""636"":110377524,""11"":893510181,""238"":0,""14"":2540732448,""387"":""2b3431353533322e323636372d303038333934312e343636372b3030302e3230302f""}"
2026-07-06T20:50:58Z,862272088833183,Codec8E,2026-07-06 20:50:57.000 UTC,1783371057000,0,41.5531899,-8.3941733,200,207,11,11,0,"{""239"":1,""240"":1,""80"":1,""21"":4,""200"":0,""69"":1,""237"":2,""113"":100,""263"":1,""303"":1,""383"":3,""30"":0,""31"":5,""32"":43,""33"":0,""35"":32,""37"":8,""38"":244,""39"":32,""181"":13,""182"":10,""66"":14223,""24"":11,""206"":26,""67"":4033,""68"":0,""13"":65,""17"":19,""18"":-114,""19"":52,""15"":1000,""13201"":319,""36"":887,""40"":155,""43"":0,""241"":26801,""199"":84,""16"":84570,""12"":466,""449"":0,""636"":110377524,""11"":893510181,""238"":0,""14"":2540732448,""387"":""2b3431353533312e393030302d303038333934312e373333332b3030302e3230302f""}"
2026-07-06T20:51:02Z,862272088833183,Codec8E,2026-07-06 20:51:01.000 UTC,1783371061000,0,41.5529700,-8.3943150,197,209,13,21,0,"{""239"":1,""240"":1,""80"":1,""21"":4,""200"":0,""69"":1,""237"":2,""113"":100,""263"":1,""303"":1,""383"":3,""30"":0,""31"":12,""32"":43,""33"":0,""35"":74,""37"":20,""38"":229,""39"":32,""181"":12,""182"":9,""66"":14255,""24"":21,""206"":26,""67"":4033,""68"":0,""13"":65,""17"":464,""18"":325,""19"":-6,""15"":1000,""13201"":319,""36"":2514,""40"":627,""43"":0,""241"":26801,""199"":111,""16"":84597,""12"":466,""449"":0,""636"":110377524,""11"":893510181,""238"":0,""14"":2540732448,""387"":""2b3431353532392e373030302d303038333934332e313530302b3030302e3139372f""}"
2026-07-06T20:51:04Z,862272088833183,Codec8E,2026-07-06 20:51:03.000 UTC,1783371063000,0,41.5528666,-8.3944666,195,230,13,24,0,"{""239"":1,""240"":1,""80"":1,""21"":4,""200"":0,""69"":1,""237"":2,""113"":100,""263"":1,""303"":1,""383"":3,""30"":0,""31"":7,""32"":43,""33"":0,""35"":23,""37"":27,""38"":242,""39"":32,""181"":11,""182"":8,""66"":14238,""24"":24,""206"":26,""67"":4033,""68"":0,""13"":65,""17"":263,""18"":97,""19"":231,""15"":1000,""13201"":320,""36"":2524,""40"":136,""43"":0,""241"":26801,""199"":128,""16"":84614,""12"":466,""449"":0,""636"":110377524,""11"":893510181,""238"":0,""14"":2540732448,""387"":""2b3431353532382e363636372d303038333934342e363636372b3030302e3139352f""}"
2026-07-06T20:51:05Z,862272088833183,Codec8E,2026-07-06 20:51:04.000 UTC,1783371064000,0,41.5528350,-8.3945766,194,245,12,26,0,"{""239"":1,""240"":1,""80"":1,""21"":4,""200"":0,""69"":1,""237"":2,""113"":100,""263"":1,""303"":1,""383"":3,""30"":0,""31"":7,""32"":43,""33"":0,""35"":23,""37"":27,""38"":242,""39"":32,""181"":12,""182"":8,""66"":14238,""24"":26,""206"":26,""67"":4033,""68"":0,""13"":65,""17"":291,""18"":343,""19"":168,""15"":1000,""13201"":320,""36"":2524,""40"":136,""43"":0,""241"":26801,""199"":138,""16"":84624,""12"":466,""449"":0,""636"":110377524,""11"":893510181,""238"":0,""14"":2540732448,""387"":""2b3431353532382e333530302d303038333934352e373636372b3030302e3139342f""}"
2026-07-06T20:51:07Z,862272088833183,Codec8E,2026-07-06 20:51:06.000 UTC,1783371066000,0,41.5527933,-8.3947933,192,263,12,28,0,"{""239"":1,""240"":1,""80"":1,""21"":4,""200"":0,""69"":1,""237"":2,""113"":100,""263"":1,""303"":1,""383"":3,""30"":0,""31"":7,""32"":43,""33"":0,""35"":23,""37"":27,""38"":242,""39"":32,""181"":17,""182"":10,""66"":14245,""24"":28,""206"":26,""67"":4032,""68"":0,""13"":65,""17"":101,""18"":165,""19"":43,""15"":1000,""13201"":320,""36"":2524,""40"":136,""43"":0,""241"":26801,""199"":157,""16"":84643,""12"":466,""449"":0,""636"":110377524,""11"":893510181,""238"":0,""14"":2540732448,""387"":""2b3431353532372e393333332d303038333934372e393333332b3030302e3139322f""}"
2026-07-06T20:51:08Z,862272088833183,Codec8E,2026-07-06 20:51:07.000 UTC,1783371067000,0,41.5528400,-8.3949316,191,276,12,28,0,"{""239"":1,""240"":1,""80"":1,""21"":4,""200"":0,""69"":1,""237"":2,""113"":100,""263"":1,""303"":1,""383"":3,""30"":0,""31"":7,""32"":43,""33"":0,""35"":23,""37"":27,""38"":242,""39"":32,""181"":20,""182"":11,""66"":14208,""24"":28,""206"":26,""67"":4033,""68"":0,""13"":65,""17"":81,""18"":56,""19"":-159,""15"":1000,""13201"":320,""36"":2524,""40"":136,""43"":0,""241"":26801,""199"":170,""16"":84656,""12"":466,""449"":0,""636"":110377524,""11"":893510181,""238"":0,""14"":2540732448,""387"":""2b3431353532382e343030302d303038333934392e333136372b3030302e3139312f""}"
2026-07-06T20:51:12Z,862272088833183,Codec8E,2026-07-06 20:51:10.000 UTC,1783371070000,0,41.5528750,-8.3951883,188,288,13,25,0,"{""239"":1,""240"":1,""80"":1,""21"":4,""200"":0,""69"":1,""237"":2,""113"":100,""263"":1,""303"":1,""383"":3,""30"":0,""31"":11,""32"":43,""33"":0,""35"":26,""37"":30,""38"":229,""39"":32,""181"":11,""182"":8,""66"":14190,""24"":25,""206"":26,""67"":4033,""68"":0,""13"":65,""17"":24,""18"":350,""19"":-33,""15"":1000,""13201"":321,""36"":1984,""40"":116,""43"":0,""241"":26801,""199"":191,""16"":84677,""12"":466,""449"":0,""636"":110377524,""11"":893510181,""238"":0,""14"":2540732448,""387"":""2b3431353532382e373530302d303038333935312e383833332b3030302e3138382f""}"
2026-07-06T20:51:12Z,862272088833183,Codec8E,2026-07-06 20:51:11.000 UTC,1783371071000,0,41.5528933,-8.3952433,188,306,13,23,0,"{""239"":1,""240"":1,""80"":1,""21"":4,""200"":0,""69"":1,""237"":2,""113"":100,""263"":1,""303"":1,""383"":3,""30"":0,""31"":11,""32"":43,""33"":0,""35"":26,""37"":30,""38"":229,""39"":32,""181"":11,""182"":8,""66"":14223,""24"":23,""206"":26,""67"":4033,""68"":0,""13"":65,""17"":63,""18"":358,""19"":-118,""15"":1000,""13201"":321,""36"":1984,""40"":116,""43"":0,""241"":26801,""199"":196,""16"":84682,""12"":466,""449"":0,""636"":110377524,""11"":893510181,""238"":0,""14"":2540732448,""387"":""2b3431353532382e393333332d303038333935322e343333332b3030302e3138382f""}"
2026-07-06T20:51:13Z,862272088833183,Codec8E,2026-07-06 20:51:12.000 UTC,1783371072000,0,41.5529233,-8.3952650,189,318,13,21,0,"{""239"":1,""240"":1,""80"":1,""21"":4,""200"":0,""69"":1,""237"":2,""113"":100,""263"":1,""303"":1,""383"":3,""30"":0,""31"":11,""32"":43,""33"":0,""35"":26,""37"":30,""38"":229,""39"":32,""181"":11,""182"":8,""66"":14235,""24"":21,""206"":26,""67"":4033,""68"":0,""13"":65,""17"":-54,""18"":184,""19"":113,""15"":1000,""13201"":321,""36"":1984,""40"":116,""43"":0,""241"":26801,""199"":200,""16"":84686,""12"":466,""449"":0,""636"":110377524,""11"":893510181,""238"":0,""14"":2540732448,""387"":""2b3431353532392e323333332d303038333935322e363530302b3030302e3138392f""}"
2026-07-06T20:51:14Z,862272088833183,Codec8E,2026-07-06 20:51:13.000 UTC,1783371073000,0,41.5529649,-8.3952866,188,333,13,20,0,"{""239"":1,""240"":1,""80"":1,""21"":4,""200"":0,""69"":1,""237"":2,""113"":100,""263"":1,""303"":1,""383"":3,""30"":0,""31"":5,""32"":43,""33"":0,""35"":49,""37"":19,""38"":237,""39"":32,""181"":11,""182"":8,""66"":14229,""24"":20,""206"":26,""67"":4033,""68"":0,""13"":65,""17"":-45,""18"":-29,""19"":185,""15"":1000,""13201"":321,""36"":1091,""40"":341,""43"":0,""241"":26801,""199"":205,""16"":84691,""12"":466,""449"":0,""636"":110377524,""11"":893510181,""238"":0,""14"":2540732448,""387"":""2b3431353532392e363530302d303038333935322e383636372b3030302e3138382f""}"
2026-07-06T20:51:15Z,862272088833183,Codec8E,2026-07-06 20:51:14.000 UTC,1783371074000,0,41.5530166,-8.3952816,188,352,13,19,0,"{""239"":1,""240"":1,""80"":1,""21"":4,""200"":0,""69"":1,""237"":2,""113"":100,""263"":1,""303"":1,""383"":3,""30"":0,""31"":5,""32"":43,""33"":0,""35"":49,""37"":19,""38"":237,""39"":32,""181"":14,""182"":9,""66"":14225,""24"":19,""206"":26,""67"":4033,""68"":0,""13"":65,""17"":-185,""18"":-119,""19"":219,""15"":1000,""13201"":321,""36"":1091,""40"":341,""43"":0,""241"":26801,""199"":211,""16"":84697,""12"":466,""449"":0,""636"":110377524,""11"":893510181,""238"":0,""14"":2540732448,""387"":""2b3431353533302e313636372d303038333935322e383136372b3030302e3138382f""}"
2026-07-06T20:51:18Z,862272088833183,Codec8E,2026-07-06 20:51:17.000 UTC,1783371077000,0,41.5532516,-8.3952216,187,2,13,26,0,"{""239"":1,""240"":1,""80"":1,""21"":4,""200"":0,""69"":1,""237"":2,""113"":100,""263"":1,""303"":1,""383"":3,""30"":0,""31"":46,""32"":43,""33"":0,""35"":118,""37"":34,""38"":228,""39"":31,""181"":11,""182"":8,""66"":14234,""24"":26,""206"":26,""67"":4033,""68"":0,""13"":65,""17"":-117,""18"":132,""19"":134,""15"":1000,""13201"":322,""36"":3237,""40"":1650,""43"":0,""241"":26801,""199"":238,""16"":84724,""12"":466,""449"":0,""636"":110377524,""11"":893510181,""238"":0,""14"":2540732448,""387"":""2b3431353533322e353136372d303038333935322e323136372b3030302e3138372f""}"
2026-07-06T20:51:21Z,862272088833183,Codec8E,2026-07-06 20:51:20.000 UTC,1783371080000,0,41.5536066,-8.3951900,185,3,12,38,0,"{""239"":1,""240"":1,""80"":1,""21"":5,""200"":0,""69"":1,""237"":2,""113"":100,""263"":1,""303"":1,""383"":3,""30"":0,""31"":46,""32"":43,""33"":0,""35"":118,""37"":34,""38"":228,""39"":31,""181"":12,""182"":8,""66"":14228,""24"":38,""206"":26,""67"":4033,""68"":0,""13"":65,""17"":-52,""18"":70,""19"":20,""15"":1000,""13201"":322,""36"":3237,""40"":1650,""43"":0,""241"":26801,""199"":277,""16"":84763,""12"":466,""449"":0,""636"":110377524,""11"":893510181,""238"":0,""14"":2540732448,""387"":""2b3431353533362e303636372d303038333935312e393030302b3030302e3138352f""}"
2026-07-06T20:51:25Z,862272088833183,Codec8E,2026-07-06 20:51:23.000 UTC,1783371083000,0,41.5540366,-8.3951400,183,5,13,49,0,"{""239"":1,""240"":1,""80"":1,""21"":5,""200"":0,""69"":1,""237"":2,""113"":100,""263"":1,""303"":1,""383"":3,""30"":0,""31"":67,""32"":43,""33"":0,""35"":65,""37"":55,""38"":238,""39"":31,""181"":11,""182"":8,""66"":14254,""24"":49,""206"":26,""67"":4033,""68"":0,""13"":65,""17"":77,""18"":57,""19"":-24,""15"":1000,""13201"":322,""36"":3152,""40"":1733,""43"":0,""241"":26801,""199"":325,""16"":84811,""12"":466,""449"":0,""636"":110377524,""11"":893510181,""238"":0,""14"":2540732448,""387"":""2b3431353534302e333636372d303038333935312e343030302b3030302e3138332f""}"
2026-07-06T20:51:25Z,862272088833183,Codec8E,2026-07-06 20:51:24.000 UTC,1783371084000,0,41.5541866,-8.3951216,182,4,13,52,255,"{""239"":1,""240"":1,""80"":1,""21"":5,""200"":0,""69"":1,""237"":2,""113"":100,""263"":1,""303"":1,""383"":3,""30"":0,""31"":67,""32"":43,""33"":0,""35"":65,""37"":55,""38"":238,""39"":31,""255"":52,""181"":11,""182"":8,""66"":14256,""24"":52,""206"":26,""67"":4033,""68"":0,""13"":65,""17"":170,""18"":36,""19"":12,""15"":1000,""13201"":322,""36"":3152,""40"":1733,""43"":0,""241"":26801,""199"":342,""16"":84828,""12"":466,""449"":0,""636"":110377524,""11"":893510181,""238"":0,""14"":2540732448,""387"":""2b3431353534312e383636372d303038333935312e323136372b3030302e3138322f""}"
2026-07-06T20:51:31Z,862272088833183,Codec8E,2026-07-06 20:51:30.000 UTC,1783371090000,0,41.5552133,-8.3949516,178,4,13,61,0,"{""239"":1,""240"":1,""80"":1,""21"":5,""200"":0,""69"":1,""237"":2,""113"":100,""263"":1,""303"":1,""383"":3,""30"":0,""31"":6,""32"":43,""33"":0,""35"":23,""37"":58,""38"":234,""39"":31,""181"":11,""182"":8,""66"":14247,""24"":61,""206"":26,""67"":4033,""68"":0,""13"":65,""17"":-31,""18"":80,""19"":-79,""15"":1000,""13201"":323,""36"":2984,""40"":405,""43"":0,""241"":26801,""199"":457,""16"":84943,""12"":466,""449"":0,""636"":110590005,""11"":893510181,""238"":0,""14"":2540732448,""387"":""2b3431353535322e313333332d303038333934392e353136372b3030302e3137382f""}"
2026-07-06T20:51:37Z,862272088833183,Codec8E,2026-07-06 20:51:36.000 UTC,1783371096000,0,41.5561950,-8.3948116,168,2,10,63,0,"{""239"":1,""240"":1,""80"":1,""21"":5,""200"":0,""69"":1,""237"":2,""113"":100,""263"":1,""303"":1,""383"":3,""30"":0,""31"":4,""32"":44,""33"":0,""35"":18,""37"":55,""38"":229,""39"":32,""181"":12,""182"":9,""66"":14243,""24"":63,""206"":26,""67"":4033,""68"":0,""13"":65,""17"":15,""18"":-324,""19"":-9,""15"":1000,""13201"":323,""36"":2074,""40"":119,""43"":0,""241"":26801,""199"":567,""16"":85053,""12"":466,""449"":0,""636"":110162484,""11"":893510181,""238"":0,""14"":2540732448,""387"":""2b3431353536312e393530302d303038333934382e313136372b3030302e3136382f""}"
2026-07-06T20:51:40Z,862272088833183,Codec8E,2026-07-06 20:51:39.000 UTC,1783371099000,0,41.5565766,-8.3949283,163,350,10,60,0,"{""239"":1,""240"":1,""80"":1,""21"":5,""200"":0,""69"":1,""237"":2,""113"":100,""263"":1,""303"":1,""383"":3,""30"":0,""31"":4,""32"":44,""33"":0,""35"":18,""37"":55,""38"":229,""39"":32,""181"":13,""182"":10,""66"":14228,""24"":60,""206"":26,""67"":4033,""68"":0,""13"":65,""17"":75,""18"":-232,""19"":12,""15"":1000,""13201"":323,""36"":2074,""40"":119,""43"":0,""241"":26801,""199"":611,""16"":85097,""12"":466,""449"":0,""636"":110162484,""11"":893510181,""238"":0,""14"":2540732448,""387"":""2b3431353536352e373636372d303038333934392e323833332b3030302e3136332f""}"
2026-07-06T20:51:41Z,862272088833183,Codec8E,2026-07-06 20:51:40.000 UTC,1783371100000,0,41.5566250,-8.3950533,161,338,10,56,0,"{""239"":1,""240"":1,""80"":1,""21"":5,""200"":0,""69"":1,""237"":2,""113"":100,""263"":1,""303"":1,""383"":3,""30"":0,""31"":5,""32"":44,""33"":0,""35"":55,""37"":46,""38"":247,""39"":32,""181"":13,""182"":10,""66"":14236,""24"":56,""206"":26,""67"":4033,""68"":0,""13"":65,""17"":80,""18"":-154,""19"":-90,""15"":1000,""13201"":324,""36"":1726,""40"":366,""43"":0,""241"":26801,""199"":623,""16"":85109,""12"":466,""449"":0,""636"":110162484,""11"":893510181,""238"":0,""14"":2540732448,""387"":""2b3431353536362e323530302d303038333935302e353333332b3030302e3136312f""}"
2026-07-06T20:51:41Z,862272088833183,Codec8E,2026-07-06 20:51:41.000 UTC,1783371101000,0,41.5565266,-8.3954083,159,303,11,52,0,"{""239"":1,""240"":1,""80"":1,""21"":5,""200"":0,""69"":1,""237"":2,""113"":100,""263"":1,""303"":1,""383"":3,""30"":0,""31"":5,""32"":44,""33"":0,""35"":55,""37"":46,""38"":247,""39"":32,""181"":12,""182"":9,""66"":14214,""24"":52,""206"":26,""67"":4033,""68"":0,""13"":65,""17"":172,""18"":15,""19"":-325,""15"":1000,""13201"":324,""36"":1726,""40"":366,""43"":0,""241"":26801,""199"":654,""16"":85140,""12"":466,""449"":0,""636"":110162484,""11"":893510181,""238"":0,""14"":2540732448,""387"":""2b3431353536352e323636372d303038333935342e303833332b3030302e3135392f""}"
2026-07-06T20:51:42Z,862272088833183,Codec8E,2026-07-06 20:51:41.010 UTC,1783371101010,0,41.5565266,-8.3954083,159,303,11,52,253,"{""239"":1,""240"":1,""80"":1,""21"":5,""200"":0,""69"":1,""237"":2,""113"":100,""263"":1,""303"":1,""383"":3,""30"":0,""31"":5,""32"":44,""33"":0,""35"":55,""37"":46,""38"":247,""39"":32,""253"":3,""254"":53,""181"":12,""182"":9,""66"":14192,""24"":52,""206"":26,""67"":4033,""68"":0,""13"":65,""17"":-13,""18"":-29,""19"":-275,""15"":1000,""13201"":324,""36"":1726,""40"":366,""43"":0,""241"":26801,""199"":654,""16"":85140,""12"":466,""449"":0,""636"":110162484,""11"":893510181,""238"":0,""14"":2540732448,""387"":""2b3431353536352e323636372d303038333935342e303833332b3030302e3135392f""}"
2026-07-06T20:51:43Z,862272088833183,Codec8E,2026-07-06 20:51:42.000 UTC,1783371102000,0,41.5564500,-8.3956466,158,289,11,47,0,"{""239"":1,""240"":1,""80"":1,""21"":5,""200"":0,""69"":1,""237"":2,""113"":100,""263"":1,""303"":1,""383"":3,""30"":0,""31"":5,""32"":44,""33"":0,""35"":55,""37"":46,""38"":247,""39"":32,""181"":12,""182"":9,""66"":14179,""24"":47,""206"":26,""67"":4033,""68"":0,""13"":65,""17"":219,""18"":-13,""19"":-299,""15"":1000,""13201"":324,""36"":1726,""40"":366,""43"":0,""241"":26801,""199"":676,""16"":85162,""12"":466,""449"":0,""636"":110162484,""11"":893510181,""238"":0,""14"":2540732448,""387"":""2b3431353536342e353030302d303038333935362e343636372b3030302e3135382f""}"
2026-07-06T20:51:43Z,862272088833183,Codec8E,2026-07-06 20:51:42.010 UTC,1783371102010,0,41.5564500,-8.3956466,158,289,11,47,255,"{""239"":1,""240"":1,""80"":1,""21"":5,""200"":0,""69"":1,""237"":2,""113"":100,""263"":1,""303"":1,""383"":3,""30"":0,""31"":5,""32"":44,""33"":0,""35"":55,""37"":46,""38"":247,""39"":32,""255"":47,""181"":12,""182"":9,""66"":14170,""24"":47,""206"":26,""67"":4033,""68"":0,""13"":65,""17"":-105,""18"":-31,""19"":-75,""15"":1000,""13201"":325,""36"":1726,""40"":366,""43"":0,""241"":26801,""199"":676,""16"":85162,""12"":466,""449"":0,""636"":110162484,""11"":893510181,""238"":0,""14"":2540732448,""387"":""2b3431353536342e353030302d303038333935362e343636372b3030302e3135382f""}"
2026-07-06T20:51:43Z,862272088833183,Codec8E,2026-07-06 20:51:43.000 UTC,1783371103000,0,41.5563899,-8.3958199,156,277,11,43,0,"{""239"":1,""240"":1,""80"":1,""21"":5,""200"":0,""69"":1,""237"":2,""113"":100,""263"":1,""303"":1,""383"":3,""30"":0,""31"":5,""32"":44,""33"":0,""35"":55,""37"":46,""38"":247,""39"":32,""181"":12,""182"":9,""66"":14165,""24"":43,""206"":26,""67"":4033,""68"":0,""13"":65,""17"":-39,""18"":-6,""19"":-62,""15"":1000,""13201"":325,""36"":1726,""40"":366,""43"":0,""241"":26801,""199"":692,""16"":85178,""12"":466,""449"":0,""636"":110162484,""11"":893510181,""238"":0,""14"":2540732448,""387"":""2b3431353536332e393030302d303038333935382e323030302b3030302e3135362f""}"
2026-07-06T20:51:46Z,862272088833183,Codec8E,2026-07-06 20:51:45.000 UTC,1783371105000,0,41.5563133,-8.3960183,153,266,11,33,0,"{""239"":1,""240"":1,""80"":1,""21"":5,""200"":0,""69"":1,""237"":2,""113"":100,""263"":1,""303"":1,""383"":3,""30"":0,""31"":4,""32"":44,""33"":249,""35"":34,""37"":22,""38"":243,""39"":32,""181"":12,""182"":9,""66"":14240,""24"":33,""206"":26,""67"":4033,""68"":0,""13"":65,""17"":-58,""18"":85,""19"":171,""15"":1000,""13201"":325,""36"":786,""40"":397,""43"":0,""241"":26801,""199"":710,""16"":85196,""12"":466,""449"":0,""636"":110162484,""11"":893510181,""238"":0,""14"":2540732448,""387"":""2b3431353536332e313333332d303038333936302e313833332b3030302e3135332f""}"
2026-07-06T20:51:51Z,862272088833183,Codec8E,2026-07-06 20:51:50.000 UTC,1783371110000,0,41.5562700,-8.3965799,150,277,12,32,0,"{""239"":1,""240"":1,""80"":1,""21"":5,""200"":0,""69"":1,""237"":2,""113"":100,""263"":1,""303"":1,""383"":3,""30"":0,""31"":40,""32"":44,""33"":0,""35"":116,""37"":32,""38"":241,""39"":32,""181"":12,""182"":8,""66"":14235,""24"":32,""206"":26,""67"":4033,""68"":0,""13"":65,""17"":24,""18"":42,""19"":36,""15"":1000,""13201"":325,""36"":2864,""40"":466,""43"":0,""241"":26801,""199"":758,""16"":85244,""12"":466,""449"":0,""636"":110377524,""11"":893510181,""238"":0,""14"":2540732448,""387"":""2b3431353536322e373030302d303038333936352e383030302b3030302e3135302f""}"
2026-07-06T20:51:57Z,862272088833183,Codec8E,2026-07-06 20:51:55.000 UTC,1783371115000,0,41.5563466,-8.3972933,159,291,13,35,0,"{""239"":1,""240"":1,""80"":1,""21"":5,""200"":0,""69"":1,""237"":2,""113"":100,""263"":1,""303"":1,""383"":3,""30"":0,""31"":62,""32"":44,""33"":246,""35"":17,""37"":43,""38"":224,""39"":32,""181"":16,""182"":9,""66"":14191,""24"":35,""206"":26,""67"":4033,""68"":0,""13"":65,""17"":-12,""18"":69,""19"":-40,""15"":1000,""13201"":325,""36"":2945,""40"":133,""43"":0,""241"":26801,""199"":818,""16"":85304,""12"":466,""449"":0,""636"":110377524,""11"":893510181,""238"":0,""14"":2540732448,""387"":""2b3431353536332e343636372d303038333937322e393333332b3030302e3135392f""}"
2026-07-06T20:51:58Z,862272088833183,Codec8E,2026-07-06 20:51:57.000 UTC,1783371117000,0,41.5563800,-8.3973000,162,308,13,27,0,"{""239"":1,""240"":1,""80"":1,""21"":5,""200"":0,""69"":1,""237"":2,""113"":100,""263"":1,""303"":1,""383"":3,""30"":0,""31"":62,""32"":44,""33"":246,""35"":17,""37"":43,""38"":224,""39"":32,""181"":16,""182"":9,""66"":14238,""24"":27,""206"":26,""67"":4033,""68"":0,""13"":65,""17"":-33,""18"":148,""19"":264,""15"":1000,""13201"":325,""36"":2945,""40"":133,""43"":0,""241"":26801,""199"":826,""16"":85312,""12"":466,""449"":0,""636"":110377524,""11"":893510181,""238"":0,""14"":2540732448,""387"":""2b3431353536332e383030302d303038333937332e303030302b3030302e3136322f""}"
2026-07-06T20:51:59Z,862272088833183,Codec8E,2026-07-06 20:51:58.000 UTC,1783371118000,0,41.5564083,-8.3973100,162,325,13,24,0,"{""239"":1,""240"":1,""80"":1,""21"":5,""200"":0,""69"":1,""237"":2,""113"":100,""263"":1,""303"":1,""383"":3,""30"":0,""31"":6,""32"":44,""33"":255,""35"":31,""37"":9,""38"":242,""39"":32,""181"":16,""182"":9,""66"":14229,""24"":24,""206"":26,""67"":4033,""68"":0,""13"":65,""17"":-111,""18"":56,""19"":360,""15"":1000,""13201"":326,""36"":1239,""40"":1347,""43"":0,""241"":26801,""199"":830,""16"":85316,""12"":466,""449"":0,""636"":110590005,""11"":893510181,""238"":0,""14"":2540732448,""387"":""2b3431353536342e303833332d303038333937332e313030302b3030302e3136322f""}"
2026-07-06T20:52:00Z,862272088833183,Codec8E,2026-07-06 20:51:59.000 UTC,1783371119000,0,41.5564533,-8.3973216,163,338,13,22,0,"{""239"":1,""240"":1,""80"":1,""21"":5,""200"":0,""69"":1,""237"":2,""113"":100,""263"":1,""303"":1,""383"":3,""30"":0,""31"":6,""32"":44,""33"":255,""35"":31,""37"":9,""38"":242,""39"":32,""181"":13,""182"":8,""66"":14220,""24"":22,""206"":26,""67"":4033,""68"":0,""13"":65,""17"":-28,""18"":-69,""19"":-11,""15"":1000,""13201"":326,""36"":1239,""40"":1347,""43"":0,""241"":26801,""199"":835,""16"":85321,""12"":466,""449"":0,""636"":110590005,""11"":893510181,""238"":0,""14"":2540732448,""387"":""2b3431353536342e353333332d303038333937332e323136372b3030302e3136332f""}"
2026-07-06T20:52:02Z,862272088833183,Codec8E,2026-07-06 20:52:01.000 UTC,1783371121000,0,41.5565933,-8.3973866,165,326,13,25,0,"{""239"":1,""240"":1,""80"":1,""21"":5,""200"":0,""69"":1,""237"":2,""113"":100,""263"":1,""303"":1,""383"":3,""30"":0,""31"":6,""32"":44,""33"":255,""35"":31,""37"":9,""38"":242,""39"":32,""181"":13,""182"":8,""66"":14242,""24"":25,""206"":26,""67"":4033,""68"":0,""13"":65,""17"":-23,""18"":-217,""19"":110,""15"":1000,""13201"":326,""36"":1239,""40"":1347,""43"":0,""241"":26801,""199"":851,""16"":85337,""12"":466,""449"":0,""636"":110118964,""11"":893510181,""238"":0,""14"":2540732448,""387"":""2b3431353536352e393333332d303038333937332e383636372b3030302e3136352f""}"
2026-07-06T20:52:03Z,862272088833183,Codec8E,2026-07-06 20:52:02.000 UTC,1783371122000,0,41.5566566,-8.3974550,166,315,13,27,0,"{""239"":1,""240"":1,""80"":1,""21"":5,""200"":0,""69"":1,""237"":2,""113"":100,""263"":1,""303"":1,""383"":3,""30"":0,""31"":6,""32"":44,""33"":255,""35"":31,""37"":9,""38"":242,""39"":32,""181"":14,""182"":9,""66"":14222,""24"":27,""206"":26,""67"":4033,""68"":0,""13"":65,""17"":30,""18"":-328,""19"":68,""15"":1000,""13201"":326,""36"":1239,""40"":1347,""43"":0,""241"":26801,""199"":860,""16"":85346,""12"":466,""449"":0,""636"":110118964,""11"":893510181,""238"":0,""14"":2540732448,""387"":""2b3431353536362e353636372d303038333937342e353530302b3030302e3136362f""}"
2026-07-06T20:52:04Z,862272088833183,Codec8E,2026-07-06 20:52:03.000 UTC,1783371123000,0,41.5566899,-8.3975666,167,288,13,29,0,"{""239"":1,""240"":1,""80"":1,""21"":5,""200"":0,""69"":1,""237"":2,""113"":100,""263"":1,""303"":1,""383"":3,""30"":0,""31"":58,""32"":44,""33"":254,""35"":76,""37"":32,""38"":236,""39"":32,""181"":16,""182"":9,""66"":14239,""24"":29,""206"":26,""67"":4033,""68"":0,""13"":65,""17"":-60,""18"":-372,""19"":44,""15"":1000,""13201"":326,""36"":3027,""40"":1283,""43"":0,""241"":26801,""199"":870,""16"":85356,""12"":466,""449"":0,""636"":110118964,""11"":893510181,""238"":0,""14"":2540732448,""387"":""2b3431353536362e393030302d303038333937352e363636372b3030302e3136372f""}"
2026-07-06T20:52:05Z,862272088833183,Codec8E,2026-07-06 20:52:04.000 UTC,1783371124000,0,41.5567049,-8.3976900,167,278,13,31,0,"{""239"":1,""240"":1,""80"":1,""21"":5,""200"":0,""69"":1,""237"":2,""113"":100,""263"":1,""303"":1,""383"":3,""30"":0,""31"":58,""32"":44,""33"":254,""35"":76,""37"":32,""38"":236,""39"":32,""181"":13,""182"":8,""66"":14231,""24"":31,""206"":26,""67"":4033,""68"":0,""13"":65,""17"":14,""18"":-445,""19"":56,""15"":1000,""13201"":326,""36"":3027,""40"":1283,""43"":0,""241"":26801,""199"":881,""16"":85367,""12"":466,""449"":0,""636"":110118964,""11"":893510181,""238"":0,""14"":2540732448,""387"":""2b3431353536372e303530302d303038333937362e393030302b3030302e3136372f""}"
2026-07-06T20:52:06Z,862272088833183,Codec8E,2026-07-06 20:52:05.000 UTC,1783371125000,0,41.5566650,-8.3978066,169,246,13,33,0,"{""239"":1,""240"":1,""80"":1,""21"":5,""200"":0,""69"":1,""237"":2,""113"":100,""263"":1,""303"":1,""383"":3,""30"":0,""31"":58,""32"":44,""33"":254,""35"":76,""37"":32,""38"":236,""39"":32,""181"":14,""182"":9,""66"":14229,""24"":33,""206"":26,""67"":4033,""68"":0,""13"":65,""17"":29,""18"":-309,""19"":19,""15"":1000,""13201"":327,""36"":3027,""40"":1283,""43"":0,""241"":26801,""199"":891,""16"":85377,""12"":466,""449"":0,""636"":110590005,""11"":893510181,""238"":0,""14"":2540732448,""387"":""2b3431353536362e363530302d303038333937382e303636372b3030302e3136392f""}"
2026-07-06T20:52:06Z,862272088833183,Codec8E,2026-07-06 20:52:05.010 UTC,1783371125010,0,41.5566650,-8.3978066,169,246,13,33,253,"{""239"":1,""240"":1,""80"":1,""21"":5,""200"":0,""69"":1,""237"":2,""113"":100,""263"":1,""303"":1,""383"":3,""30"":0,""31"":58,""32"":44,""33"":254,""35"":76,""37"":32,""38"":236,""39"":32,""253"":3,""254"":59,""181"":16,""182"":9,""66"":14228,""24"":33,""206"":26,""67"":4033,""68"":0,""13"":65,""17"":24,""18"":-121,""19"":-10,""15"":1000,""13201"":327,""36"":3027,""40"":1283,""43"":0,""241"":26801,""199"":891,""16"":85377,""12"":466,""449"":0,""636"":110590005,""11"":893510181,""238"":0,""14"":2540732448,""387"":""2b3431353536362e363530302d303038333937382e303636372b3030302e3136392f""}"
2026-07-06T20:52:06Z,862272088833183,Codec8E,2026-07-06 20:52:06.000 UTC,1783371126000,0,41.5566016,-8.3979150,169,232,13,35,0,"{""239"":1,""240"":1,""80"":1,""21"":5,""200"":0,""69"":1,""237"":2,""113"":100,""263"":1,""303"":1,""383"":3,""30"":0,""31"":58,""32"":44,""33"":254,""35"":76,""37"":32,""38"":236,""39"":32,""181"":16,""182"":9,""66"":14228,""24"":35,""206"":26,""67"":4033,""68"":0,""13"":65,""17"":12,""18"":36,""19"":72,""15"":1000,""13201"":327,""36"":3027,""40"":1283,""43"":0,""241"":26801,""199"":903,""16"":85389,""12"":466,""449"":0,""636"":110590005,""11"":893510181,""238"":0,""14"":2540732448,""387"":""2b3431353536362e303136372d303038333937392e313530302b3030302e3136392f""}"
2026-07-06T20:52:07Z,862272088833183,Codec8E,2026-07-06 20:52:07.000 UTC,1783371127000,0,41.5565166,-8.3980066,169,222,13,37,0,"{""239"":1,""240"":1,""80"":1,""21"":5,""200"":0,""69"":1,""237"":2,""113"":100,""263"":1,""303"":1,""383"":3,""30"":0,""31"":28,""32"":45,""33"":248,""35"":54,""37"":39,""38"":222,""39"":32,""181"":13,""182"":8,""66"":14225,""24"":37,""206"":26,""67"":4033,""68"":0,""13"":65,""17"":16,""18"":199,""19"":74,""15"":1000,""13201"":327,""36"":3764,""40"":1430,""43"":0,""241"":26801,""199"":915,""16"":85401,""12"":466,""449"":0,""636"":110590005,""11"":893510181,""238"":0,""14"":2540732448,""387"":""2b3431353536352e313636372d303038333938302e303636372b3030302e3136392f""}"
2026-07-06T20:52:12Z,862272088833183,Codec8E,2026-07-06 20:52:11.000 UTC,1783371131000,0,41.5561649,-8.3984833,172,239,14,48,0,"{""239"":1,""240"":1,""80"":1,""21"":5,""200"":0,""69"":1,""237"":2,""113"":100,""263"":1,""303"":1,""383"":3,""30"":0,""31"":28,""32"":45,""33"":248,""35"":54,""37"":39,""38"":222,""39"":32,""181"":16,""182"":9,""66"":14230,""24"":48,""206"":26,""67"":4033,""68"":0,""13"":65,""17"":69,""18"":15,""19"":24,""15"":1000,""13201"":326,""36"":3764,""40"":1430,""43"":0,""241"":26801,""199"":972,""16"":85458,""12"":466,""449"":0,""636"":110590005,""11"":893510181,""238"":0,""14"":2540732448,""387"":""2b3431353536312e363530302d303038333938342e383333332b3030302e3137322f""}"
2026-07-06T20:52:14Z,862272088833183,Codec8E,2026-07-06 20:52:13.000 UTC,1783371133000,0,41.5560266,-8.3988399,173,242,14,53,255,"{""239"":1,""240"":1,""80"":1,""21"":5,""200"":0,""69"":1,""237"":2,""113"":100,""263"":1,""303"":1,""383"":3,""30"":0,""31"":50,""32"":45,""33"":246,""35"":110,""37"":54,""38"":240,""39"":33,""255"":53,""181"":11,""182"":8,""66"":14230,""24"":53,""206"":26,""67"":4033,""68"":0,""13"":65,""17"":84,""18"":-60,""19"":159,""15"":1000,""13201"":327,""36"":3536,""40"":258,""43"":0,""241"":26801,""199"":1005,""16"":85491,""12"":466,""449"":0,""636"":110162484,""11"":893510181,""238"":0,""14"":2540732448,""387"":""2b3431353536302e323636372d303038333938382e343030302b3030302e3137332f""}"
2026-07-06T20:52:18Z,862272088833183,Codec8E,2026-07-06 20:52:17.000 UTC,1783371137000,0,41.5556999,-8.3996183,176,238,14,63,0,"{""239"":1,""240"":1,""80"":1,""21"":5,""200"":0,""69"":1,""237"":2,""113"":100,""263"":1,""303"":1,""383"":3,""30"":0,""31"":54,""32"":46,""33"":247,""35"":131,""37"":67,""38"":238,""39"":34,""181"":11,""182"":8,""66"":14220,""24"":63,""206"":26,""67"":4033,""68"":0,""13"":65,""17"":77,""18"":0,""19"":-18,""15"":250,""13201"":328,""36"":3299,""40"":2525,""43"":0,""241"":26801,""199"":1079,""16"":85565,""12"":466,""449"":0,""636"":110118964,""11"":893510181,""238"":0,""14"":2540732448,""387"":""2b3431353535372e303030302d303038333939362e313833332b3030302e3137362f""}"
2026-07-06T20:52:23Z,862272088833183,Codec8E,2026-07-06 20:52:22.000 UTC,1783371142000,0,41.5552266,-8.4007200,178,238,13,75,0,"{""239"":1,""240"":1,""80"":1,""21"":5,""200"":0,""69"":1,""237"":2,""113"":100,""263"":1,""303"":1,""383"":3,""30"":0,""31"":5,""32"":46,""33"":252,""35"":114,""37"":76,""38"":243,""39"":35,""181"":14,""182"":9,""66"":14241,""24"":75,""206"":26,""67"":4033,""68"":0,""13"":65,""17"":-19,""18"":41,""19"":45,""15"":250,""13201"":327,""36"":2740,""40"":2222,""43"":0,""241"":26801,""199"":1185,""16"":85671,""12"":466,""449"":0,""636"":110118964,""11"":893510181,""238"":0,""14"":2540732448,""387"":""2b3431353535322e323636372d303038343030372e323030302b3030302e3137382f""}"
2026-07-06T20:52:28Z,862272088833183,Codec8E,2026-07-06 20:52:27.000 UTC,1783371147000,0,41.5546616,-8.4019799,178,239,13,84,0,"{""239"":1,""240"":1,""80"":1,""21"":5,""200"":0,""69"":1,""237"":2,""113"":100,""263"":1,""303"":1,""383"":3,""30"":0,""31"":58,""32"":47,""33"":242,""35"":121,""37"":86,""38"":239,""39"":36,""181"":11,""182"":8,""66"":14243,""24"":84,""206"":26,""67"":4033,""68"":0,""13"":65,""17"":-8,""18"":67,""19"":23,""15"":250,""13201"":328,""36"":3092,""40"":2366,""43"":0,""241"":26801,""199"":1307,""16"":85793,""12"":466,""449"":0,""636"":110377524,""11"":893510181,""238"":0,""14"":2540732448,""387"":""2b3431353534362e363136372d303038343031392e383030302b3030302e3137382f""}"
2026-07-06T20:52:32Z,862272088833183,Codec8E,2026-07-06 20:52:31.000 UTC,1783371151000,0,41.5541733,-8.4031066,178,240,13,92,0,"{""239"":1,""240"":1,""80"":1,""21"":5,""200"":0,""69"":1,""237"":2,""113"":100,""263"":1,""303"":1,""383"":3,""30"":0,""31"":58,""32"":48,""33"":246,""35"":124,""37"":93,""38"":238,""39"":38,""181"":12,""182"":8,""66"":14228,""24"":92,""206"":26,""67"":4033,""68"":0,""13"":65,""17"":-34,""18"":19,""19"":42,""15"":250,""13201"":328,""36"":3380,""40"":2547,""43"":0,""241"":26801,""199"":1415,""16"":85901,""12"":466,""449"":0,""636"":110377524,""11"":893510181,""238"":0,""14"":2540732448,""387"":""2b3431353534312e373333332d303038343033312e303636372b3030302e3137382f""}"
2026-07-06T20:52:36Z,862272088833183,Codec8E,2026-07-06 20:52:35.000 UTC,1783371155000,0,41.5536733,-8.4042466,178,238,14,97,0,"{""239"":1,""240"":1,""80"":1,""21"":5,""200"":0,""69"":1,""237"":2,""113"":100,""263"":1,""303"":1,""383"":3,""30"":0,""31"":57,""32"":48,""33"":247,""35"":119,""37"":98,""38"":221,""39"":39,""181"":11,""182"":8,""66"":14236,""24"":97,""206"":26,""67"":4033,""68"":0,""13"":65,""17"":78,""18"":3,""19"":2,""15"":250,""13201"":329,""36"":3569,""40"":225,""43"":0,""241"":26801,""199"":1525,""16"":86011,""12"":466,""449"":0,""636"":110377524,""11"":893510181,""238"":0,""14"":2540732448,""387"":""2b3431353533362e373333332d303038343034322e343636372b3030302e3137382f""}"
2026-07-06T20:52:41Z,862272088833183,Codec8E,2026-07-06 20:52:40.000 UTC,1783371160000,0,41.5531116,-8.4055333,176,240,14,91,0,"{""239"":1,""240"":1,""80"":1,""21"":5,""200"":0,""69"":1,""237"":2,""113"":100,""263"":1,""303"":1,""383"":3,""30"":0,""31"":5,""32"":49,""33"":0,""35"":18,""37"":86,""38"":222,""39"":39,""181"":14,""182"":8,""66"":14218,""24"":91,""206"":26,""67"":4033,""68"":0,""13"":65,""17"":-40,""18"":24,""19"":-33,""15"":250,""13201"":329,""36"":3153,""40"":1447,""43"":0,""241"":26801,""199"":1649,""16"":86135,""12"":466,""449"":0,""636"":110377524,""11"":893510181,""238"":0,""14"":2540732448,""387"":""2b3431353533312e313136372d303038343035352e333333332b3030302e3137362f""}"
2026-07-06T20:52:46Z,862272088833183,Codec8E,2026-07-06 20:52:45.000 UTC,1783371165000,0,41.5526383,-8.4066549,178,235,15,79,0,"{""239"":1,""240"":1,""80"":1,""21"":5,""200"":0,""69"":1,""237"":2,""113"":100,""263"":1,""303"":1,""383"":3,""30"":0,""31"":26,""32"":49,""33"":254,""35"":39,""37"":76,""38"":223,""39"":39,""181"":11,""182"":7,""66"":14203,""24"":79,""206"":26,""67"":4033,""68"":0,""13"":65,""17"":-6,""18"":22,""19"":-81,""15"":250,""13201"":329,""36"":2805,""40"":144,""43"":0,""241"":26801,""199"":1756,""16"":86242,""12"":466,""449"":0,""636"":110136884,""11"":893510181,""238"":0,""14"":2540732448,""387"":""2b3431353532362e333833332d303038343036362e353530302b3030302e3137382f""}"
2026-07-06T20:52:50Z,862272088833183,Codec8E,2026-07-06 20:52:49.000 UTC,1783371169000,0,41.5523466,-8.4073733,178,240,15,67,0,"{""239"":1,""240"":1,""80"":1,""21"":5,""200"":0,""69"":1,""237"":2,""113"":100,""263"":1,""303"":1,""383"":3,""30"":0,""31"":4,""32"":49,""33"":0,""35"":17,""37"":62,""38"":226,""39"":38,""181"":13,""182"":7,""66"":14253,""24"":67,""206"":26,""67"":4033,""68"":0,""13"":65,""17"":24,""18"":4,""19"":-67,""15"":250,""13201"":329,""36"":2282,""40"":119,""43"":0,""241"":26801,""199"":1824,""16"":86310,""12"":466,""449"":0,""636"":110136883,""11"":893510181,""238"":0,""14"":2540732448,""387"":""2b3431353532332e343636372d303038343037332e373333332b3030302e3137382f""}"
2026-07-06T20:52:56Z,862272088833183,Codec8E,2026-07-06 20:52:55.000 UTC,1783371175000,0,41.5519233,-8.4084883,179,245,15,63,0,"{""239"":1,""240"":1,""80"":1,""21"":5,""200"":0,""69"":1,""237"":2,""113"":100,""263"":1,""303"":1,""383"":3,""30"":0,""31"":4,""32"":49,""33"":0,""35"":17,""37"":64,""38"":225,""39"":38,""181"":13,""182"":8,""66"":14245,""24"":63,""206"":26,""67"":4033,""68"":0,""13"":65,""17"":17,""18"":-38,""19"":33,""15"":250,""13201"":330,""36"":2325,""40"":1247,""43"":0,""241"":26801,""199"":1928,""16"":86414,""12"":466,""449"":0,""636"":110136885,""11"":893510181,""238"":0,""14"":2540732448,""387"":""2b3431353531392e323333332d303038343038342e383833332b3030302e3137392f""}"
2026-07-06T20:53:02Z,862272088833183,Codec8E,2026-07-06 20:53:01.000 UTC,1783371181000,0,41.5514016,-8.4097383,185,241,13,70,0,"{""239"":1,""240"":1,""80"":1,""21"":5,""200"":0,""69"":1,""237"":2,""113"":100,""263"":1,""303"":1,""383"":3,""30"":0,""31"":58,""32"":49,""33"":252,""35"":141,""37"":70,""38"":241,""39"":40,""181"":11,""182"":8,""66"":14238,""24"":70,""206"":26,""67"":4033,""68"":0,""13"":65,""17"":-24,""18"":-35,""19"":46,""15"":250,""13201"":331,""36"":2544,""40"":1161,""43"":0,""241"":26801,""199"":2047,""16"":86533,""12"":466,""449"":0,""636"":110136885,""11"":893510181,""238"":0,""14"":2540732448,""387"":""2b3431353531342e303136372d303038343039372e333833332b3030302e3138352f""}"
2026-07-06T20:53:07Z,862272088833183,Codec8E,2026-07-06 20:53:06.000 UTC,1783371186000,0,41.5509083,-8.4109166,185,237,14,78,0,"{""239"":1,""240"":1,""80"":1,""21"":5,""200"":0,""69"":1,""237"":2,""113"":100,""263"":1,""303"":1,""383"":3,""30"":0,""31"":20,""32"":49,""33"":247,""35"":108,""37"":73,""38"":240,""39"":41,""181"":12,""182"":8,""66"":14220,""24"":78,""206"":26,""67"":4033,""68"":0,""13"":65,""17"":47,""18"":100,""19"":17,""15"":500,""13201"":331,""36"":2640,""40"":2047,""43"":0,""241"":26801,""199"":2160,""16"":86646,""12"":466,""449"":0,""636"":110136885,""11"":893510181,""238"":0,""14"":2540732448,""387"":""2b3431353530392e303833332d303038343130392e313636372b3030302e3138352f""}"
2026-07-06T20:53:12Z,862272088833183,Codec8E,2026-07-06 20:53:11.000 UTC,1783371191000,0,41.5503749,-8.4121266,184,240,14,82,0,"{""239"":1,""240"":1,""80"":1,""21"":5,""200"":0,""69"":1,""237"":2,""113"":100,""263"":1,""303"":1,""383"":3,""30"":0,""31"":56,""32"":49,""33"":246,""35"":119,""37"":81,""38"":236,""39"":41,""181"":11,""182"":8,""66"":14224,""24"":82,""206"":26,""67"":4033,""68"":0,""13"":65,""17"":199,""18"":35,""19"":150,""15"":500,""13201"":331,""36"":2929,""40"":480,""43"":0,""241"":26801,""199"":2276,""16"":86762,""12"":466,""449"":0,""636"":110136885,""11"":893510181,""238"":0,""14"":2540732448,""387"":""2b3431353530332e373530302d303038343132312e323636372b3030302e3138342f""}"
2026-07-06T20:53:17Z,862272088833183,Codec8E,2026-07-06 20:53:16.000 UTC,1783371196000,0,41.5498616,-8.4133633,182,240,14,85,0,"{""239"":1,""240"":1,""80"":1,""21"":5,""200"":0,""69"":1,""237"":2,""113"":100,""263"":1,""303"":1,""383"":3,""30"":0,""31"":53,""32"":50,""33"":249,""35"":116,""37"":86,""38"":227,""39"":41,""181"":11,""182"":8,""66"":14234,""24"":85,""206"":26,""67"":4033,""68"":0,""13"":65,""17"":41,""18"":13,""19"":-63,""15"":500,""13201"":331,""36"":2251,""40"":133,""43"":0,""241"":26801,""199"":2394,""16"":86880,""12"":466,""449"":0,""636"":110136885,""11"":893510181,""238"":0,""14"":2540732448,""387"":""2b3431353439382e363136372d303038343133332e363333332b3030302e3138322f""}"
2026-07-06T20:53:22Z,862272088833183,Codec8E,2026-07-06 20:53:21.000 UTC,1783371201000,0,41.5493683,-8.4145416,182,239,15,80,0,"{""239"":1,""240"":1,""80"":1,""21"":5,""200"":0,""69"":1,""237"":2,""113"":100,""263"":1,""303"":1,""383"":3,""30"":0,""31"":4,""32"":50,""33"":0,""35"":46,""37"":78,""38"":243,""39"":41,""181"":11,""182"":7,""66"":14249,""24"":80,""206"":26,""67"":4033,""68"":0,""13"":65,""17"":20,""18"":65,""19"":-76,""15"":500,""13201"":332,""36"":2036,""40"":1216,""43"":0,""241"":26801,""199"":2507,""16"":86993,""12"":466,""449"":0,""636"":110170164,""11"":893510181,""238"":0,""14"":2540732448,""387"":""2b3431353439332e363833332d303038343134352e343136372b3030302e3138322f""}"
2026-07-06T20:53:27Z,862272088833183,Codec8E,2026-07-06 20:53:26.000 UTC,1783371206000,0,41.5489099,-8.4157933,173,241,13,81,0,"{""239"":1,""240"":1,""80"":1,""21"":5,""200"":0,""69"":1,""237"":2,""113"":100,""263"":1,""303"":1,""383"":3,""30"":0,""31"":35,""32"":50,""33"":248,""35"":24,""37"":81,""38"":228,""39"":40,""181"":12,""182"":8,""66"":14256,""24"":81,""206"":26,""67"":4033,""68"":0,""13"":65,""17"":166,""18"":-141,""19"":41,""15"":500,""13201"":332,""36"":2108,""40"":161,""43"":0,""241"":26801,""199"":2623,""16"":87109,""12"":466,""449"":0,""636"":110170163,""11"":893510181,""238"":0,""14"":2540732448,""387"":""2b3431353438392e313030302d303038343135372e393333332b3030302e3137332f""}"
2026-07-06T20:53:31Z,862272088833183,Codec8E,2026-07-06 20:53:30.000 UTC,1783371210000,0,41.5484816,-8.4166449,178,228,14,75,0,"{""239"":1,""240"":1,""80"":1,""21"":5,""200"":0,""69"":1,""237"":2,""113"":100,""263"":1,""303"":1,""383"":3,""30"":0,""31"":28,""32"":50,""33"":254,""35"":65,""37"":73,""38"":242,""39"":41,""181"":12,""182"":8,""66"":14241,""24"":75,""206"":26,""67"":4033,""68"":0,""13"":65,""17"":127,""18"":-73,""19"":87,""15"":500,""13201"":332,""36"":1912,""40"":644,""43"":0,""241"":26801,""199"":2709,""16"":87195,""12"":466,""449"":0,""636"":110170163,""11"":893510181,""238"":0,""14"":2540732448,""387"":""2b3431353438342e383136372d303038343136362e343530302b3030302e3137382f""}"
2026-07-06T20:53:34Z,862272088833183,Codec8E,2026-07-06 20:53:33.000 UTC,1783371213000,0,41.5481099,-8.4170749,179,217,14,71,0,"{""239"":1,""240"":1,""80"":1,""21"":5,""200"":0,""69"":1,""237"":2,""113"":100,""263"":1,""303"":1,""383"":3,""30"":0,""31"":28,""32"":50,""33"":254,""35"":65,""37"":73,""38"":242,""39"":41,""181"":12,""182"":8,""66"":14249,""24"":71,""206"":26,""67"":4033,""68"":0,""13"":65,""17"":-10,""18"":19,""19"":41,""15"":500,""13201"":332,""36"":1912,""40"":644,""43"":0,""241"":26801,""199"":2764,""16"":87250,""12"":466,""449"":0,""636"":110170163,""11"":893510181,""238"":0,""14"":2540732448,""387"":""2b3431353438312e313030302d303038343137302e373530302b3030302e3137392f""}"
2026-07-06T20:53:40Z,862272088833183,Codec8E,2026-07-06 20:53:39.000 UTC,1783371219000,0,41.5472683,-8.4179750,174,217,14,74,0,"{""239"":1,""240"":1,""80"":1,""21"":5,""200"":0,""69"":1,""237"":2,""113"":100,""263"":1,""303"":1,""383"":3,""30"":0,""31"":49,""32"":50,""33"":251,""35"":66,""37"":75,""38"":230,""39"":41,""181"":11,""182"":8,""66"":14213,""24"":74,""206"":26,""67"":4033,""68"":0,""13"":65,""17"":176,""18"":11,""19"":-172,""15"":500,""13201"":333,""36"":1950,""40"":108,""43"":0,""241"":26801,""199"":2884,""16"":87370,""12"":466,""449"":0,""636"":110374965,""11"":893510181,""238"":0,""14"":2540732448,""387"":""2b3431353437322e363833332d303038343137392e373530302b3030302e3137342f""}"
2026-07-06T20:53:43Z,862272088833183,Codec8E,2026-07-06 20:53:42.000 UTC,1783371222000,0,41.5468983,-8.4183100,173,218,15,64,0,"{""239"":1,""240"":1,""80"":1,""21"":5,""200"":0,""69"":1,""237"":2,""113"":100,""263"":1,""303"":1,""383"":3,""30"":0,""31"":49,""32"":50,""33"":251,""35"":66,""37"":75,""38"":230,""39"":41,""181"":11,""182"":7,""66"":14192,""24"":64,""206"":26,""67"":4033,""68"":0,""13"":65,""17"":350,""18"":-56,""19"":-108,""15"":500,""13201"":333,""36"":1950,""40"":108,""43"":0,""241"":26801,""199"":2934,""16"":87420,""12"":466,""449"":0,""636"":110374965,""11"":893510181,""238"":0,""14"":2540732448,""387"":""2b3431353436382e393833332d303038343138332e313030302b3030302e3137332f""}"
2026-07-06T20:53:46Z,862272088833183,Codec8E,2026-07-06 20:53:45.000 UTC,1783371225000,0,41.5466350,-8.4185716,173,220,15,51,0,"{""239"":1,""240"":1,""80"":1,""21"":5,""200"":0,""69"":1,""237"":2,""113"":100,""263"":1,""303"":1,""383"":3,""30"":0,""31"":4,""32"":51,""33"":0,""35"":21,""37"":51,""38"":243,""39"":40,""181"":11,""182"":7,""66"":14164,""24"":51,""206"":26,""67"":4033,""68"":0,""13"":65,""17"":248,""18"":158,""19"":-262,""15"":500,""13201"":333,""36"":864,""40"":144,""43"":0,""241"":26801,""199"":2970,""16"":87456,""12"":466,""449"":0,""636"":110374965,""11"":893510181,""238"":0,""14"":2540732448,""387"":""2b3431353436362e333530302d303038343138352e373136372b3030302e3137332f""}"
2026-07-06T20:53:48Z,862272088833183,Codec8E,2026-07-06 20:53:46.000 UTC,1783371226000,0,41.5465750,-8.4186466,172,218,15,46,255,"{""239"":1,""240"":1,""80"":1,""21"":5,""200"":0,""69"":1,""237"":2,""113"":100,""263"":1,""303"":1,""383"":3,""30"":0,""31"":4,""32"":51,""33"":0,""35"":21,""37"":51,""38"":243,""39"":40,""255"":46,""181"":11,""182"":7,""66"":14170,""24"":46,""206"":26,""67"":4033,""68"":0,""13"":65,""17"":71,""18"":259,""19"":-53,""15"":500,""13201"":334,""36"":864,""40"":144,""43"":0,""241"":26801,""199"":2979,""16"":87465,""12"":466,""449"":0,""636"":110374965,""11"":893510181,""238"":0,""14"":2540732448,""387"":""2b3431353436352e373530302d303038343138362e343636372b3030302e3137322f""}"
2026-07-06T20:53:49Z,862272088833183,Codec8E,2026-07-06 20:53:48.000 UTC,1783371228000,0,41.5465116,-8.4187816,171,239,14,35,0,"{""239"":1,""240"":1,""80"":1,""21"":5,""200"":0,""69"":1,""237"":2,""113"":100,""263"":1,""303"":1,""383"":3,""30"":0,""31"":12,""32"":51,""33"":255,""35"":36,""37"":24,""38"":254,""39"":40,""181"":11,""182"":7,""66"":14191,""24"":35,""206"":26,""67"":4033,""68"":0,""13"":65,""17"":126,""18"":216,""19"":33,""15"":500,""13201"":334,""36"":967,""40"":158,""43"":0,""241"":26801,""199"":2993,""16"":87479,""12"":466,""449"":0,""636"":110374965,""11"":893510181,""238"":0,""14"":2540732448,""387"":""2b3431353436352e313136372d303038343138372e383136372b3030302e3137312f""}"
2026-07-06T20:53:51Z,862272088833183,Codec8E,2026-07-06 20:53:50.000 UTC,1783371230000,0,41.5465066,-8.4188916,170,266,14,27,0,"{""239"":1,""240"":1,""80"":1,""21"":5,""200"":0,""69"":1,""237"":2,""113"":100,""263"":1,""303"":1,""383"":3,""30"":0,""31"":12,""32"":51,""33"":255,""35"":36,""37"":24,""38"":254,""39"":40,""181"":11,""182"":8,""66"":14228,""24"":27,""206"":26,""67"":4033,""68"":0,""13"":65,""17"":310,""18"":62,""19"":154,""15"":500,""13201"":334,""36"":967,""40"":158,""43"":0,""241"":26801,""199"":3002,""16"":87488,""12"":466,""449"":0,""636"":110374965,""11"":893510181,""238"":0,""14"":2540732448,""387"":""2b3431353436352e303636372d303038343138382e393136372b3030302e3137302f""}"
2026-07-06T20:53:52Z,862272088833183,Codec8E,2026-07-06 20:53:51.000 UTC,1783371231000,0,41.5465316,-8.4189450,169,279,14,25,0,"{""239"":1,""240"":1,""80"":1,""21"":5,""200"":0,""69"":1,""237"":2,""113"":100,""263"":1,""303"":1,""383"":3,""30"":0,""31"":12,""32"":51,""33"":255,""35"":36,""37"":24,""38"":254,""39"":40,""181"":11,""182"":8,""66"":14215,""24"":25,""206"":26,""67"":4033,""68"":0,""13"":65,""17"":218,""18"":17,""19"":132,""15"":500,""13201"":334,""36"":967,""40"":158,""43"":0,""241"":26801,""199"":3007,""16"":87493,""12"":466,""449"":0,""636"":110374965,""11"":893510181,""238"":0,""14"":2540732448,""387"":""2b3431353436352e333136372d303038343138392e343530302b3030302e3136392f""}"
2026-07-06T20:53:54Z,862272088833183,Codec8E,2026-07-06 20:53:53.000 UTC,1783371233000,0,41.5465450,-8.4191116,170,259,12,24,0,"{""239"":1,""240"":1,""80"":1,""21"":5,""200"":0,""69"":1,""237"":2,""113"":100,""263"":1,""303"":1,""383"":3,""30"":0,""31"":7,""32"":51,""33"":0,""35"":84,""37"":22,""38"":238,""39"":40,""181"":12,""182"":8,""66"":14233,""24"":24,""206"":26,""67"":4033,""68"":0,""13"":65,""17"":261,""18"":163,""19"":224,""15"":750,""13201"":334,""36"":2099,""40"":697,""43"":0,""241"":26801,""199"":3022,""16"":87508,""12"":466,""449"":0,""636"":110374965,""11"":893510181,""238"":0,""14"":2540732448,""387"":""2b3431353436352e343530302d303038343139312e313136372b3030302e3137302f""}"
2026-07-06T20:53:56Z,862272088833183,Codec8E,2026-07-06 20:53:55.000 UTC,1783371235000,0,41.5464983,-8.4192949,168,248,11,26,0,"{""239"":1,""240"":1,""80"":1,""21"":5,""200"":0,""69"":1,""237"":2,""113"":100,""263"":1,""303"":1,""383"":3,""30"":0,""31"":7,""32"":51,""33"":0,""35"":84,""37"":22,""38"":238,""39"":40,""181"":13,""182"":9,""66"":14238,""24"":26,""206"":26,""67"":4033,""68"":0,""13"":65,""17"":223,""18"":63,""19"":92,""15"":750,""13201"":334,""36"":2099,""40"":697,""43"":0,""241"":26801,""199"":3038,""16"":87524,""12"":466,""449"":0,""636"":110374965,""11"":893510181,""238"":0,""14"":2540732448,""387"":""2b3431353436342e393833332d303038343139322e393530302b3030302e3136382f""}"
2026-07-06T20:54:05Z,862272088833183,Codec8E,2026-07-06 20:54:03.000 UTC,1783371243000,0,41.5463000,-8.4198666,162,223,13,19,0,"{""239"":1,""240"":1,""80"":1,""21"":5,""200"":0,""69"":1,""237"":2,""113"":100,""263"":1,""303"":1,""383"":3,""30"":0,""31"":3,""32"":50,""33"":0,""35"":18,""37"":19,""38"":248,""39"":40,""181"":11,""182"":8,""66"":14235,""24"":19,""206"":26,""67"":4033,""68"":0,""13"":65,""17"":208,""18"":-93,""19"":55,""15"":750,""13201"":334,""36"":1909,""40"":144,""43"":0,""241"":26801,""199"":3091,""16"":87577,""12"":466,""449"":0,""636"":110218804,""11"":893510181,""238"":0,""14"":2540732448,""387"":""2b3431353436332e303030302d303038343139382e363636372b3030302e3136322f""}"
2026-07-06T20:54:05Z,862272088833183,Codec8E,2026-07-06 20:54:04.000 UTC,1783371244000,0,41.5462766,-8.4198716,161,198,11,17,0,"{""239"":1,""240"":1,""80"":1,""21"":5,""200"":0,""69"":1,""237"":2,""113"":100,""263"":1,""303"":1,""383"":3,""30"":0,""31"":3,""32"":50,""33"":0,""35"":18,""37"":19,""38"":248,""39"":40,""181"":12,""182"":9,""66"":14213,""24"":17,""206"":26,""67"":4033,""68"":0,""13"":65,""17"":169,""18"":-21,""19"":-135,""15"":750,""13201"":334,""36"":1909,""40"":144,""43"":0,""241"":26801,""199"":3093,""16"":87579,""12"":466,""449"":0,""636"":110218804,""11"":893510181,""238"":0,""14"":2540732448,""387"":""2b3431353436322e373636372d303038343139382e373136372b3030302e3136312f""}"
2026-07-06T20:54:06Z,862272088833183,Codec8E,2026-07-06 20:54:05.000 UTC,1783371245000,0,41.5462483,-8.4198600,160,172,12,14,0,"{""239"":1,""240"":1,""80"":1,""21"":5,""200"":0,""69"":1,""237"":2,""113"":100,""263"":1,""303"":1,""383"":3,""30"":0,""31"":3,""32"":50,""33"":0,""35"":18,""37"":19,""38"":248,""39"":40,""181"":12,""182"":9,""66"":14170,""24"":14,""206"":26,""67"":4033,""68"":0,""13"":65,""17"":62,""18"":42,""19"":-34,""15"":750,""13201"":334,""36"":1909,""40"":144,""43"":0,""241"":26801,""199"":3097,""16"":87583,""12"":466,""449"":0,""636"":110218804,""11"":893510181,""238"":0,""14"":2540732448,""387"":""2b3431353436322e343833332d303038343139382e363030302b3030302e3136302f""}"
2026-07-06T20:54:07Z,862272088833183,Codec8E,2026-07-06 20:54:06.000 UTC,1783371246000,0,41.5462233,-8.4198116,160,152,13,12,0,"{""239"":1,""240"":1,""80"":1,""21"":5,""200"":0,""69"":1,""237"":2,""113"":100,""263"":1,""303"":1,""383"":3,""30"":0,""31"":13,""32"":50,""33"":0,""35"":17,""37"":10,""38"":243,""39"":40,""181"":11,""182"":8,""66"":14159,""24"":12,""206"":26,""67"":4033,""68"":0,""13"":65,""17"":20,""18"":4,""19"":-16,""15"":750,""13201"":334,""36"":1175,""40"":166,""43"":0,""241"":26801,""199"":3101,""16"":87587,""12"":466,""449"":0,""636"":110218804,""11"":893510181,""238"":0,""14"":2540732448,""387"":""2b3431353436322e323333332d303038343139382e313136372b3030302e3136302f""}"
2026-07-06T20:54:09Z,862272088833183,Codec8E,2026-07-06 20:54:08.000 UTC,1783371248000,0,41.5461899,-8.4197800,159,131,12,9,0,"{""239"":1,""240"":1,""80"":1,""21"":5,""200"":0,""69"":1,""237"":2,""113"":100,""263"":1,""303"":1,""383"":3,""30"":0,""31"":13,""32"":50,""33"":0,""35"":17,""37"":10,""38"":243,""39"":40,""181"":12,""182"":8,""66"":14218,""24"":9,""206"":26,""67"":4033,""68"":0,""13"":65,""17"":54,""18"":-23,""19"":120,""15"":750,""13201"":335,""36"":1175,""40"":166,""43"":0,""241"":26801,""199"":3105,""16"":87591,""12"":466,""449"":0,""636"":110218804,""11"":893510181,""238"":0,""14"":2540732448,""387"":""2b3431353436312e393030302d303038343139372e383030302b3030302e3135392f""}"
2026-07-06T20:54:10Z,862272088833183,Codec8E,2026-07-06 20:54:09.000 UTC,1783371249000,0,41.5461666,-8.4197533,159,120,13,9,0,"{""239"":1,""240"":1,""80"":1,""21"":5,""200"":0,""69"":1,""237"":2,""113"":100,""263"":1,""303"":1,""383"":3,""30"":0,""31"":13,""32"":50,""33"":0,""35"":17,""37"":10,""38"":243,""39"":40,""181"":11,""182"":8,""66"":14221,""24"":9,""206"":26,""67"":4033,""68"":0,""13"":65,""17"":138,""18"":-167,""19"":-5,""15"":750,""13201"":335,""36"":1175,""40"":166,""43"":0,""241"":26801,""199"":3109,""16"":87595,""12"":466,""449"":0,""636"":110218804,""11"":893510181,""238"":0,""14"":2540732448,""387"":""2b3431353436312e363636372d303038343139372e353333332b3030302e3135392f""}"
2026-07-06T20:54:11Z,862272088833183,Codec8E,2026-07-06 20:54:10.000 UTC,1783371250000,0,41.5461599,-8.4197083,159,102,13,10,0,"{""239"":1,""240"":1,""80"":1,""21"":5,""200"":0,""69"":1,""237"":2,""113"":100,""263"":1,""303"":1,""383"":3,""30"":0,""31"":13,""32"":50,""33"":0,""35"":17,""37"":10,""38"":243,""39"":40,""181"":11,""182"":8,""66"":14251,""24"":10,""206"":26,""67"":4033,""68"":0,""13"":65,""17"":-128,""18"":57,""19"":75,""15"":750,""13201"":335,""36"":1175,""40"":166,""43"":0,""241"":26801,""199"":3113,""16"":87599,""12"":466,""449"":0,""636"":110218805,""11"":893510181,""238"":0,""14"":2540732448,""387"":""2b3431353436312e363030302d303038343139372e303833332b3030302e3135392f""}"
2026-07-06T20:54:12Z,862272088833183,Codec8E,2026-07-06 20:54:11.000 UTC,1783371251000,0,41.5461599,-8.4196666,160,85,13,10,0,"{""239"":1,""240"":1,""80"":1,""21"":5,""200"":0,""69"":1,""237"":2,""113"":100,""263"":1,""303"":1,""383"":3,""30"":0,""31"":29,""32"":50,""33"":0,""35"":58,""37"":10,""38"":238,""39"":40,""181"":11,""182"":8,""66"":14258,""24"":10,""206"":26,""67"":4033,""68"":0,""13"":65,""17"":3,""18"":-4,""19"":-70,""15"":750,""13201"":335,""36"":1543,""40"":191,""43"":0,""241"":26801,""199"":3117,""16"":87603,""12"":466,""449"":0,""636"":110218805,""11"":893510181,""238"":0,""14"":2540732448,""387"":""2b3431353436312e363030302d303038343139362e363636372b3030302e3136302f""}"
2026-07-06T20:54:13Z,862272088833183,Codec8E,2026-07-06 20:54:12.000 UTC,1783371252000,0,41.5461733,-8.4196133,160,67,13,11,0,"{""239"":1,""240"":1,""80"":1,""21"":5,""200"":0,""69"":1,""237"":2,""113"":100,""263"":1,""303"":1,""383"":3,""30"":0,""31"":29,""32"":50,""33"":0,""35"":58,""37"":10,""38"":238,""39"":40,""181"":11,""182"":8,""66"":14230,""24"":11,""206"":26,""67"":4033,""68"":0,""13"":65,""17"":35,""18"":-3,""19"":-66,""15"":750,""13201"":335,""36"":1543,""40"":191,""43"":0,""241"":26801,""199"":3121,""16"":87607,""12"":466,""449"":0,""636"":110218805,""11"":893510181,""238"":0,""14"":2540732448,""387"":""2b3431353436312e373333332d303038343139362e313333332b3030302e3136302f""}"
2026-07-06T20:54:25Z,862272088833183,Codec8E,2026-07-06 20:54:23.000 UTC,1783371263000,0,41.5462616,-8.4192933,162,67,12,3,303,"{""239"":1,""240"":1,""80"":1,""21"":5,""200"":0,""69"":1,""237"":2,""113"":100,""263"":1,""303"":0,""383"":3,""30"":0,""31"":13,""32"":51,""33"":0,""35"":35,""37"":0,""38"":252,""39"":40,""181"":12,""182"":9,""66"":14222,""24"":3,""206"":26,""67"":4033,""68"":0,""13"":65,""17"":0,""18"":21,""19"":-27,""15"":750,""13201"":334,""36"":952,""40"":161,""43"":0,""241"":26801,""199"":3150,""16"":87636,""12"":466,""449"":0,""636"":110218804,""11"":893510181,""238"":0,""14"":2540732448,""387"":""2b3431353436322e363136372d303038343139322e393333332b3030302e3136322f""}"
2026-07-06T20:54:26Z,862272088833183,Codec8E,2026-07-06 20:54:25.000 UTC,1783371265000,0,41.5462616,-8.4192933,162,67,12,2,303,"{""239"":1,""240"":1,""80"":1,""21"":5,""200"":0,""69"":1,""237"":2,""113"":100,""263"":1,""303"":1,""383"":3,""30"":0,""31"":13,""32"":51,""33"":0,""35"":37,""37"":0,""38"":255,""39"":39,""181"":12,""182"":9,""66"":14251,""24"":2,""206"":26,""67"":4033,""68"":0,""13"":65,""17"":-64,""18"":-11,""19"":31,""15"":750,""13201"":334,""36"":993,""40"":238,""43"":0,""241"":26801,""199"":3150,""16"":87636,""12"":466,""449"":0,""636"":110218804,""11"":893510181,""238"":0,""14"":2540732448,""387"":""2b3431353436322e363136372d303038343139322e393333332b3030302e3136322f""}"
2026-07-06T20:55:05Z,862272088833183,Codec8E,2026-07-06 20:55:03.000 UTC,1783371303000,0,41.5462900,-8.4192966,0,0,0,0,303,"{""239"":1,""240"":1,""80"":1,""21"":4,""200"":0,""69"":2,""237"":2,""113"":100,""263"":1,""303"":0,""383"":3,""30"":0,""31"":13,""32"":54,""33"":0,""35"":36,""37"":0,""38"":251,""39"":40,""181"":0,""182"":0,""66"":13644,""24"":0,""206"":26,""67"":4033,""68"":0,""13"":63,""17"":-29,""18"":48,""19"":-14,""15"":750,""13201"":333,""36"":939,""40"":175,""43"":0,""241"":26801,""199"":3150,""16"":87636,""12"":467,""449"":0,""636"":110218764,""11"":893510181,""238"":0,""14"":2540732448,""387"":""2b3431353436322e393030302d303038343139322e393636372b3030302e3030302f""}"
2026-07-06T20:55:06Z,862272088833183,Codec8E,2026-07-06 20:55:05.000 UTC,1783371305000,0,41.5462900,-8.4192966,0,0,0,0,239,"{""239"":0,""240"":1,""80"":1,""21"":4,""200"":0,""69"":2,""237"":2,""113"":100,""263"":1,""303"":0,""383"":3,""30"":0,""31"":13,""32"":54,""33"":0,""35"":36,""37"":0,""38"":251,""39"":40,""181"":0,""182"":0,""66"":13077,""24"":0,""206"":26,""67"":4033,""68"":0,""13"":63,""17"":-27,""18"":28,""19"":-16,""15"":750,""13201"":333,""36"":939,""40"":175,""43"":0,""241"":26801,""199"":3150,""16"":87636,""12"":467,""449"":0,""636"":110218764,""11"":893510181,""238"":0,""14"":2540732448,""387"":""2b3431353436322e393030302d303038343139322e393636372b3030302e3030302f""}"
2026-07-06T20:55:25Z,862272088833183,Codec8E,2026-07-06 20:55:23.000 UTC,1783371323000,0,41.5462900,-8.4192966,0,0,0,0,303,"{""239"":0,""240"":1,""80"":1,""21"":4,""200"":0,""69"":2,""237"":2,""113"":100,""263"":1,""303"":1,""383"":3,""30"":0,""31"":31,""32"":54,""33"":0,""35"":77,""37"":0,""38"":3,""39"":40,""181"":0,""182"":0,""66"":12764,""24"":0,""206"":26,""67"":4033,""68"":0,""13"":63,""17"":-26,""18"":37,""19"":-16,""15"":750,""13201"":335,""36"":0,""40"":141,""43"":0,""241"":26801,""199"":3150,""16"":87636,""12"":467,""449"":0,""636"":110218764,""11"":893510181,""238"":0,""14"":2540732448,""387"":""2b3431353436322e393030302d303038343139322e393636372b3030302e3030302f""}"
2026-07-06T20:55:29Z,862272088833183,Codec8E,2026-07-06 20:55:28.000 UTC,1783371328000,0,41.5462900,-8.4192966,0,0,0,0,303,"{""239"":0,""240"":1,""80"":1,""21"":4,""200"":0,""69"":2,""237"":2,""113"":100,""263"":1,""303"":0,""383"":3,""181"":0,""182"":0,""66"":12823,""24"":0,""206"":26,""67"":4033,""68"":0,""13"":63,""17"":-31,""18"":38,""19"":4,""15"":750,""13201"":336,""241"":26801,""199"":3150,""16"":87636,""12"":467,""449"":0,""636"":110218764,""11"":893510181,""238"":0,""14"":2540732448,""387"":""2b3431353436322e393030302d303038343139322e393636372b3030302e3030302f""}"
2026-07-06T20:56:30Z,862272088833183,Codec8E,2026-07-06 20:56:27.000 UTC,1783371387000,0,41.5462900,-8.4192966,0,0,0,0,240,"{""239"":0,""240"":0,""80"":0,""21"":4,""200"":0,""69"":2,""237"":2,""113"":100,""263"":1,""303"":0,""383"":3,""181"":0,""182"":0,""66"":12896,""24"":0,""206"":26,""67"":4033,""68"":0,""13"":63,""17"":-28,""18"":25,""19"":-6,""15"":1000,""13201"":332,""241"":26801,""199"":0,""16"":87636,""12"":467,""449"":0,""636"":110218764,""11"":893510181,""238"":0,""14"":2540732448,""387"":""2b3431353436322e393030302d303038343139322e393636372b3030302e3030302f""}"
2026-07-06T21:56:47Z,862272088833183,Codec8E,2026-07-06 21:56:27.000 UTC,1783374987000,0,41.5462900,-8.4192966,0,0,0,0,0,"{""239"":0,""240"":0,""80"":0,""21"":4,""200"":0,""69"":2,""237"":2,""113"":100,""263"":1,""303"":0,""383"":3,""181"":0,""182"":0,""66"":12723,""24"":0,""206"":26,""67"":4033,""68"":0,""13"":63,""17"":-26,""18"":38,""19"":-16,""15"":1000,""13201"":325,""241"":26801,""199"":0,""16"":87636,""12"":467,""449"":0,""636"":110218764,""11"":893510181,""238"":0,""14"":2540732448,""387"":""2b3431353436322e393030302d303038343139322e393636372b3030302e3030302f""}"
2026-07-06T22:56:56Z,862272088833183,Codec8E,2026-07-06 22:56:27.000 UTC,1783378587000,0,41.5462900,-8.4192966,0,0,0,0,0,"{""239"":0,""240"":0,""80"":0,""21"":4,""200"":0,""69"":2,""237"":2,""113"":100,""263"":1,""303"":0,""383"":3,""181"":0,""182"":0,""66"":12685,""24"":0,""206"":26,""67"":4033,""68"":0,""13"":63,""17"":-28,""18"":38,""19"":-18,""15"":1000,""13201"":335,""241"":26801,""199"":0,""16"":87636,""12"":467,""449"":0,""636"":110218764,""11"":893510181,""238"":0,""14"":2540732448,""387"":""2b3431353436322e393030302d303038343139322e393636372b3030302e3030302f""}"
2026-07-06T23:57:02Z,862272088833183,Codec8E,2026-07-06 23:56:27.000 UTC,1783382187000,0,41.5462900,-8.4192966,0,0,0,0,0,"{""239"":0,""240"":0,""80"":0,""21"":4,""200"":3,""69"":3,""237"":2,""113"":100,""263"":1,""303"":0,""383"":3,""66"":12714,""206"":26,""67"":4033,""68"":0,""17"":-32,""18"":29,""19"":-8,""13201"":306,""241"":26801,""16"":87636,""12"":467,""449"":0,""636"":110218764,""11"":893510181,""238"":0,""14"":2540732448,""387"":""2b3431353436322e393030302d303038343139322e393636372b3030302e3030302f""}"