received_utc,imei,codec,record_utc,timestamp_ms,priority,latitude,longitude,altitude_m,angle_deg,satellites,speed_kmh,event_io_id,io_json
2026-06-30T00:55:08Z,862272088833183,Codec8E,2026-06-30 00:53:28.000 UTC,1782780808000,0,41.5462683,-8.4193083,0,0,0,0,0,"{""239"":0,""240"":0,""80"":0,""21"":4,""200"":3,""69"":3,""237"":2,""113"":100,""263"":1,""303"":0,""383"":3,""66"":12675,""206"":26,""67"":4051,""68"":0,""17"":-26,""18"":39,""19"":0,""13201"":302,""241"":26801,""16"":56875,""12"":287,""449"":0,""636"":110218764,""11"":893510181,""238"":0,""14"":2540732448,""387"":""2b3431353436322e363833332d303038343139332e303833332b3030302e3030302f""}"
2026-06-30T01:55:14Z,862272088833183,Codec8E,2026-06-30 01:53:28.000 UTC,1782784408000,0,41.5462683,-8.4193083,0,0,0,0,0,"{""239"":0,""240"":0,""80"":0,""21"":4,""200"":3,""69"":3,""237"":2,""113"":100,""263"":1,""303"":0,""383"":3,""66"":12656,""206"":26,""67"":4051,""68"":0,""17"":-26,""18"":38,""19"":-15,""13201"":296,""241"":26801,""16"":56875,""12"":287,""449"":0,""636"":110218765,""11"":893510181,""238"":0,""14"":2540732448,""387"":""2b3431353436322e363833332d303038343139332e303833332b3030302e3030302f""}"
2026-06-30T02:55:21Z,862272088833183,Codec8E,2026-06-30 02:53:28.000 UTC,1782788008000,0,41.5462683,-8.4193083,0,0,0,0,0,"{""239"":0,""240"":0,""80"":0,""21"":4,""200"":3,""69"":3,""237"":2,""113"":100,""263"":1,""303"":0,""383"":3,""66"":12636,""206"":26,""67"":4051,""68"":0,""17"":-28,""18"":43,""19"":-23,""13201"":292,""241"":26801,""16"":56875,""12"":287,""449"":0,""636"":110218764,""11"":893510181,""238"":0,""14"":2540732448,""387"":""2b3431353436322e363833332d303038343139332e303833332b3030302e3030302f""}"
2026-06-30T03:55:23Z,862272088833183,Codec8E,2026-06-30 03:53:28.000 UTC,1782791608000,0,41.5462683,-8.4193083,0,0,0,0,0,"{""239"":0,""240"":0,""80"":0,""21"":4,""200"":3,""69"":3,""237"":2,""113"":100,""263"":1,""303"":0,""383"":3,""66"":12636,""206"":26,""67"":4051,""68"":0,""17"":-31,""18"":39,""19"":-8,""13201"":289,""241"":26801,""16"":56875,""12"":287,""449"":0,""636"":110218764,""11"":893510181,""238"":0,""14"":2540732448,""387"":""2b3431353436322e363833332d303038343139332e303833332b3030302e3030302f""}"
2026-06-30T04:53:34Z,862272088833183,Codec8E,2026-06-30 04:53:28.000 UTC,1782795208000,0,41.5462683,-8.4193083,0,0,0,0,0,"{""239"":0,""240"":0,""80"":0,""21"":4,""200"":3,""69"":3,""237"":2,""113"":100,""263"":1,""303"":0,""383"":3,""66"":12634,""206"":26,""67"":4051,""68"":0,""17"":-31,""18"":48,""19"":-8,""13201"":288,""241"":26801,""16"":56875,""12"":287,""449"":0,""636"":110218764,""11"":893510181,""238"":0,""14"":2540732448,""387"":""2b3431353436322e363833332d303038343139332e303833332b3030302e3030302f""}"
2026-06-30T05:53:39Z,862272088833183,Codec8E,2026-06-30 05:53:28.000 UTC,1782798808000,0,41.5462683,-8.4193083,0,0,0,0,0,"{""239"":0,""240"":0,""80"":0,""21"":4,""200"":3,""69"":3,""237"":2,""113"":100,""263"":1,""303"":0,""383"":3,""66"":12636,""206"":26,""67"":4051,""68"":0,""17"":-25,""18"":39,""19"":-3,""13201"":285,""241"":26801,""16"":56875,""12"":287,""449"":0,""636"":110218765,""11"":893510181,""238"":0,""14"":2540732448,""387"":""2b3431353436322e363833332d303038343139332e303833332b3030302e3030302f""}"
2026-06-30T06:53:46Z,862272088833183,Codec8E,2026-06-30 06:53:28.000 UTC,1782802408000,0,41.5462683,-8.4193083,0,0,0,0,0,"{""239"":0,""240"":0,""80"":0,""21"":4,""200"":3,""69"":3,""237"":2,""113"":100,""263"":1,""303"":0,""383"":3,""66"":12634,""206"":26,""67"":4051,""68"":0,""17"":-25,""18"":38,""19"":-16,""13201"":283,""241"":26801,""16"":56875,""12"":287,""449"":0,""636"":110218764,""11"":893510181,""238"":0,""14"":2540732448,""387"":""2b3431353436322e363833332d303038343139332e303833332b3030302e3030302f""}"
2026-06-30T07:53:53Z,862272088833183,Codec8E,2026-06-30 07:53:28.000 UTC,1782806008000,0,41.5462683,-8.4193083,0,0,0,0,0,"{""239"":0,""240"":0,""80"":0,""21"":5,""200"":3,""69"":3,""237"":2,""113"":100,""263"":1,""303"":0,""383"":3,""66"":12636,""206"":26,""67"":4051,""68"":0,""17"":-24,""18"":39,""19"":-1,""13201"":282,""241"":26801,""16"":56875,""12"":287,""449"":0,""636"":110218764,""11"":893510181,""238"":0,""14"":2540732448,""387"":""2b3431353436322e363833332d303038343139332e303833332b3030302e3030302f""}"
2026-06-30T08:54:00Z,862272088833183,Codec8E,2026-06-30 08:53:28.000 UTC,1782809608000,0,41.5462683,-8.4193083,0,0,0,0,0,"{""239"":0,""240"":0,""80"":0,""21"":4,""200"":3,""69"":3,""237"":2,""113"":100,""263"":1,""303"":0,""383"":3,""66"":12621,""206"":26,""67"":4051,""68"":0,""17"":-32,""18"":48,""19"":-8,""13201"":282,""241"":26801,""16"":56875,""12"":287,""449"":0,""636"":110218765,""11"":893510181,""238"":0,""14"":2540732448,""387"":""2b3431353436322e363833332d303038343139332e303833332b3030302e3030302f""}"
2026-06-30T09:54:05Z,862272088833183,Codec8E,2026-06-30 09:53:28.000 UTC,1782813208000,0,41.5462683,-8.4193083,0,0,0,0,0,"{""239"":0,""240"":0,""80"":0,""21"":5,""200"":3,""69"":3,""237"":2,""113"":100,""263"":1,""303"":0,""383"":3,""66"":12600,""206"":26,""67"":4051,""68"":0,""17"":-31,""18"":48,""19"":-8,""13201"":281,""241"":26801,""16"":56875,""12"":287,""449"":0,""636"":110218764,""11"":893510181,""238"":0,""14"":2540732448,""387"":""2b3431353436322e363833332d303038343139332e303833332b3030302e3030302f""}"
2026-06-30T10:54:12Z,862272088833183,Codec8E,2026-06-30 10:53:28.000 UTC,1782816808000,0,41.5462683,-8.4193083,0,0,0,0,0,"{""239"":0,""240"":0,""80"":0,""21"":4,""200"":3,""69"":3,""237"":2,""113"":100,""263"":1,""303"":0,""383"":3,""66"":12593,""206"":26,""67"":4051,""68"":0,""17"":-32,""18"":48,""19"":-8,""13201"":281,""241"":26801,""16"":56875,""12"":287,""449"":0,""636"":110218764,""11"":893510181,""238"":0,""14"":2540732448,""387"":""2b3431353436322e363833332d303038343139332e303833332b3030302e3030302f""}"
2026-06-30T11:54:18Z,862272088833183,Codec8E,2026-06-30 11:53:28.000 UTC,1782820408000,0,41.5462683,-8.4193083,0,0,0,0,0,"{""239"":0,""240"":0,""80"":0,""21"":4,""200"":3,""69"":3,""237"":2,""113"":100,""263"":1,""303"":0,""383"":3,""66"":12593,""206"":26,""67"":4051,""68"":0,""17"":-31,""18"":48,""19"":-8,""13201"":282,""241"":26801,""16"":56875,""12"":287,""449"":0,""636"":110218764,""11"":893510181,""238"":0,""14"":2540732448,""387"":""2b3431353436322e363833332d303038343139332e303833332b3030302e3030302f""}"
2026-06-30T12:54:25Z,862272088833183,Codec8E,2026-06-30 12:53:28.000 UTC,1782824008000,0,41.5462683,-8.4193083,0,0,0,0,0,"{""239"":0,""240"":0,""80"":0,""21"":5,""200"":3,""69"":3,""237"":2,""113"":100,""263"":1,""303"":0,""383"":3,""66"":12593,""206"":26,""67"":4051,""68"":0,""17"":-35,""18"":39,""19"":-6,""13201"":283,""241"":26801,""16"":56875,""12"":287,""449"":0,""636"":110218764,""11"":893510181,""238"":0,""14"":2540732448,""387"":""2b3431353436322e363833332d303038343139332e303833332b3030302e3030302f""}"
2026-06-30T13:54:31Z,862272088833183,Codec8E,2026-06-30 13:53:28.000 UTC,1782827608000,0,41.5462683,-8.4193083,0,0,0,0,0,"{""239"":0,""240"":0,""80"":0,""21"":5,""200"":3,""69"":3,""237"":2,""113"":100,""263"":1,""303"":0,""383"":3,""66"":12593,""206"":26,""67"":4051,""68"":0,""17"":-25,""18"":38,""19"":-15,""13201"":282,""241"":26801,""16"":56875,""12"":287,""449"":0,""636"":110218764,""11"":893510181,""238"":0,""14"":2540732448,""387"":""2b3431353436322e363833332d303038343139332e303833332b3030302e3030302f""}"
2026-06-30T14:54:38Z,862272088833183,Codec8E,2026-06-30 14:53:28.000 UTC,1782831208000,0,41.5462683,-8.4193083,0,0,0,0,0,"{""239"":0,""240"":0,""80"":0,""21"":4,""200"":3,""69"":3,""237"":2,""113"":100,""263"":1,""303"":0,""383"":3,""66"":12593,""206"":26,""67"":4049,""68"":0,""17"":-20,""18"":39,""19"":-6,""13201"":284,""241"":26801,""16"":56875,""12"":287,""449"":0,""636"":110218765,""11"":893510181,""238"":0,""14"":2540732448,""387"":""2b3431353436322e363833332d303038343139332e303833332b3030302e3030302f""}"
2026-06-30T15:54:44Z,862272088833183,Codec8E,2026-06-30 15:53:28.000 UTC,1782834808000,0,41.5462683,-8.4193083,0,0,0,0,0,"{""239"":0,""240"":0,""80"":0,""21"":5,""200"":3,""69"":3,""237"":2,""113"":100,""263"":1,""303"":0,""383"":3,""66"":12589,""206"":26,""67"":4048,""68"":0,""17"":-24,""18"":39,""19"":-2,""13201"":284,""241"":26801,""16"":56875,""12"":287,""449"":0,""636"":110218764,""11"":893510181,""238"":0,""14"":2540732448,""387"":""2b3431353436322e363833332d303038343139332e303833332b3030302e3030302f""}"
2026-06-30T16:54:51Z,862272088833183,Codec8E,2026-06-30 16:53:28.000 UTC,1782838408000,0,41.5462683,-8.4193083,0,0,0,0,0,"{""239"":0,""240"":0,""80"":0,""21"":5,""200"":3,""69"":3,""237"":2,""113"":100,""263"":1,""303"":0,""383"":3,""66"":12587,""206"":26,""67"":4047,""68"":0,""17"":-24,""18"":39,""19"":-2,""13201"":284,""241"":26801,""16"":56875,""12"":287,""449"":0,""636"":110218765,""11"":893510181,""238"":0,""14"":2540732448,""387"":""2b3431353436322e363833332d303038343139332e303833332b3030302e3030302f""}"
2026-06-30T17:54:57Z,862272088833183,Codec8E,2026-06-30 17:53:28.000 UTC,1782842008000,0,41.5462683,-8.4193083,0,0,0,0,0,"{""239"":0,""240"":0,""80"":0,""21"":4,""200"":3,""69"":3,""237"":2,""113"":100,""263"":1,""303"":0,""383"":3,""66"":12589,""206"":26,""67"":4047,""68"":0,""17"":-35,""18"":39,""19"":-11,""13201"":284,""241"":26801,""16"":56875,""12"":287,""449"":0,""636"":110218764,""11"":893510181,""238"":0,""14"":2540732448,""387"":""2b3431353436322e363833332d303038343139332e303833332b3030302e3030302f""}"
2026-06-30T18:55:04Z,862272088833183,Codec8E,2026-06-30 18:53:28.000 UTC,1782845608000,0,41.5462683,-8.4193083,0,0,0,0,0,"{""239"":0,""240"":0,""80"":0,""21"":5,""200"":3,""69"":3,""237"":2,""113"":100,""263"":1,""303"":0,""383"":3,""66"":12591,""206"":26,""67"":4047,""68"":0,""17"":-26,""18"":38,""19"":-16,""13201"":285,""241"":26801,""16"":56875,""12"":287,""449"":0,""636"":110218764,""11"":893510181,""238"":0,""14"":2540732448,""387"":""2b3431353436322e363833332d303038343139332e303833332b3030302e3030302f""}"
2026-06-30T19:55:10Z,862272088833183,Codec8E,2026-06-30 19:53:28.000 UTC,1782849208000,0,41.5462683,-8.4193083,0,0,0,0,0,"{""239"":0,""240"":0,""80"":0,""21"":5,""200"":3,""69"":3,""237"":2,""113"":100,""263"":1,""303"":0,""383"":3,""66"":12587,""206"":26,""67"":4047,""68"":0,""17"":-33,""18"":29,""19"":-6,""13201"":285,""241"":26801,""16"":56875,""12"":287,""449"":0,""636"":110218765,""11"":893510181,""238"":0,""14"":2540732448,""387"":""2b3431353436322e363833332d303038343139332e303833332b3030302e3030302f""}"
2026-06-30T20:55:17Z,862272088833183,Codec8E,2026-06-30 20:53:28.000 UTC,1782852808000,0,41.5462683,-8.4193083,0,0,0,0,0,"{""239"":0,""240"":0,""80"":0,""21"":4,""200"":3,""69"":3,""237"":2,""113"":100,""263"":1,""303"":0,""383"":3,""66"":12563,""206"":26,""67"":4047,""68"":0,""17"":-37,""18"":39,""19"":-4,""13201"":285,""241"":26801,""16"":56875,""12"":287,""449"":0,""636"":110218765,""11"":893510181,""238"":0,""14"":2540732448,""387"":""2b3431353436322e363833332d303038343139332e303833332b3030302e3030302f""}"
2026-06-30T21:55:23Z,862272088833183,Codec8E,2026-06-30 21:53:28.000 UTC,1782856408000,0,41.5462683,-8.4193083,0,0,0,0,0,"{""239"":0,""240"":0,""80"":0,""21"":5,""200"":3,""69"":3,""237"":2,""113"":100,""263"":1,""303"":0,""383"":3,""66"":12550,""206"":26,""67"":4047,""68"":0,""17"":-35,""18"":25,""19"":-3,""13201"":285,""241"":26801,""16"":56875,""12"":287,""449"":0,""636"":110218765,""11"":893510181,""238"":0,""14"":2540732448,""387"":""2b3431353436322e363833332d303038343139332e303833332b3030302e3030302f""}"
2026-06-30T22:55:29Z,862272088833183,Codec8E,2026-06-30 22:53:28.000 UTC,1782860008000,0,41.5462683,-8.4193083,0,0,0,0,0,"{""239"":0,""240"":0,""80"":0,""21"":4,""200"":3,""69"":3,""237"":2,""113"":100,""263"":1,""303"":0,""383"":3,""66"":12550,""206"":26,""67"":4047,""68"":0,""17"":-34,""18"":48,""19"":-5,""13201"":285,""241"":26801,""16"":56875,""12"":287,""449"":0,""636"":110218764,""11"":893510181,""238"":0,""14"":2540732448,""387"":""2b3431353436322e363833332d303038343139332e303833332b3030302e3030302f""}"
2026-06-30T23:53:35Z,862272088833183,Codec8E,2026-06-30 23:53:28.000 UTC,1782863608000,0,41.5462683,-8.4193083,0,0,0,0,0,"{""239"":0,""240"":0,""80"":0,""21"":5,""200"":3,""69"":3,""237"":2,""113"":100,""263"":1,""303"":0,""383"":3,""66"":12550,""206"":26,""67"":4047,""68"":0,""17"":-31,""18"":48,""19"":-8,""13201"":285,""241"":26801,""16"":56875,""12"":287,""449"":0,""636"":110218764,""11"":893510181,""238"":0,""14"":2540732448,""387"":""2b3431353436322e363833332d303038343139332e303833332b3030302e3030302f""}"
2026-07-01T07:21:25Z,862272088542776,Codec8E,2026-06-30 00:41:28.000 UTC,1782780088000,0,40.1082750,-8.5085033,0,0,0,0,0,"{""239"":0,""240"":0,""21"":3,""200"":0,""69"":2,""237"":99,""113"":100,""303"":0,""383"":3,""1149"":1,""181"":0,""182"":0,""66"":12796,""24"":0,""206"":18,""67"":4128,""68"":0,""13"":798,""17"":-39,""18"":-22,""19"":5,""15"":0,""241"":26801,""199"":0,""16"":142760,""12"":11143,""449"":0,""636"":0,""1148"":0,""11"":8935106000,""14"":1160700155,""387"":""2b3430313038322e373530302d303038353038352e303333332b3030302e3030302f""}"
2026-07-01T07:21:27Z,862272088542776,Codec8E,2026-06-30 02:12:19.000 UTC,1782785539000,0,40.1082750,-8.5085033,0,0,0,0,0,"{""239"":0,""240"":0,""21"":3,""200"":0,""69"":2,""237"":99,""113"":100,""303"":0,""383"":3,""1149"":1,""181"":0,""182"":0,""66"":12796,""24"":0,""206"":18,""67"":4128,""68"":0,""13"":798,""17"":-41,""18"":-22,""19"":4,""15"":0,""241"":26801,""199"":0,""16"":142760,""12"":11143,""449"":0,""636"":0,""1148"":0,""11"":8935106000,""14"":1160700155,""387"":""2b3430313038322e373530302d303038353038352e303333332b3030302e3030302f""}"
2026-07-01T07:21:27Z,862272088542776,Codec8E,2026-06-30 03:43:10.000 UTC,1782790990000,0,40.1082750,-8.5085033,0,0,0,0,0,"{""239"":0,""240"":0,""21"":3,""200"":0,""69"":2,""237"":99,""113"":100,""303"":0,""383"":3,""1149"":1,""181"":0,""182"":0,""66"":12796,""24"":0,""206"":18,""67"":4128,""68"":0,""13"":798,""17"":-42,""18"":-25,""19"":4,""15"":0,""241"":26801,""199"":0,""16"":142760,""12"":11143,""449"":0,""636"":0,""1148"":0,""11"":8935106000,""14"":1160700155,""387"":""2b3430313038322e373530302d303038353038352e303333332b3030302e3030302f""}"
2026-07-01T07:21:27Z,862272088542776,Codec8E,2026-06-30 05:13:01.000 UTC,1782796381000,0,40.1082750,-8.5085033,0,0,0,0,0,"{""239"":0,""240"":0,""21"":5,""200"":0,""69"":2,""237"":99,""113"":100,""303"":0,""383"":3,""1149"":20,""181"":0,""182"":0,""66"":12796,""24"":0,""206"":18,""67"":4128,""68"":0,""13"":798,""17"":-39,""18"":-26,""19"":7,""15"":0,""241"":26801,""199"":0,""16"":142760,""12"":11143,""449"":0,""636"":0,""1148"":0,""11"":8935106000,""14"":1160700155,""387"":""2b3430313038322e373530302d303038353038352e303333332b3030302e3030302f""}"
2026-07-01T07:21:27Z,862272088542776,Codec8E,2026-06-30 06:43:52.000 UTC,1782801832000,0,40.1082750,-8.5085033,0,0,0,0,0,"{""239"":0,""240"":0,""21"":3,""200"":0,""69"":2,""237"":99,""113"":100,""303"":0,""383"":3,""1149"":1,""181"":0,""182"":0,""66"":12796,""24"":0,""206"":18,""67"":4128,""68"":0,""13"":798,""17"":-43,""18"":-19,""19"":7,""15"":0,""241"":26801,""199"":0,""16"":142760,""12"":11143,""449"":0,""636"":0,""1148"":0,""11"":8935106000,""14"":1160700155,""387"":""2b3430313038322e373530302d303038353038352e303333332b3030302e3030302f""}"
2026-07-01T07:21:27Z,862272088542776,Codec8E,2026-06-30 07:52:02.000 UTC,1782805922000,0,40.1082750,-8.5085033,0,0,0,0,239,"{""239"":1,""240"":0,""21"":5,""200"":0,""69"":2,""237"":99,""113"":100,""303"":0,""383"":3,""1149"":20,""181"":0,""182"":0,""66"":15163,""24"":0,""206"":18,""67"":4128,""68"":0,""13"":798,""17"":-41,""18"":-21,""19"":4,""15"":0,""241"":26801,""199"":0,""16"":142760,""12"":11143,""449"":0,""636"":0,""1148"":0,""11"":8935106000,""14"":1160700155,""387"":""2b3430313038322e373530302d303038353038352e303333332b3030302e3030302f""}"
2026-07-01T07:21:28Z,862272088542776,Codec8E,2026-06-30 07:53:32.000 UTC,1782806012000,0,40.1082750,-8.5085033,0,0,0,0,303,"{""239"":1,""240"":0,""21"":4,""200"":0,""69"":2,""237"":99,""113"":100,""303"":1,""383"":3,""1149"":20,""181"":0,""182"":0,""66"":14866,""24"":0,""206"":18,""67"":4128,""68"":0,""13"":800,""17"":-126,""18"":26,""19"":27,""15"":0,""241"":26801,""199"":0,""16"":142760,""12"":11168,""449"":0,""636"":0,""1148"":0,""11"":8935106000,""14"":1160700155,""387"":""2b3430313038322e373530302d303038353038352e303333332b3030302e3030302f""}"
2026-07-01T07:21:28Z,862272088542776,Codec8E,2026-06-30 07:53:33.000 UTC,1782806013000,0,40.1082750,-8.5085033,0,0,0,0,240,"{""239"":1,""240"":1,""21"":0,""200"":0,""69"":2,""237"":99,""113"":100,""303"":1,""383"":3,""1149"":0,""181"":0,""182"":0,""66"":14844,""24"":0,""206"":0,""67"":4128,""68"":0,""13"":800,""17"":-133,""18"":41,""19"":0,""15"":0,""241"":0,""199"":0,""16"":142760,""12"":11168,""449"":0,""636"":0,""1148"":0,""11"":8935106000,""14"":1160700155,""387"":""2b3430313038322e373530302d303038353038352e303333332b3030302e3030302f""}"
2026-07-01T07:21:28Z,862272088542776,Codec8E,2026-06-30 07:53:36.000 UTC,1782806016000,0,40.1082750,-8.5085033,0,0,0,0,303,"{""239"":1,""240"":1,""21"":0,""200"":0,""69"":2,""237"":99,""113"":100,""303"":0,""383"":3,""1149"":0,""181"":0,""182"":0,""66"":14905,""24"":0,""206"":0,""67"":4128,""68"":0,""13"":800,""17"":-269,""18"":33,""19"":-8,""15"":0,""241"":0,""199"":0,""16"":142760,""12"":11168,""449"":0,""636"":0,""1148"":0,""11"":8935106000,""14"":1160700155,""387"":""2b3430313038322e373530302d303038353038352e303333332b3030302e3030302f""}"
2026-07-01T07:21:28Z,862272088542776,Codec8E,2026-06-30 07:55:58.000 UTC,1782806158000,0,40.1082750,-8.5085033,0,0,0,0,303,"{""239"":1,""240"":1,""21"":3,""200"":0,""69"":2,""237"":2,""113"":0,""303"":1,""383"":3,""1149"":8,""181"":0,""182"":0,""66"":14892,""24"":0,""206"":48740,""67"":4126,""68"":0,""13"":800,""17"":-90,""18"":25,""19"":32,""15"":0,""241"":26806,""199"":0,""16"":142760,""12"":11168,""449"":0,""636"":339509,""1148"":86,""11"":8935106000,""14"":1160700155,""387"":""2b3430313038322e373530302d303038353038352e303333332b3030302e3030302f""}"
2026-07-01T07:21:28Z,862272088542776,Codec8E,2026-06-30 08:00:06.000 UTC,1782806406000,0,40.1082750,-8.5085033,0,0,0,0,303,"{""239"":1,""240"":1,""21"":5,""200"":0,""69"":2,""237"":2,""113"":100,""303"":0,""383"":3,""1149"":1,""181"":0,""182"":0,""66"":14816,""24"":0,""206"":48740,""67"":4128,""68"":0,""13"":800,""17"":-28,""18"":1,""19"":7,""15"":0,""241"":26806,""199"":0,""16"":142760,""12"":11168,""449"":0,""636"":339499,""1148"":80,""11"":8935106000,""14"":1160700155,""387"":""2b3430313038322e373530302d303038353038352e303333332b3030302e3030302f""}"
2026-07-01T07:21:28Z,862272088542776,Codec8E,2026-06-30 08:00:26.000 UTC,1782806426000,0,40.1082750,-8.5085033,0,0,0,0,303,"{""239"":1,""240"":1,""21"":5,""200"":0,""69"":2,""237"":2,""113"":100,""303"":1,""383"":3,""1149"":1,""181"":0,""182"":0,""66"":14905,""24"":0,""206"":48740,""67"":4128,""68"":0,""13"":800,""17"":-28,""18"":2,""19"":13,""15"":0,""241"":26806,""199"":0,""16"":142760,""12"":11168,""449"":0,""636"":339499,""1148"":80,""11"":8935106000,""14"":1160700155,""387"":""2b3430313038322e373530302d303038353038352e303333332b3030302e3030302f""}"
2026-07-01T07:21:28Z,862272088542776,Codec8E,2026-06-30 08:00:32.000 UTC,1782806432000,0,40.1082750,-8.5085033,0,0,0,0,303,"{""239"":1,""240"":1,""21"":4,""200"":0,""69"":2,""237"":2,""113"":100,""303"":0,""383"":3,""1149"":1,""181"":0,""182"":0,""66"":14917,""24"":0,""206"":48740,""67"":4128,""68"":0,""13"":800,""17"":-28,""18"":0,""19"":3,""15"":0,""241"":26806,""199"":0,""16"":142760,""12"":11168,""449"":0,""636"":339499,""1148"":80,""11"":8935106000,""14"":1160700155,""387"":""2b3430313038322e373530302d303038353038352e303333332b3030302e3030302f""}"
2026-07-01T07:21:28Z,862272088542776,Codec8E,2026-06-30 08:00:43.000 UTC,1782806443000,0,40.1082750,-8.5085033,0,0,0,0,303,"{""239"":1,""240"":1,""21"":4,""200"":0,""69"":2,""237"":2,""113"":100,""303"":1,""383"":3,""1149"":1,""181"":0,""182"":0,""66"":14917,""24"":0,""206"":48740,""67"":4128,""68"":0,""13"":800,""17"":-64,""18"":-8,""19"":24,""15"":0,""241"":26806,""199"":0,""16"":142760,""12"":11168,""449"":0,""636"":339499,""1148"":80,""11"":8935106000,""14"":1160700155,""387"":""2b3430313038322e373530302d303038353038352e303333332b3030302e3030302f""}"
2026-07-01T07:21:28Z,862272088542776,Codec8E,2026-06-30 08:00:52.000 UTC,1782806452000,0,40.1082750,-8.5085033,0,0,0,0,303,"{""239"":1,""240"":1,""21"":4,""200"":0,""69"":2,""237"":2,""113"":100,""303"":0,""383"":3,""1149"":1,""181"":0,""182"":0,""66"":14918,""24"":0,""206"":48740,""67"":4128,""68"":0,""13"":800,""17"":-17,""18"":-43,""19"":10,""15"":0,""241"":26806,""199"":0,""16"":142760,""12"":11168,""449"":0,""636"":339499,""1148"":76,""11"":8935106000,""14"":1160700155,""387"":""2b3430313038322e373530302d303038353038352e303333332b3030302e3030302f""}"
2026-07-01T07:21:28Z,862272088542776,Codec8E,2026-06-30 08:00:54.000 UTC,1782806454000,0,40.1082750,-8.5085033,0,0,0,0,303,"{""239"":1,""240"":1,""21"":4,""200"":0,""69"":2,""237"":2,""113"":100,""303"":1,""383"":3,""1149"":1,""181"":0,""182"":0,""66"":14920,""24"":0,""206"":48740,""67"":4128,""68"":0,""13"":800,""17"":-32,""18"":-25,""19"":15,""15"":0,""241"":26806,""199"":0,""16"":142760,""12"":11168,""449"":0,""636"":339499,""1148"":76,""11"":8935106000,""14"":1160700155,""387"":""2b3430313038322e373530302d303038353038352e303333332b3030302e3030302f""}"
2026-07-01T07:21:29Z,862272088542776,Codec8E,2026-06-30 08:00:55.000 UTC,1782806455000,0,40.1082750,-8.5085033,0,0,0,0,303,"{""239"":1,""240"":1,""21"":4,""200"":0,""69"":2,""237"":2,""113"":100,""303"":0,""383"":3,""1149"":1,""181"":0,""182"":0,""66"":14924,""24"":0,""206"":48740,""67"":4128,""68"":0,""13"":800,""17"":-76,""18"":-47,""19"":0,""15"":0,""241"":26806,""199"":0,""16"":142760,""12"":11168,""449"":0,""636"":339499,""1148"":76,""11"":8935106000,""14"":1160700155,""387"":""2b3430313038322e373530302d303038353038352e303333332b3030302e3030302f""}"
2026-07-01T07:21:29Z,862272088542776,Codec8E,2026-06-30 08:01:00.000 UTC,1782806460000,0,40.1082750,-8.5085033,0,0,0,0,303,"{""239"":1,""240"":1,""21"":4,""200"":0,""69"":2,""237"":2,""113"":100,""303"":1,""383"":3,""1149"":1,""181"":0,""182"":0,""66"":14867,""24"":0,""206"":48740,""67"":4128,""68"":0,""13"":800,""17"":-22,""18"":-4,""19"":4,""15"":0,""241"":26806,""199"":0,""16"":142760,""12"":11168,""449"":0,""636"":339499,""1148"":76,""11"":8935106000,""14"":1160700155,""387"":""2b3430313038322e373530302d303038353038352e303333332b3030302e3030302f""}"
2026-07-01T07:21:29Z,862272088542776,Codec8E,2026-06-30 08:04:50.000 UTC,1782806690000,0,40.1082750,-8.5085033,0,0,0,0,303,"{""239"":1,""240"":1,""21"":3,""200"":0,""69"":2,""237"":2,""113"":100,""303"":0,""383"":3,""1149"":1,""181"":0,""182"":0,""66"":14875,""24"":0,""206"":48740,""67"":4128,""68"":0,""13"":800,""17"":-55,""18"":-36,""19"":9,""15"":0,""241"":26806,""199"":0,""16"":142760,""12"":11168,""449"":0,""636"":339469,""1148"":77,""11"":8935106000,""14"":1160700155,""387"":""2b3430313038322e373530302d303038353038352e303333332b3030302e3030302f""}"
2026-07-01T07:21:29Z,862272088542776,Codec8E,2026-06-30 08:05:49.000 UTC,1782806749000,0,40.1082750,-8.5085033,0,0,0,0,240,"{""239"":1,""240"":0,""21"":4,""200"":0,""69"":2,""237"":2,""113"":100,""303"":0,""383"":3,""1149"":20,""181"":0,""182"":0,""66"":14927,""24"":0,""206"":48740,""67"":4128,""68"":0,""13"":800,""17"":-52,""18"":-38,""19"":10,""15"":0,""241"":26806,""199"":0,""16"":142760,""12"":11168,""449"":0,""636"":339479,""1148"":74,""11"":8935106000,""14"":1160700155,""387"":""2b3430313038322e373530302d303038353038352e303333332b3030302e3030302f""}"
2026-07-01T07:21:29Z,862272088542776,Codec8E,2026-06-30 08:06:22.000 UTC,1782806782000,0,40.1082750,-8.5085033,0,0,0,0,239,"{""239"":0,""240"":0,""21"":4,""200"":0,""69"":2,""237"":2,""113"":100,""303"":0,""383"":3,""1149"":20,""181"":0,""182"":0,""66"":13159,""24"":0,""206"":48740,""67"":4128,""68"":0,""13"":800,""17"":-51,""18"":-42,""19"":4,""15"":0,""241"":26806,""199"":0,""16"":142760,""12"":11176,""449"":0,""636"":339469,""1148"":25,""11"":8935106000,""14"":1160700155,""387"":""2b3430313038322e373530302d303038353038352e303333332b3030302e3030302f""}"
2026-07-01T07:21:29Z,862272088542776,Codec8E,2026-06-30 09:06:22.000 UTC,1782810382000,0,40.1082750,-8.5085033,73,0,10,0,0,"{""239"":0,""240"":0,""21"":4,""200"":0,""69"":1,""237"":2,""113"":100,""303"":0,""383"":3,""1149"":20,""181"":12,""182"":10,""66"":13115,""24"":0,""206"":48740,""67"":4128,""68"":0,""13"":800,""17"":-51,""18"":-45,""19"":4,""15"":0,""241"":26806,""199"":0,""16"":142760,""12"":11176,""449"":0,""636"":339469,""1148"":72,""11"":8935106000,""14"":1160700155,""387"":""2b3430313038322e373530302d303038353038352e303333332b3030302e3037332f""}"
2026-07-01T07:21:29Z,862272088542776,Codec8E,2026-06-30 10:28:14.000 UTC,1782815294000,0,40.1082750,-8.5085033,75,0,9,0,0,"{""239"":0,""240"":0,""21"":5,""200"":0,""69"":1,""237"":2,""113"":100,""303"":0,""383"":3,""1149"":20,""181"":18,""182"":16,""66"":13097,""24"":0,""206"":48740,""67"":4128,""68"":0,""13"":800,""17"":-52,""18"":-39,""19"":4,""15"":0,""241"":26806,""199"":0,""16"":142760,""12"":11176,""449"":0,""636"":339469,""1148"":70,""11"":8935106000,""14"":1160700155,""387"":""2b3430313038322e373530302d303038353038352e303333332b3030302e3037352f""}"
2026-07-01T07:21:29Z,862272088542776,Codec8E,2026-06-30 11:04:57.000 UTC,1782817497000,0,40.1082750,-8.5085033,64,0,8,0,239,"{""239"":1,""240"":0,""21"":5,""200"":0,""69"":1,""237"":2,""113"":100,""303"":0,""383"":3,""1149"":20,""181"":17,""182"":14,""66"":15105,""24"":0,""206"":48740,""67"":4128,""68"":0,""13"":800,""17"":-52,""18"":-41,""19"":5,""15"":0,""241"":26806,""199"":0,""16"":142760,""12"":11176,""449"":0,""636"":339469,""1148"":71,""11"":8935106000,""14"":1160700155,""387"":""2b3430313038322e373530302d303038353038352e303333332b3030302e3036342f""}"
2026-07-01T07:21:29Z,862272088542776,Codec8E,2026-06-30 11:05:28.000 UTC,1782817528000,0,40.1082750,-8.5085033,63,0,9,0,303,"{""239"":1,""240"":0,""21"":4,""200"":0,""69"":1,""237"":2,""113"":100,""303"":1,""383"":3,""1149"":20,""181"":15,""182"":12,""66"":14882,""24"":0,""206"":48740,""67"":4128,""68"":0,""13"":801,""17"":-49,""18"":-48,""19"":70,""15"":0,""241"":26806,""199"":0,""16"":142760,""12"":11185,""449"":0,""636"":339469,""1148"":71,""11"":8935106000,""14"":1160700155,""387"":""2b3430313038322e373530302d303038353038352e303333332b3030302e3036332f""}"
2026-07-01T07:21:29Z,862272088542776,Codec8E,2026-06-30 11:05:29.000 UTC,1782817529000,0,40.1082216,-8.5083683,63,174,9,0,240,"{""239"":1,""240"":1,""21"":4,""200"":0,""69"":1,""237"":2,""113"":100,""303"":1,""383"":3,""1149"":20,""181"":15,""182"":12,""66"":14876,""24"":0,""206"":48740,""67"":4128,""68"":0,""13"":801,""17"":-154,""18"":-104,""19"":3,""15"":0,""241"":26806,""199"":0,""16"":142760,""12"":11185,""449"":0,""636"":339469,""1148"":71,""11"":8935106000,""14"":1160700155,""387"":""2b3430313038322e323136372d303038353038332e363833332b3030302e3036332f""}"
2026-07-01T07:21:31Z,862272088542776,Codec8E,2026-06-30 11:05:37.000 UTC,1782817537000,0,40.1082666,-8.5080966,72,89,9,10,0,"{""239"":1,""240"":1,""21"":5,""200"":0,""69"":1,""237"":2,""113"":100,""303"":1,""383"":3,""1149"":20,""181"":21,""182"":12,""66"":14892,""24"":10,""206"":48740,""67"":4128,""68"":0,""13"":801,""17"":-125,""18"":-47,""19"":55,""15"":0,""241"":26806,""199"":8,""16"":142768,""12"":11186,""449"":0,""636"":339469,""1148"":74,""11"":8935106000,""14"":1160700155,""387"":""2b3430313038322e363636372d303038353038302e393636372b3030302e3037322f""}"
2026-07-01T07:21:31Z,862272088542776,Codec8E,2026-06-30 11:05:40.000 UTC,1782817540000,0,40.1083099,-8.5077916,75,80,9,20,0,"{""239"":1,""240"":1,""21"":5,""200"":0,""69"":1,""237"":2,""113"":100,""303"":1,""383"":3,""1149"":20,""181"":15,""182"":12,""66"":14869,""24"":20,""206"":48740,""67"":4128,""68"":0,""13"":801,""17"":-71,""18"":-51,""19"":90,""15"":1000,""241"":26806,""199"":34,""16"":142794,""12"":11186,""449"":0,""636"":339469,""1148"":74,""11"":8935106000,""14"":1160700155,""387"":""2b3430313038332e313030302d303038353037372e393136372b3030302e3037352f""}"
2026-07-01T07:21:31Z,862272088542776,Codec8E,2026-06-30 11:05:51.000 UTC,1782817551000,0,40.1084050,-8.5068483,77,68,12,23,0,"{""239"":1,""240"":1,""21"":5,""200"":0,""69"":1,""237"":2,""113"":100,""303"":1,""383"":3,""1149"":20,""181"":12,""182"":9,""66"":14897,""24"":23,""206"":48740,""67"":4128,""68"":0,""13"":801,""17"":-85,""18"":-100,""19"":16,""15"":1000,""241"":26806,""199"":116,""16"":142876,""12"":11186,""449"":0,""636"":339469,""1148"":74,""11"":8935106000,""14"":1160700155,""387"":""2b3430313038342e303530302d303038353036382e343833332b3030302e3037372f""}"
2026-07-01T07:21:31Z,862272088542776,Codec8E,2026-06-30 11:05:53.000 UTC,1782817553000,0,40.1085050,-8.5067700,77,47,12,21,0,"{""239"":1,""240"":1,""21"":5,""200"":0,""69"":1,""237"":2,""113"":100,""303"":1,""383"":3,""1149"":20,""181"":14,""182"":9,""66"":14922,""24"":21,""206"":48740,""67"":4128,""68"":0,""13"":801,""17"":-7,""18"":-15,""19"":35,""15"":1000,""241"":26806,""199"":130,""16"":142890,""12"":11186,""449"":0,""636"":339499,""1148"":74,""11"":8935106000,""14"":1160700155,""387"":""2b3430313038352e303530302d303038353036372e373030302b3030302e3037372f""}"
2026-07-01T07:21:31Z,862272088542776,Codec8E,2026-06-30 11:05:55.000 UTC,1782817555000,0,40.1086466,-8.5067333,76,26,9,20,0,"{""239"":1,""240"":1,""21"":5,""200"":0,""69"":1,""237"":2,""113"":100,""303"":1,""383"":3,""1149"":20,""181"":18,""182"":12,""66"":14950,""24"":20,""206"":48740,""67"":4128,""68"":0,""13"":801,""17"":151,""18"":126,""19"":152,""15"":1000,""241"":26806,""199"":146,""16"":142906,""12"":11186,""449"":0,""636"":339499,""1148"":74,""11"":8935106000,""14"":1160700155,""387"":""2b3430313038362e343636372d303038353036372e333333332b3030302e3037362f""}"
2026-07-01T07:21:31Z,862272088542776,Codec8E,2026-06-30 11:05:57.000 UTC,1782817557000,0,40.1088066,-8.5067550,76,15,8,18,0,"{""239"":1,""240"":1,""21"":5,""200"":0,""69"":1,""237"":2,""113"":100,""303"":1,""383"":3,""1149"":20,""181"":26,""182"":18,""66"":14935,""24"":18,""206"":48740,""67"":4128,""68"":0,""13"":801,""17"":-90,""18"":362,""19"":31,""15"":1000,""241"":26806,""199"":164,""16"":142924,""12"":11186,""449"":0,""636"":339499,""1148"":74,""11"":8935106000,""14"":1160700155,""387"":""2b3430313038382e303636372d303038353036372e353530302b3030302e3037362f""}"
2026-07-01T07:21:31Z,862272088542776,Codec8E,2026-06-30 11:05:59.000 UTC,1782817559000,0,40.1088933,-8.5066900,77,59,7,18,0,"{""239"":1,""240"":1,""21"":5,""200"":0,""69"":1,""237"":2,""113"":100,""303"":1,""383"":3,""1149"":20,""181"":29,""182"":20,""66"":14880,""24"":18,""206"":48740,""67"":4128,""68"":0,""13"":801,""17"":-184,""18"":51,""19"":62,""15"":1000,""241"":26806,""199"":176,""16"":142936,""12"":11186,""449"":0,""636"":339499,""1148"":74,""11"":8935106000,""14"":1160700155,""387"":""2b3430313038382e393333332d303038353036362e393030302b3030302e3037372f""}"
2026-07-01T07:21:31Z,862272088542776,Codec8E,2026-06-30 11:06:03.000 UTC,1782817563000,0,40.1089816,-8.5064583,77,90,8,18,0,"{""239"":1,""240"":1,""21"":5,""200"":0,""69"":1,""237"":2,""113"":100,""303"":1,""383"":3,""1149"":1,""181"":14,""182"":11,""66"":14936,""24"":18,""206"":48740,""67"":4128,""68"":0,""13"":801,""17"":-179,""18"":-10,""19"":27,""15"":1000,""241"":26806,""199"":202,""16"":142962,""12"":11186,""449"":0,""636"":339499,""1148"":71,""11"":8935106000,""14"":1160700155,""387"":""2b3430313038392e383136372d303038353036342e353833332b3030302e3037372f""}"
2026-07-01T07:21:31Z,862272088542776,Codec8E,2026-06-30 11:06:07.000 UTC,1782817567000,0,40.1089949,-8.5060050,78,92,7,28,0,"{""239"":1,""240"":1,""21"":5,""200"":0,""69"":1,""237"":2,""113"":100,""303"":1,""383"":3,""1149"":1,""181"":19,""182"":10,""66"":14850,""24"":28,""206"":48740,""67"":4128,""68"":0,""13"":801,""17"":-91,""18"":315,""19"":57,""15"":1000,""241"":26806,""199"":240,""16"":143000,""12"":11186,""449"":0,""636"":339499,""1148"":71,""11"":8935106000,""14"":1160700155,""387"":""2b3430313038392e393530302d303038353036302e303530302b3030302e3037382f""}"
2026-07-01T07:21:31Z,862272088542776,Codec8E,2026-06-30 11:06:09.000 UTC,1782817569000,0,40.1089000,-8.5058449,78,137,12,29,0,"{""239"":1,""240"":1,""21"":5,""200"":0,""69"":1,""237"":2,""113"":100,""303"":1,""383"":3,""1149"":1,""181"":13,""182"":7,""66"":14888,""24"":29,""206"":48740,""67"":4128,""68"":0,""13"":801,""17"":-127,""18"":47,""19"":29,""15"":1000,""241"":26806,""199"":259,""16"":143019,""12"":11186,""449"":0,""636"":339499,""1148"":71,""11"":8935106000,""14"":1160700155,""387"":""2b3430313038392e303030302d303038353035382e343530302b3030302e3037382f""}"
2026-07-01T07:21:31Z,862272088542776,Codec8E,2026-06-30 11:06:13.000 UTC,1782817573000,0,40.1086233,-8.5056050,81,150,10,32,0,"{""239"":1,""240"":1,""21"":5,""200"":0,""69"":1,""237"":2,""113"":100,""303"":1,""383"":3,""1149"":1,""181"":11,""182"":8,""66"":14930,""24"":32,""206"":48740,""67"":4128,""68"":0,""13"":801,""17"":11,""18"":-7,""19"":52,""15"":1000,""241"":26806,""199"":297,""16"":143057,""12"":11186,""449"":0,""636"":339499,""1148"":71,""11"":8935106000,""14"":1160700155,""387"":""2b3430313038362e323333332d303038353035362e303530302b3030302e3038312f""}"
2026-07-01T07:21:31Z,862272088542776,Codec8E,2026-06-30 11:06:18.000 UTC,1782817578000,0,40.1082583,-8.5053266,83,139,10,31,0,"{""239"":1,""240"":1,""21"":5,""200"":0,""69"":1,""237"":2,""113"":100,""303"":1,""383"":3,""1149"":1,""181"":15,""182"":8,""66"":14948,""24"":31,""206"":48740,""67"":4128,""68"":0,""13"":801,""17"":-10,""18"":-222,""19"":151,""15"":1000,""241"":26806,""199"":344,""16"":143104,""12"":11186,""449"":0,""636"":339499,""1148"":71,""11"":8935106000,""14"":1160700155,""387"":""2b3430313038322e353833332d303038353035332e323636372b3030302e3038332f""}"
2026-07-01T07:21:31Z,862272088542776,Codec8E,2026-06-30 11:06:22.000 UTC,1782817582000,0,40.1081400,-8.5050716,84,119,10,27,0,"{""239"":1,""240"":1,""21"":5,""200"":0,""69"":1,""237"":2,""113"":100,""303"":1,""383"":3,""1149"":1,""181"":12,""182"":9,""66"":14870,""24"":27,""206"":48740,""67"":4128,""68"":0,""13"":801,""17"":32,""18"":104,""19"":101,""15"":1000,""241"":26806,""199"":370,""16"":143130,""12"":11186,""449"":0,""636"":339499,""1148"":71,""11"":8935106000,""14"":1160700155,""387"":""2b3430313038312e343030302d303038353035302e373136372b3030302e3038342f""}"
2026-07-01T07:21:31Z,862272088542776,Codec8E,2026-06-30 11:06:23.000 UTC,1782817583000,0,40.1081483,-8.5049650,84,107,9,27,0,"{""239"":1,""240"":1,""21"":5,""200"":0,""69"":1,""237"":2,""113"":100,""303"":1,""383"":3,""1149"":1,""181"":23,""182"":14,""66"":14936,""24"":27,""206"":48740,""67"":4128,""68"":0,""13"":801,""17"":-166,""18"":197,""19"":242,""15"":1000,""241"":26806,""199"":379,""16"":143139,""12"":11186,""449"":0,""636"":339499,""1148"":71,""11"":8935106000,""14"":1160700155,""387"":""2b3430313038312e343833332d303038353034392e363530302b3030302e3038342f""}"
2026-07-01T07:21:31Z,862272088542776,Codec8E,2026-06-30 11:06:26.000 UTC,1782817586000,0,40.1080833,-8.5046333,83,124,11,31,0,"{""239"":1,""240"":1,""21"":5,""200"":0,""69"":1,""237"":2,""113"":100,""303"":1,""383"":3,""1149"":1,""181"":14,""182"":8,""66"":14896,""24"":31,""206"":48740,""67"":4128,""68"":0,""13"":801,""17"":-141,""18"":138,""19"":2,""15"":1000,""241"":26806,""199"":410,""16"":143170,""12"":11186,""449"":0,""636"":339499,""1148"":71,""11"":8935106000,""14"":1160700155,""387"":""2b3430313038302e383333332d303038353034362e333333332b3030302e3038332f""}"
2026-07-01T07:21:32Z,862272088542776,Codec8E,2026-06-30 11:06:27.000 UTC,1782817587000,0,40.1080166,-8.5045433,83,135,11,33,0,"{""239"":1,""240"":1,""21"":5,""200"":0,""69"":1,""237"":2,""113"":100,""303"":1,""383"":3,""1149"":1,""181"":14,""182"":8,""66"":14897,""24"":33,""206"":48740,""67"":4128,""68"":0,""13"":801,""17"":-155,""18"":92,""19"":66,""15"":1000,""241"":26806,""199"":420,""16"":143180,""12"":11186,""449"":0,""636"":339499,""1148"":71,""11"":8935106000,""14"":1160700155,""387"":""2b3430313038302e313636372d303038353034352e343333332b3030302e3038332f""}"
2026-07-01T07:21:32Z,862272088542776,Codec8E,2026-06-30 11:06:29.000 UTC,1782817589000,0,40.1078700,-8.5043750,83,145,12,35,0,"{""239"":1,""240"":1,""21"":5,""200"":0,""69"":1,""237"":2,""113"":100,""303"":1,""383"":3,""1149"":1,""181"":10,""182"":7,""66"":14882,""24"":35,""206"":48740,""67"":4128,""68"":0,""13"":801,""17"":-143,""18"":-109,""19"":20,""15"":1000,""241"":26806,""199"":442,""16"":143202,""12"":11186,""449"":0,""636"":339499,""1148"":71,""11"":8935106000,""14"":1160700155,""387"":""2b3430313037382e373030302d303038353034332e373530302b3030302e3038332f""}"
2026-07-01T07:21:32Z,862272088542776,Codec8E,2026-06-30 11:06:32.000 UTC,1782817592000,0,40.1076116,-8.5041000,81,129,12,41,0,"{""239"":1,""240"":1,""21"":4,""200"":0,""69"":1,""237"":2,""113"":100,""303"":1,""383"":3,""1149"":1,""181"":10,""182"":7,""66"":14939,""24"":41,""206"":48740,""67"":4128,""68"":0,""13"":801,""17"":-140,""18"":-106,""19"":48,""15"":1000,""241"":26806,""199"":479,""16"":143239,""12"":11186,""449"":0,""636"":339499,""1148"":78,""11"":8935106000,""14"":1160700155,""387"":""2b3430313037362e313136372d303038353034312e303030302b3030302e3038312f""}"
2026-07-01T07:21:32Z,862272088542776,Codec8E,2026-06-30 11:06:36.000 UTC,1782817596000,0,40.1073833,-8.5035033,84,116,12,48,0,"{""239"":1,""240"":1,""21"":4,""200"":0,""69"":1,""237"":2,""113"":100,""303"":1,""383"":3,""1149"":1,""181"":10,""182"":7,""66"":14924,""24"":48,""206"":48740,""67"":4128,""68"":0,""13"":801,""17"":-45,""18"":-20,""19"":8,""15"":1000,""241"":26806,""199"":536,""16"":143296,""12"":11186,""449"":0,""636"":339499,""1148"":78,""11"":8935106000,""14"":1160700155,""387"":""2b3430313037332e383333332d303038353033352e303333332b3030302e3038342f""}"
2026-07-01T07:21:32Z,862272088542776,Codec8E,2026-06-30 11:06:43.000 UTC,1782817603000,0,40.1070366,-8.5024033,86,112,10,51,0,"{""239"":1,""240"":1,""21"":4,""200"":0,""69"":1,""237"":2,""113"":100,""303"":1,""383"":3,""1149"":1,""181"":11,""182"":8,""66"":14919,""24"":51,""206"":48740,""67"":4128,""68"":0,""13"":801,""17"":-18,""18"":-54,""19"":27,""15"":1000,""241"":26806,""199"":638,""16"":143398,""12"":11186,""449"":0,""636"":339499,""1148"":78,""11"":8935106000,""14"":1160700155,""387"":""2b3430313037302e333636372d303038353032342e303333332b3030302e3038362f""}"
2026-07-01T07:21:32Z,862272088542776,Codec8E,2026-06-30 11:06:51.000 UTC,1782817611000,0,40.1066866,-8.5013833,85,120,12,40,0,"{""239"":1,""240"":1,""21"":4,""200"":0,""69"":1,""237"":2,""113"":100,""303"":1,""383"":3,""1149"":1,""181"":13,""182"":7,""66"":14887,""24"":40,""206"":48740,""67"":4128,""68"":0,""13"":801,""17"":-18,""18"":214,""19"":23,""15"":1000,""241"":26806,""199"":733,""16"":143493,""12"":11186,""449"":0,""636"":339499,""1148"":78,""11"":8935106000,""14"":1160700155,""387"":""2b3430313036362e383636372d303038353031332e383333332b3030302e3038352f""}"
2026-07-01T07:21:32Z,862272088542776,Codec8E,2026-06-30 11:06:53.000 UTC,1782817613000,0,40.1065250,-8.5013233,85,171,12,36,0,"{""239"":1,""240"":1,""21"":4,""200"":0,""69"":1,""237"":2,""113"":100,""303"":1,""383"":3,""1149"":1,""181"":13,""182"":7,""66"":14911,""24"":36,""206"":48740,""67"":4128,""68"":0,""13"":801,""17"":-37,""18"":276,""19"":22,""15"":1000,""241"":26806,""199"":755,""16"":143515,""12"":11186,""449"":0,""636"":339499,""1148"":78,""11"":8935106000,""14"":1160700155,""387"":""2b3430313036352e323530302d303038353031332e323333332b3030302e3038352f""}"
2026-07-01T07:21:32Z,862272088542776,Codec8E,2026-06-30 11:06:56.000 UTC,1782817616000,0,40.1062633,-8.5013333,87,182,11,34,0,"{""239"":1,""240"":1,""21"":4,""200"":0,""69"":1,""237"":2,""113"":100,""303"":1,""383"":3,""1149"":1,""181"":15,""182"":9,""66"":14880,""24"":34,""206"":48740,""67"":4128,""68"":0,""13"":801,""17"":13,""18"":317,""19"":41,""15"":1000,""241"":26806,""199"":784,""16"":143544,""12"":11186,""449"":0,""636"":339499,""1148"":78,""11"":8935106000,""14"":1160700155,""387"":""2b3430313036322e363333332d303038353031332e333333332b3030302e3038372f""}"
2026-07-01T07:21:32Z,862272088542776,Codec8E,2026-06-30 11:06:58.000 UTC,1782817618000,0,40.1062216,-8.5015883,86,251,9,33,0,"{""239"":1,""240"":1,""21"":4,""200"":0,""69"":1,""237"":2,""113"":100,""303"":1,""383"":3,""1149"":1,""181"":18,""182"":12,""66"":14924,""24"":33,""206"":48740,""67"":4128,""68"":0,""13"":801,""17"":77,""18"":286,""19"":70,""15"":1000,""241"":26806,""199"":812,""16"":143572,""12"":11186,""449"":0,""636"":339499,""1148"":78,""11"":8935106000,""14"":1160700155,""387"":""2b3430313036322e323136372d303038353031352e383833332b3030302e3038362f""}"
2026-07-01T07:21:32Z,862272088542776,Codec8E,2026-06-30 11:07:00.000 UTC,1782817620000,0,40.1062366,-8.5018616,86,277,11,34,0,"{""239"":1,""240"":1,""21"":4,""200"":0,""69"":1,""237"":2,""113"":100,""303"":1,""383"":3,""1149"":1,""181"":15,""182"":9,""66"":14939,""24"":34,""206"":48740,""67"":4128,""68"":0,""13"":801,""17"":3,""18"":362,""19"":67,""15"":1000,""241"":26806,""199"":836,""16"":143596,""12"":11186,""449"":0,""636"":339499,""1148"":78,""11"":8935106000,""14"":1160700155,""387"":""2b3430313036322e333636372d303038353031382e363136372b3030302e3038362f""}"
2026-07-01T07:21:34Z,862272088542776,Codec8E,2026-06-30 11:07:01.000 UTC,1782817621000,0,40.1062583,-8.5019950,86,287,12,34,0,"{""239"":1,""240"":1,""21"":4,""200"":0,""69"":1,""237"":2,""113"":100,""303"":1,""383"":3,""1149"":1,""181"":12,""182"":9,""66"":14861,""24"":34,""206"":48740,""67"":4128,""68"":0,""13"":801,""17"":-14,""18"":265,""19"":106,""15"":1000,""241"":26806,""199"":848,""16"":143608,""12"":11186,""449"":0,""636"":339499,""1148"":78,""11"":8935106000,""14"":1160700155,""387"":""2b3430313036322e353833332d303038353031392e393530302b3030302e3038362f""}"
2026-07-01T07:21:34Z,862272088542776,Codec8E,2026-06-30 11:07:02.000 UTC,1782817622000,0,40.1063050,-8.5020999,86,299,12,34,0,"{""239"":1,""240"":1,""21"":4,""200"":0,""69"":1,""237"":2,""113"":100,""303"":1,""383"":3,""1149"":1,""181"":12,""182"":9,""66"":14943,""24"":34,""206"":48740,""67"":4128,""68"":0,""13"":801,""17"":-74,""18"":41,""19"":26,""15"":1000,""241"":26806,""199"":858,""16"":143618,""12"":11186,""449"":0,""636"":339499,""1148"":78,""11"":8935106000,""14"":1160700155,""387"":""2b3430313036332e303530302d303038353032312e303030302b3030302e3038362f""}"
2026-07-01T07:21:34Z,862272088542776,Codec8E,2026-06-30 11:07:03.000 UTC,1782817623000,0,40.1063950,-8.5021583,86,313,11,34,0,"{""239"":1,""240"":1,""21"":4,""200"":0,""69"":1,""237"":2,""113"":100,""303"":1,""383"":3,""1149"":1,""181"":13,""182"":10,""66"":14881,""24"":34,""206"":48740,""67"":4128,""68"":0,""13"":801,""17"":-24,""18"":-1,""19"":18,""15"":1000,""241"":26806,""199"":869,""16"":143629,""12"":11186,""449"":0,""636"":339499,""1148"":78,""11"":8935106000,""14"":1160700155,""387"":""2b3430313036332e393530302d303038353032312e353833332b3030302e3038362f""}"
2026-07-01T07:21:34Z,862272088542776,Codec8E,2026-06-30 11:07:05.000 UTC,1782817625000,0,40.1066116,-8.5022566,85,334,7,35,0,"{""239"":1,""240"":1,""21"":4,""200"":0,""69"":1,""237"":2,""113"":100,""303"":1,""383"":3,""1149"":1,""181"":33,""182"":22,""66"":14898,""24"":35,""206"":48740,""67"":4128,""68"":0,""13"":801,""17"":-27,""18"":-27,""19"":36,""15"":1000,""241"":26806,""199"":895,""16"":143655,""12"":11186,""449"":0,""636"":339499,""1148"":78,""11"":8935106000,""14"":1160700155,""387"":""2b3430313036362e313136372d303038353032322e353636372b3030302e3038352f""}"
2026-07-01T07:21:34Z,862272088542776,Codec8E,2026-06-30 11:07:10.000 UTC,1782817630000,0,40.1073433,-8.5024500,86,344,8,45,0,"{""239"":1,""240"":1,""21"":4,""200"":0,""69"":1,""237"":2,""113"":100,""303"":1,""383"":3,""1149"":1,""181"":16,""182"":14,""66"":14868,""24"":45,""206"":48740,""67"":4128,""68"":0,""13"":801,""17"":22,""18"":-6,""19"":44,""15"":1000,""241"":26806,""199"":978,""16"":143738,""12"":11186,""449"":0,""636"":339499,""1148"":78,""11"":8935106000,""14"":1160700155,""387"":""2b3430313037332e343333332d303038353032342e353030302b3030302e3038362f""}"
2026-07-01T07:21:34Z,862272088542776,Codec8E,2026-06-30 11:07:15.000 UTC,1782817635000,0,40.1079750,-8.5025433,84,355,10,49,0,"{""239"":1,""240"":1,""21"":4,""200"":0,""69"":1,""237"":2,""113"":100,""303"":1,""383"":3,""1149"":1,""181"":19,""182"":12,""66"":14851,""24"":49,""206"":48740,""67"":4128,""68"":0,""13"":801,""17"":17,""18"":84,""19"":51,""15"":1000,""241"":26806,""199"":1049,""16"":143809,""12"":11186,""449"":0,""636"":339499,""1148"":79,""11"":8935106000,""14"":1160700155,""387"":""2b3430313037392e373530302d303038353032352e343333332b3030302e3038342f""}"
2026-07-01T07:21:34Z,862272088542776,Codec8E,2026-06-30 11:07:20.000 UTC,1782817640000,0,40.1084749,-8.5024749,82,8,11,42,0,"{""239"":1,""240"":1,""21"":4,""200"":0,""69"":1,""237"":2,""113"":100,""303"":1,""383"":3,""1149"":1,""181"":16,""182"":10,""66"":14855,""24"":42,""206"":48740,""67"":4128,""68"":0,""13"":801,""17"":133,""18"":-139,""19"":199,""15"":1000,""241"":26806,""199"":1105,""16"":143865,""12"":11186,""449"":0,""636"":339499,""1148"":79,""11"":8935106000,""14"":1160700155,""387"":""2b3430313038342e373530302d303038353032342e373530302b3030302e3038322f""}"
2026-07-01T07:21:34Z,862272088542776,Codec8E,2026-06-30 11:07:25.000 UTC,1782817645000,0,40.1089633,-8.5024116,78,358,11,39,0,"{""239"":1,""240"":1,""21"":4,""200"":0,""69"":1,""237"":2,""113"":100,""303"":1,""383"":3,""1149"":1,""181"":16,""182"":10,""66"":14854,""24"":39,""206"":48740,""67"":4128,""68"":0,""13"":801,""17"":42,""18"":14,""19"":15,""15"":1000,""241"":26806,""199"":1160,""16"":143920,""12"":11186,""449"":0,""636"":339499,""1148"":79,""11"":8935106000,""14"":1160700155,""387"":""2b3430313038392e363333332d303038353032342e313136372b3030302e3037382f""}"
2026-07-01T07:21:34Z,862272088542776,Codec8E,2026-06-30 11:07:32.000 UTC,1782817652000,0,40.1094883,-8.5025250,75,2,11,29,0,"{""239"":1,""240"":1,""21"":5,""200"":0,""69"":1,""237"":2,""113"":100,""303"":1,""383"":3,""1149"":1,""181"":16,""182"":10,""66"":14887,""24"":29,""206"":48740,""67"":4128,""68"":0,""13"":801,""17"":-83,""18"":116,""19"":55,""15"":1000,""241"":26806,""199"":1219,""16"":143979,""12"":11186,""449"":0,""636"":339499,""1148"":70,""11"":8935106000,""14"":1160700155,""387"":""2b3430313039342e383833332d303038353032352e323530302b3030302e3037352f""}"
2026-07-01T07:21:34Z,862272088542776,Codec8E,2026-06-30 11:07:34.000 UTC,1782817654000,0,40.1096083,-8.5024999,75,12,9,27,0,"{""239"":1,""240"":1,""21"":5,""200"":0,""69"":1,""237"":2,""113"":100,""303"":1,""383"":3,""1149"":1,""181"":21,""182"":14,""66"":14873,""24"":27,""206"":48740,""67"":4128,""68"":0,""13"":801,""17"":-86,""18"":49,""19"":71,""15"":1000,""241"":26806,""199"":1233,""16"":143993,""12"":11186,""449"":0,""636"":339499,""1148"":70,""11"":8935106000,""14"":1160700155,""387"":""2b3430313039362e303833332d303038353032352e303030302b3030302e3037352f""}"
2026-07-01T07:21:34Z,862272088542776,Codec8E,2026-06-30 11:07:35.000 UTC,1782817655000,0,40.1096766,-8.5024550,75,31,10,27,0,"{""239"":1,""240"":1,""21"":5,""200"":0,""69"":1,""237"":2,""113"":100,""303"":1,""383"":3,""1149"":1,""181"":16,""182"":9,""66"":14931,""24"":27,""206"":48740,""67"":4128,""68"":0,""13"":801,""17"":-104,""18"":8,""19"":31,""15"":1000,""241"":26806,""199"":1241,""16"":144001,""12"":11186,""449"":0,""636"":339499,""1148"":70,""11"":8935106000,""14"":1160700155,""387"":""2b3430313039362e373636372d303038353032342e353530302b3030302e3037352f""}"
2026-07-01T07:21:34Z,862272088542776,Codec8E,2026-06-30 11:07:42.000 UTC,1782817662000,0,40.1101416,-8.5019449,70,41,8,28,0,"{""239"":1,""240"":1,""21"":5,""200"":0,""69"":1,""237"":2,""113"":100,""303"":1,""383"":3,""1149"":1,""181"":19,""182"":16,""66"":14902,""24"":28,""206"":48740,""67"":4128,""68"":0,""13"":801,""17"":52,""18"":194,""19"":348,""15"":1000,""241"":26806,""199"":1310,""16"":144070,""12"":11186,""449"":0,""636"":339499,""1148"":70,""11"":8935106000,""14"":1160700155,""387"":""2b3430313130312e343136372d303038353031392e343530302b3030302e3037302f""}"
2026-07-01T07:21:34Z,862272088542776,Codec8E,2026-06-30 11:07:45.000 UTC,1782817665000,0,40.1102049,-8.5017516,67,65,6,23,0,"{""239"":1,""240"":1,""21"":5,""200"":0,""69"":1,""237"":2,""113"":100,""303"":1,""383"":3,""1149"":1,""181"":22,""182"":18,""66"":14895,""24"":23,""206"":48740,""67"":4128,""68"":0,""13"":801,""17"":-249,""18"":6,""19"":26,""15"":1000,""241"":26806,""199"":1329,""16"":144089,""12"":11186,""449"":0,""636"":339499,""1148"":70,""11"":8935106000,""14"":1160700155,""387"":""2b3430313130322e303530302d303038353031372e353136372b3030302e3036372f""}"
2026-07-01T07:21:34Z,862272088542776,Codec8E,2026-06-30 11:07:46.000 UTC,1782817666000,0,40.1101616,-8.5016983,67,97,7,22,0,"{""239"":1,""240"":1,""21"":5,""200"":0,""69"":1,""237"":2,""113"":100,""303"":1,""383"":3,""1149"":1,""181"":50,""182"":35,""66"":14900,""24"":22,""206"":48740,""67"":4128,""68"":0,""13"":801,""17"":-267,""18"":42,""19"":17,""15"":1000,""241"":26806,""199"":1336,""16"":144096,""12"":11186,""449"":0,""636"":339499,""1148"":70,""11"":8935106000,""14"":1160700155,""387"":""2b3430313130312e363136372d303038353031362e393833332b3030302e3036372f""}"
2026-07-01T07:21:34Z,862272088542776,Codec8E,2026-06-30 11:07:47.000 UTC,1782817667000,0,40.1101450,-8.5016416,67,114,8,22,0,"{""239"":1,""240"":1,""21"":5,""200"":0,""69"":1,""237"":2,""113"":100,""303"":1,""383"":3,""1149"":1,""181"":28,""182"":19,""66"":14912,""24"":22,""206"":48740,""67"":4128,""68"":0,""13"":801,""17"":-190,""18"":6,""19"":73,""15"":1000,""241"":26806,""199"":1341,""16"":144101,""12"":11186,""449"":0,""636"":339499,""1148"":70,""11"":8935106000,""14"":1160700155,""387"":""2b3430313130312e343530302d303038353031362e343136372b3030302e3036372f""}"
2026-07-01T07:21:35Z,862272088542776,Codec8E,2026-06-30 11:07:48.000 UTC,1782817668000,0,40.1100550,-8.5015683,66,127,8,23,0,"{""239"":1,""240"":1,""21"":5,""200"":0,""69"":1,""237"":2,""113"":100,""303"":1,""383"":3,""1149"":1,""181"":27,""182"":18,""66"":14888,""24"":23,""206"":48740,""67"":4128,""68"":0,""13"":801,""17"":-130,""18"":-28,""19"":47,""15"":1000,""241"":26806,""199"":1353,""16"":144113,""12"":11186,""449"":0,""636"":339499,""1148"":70,""11"":8935106000,""14"":1160700155,""387"":""2b3430313130302e353530302d303038353031352e363833332b3030302e3036362f""}"
2026-07-01T07:21:35Z,862272088542776,Codec8E,2026-06-30 11:07:53.000 UTC,1782817673000,0,40.1097416,-8.5011199,64,126,9,33,0,"{""239"":1,""240"":1,""21"":5,""200"":0,""69"":1,""237"":2,""113"":100,""303"":1,""383"":3,""1149"":1,""181"":25,""182"":17,""66"":14950,""24"":33,""206"":48740,""67"":4128,""68"":0,""13"":801,""17"":-7,""18"":84,""19"":22,""15"":1000,""241"":26806,""199"":1405,""16"":144165,""12"":11186,""449"":0,""636"":339499,""1148"":70,""11"":8935106000,""14"":1160700155,""387"":""2b3430313039372e343136372d303038353031312e323030302b3030302e3036342f""}"
2026-07-01T07:21:35Z,862272088542776,Codec8E,2026-06-30 11:07:57.000 UTC,1782817677000,0,40.1094900,-8.5007750,63,137,9,34,0,"{""239"":1,""240"":1,""21"":5,""200"":0,""69"":1,""237"":2,""113"":100,""303"":1,""383"":3,""1149"":1,""181"":25,""182"":17,""66"":14930,""24"":34,""206"":48740,""67"":4128,""68"":0,""13"":801,""17"":111,""18"":-88,""19"":481,""15"":1000,""241"":26806,""199"":1446,""16"":144206,""12"":11186,""449"":0,""636"":339499,""1148"":70,""11"":8935106000,""14"":1160700155,""387"":""2b3430313039342e393030302d303038353030372e373530302b3030302e3036332f""}"
2026-07-01T07:21:35Z,862272088542776,Codec8E,2026-06-30 11:08:07.000 UTC,1782817687000,0,40.1088599,-8.5002183,60,149,9,34,0,"{""239"":1,""240"":1,""21"":4,""200"":0,""69"":1,""237"":2,""113"":100,""303"":1,""383"":3,""1149"":1,""181"":16,""182"":12,""66"":14871,""24"":34,""206"":48740,""67"":4128,""68"":0,""13"":801,""17"":-132,""18"":-194,""19"":59,""15"":1000,""241"":26806,""199"":1531,""16"":144291,""12"":11186,""449"":0,""636"":339499,""1148"":80,""11"":8935106000,""14"":1160700155,""387"":""2b3430313038382e363030302d303038353030322e313833332b3030302e3036302f""}"
2026-07-01T07:21:35Z,862272088542776,Codec8E,2026-06-30 11:08:11.000 UTC,1782817691000,0,40.1085916,-8.4998649,60,135,8,40,0,"{""239"":1,""240"":1,""21"":4,""200"":0,""69"":1,""237"":2,""113"":100,""303"":1,""383"":3,""1149"":1,""181"":24,""182"":16,""66"":14868,""24"":40,""206"":48740,""67"":4128,""68"":0,""13"":801,""17"":-40,""18"":-35,""19"":9,""15"":1000,""241"":26806,""199"":1576,""16"":144336,""12"":11186,""449"":0,""636"":339499,""1148"":80,""11"":8935106000,""14"":1160700155,""387"":""2b3430313038352e393136372d303038343939382e363530302b3030302e3036302f""}"
2026-07-01T07:21:35Z,862272088542776,Codec8E,2026-06-30 11:08:15.000 UTC,1782817695000,0,40.1084200,-8.4994783,61,125,11,37,0,"{""239"":1,""240"":1,""21"":4,""200"":0,""69"":1,""237"":2,""113"":100,""303"":1,""383"":3,""1149"":1,""181"":15,""182"":9,""66"":14861,""24"":37,""206"":48740,""67"":4128,""68"":0,""13"":801,""17"":44,""18"":-338,""19"":93,""15"":1000,""241"":26806,""199"":1614,""16"":144374,""12"":11186,""449"":0,""636"":339499,""1148"":80,""11"":8935106000,""14"":1160700155,""387"":""2b3430313038342e323030302d303038343939342e373833332b3030302e3036312f""}"
2026-07-01T07:21:35Z,862272088542776,Codec8E,2026-06-30 11:08:18.000 UTC,1782817698000,0,40.1084216,-8.4992283,63,106,12,30,0,"{""239"":1,""240"":1,""21"":4,""200"":0,""69"":1,""237"":2,""113"":100,""303"":1,""383"":3,""1149"":1,""181"":12,""182"":9,""66"":14915,""24"":30,""206"":48740,""67"":4128,""68"":0,""13"":801,""17"":-100,""18"":-66,""19"":220,""15"":1000,""241"":26806,""199"":1637,""16"":144397,""12"":11186,""449"":0,""636"":339499,""1148"":80,""11"":8935106000,""14"":1160700155,""387"":""2b3430313038342e323136372d303038343939322e323833332b3030302e3036332f""}"
2026-07-01T07:21:35Z,862272088542776,Codec8E,2026-06-30 11:08:19.000 UTC,1782817699000,0,40.1084500,-8.4991483,63,95,12,28,0,"{""239"":1,""240"":1,""21"":4,""200"":0,""69"":1,""237"":2,""113"":100,""303"":1,""383"":3,""1149"":1,""181"":14,""182"":9,""66"":14943,""24"":28,""206"":48740,""67"":4128,""68"":0,""13"":801,""17"":-230,""18"":-13,""19"":27,""15"":1000,""241"":26806,""199"":1644,""16"":144404,""12"":11186,""449"":0,""636"":339499,""1148"":80,""11"":8935106000,""14"":1160700155,""387"":""2b3430313038342e353030302d303038343939312e343833332b3030302e3036332f""}"
2026-07-01T07:21:35Z,862272088542776,Codec8E,2026-06-30 11:08:20.000 UTC,1782817700000,0,40.1085183,-8.4990816,64,76,11,26,0,"{""239"":1,""240"":1,""21"":4,""200"":0,""69"":1,""237"":2,""113"":100,""303"":1,""383"":3,""1149"":1,""181"":16,""182"":10,""66"":14852,""24"":26,""206"":48740,""67"":4128,""68"":0,""13"":801,""17"":-121,""18"":1,""19"":10,""15"":1000,""241"":26806,""199"":1654,""16"":144414,""12"":11186,""449"":0,""636"":339499,""1148"":80,""11"":8935106000,""14"":1160700155,""387"":""2b3430313038352e313833332d303038343939302e383136372b3030302e3036342f""}"
2026-07-01T07:21:35Z,862272088542776,Codec8E,2026-06-30 11:08:21.000 UTC,1782817701000,0,40.1086149,-8.4990283,64,55,11,25,0,"{""239"":1,""240"":1,""21"":4,""200"":0,""69"":1,""237"":2,""113"":100,""303"":1,""383"":3,""1149"":1,""181"":13,""182"":10,""66"":14933,""24"":25,""206"":48740,""67"":4128,""68"":0,""13"":801,""17"":-133,""18"":52,""19"":30,""15"":1000,""241"":26806,""199"":1665,""16"":144425,""12"":11186,""449"":0,""636"":339499,""1148"":80,""11"":8935106000,""14"":1160700155,""387"":""2b3430313038362e313530302d303038343939302e323833332b3030302e3036342f""}"
2026-07-01T07:21:36Z,862272088542776,Codec8E,2026-06-30 11:08:22.000 UTC,1782817702000,0,40.1087633,-8.4989800,65,32,10,27,0,"{""239"":1,""240"":1,""21"":4,""200"":0,""69"":1,""237"":2,""113"":100,""303"":1,""383"":3,""1149"":1,""181"":18,""182"":10,""66"":14862,""24"":27,""206"":48740,""67"":4128,""68"":0,""13"":801,""17"":-61,""18"":-16,""19"":9,""15"":1000,""241"":26806,""199"":1682,""16"":144442,""12"":11186,""449"":0,""636"":339499,""1148"":80,""11"":8935106000,""14"":1160700155,""387"":""2b3430313038372e363333332d303038343938392e383030302b3030302e3036352f""}"
2026-07-01T07:21:36Z,862272088542776,Codec8E,2026-06-30 11:08:28.000 UTC,1782817708000,0,40.1093133,-8.4985533,66,32,11,37,0,"{""239"":1,""240"":1,""21"":4,""200"":0,""69"":1,""237"":2,""113"":100,""303"":1,""383"":3,""1149"":1,""181"":16,""182"":9,""66"":14927,""24"":37,""206"":48740,""67"":4128,""68"":0,""13"":801,""17"":122,""18"":1,""19"":42,""15"":1000,""241"":26806,""199"":1754,""16"":144514,""12"":11186,""449"":0,""636"":339499,""1148"":80,""11"":8935106000,""14"":1160700155,""387"":""2b3430313039332e313333332d303038343938352e353333332b3030302e3036362f""}"
2026-07-01T07:21:36Z,862272088542776,Codec8E,2026-06-30 11:08:32.000 UTC,1782817712000,0,40.1095033,-8.4982800,65,72,11,33,0,"{""239"":1,""240"":1,""21"":5,""200"":0,""69"":1,""237"":2,""113"":100,""303"":1,""383"":3,""1149"":1,""181"":16,""182"":9,""66"":14883,""24"":33,""206"":48740,""67"":4128,""68"":0,""13"":801,""17"":-210,""18"":261,""19"":97,""15"":1000,""241"":26806,""199"":1788,""16"":144548,""12"":11186,""449"":0,""636"":339499,""1148"":62,""11"":8935106000,""14"":1160700155,""387"":""2b3430313039352e303333332d303038343938322e383030302b3030302e3036352f""}"
2026-07-01T07:21:36Z,862272088542776,Codec8E,2026-06-30 11:08:34.000 UTC,1782817714000,0,40.1094933,-8.4980883,65,83,12,31,0,"{""239"":1,""240"":1,""21"":5,""200"":0,""69"":1,""237"":2,""113"":100,""303"":1,""383"":3,""1149"":1,""181"":15,""182"":8,""66"":14877,""24"":31,""206"":48740,""67"":4128,""68"":0,""13"":801,""17"":-207,""18"":-22,""19"":9,""15"":1000,""241"":26806,""199"":1805,""16"":144565,""12"":11186,""449"":0,""636"":339499,""1148"":62,""11"":8935106000,""14"":1160700155,""387"":""2b3430313039342e393333332d303038343938302e383833332b3030302e3036352f""}"
2026-07-01T07:21:36Z,862272088542776,Codec8E,2026-06-30 11:08:35.000 UTC,1782817715000,0,40.1094683,-8.4980066,68,93,12,30,0,"{""239"":1,""240"":1,""21"":5,""200"":0,""69"":1,""237"":2,""113"":100,""303"":1,""383"":3,""1149"":1,""181"":11,""182"":8,""66"":14922,""24"":30,""206"":48740,""67"":4128,""68"":0,""13"":801,""17"":-194,""18"":-126,""19"":53,""15"":1000,""241"":26806,""199"":1812,""16"":144572,""12"":11186,""449"":0,""636"":339499,""1148"":62,""11"":8935106000,""14"":1160700155,""387"":""2b3430313039342e363833332d303038343938302e303636372b3030302e3036382f""}"
2026-07-01T07:21:37Z,862272088542776,Codec8E,2026-06-30 11:08:37.000 UTC,1782817717000,0,40.1094050,-8.4978250,68,106,12,30,0,"{""239"":1,""240"":1,""21"":5,""200"":0,""69"":1,""237"":2,""113"":100,""303"":1,""383"":3,""1149"":1,""181"":15,""182"":8,""66"":14905,""24"":30,""206"":48740,""67"":4128,""68"":0,""13"":801,""17"":-172,""18"":82,""19"":28,""15"":1000,""241"":26806,""199"":1829,""16"":144589,""12"":11186,""449"":0,""636"":339499,""1148"":62,""11"":8935106000,""14"":1160700155,""387"":""2b3430313039342e303530302d303038343937382e323530302b3030302e3036382f""}"
2026-07-01T07:21:37Z,862272088542776,Codec8E,2026-06-30 11:08:40.000 UTC,1782817720000,0,40.1092716,-8.4975499,69,120,9,31,0,"{""239"":1,""240"":1,""21"":5,""200"":0,""69"":1,""237"":2,""113"":100,""303"":1,""383"":3,""1149"":1,""181"":19,""182"":12,""66"":14920,""24"":31,""206"":48740,""67"":4128,""68"":0,""13"":801,""17"":38,""18"":-48,""19"":53,""15"":1000,""241"":26806,""199"":1858,""16"":144618,""12"":11186,""449"":0,""636"":339499,""1148"":62,""11"":8935106000,""14"":1160700155,""387"":""2b3430313039322e373136372d303038343937352e353030302b3030302e3036392f""}"
2026-07-01T07:21:37Z,862272088542776,Codec8E,2026-06-30 11:08:46.000 UTC,1782817726000,0,40.1090300,-8.4969933,70,106,10,29,0,"{""239"":1,""240"":1,""21"":5,""200"":0,""69"":1,""237"":2,""113"":100,""303"":1,""383"":3,""1149"":1,""181"":17,""182"":10,""66"":14885,""24"":29,""206"":48740,""67"":4128,""68"":0,""13"":801,""17"":65,""18"":-14,""19"":78,""15"":1000,""241"":26806,""199"":1912,""16"":144672,""12"":11186,""449"":0,""636"":339499,""1148"":62,""11"":8935106000,""14"":1160700155,""387"":""2b3430313039302e333030302d303038343936392e393333332b3030302e3037302f""}"
2026-07-01T07:21:37Z,862272088542776,Codec8E,2026-06-30 11:08:48.000 UTC,1782817728000,0,40.1090033,-8.4968516,70,93,9,25,0,"{""239"":1,""240"":1,""21"":5,""200"":0,""69"":1,""237"":2,""113"":100,""303"":1,""383"":3,""1149"":1,""181"":19,""182"":12,""66"":14900,""24"":25,""206"":48740,""67"":4128,""68"":0,""13"":801,""17"":69,""18"":-179,""19"":18,""15"":1000,""241"":26806,""199"":1925,""16"":144685,""12"":11186,""449"":0,""636"":339499,""1148"":62,""11"":8935106000,""14"":1160700155,""387"":""2b3430313039302e303333332d303038343936382e353136372b3030302e3037302f""}"
2026-07-01T07:21:37Z,862272088542776,Codec8E,2026-06-30 11:08:50.000 UTC,1782817730000,0,40.1089883,-8.4967716,71,75,9,19,0,"{""239"":1,""240"":1,""21"":5,""200"":0,""69"":1,""237"":2,""113"":100,""303"":1,""383"":3,""1149"":1,""181"":19,""182"":11,""66"":14941,""24"":19,""206"":48740,""67"":4128,""68"":0,""13"":801,""17"":-4,""18"":-12,""19"":40,""15"":1000,""241"":26806,""199"":1932,""16"":144692,""12"":11186,""449"":0,""636"":339499,""1148"":62,""11"":8935106000,""14"":1160700155,""387"":""2b3430313038392e383833332d303038343936372e373136372b3030302e3037312f""}"
2026-07-01T07:21:38Z,862272088542776,Codec8E,2026-06-30 11:08:51.000 UTC,1782817731000,0,40.1089833,-8.4967583,72,52,9,15,0,"{""239"":1,""240"":1,""21"":5,""200"":0,""69"":1,""237"":2,""113"":100,""303"":1,""383"":3,""1149"":1,""181"":15,""182"":12,""66"":14913,""24"":15,""206"":48740,""67"":4128,""68"":0,""13"":801,""17"":13,""18"":-35,""19"":3,""15"":1000,""241"":26806,""199"":1932,""16"":144692,""12"":11186,""449"":0,""636"":339499,""1148"":62,""11"":8935106000,""14"":1160700155,""387"":""2b3430313038392e383333332d303038343936372e353833332b3030302e3037322f""}"
2026-07-01T07:21:38Z,862272088542776,Codec8E,2026-06-30 11:08:55.000 UTC,1782817735000,0,40.1089733,-8.4967633,73,52,9,4,0,"{""239"":1,""240"":1,""21"":5,""200"":0,""69"":1,""237"":2,""113"":100,""303"":1,""383"":3,""1149"":1,""181"":15,""182"":12,""66"":14936,""24"":4,""206"":48740,""67"":4128,""68"":0,""13"":801,""17"":1,""18"":45,""19"":167,""15"":1000,""241"":26806,""199"":1935,""16"":144695,""12"":11186,""449"":0,""636"":339499,""1148"":62,""11"":8935106000,""14"":1160700155,""387"":""2b3430313038392e373333332d303038343936372e363333332b3030302e3037332f""}"
2026-07-01T07:21:38Z,862272088542776,Codec8E,2026-06-30 11:09:03.000 UTC,1782817743000,0,40.1089733,-8.4967633,73,52,9,0,303,"{""239"":1,""240"":1,""21"":5,""200"":0,""69"":1,""237"":2,""113"":100,""303"":0,""383"":3,""1149"":1,""181"":15,""182"":12,""66"":14874,""24"":0,""206"":48740,""67"":4128,""68"":0,""13"":790,""17"":-50,""18"":7,""19"":6,""15"":1000,""241"":26806,""199"":1935,""16"":144695,""12"":11187,""449"":0,""636"":339499,""1148"":62,""11"":8935106000,""14"":1160700155,""387"":""2b3430313038392e373333332d303038343936372e363333332b3030302e3037332f""}"
2026-07-01T07:21:38Z,862272088542776,Codec8E,2026-06-30 11:09:39.000 UTC,1782817779000,0,40.1090133,-8.4967899,78,210,13,0,239,"{""239"":0,""240"":1,""21"":5,""200"":0,""69"":1,""237"":2,""113"":100,""303"":0,""383"":3,""1149"":1,""181"":10,""182"":7,""66"":13148,""24"":0,""206"":48740,""67"":4128,""68"":0,""13"":791,""17"":-41,""18"":5,""19"":3,""15"":1000,""241"":26806,""199"":1935,""16"":144695,""12"":11194,""449"":0,""636"":339498,""1148"":67,""11"":8935106000,""14"":1160700155,""387"":""2b3430313039302e313333332d303038343936372e393030302b3030302e3037382f""}"
2026-07-01T07:21:38Z,862272088542776,Codec8E,2026-06-30 11:10:02.000 UTC,1782817802000,0,40.1090133,-8.4967899,78,210,12,0,240,"{""239"":0,""240"":0,""21"":5,""200"":0,""69"":1,""237"":2,""113"":100,""303"":0,""383"":3,""1149"":1,""181"":11,""182"":8,""66"":12854,""24"":0,""206"":48740,""67"":4128,""68"":0,""13"":791,""17"":-41,""18"":5,""19"":3,""15"":1000,""241"":26806,""199"":1935,""16"":144695,""12"":11194,""449"":0,""636"":339498,""1148"":67,""11"":8935106000,""14"":1160700155,""387"":""2b3430313039302e313333332d303038343936372e393030302b3030302e3037382f""}"
2026-07-01T07:21:38Z,862272088542776,Codec8E,2026-06-30 11:59:52.000 UTC,1782820792000,0,40.1090133,-8.4967899,91,210,14,0,239,"{""239"":1,""240"":0,""21"":5,""200"":0,""69"":1,""237"":2,""113"":100,""303"":0,""383"":3,""1149"":1,""181"":10,""182"":7,""66"":15204,""24"":0,""206"":48740,""67"":4128,""68"":0,""13"":791,""17"":-49,""18"":3,""19"":9,""15"":1000,""241"":26806,""199"":0,""16"":144695,""12"":11194,""449"":0,""636"":339498,""1148"":67,""11"":8935106000,""14"":1160700155,""387"":""2b3430313039302e313333332d303038343936372e393030302b3030302e3039312f""}"
2026-07-01T07:21:38Z,862272088542776,Codec8E,2026-06-30 12:00:37.000 UTC,1782820837000,0,40.1090133,-8.4967899,91,210,12,0,303,"{""239"":1,""240"":0,""21"":5,""200"":0,""69"":1,""237"":2,""113"":100,""303"":1,""383"":3,""1149"":1,""181"":11,""182"":8,""66"":14882,""24"":0,""206"":48740,""67"":4128,""68"":0,""13"":791,""17"":-50,""18"":19,""19"":5,""15"":1000,""241"":26806,""199"":0,""16"":144695,""12"":11207,""449"":0,""636"":339498,""1148"":66,""11"":8935106000,""14"":1160700155,""387"":""2b3430313039302e313333332d303038343936372e393030302b3030302e3039312f""}"
2026-07-01T07:21:38Z,862272088542776,Codec8E,2026-06-30 12:00:38.000 UTC,1782820838000,0,40.1089866,-8.4967750,91,212,12,0,240,"{""239"":1,""240"":1,""21"":5,""200"":0,""69"":1,""237"":2,""113"":100,""303"":1,""383"":3,""1149"":1,""181"":11,""182"":8,""66"":14843,""24"":0,""206"":48740,""67"":4128,""68"":0,""13"":791,""17"":-23,""18"":3,""19"":7,""15"":1000,""241"":26806,""199"":0,""16"":144695,""12"":11207,""449"":0,""636"":339498,""1148"":66,""11"":8935106000,""14"":1160700155,""387"":""2b3430313038392e383636372d303038343936372e373530302b3030302e3039312f""}"
2026-07-01T07:21:38Z,862272088542776,Codec8E,2026-06-30 12:00:40.000 UTC,1782820840000,0,40.1089866,-8.4967750,91,212,13,0,303,"{""239"":1,""240"":1,""21"":5,""200"":0,""69"":1,""237"":2,""113"":100,""303"":0,""383"":3,""1149"":1,""181"":10,""182"":7,""66"":14869,""24"":0,""206"":48740,""67"":4128,""68"":0,""13"":791,""17"":-2,""18"":8,""19"":-2,""15"":1000,""241"":26806,""199"":0,""16"":144695,""12"":11207,""449"":0,""636"":339498,""1148"":66,""11"":8935106000,""14"":1160700155,""387"":""2b3430313038392e383636372d303038343936372e373530302b3030302e3039312f""}"
2026-07-01T07:21:38Z,862272088542776,Codec8E,2026-06-30 12:00:42.000 UTC,1782820842000,0,40.1089866,-8.4967750,91,212,13,0,303,"{""239"":1,""240"":1,""21"":5,""200"":0,""69"":1,""237"":2,""113"":100,""303"":1,""383"":3,""1149"":1,""181"":10,""182"":7,""66"":14850,""24"":0,""206"":48740,""67"":4128,""68"":0,""13"":792,""17"":-47,""18"":-25,""19"":15,""15"":1000,""241"":26806,""199"":0,""16"":144695,""12"":11208,""449"":0,""636"":339498,""1148"":66,""11"":8935106000,""14"":1160700155,""387"":""2b3430313038392e383636372d303038343936372e373530302b3030302e3039312f""}"
2026-07-01T07:21:39Z,862272088542776,Codec8E,2026-06-30 12:01:18.000 UTC,1782820878000,0,40.1095149,-8.4980700,97,285,8,5,0,"{""239"":1,""240"":1,""21"":5,""200"":0,""69"":1,""237"":2,""113"":0,""303"":1,""383"":3,""1149"":1,""181"":22,""182"":11,""66"":14879,""24"":5,""206"":48740,""67"":4151,""68"":56,""13"":792,""17"":42,""18"":-182,""19"":65,""15"":0,""241"":26806,""199"":0,""16"":144695,""12"":11209,""449"":0,""636"":339498,""1148"":68,""11"":8935106000,""14"":1160700155,""387"":""2b3430313039352e313530302d303038343938302e373030302b3030302e3039372f""}"
2026-07-01T07:21:39Z,862272088542776,Codec8E,2026-06-30 12:01:23.000 UTC,1782820883000,0,40.1095783,-8.4983783,83,259,8,11,0,"{""239"":1,""240"":1,""21"":5,""200"":0,""69"":1,""237"":2,""113"":100,""303"":1,""383"":3,""1149"":1,""181"":15,""182"":12,""66"":14935,""24"":11,""206"":48740,""67"":4133,""68"":0,""13"":792,""17"":-161,""18"":-26,""19"":-93,""15"":1000,""241"":26806,""199"":28,""16"":144723,""12"":11209,""449"":0,""636"":339498,""1148"":68,""11"":8935106000,""14"":1160700155,""387"":""2b3430313039352e373833332d303038343938332e373833332b3030302e3038332f""}"
2026-07-01T07:21:39Z,862272088542776,Codec8E,2026-06-30 12:01:24.000 UTC,1782820884000,0,40.1095600,-8.4984283,80,249,8,12,0,"{""239"":1,""240"":1,""21"":5,""200"":0,""69"":1,""237"":2,""113"":100,""303"":1,""383"":3,""1149"":1,""181"":15,""182"":12,""66"":14838,""24"":12,""206"":48740,""67"":4132,""68"":0,""13"":792,""17"":-116,""18"":-33,""19"":53,""15"":1000,""241"":26806,""199"":32,""16"":144727,""12"":11209,""449"":0,""636"":339498,""1148"":68,""11"":8935106000,""14"":1160700155,""387"":""2b3430313039352e363030302d303038343938342e323833332b3030302e3038302f""}"
2026-07-01T07:21:39Z,862272088542776,Codec8E,2026-06-30 12:01:25.000 UTC,1782820885000,0,40.1095250,-8.4984683,80,237,10,12,0,"{""239"":1,""240"":1,""21"":5,""200"":0,""69"":1,""237"":2,""113"":100,""303"":1,""383"":3,""1149"":1,""181"":12,""182"":9,""66"":14935,""24"":12,""206"":48740,""67"":4130,""68"":0,""13"":792,""17"":-97,""18"":-10,""19"":32,""15"":1000,""241"":26806,""199"":38,""16"":144733,""12"":11209,""449"":0,""636"":339498,""1148"":68,""11"":8935106000,""14"":1160700155,""387"":""2b3430313039352e323530302d303038343938342e363833332b3030302e3038302f""}"
2026-07-01T07:21:39Z,862272088542776,Codec8E,2026-06-30 12:01:26.000 UTC,1782820886000,0,40.1094766,-8.4985100,80,220,10,13,0,"{""239"":1,""240"":1,""21"":5,""200"":0,""69"":1,""237"":2,""113"":100,""303"":1,""383"":3,""1149"":1,""181"":12,""182"":9,""66"":14933,""24"":13,""206"":48740,""67"":4130,""68"":0,""13"":792,""17"":-52,""18"":-23,""19"":96,""15"":1000,""241"":26806,""199"":44,""16"":144739,""12"":11209,""449"":0,""636"":339498,""1148"":64,""11"":8935106000,""14"":1160700155,""387"":""2b3430313039342e373636372d303038343938352e313030302b3030302e3038302f""}"
2026-07-01T07:21:39Z,862272088542776,Codec8E,2026-06-30 12:01:31.000 UTC,1782820891000,0,40.1091316,-8.4987716,83,213,11,23,0,"{""239"":1,""240"":1,""21"":5,""200"":0,""69"":1,""237"":2,""113"":100,""303"":1,""383"":3,""1149"":1,""181"":12,""182"":8,""66"":14919,""24"":23,""206"":48740,""67"":4129,""68"":0,""13"":792,""17"":-27,""18"":-74,""19"":64,""15"":1000,""241"":26806,""199"":88,""16"":144783,""12"":11209,""449"":0,""636"":339498,""1148"":64,""11"":8935106000,""14"":1160700155,""387"":""2b3430313039312e333136372d303038343938372e373136372b3030302e3038332f""}"
2026-07-01T07:21:39Z,862272088542776,Codec8E,2026-06-30 12:01:41.000 UTC,1782820901000,0,40.1085933,-8.4992866,82,228,9,24,0,"{""239"":1,""240"":1,""21"":5,""200"":0,""69"":1,""237"":2,""113"":100,""303"":1,""383"":3,""1149"":1,""181"":12,""182"":10,""66"":14886,""24"":24,""206"":48740,""67"":4128,""68"":0,""13"":792,""17"":-39,""18"":205,""19"":65,""15"":1000,""241"":26806,""199"":163,""16"":144858,""12"":11209,""449"":0,""636"":339499,""1148"":64,""11"":8935106000,""14"":1160700155,""387"":""2b3430313038352e393333332d303038343939322e383636372b3030302e3038322f""}"
2026-07-01T07:21:39Z,862272088542776,Codec8E,2026-06-30 12:01:42.000 UTC,1782820902000,0,40.1085583,-8.4993500,82,245,9,23,0,"{""239"":1,""240"":1,""21"":5,""200"":0,""69"":1,""237"":2,""113"":100,""303"":1,""383"":3,""1149"":1,""181"":18,""182"":11,""66"":14898,""24"":23,""206"":48740,""67"":4128,""68"":0,""13"":792,""17"":0,""18"":187,""19"":75,""15"":1000,""241"":26806,""199"":169,""16"":144864,""12"":11209,""449"":0,""636"":339499,""1148"":64,""11"":8935106000,""14"":1160700155,""387"":""2b3430313038352e353833332d303038343939332e353030302b3030302e3038322f""}"
2026-07-01T07:21:39Z,862272088542776,Codec8E,2026-06-30 12:01:43.000 UTC,1782820903000,0,40.1085533,-8.4994200,83,270,9,22,0,"{""239"":1,""240"":1,""21"":5,""200"":0,""69"":1,""237"":2,""113"":100,""303"":1,""383"":3,""1149"":1,""181"":18,""182"":11,""66"":14932,""24"":22,""206"":48740,""67"":4128,""68"":0,""13"":792,""17"":-16,""18"":108,""19"":86,""15"":1000,""241"":26806,""199"":175,""16"":144870,""12"":11209,""449"":0,""636"":339499,""1148"":64,""11"":8935106000,""14"":1160700155,""387"":""2b3430313038352e353333332d303038343939342e323030302b3030302e3038332f""}"
2026-07-01T07:21:39Z,862272088542776,Codec8E,2026-06-30 12:01:44.000 UTC,1782820904000,0,40.1085516,-8.4994933,85,280,11,22,0,"{""239"":1,""240"":1,""21"":5,""200"":0,""69"":1,""237"":2,""113"":100,""303"":1,""383"":3,""1149"":1,""181"":11,""182"":8,""66"":14873,""24"":22,""206"":48740,""67"":4128,""68"":0,""13"":792,""17"":-77,""18"":31,""19"":114,""15"":1000,""241"":26806,""199"":181,""16"":144876,""12"":11209,""449"":0,""636"":339499,""1148"":64,""11"":8935106000,""14"":1160700155,""387"":""2b3430313038352e353136372d303038343939342e393333332b3030302e3038352f""}"
2026-07-01T07:21:40Z,862272088542776,Codec8E,2026-06-30 12:01:46.000 UTC,1782820906000,0,40.1085833,-8.4996549,87,290,10,24,0,"{""239"":1,""240"":1,""21"":5,""200"":0,""69"":1,""237"":2,""113"":100,""303"":1,""383"":3,""1149"":1,""181"":12,""182"":9,""66"":14917,""24"":24,""206"":48740,""67"":4128,""68"":0,""13"":792,""17"":-40,""18"":-21,""19"":77,""15"":1000,""241"":26806,""199"":196,""16"":144891,""12"":11209,""449"":0,""636"":339499,""1148"":64,""11"":8935106000,""14"":1160700155,""387"":""2b3430313038352e383333332d303038343939362e353530302b3030302e3038372f""}"
2026-07-01T07:21:40Z,862272088542776,Codec8E,2026-06-30 12:01:48.000 UTC,1782820908000,0,40.1086650,-8.4998083,89,303,10,26,0,"{""239"":1,""240"":1,""21"":5,""200"":0,""69"":1,""237"":2,""113"":100,""303"":1,""383"":3,""1149"":1,""181"":16,""182"":9,""66"":14921,""24"":26,""206"":48740,""67"":4128,""68"":0,""13"":792,""17"":39,""18"":23,""19"":27,""15"":1000,""241"":26806,""199"":212,""16"":144907,""12"":11209,""449"":0,""636"":339499,""1148"":64,""11"":8935106000,""14"":1160700155,""387"":""2b3430313038362e363530302d303038343939382e303833332b3030302e3038392f""}"
2026-07-01T07:21:40Z,862272088542776,Codec8E,2026-06-30 12:01:52.000 UTC,1782820912000,0,40.1088366,-8.5001299,91,315,11,28,0,"{""239"":1,""240"":1,""21"":5,""200"":0,""69"":1,""237"":2,""113"":100,""303"":1,""383"":3,""1149"":1,""181"":14,""182"":8,""66"":14897,""24"":28,""206"":48740,""67"":4128,""68"":0,""13"":792,""17"":33,""18"":83,""19"":37,""15"":1000,""241"":26806,""199"":245,""16"":144940,""12"":11209,""449"":0,""636"":339499,""1148"":64,""11"":8935106000,""14"":1160700155,""387"":""2b3430313038382e333636372d303038353030312e333030302b3030302e3039312f""}"
2026-07-01T07:21:40Z,862272088542776,Codec8E,2026-06-30 12:01:54.000 UTC,1782820914000,0,40.1089600,-8.5002633,90,325,11,29,0,"{""239"":1,""240"":1,""21"":5,""200"":0,""69"":1,""237"":2,""113"":100,""303"":1,""383"":3,""1149"":1,""181"":14,""182"":8,""66"":14887,""24"":29,""206"":48740,""67"":4128,""68"":0,""13"":792,""17"":45,""18"":-28,""19"":16,""15"":1000,""241"":26806,""199"":263,""16"":144958,""12"":11209,""449"":0,""636"":339499,""1148"":64,""11"":8935106000,""14"":1160700155,""387"":""2b3430313038392e363030302d303038353030322e363333332b3030302e3039302f""}"
2026-07-01T07:21:40Z,862272088542776,Codec8E,2026-06-30 12:01:59.000 UTC,1782820919000,0,40.1092500,-8.5005233,91,313,12,28,0,"{""239"":1,""240"":1,""21"":4,""200"":0,""69"":1,""237"":2,""113"":100,""303"":1,""383"":3,""1149"":1,""181"":14,""182"":8,""66"":14938,""24"":28,""206"":48740,""67"":4128,""68"":0,""13"":792,""17"":29,""18"":-100,""19"":81,""15"":1000,""241"":26806,""199"":302,""16"":144997,""12"":11209,""449"":0,""636"":339499,""1148"":75,""11"":8935106000,""14"":1160700155,""387"":""2b3430313039322e353030302d303038353030352e323333332b3030302e3039312f""}"
2026-07-01T07:21:41Z,862272088542776,Codec8E,2026-06-30 12:02:03.000 UTC,1782820923000,0,40.1094283,-8.5007466,89,324,12,25,0,"{""239"":1,""240"":1,""21"":4,""200"":0,""69"":1,""237"":2,""113"":100,""303"":1,""383"":3,""1149"":1,""181"":11,""182"":8,""66"":14865,""24"":25,""206"":48740,""67"":4128,""68"":0,""13"":792,""17"":124,""18"":-49,""19"":348,""15"":1000,""241"":26806,""199"":330,""16"":145025,""12"":11209,""449"":0,""636"":339499,""1148"":75,""11"":8935106000,""14"":1160700155,""387"":""2b3430313039342e323833332d303038353030372e343636372b3030302e3038392f""}"
2026-07-01T07:21:41Z,862272088542776,Codec8E,2026-06-30 12:02:09.000 UTC,1782820929000,0,40.1096516,-8.5009566,87,310,10,19,0,"{""239"":1,""240"":1,""21"":4,""200"":0,""69"":1,""237"":2,""113"":100,""303"":1,""383"":3,""1149"":1,""181"":18,""182"":10,""66"":14945,""24"":19,""206"":48740,""67"":4128,""68"":0,""13"":792,""17"":-55,""18"":-58,""19"":30,""15"":1000,""241"":26806,""199"":361,""16"":145056,""12"":11209,""449"":0,""636"":339499,""1148"":75,""11"":8935106000,""14"":1160700155,""387"":""2b3430313039362e353136372d303038353030392e353636372b3030302e3038372f""}"
2026-07-01T07:21:41Z,862272088542776,Codec8E,2026-06-30 12:02:23.000 UTC,1782820943000,0,40.1101716,-8.5018699,82,300,8,21,0,"{""239"":1,""240"":1,""21"":4,""200"":0,""69"":1,""237"":2,""113"":100,""303"":1,""383"":3,""1149"":1,""181"":16,""182"":12,""66"":14909,""24"":21,""206"":48740,""67"":4128,""68"":0,""13"":792,""17"":217,""18"":-33,""19"":2,""15"":1000,""241"":26806,""199"":458,""16"":145153,""12"":11209,""449"":0,""636"":339499,""1148"":75,""11"":8935106000,""14"":1160700155,""387"":""2b3430313130312e373136372d303038353031382e373030302b3030302e3038322f""}"
2026-07-01T07:21:41Z,862272088542776,Codec8E,2026-06-30 12:02:26.000 UTC,1782820946000,0,40.1102016,-8.5019000,82,306,9,11,0,"{""239"":1,""240"":1,""21"":5,""200"":0,""69"":1,""237"":2,""113"":100,""303"":1,""383"":3,""1149"":1,""181"":15,""182"":12,""66"":14926,""24"":11,""206"":48740,""67"":4128,""68"":0,""13"":792,""17"":-80,""18"":-172,""19"":14,""15"":1000,""241"":26806,""199"":460,""16"":145155,""12"":11209,""449"":0,""636"":339499,""1148"":71,""11"":8935106000,""14"":1160700155,""387"":""2b3430313130322e303136372d303038353031392e303030302b3030302e3038322f""}"
2026-07-01T07:21:41Z,862272088542776,Codec8E,2026-06-30 12:02:28.000 UTC,1782820948000,0,40.1101983,-8.5019416,81,258,10,8,0,"{""239"":1,""240"":1,""21"":5,""200"":0,""69"":1,""237"":2,""113"":100,""303"":1,""383"":3,""1149"":1,""181"":13,""182"":11,""66"":14930,""24"":8,""206"":48740,""67"":4128,""68"":0,""13"":792,""17"":-152,""18"":-218,""19"":-23,""15"":1000,""241"":26806,""199"":464,""16"":145159,""12"":11209,""449"":0,""636"":339499,""1148"":71,""11"":8935106000,""14"":1160700155,""387"":""2b3430313130312e393833332d303038353031392e343136372b3030302e3038312f""}"
2026-07-01T07:21:42Z,862272088542776,Codec8E,2026-06-30 12:02:29.000 UTC,1782820949000,0,40.1101899,-8.5019866,81,244,10,8,0,"{""239"":1,""240"":1,""21"":5,""200"":0,""69"":1,""237"":2,""113"":100,""303"":1,""383"":3,""1149"":1,""181"":15,""182"":11,""66"":14868,""24"":8,""206"":48740,""67"":4128,""68"":0,""13"":792,""17"":-222,""18"":-45,""19"":65,""15"":1000,""241"":26806,""199"":468,""16"":145163,""12"":11209,""449"":0,""636"":339499,""1148"":71,""11"":8935106000,""14"":1160700155,""387"":""2b3430313130312e393030302d303038353031392e383636372b3030302e3038312f""}"
2026-07-01T07:21:42Z,862272088542776,Codec8E,2026-06-30 12:02:30.000 UTC,1782820950000,0,40.1101666,-8.5020216,81,223,11,9,0,"{""239"":1,""240"":1,""21"":5,""200"":0,""69"":1,""237"":2,""113"":100,""303"":1,""383"":3,""1149"":1,""181"":13,""182"":10,""66"":14935,""24"":9,""206"":48740,""67"":4128,""68"":0,""13"":792,""17"":-207,""18"":-44,""19"":40,""15"":1000,""241"":26806,""199"":472,""16"":145167,""12"":11209,""449"":0,""636"":339499,""1148"":71,""11"":8935106000,""14"":1160700155,""387"":""2b3430313130312e363636372d303038353032302e323136372b3030302e3038312f""}"
2026-07-01T07:21:42Z,862272088542776,Codec8E,2026-06-30 12:02:34.000 UTC,1782820954000,0,40.1099733,-8.5022350,80,216,10,20,0,"{""239"":1,""240"":1,""21"":5,""200"":0,""69"":1,""237"":2,""113"":100,""303"":1,""383"":3,""1149"":1,""181"":13,""182"":10,""66"":14886,""24"":20,""206"":48740,""67"":4128,""68"":0,""13"":792,""17"":-75,""18"":-47,""19"":55,""15"":1000,""241"":26806,""199"":500,""16"":145195,""12"":11209,""449"":0,""636"":339499,""1148"":71,""11"":8935106000,""14"":1160700155,""387"":""2b3430313039392e373333332d303038353032322e333530302b3030302e3038302f""}"
2026-07-01T07:21:42Z,862272088542776,Codec8E,2026-06-30 12:02:42.000 UTC,1782820962000,0,40.1095283,-8.5027466,77,231,8,27,0,"{""239"":1,""240"":1,""21"":5,""200"":0,""69"":1,""237"":2,""113"":100,""303"":1,""383"":3,""1149"":1,""181"":15,""182"":11,""66"":14881,""24"":27,""206"":48740,""67"":4128,""68"":0,""13"":792,""17"":14,""18"":-74,""19"":114,""15"":1000,""241"":26806,""199"":567,""16"":145262,""12"":11209,""449"":0,""636"":339499,""1148"":71,""11"":8935106000,""14"":1160700155,""387"":""2b3430313039352e323833332d303038353032372e343636372b3030302e3037372f""}"
2026-07-01T07:21:42Z,862272088542776,Codec8E,2026-06-30 12:02:46.000 UTC,1782820966000,0,40.1093566,-8.5029549,76,211,9,25,0,"{""239"":1,""240"":1,""21"":5,""200"":0,""69"":1,""237"":2,""113"":100,""303"":1,""383"":3,""1149"":1,""181"":12,""182"":10,""66"":14913,""24"":25,""206"":48740,""67"":4128,""68"":0,""13"":792,""17"":-22,""18"":-311,""19"":-5,""15"":1000,""241"":26806,""199"":593,""16"":145288,""12"":11209,""449"":0,""636"":339499,""1148"":71,""11"":8935106000,""14"":1160700155,""387"":""2b3430313039332e353636372d303038353032392e353530302b3030302e3037362f""}"
2026-07-01T07:21:42Z,862272088542776,Codec8E,2026-06-30 12:02:47.000 UTC,1782820967000,0,40.1093000,-8.5029683,76,200,10,24,0,"{""239"":1,""240"":1,""21"":5,""200"":0,""69"":1,""237"":2,""113"":100,""303"":1,""383"":3,""1149"":1,""181"":16,""182"":9,""66"":14905,""24"":24,""206"":48740,""67"":4128,""68"":0,""13"":792,""17"":-26,""18"":-304,""19"":52,""15"":1000,""241"":26806,""199"":599,""16"":145294,""12"":11209,""449"":0,""636"":339499,""1148"":71,""11"":8935106000,""14"":1160700155,""387"":""2b3430313039332e303030302d303038353032392e363833332b3030302e3037362f""}"
2026-07-01T07:21:42Z,862272088542776,Codec8E,2026-06-30 12:02:48.000 UTC,1782820968000,0,40.1092400,-8.5028866,75,149,11,24,0,"{""239"":1,""240"":1,""21"":5,""200"":0,""69"":1,""237"":2,""113"":100,""303"":1,""383"":3,""1149"":1,""181"":14,""182"":8,""66"":14901,""24"":24,""206"":48740,""67"":4128,""68"":0,""13"":792,""17"":-77,""18"":-255,""19"":78,""15"":1000,""241"":26806,""199"":609,""16"":145304,""12"":11209,""449"":0,""636"":339499,""1148"":71,""11"":8935106000,""14"":1160700155,""387"":""2b3430313039322e343030302d303038353032382e383636372b3030302e3037352f""}"
2026-07-01T07:21:42Z,862272088542776,Codec8E,2026-06-30 12:02:49.000 UTC,1782820969000,0,40.1091950,-8.5028233,75,135,11,24,0,"{""239"":1,""240"":1,""21"":5,""200"":0,""69"":1,""237"":2,""113"":100,""303"":1,""383"":3,""1149"":1,""181"":11,""182"":8,""66"":14931,""24"":24,""206"":48740,""67"":4128,""68"":0,""13"":792,""17"":-81,""18"":79,""19"":48,""15"":1000,""241"":26806,""199"":616,""16"":145311,""12"":11209,""449"":0,""636"":339499,""1148"":71,""11"":8935106000,""14"":1160700155,""387"":""2b3430313039312e393530302d303038353032382e323333332b3030302e3037352f""}"
2026-07-01T07:21:42Z,862272088542776,Codec8E,2026-06-30 12:02:51.000 UTC,1782820971000,0,40.1091283,-8.5026850,75,121,11,23,0,"{""239"":1,""240"":1,""21"":5,""200"":0,""69"":1,""237"":2,""113"":100,""303"":1,""383"":3,""1149"":1,""181"":14,""182"":8,""66"":14886,""24"":23,""206"":48740,""67"":4128,""68"":0,""13"":792,""17"":-76,""18"":279,""19"":137,""15"":1000,""241"":26806,""199"":630,""16"":145325,""12"":11209,""449"":0,""636"":339499,""1148"":71,""11"":8935106000,""14"":1160700155,""387"":""2b3430313039312e323833332d303038353032362e383530302b3030302e3037352f""}"
2026-07-01T07:21:42Z,862272088542776,Codec8E,2026-06-30 12:02:54.000 UTC,1782820974000,0,40.1089949,-8.5024700,75,137,11,26,0,"{""239"":1,""240"":1,""21"":5,""200"":0,""69"":1,""237"":2,""113"":100,""303"":1,""383"":3,""1149"":1,""181"":11,""182"":8,""66"":14948,""24"":26,""206"":48740,""67"":4128,""68"":0,""13"":792,""17"":-14,""18"":226,""19"":26,""15"":1000,""241"":26806,""199"":654,""16"":145349,""12"":11209,""449"":0,""636"":339499,""1148"":71,""11"":8935106000,""14"":1160700155,""387"":""2b3430313038392e393530302d303038353032342e373030302b3030302e3037352f""}"
2026-07-01T07:21:43Z,862272088542776,Codec8E,2026-06-30 12:02:56.000 UTC,1782820976000,0,40.1088700,-8.5023833,75,148,12,26,0,"{""239"":1,""240"":1,""21"":5,""200"":0,""69"":1,""237"":2,""113"":100,""303"":1,""383"":3,""1149"":1,""181"":11,""182"":8,""66"":14942,""24"":26,""206"":48740,""67"":4128,""68"":0,""13"":792,""17"":24,""18"":-45,""19"":49,""15"":1000,""241"":26806,""199"":670,""16"":145365,""12"":11209,""449"":0,""636"":339499,""1148"":65,""11"":8935106000,""14"":1160700155,""387"":""2b3430313038382e373030302d303038353032332e383333332b3030302e3037352f""}"
2026-07-01T07:21:43Z,862272088542776,Codec8E,2026-06-30 12:02:57.000 UTC,1782820977000,0,40.1088100,-8.5023850,75,160,12,25,0,"{""239"":1,""240"":1,""21"":5,""200"":0,""69"":1,""237"":2,""113"":100,""303"":1,""383"":3,""1149"":1,""181"":14,""182"":8,""66"":14906,""24"":25,""206"":48740,""67"":4128,""68"":0,""13"":792,""17"":9,""18"":-27,""19"":47,""15"":1000,""241"":26806,""199"":677,""16"":145372,""12"":11209,""449"":0,""636"":339499,""1148"":65,""11"":8935106000,""14"":1160700155,""387"":""2b3430313038382e313030302d303038353032332e383530302b3030302e3037352f""}"
2026-07-01T07:21:43Z,862272088542776,Codec8E,2026-06-30 12:02:59.000 UTC,1782820979000,0,40.1087166,-8.5023966,74,177,12,22,0,"{""239"":1,""240"":1,""21"":5,""200"":0,""69"":1,""237"":2,""113"":100,""303"":1,""383"":3,""1149"":1,""181"":14,""182"":8,""66"":14897,""24"":22,""206"":48740,""67"":4128,""68"":0,""13"":792,""17"":-89,""18"":-211,""19"":123,""15"":1000,""241"":26806,""199"":687,""16"":145382,""12"":11209,""449"":0,""636"":339499,""1148"":65,""11"":8935106000,""14"":1160700155,""387"":""2b3430313038372e313636372d303038353032332e393636372b3030302e3037342f""}"
2026-07-01T07:21:43Z,862272088542776,Codec8E,2026-06-30 12:03:00.000 UTC,1782820980000,0,40.1086816,-8.5023866,74,167,12,21,0,"{""239"":1,""240"":1,""21"":5,""200"":0,""69"":1,""237"":2,""113"":100,""303"":1,""383"":3,""1149"":1,""181"":14,""182"":8,""66"":14944,""24"":21,""206"":48740,""67"":4128,""68"":0,""13"":792,""17"":-89,""18"":-230,""19"":-193,""15"":1000,""241"":26806,""199"":691,""16"":145386,""12"":11209,""449"":0,""636"":339499,""1148"":65,""11"":8935106000,""14"":1160700155,""387"":""2b3430313038362e383136372d303038353032332e383636372b3030302e3037342f""}"
2026-07-01T07:21:43Z,862272088542776,Codec8E,2026-06-30 12:03:02.000 UTC,1782820982000,0,40.1086216,-8.5023533,76,142,12,19,0,"{""239"":1,""240"":1,""21"":5,""200"":0,""69"":1,""237"":2,""113"":100,""303"":1,""383"":3,""1149"":1,""181"":14,""182"":8,""66"":14949,""24"":19,""206"":48740,""67"":4128,""68"":0,""13"":792,""17"":-197,""18"":41,""19"":33,""15"":1000,""241"":26806,""199"":698,""16"":145393,""12"":11209,""449"":0,""636"":339499,""1148"":65,""11"":8935106000,""14"":1160700155,""387"":""2b3430313038362e323136372d303038353032332e353333332b3030302e3037362f""}"
2026-07-01T07:21:44Z,862272088542776,Codec8E,2026-06-30 12:03:03.000 UTC,1782820983000,0,40.1086083,-8.5022916,76,118,12,19,0,"{""239"":1,""240"":1,""21"":5,""200"":0,""69"":1,""237"":2,""113"":100,""303"":1,""383"":3,""1149"":1,""181"":14,""182"":8,""66"":14935,""24"":19,""206"":48740,""67"":4128,""68"":0,""13"":792,""17"":-192,""18"":150,""19"":29,""15"":1000,""241"":26806,""199"":704,""16"":145399,""12"":11209,""449"":0,""636"":339499,""1148"":65,""11"":8935106000,""14"":1160700155,""387"":""2b3430313038362e303833332d303038353032322e393136372b3030302e3037362f""}"
2026-07-01T07:21:44Z,862272088542776,Codec8E,2026-06-30 12:03:05.000 UTC,1782820985000,0,40.1085833,-8.5021349,77,105,12,22,0,"{""239"":1,""240"":1,""21"":5,""200"":0,""69"":1,""237"":2,""113"":100,""303"":1,""383"":3,""1149"":1,""181"":14,""182"":8,""66"":14942,""24"":22,""206"":48740,""67"":4128,""68"":0,""13"":792,""17"":-160,""18"":255,""19"":49,""15"":1000,""241"":26806,""199"":717,""16"":145412,""12"":11209,""449"":0,""636"":339499,""1148"":65,""11"":8935106000,""14"":1160700155,""387"":""2b3430313038352e383333332d303038353032312e333530302b3030302e3037372f""}"
2026-07-01T07:21:44Z,862272088542776,Codec8E,2026-06-30 12:03:07.000 UTC,1782820987000,0,40.1085233,-8.5019649,76,117,12,25,0,"{""239"":1,""240"":1,""21"":5,""200"":0,""69"":1,""237"":2,""113"":100,""303"":1,""383"":3,""1149"":1,""181"":11,""182"":8,""66"":14912,""24"":25,""206"":48740,""67"":4128,""68"":0,""13"":792,""17"":-147,""18"":1,""19"":126,""15"":1000,""241"":26806,""199"":733,""16"":145428,""12"":11209,""449"":0,""636"":339499,""1148"":65,""11"":8935106000,""14"":1160700155,""387"":""2b3430313038352e323333332d303038353031392e363530302b3030302e3037362f""}"
2026-07-01T07:21:44Z,862272088542776,Codec8E,2026-06-30 12:03:10.000 UTC,1782820990000,0,40.1083283,-8.5016800,76,132,11,32,0,"{""239"":1,""240"":1,""21"":5,""200"":0,""69"":1,""237"":2,""113"":100,""303"":1,""383"":3,""1149"":1,""181"":15,""182"":9,""66"":14937,""24"":32,""206"":48740,""67"":4128,""68"":0,""13"":792,""17"":-131,""18"":0,""19"":39,""15"":1000,""241"":26806,""199"":766,""16"":145461,""12"":11209,""449"":0,""636"":339499,""1148"":65,""11"":8935106000,""14"":1160700155,""387"":""2b3430313038332e323833332d303038353031362e383030302b3030302e3037362f""}"
2026-07-01T07:21:44Z,862272088542776,Codec8E,2026-06-30 12:03:13.000 UTC,1782820993000,0,40.1080333,-8.5013866,76,145,10,42,0,"{""239"":1,""240"":1,""21"":5,""200"":0,""69"":1,""237"":2,""113"":100,""303"":1,""383"":3,""1149"":1,""181"":15,""182"":10,""66"":14864,""24"":42,""206"":48740,""67"":4128,""68"":0,""13"":792,""17"":-128,""18"":-10,""19"":113,""15"":1000,""241"":26806,""199"":807,""16"":145502,""12"":11209,""449"":0,""636"":339499,""1148"":65,""11"":8935106000,""14"":1160700155,""387"":""2b3430313038302e333333332d303038353031332e383636372b3030302e3037362f""}"
2026-07-01T07:21:45Z,862272088542776,Codec8E,2026-06-30 12:03:19.000 UTC,1782820999000,0,40.1073150,-8.5009766,78,160,9,48,0,"{""239"":1,""240"":1,""21"":5,""200"":0,""69"":1,""237"":2,""113"":100,""303"":1,""383"":3,""1149"":1,""181"":25,""182"":12,""66"":14923,""24"":48,""206"":48740,""67"":4128,""68"":0,""13"":792,""17"":-27,""18"":284,""19"":51,""15"":1000,""241"":26806,""199"":895,""16"":145590,""12"":11209,""449"":0,""636"":339499,""1148"":65,""11"":8935106000,""14"":1160700155,""387"":""2b3430313037332e313530302d303038353030392e373636372b3030302e3037382f""}"
2026-07-01T07:21:45Z,862272088542776,Codec8E,2026-06-30 12:03:20.000 UTC,1782821000000,0,40.1072150,-8.5010233,78,184,9,46,0,"{""239"":1,""240"":1,""21"":5,""200"":0,""69"":1,""237"":2,""113"":100,""303"":1,""383"":3,""1149"":1,""181"":25,""182"":12,""66"":14871,""24"":46,""206"":48740,""67"":4128,""68"":0,""13"":792,""17"":-34,""18"":314,""19"":48,""15"":1000,""241"":26806,""199"":907,""16"":145602,""12"":11209,""449"":0,""636"":339499,""1148"":65,""11"":8935106000,""14"":1160700155,""387"":""2b3430313037322e313530302d303038353031302e323333332b3030302e3037382f""}"
2026-07-01T07:21:45Z,862272088542776,Codec8E,2026-06-30 12:03:21.000 UTC,1782821001000,0,40.1071316,-8.5010833,78,203,9,43,0,"{""239"":1,""240"":1,""21"":5,""200"":0,""69"":1,""237"":2,""113"":100,""303"":1,""383"":3,""1149"":1,""181"":25,""182"":12,""66"":14937,""24"":43,""206"":48740,""67"":4128,""68"":0,""13"":792,""17"":-35,""18"":320,""19"":-13,""15"":1000,""241"":26806,""199"":917,""16"":145612,""12"":11209,""449"":0,""636"":339499,""1148"":65,""11"":8935106000,""14"":1160700155,""387"":""2b3430313037312e333136372d303038353031302e383333332b3030302e3037382f""}"
2026-07-01T07:21:45Z,862272088542776,Codec8E,2026-06-30 12:03:24.000 UTC,1782821004000,0,40.1069366,-8.5013166,79,222,11,38,0,"{""239"":1,""240"":1,""21"":5,""200"":0,""69"":1,""237"":2,""113"":100,""303"":1,""383"":3,""1149"":1,""181"":12,""182"":9,""66"":14858,""24"":38,""206"":48740,""67"":4128,""68"":0,""13"":792,""17"":-66,""18"":106,""19"":44,""15"":1000,""241"":26806,""199"":947,""16"":145642,""12"":11209,""449"":0,""636"":339499,""1148"":65,""11"":8935106000,""14"":1160700155,""387"":""2b3430313036392e333636372d303038353031332e313636372b3030302e3037392f""}"
2026-07-01T07:21:45Z,862272088542776,Codec8E,2026-06-30 12:03:26.000 UTC,1782821006000,0,40.1069750,-8.5015849,79,269,10,37,0,"{""239"":1,""240"":1,""21"":5,""200"":0,""69"":1,""237"":2,""113"":100,""303"":1,""383"":3,""1149"":1,""181"":22,""182"":10,""66"":14868,""24"":37,""206"":48740,""67"":4128,""68"":0,""13"":792,""17"":-112,""18"":1,""19"":72,""15"":1000,""241"":26806,""199"":972,""16"":145667,""12"":11209,""449"":0,""636"":339499,""1148"":65,""11"":8935106000,""14"":1160700155,""387"":""2b3430313036392e373530302d303038353031352e383530302b3030302e3037392f""}"
2026-07-01T07:21:45Z,862272088542776,Codec8E,2026-06-30 12:03:28.000 UTC,1782821008000,0,40.1070433,-8.5018749,79,282,10,39,0,"{""239"":1,""240"":1,""21"":5,""200"":0,""69"":1,""237"":2,""113"":100,""303"":1,""383"":3,""1149"":1,""181"":22,""182"":10,""66"":14871,""24"":39,""206"":48740,""67"":4128,""68"":0,""13"":792,""17"":-90,""18"":6,""19"":0,""15"":1000,""241"":26806,""199"":998,""16"":145693,""12"":11209,""449"":0,""636"":339499,""1148"":65,""11"":8935106000,""14"":1160700155,""387"":""2b3430313037302e343333332d303038353031382e373530302b3030302e3037392f""}"
2026-07-01T07:21:45Z,862272088542776,Codec8E,2026-06-30 12:03:36.000 UTC,1782821016000,0,40.1074116,-8.5030883,83,286,11,47,0,"{""239"":1,""240"":1,""21"":5,""200"":0,""69"":1,""237"":2,""113"":100,""303"":1,""383"":3,""1149"":1,""181"":11,""182"":8,""66"":14918,""24"":47,""206"":48740,""67"":4128,""68"":0,""13"":792,""17"":2,""18"":51,""19"":86,""15"":1000,""241"":26806,""199"":1109,""16"":145804,""12"":11209,""449"":0,""636"":339499,""1148"":62,""11"":8935106000,""14"":1160700155,""387"":""2b3430313037342e313136372d303038353033302e383833332b3030302e3038332f""}"
2026-07-01T07:21:45Z,862272088542776,Codec8E,2026-06-30 12:03:41.000 UTC,1782821021000,0,40.1076016,-8.5037266,87,297,12,44,0,"{""239"":1,""240"":1,""21"":5,""200"":0,""69"":1,""237"":2,""113"":100,""303"":1,""383"":3,""1149"":1,""181"":14,""182"":8,""66"":14904,""24"":44,""206"":48740,""67"":4128,""68"":0,""13"":792,""17"":7,""18"":42,""19"":37,""15"":1000,""241"":26806,""199"":1167,""16"":145862,""12"":11209,""449"":0,""636"":339499,""1148"":62,""11"":8935106000,""14"":1160700155,""387"":""2b3430313037362e303136372d303038353033372e323636372b3030302e3038372f""}"
2026-07-01T07:21:45Z,862272088542776,Codec8E,2026-06-30 12:03:44.000 UTC,1782821024000,0,40.1077816,-8.5040649,88,311,12,42,0,"{""239"":1,""240"":1,""21"":5,""200"":0,""69"":1,""237"":2,""113"":100,""303"":1,""383"":3,""1149"":1,""181"":11,""182"":8,""66"":14890,""24"":42,""206"":48740,""67"":4128,""68"":0,""13"":792,""17"":25,""18"":78,""19"":43,""15"":1000,""241"":26806,""199"":1202,""16"":145897,""12"":11209,""449"":0,""636"":339499,""1148"":62,""11"":8935106000,""14"":1160700155,""387"":""2b3430313037372e383136372d303038353034302e363530302b3030302e3038382f""}"
2026-07-01T07:21:45Z,862272088542776,Codec8E,2026-06-30 12:03:47.000 UTC,1782821027000,0,40.1080333,-8.5043316,87,328,10,43,0,"{""239"":1,""240"":1,""21"":5,""200"":0,""69"":1,""237"":2,""113"":100,""303"":1,""383"":3,""1149"":1,""181"":13,""182"":10,""66"":14910,""24"":43,""206"":48740,""67"":4128,""68"":0,""13"":792,""17"":57,""18"":0,""19"":68,""15"":1000,""241"":26806,""199"":1238,""16"":145933,""12"":11209,""449"":0,""636"":339499,""1148"":62,""11"":8935106000,""14"":1160700155,""387"":""2b3430313038302e333333332d303038353034332e333136372b3030302e3038372f""}"
2026-07-01T07:21:46Z,862272088542776,Codec8E,2026-06-30 12:03:50.000 UTC,1782821030000,0,40.1083366,-8.5044816,88,341,10,42,0,"{""239"":1,""240"":1,""21"":5,""200"":0,""69"":1,""237"":2,""113"":100,""303"":1,""383"":3,""1149"":1,""181"":18,""182"":10,""66"":14881,""24"":42,""206"":48740,""67"":4128,""68"":0,""13"":792,""17"":107,""18"":-27,""19"":107,""15"":1000,""241"":26806,""199"":1274,""16"":145969,""12"":11209,""449"":0,""636"":339499,""1148"":62,""11"":8935106000,""14"":1160700155,""387"":""2b3430313038332e333636372d303038353034342e383136372b3030302e3038382f""}"
2026-07-01T07:21:46Z,862272088542776,Codec8E,2026-06-30 12:03:57.000 UTC,1782821037000,0,40.1089083,-8.5046916,88,326,10,34,0,"{""239"":1,""240"":1,""21"":4,""200"":0,""69"":1,""237"":2,""113"":100,""303"":1,""383"":3,""1149"":1,""181"":13,""182"":10,""66"":14872,""24"":34,""206"":48740,""67"":4128,""68"":0,""13"":792,""17"":-43,""18"":79,""19"":40,""15"":1000,""241"":26806,""199"":1341,""16"":146036,""12"":11209,""449"":0,""636"":339499,""1148"":78,""11"":8935106000,""14"":1160700155,""387"":""2b3430313038392e303833332d303038353034362e393136372b3030302e3038382f""}"
2026-07-01T07:21:46Z,862272088542776,Codec8E,2026-06-30 12:03:58.000 UTC,1782821038000,0,40.1089600,-8.5047516,88,313,10,33,0,"{""239"":1,""240"":1,""21"":4,""200"":0,""69"":1,""237"":2,""113"":100,""303"":1,""383"":3,""1149"":1,""181"":18,""182"":10,""66"":14951,""24"":33,""206"":48740,""67"":4128,""68"":0,""13"":792,""17"":-22,""18"":-34,""19"":-49,""15"":1000,""241"":26806,""199"":1348,""16"":146043,""12"":11209,""449"":0,""636"":339499,""1148"":78,""11"":8935106000,""14"":1160700155,""387"":""2b3430313038392e363030302d303038353034372e353136372b3030302e3038382f""}"
2026-07-01T07:21:46Z,862272088542776,Codec8E,2026-06-30 12:04:01.000 UTC,1782821041000,0,40.1091333,-8.5049249,87,323,10,32,0,"{""239"":1,""240"":1,""21"":4,""200"":0,""69"":1,""237"":2,""113"":100,""303"":1,""383"":3,""1149"":1,""181"":18,""182"":10,""66"":14870,""24"":32,""206"":48740,""67"":4128,""68"":0,""13"":792,""17"":52,""18"":36,""19"":6,""15"":1000,""241"":26806,""199"":1373,""16"":146068,""12"":11209,""449"":0,""636"":339499,""1148"":78,""11"":8935106000,""14"":1160700155,""387"":""2b3430313039312e333333332d303038353034392e323530302b3030302e3038372f""}"
2026-07-01T07:21:46Z,862272088542776,Codec8E,2026-06-30 12:04:09.000 UTC,1782821049000,0,40.1096400,-8.5053999,85,305,11,32,0,"{""239"":1,""240"":1,""21"":4,""200"":0,""69"":1,""237"":2,""113"":100,""303"":1,""383"":3,""1149"":1,""181"":12,""182"":9,""66"":14914,""24"":32,""206"":48740,""67"":4128,""68"":0,""13"":792,""17"":-79,""18"":-52,""19"":-27,""15"":1000,""241"":26806,""199"":1443,""16"":146138,""12"":11209,""449"":0,""636"":339499,""1148"":78,""11"":8935106000,""14"":1160700155,""387"":""2b3430313039362e343030302d303038353035342e303030302b3030302e3038352f""}"
2026-07-01T07:21:46Z,862272088542776,Codec8E,2026-06-30 12:04:11.000 UTC,1782821051000,0,40.1096800,-8.5055866,85,289,11,30,0,"{""239"":1,""240"":1,""21"":4,""200"":0,""69"":1,""237"":2,""113"":100,""303"":1,""383"":3,""1149"":1,""181"":12,""182"":9,""66"":14902,""24"":30,""206"":48740,""67"":4128,""68"":0,""13"":792,""17"":-46,""18"":-68,""19"":53,""15"":1000,""241"":26806,""199"":1460,""16"":146155,""12"":11209,""449"":0,""636"":339499,""1148"":78,""11"":8935106000,""14"":1160700155,""387"":""2b3430313039362e383030302d303038353035352e383636372b3030302e3038352f""}"
2026-07-01T07:21:46Z,862272088542776,Codec8E,2026-06-30 12:04:13.000 UTC,1782821053000,0,40.1096849,-8.5058116,85,278,11,31,0,"{""239"":1,""240"":1,""21"":4,""200"":0,""69"":1,""237"":2,""113"":100,""303"":1,""383"":3,""1149"":1,""181"":12,""182"":9,""66"":14934,""24"":31,""206"":48740,""67"":4128,""68"":0,""13"":792,""17"":-60,""18"":-4,""19"":75,""15"":1000,""241"":26806,""199"":1479,""16"":146174,""12"":11209,""449"":0,""636"":339499,""1148"":78,""11"":8935106000,""14"":1160700155,""387"":""2b3430313039362e383530302d303038353035382e313136372b3030302e3038352f""}"
2026-07-01T07:21:46Z,862272088542776,Codec8E,2026-06-30 12:04:22.000 UTC,1782821062000,0,40.1096516,-8.5067416,83,268,11,27,0,"{""239"":1,""240"":1,""21"":4,""200"":0,""69"":1,""237"":2,""113"":100,""303"":1,""383"":3,""1149"":1,""181"":17,""182"":9,""66"":14942,""24"":27,""206"":48740,""67"":4128,""68"":0,""13"":792,""17"":-10,""18"":-269,""19"":38,""15"":1000,""241"":26806,""199"":1558,""16"":146253,""12"":11209,""449"":0,""636"":339499,""1148"":78,""11"":8935106000,""14"":1160700155,""387"":""2b3430313039362e353136372d303038353036372e343136372b3030302e3038332f""}"
2026-07-01T07:21:46Z,862272088542776,Codec8E,2026-06-30 12:04:24.000 UTC,1782821064000,0,40.1096183,-8.5068549,83,246,11,23,0,"{""239"":1,""240"":1,""21"":4,""200"":0,""69"":1,""237"":2,""113"":100,""303"":1,""383"":3,""1149"":1,""181"":12,""182"":9,""66"":14942,""24"":23,""206"":48740,""67"":4128,""68"":0,""13"":792,""17"":-17,""18"":-284,""19"":15,""15"":1000,""241"":26806,""199"":1569,""16"":146264,""12"":11209,""449"":0,""636"":339499,""1148"":78,""11"":8935106000,""14"":1160700155,""387"":""2b3430313039362e313833332d303038353036382e353530302b3030302e3038332f""}"
2026-07-01T07:21:46Z,862272088542776,Codec8E,2026-06-30 12:04:25.000 UTC,1782821065000,0,40.1095700,-8.5069133,83,227,11,21,0,"{""239"":1,""240"":1,""21"":4,""200"":0,""69"":1,""237"":2,""113"":100,""303"":1,""383"":3,""1149"":1,""181"":17,""182"":9,""66"":14884,""24"":21,""206"":48740,""67"":4128,""68"":0,""13"":792,""17"":-83,""18"":-80,""19"":31,""15"":1000,""241"":26806,""199"":1576,""16"":146271,""12"":11209,""449"":0,""636"":339499,""1148"":78,""11"":8935106000,""14"":1160700155,""387"":""2b3430313039352e373030302d303038353036392e313333332b3030302e3038332f""}"
2026-07-01T07:21:47Z,862272088542776,Codec8E,2026-06-30 12:04:26.000 UTC,1782821066000,0,40.1095300,-8.5069516,82,217,11,20,0,"{""239"":1,""240"":1,""21"":4,""200"":0,""69"":1,""237"":2,""113"":100,""303"":1,""383"":3,""1149"":1,""181"":17,""182"":9,""66"":14919,""24"":20,""206"":48740,""67"":4128,""68"":0,""13"":792,""17"":-121,""18"":-62,""19"":14,""15"":1000,""241"":26806,""199"":1581,""16"":146276,""12"":11209,""449"":0,""636"":339499,""1148"":76,""11"":8935106000,""14"":1160700155,""387"":""2b3430313039352e333030302d303038353036392e353136372b3030302e3038322f""}"
2026-07-01T07:21:47Z,862272088542776,Codec8E,2026-06-30 12:04:27.000 UTC,1782821067000,0,40.1094816,-8.5069649,82,198,11,19,0,"{""239"":1,""240"":1,""21"":4,""200"":0,""69"":1,""237"":2,""113"":100,""303"":1,""383"":3,""1149"":1,""181"":12,""182"":9,""66"":14873,""24"":19,""206"":48740,""67"":4128,""68"":0,""13"":792,""17"":-133,""18"":-103,""19"":-38,""15"":1000,""241"":26806,""199"":1587,""16"":146282,""12"":11209,""449"":0,""636"":339499,""1148"":76,""11"":8935106000,""14"":1160700155,""387"":""2b3430313039342e383136372d303038353036392e363530302b3030302e3038322f""}"
2026-07-01T07:21:47Z,862272088542776,Codec8E,2026-06-30 12:04:28.000 UTC,1782821068000,0,40.1094183,-8.5069716,82,183,11,20,0,"{""239"":1,""240"":1,""21"":4,""200"":0,""69"":1,""237"":2,""113"":100,""303"":1,""383"":3,""1149"":1,""181"":17,""182"":9,""66"":14927,""24"":20,""206"":48740,""67"":4128,""68"":0,""13"":792,""17"":-87,""18"":-79,""19"":80,""15"":1000,""241"":26806,""199"":1594,""16"":146289,""12"":11209,""449"":0,""636"":339499,""1148"":76,""11"":8935106000,""14"":1160700155,""387"":""2b3430313039342e313833332d303038353036392e373136372b3030302e3038322f""}"
2026-07-01T07:21:47Z,862272088542776,Codec8E,2026-06-30 12:04:41.000 UTC,1782821081000,0,40.1085733,-8.5070000,84,201,6,22,0,"{""239"":1,""240"":1,""21"":4,""200"":0,""69"":1,""237"":2,""113"":100,""303"":1,""383"":3,""1149"":1,""181"":57,""182"":24,""66"":14917,""24"":22,""206"":48740,""67"":4128,""68"":0,""13"":792,""17"":-20,""18"":225,""19"":84,""15"":1000,""241"":26806,""199"":1688,""16"":146383,""12"":11209,""449"":0,""636"":339499,""1148"":76,""11"":8935106000,""14"":1160700155,""387"":""2b3430313038352e373333332d303038353037302e303030302b3030302e3038342f""}"
2026-07-01T07:21:47Z,862272088542776,Codec8E,2026-06-30 12:04:42.000 UTC,1782821082000,0,40.1085516,-8.5070366,84,224,6,20,0,"{""239"":1,""240"":1,""21"":4,""200"":0,""69"":1,""237"":2,""113"":100,""303"":1,""383"":3,""1149"":1,""181"":59,""182"":24,""66"":14910,""24"":20,""206"":48740,""67"":4128,""68"":0,""13"":792,""17"":-73,""18"":38,""19"":21,""15"":1000,""241"":26806,""199"":1692,""16"":146387,""12"":11209,""449"":0,""636"":339499,""1148"":76,""11"":8935106000,""14"":1160700155,""387"":""2b3430313038352e353136372d303038353037302e333636372b3030302e3038342f""}"
2026-07-01T07:21:48Z,862272088542776,Codec8E,2026-06-30 12:04:44.000 UTC,1782821084000,0,40.1085083,-8.5071450,84,246,7,19,0,"{""239"":1,""240"":1,""21"":4,""200"":0,""69"":1,""237"":2,""113"":100,""303"":1,""383"":3,""1149"":1,""181"":17,""182"":14,""66"":14895,""24"":19,""206"":48740,""67"":4128,""68"":0,""13"":792,""17"":-38,""18"":-28,""19"":25,""15"":1000,""241"":26806,""199"":1703,""16"":146398,""12"":11209,""449"":0,""636"":339499,""1148"":76,""11"":8935106000,""14"":1160700155,""387"":""2b3430313038352e303833332d303038353037312e343530302b3030302e3038342f""}"
2026-07-01T07:21:48Z,862272088542776,Codec8E,2026-06-30 12:04:48.000 UTC,1782821088000,0,40.1084533,-8.5074566,84,259,10,23,0,"{""239"":1,""240"":1,""21"":4,""200"":0,""69"":1,""237"":2,""113"":100,""303"":1,""383"":3,""1149"":1,""181"":12,""182"":9,""66"":14904,""24"":23,""206"":48740,""67"":4128,""68"":0,""13"":792,""17"":-20,""18"":-28,""19"":78,""15"":1000,""241"":26806,""199"":1730,""16"":146425,""12"":11209,""449"":0,""636"":339499,""1148"":76,""11"":8935106000,""14"":1160700155,""387"":""2b3430313038342e353333332d303038353037342e353636372b3030302e3038342f""}"
2026-07-01T07:21:48Z,862272088542776,Codec8E,2026-06-30 12:04:58.000 UTC,1782821098000,0,40.1083733,-8.5081683,83,271,11,19,0,"{""239"":1,""240"":1,""21"":4,""200"":0,""69"":1,""237"":2,""113"":100,""303"":1,""383"":3,""1149"":1,""181"":17,""182"":9,""66"":14870,""24"":19,""206"":48740,""67"":4128,""68"":0,""13"":792,""17"":-23,""18"":-25,""19"":32,""15"":1000,""241"":26806,""199"":1792,""16"":146487,""12"":11209,""449"":0,""636"":339499,""1148"":88,""11"":8935106000,""14"":1160700155,""387"":""2b3430313038332e373333332d303038353038312e363833332b3030302e3038332f""}"
2026-07-01T07:21:48Z,862272088542776,Codec8E,2026-06-30 12:05:01.000 UTC,1782821101000,0,40.1083533,-8.5083300,83,253,9,17,0,"{""239"":1,""240"":1,""21"":4,""200"":0,""69"":1,""237"":2,""113"":100,""303"":1,""383"":3,""1149"":1,""181"":14,""182"":11,""66"":14910,""24"":17,""206"":48740,""67"":4128,""68"":0,""13"":792,""17"":61,""18"":-104,""19"":40,""15"":1000,""241"":26806,""199"":1806,""16"":146501,""12"":11209,""449"":0,""636"":339499,""1148"":88,""11"":8935106000,""14"":1160700155,""387"":""2b3430313038332e353333332d303038353038332e333030302b3030302e3038332f""}"
2026-07-01T07:21:48Z,862272088542776,Codec8E,2026-06-30 12:05:04.000 UTC,1782821104000,0,40.1083083,-8.5084333,83,241,10,14,0,"{""239"":1,""240"":1,""21"":4,""200"":0,""69"":1,""237"":2,""113"":100,""303"":1,""383"":3,""1149"":1,""181"":18,""182"":10,""66"":14942,""24"":14,""206"":48740,""67"":4128,""68"":0,""13"":792,""17"":23,""18"":-87,""19"":35,""15"":1000,""241"":26806,""199"":1816,""16"":146511,""12"":11209,""449"":0,""636"":339499,""1148"":88,""11"":8935106000,""14"":1160700155,""387"":""2b3430313038332e303833332d303038353038342e333333332b3030302e3038332f""}"
2026-07-01T07:21:49Z,862272088542776,Codec8E,2026-06-30 12:05:05.000 UTC,1782821105000,0,40.1082916,-8.5084600,82,225,10,13,0,"{""239"":1,""240"":1,""21"":4,""200"":0,""69"":1,""237"":2,""113"":100,""303"":1,""383"":3,""1149"":1,""181"":13,""182"":10,""66"":14864,""24"":13,""206"":48740,""67"":4128,""68"":0,""13"":792,""17"":99,""18"":-196,""19"":67,""15"":1000,""241"":26806,""199"":1819,""16"":146514,""12"":11209,""449"":0,""636"":339499,""1148"":88,""11"":8935106000,""14"":1160700155,""387"":""2b3430313038322e393136372d303038353038342e363030302b3030302e3038322f""}"
2026-07-01T07:21:49Z,862272088542776,Codec8E,2026-06-30 12:05:08.000 UTC,1782821108000,0,40.1082550,-8.5084950,82,196,10,9,0,"{""239"":1,""240"":1,""21"":4,""200"":0,""69"":1,""237"":2,""113"":100,""303"":1,""383"":3,""1149"":1,""181"":13,""182"":10,""66"":14900,""24"":9,""206"":48740,""67"":4128,""68"":0,""13"":792,""17"":31,""18"":-31,""19"":27,""15"":1000,""241"":26806,""199"":1822,""16"":146517,""12"":11209,""449"":0,""636"":339499,""1148"":88,""11"":8935106000,""14"":1160700155,""387"":""2b3430313038322e353530302d303038353038342e393530302b3030302e3038322f""}"
2026-07-01T07:21:49Z,862272088542776,Codec8E,2026-06-30 12:05:17.000 UTC,1782821117000,0,40.1082383,-8.5085016,82,196,9,0,303,"{""239"":1,""240"":1,""21"":4,""200"":0,""69"":1,""237"":2,""113"":100,""303"":0,""383"":3,""1149"":1,""181"":16,""182"":12,""66"":14923,""24"":0,""206"":48740,""67"":4128,""68"":0,""13"":792,""17"":-20,""18"":-29,""19"":3,""15"":1000,""241"":26806,""199"":1825,""16"":146520,""12"":11209,""449"":0,""636"":339499,""1148"":88,""11"":8935106000,""14"":1160700155,""387"":""2b3430313038322e333833332d303038353038352e303136372b3030302e3038322f""}"
2026-07-01T07:21:49Z,862272088542776,Codec8E,2026-06-30 12:05:35.000 UTC,1782821135000,0,40.1081766,-8.5085433,84,162,8,3,303,"{""239"":1,""240"":1,""21"":4,""200"":0,""69"":1,""237"":2,""113"":100,""303"":1,""383"":3,""1149"":1,""181"":16,""182"":12,""66"":14861,""24"":3,""206"":48740,""67"":4128,""68"":0,""13"":782,""17"":207,""18"":-50,""19"":13,""15"":1000,""241"":26806,""199"":1825,""16"":146520,""12"":11213,""449"":0,""636"":1555725,""1148"":88,""11"":8935106000,""14"":1160700155,""387"":""2b3430313038312e373636372d303038353038352e343333332b3030302e3038342f""}"
2026-07-01T07:21:49Z,862272088542776,Codec8E,2026-06-30 12:05:57.000 UTC,1782821157000,0,40.1081100,-8.5084416,0,0,0,0,303,"{""239"":1,""240"":1,""21"":0,""200"":0,""69"":2,""237"":2,""113"":100,""303"":0,""383"":3,""1149"":0,""181"":0,""182"":0,""66"":14851,""24"":0,""206"":48740,""67"":4128,""68"":0,""13"":782,""17"":-23,""18"":21,""19"":31,""15"":1000,""241"":0,""199"":1840,""16"":146535,""12"":11213,""449"":0,""636"":1555725,""1148"":120,""11"":8935106000,""14"":1160700155,""387"":""2b3430313038312e313030302d303038353038342e343136372b3030302e3030302f""}"
2026-07-01T07:21:49Z,862272088542776,Codec8E,2026-06-30 12:05:58.000 UTC,1782821158000,0,40.1081100,-8.5084416,0,0,0,0,303,"{""239"":1,""240"":1,""21"":0,""200"":0,""69"":2,""237"":2,""113"":100,""303"":1,""383"":3,""1149"":0,""181"":0,""182"":0,""66"":14871,""24"":0,""206"":48740,""67"":4128,""68"":0,""13"":782,""17"":-18,""18"":19,""19"":27,""15"":1000,""241"":26806,""199"":1840,""16"":146535,""12"":11213,""449"":0,""636"":1555725,""1148"":120,""11"":8935106000,""14"":1160700155,""387"":""2b3430313038312e313030302d303038353038342e343136372b3030302e3030302f""}"
2026-07-01T07:21:49Z,862272088542776,Codec8E,2026-06-30 12:06:08.000 UTC,1782821168000,0,40.1081100,-8.5084416,0,0,0,0,303,"{""239"":1,""240"":1,""21"":0,""200"":0,""69"":2,""237"":2,""113"":100,""303"":0,""383"":3,""1149"":0,""181"":0,""182"":0,""66"":14876,""24"":0,""206"":48740,""67"":4128,""68"":0,""13"":782,""17"":-37,""18"":-2,""19"":3,""15"":1000,""241"":26806,""199"":1840,""16"":146535,""12"":11213,""449"":0,""636"":1555725,""1148"":120,""11"":8935106000,""14"":1160700155,""387"":""2b3430313038312e313030302d303038353038342e343136372b3030302e3030302f""}"
2026-07-01T07:21:49Z,862272088542776,Codec8E,2026-06-30 12:07:07.000 UTC,1782821227000,0,40.1081100,-8.5084416,0,0,0,0,240,"{""239"":1,""240"":0,""21"":5,""200"":0,""69"":2,""237"":99,""113"":100,""303"":0,""383"":3,""1149"":20,""181"":0,""182"":0,""66"":13204,""24"":0,""206"":18,""67"":4128,""68"":0,""13"":782,""17"":-34,""18"":-6,""19"":4,""15"":1000,""241"":26801,""199"":1840,""16"":146535,""12"":11214,""449"":0,""636"":0,""1148"":120,""11"":8935106000,""14"":1160700155,""387"":""2b3430313038312e313030302d303038353038342e343136372b3030302e3030302f""}"
2026-07-01T07:21:49Z,862272088542776,Codec8E,2026-06-30 12:07:08.000 UTC,1782821228000,0,40.1081100,-8.5084416,0,0,0,0,239,"{""239"":0,""240"":0,""21"":5,""200"":0,""69"":2,""237"":99,""113"":100,""303"":0,""383"":3,""1149"":20,""181"":0,""182"":0,""66"":13121,""24"":0,""206"":18,""67"":4128,""68"":0,""13"":782,""17"":-31,""18"":-7,""19"":3,""15"":1000,""241"":26801,""199"":1840,""16"":146535,""12"":11214,""449"":0,""636"":0,""1148"":120,""11"":8935106000,""14"":1160700155,""387"":""2b3430313038312e313030302d303038353038342e343136372b3030302e3030302f""}"
2026-07-01T07:21:49Z,862272088542776,Codec8E,2026-06-30 13:07:08.000 UTC,1782824828000,0,40.1081100,-8.5084416,0,0,0,0,0,"{""239"":0,""240"":0,""21"":5,""200"":0,""69"":2,""237"":99,""113"":100,""303"":0,""383"":3,""1149"":20,""181"":0,""182"":0,""66"":13100,""24"":0,""206"":18,""67"":4128,""68"":0,""13"":782,""17"":-39,""18"":-13,""19"":4,""15"":1000,""241"":26801,""199"":0,""16"":146535,""12"":11214,""449"":0,""636"":0,""1148"":120,""11"":8935106000,""14"":1160700155,""387"":""2b3430313038312e313030302d303038353038342e343136372b3030302e3030302f""}"
2026-07-01T07:21:50Z,862272088542776,Codec8E,2026-06-30 14:33:20.000 UTC,1782830000000,0,40.1081100,-8.5084416,0,0,0,0,0,"{""239"":0,""240"":0,""21"":4,""200"":0,""69"":2,""237"":99,""113"":100,""303"":0,""383"":3,""1149"":20,""181"":0,""182"":0,""66"":13016,""24"":0,""206"":18,""67"":4128,""68"":0,""13"":782,""17"":-38,""18"":-1,""19"":8,""15"":0,""241"":26801,""199"":0,""16"":146535,""12"":11214,""449"":0,""636"":0,""1148"":0,""11"":8935106000,""14"":1160700155,""387"":""2b3430313038312e313030302d303038353038342e343136372b3030302e3030302f""}"
2026-07-01T07:21:50Z,862272088542776,Codec8E,2026-06-30 15:19:24.000 UTC,1782832764000,0,40.1081100,-8.5084416,0,0,0,0,239,"{""239"":1,""240"":0,""21"":5,""200"":0,""69"":2,""237"":99,""113"":100,""303"":0,""383"":3,""1149"":20,""181"":0,""182"":0,""66"":13986,""24"":0,""206"":18,""67"":4128,""68"":0,""13"":782,""17"":-38,""18"":-5,""19"":7,""15"":0,""241"":26801,""199"":0,""16"":146535,""12"":11214,""449"":0,""636"":0,""1148"":0,""11"":8935106000,""14"":1160700155,""387"":""2b3430313038312e313030302d303038353038342e343136372b3030302e3030302f""}"
2026-07-01T07:21:50Z,862272088542776,Codec8E,2026-06-30 15:20:07.000 UTC,1782832807000,0,40.1081100,-8.5084416,0,0,0,0,303,"{""239"":1,""240"":0,""21"":4,""200"":0,""69"":2,""237"":99,""113"":100,""303"":1,""383"":3,""1149"":1,""181"":0,""182"":0,""66"":14862,""24"":0,""206"":18,""67"":4128,""68"":0,""13"":783,""17"":-215,""18"":-76,""19"":-8,""15"":0,""241"":26801,""199"":0,""16"":146535,""12"":11226,""449"":0,""636"":0,""1148"":0,""11"":8935106000,""14"":1160700155,""387"":""2b3430313038312e313030302d303038353038342e343136372b3030302e3030302f""}"
2026-07-01T07:21:50Z,862272088542776,Codec8E,2026-06-30 15:20:08.000 UTC,1782832808000,0,40.1081100,-8.5084416,0,0,0,0,303,"{""239"":1,""240"":0,""21"":4,""200"":0,""69"":2,""237"":99,""113"":100,""303"":0,""383"":3,""1149"":1,""181"":0,""182"":0,""66"":14894,""24"":0,""206"":18,""67"":4128,""68"":0,""13"":783,""17"":-223,""18"":-39,""19"":-10,""15"":0,""241"":26801,""199"":0,""16"":146535,""12"":11226,""449"":0,""636"":0,""1148"":0,""11"":8935106000,""14"":1160700155,""387"":""2b3430313038312e313030302d303038353038342e343136372b3030302e3030302f""}"
2026-07-01T07:21:50Z,862272088542776,Codec8E,2026-06-30 15:20:12.000 UTC,1782832812000,0,40.1081100,-8.5084416,0,0,0,0,303,"{""239"":1,""240"":0,""21"":4,""200"":0,""69"":2,""237"":99,""113"":100,""303"":1,""383"":3,""1149"":1,""181"":0,""182"":0,""66"":14889,""24"":0,""206"":18,""67"":4128,""68"":0,""13"":783,""17"":-186,""18"":19,""19"":-33,""15"":0,""241"":26801,""199"":0,""16"":146535,""12"":11227,""449"":0,""636"":0,""1148"":0,""11"":8935106000,""14"":1160700155,""387"":""2b3430313038312e313030302d303038353038342e343136372b3030302e3030302f""}"
2026-07-01T07:21:50Z,862272088542776,Codec8E,2026-06-30 15:20:13.000 UTC,1782832813000,0,40.1081100,-8.5084416,0,0,0,0,240,"{""239"":1,""240"":1,""21"":4,""200"":0,""69"":2,""237"":99,""113"":100,""303"":1,""383"":3,""1149"":1,""181"":0,""182"":0,""66"":14834,""24"":0,""206"":18,""67"":4128,""68"":0,""13"":783,""17"":-219,""18"":-28,""19"":-7,""15"":0,""241"":26801,""199"":0,""16"":146535,""12"":11227,""449"":0,""636"":0,""1148"":0,""11"":8935106000,""14"":1160700155,""387"":""2b3430313038312e313030302d303038353038342e343136372b3030302e3030302f""}"
2026-07-01T07:21:50Z,862272088542776,Codec8E,2026-06-30 15:20:21.000 UTC,1782832821000,0,40.1081100,-8.5084416,0,0,0,0,303,"{""239"":1,""240"":1,""21"":4,""200"":0,""69"":2,""237"":99,""113"":100,""303"":0,""383"":3,""1149"":1,""181"":0,""182"":0,""66"":14901,""24"":0,""206"":18,""67"":4128,""68"":0,""13"":783,""17"":-78,""18"":-17,""19"":5,""15"":0,""241"":26801,""199"":0,""16"":146535,""12"":11227,""449"":0,""636"":0,""1148"":0,""11"":8935106000,""14"":1160700155,""387"":""2b3430313038312e313030302d303038353038342e343136372b3030302e3030302f""}"
2026-07-01T07:21:50Z,862272088542776,Codec8E,2026-06-30 15:20:48.000 UTC,1782832848000,0,40.1081100,-8.5084416,0,0,0,0,303,"{""239"":1,""240"":1,""21"":4,""200"":0,""69"":2,""237"":99,""113"":100,""303"":1,""383"":3,""1149"":1,""181"":0,""182"":0,""66"":14858,""24"":0,""206"":18,""67"":4128,""68"":0,""13"":783,""17"":12,""18"":0,""19"":15,""15"":0,""241"":26801,""199"":0,""16"":146535,""12"":11227,""449"":0,""636"":0,""1148"":0,""11"":8935106000,""14"":1160700155,""387"":""2b3430313038312e313030302d303038353038342e343136372b3030302e3030302f""}"
2026-07-01T07:21:50Z,862272088542776,Codec8E,2026-06-30 15:20:59.000 UTC,1782832859000,0,40.1081100,-8.5084416,0,0,0,0,303,"{""239"":1,""240"":1,""21"":4,""200"":0,""69"":2,""237"":99,""113"":100,""303"":0,""383"":3,""1149"":1,""181"":0,""182"":0,""66"":14907,""24"":0,""206"":18,""67"":4128,""68"":0,""13"":783,""17"":-30,""18"":-33,""19"":16,""15"":0,""241"":26801,""199"":0,""16"":146535,""12"":11227,""449"":0,""636"":0,""1148"":0,""11"":8935106000,""14"":1160700155,""387"":""2b3430313038312e313030302d303038353038342e343136372b3030302e3030302f""}"
2026-07-01T07:21:50Z,862272088542776,Codec8E,2026-06-30 15:21:05.000 UTC,1782832865000,0,40.1081100,-8.5084416,0,0,0,0,303,"{""239"":1,""240"":1,""21"":4,""200"":0,""69"":2,""237"":99,""113"":100,""303"":1,""383"":3,""1149"":1,""181"":0,""182"":0,""66"":14862,""24"":0,""206"":18,""67"":4128,""68"":0,""13"":783,""17"":-64,""18"":-6,""19"":18,""15"":0,""241"":26801,""199"":0,""16"":146535,""12"":11227,""449"":0,""636"":0,""1148"":0,""11"":8935106000,""14"":1160700155,""387"":""2b3430313038312e313030302d303038353038342e343136372b3030302e3030302f""}"
2026-07-01T07:21:52Z,862272088542776,Codec8E,2026-06-30 15:21:12.000 UTC,1782832872000,0,40.1081100,-8.5084416,0,0,0,0,303,"{""239"":1,""240"":1,""21"":5,""200"":0,""69"":2,""237"":99,""113"":100,""303"":0,""383"":3,""1149"":8,""181"":0,""182"":0,""66"":14841,""24"":0,""206"":10701,""67"":4128,""68"":0,""13"":783,""17"":-6,""18"":-34,""19"":0,""15"":0,""241"":26802,""199"":0,""16"":146535,""12"":11227,""449"":0,""636"":0,""1148"":0,""11"":8935106000,""14"":1160700155,""387"":""2b3430313038312e313030302d303038353038342e343136372b3030302e3030302f""}"
2026-07-01T07:21:52Z,862272088542776,Codec8E,2026-06-30 15:21:40.000 UTC,1782832900000,0,40.1081100,-8.5084416,0,0,0,0,303,"{""239"":1,""240"":1,""21"":3,""200"":0,""69"":2,""237"":99,""113"":100,""303"":1,""383"":3,""1149"":8,""181"":0,""182"":0,""66"":14910,""24"":0,""206"":10701,""67"":4128,""68"":0,""13"":783,""17"":-352,""18"":14,""19"":-8,""15"":0,""241"":26802,""199"":0,""16"":146535,""12"":11227,""449"":0,""636"":0,""1148"":0,""11"":8935106000,""14"":1160700155,""387"":""2b3430313038312e313030302d303038353038342e343136372b3030302e3030302f""}"
2026-07-01T07:21:52Z,862272088542776,Codec8E,2026-06-30 15:25:18.000 UTC,1782833118000,0,40.1081100,-8.5084416,0,0,0,0,303,"{""239"":1,""240"":1,""21"":4,""200"":0,""69"":2,""237"":2,""113"":100,""303"":0,""383"":3,""1149"":1,""181"":0,""182"":0,""66"":14929,""24"":0,""206"":48740,""67"":4128,""68"":0,""13"":783,""17"":-30,""18"":-12,""19"":16,""15"":0,""241"":26806,""199"":0,""16"":146535,""12"":11227,""449"":0,""636"":339499,""1148"":79,""11"":8935106000,""14"":1160700155,""387"":""2b3430313038312e313030302d303038353038342e343136372b3030302e3030302f""}"
2026-07-01T07:21:52Z,862272088542776,Codec8E,2026-06-30 15:26:17.000 UTC,1782833177000,0,40.1081100,-8.5084416,0,0,0,0,240,"{""239"":1,""240"":0,""21"":4,""200"":0,""69"":2,""237"":99,""113"":100,""303"":0,""383"":3,""1149"":1,""181"":0,""182"":0,""66"":14906,""24"":0,""206"":0,""67"":4128,""68"":0,""13"":783,""17"":-28,""18"":-14,""19"":7,""15"":0,""241"":26806,""199"":0,""16"":146535,""12"":11227,""449"":0,""636"":0,""1148"":76,""11"":8935106000,""14"":1160700155,""387"":""2b3430313038312e313030302d303038353038342e343136372b3030302e3030302f""}"
2026-07-01T07:21:52Z,862272088542776,Codec8E,2026-06-30 15:26:41.000 UTC,1782833201000,0,40.1081100,-8.5084416,0,0,0,0,239,"{""239"":0,""240"":0,""21"":5,""200"":0,""69"":2,""237"":2,""113"":100,""303"":0,""383"":3,""1149"":1,""181"":0,""182"":0,""66"":13085,""24"":0,""206"":48740,""67"":4128,""68"":0,""13"":783,""17"":-27,""18"":-15,""19"":6,""15"":0,""241"":26806,""199"":0,""16"":146535,""12"":11234,""449"":0,""636"":339499,""1148"":73,""11"":8935106000,""14"":1160700155,""387"":""2b3430313038312e313030302d303038353038342e343136372b3030302e3030302f""}"
2026-07-01T07:21:53Z,862272088542776,Codec8E,2026-06-30 15:26:47.000 UTC,1782833207000,0,40.1081100,-8.5084416,0,0,0,0,239,"{""239"":1,""240"":0,""21"":5,""200"":0,""69"":2,""237"":2,""113"":100,""303"":0,""383"":3,""1149"":1,""181"":0,""182"":0,""66"":15056,""24"":0,""206"":48740,""67"":4128,""68"":0,""13"":783,""17"":-27,""18"":-9,""19"":6,""15"":0,""241"":26806,""199"":0,""16"":146535,""12"":11234,""449"":0,""636"":339499,""1148"":73,""11"":8935106000,""14"":1160700155,""387"":""2b3430313038312e313030302d303038353038342e343136372b3030302e3030302f""}"
2026-07-01T07:21:53Z,862272088542776,Codec8E,2026-06-30 15:27:31.000 UTC,1782833251000,0,40.1081100,-8.5084416,99,0,4,0,239,"{""239"":0,""240"":0,""21"":5,""200"":0,""69"":4,""237"":2,""113"":100,""303"":0,""383"":3,""1149"":1,""181"":20,""182"":17,""66"":13165,""24"":0,""206"":48740,""67"":4128,""68"":0,""13"":784,""17"":-27,""18"":-19,""19"":7,""15"":0,""241"":26806,""199"":0,""16"":146535,""12"":11245,""449"":0,""636"":339499,""1148"":70,""11"":8935106000,""14"":1160700155,""387"":""2b3430313038312e313030302d303038353038342e343136372b3030302e3039392f""}"
2026-07-01T07:21:53Z,862272088542776,Codec8E,2026-06-30 15:29:39.000 UTC,1782833379000,0,40.1081100,-8.5084416,402,0,11,0,303,"{""239"":0,""240"":0,""21"":4,""200"":0,""69"":1,""237"":2,""113"":100,""303"":1,""383"":3,""1149"":1,""181"":12,""182"":8,""66"":12706,""24"":0,""206"":48740,""67"":4128,""68"":0,""13"":784,""17"":-27,""18"":-7,""19"":8,""15"":0,""241"":26806,""199"":0,""16"":146535,""12"":11245,""449"":0,""636"":339499,""1148"":76,""11"":8935106000,""14"":1160700155,""387"":""2b3430313038312e313030302d303038353038342e343136372b3030302e3430322f""}"
2026-07-01T07:21:53Z,862272088542776,Codec8E,2026-06-30 15:29:40.000 UTC,1782833380000,0,40.1081100,-8.5084416,402,0,11,0,303,"{""239"":0,""240"":0,""21"":4,""200"":0,""69"":1,""237"":2,""113"":100,""303"":0,""383"":3,""1149"":1,""181"":12,""182"":8,""66"":12704,""24"":0,""206"":48740,""67"":4128,""68"":0,""13"":784,""17"":-29,""18"":-13,""19"":4,""15"":0,""241"":26806,""199"":0,""16"":146535,""12"":11245,""449"":0,""636"":339499,""1148"":76,""11"":8935106000,""14"":1160700155,""387"":""2b3430313038312e313030302d303038353038342e343136372b3030302e3430322f""}"
2026-07-01T07:21:53Z,862272088542776,Codec8E,2026-06-30 15:29:43.000 UTC,1782833383000,0,40.1081100,-8.5084416,402,0,11,0,303,"{""239"":0,""240"":0,""21"":4,""200"":0,""69"":1,""237"":2,""113"":100,""303"":1,""383"":3,""1149"":1,""181"":12,""182"":8,""66"":14776,""24"":0,""206"":48740,""67"":4128,""68"":0,""13"":784,""17"":-34,""18"":-30,""19"":8,""15"":0,""241"":26806,""199"":0,""16"":146535,""12"":11245,""449"":0,""636"":339499,""1148"":76,""11"":8935106000,""14"":1160700155,""387"":""2b3430313038312e313030302d303038353038342e343136372b3030302e3430322f""}"
2026-07-01T07:21:54Z,862272088542776,Codec8E,2026-06-30 15:29:44.000 UTC,1782833384000,0,40.1109833,-8.4990733,402,170,11,0,239,"{""239"":1,""240"":1,""21"":4,""200"":0,""69"":1,""237"":2,""113"":100,""303"":1,""383"":3,""1149"":1,""181"":12,""182"":8,""66"":15137,""24"":0,""206"":48740,""67"":4128,""68"":0,""13"":784,""17"":-34,""18"":1,""19"":10,""15"":0,""241"":26806,""199"":0,""16"":146535,""12"":11246,""449"":0,""636"":339499,""1148"":76,""11"":8935106000,""14"":1160700155,""387"":""2b3430313130392e383333332d303038343939302e373333332b3030302e3430322f""}"
2026-07-01T07:21:54Z,862272088542776,Codec8E,2026-06-30 15:29:44.010 UTC,1782833384010,0,40.1109833,-8.4990733,402,170,11,0,240,"{""239"":1,""240"":1,""21"":4,""200"":0,""69"":1,""237"":2,""113"":100,""303"":1,""383"":3,""1149"":1,""181"":12,""182"":8,""66"":15137,""24"":0,""206"":48740,""67"":4128,""68"":0,""13"":784,""17"":-34,""18"":1,""19"":10,""15"":0,""241"":26806,""199"":0,""16"":146535,""12"":11246,""449"":0,""636"":339499,""1148"":76,""11"":8935106000,""14"":1160700155,""387"":""2b3430313130392e383333332d303038343939302e373333332b3030302e3430322f""}"
2026-07-01T07:21:54Z,862272088542776,Codec8E,2026-06-30 15:29:53.000 UTC,1782833393000,0,40.1109833,-8.4990733,402,170,10,0,303,"{""239"":1,""240"":1,""21"":4,""200"":0,""69"":1,""237"":2,""113"":100,""303"":0,""383"":3,""1149"":1,""181"":13,""182"":9,""66"":14907,""24"":0,""206"":48740,""67"":4128,""68"":0,""13"":784,""17"":-35,""18"":-17,""19"":10,""15"":0,""241"":26806,""199"":0,""16"":146535,""12"":11248,""449"":0,""636"":339499,""1148"":76,""11"":8935106000,""14"":1160700155,""387"":""2b3430313130392e383333332d303038343939302e373333332b3030302e3430322f""}"
2026-07-01T07:21:54Z,862272088542776,Codec8E,2026-06-30 15:30:04.000 UTC,1782833404000,0,40.1110183,-8.4991999,392,305,11,8,0,"{""239"":1,""240"":1,""21"":4,""200"":0,""69"":1,""237"":2,""113"":100,""303"":0,""383"":3,""1149"":1,""181"":12,""182"":8,""66"":14917,""24"":8,""206"":48740,""67"":4128,""68"":0,""13"":784,""17"":-37,""18"":-153,""19"":-75,""15"":1000,""241"":26806,""199"":5,""16"":146540,""12"":11250,""449"":0,""636"":339499,""1148"":76,""11"":8935106000,""14"":1160700155,""387"":""2b3430313131302e313833332d303038343939322e303030302b3030302e3339322f""}"
2026-07-01T07:21:54Z,862272088542776,Codec8E,2026-06-30 15:30:04.010 UTC,1782833404010,0,40.1110566,-8.4992483,392,301,11,10,303,"{""239"":1,""240"":1,""21"":4,""200"":0,""69"":1,""237"":2,""113"":100,""303"":1,""383"":3,""1149"":1,""181"":12,""182"":8,""66"":14917,""24"":10,""206"":48740,""67"":4128,""68"":0,""13"":784,""17"":-12,""18"":-44,""19"":-53,""15"":1000,""241"":26806,""199"":11,""16"":146546,""12"":11250,""449"":0,""636"":339499,""1148"":76,""11"":8935106000,""14"":1160700155,""387"":""2b3430313131302e353636372d303038343939322e343833332b3030302e3339322f""}"
2026-07-01T07:21:55Z,862272088542776,Codec8E,2026-06-30 15:30:13.000 UTC,1782833413000,0,40.1113016,-8.4996950,392,312,10,17,0,"{""239"":1,""240"":1,""21"":4,""200"":0,""69"":1,""237"":2,""113"":100,""303"":1,""383"":3,""1149"":1,""181"":13,""182"":10,""66"":14913,""24"":17,""206"":48740,""67"":4128,""68"":0,""13"":784,""17"":-58,""18"":-91,""19"":-32,""15"":1000,""241"":26806,""199"":57,""16"":146592,""12"":11250,""449"":0,""636"":339499,""1148"":76,""11"":8935106000,""14"":1160700155,""387"":""2b3430313131332e303136372d303038343939362e393530302b3030302e3339322f""}"
2026-07-01T07:21:55Z,862272088542776,Codec8E,2026-06-30 15:30:17.000 UTC,1782833417000,0,40.1114433,-8.5000033,391,302,10,23,0,"{""239"":1,""240"":1,""21"":4,""200"":0,""69"":1,""237"":2,""113"":100,""303"":1,""383"":3,""1149"":1,""181"":13,""182"":10,""66"":14899,""24"":23,""206"":48740,""67"":4128,""68"":0,""13"":784,""17"":25,""18"":-72,""19"":33,""15"":1000,""241"":26806,""199"":88,""16"":146623,""12"":11250,""449"":0,""636"":339499,""1148"":76,""11"":8935106000,""14"":1160700155,""387"":""2b3430313131342e343333332d303038353030302e303333332b3030302e3339312f""}"
2026-07-01T07:21:55Z,862272088542776,Codec8E,2026-06-30 15:30:20.000 UTC,1782833420000,0,40.1115566,-8.5001716,391,313,10,22,0,"{""239"":1,""240"":1,""21"":4,""200"":0,""69"":1,""237"":2,""113"":100,""303"":1,""383"":3,""1149"":1,""181"":13,""182"":10,""66"":14834,""24"":22,""206"":48740,""67"":4128,""68"":0,""13"":784,""17"":-39,""18"":-101,""19"":-50,""15"":1000,""241"":26806,""199"":107,""16"":146642,""12"":11250,""449"":0,""636"":339499,""1148"":76,""11"":8935106000,""14"":1160700155,""387"":""2b3430313131352e353636372d303038353030312e373136372b3030302e3339312f""}"
2026-07-01T07:21:55Z,862272088542776,Codec8E,2026-06-30 15:30:23.000 UTC,1782833423000,0,40.1116150,-8.5002766,391,300,9,17,0,"{""239"":1,""240"":1,""21"":4,""200"":0,""69"":1,""237"":2,""113"":100,""303"":1,""383"":3,""1149"":1,""181"":13,""182"":10,""66"":14908,""24"":17,""206"":48740,""67"":4128,""68"":0,""13"":784,""17"":102,""18"":24,""19"":-1,""15"":1000,""241"":26806,""199"":117,""16"":146652,""12"":11250,""449"":0,""636"":339499,""1148"":76,""11"":8935106000,""14"":1160700155,""387"":""2b3430313131362e313530302d303038353030322e373636372b3030302e3339312f""}"
2026-07-01T07:21:55Z,862272088542776,Codec8E,2026-06-30 15:30:25.000 UTC,1782833425000,0,40.1116200,-8.5003166,390,287,10,12,0,"{""239"":1,""240"":1,""21"":4,""200"":0,""69"":1,""237"":2,""113"":100,""303"":1,""383"":3,""1149"":1,""181"":13,""182"":10,""66"":14886,""24"":12,""206"":48740,""67"":4128,""68"":0,""13"":784,""17"":-227,""18"":-72,""19"":110,""15"":1000,""241"":26806,""199"":121,""16"":146656,""12"":11250,""449"":0,""636"":339499,""1148"":76,""11"":8935106000,""14"":1160700155,""387"":""2b3430313131362e323030302d303038353030332e313636372b3030302e3339302f""}"
2026-07-01T07:21:58Z,862272088542776,Codec8E,2026-06-30 15:30:27.000 UTC,1782833427000,0,40.1115983,-8.5003716,390,252,10,10,0,"{""239"":1,""240"":1,""21"":4,""200"":0,""69"":1,""237"":2,""113"":100,""303"":1,""383"":3,""1149"":1,""181"":13,""182"":10,""66"":14933,""24"":10,""206"":48740,""67"":4128,""68"":0,""13"":784,""17"":-184,""18"":-5,""19"":58,""15"":1000,""241"":26806,""199"":128,""16"":146663,""12"":11250,""449"":0,""636"":339499,""1148"":76,""11"":8935106000,""14"":1160700155,""387"":""2b3430313131352e393833332d303038353030332e373136372b3030302e3339302f""}"
2026-07-01T07:21:58Z,862272088542776,Codec8E,2026-06-30 15:30:28.000 UTC,1782833428000,0,40.1115766,-8.5004083,390,237,10,11,0,"{""239"":1,""240"":1,""21"":4,""200"":0,""69"":1,""237"":2,""113"":100,""303"":1,""383"":3,""1149"":1,""181"":28,""182"":10,""66"":14852,""24"":11,""206"":48740,""67"":4128,""68"":0,""13"":784,""17"":-156,""18"":-131,""19"":133,""15"":1000,""241"":26806,""199"":132,""16"":146667,""12"":11250,""449"":0,""636"":339499,""1148"":76,""11"":8935106000,""14"":1160700155,""387"":""2b3430313131352e373636372d303038353030342e303833332b3030302e3339302f""}"
2026-07-01T07:21:58Z,862272088542776,Codec8E,2026-06-30 15:30:29.000 UTC,1782833429000,0,40.1115316,-8.5004566,390,221,10,13,0,"{""239"":1,""240"":1,""21"":4,""200"":0,""69"":1,""237"":2,""113"":100,""303"":1,""383"":3,""1149"":1,""181"":28,""182"":10,""66"":14934,""24"":13,""206"":48740,""67"":4128,""68"":0,""13"":784,""17"":-33,""18"":-72,""19"":184,""15"":1000,""241"":26806,""199"":138,""16"":146673,""12"":11250,""449"":0,""636"":339499,""1148"":76,""11"":8935106000,""14"":1160700155,""387"":""2b3430313131352e333136372d303038353030342e353636372b3030302e3339302f""}"
2026-07-01T07:21:58Z,862272088542776,Codec8E,2026-06-30 15:30:32.000 UTC,1782833432000,0,40.1113566,-8.5006250,389,210,9,21,0,"{""239"":1,""240"":1,""21"":4,""200"":0,""69"":1,""237"":2,""113"":100,""303"":1,""383"":3,""1149"":1,""181"":14,""182"":11,""66"":14887,""24"":21,""206"":48740,""67"":4128,""68"":0,""13"":784,""17"":-102,""18"":104,""19"":53,""15"":1000,""241"":26806,""199"":163,""16"":146698,""12"":11250,""449"":0,""636"":339499,""1148"":76,""11"":8935106000,""14"":1160700155,""387"":""2b3430313131332e353636372d303038353030362e323530302b3030302e3338392f""}"
2026-07-01T07:21:58Z,862272088542776,Codec8E,2026-06-30 15:30:37.000 UTC,1782833437000,0,40.1109833,-8.5009550,388,217,9,32,0,"{""239"":1,""240"":1,""21"":4,""200"":0,""69"":1,""237"":2,""113"":100,""303"":1,""383"":3,""1149"":1,""181"":28,""182"":12,""66"":14935,""24"":32,""206"":48740,""67"":4128,""68"":0,""13"":784,""17"":-39,""18"":-37,""19"":45,""15"":1000,""241"":26806,""199"":213,""16"":146748,""12"":11250,""449"":0,""636"":339499,""1148"":76,""11"":8935106000,""14"":1160700155,""387"":""2b3430313130392e383333332d303038353030392e353530302b3030302e3338382f""}"
2026-07-01T07:21:59Z,862272088542776,Codec8E,2026-06-30 15:30:46.000 UTC,1782833446000,0,40.1102466,-8.5016783,385,214,11,37,0,"{""239"":1,""240"":1,""21"":5,""200"":0,""69"":1,""237"":2,""113"":100,""303"":1,""383"":3,""1149"":1,""181"":23,""182"":10,""66"":14944,""24"":37,""206"":48740,""67"":4128,""68"":0,""13"":784,""17"":-105,""18"":-14,""19"":50,""15"":1000,""241"":26806,""199"":315,""16"":146850,""12"":11250,""449"":0,""636"":339499,""1148"":73,""11"":8935106000,""14"":1160700155,""387"":""2b3430313130322e343636372d303038353031362e373833332b3030302e3338352f""}"
2026-07-01T07:21:59Z,862272088542776,Codec8E,2026-06-30 15:31:03.000 UTC,1782833463000,0,40.1097916,-8.5029050,137,346,9,34,0,"{""239"":1,""240"":1,""21"":5,""200"":0,""69"":1,""237"":2,""113"":100,""303"":1,""383"":3,""1149"":1,""181"":42,""182"":11,""66"":14936,""24"":34,""206"":48740,""67"":4128,""68"":0,""13"":784,""17"":-31,""18"":-24,""19"":29,""15"":1000,""241"":26806,""199"":463,""16"":146998,""12"":11250,""449"":0,""636"":339499,""1148"":73,""11"":8935106000,""14"":1160700155,""387"":""2b3430313039372e393136372d303038353032392e303530302b3030302e3133372f""}"
2026-07-01T07:21:59Z,862272088542776,Codec8E,2026-06-30 15:31:09.000 UTC,1782833469000,0,40.1105216,-8.5030866,144,353,10,45,0,"{""239"":1,""240"":1,""21"":5,""200"":0,""69"":1,""237"":2,""113"":100,""303"":1,""383"":3,""1149"":1,""181"":13,""182"":9,""66"":14935,""24"":45,""206"":48740,""67"":4128,""68"":0,""13"":784,""17"":-68,""18"":-64,""19"":80,""15"":1000,""241"":26806,""199"":546,""16"":147081,""12"":11250,""449"":0,""636"":339499,""1148"":71,""11"":8935106000,""14"":1160700155,""387"":""2b3430313130352e323136372d303038353033302e383636372b3030302e3134342f""}"
2026-07-01T07:21:59Z,862272088542776,Codec8E,2026-06-30 15:31:16.000 UTC,1782833476000,0,40.1114866,-8.5031950,150,356,11,51,0,"{""239"":1,""240"":1,""21"":5,""200"":0,""69"":1,""237"":2,""113"":100,""303"":1,""383"":3,""1149"":1,""181"":23,""182"":10,""66"":14929,""24"":51,""206"":48740,""67"":4128,""68"":0,""13"":784,""17"":-47,""18"":-43,""19"":30,""15"":1000,""241"":26806,""199"":654,""16"":147189,""12"":11250,""449"":0,""636"":339499,""1148"":71,""11"":8935106000,""14"":1160700155,""387"":""2b3430313131342e383636372d303038353033312e393530302b3030302e3135302f""}"
2026-07-01T07:21:59Z,862272088542776,Codec8E,2026-06-30 15:31:24.000 UTC,1782833484000,0,40.1124866,-8.5032033,151,2,10,51,0,"{""239"":1,""240"":1,""21"":5,""200"":0,""69"":1,""237"":2,""113"":100,""303"":1,""383"":3,""1149"":1,""181"":12,""182"":9,""66"":14949,""24"":51,""206"":48740,""67"":4128,""68"":0,""13"":784,""17"":21,""18"":-23,""19"":71,""15"":1000,""241"":26806,""199"":765,""16"":147300,""12"":11250,""449"":0,""636"":339499,""1148"":71,""11"":8935106000,""14"":1160700155,""387"":""2b3430313132342e383636372d303038353033322e303333332b3030302e3135312f""}"
2026-07-01T07:21:59Z,862272088542776,Codec8E,2026-06-30 15:31:32.000 UTC,1782833492000,0,40.1134783,-8.5031150,149,8,10,48,0,"{""239"":1,""240"":1,""21"":5,""200"":0,""69"":1,""237"":2,""113"":100,""303"":1,""383"":3,""1149"":1,""181"":12,""182"":9,""66"":14893,""24"":48,""206"":48740,""67"":4128,""68"":0,""13"":784,""17"":-23,""18"":-44,""19"":23,""15"":1000,""241"":26806,""199"":875,""16"":147410,""12"":11250,""449"":0,""636"":339499,""1148"":71,""11"":8935106000,""14"":1160700155,""387"":""2b3430313133342e373833332d303038353033312e313530302b3030302e3134392f""}"
2026-07-01T07:21:59Z,862272088542776,Codec8E,2026-06-30 15:31:40.000 UTC,1782833500000,0,40.1144000,-8.5029266,148,12,11,43,0,"{""239"":1,""240"":1,""21"":5,""200"":0,""69"":1,""237"":2,""113"":100,""303"":1,""383"":3,""1149"":1,""181"":12,""182"":8,""66"":14865,""24"":43,""206"":48740,""67"":4128,""68"":0,""13"":784,""17"":103,""18"":-44,""19"":50,""15"":1000,""241"":26806,""199"":979,""16"":147514,""12"":11250,""449"":0,""636"":339499,""1148"":88,""11"":8935106000,""14"":1160700155,""387"":""2b3430313134342e303030302d303038353032392e323636372b3030302e3134382f""}"
2026-07-01T07:21:59Z,862272088542776,Codec8E,2026-06-30 15:31:45.000 UTC,1782833505000,0,40.1148033,-8.5028850,141,13,11,31,0,"{""239"":1,""240"":1,""21"":5,""200"":0,""69"":1,""237"":2,""113"":100,""303"":1,""383"":3,""1149"":1,""181"":23,""182"":10,""66"":14896,""24"":31,""206"":48740,""67"":4128,""68"":0,""13"":784,""17"":143,""18"":-21,""19"":25,""15"":1000,""241"":26806,""199"":1024,""16"":147559,""12"":11250,""449"":0,""636"":339499,""1148"":88,""11"":8935106000,""14"":1160700155,""387"":""2b3430313134382e303333332d303038353032382e383530302b3030302e3134312f""}"
2026-07-01T07:21:59Z,862272088542776,Codec8E,2026-06-30 15:31:49.000 UTC,1782833509000,0,40.1149500,-8.5028133,139,15,10,19,0,"{""239"":1,""240"":1,""21"":5,""200"":0,""69"":1,""237"":2,""113"":100,""303"":1,""383"":3,""1149"":1,""181"":12,""182"":9,""66"":14898,""24"":19,""206"":48740,""67"":4128,""68"":0,""13"":784,""17"":80,""18"":-75,""19"":1,""15"":1000,""241"":26806,""199"":1042,""16"":147577,""12"":11250,""449"":0,""636"":339499,""1148"":88,""11"":8935106000,""14"":1160700155,""387"":""2b3430313134392e353030302d303038353032382e313333332b3030302e3133392f""}"
2026-07-01T07:21:59Z,862272088542776,Codec8E,2026-06-30 15:31:52.000 UTC,1782833512000,0,40.1149666,-8.5027883,138,15,10,8,0,"{""239"":1,""240"":1,""21"":5,""200"":0,""69"":1,""237"":2,""113"":100,""303"":1,""383"":3,""1149"":1,""181"":12,""182"":9,""66"":14905,""24"":8,""206"":48740,""67"":4128,""68"":0,""13"":784,""17"":-75,""18"":-66,""19"":5,""15"":1000,""241"":26806,""199"":1044,""16"":147579,""12"":11250,""449"":0,""636"":339499,""1148"":88,""11"":8935106000,""14"":1160700155,""387"":""2b3430313134392e363636372d303038353032372e383833332b3030302e3133382f""}"
2026-07-01T07:22:00Z,862272088542776,Codec8E,2026-06-30 15:31:55.000 UTC,1782833515000,0,40.1149666,-8.5027900,138,15,10,2,303,"{""239"":1,""240"":1,""21"":5,""200"":0,""69"":1,""237"":2,""113"":100,""303"":0,""383"":3,""1149"":1,""181"":12,""182"":9,""66"":14907,""24"":2,""206"":48740,""67"":4128,""68"":0,""13"":784,""17"":20,""18"":-81,""19"":7,""15"":1000,""241"":26806,""199"":1044,""16"":147579,""12"":11250,""449"":0,""636"":339499,""1148"":88,""11"":8935106000,""14"":1160700155,""387"":""2b3430313134392e363636372d303038353032372e393030302b3030302e3133382f""}"
2026-07-01T07:22:00Z,862272088542776,Codec8E,2026-06-30 15:32:08.000 UTC,1782833528000,0,40.1151933,-8.5027233,135,14,10,12,0,"{""239"":1,""240"":1,""21"":5,""200"":0,""69"":1,""237"":2,""113"":100,""303"":0,""383"":3,""1149"":1,""181"":24,""182"":11,""66"":14892,""24"":12,""206"":48740,""67"":4128,""68"":0,""13"":779,""17"":-104,""18"":-70,""19"":5,""15"":1000,""241"":26806,""199"":1070,""16"":147605,""12"":11252,""449"":0,""636"":339499,""1148"":88,""11"":8935106000,""14"":1160700155,""387"":""2b3430313135312e393333332d303038353032372e323333332b3030302e3133352f""}"
2026-07-01T07:22:00Z,862272088542776,Codec8E,2026-06-30 15:32:08.010 UTC,1782833528010,0,40.1152466,-8.5027083,135,14,10,14,303,"{""239"":1,""240"":1,""21"":5,""200"":0,""69"":1,""237"":2,""113"":100,""303"":1,""383"":3,""1149"":1,""181"":24,""182"":11,""66"":14901,""24"":14,""206"":48740,""67"":4128,""68"":0,""13"":779,""17"":-74,""18"":-49,""19"":18,""15"":1000,""241"":26806,""199"":1076,""16"":147611,""12"":11252,""449"":0,""636"":339499,""1148"":88,""11"":8935106000,""14"":1160700155,""387"":""2b3430313135322e343636372d303038353032372e303833332b3030302e3133352f""}"
2026-07-01T07:22:00Z,862272088542776,Codec8E,2026-06-30 15:32:17.000 UTC,1782833537000,0,40.1157150,-8.5025683,133,16,10,24,0,"{""239"":1,""240"":1,""21"":3,""200"":0,""69"":1,""237"":2,""113"":100,""303"":1,""383"":3,""1149"":1,""181"":25,""182"":11,""66"":14872,""24"":24,""206"":48740,""67"":4128,""68"":0,""13"":779,""17"":-79,""18"":-74,""19"":-18,""15"":1000,""241"":26806,""199"":1130,""16"":147665,""12"":11252,""449"":0,""636"":2017333,""1148"":88,""11"":8935106000,""14"":1160700155,""387"":""2b3430313135372e313530302d303038353032352e363833332b3030302e3133332f""}"
2026-07-01T07:22:00Z,862272088542776,Codec8E,2026-06-30 15:32:29.000 UTC,1782833549000,0,40.1165833,-8.5022083,127,19,10,34,0,"{""239"":1,""240"":1,""21"":3,""200"":0,""69"":1,""237"":2,""113"":100,""303"":1,""383"":3,""1149"":1,""181"":23,""182"":10,""66"":14923,""24"":34,""206"":48740,""67"":4128,""68"":0,""13"":779,""17"":-120,""18"":-91,""19"":125,""15"":1000,""241"":26806,""199"":1231,""16"":147766,""12"":11252,""449"":0,""636"":339507,""1148"":88,""11"":8935106000,""14"":1160700155,""387"":""2b3430313136352e383333332d303038353032322e303833332b3030302e3132372f""}"
2026-07-01T07:22:00Z,862272088542776,Codec8E,2026-06-30 15:32:33.000 UTC,1782833553000,0,40.1170433,-8.5019483,125,24,11,45,0,"{""239"":1,""240"":1,""21"":3,""200"":0,""69"":1,""237"":2,""113"":100,""303"":1,""383"":3,""1149"":1,""181"":12,""182"":8,""66"":14925,""24"":45,""206"":48740,""67"":4128,""68"":0,""13"":779,""17"":-49,""18"":-40,""19"":33,""15"":1000,""241"":26806,""199"":1287,""16"":147822,""12"":11252,""449"":0,""636"":339507,""1148"":88,""11"":8935106000,""14"":1160700155,""387"":""2b3430313137302e343333332d303038353031392e343833332b3030302e3132352f""}"
2026-07-01T07:22:00Z,862272088542776,Codec8E,2026-06-30 15:32:38.000 UTC,1782833558000,0,40.1177083,-8.5015233,122,25,11,56,0,"{""239"":1,""240"":1,""21"":3,""200"":0,""69"":1,""237"":2,""113"":100,""303"":1,""383"":3,""1149"":1,""181"":12,""182"":8,""66"":14927,""24"":56,""206"":48740,""67"":4128,""68"":0,""13"":779,""17"":-111,""18"":5,""19"":158,""15"":1000,""241"":26806,""199"":1369,""16"":147904,""12"":11252,""449"":0,""636"":339497,""1148"":88,""11"":8935106000,""14"":1160700155,""387"":""2b3430313137372e303833332d303038353031352e323333332b3030302e3132322f""}"
2026-07-01T07:22:00Z,862272088542776,Codec8E,2026-06-30 15:32:44.000 UTC,1782833564000,0,40.1185399,-8.5009216,118,32,11,61,0,"{""239"":1,""240"":1,""21"":4,""200"":0,""69"":1,""237"":2,""113"":100,""303"":1,""383"":3,""1149"":1,""181"":23,""182"":10,""66"":14939,""24"":61,""206"":48740,""67"":4128,""68"":0,""13"":779,""17"":-13,""18"":-32,""19"":33,""15"":1000,""241"":26806,""199"":1475,""16"":148010,""12"":11252,""449"":0,""636"":339497,""1148"":79,""11"":8935106000,""14"":1160700155,""387"":""2b3430313138352e343030302d303038353030392e323136372b3030302e3131382f""}"
2026-07-01T07:22:00Z,862272088542776,Codec8E,2026-06-30 15:32:51.000 UTC,1782833571000,0,40.1193350,-8.5003233,112,33,10,49,0,"{""239"":1,""240"":1,""21"":4,""200"":0,""69"":1,""237"":2,""113"":100,""303"":1,""383"":3,""1149"":1,""181"":27,""182"":11,""66"":14918,""24"":49,""206"":48740,""67"":4128,""68"":0,""13"":779,""17"":136,""18"":15,""19"":25,""15"":1000,""241"":26806,""199"":1577,""16"":148112,""12"":11252,""449"":0,""636"":339497,""1148"":79,""11"":8935106000,""14"":1160700155,""387"":""2b3430313139332e333530302d303038353030332e323333332b3030302e3131322f""}"
2026-07-01T07:22:00Z,862272088542776,Codec8E,2026-06-30 15:32:54.000 UTC,1782833574000,0,40.1195316,-8.5001583,111,38,10,38,0,"{""239"":1,""240"":1,""21"":4,""200"":0,""69"":1,""237"":2,""113"":100,""303"":1,""383"":3,""1149"":1,""181"":27,""182"":11,""66"":14920,""24"":38,""206"":48740,""67"":4128,""68"":0,""13"":779,""17"":209,""18"":-36,""19"":13,""15"":1000,""241"":26806,""199"":1603,""16"":148138,""12"":11252,""449"":0,""636"":339497,""1148"":79,""11"":8935106000,""14"":1160700155,""387"":""2b3430313139352e333136372d303038353030312e353833332b3030302e3131312f""}"
2026-07-01T07:22:01Z,862272088542776,Codec8E,2026-06-30 15:32:57.000 UTC,1782833577000,0,40.1196183,-8.5000616,110,45,10,25,0,"{""239"":1,""240"":1,""21"":4,""200"":0,""69"":1,""237"":2,""113"":100,""303"":1,""383"":3,""1149"":1,""181"":13,""182"":9,""66"":14909,""24"":25,""206"":48740,""67"":4128,""68"":0,""13"":779,""17"":-62,""18"":-33,""19"":5,""15"":1000,""241"":26806,""199"":1613,""16"":148148,""12"":11252,""449"":0,""636"":339497,""1148"":79,""11"":8935106000,""14"":1160700155,""387"":""2b3430313139362e313833332d303038353030302e363136372b3030302e3131302f""}"
2026-07-01T07:22:01Z,862272088542776,Codec8E,2026-06-30 15:32:58.000 UTC,1782833578000,0,40.1196233,-8.5000583,109,32,10,20,0,"{""239"":1,""240"":1,""21"":4,""200"":0,""69"":1,""237"":2,""113"":100,""303"":1,""383"":3,""1149"":1,""181"":27,""182"":11,""66"":14928,""24"":20,""206"":48740,""67"":4128,""68"":0,""13"":779,""17"":-54,""18"":-39,""19"":7,""15"":1000,""241"":26806,""199"":1616,""16"":148151,""12"":11252,""449"":0,""636"":339497,""1148"":79,""11"":8935106000,""14"":1160700155,""387"":""2b3430313139362e323333332d303038353030302e353833332b3030302e3130392f""}"
2026-07-01T07:22:01Z,862272088542776,Codec8E,2026-06-30 15:33:01.000 UTC,1782833581000,0,40.1196166,-8.5000800,109,32,10,8,0,"{""239"":1,""240"":1,""21"":4,""200"":0,""69"":1,""237"":2,""113"":100,""303"":1,""383"":3,""1149"":1,""181"":13,""182"":9,""66"":14934,""24"":8,""206"":48740,""67"":4128,""68"":0,""13"":779,""17"":-60,""18"":-38,""19"":4,""15"":1000,""241"":26806,""199"":1616,""16"":148151,""12"":11252,""449"":0,""636"":339497,""1148"":79,""11"":8935106000,""14"":1160700155,""387"":""2b3430313139362e313636372d303038353030302e383030302b3030302e3130392f""}"
2026-07-01T07:22:01Z,862272088542776,Codec8E,2026-06-30 15:33:02.000 UTC,1782833582000,0,40.1196166,-8.5000800,109,32,10,6,303,"{""239"":1,""240"":1,""21"":4,""200"":0,""69"":1,""237"":2,""113"":100,""303"":0,""383"":3,""1149"":1,""181"":13,""182"":9,""66"":14857,""24"":6,""206"":48740,""67"":4128,""68"":0,""13"":779,""17"":-61,""18"":-31,""19"":8,""15"":1000,""241"":26806,""199"":1616,""16"":148151,""12"":11252,""449"":0,""636"":339497,""1148"":79,""11"":8935106000,""14"":1160700155,""387"":""2b3430313139362e313636372d303038353030302e383030302b3030302e3130392f""}"
2026-07-01T07:22:01Z,862272088542776,Codec8E,2026-06-30 15:33:14.000 UTC,1782833594000,0,40.1196466,-8.5000533,107,45,11,7,0,"{""239"":1,""240"":1,""21"":3,""200"":0,""69"":1,""237"":2,""113"":100,""303"":0,""383"":3,""1149"":1,""181"":23,""182"":10,""66"":14947,""24"":7,""206"":48740,""67"":4128,""68"":0,""13"":779,""17"":-92,""18"":-37,""19"":18,""15"":1000,""241"":26806,""199"":1618,""16"":148153,""12"":11252,""449"":0,""636"":339497,""1148"":81,""11"":8935106000,""14"":1160700155,""387"":""2b3430313139362e343636372d303038353030302e353333332b3030302e3130372f""}"
2026-07-01T07:22:01Z,862272088542776,Codec8E,2026-06-30 15:33:15.000 UTC,1782833595000,0,40.1197083,-8.4999816,106,38,11,13,303,"{""239"":1,""240"":1,""21"":3,""200"":0,""69"":1,""237"":2,""113"":100,""303"":1,""383"":3,""1149"":1,""181"":17,""182"":9,""66"":14899,""24"":13,""206"":48740,""67"":4128,""68"":0,""13"":779,""17"":20,""18"":-26,""19"":-3,""15"":1000,""241"":26806,""199"":1628,""16"":148163,""12"":11252,""449"":0,""636"":339497,""1148"":81,""11"":8935106000,""14"":1160700155,""387"":""2b3430313139372e303833332d303038343939392e383136372b3030302e3130362f""}"
2026-07-01T07:22:01Z,862272088542776,Codec8E,2026-06-30 15:33:28.000 UTC,1782833608000,0,40.1200649,-8.4996149,104,51,11,12,0,"{""239"":1,""240"":1,""21"":3,""200"":0,""69"":1,""237"":2,""113"":100,""303"":1,""383"":3,""1149"":1,""181"":12,""182"":8,""66"":14886,""24"":12,""206"":48740,""67"":4128,""68"":0,""13"":779,""17"":-126,""18"":-25,""19"":-3,""15"":1000,""241"":26806,""199"":1678,""16"":148213,""12"":11252,""449"":0,""636"":339497,""1148"":81,""11"":8935106000,""14"":1160700155,""387"":""2b3430313230302e363530302d303038343939362e313530302b3030302e3130342f""}"
2026-07-01T07:22:01Z,862272088542776,Codec8E,2026-06-30 15:33:29.000 UTC,1782833609000,0,40.1200883,-8.4995950,104,38,11,12,0,"{""239"":1,""240"":1,""21"":3,""200"":0,""69"":1,""237"":2,""113"":100,""303"":1,""383"":3,""1149"":1,""181"":23,""182"":10,""66"":14942,""24"":12,""206"":48740,""67"":4128,""68"":0,""13"":779,""17"":-102,""18"":-7,""19"":10,""15"":1000,""241"":26806,""199"":1681,""16"":148216,""12"":11252,""449"":0,""636"":339497,""1148"":81,""11"":8935106000,""14"":1160700155,""387"":""2b3430313230302e383833332d303038343939352e393530302b3030302e3130342f""}"
2026-07-01T07:22:01Z,862272088542776,Codec8E,2026-06-30 15:33:35.000 UTC,1782833615000,0,40.1202183,-8.4994383,100,49,10,14,0,"{""239"":1,""240"":1,""21"":3,""200"":0,""69"":1,""237"":2,""113"":100,""303"":1,""383"":3,""1149"":1,""181"":23,""182"":10,""66"":14948,""24"":14,""206"":48740,""67"":4128,""68"":0,""13"":779,""17"":-133,""18"":-6,""19"":28,""15"":1000,""241"":26806,""199"":1700,""16"":148235,""12"":11252,""449"":0,""636"":339497,""1148"":81,""11"":8935106000,""14"":1160700155,""387"":""2b3430313230322e313833332d303038343939342e333833332b3030302e3130302f""}"
2026-07-01T07:22:01Z,862272088542776,Codec8E,2026-06-30 15:33:40.000 UTC,1782833620000,0,40.1203833,-8.4992133,98,18,11,18,0,"{""239"":1,""240"":1,""21"":3,""200"":0,""69"":1,""237"":2,""113"":100,""303"":1,""383"":3,""1149"":1,""181"":23,""182"":10,""66"":14920,""24"":18,""206"":48740,""67"":4128,""68"":0,""13"":779,""17"":345,""18"":-36,""19"":11,""15"":1000,""241"":26806,""199"":1729,""16"":148264,""12"":11252,""449"":0,""636"":339497,""1148"":80,""11"":8935106000,""14"":1160700155,""387"":""2b3430313230332e383333332d303038343939322e313333332b3030302e3039382f""}"
2026-07-01T07:22:02Z,862272088542776,Codec8E,2026-06-30 15:33:41.000 UTC,1782833621000,0,40.1204199,-8.4992116,98,5,11,17,0,"{""239"":1,""240"":1,""21"":3,""200"":0,""69"":1,""237"":2,""113"":100,""303"":1,""383"":3,""1149"":1,""181"":12,""182"":8,""66"":14845,""24"":17,""206"":48740,""67"":4128,""68"":0,""13"":779,""17"":-222,""18"":-129,""19"":0,""15"":1000,""241"":26806,""199"":1733,""16"":148268,""12"":11252,""449"":0,""636"":339497,""1148"":80,""11"":8935106000,""14"":1160700155,""387"":""2b3430313230342e323030302d303038343939322e313136372b3030302e3039382f""}"
2026-07-01T07:22:02Z,862272088542776,Codec8E,2026-06-30 15:33:42.000 UTC,1782833622000,0,40.1204550,-8.4992249,98,349,11,16,0,"{""239"":1,""240"":1,""21"":3,""200"":0,""69"":1,""237"":2,""113"":100,""303"":1,""383"":3,""1149"":1,""181"":12,""182"":8,""66"":14908,""24"":16,""206"":48740,""67"":4128,""68"":0,""13"":779,""17"":-271,""18"":58,""19"":69,""15"":1000,""241"":26806,""199"":1737,""16"":148272,""12"":11252,""449"":0,""636"":339497,""1148"":80,""11"":8935106000,""14"":1160700155,""387"":""2b3430313230342e353530302d303038343939322e323530302b3030302e3039382f""}"
2026-07-01T07:22:02Z,862272088542776,Codec8E,2026-06-30 15:33:43.000 UTC,1782833623000,0,40.1204883,-8.4992566,98,330,11,15,0,"{""239"":1,""240"":1,""21"":3,""200"":0,""69"":1,""237"":2,""113"":100,""303"":1,""383"":3,""1149"":1,""181"":23,""182"":10,""66"":14907,""24"":15,""206"":48740,""67"":4128,""68"":0,""13"":779,""17"":-268,""18"":136,""19"":73,""15"":1000,""241"":26806,""199"":1742,""16"":148277,""12"":11252,""449"":0,""636"":339497,""1148"":80,""11"":8935106000,""14"":1160700155,""387"":""2b3430313230342e383833332d303038343939322e353636372b3030302e3039382f""}"
2026-07-01T07:22:02Z,862272088542776,Codec8E,2026-06-30 15:33:45.000 UTC,1782833625000,0,40.1205700,-8.4993749,97,316,11,18,0,"{""239"":1,""240"":1,""21"":3,""200"":0,""69"":1,""237"":2,""113"":100,""303"":1,""383"":3,""1149"":1,""181"":12,""182"":8,""66"":14915,""24"":18,""206"":48740,""67"":4128,""68"":0,""13"":779,""17"":-230,""18"":209,""19"":44,""15"":1000,""241"":26806,""199"":1756,""16"":148291,""12"":11252,""449"":0,""636"":339497,""1148"":80,""11"":8935106000,""14"":1160700155,""387"":""2b3430313230352e373030302d303038343939332e373530302b3030302e3039372f""}"
2026-07-01T07:22:02Z,862272088542776,Codec8E,2026-06-30 15:33:49.000 UTC,1782833629000,0,40.1208916,-8.4997050,97,324,9,30,0,"{""239"":1,""240"":1,""21"":3,""200"":0,""69"":1,""237"":2,""113"":100,""303"":1,""383"":3,""1149"":1,""181"":30,""182"":11,""66"":14875,""24"":30,""206"":48740,""67"":4128,""68"":0,""13"":779,""17"":61,""18"":3,""19"":52,""15"":1000,""241"":26806,""199"":1801,""16"":148336,""12"":11252,""449"":0,""636"":339497,""1148"":80,""11"":8935106000,""14"":1160700155,""387"":""2b3430313230382e393136372d303038343939372e303530302b3030302e3039372f""}"
2026-07-01T07:22:04Z,862272088542776,Codec8E,2026-06-30 15:33:52.000 UTC,1782833632000,0,40.1212950,-8.4999766,96,333,9,41,0,"{""239"":1,""240"":1,""21"":3,""200"":0,""69"":1,""237"":2,""113"":100,""303"":1,""383"":3,""1149"":1,""181"":15,""182"":11,""66"":14896,""24"":41,""206"":48740,""67"":4128,""68"":0,""13"":779,""17"":25,""18"":-36,""19"":12,""15"":1000,""241"":26806,""199"":1852,""16"":148387,""12"":11252,""449"":0,""636"":339497,""1148"":80,""11"":8935106000,""14"":1160700155,""387"":""2b3430313231322e393530302d303038343939392e373636372b3030302e3039362f""}"
2026-07-01T07:22:04Z,862272088542776,Codec8E,2026-06-30 15:33:57.000 UTC,1782833637000,0,40.1219033,-8.5004783,96,325,8,51,0,"{""239"":1,""240"":1,""21"":3,""200"":0,""69"":1,""237"":2,""113"":100,""303"":1,""383"":3,""1149"":1,""181"":43,""182"":11,""66"":14895,""24"":51,""206"":48740,""67"":4128,""68"":0,""13"":779,""17"":-30,""18"":-12,""19"":59,""15"":1000,""241"":26806,""199"":1932,""16"":148467,""12"":11252,""449"":0,""636"":339497,""1148"":80,""11"":8935106000,""14"":1160700155,""387"":""2b3430313231392e303333332d303038353030342e373833332b3030302e3039362f""}"
2026-07-01T07:22:04Z,862272088542776,Codec8E,2026-06-30 15:34:04.000 UTC,1782833644000,0,40.1227483,-8.5011033,93,330,9,53,0,"{""239"":1,""240"":1,""21"":3,""200"":0,""69"":1,""237"":2,""113"":100,""303"":1,""383"":3,""1149"":1,""181"":13,""182"":10,""66"":14865,""24"":53,""206"":48740,""67"":4128,""68"":0,""13"":779,""17"":228,""18"":-45,""19"":81,""15"":1000,""241"":26806,""199"":2040,""16"":148575,""12"":11252,""449"":0,""636"":339497,""1148"":80,""11"":8935106000,""14"":1160700155,""387"":""2b3430313232372e343833332d303038353031312e303333332b3030302e3039332f""}"
2026-07-01T07:22:04Z,862272088542776,Codec8E,2026-06-30 15:34:08.000 UTC,1782833648000,0,40.1230400,-8.5013849,92,315,9,39,0,"{""239"":1,""240"":1,""21"":3,""200"":0,""69"":1,""237"":2,""113"":100,""303"":1,""383"":3,""1149"":1,""181"":30,""182"":11,""66"":14930,""24"":39,""206"":48740,""67"":4128,""68"":0,""13"":779,""17"":-163,""18"":-164,""19"":88,""15"":1000,""241"":26806,""199"":2080,""16"":148615,""12"":11252,""449"":0,""636"":339497,""1148"":80,""11"":8935106000,""14"":1160700155,""387"":""2b3430313233302e343030302d303038353031332e383530302b3030302e3039322f""}"
2026-07-01T07:22:04Z,862272088542776,Codec8E,2026-06-30 15:34:11.000 UTC,1782833651000,0,40.1231250,-8.5015866,91,298,10,30,0,"{""239"":1,""240"":1,""21"":3,""200"":0,""69"":1,""237"":2,""113"":100,""303"":1,""383"":3,""1149"":1,""181"":13,""182"":9,""66"":14928,""24"":30,""206"":48740,""67"":4128,""68"":0,""13"":779,""17"":-30,""18"":-39,""19"":20,""15"":1000,""241"":26806,""199"":2100,""16"":148635,""12"":11252,""449"":0,""636"":339497,""1148"":80,""11"":8935106000,""14"":1160700155,""387"":""2b3430313233312e323530302d303038353031352e383636372b3030302e3039312f""}"
2026-07-01T07:22:05Z,862272088542776,Codec8E,2026-06-30 15:34:12.000 UTC,1782833652000,0,40.1230999,-8.5016766,91,284,10,29,0,"{""239"":1,""240"":1,""21"":3,""200"":0,""69"":1,""237"":2,""113"":100,""303"":1,""383"":3,""1149"":1,""181"":29,""182"":10,""66"":14894,""24"":29,""206"":48740,""67"":4128,""68"":0,""13"":779,""17"":-19,""18"":-1,""19"":21,""15"":1000,""241"":26806,""199"":2108,""16"":148643,""12"":11252,""449"":0,""636"":339497,""1148"":80,""11"":8935106000,""14"":1160700155,""387"":""2b3430313233312e303030302d303038353031362e373636372b3030302e3039312f""}"
2026-07-01T07:22:05Z,862272088542776,Codec8E,2026-06-30 15:34:13.000 UTC,1782833653000,0,40.1230700,-8.5017583,90,268,10,27,0,"{""239"":1,""240"":1,""21"":3,""200"":0,""69"":1,""237"":2,""113"":100,""303"":1,""383"":3,""1149"":1,""181"":30,""182"":10,""66"":14895,""24"":27,""206"":48740,""67"":4128,""68"":0,""13"":779,""17"":190,""18"":-22,""19"":48,""15"":1000,""241"":26806,""199"":2116,""16"":148651,""12"":11252,""449"":0,""636"":339497,""1148"":80,""11"":8935106000,""14"":1160700155,""387"":""2b3430313233302e373030302d303038353031372e353833332b3030302e3039302f""}"
2026-07-01T07:22:05Z,862272088542776,Codec8E,2026-06-30 15:34:14.000 UTC,1782833654000,0,40.1230366,-8.5018583,90,258,10,27,0,"{""239"":1,""240"":1,""21"":3,""200"":0,""69"":1,""237"":2,""113"":100,""303"":1,""383"":3,""1149"":1,""181"":14,""182"":9,""66"":14917,""24"":27,""206"":48740,""67"":4128,""68"":0,""13"":779,""17"":216,""18"":45,""19"":7,""15"":1000,""241"":26806,""199"":2125,""16"":148660,""12"":11252,""449"":0,""636"":339497,""1148"":80,""11"":8935106000,""14"":1160700155,""387"":""2b3430313233302e333636372d303038353031382e353833332b3030302e3039302f""}"
2026-07-01T07:22:05Z,862272088542776,Codec8E,2026-06-30 15:34:18.000 UTC,1782833658000,0,40.1229700,-8.5021050,89,234,10,17,0,"{""239"":1,""240"":1,""21"":4,""200"":0,""69"":1,""237"":2,""113"":100,""303"":1,""383"":3,""1149"":3,""181"":29,""182"":10,""66"":14846,""24"":17,""206"":48740,""67"":4128,""68"":0,""13"":779,""17"":65,""18"":-28,""19"":6,""15"":1000,""241"":26806,""199"":2148,""16"":148683,""12"":11252,""449"":0,""636"":339507,""1148"":80,""11"":8935106000,""14"":1160700155,""387"":""2b3430313232392e373030302d303038353032312e303530302b3030302e3038392f""}"
2026-07-01T07:22:05Z,862272088542776,Codec8E,2026-06-30 15:34:21.000 UTC,1782833661000,0,40.1229583,-8.5021316,89,234,10,7,0,"{""239"":1,""240"":1,""21"":4,""200"":0,""69"":1,""237"":2,""113"":100,""303"":1,""383"":3,""1149"":3,""181"":13,""182"":9,""66"":14906,""24"":7,""206"":48740,""67"":4128,""68"":0,""13"":779,""17"":-20,""18"":-194,""19"":-4,""15"":1000,""241"":26806,""199"":2151,""16"":148686,""12"":11252,""449"":0,""636"":339477,""1148"":80,""11"":8935106000,""14"":1160700155,""387"":""2b3430313232392e353833332d303038353032312e333136372b3030302e3038392f""}"
2026-07-01T07:22:06Z,862272088542776,Codec8E,2026-06-30 15:34:25.000 UTC,1782833665000,0,40.1229100,-8.5021316,88,135,10,6,0,"{""239"":1,""240"":1,""21"":4,""200"":0,""69"":1,""237"":2,""113"":100,""303"":1,""383"":3,""1149"":3,""181"":13,""182"":9,""66"":14890,""24"":6,""206"":48740,""67"":4128,""68"":0,""13"":779,""17"":17,""18"":-365,""19"":38,""15"":1000,""241"":26806,""199"":2156,""16"":148691,""12"":11252,""449"":0,""636"":339477,""1148"":80,""11"":8935106000,""14"":1160700155,""387"":""2b3430313232392e313030302d303038353032312e333136372b3030302e3038382f""}"
2026-07-01T07:22:06Z,862272088542776,Codec8E,2026-06-30 15:34:27.000 UTC,1782833667000,0,40.1228866,-8.5020800,87,118,10,8,0,"{""239"":1,""240"":1,""21"":4,""200"":0,""69"":1,""237"":2,""113"":100,""303"":1,""383"":3,""1149"":3,""181"":30,""182"":10,""66"":14869,""24"":8,""206"":48740,""67"":4128,""68"":0,""13"":779,""17"":-144,""18"":144,""19"":70,""15"":1000,""241"":26806,""199"":2161,""16"":148696,""12"":11252,""449"":0,""636"":339477,""1148"":80,""11"":8935106000,""14"":1160700155,""387"":""2b3430313232382e383636372d303038353032302e383030302b3030302e3038372f""}"
2026-07-01T07:22:06Z,862272088542776,Codec8E,2026-06-30 15:34:28.000 UTC,1782833668000,0,40.1229299,-8.5020183,86,67,10,10,0,"{""239"":1,""240"":1,""21"":4,""200"":0,""69"":1,""237"":2,""113"":100,""303"":1,""383"":3,""1149"":3,""181"":30,""182"":10,""66"":14933,""24"":10,""206"":48740,""67"":4128,""68"":0,""13"":779,""17"":-27,""18"":26,""19"":59,""15"":1000,""241"":26806,""199"":2168,""16"":148703,""12"":11252,""449"":0,""636"":339477,""1148"":80,""11"":8935106000,""14"":1160700155,""387"":""2b3430313232392e333030302d303038353032302e313833332b3030302e3038362f""}"
2026-07-01T07:22:06Z,862272088542776,Codec8E,2026-06-30 15:34:36.000 UTC,1782833676000,0,40.1230183,-8.5015750,84,80,10,16,0,"{""239"":1,""240"":1,""21"":4,""200"":0,""69"":1,""237"":2,""113"":100,""303"":1,""383"":3,""1149"":3,""181"":13,""182"":9,""66"":14873,""24"":16,""206"":48740,""67"":4128,""68"":0,""13"":779,""17"":-17,""18"":17,""19"":10,""15"":1000,""241"":26806,""199"":2207,""16"":148742,""12"":11252,""449"":0,""636"":339497,""1148"":80,""11"":8935106000,""14"":1160700155,""387"":""2b3430313233302e313833332d303038353031352e373530302b3030302e3038342f""}"
2026-07-01T07:22:06Z,862272088542776,Codec8E,2026-06-30 15:34:39.000 UTC,1782833679000,0,40.1230166,-8.5014483,83,100,10,15,0,"{""239"":1,""240"":1,""21"":4,""200"":0,""69"":1,""237"":2,""113"":100,""303"":1,""383"":3,""1149"":1,""181"":14,""182"":9,""66"":14895,""24"":15,""206"":48740,""67"":4128,""68"":0,""13"":779,""17"":-47,""18"":280,""19"":89,""15"":1000,""241"":26806,""199"":2219,""16"":148754,""12"":11252,""449"":0,""636"":339497,""1148"":72,""11"":8935106000,""14"":1160700155,""387"":""2b3430313233302e313636372d303038353031342e343833332b3030302e3038332f""}"
2026-07-01T07:22:07Z,862272088542776,Codec8E,2026-06-30 15:34:41.000 UTC,1782833681000,0,40.1229783,-8.5013416,82,119,10,17,0,"{""239"":1,""240"":1,""21"":4,""200"":0,""69"":1,""237"":2,""113"":100,""303"":1,""383"":3,""1149"":1,""181"":13,""182"":9,""66"":14886,""24"":17,""206"":48740,""67"":4128,""68"":0,""13"":779,""17"":-157,""18"":9,""19"":58,""15"":1000,""241"":26806,""199"":2229,""16"":148764,""12"":11252,""449"":0,""636"":339497,""1148"":72,""11"":8935106000,""14"":1160700155,""387"":""2b3430313232392e373833332d303038353031332e343136372b3030302e3038322f""}"
2026-07-01T07:22:07Z,862272088542776,Codec8E,2026-06-30 15:34:42.000 UTC,1782833682000,0,40.1229366,-8.5012966,82,131,10,18,0,"{""239"":1,""240"":1,""21"":4,""200"":0,""69"":1,""237"":2,""113"":100,""303"":1,""383"":3,""1149"":1,""181"":30,""182"":10,""66"":14939,""24"":18,""206"":48740,""67"":4128,""68"":0,""13"":779,""17"":-154,""18"":-23,""19"":56,""15"":1000,""241"":26806,""199"":2235,""16"":148770,""12"":11252,""449"":0,""636"":339497,""1148"":72,""11"":8935106000,""14"":1160700155,""387"":""2b3430313232392e333636372d303038353031322e393636372b3030302e3038322f""}"
2026-07-01T07:22:07Z,862272088542776,Codec8E,2026-06-30 15:34:43.000 UTC,1782833683000,0,40.1228749,-8.5012550,81,143,10,20,0,"{""239"":1,""240"":1,""21"":4,""200"":0,""69"":1,""237"":2,""113"":100,""303"":1,""383"":3,""1149"":1,""181"":30,""182"":10,""66"":14950,""24"":20,""206"":48740,""67"":4128,""68"":0,""13"":779,""17"":-132,""18"":42,""19"":25,""15"":1000,""241"":26806,""199"":2243,""16"":148778,""12"":11252,""449"":0,""636"":339497,""1148"":72,""11"":8935106000,""14"":1160700155,""387"":""2b3430313232382e373530302d303038353031322e353530302b3030302e3038312f""}"
2026-07-01T07:22:07Z,862272088542776,Codec8E,2026-06-30 15:34:47.000 UTC,1782833687000,0,40.1225683,-8.5010149,80,145,10,31,0,"{""239"":1,""240"":1,""21"":4,""200"":0,""69"":1,""237"":2,""113"":100,""303"":1,""383"":3,""1149"":1,""181"":13,""182"":9,""66"":14913,""24"":31,""206"":48740,""67"":4128,""68"":0,""13"":779,""17"":16,""18"":-44,""19"":48,""15"":1000,""241"":26806,""199"":2282,""16"":148817,""12"":11252,""449"":0,""636"":339497,""1148"":72,""11"":8935106000,""14"":1160700155,""387"":""2b3430313232352e363833332d303038353031302e313530302b3030302e3038302f""}"
2026-07-01T07:22:07Z,862272088542776,Codec8E,2026-06-30 15:34:57.000 UTC,1782833697000,0,40.1217316,-8.5003733,78,150,8,39,0,"{""239"":1,""240"":1,""21"":4,""200"":0,""69"":1,""237"":2,""113"":100,""303"":1,""383"":3,""1149"":1,""181"":51,""182"":12,""66"":14910,""24"":39,""206"":48740,""67"":4128,""68"":0,""13"":779,""17"":-56,""18"":-33,""19"":91,""15"":1000,""241"":26806,""199"":2390,""16"":148925,""12"":11252,""449"":0,""636"":339497,""1148"":72,""11"":8935106000,""14"":1160700155,""387"":""2b3430313231372e333136372d303038353030332e373333332b3030302e3037382f""}"
2026-07-01T07:22:07Z,862272088542776,Codec8E,2026-06-30 15:35:06.000 UTC,1782833706000,0,40.1209400,-8.4997650,76,148,9,40,0,"{""239"":1,""240"":1,""21"":4,""200"":0,""69"":1,""237"":2,""113"":100,""303"":1,""383"":3,""1149"":1,""181"":43,""182"":11,""66"":14936,""24"":40,""206"":48740,""67"":4128,""68"":0,""13"":779,""17"":-14,""18"":42,""19"":40,""15"":1000,""241"":26806,""199"":2492,""16"":149027,""12"":11252,""449"":0,""636"":339497,""1148"":72,""11"":8935106000,""14"":1160700155,""387"":""2b3430313230392e343030302d303038343939372e363530302b3030302e3037362f""}"
2026-07-01T07:22:07Z,862272088542776,Codec8E,2026-06-30 15:35:12.000 UTC,1782833712000,0,40.1205483,-8.4994566,74,143,9,28,0,"{""239"":1,""240"":1,""21"":4,""200"":0,""69"":1,""237"":2,""113"":100,""303"":1,""383"":3,""1149"":1,""181"":15,""182"":11,""66"":14893,""24"":28,""206"":48740,""67"":4128,""68"":0,""13"":779,""17"":-73,""18"":-25,""19"":17,""15"":1000,""241"":26806,""199"":2543,""16"":149078,""12"":11252,""449"":0,""636"":339497,""1148"":80,""11"":8935106000,""14"":1160700155,""387"":""2b3430313230352e343833332d303038343939342e353636372b3030302e3037342f""}"
2026-07-01T07:22:07Z,862272088542776,Codec8E,2026-06-30 15:35:14.000 UTC,1782833714000,0,40.1205099,-8.4994516,73,163,8,22,0,"{""239"":1,""240"":1,""21"":4,""200"":0,""69"":1,""237"":2,""113"":100,""303"":1,""383"":3,""1149"":1,""181"":16,""182"":11,""66"":14872,""24"":22,""206"":48740,""67"":4128,""68"":0,""13"":779,""17"":-73,""18"":-41,""19"":4,""15"":1000,""241"":26806,""199"":2546,""16"":149081,""12"":11252,""449"":0,""636"":339497,""1148"":80,""11"":8935106000,""14"":1160700155,""387"":""2b3430313230352e313030302d303038343939342e353136372b3030302e3037332f""}"
2026-07-01T07:22:07Z,862272088542776,Codec8E,2026-06-30 15:35:17.000 UTC,1782833717000,0,40.1205383,-8.4994816,72,163,9,9,0,"{""239"":1,""240"":1,""21"":4,""200"":0,""69"":1,""237"":2,""113"":100,""303"":1,""383"":3,""1149"":1,""181"":13,""182"":10,""66"":14947,""24"":9,""206"":48740,""67"":4128,""68"":0,""13"":779,""17"":-112,""18"":-39,""19"":8,""15"":1000,""241"":26806,""199"":2550,""16"":149085,""12"":11252,""449"":0,""636"":339497,""1148"":80,""11"":8935106000,""14"":1160700155,""387"":""2b3430313230352e333833332d303038343939342e383136372b3030302e3037322f""}"
2026-07-01T07:22:07Z,862272088542776,Codec8E,2026-06-30 15:35:18.000 UTC,1782833718000,0,40.1205400,-8.4994833,72,163,9,5,303,"{""239"":1,""240"":1,""21"":4,""200"":0,""69"":1,""237"":2,""113"":100,""303"":0,""383"":3,""1149"":1,""181"":13,""182"":10,""66"":14915,""24"":5,""206"":48740,""67"":4128,""68"":0,""13"":779,""17"":-37,""18"":-45,""19"":13,""15"":1000,""241"":26806,""199"":2550,""16"":149085,""12"":11252,""449"":0,""636"":339497,""1148"":80,""11"":8935106000,""14"":1160700155,""387"":""2b3430313230352e343030302d303038343939342e383333332b3030302e3037322f""}"
2026-07-01T07:22:09Z,862272088542776,Codec8E,2026-06-30 15:35:24.000 UTC,1782833724000,0,40.1204733,-8.4994899,72,163,9,3,303,"{""239"":1,""240"":1,""21"":4,""200"":0,""69"":1,""237"":2,""113"":100,""303"":1,""383"":3,""1149"":1,""181"":13,""182"":10,""66"":14898,""24"":3,""206"":48740,""67"":4128,""68"":0,""13"":779,""17"":-64,""18"":-57,""19"":6,""15"":1000,""241"":26806,""199"":2550,""16"":149085,""12"":11252,""449"":0,""636"":339497,""1148"":80,""11"":8935106000,""14"":1160700155,""387"":""2b3430313230342e373333332d303038343939342e393030302b3030302e3037322f""}"
2026-07-01T07:22:09Z,862272088542776,Codec8E,2026-06-30 15:35:30.000 UTC,1782833730000,0,40.1204633,-8.4995049,72,163,8,0,303,"{""239"":1,""240"":1,""21"":4,""200"":0,""69"":1,""237"":2,""113"":100,""303"":0,""383"":3,""1149"":1,""181"":14,""182"":11,""66"":14937,""24"":0,""206"":48740,""67"":4128,""68"":0,""13"":779,""17"":-60,""18"":-54,""19"":4,""15"":1000,""241"":26806,""199"":2550,""16"":149085,""12"":11252,""449"":0,""636"":339497,""1148"":80,""11"":8935106000,""14"":1160700155,""387"":""2b3430313230342e363333332d303038343939352e303530302b3030302e3037322f""}"
2026-07-01T07:22:09Z,862272088542776,Codec8E,2026-06-30 15:35:43.000 UTC,1782833743000,0,40.1203466,-8.4994899,70,157,10,7,303,"{""239"":1,""240"":1,""21"":4,""200"":0,""69"":1,""237"":2,""113"":100,""303"":1,""383"":3,""1149"":1,""181"":30,""182"":10,""66"":14924,""24"":7,""206"":48740,""67"":4128,""68"":0,""13"":771,""17"":-66,""18"":-319,""19"":34,""15"":1000,""241"":26806,""199"":2570,""16"":149105,""12"":11253,""449"":0,""636"":339497,""1148"":78,""11"":8935106000,""14"":1160700155,""387"":""2b3430313230332e343636372d303038343939342e393030302b3030302e3037302f""}"
2026-07-01T07:22:09Z,862272088542776,Codec8E,2026-06-30 15:35:45.000 UTC,1782833745000,0,40.1203266,-8.4994483,71,139,9,9,0,"{""239"":1,""240"":1,""21"":4,""200"":0,""69"":1,""237"":2,""113"":100,""303"":1,""383"":3,""1149"":1,""181"":44,""182"":11,""66"":14920,""24"":9,""206"":48740,""67"":4128,""68"":0,""13"":771,""17"":40,""18"":-303,""19"":49,""15"":1000,""241"":26806,""199"":2574,""16"":149109,""12"":11253,""449"":0,""636"":339497,""1148"":78,""11"":8935106000,""14"":1160700155,""387"":""2b3430313230332e323636372d303038343939342e343833332b3030302e3037312f""}"
2026-07-01T07:22:09Z,862272088542776,Codec8E,2026-06-30 15:35:46.000 UTC,1782833746000,0,40.1203116,-8.4993983,71,116,9,11,0,"{""239"":1,""240"":1,""21"":4,""200"":0,""69"":1,""237"":2,""113"":100,""303"":1,""383"":3,""1149"":1,""181"":15,""182"":11,""66"":14920,""24"":11,""206"":48740,""67"":4128,""68"":0,""13"":771,""17"":-158,""18"":-237,""19"":-3,""15"":1000,""241"":26806,""199"":2579,""16"":149114,""12"":11253,""449"":0,""636"":339497,""1148"":78,""11"":8935106000,""14"":1160700155,""387"":""2b3430313230332e313136372d303038343939332e393833332b3030302e3037312f""}"
2026-07-01T07:22:10Z,862272088542776,Codec8E,2026-06-30 15:35:47.000 UTC,1782833747000,0,40.1203216,-8.4993333,71,82,9,12,0,"{""239"":1,""240"":1,""21"":4,""200"":0,""69"":1,""237"":2,""113"":100,""303"":1,""383"":3,""1149"":1,""181"":43,""182"":11,""66"":14884,""24"":12,""206"":48740,""67"":4128,""68"":0,""13"":771,""17"":-270,""18"":-169,""19"":-27,""15"":1000,""241"":26806,""199"":2584,""16"":149119,""12"":11253,""449"":0,""636"":339497,""1148"":78,""11"":8935106000,""14"":1160700155,""387"":""2b3430313230332e323136372d303038343939332e333333332b3030302e3037312f""}"
2026-07-01T07:22:10Z,862272088542776,Codec8E,2026-06-30 15:35:48.000 UTC,1782833748000,0,40.1203566,-8.4992833,71,48,9,14,0,"{""239"":1,""240"":1,""21"":4,""200"":0,""69"":1,""237"":2,""113"":100,""303"":1,""383"":3,""1149"":1,""181"":44,""182"":11,""66"":14917,""24"":14,""206"":48740,""67"":4128,""68"":0,""13"":771,""17"":-244,""18"":3,""19"":16,""15"":1000,""241"":26806,""199"":2590,""16"":149125,""12"":11253,""449"":0,""636"":339497,""1148"":78,""11"":8935106000,""14"":1160700155,""387"":""2b3430313230332e353636372d303038343939322e383333332b3030302e3037312f""}"
2026-07-01T07:22:10Z,862272088542776,Codec8E,2026-06-30 15:35:50.000 UTC,1782833750000,0,40.1204583,-8.4991616,70,38,11,18,0,"{""239"":1,""240"":1,""21"":4,""200"":0,""69"":1,""237"":2,""113"":100,""303"":1,""383"":3,""1149"":1,""181"":23,""182"":10,""66"":14887,""24"":18,""206"":48740,""67"":4128,""68"":0,""13"":771,""17"":-245,""18"":-2,""19"":41,""15"":1000,""241"":26806,""199"":2606,""16"":149141,""12"":11253,""449"":0,""636"":339497,""1148"":78,""11"":8935106000,""14"":1160700155,""387"":""2b3430313230342e353833332d303038343939312e363136372b3030302e3037302f""}"
2026-07-01T07:22:10Z,862272088542776,Codec8E,2026-06-30 15:35:53.000 UTC,1782833753000,0,40.1206966,-8.4988549,70,44,11,30,0,"{""239"":1,""240"":1,""21"":4,""200"":0,""69"":1,""237"":2,""113"":100,""303"":1,""383"":3,""1149"":1,""181"":23,""182"":10,""66"":14880,""24"":30,""206"":48740,""67"":4128,""68"":0,""13"":771,""17"":-154,""18"":-21,""19"":116,""15"":1000,""241"":26806,""199"":2643,""16"":149178,""12"":11253,""449"":0,""636"":339497,""1148"":78,""11"":8935106000,""14"":1160700155,""387"":""2b3430313230362e393636372d303038343938382e353530302b3030302e3037302f""}"
2026-07-01T07:22:10Z,862272088542776,Codec8E,2026-06-30 15:35:55.000 UTC,1782833755000,0,40.1208966,-8.4985900,70,45,10,41,0,"{""239"":1,""240"":1,""21"":4,""200"":0,""69"":1,""237"":2,""113"":100,""303"":1,""383"":3,""1149"":1,""181"":30,""182"":10,""66"":14895,""24"":41,""206"":48740,""67"":4128,""68"":0,""13"":771,""17"":-7,""18"":0,""19"":58,""15"":1000,""241"":26806,""199"":2674,""16"":149209,""12"":11253,""449"":0,""636"":339497,""1148"":78,""11"":8935106000,""14"":1160700155,""387"":""2b3430313230382e393636372d303038343938352e393030302b3030302e3037302f""}"
2026-07-01T07:22:11Z,862272088542776,Codec8E,2026-06-30 15:35:58.000 UTC,1782833758000,0,40.1212150,-8.4981733,69,46,11,51,0,"{""239"":1,""240"":1,""21"":4,""200"":0,""69"":1,""237"":2,""113"":100,""303"":1,""383"":3,""1149"":1,""181"":23,""182"":10,""66"":14888,""24"":51,""206"":48740,""67"":4128,""68"":0,""13"":771,""17"":-7,""18"":15,""19"":6,""15"":1000,""241"":26806,""199"":2724,""16"":149259,""12"":11253,""449"":0,""636"":339497,""1148"":78,""11"":8935106000,""14"":1160700155,""387"":""2b3430313231322e313530302d303038343938312e373333332b3030302e3036392f""}"
2026-07-01T07:22:11Z,862272088542776,Codec8E,2026-06-30 15:36:05.000 UTC,1782833765000,0,40.1218916,-8.4971616,68,51,7,57,0,"{""239"":1,""240"":1,""21"":4,""200"":0,""69"":1,""237"":2,""113"":100,""303"":1,""383"":3,""1149"":1,""181"":14,""182"":10,""66"":14881,""24"":57,""206"":48740,""67"":4128,""68"":0,""13"":771,""17"":-48,""18"":3,""19"":46,""15"":1000,""241"":26806,""199"":2839,""16"":149374,""12"":11253,""449"":0,""636"":339497,""1148"":78,""11"":8935106000,""14"":1160700155,""387"":""2b3430313231382e393136372d303038343937312e363136372b3030302e3036382f""}"
2026-07-01T07:22:11Z,862272088542776,Codec8E,2026-06-30 15:36:36.000 UTC,1782833796000,0,40.1224283,-8.4961100,69,0,9,0,303,"{""239"":1,""240"":1,""21"":5,""200"":0,""69"":2,""237"":2,""113"":0,""303"":1,""383"":3,""1149"":20,""181"":32,""182"":11,""66"":14866,""24"":0,""206"":48740,""67"":4128,""68"":0,""13"":771,""17"":-42,""18"":-91,""19"":78,""15"":0,""241"":26806,""199"":2946,""16"":149481,""12"":11253,""449"":0,""636"":1555725,""1148"":73,""11"":8935106000,""14"":1160700155,""387"":""2b3430313232342e323833332d303038343936312e313030302b3030302e3036392f""}"
2026-07-01T07:22:11Z,862272088542776,Codec8E,2026-06-30 15:36:44.000 UTC,1782833804000,0,40.1254166,-8.4898850,47,60,10,62,0,"{""239"":1,""240"":1,""21"":5,""200"":0,""69"":1,""237"":2,""113"":0,""303"":1,""383"":3,""1149"":20,""181"":30,""182"":10,""66"":14886,""24"":62,""206"":48740,""67"":4150,""68"":55,""13"":771,""17"":72,""18"":-36,""19"":79,""15"":0,""241"":26806,""199"":2946,""16"":149481,""12"":11253,""449"":0,""636"":1555765,""1148"":73,""11"":8935106000,""14"":1160700155,""387"":""2b3430313235342e313636372d303038343839382e383530302b3030302e3034372f""}"
2026-07-01T07:22:11Z,862272088542776,Codec8E,2026-06-30 15:36:48.000 UTC,1782833808000,0,40.1256633,-8.4893283,47,69,11,51,0,"{""239"":1,""240"":1,""21"":5,""200"":0,""69"":1,""237"":2,""113"":100,""303"":1,""383"":3,""1149"":20,""181"":23,""182"":10,""66"":14884,""24"":51,""206"":48740,""67"":4133,""68"":0,""13"":771,""17"":197,""18"":-16,""19"":146,""15"":1000,""241"":26806,""199"":3001,""16"":149536,""12"":11253,""449"":0,""636"":1555765,""1148"":73,""11"":8935106000,""14"":1160700155,""387"":""2b3430313235362e363333332d303038343839332e323833332b3030302e3034372f""}"
2026-07-01T07:22:11Z,862272088542776,Codec8E,2026-06-30 15:36:50.000 UTC,1782833810000,0,40.1256983,-8.4891599,44,74,11,41,0,"{""239"":1,""240"":1,""21"":5,""200"":0,""69"":1,""237"":2,""113"":100,""303"":1,""383"":3,""1149"":20,""181"":12,""182"":8,""66"":14886,""24"":41,""206"":48740,""67"":4132,""68"":0,""13"":771,""17"":-37,""18"":-70,""19"":76,""15"":1000,""241"":26806,""199"":3016,""16"":149551,""12"":11253,""449"":0,""636"":1555765,""1148"":73,""11"":8935106000,""14"":1160700155,""387"":""2b3430313235362e393833332d303038343839312e363030302b3030302e3034342f""}"
2026-07-01T07:22:11Z,862272088542776,Codec8E,2026-06-30 15:36:52.000 UTC,1782833812000,0,40.1256950,-8.4890316,45,87,11,33,0,"{""239"":1,""240"":1,""21"":3,""200"":0,""69"":1,""237"":2,""113"":100,""303"":1,""383"":3,""1149"":1,""181"":12,""182"":8,""66"":14887,""24"":33,""206"":48740,""67"":4133,""68"":0,""13"":771,""17"":-81,""18"":-141,""19"":26,""15"":1000,""241"":26806,""199"":3027,""16"":149562,""12"":11253,""449"":0,""636"":1555765,""1148"":87,""11"":8935106000,""14"":1160700155,""387"":""2b3430313235362e393530302d303038343839302e333136372b3030302e3034352f""}"
2026-07-01T07:22:11Z,862272088542776,Codec8E,2026-06-30 15:36:54.000 UTC,1782833814000,0,40.1257166,-8.4889066,46,71,11,27,0,"{""239"":1,""240"":1,""21"":3,""200"":0,""69"":1,""237"":2,""113"":100,""303"":1,""383"":3,""1149"":1,""181"":23,""182"":10,""66"":14915,""24"":27,""206"":48740,""67"":4132,""68"":0,""13"":771,""17"":-7,""18"":-112,""19"":-41,""15"":1000,""241"":26806,""199"":3038,""16"":149573,""12"":11253,""449"":0,""636"":1555755,""1148"":87,""11"":8935106000,""14"":1160700155,""387"":""2b3430313235372e313636372d303038343838392e303636372b3030302e3034362f""}"
2026-07-01T07:22:11Z,862272088542776,Codec8E,2026-06-30 15:36:56.000 UTC,1782833816000,0,40.1257616,-8.4887983,46,60,11,23,0,"{""239"":1,""240"":1,""21"":3,""200"":0,""69"":1,""237"":2,""113"":100,""303"":1,""383"":3,""1149"":1,""181"":23,""182"":10,""66"":14928,""24"":23,""206"":48740,""67"":4132,""68"":0,""13"":771,""17"":-65,""18"":-62,""19"":93,""15"":1000,""241"":26806,""199"":3048,""16"":149583,""12"":11253,""449"":0,""636"":1555755,""1148"":87,""11"":8935106000,""14"":1160700155,""387"":""2b3430313235372e363136372d303038343838372e393833332b3030302e3034362f""}"
2026-07-01T07:22:11Z,862272088542776,Codec8E,2026-06-30 15:37:03.000 UTC,1782833823000,0,40.1258583,-8.4885516,42,50,11,13,0,"{""239"":1,""240"":1,""21"":3,""200"":0,""69"":1,""237"":2,""113"":100,""303"":1,""383"":3,""1149"":1,""181"":12,""182"":8,""66"":14897,""24"":13,""206"":48740,""67"":4132,""68"":0,""13"":771,""17"":-25,""18"":-108,""19"":40,""15"":1000,""241"":26806,""199"":3072,""16"":149607,""12"":11253,""449"":0,""636"":1555735,""1148"":87,""11"":8935106000,""14"":1160700155,""387"":""2b3430313235382e353833332d303038343838352e353136372b3030302e3034322f""}"
2026-07-01T07:22:12Z,862272088542776,Codec8E,2026-06-30 15:37:04.000 UTC,1782833824000,0,40.1258750,-8.4885550,39,29,11,12,0,"{""239"":1,""240"":1,""21"":3,""200"":0,""69"":1,""237"":2,""113"":100,""303"":1,""383"":3,""1149"":1,""181"":12,""182"":8,""66"":14939,""24"":12,""206"":48740,""67"":4132,""68"":0,""13"":771,""17"":47,""18"":-52,""19"":17,""15"":1000,""241"":26806,""199"":3072,""16"":149607,""12"":11253,""449"":0,""636"":1555725,""1148"":87,""11"":8935106000,""14"":1160700155,""387"":""2b3430313235382e373530302d303038343838352e353530302b3030302e3033392f""}"
2026-07-01T07:22:12Z,862272088542776,Codec8E,2026-06-30 15:37:05.000 UTC,1782833825000,0,40.1259016,-8.4885616,37,15,11,11,0,"{""239"":1,""240"":1,""21"":3,""200"":0,""69"":1,""237"":2,""113"":100,""303"":1,""383"":3,""1149"":1,""181"":12,""182"":8,""66"":14835,""24"":11,""206"":48740,""67"":4131,""68"":0,""13"":771,""17"":62,""18"":11,""19"":16,""15"":1000,""241"":26806,""199"":3077,""16"":149612,""12"":11253,""449"":0,""636"":1555725,""1148"":87,""11"":8935106000,""14"":1160700155,""387"":""2b3430313235392e303136372d303038343838352e363136372b3030302e3033372f""}"
2026-07-01T07:22:12Z,862272088542776,Codec8E,2026-06-30 15:37:12.000 UTC,1782833832000,0,40.1259216,-8.4885500,32,7,10,1,0,"{""239"":1,""240"":1,""21"":3,""200"":0,""69"":1,""237"":2,""113"":100,""303"":1,""383"":3,""1149"":1,""181"":13,""182"":9,""66"":14908,""24"":1,""206"":48740,""67"":4131,""68"":0,""13"":771,""17"":-88,""18"":-29,""19"":7,""15"":1000,""241"":26806,""199"":3080,""16"":149615,""12"":11253,""449"":0,""636"":1555725,""1148"":87,""11"":8935106000,""14"":1160700155,""387"":""2b3430313235392e323136372d303038343838352e353030302b3030302e3033322f""}"
2026-07-01T07:22:12Z,862272088542776,Codec8E,2026-06-30 15:37:14.000 UTC,1782833834000,0,40.1259216,-8.4885500,32,7,11,0,303,"{""239"":1,""240"":1,""21"":3,""200"":0,""69"":1,""237"":2,""113"":100,""303"":0,""383"":3,""1149"":1,""181"":12,""182"":8,""66"":14902,""24"":0,""206"":48740,""67"":4128,""68"":0,""13"":771,""17"":-78,""18"":0,""19"":17,""15"":1000,""241"":26806,""199"":3080,""16"":149615,""12"":11253,""449"":0,""636"":1555725,""1148"":87,""11"":8935106000,""14"":1160700155,""387"":""2b3430313235392e323136372d303038343838352e353030302b3030302e3033322f""}"
2026-07-01T07:22:12Z,862272088542776,Codec8E,2026-06-30 15:37:32.000 UTC,1782833852000,0,40.1259216,-8.4885500,32,7,11,0,303,"{""239"":1,""240"":1,""21"":4,""200"":0,""69"":1,""237"":2,""113"":100,""303"":1,""383"":3,""1149"":1,""181"":12,""182"":8,""66"":14950,""24"":0,""206"":48740,""67"":4128,""68"":0,""13"":769,""17"":-91,""18"":-14,""19"":3,""15"":1000,""241"":26806,""199"":3080,""16"":149615,""12"":11258,""449"":0,""636"":1555755,""1148"":80,""11"":8935106000,""14"":1160700155,""387"":""2b3430313235392e323136372d303038343838352e353030302b3030302e3033322f""}"
2026-07-01T07:22:13Z,862272088542776,Codec8E,2026-06-30 15:37:37.000 UTC,1782833857000,0,40.1259216,-8.4885500,32,7,11,0,303,"{""239"":1,""240"":1,""21"":4,""200"":0,""69"":1,""237"":2,""113"":100,""303"":0,""383"":3,""1149"":1,""181"":12,""182"":8,""66"":14929,""24"":0,""206"":48740,""67"":4129,""68"":0,""13"":769,""17"":-93,""18"":-12,""19"":3,""15"":1000,""241"":26806,""199"":3080,""16"":149615,""12"":11259,""449"":0,""636"":1555755,""1148"":80,""11"":8935106000,""14"":1160700155,""387"":""2b3430313235392e323136372d303038343838352e353030302b3030302e3033322f""}"
2026-07-01T07:22:13Z,862272088542776,Codec8E,2026-06-30 15:38:03.000 UTC,1782833883000,0,40.1259216,-8.4885500,32,7,12,0,239,"{""239"":0,""240"":1,""21"":4,""200"":0,""69"":1,""237"":2,""113"":100,""303"":0,""383"":3,""1149"":1,""181"":11,""182"":8,""66"":13148,""24"":0,""206"":48740,""67"":4128,""68"":0,""13"":769,""17"":-93,""18"":-8,""19"":2,""15"":1000,""241"":26806,""199"":3080,""16"":149615,""12"":11266,""449"":0,""636"":1555755,""1148"":79,""11"":8935106000,""14"":1160700155,""387"":""2b3430313235392e323136372d303038343838352e353030302b3030302e3033322f""}"
2026-07-01T07:22:13Z,862272088542776,Codec8E,2026-06-30 15:38:36.000 UTC,1782833916000,0,40.1259216,-8.4885500,32,7,14,0,240,"{""239"":0,""240"":0,""21"":4,""200"":0,""69"":1,""237"":2,""113"":100,""303"":0,""383"":3,""1149"":1,""181"":10,""182"":7,""66"":12928,""24"":0,""206"":48740,""67"":4128,""68"":0,""13"":769,""17"":-95,""18"":-10,""19"":2,""15"":1000,""241"":26806,""199"":3080,""16"":149615,""12"":11266,""449"":0,""636"":1555755,""1148"":73,""11"":8935106000,""14"":1160700155,""387"":""2b3430313235392e323136372d303038343838352e353030302b3030302e3033322f""}"
2026-07-01T07:22:13Z,862272088542776,Codec8E,2026-06-30 15:39:08.000 UTC,1782833948000,0,40.1259216,-8.4885500,32,7,14,0,239,"{""239"":1,""240"":0,""21"":4,""200"":0,""69"":1,""237"":2,""113"":100,""303"":0,""383"":3,""1149"":1,""181"":10,""182"":7,""66"":15179,""24"":0,""206"":48740,""67"":4128,""68"":0,""13"":769,""17"":-85,""18"":-2,""19"":57,""15"":1000,""241"":26806,""199"":0,""16"":149615,""12"":11267,""449"":0,""636"":1555755,""1148"":73,""11"":8935106000,""14"":1160700155,""387"":""2b3430313235392e323136372d303038343838352e353030302b3030302e3033322f""}"
2026-07-01T07:22:13Z,862272088542776,Codec8E,2026-06-30 15:39:13.000 UTC,1782833953000,0,40.1259216,-8.4885500,32,7,14,0,303,"{""239"":1,""240"":0,""21"":4,""200"":0,""69"":1,""237"":2,""113"":100,""303"":1,""383"":3,""1149"":1,""181"":10,""182"":7,""66"":14845,""24"":0,""206"":48740,""67"":4128,""68"":0,""13"":769,""17"":-87,""18"":-11,""19"":7,""15"":1000,""241"":26806,""199"":0,""16"":149615,""12"":11268,""449"":0,""636"":1555755,""1148"":73,""11"":8935106000,""14"":1160700155,""387"":""2b3430313235392e323136372d303038343838352e353030302b3030302e3033322f""}"
2026-07-01T07:22:13Z,862272088542776,Codec8E,2026-06-30 15:39:14.000 UTC,1782833954000,0,40.1259216,-8.4885500,32,7,14,0,303,"{""239"":1,""240"":0,""21"":4,""200"":0,""69"":1,""237"":2,""113"":100,""303"":0,""383"":3,""1149"":1,""181"":10,""182"":7,""66"":14892,""24"":0,""206"":48740,""67"":4128,""68"":0,""13"":769,""17"":-95,""18"":-13,""19"":2,""15"":1000,""241"":26806,""199"":0,""16"":149615,""12"":11268,""449"":0,""636"":1555755,""1148"":73,""11"":8935106000,""14"":1160700155,""387"":""2b3430313235392e323136372d303038343838352e353030302b3030302e3033322f""}"
2026-07-01T07:22:13Z,862272088542776,Codec8E,2026-06-30 15:39:28.000 UTC,1782833968000,0,40.1259216,-8.4885500,36,7,14,0,303,"{""239"":1,""240"":0,""21"":4,""200"":0,""69"":1,""237"":2,""113"":100,""303"":1,""383"":3,""1149"":1,""181"":10,""182"":7,""66"":14852,""24"":0,""206"":48740,""67"":4128,""68"":0,""13"":770,""17"":-185,""18"":126,""19"":8,""15"":1000,""241"":26806,""199"":0,""16"":149615,""12"":11272,""449"":0,""636"":1555755,""1148"":83,""11"":8935106000,""14"":1160700155,""387"":""2b3430313235392e323136372d303038343838352e353030302b3030302e3033362f""}"
2026-07-01T07:22:13Z,862272088542776,Codec8E,2026-06-30 15:39:29.000 UTC,1782833969000,0,40.1259166,-8.4884866,35,348,14,5,240,"{""239"":1,""240"":1,""21"":4,""200"":0,""69"":1,""237"":2,""113"":100,""303"":1,""383"":3,""1149"":1,""181"":12,""182"":7,""66"":14873,""24"":5,""206"":48740,""67"":4128,""68"":0,""13"":770,""17"":-34,""18"":109,""19"":60,""15"":1000,""241"":26806,""199"":0,""16"":149620,""12"":11272,""449"":0,""636"":1555755,""1148"":83,""11"":8935106000,""14"":1160700155,""387"":""2b3430313235392e313636372d303038343838342e383636372b3030302e3033352f""}"
2026-07-01T07:22:13Z,862272088542776,Codec8E,2026-06-30 15:39:32.000 UTC,1782833972000,0,40.1259600,-8.4884766,33,26,14,6,0,"{""239"":1,""240"":1,""21"":4,""200"":0,""69"":1,""237"":2,""113"":100,""303"":1,""383"":3,""1149"":1,""181"":12,""182"":7,""66"":14872,""24"":6,""206"":48740,""67"":4128,""68"":0,""13"":770,""17"":-346,""18"":73,""19"":80,""15"":1000,""241"":26806,""199"":3,""16"":149623,""12"":11272,""449"":0,""636"":1555755,""1148"":83,""11"":8935106000,""14"":1160700155,""387"":""2b3430313235392e363030302d303038343838342e373636372b3030302e3033332f""}"
2026-07-01T07:22:13Z,862272088542776,Codec8E,2026-06-30 15:39:34.000 UTC,1782833974000,0,40.1260266,-8.4884316,32,37,14,10,0,"{""239"":1,""240"":1,""21"":4,""200"":0,""69"":1,""237"":2,""113"":100,""303"":1,""383"":3,""1149"":1,""181"":10,""182"":7,""66"":14882,""24"":10,""206"":48740,""67"":4128,""68"":0,""13"":770,""17"":-309,""18"":71,""19"":36,""15"":1000,""241"":26806,""199"":14,""16"":149634,""12"":11272,""449"":0,""636"":1555755,""1148"":83,""11"":8935106000,""14"":1160700155,""387"":""2b3430313236302e323636372d303038343838342e333136372b3030302e3033322f""}"
2026-07-01T07:22:14Z,862272088542776,Codec8E,2026-06-30 15:39:36.000 UTC,1782833976000,0,40.1261316,-8.4883166,31,58,14,15,0,"{""239"":1,""240"":1,""21"":4,""200"":0,""69"":1,""237"":2,""113"":100,""303"":1,""383"":3,""1149"":1,""181"":12,""182"":7,""66"":14878,""24"":15,""206"":48740,""67"":4128,""68"":0,""13"":770,""17"":-121,""18"":0,""19"":71,""15"":1000,""241"":26806,""199"":29,""16"":149649,""12"":11272,""449"":0,""636"":1555755,""1148"":83,""11"":8935106000,""14"":1160700155,""387"":""2b3430313236312e333136372d303038343838332e313636372b3030302e3033312f""}"
2026-07-01T07:22:14Z,862272088542776,Codec8E,2026-06-30 15:39:38.000 UTC,1782833978000,0,40.1262649,-8.4880983,32,57,14,25,0,"{""239"":1,""240"":1,""21"":4,""200"":0,""69"":1,""237"":2,""113"":100,""303"":1,""383"":3,""1149"":1,""181"":10,""182"":7,""66"":14870,""24"":25,""206"":48740,""67"":4128,""68"":0,""13"":770,""17"":-154,""18"":-40,""19"":29,""15"":1000,""241"":26806,""199"":53,""16"":149673,""12"":11272,""449"":0,""636"":1555755,""1148"":83,""11"":8935106000,""14"":1160700155,""387"":""2b3430313236322e363530302d303038343838302e393833332b3030302e3033322f""}"
2026-07-01T07:22:14Z,862272088542776,Codec8E,2026-06-30 15:39:41.000 UTC,1782833981000,0,40.1264733,-8.4876999,35,56,14,37,0,"{""239"":1,""240"":1,""21"":4,""200"":0,""69"":1,""237"":2,""113"":100,""303"":1,""383"":3,""1149"":1,""181"":10,""182"":7,""66"":14890,""24"":37,""206"":48740,""67"":4128,""68"":0,""13"":770,""17"":-233,""18"":-47,""19"":86,""15"":1000,""241"":26806,""199"":94,""16"":149714,""12"":11272,""449"":0,""636"":1555755,""1148"":83,""11"":8935106000,""14"":1160700155,""387"":""2b3430313236342e373333332d303038343837372e303030302b3030302e3033352f""}"
2026-07-01T07:22:14Z,862272088542776,Codec8E,2026-06-30 15:39:44.000 UTC,1782833984000,0,40.1266933,-8.4872483,35,56,14,47,0,"{""239"":1,""240"":1,""21"":4,""200"":0,""69"":1,""237"":2,""113"":100,""303"":1,""383"":3,""1149"":1,""181"":10,""182"":7,""66"":14887,""24"":47,""206"":48740,""67"":4128,""68"":0,""13"":770,""17"":-179,""18"":-59,""19"":110,""15"":1000,""241"":26806,""199"":139,""16"":149759,""12"":11272,""449"":0,""636"":1555755,""1148"":83,""11"":8935106000,""14"":1160700155,""387"":""2b3430313236362e393333332d303038343837322e343833332b3030302e3033352f""}"
2026-07-01T07:22:14Z,862272088542776,Codec8E,2026-06-30 15:39:47.000 UTC,1782833987000,0,40.1269516,-8.4866883,36,58,14,59,0,"{""239"":1,""240"":1,""21"":4,""200"":0,""69"":1,""237"":2,""113"":100,""303"":1,""383"":3,""1149"":1,""181"":12,""182"":7,""66"":14898,""24"":59,""206"":48740,""67"":4128,""68"":0,""13"":770,""17"":-123,""18"":-29,""19"":96,""15"":1000,""241"":26806,""199"":195,""16"":149815,""12"":11272,""449"":0,""636"":1555755,""1148"":83,""11"":8935106000,""14"":1160700155,""387"":""2b3430313236392e353136372d303038343836362e383833332b3030302e3033362f""}"
2026-07-01T07:22:14Z,862272088542776,Codec8E,2026-06-30 15:39:50.000 UTC,1782833990000,0,40.1272433,-8.4860550,37,60,13,69,0,"{""239"":1,""240"":1,""21"":4,""200"":0,""69"":1,""237"":2,""113"":100,""303"":1,""383"":3,""1149"":1,""181"":14,""182"":7,""66"":14928,""24"":69,""206"":48740,""67"":4128,""68"":0,""13"":770,""17"":-70,""18"":-30,""19"":124,""15"":1000,""241"":26806,""199"":258,""16"":149878,""12"":11272,""449"":0,""636"":1555755,""1148"":83,""11"":8935106000,""14"":1160700155,""387"":""2b3430313237322e343333332d303038343836302e353530302b3030302e3033372f""}"
2026-07-01T07:22:14Z,862272088542776,Codec8E,2026-06-30 15:39:55.000 UTC,1782833995000,0,40.1277516,-8.4849650,38,58,12,75,0,"{""239"":1,""240"":1,""21"":4,""200"":0,""69"":1,""237"":2,""113"":100,""303"":1,""383"":3,""1149"":1,""181"":15,""182"":8,""66"":14848,""24"":75,""206"":48740,""67"":4128,""68"":0,""13"":770,""17"":-9,""18"":-9,""19"":61,""15"":1000,""241"":26806,""199"":366,""16"":149986,""12"":11272,""449"":0,""636"":1986346,""1148"":78,""11"":8935106000,""14"":1160700155,""387"":""2b3430313237372e353136372d303038343834392e363530302b3030302e3033382f""}"
2026-07-01T07:22:14Z,862272088542776,Codec8E,2026-06-30 15:40:00.000 UTC,1782834000000,0,40.1282733,-8.4838500,37,59,10,78,0,"{""239"":1,""240"":1,""21"":4,""200"":0,""69"":1,""237"":2,""113"":100,""303"":1,""383"":3,""1149"":1,""181"":16,""182"":9,""66"":14878,""24"":78,""206"":48740,""67"":4128,""68"":0,""13"":770,""17"":-65,""18"":-35,""19"":57,""15"":1000,""241"":26806,""199"":477,""16"":150097,""12"":11272,""449"":0,""636"":1418794,""1148"":78,""11"":8935106000,""14"":1160700155,""387"":""2b3430313238322e373333332d303038343833382e353030302b3030302e3033372f""}"
2026-07-01T07:22:14Z,862272088542776,Codec8E,2026-06-30 15:40:05.000 UTC,1782834005000,0,40.1288600,-8.4826433,31,59,12,84,0,"{""239"":1,""240"":1,""21"":4,""200"":0,""69"":1,""237"":2,""113"":100,""303"":1,""383"":3,""1149"":1,""181"":15,""182"":8,""66"":14889,""24"":84,""206"":48740,""67"":4128,""68"":0,""13"":770,""17"":12,""18"":-17,""19"":-24,""15"":1000,""241"":26806,""199"":599,""16"":150219,""12"":11272,""449"":0,""636"":1555755,""1148"":78,""11"":8935106000,""14"":1160700155,""387"":""2b3430313238382e363030302d303038343832362e343333332b3030302e3033312f""}"
2026-07-01T07:22:14Z,862272088542776,Codec8E,2026-06-30 15:40:10.000 UTC,1782834010000,0,40.1294300,-8.4814283,25,58,11,85,0,"{""239"":1,""240"":1,""21"":4,""200"":0,""69"":1,""237"":2,""113"":100,""303"":1,""383"":3,""1149"":1,""181"":15,""182"":8,""66"":14889,""24"":85,""206"":48740,""67"":4128,""68"":0,""13"":770,""17"":-31,""18"":-79,""19"":49,""15"":1000,""241"":26806,""199"":720,""16"":150340,""12"":11272,""449"":0,""636"":1555755,""1148"":78,""11"":8935106000,""14"":1160700155,""387"":""2b3430313239342e333030302d303038343831342e323833332b3030302e3032352f""}"
2026-07-01T07:22:15Z,862272088542776,Codec8E,2026-06-30 15:40:15.000 UTC,1782834015000,0,40.1300200,-8.4802266,20,57,11,86,0,"{""239"":1,""240"":1,""21"":4,""200"":0,""69"":1,""237"":2,""113"":100,""303"":1,""383"":3,""1149"":1,""181"":20,""182"":9,""66"":14856,""24"":86,""206"":48740,""67"":4128,""68"":0,""13"":770,""17"":-21,""18"":-25,""19"":133,""15"":1000,""241"":26806,""199"":841,""16"":150461,""12"":11272,""449"":0,""636"":1986346,""1148"":78,""11"":8935106000,""14"":1160700155,""387"":""2b3430313330302e323030302d303038343830322e323636372b3030302e3032302f""}"
2026-07-01T07:22:15Z,862272088542776,Codec8E,2026-06-30 15:40:20.000 UTC,1782834020000,0,40.1306233,-8.4790616,17,58,12,84,0,"{""239"":1,""240"":1,""21"":4,""200"":0,""69"":1,""237"":2,""113"":100,""303"":1,""383"":3,""1149"":1,""181"":11,""182"":7,""66"":14912,""24"":84,""206"":48740,""67"":4128,""68"":0,""13"":770,""17"":-107,""18"":-5,""19"":70,""15"":1000,""241"":26806,""199"":961,""16"":150581,""12"":11272,""449"":0,""636"":1555755,""1148"":78,""11"":8935106000,""14"":1160700155,""387"":""2b3430313330362e323333332d303038343739302e363136372b3030302e3031372f""}"
2026-07-01T07:22:15Z,862272088542776,Codec8E,2026-06-30 15:40:25.000 UTC,1782834025000,0,40.1311516,-8.4777983,17,63,12,86,0,"{""239"":1,""240"":1,""21"":4,""200"":0,""69"":1,""237"":2,""113"":100,""303"":1,""383"":3,""1149"":1,""181"":11,""182"":7,""66"":14855,""24"":86,""206"":48740,""67"":4128,""68"":0,""13"":770,""17"":65,""18"":-17,""19"":44,""15"":1000,""241"":26806,""199"":1083,""16"":150703,""12"":11272,""449"":0,""636"":1555755,""1148"":77,""11"":8935106000,""14"":1160700155,""387"":""2b3430313331312e353136372d303038343737372e393833332b3030302e3031372f""}"
2026-07-01T07:22:15Z,862272088542776,Codec8E,2026-06-30 15:40:30.000 UTC,1782834030000,0,40.1315916,-8.4766933,17,64,13,76,0,"{""239"":1,""240"":1,""21"":4,""200"":0,""69"":1,""237"":2,""113"":100,""303"":1,""383"":3,""1149"":1,""181"":14,""182"":7,""66"":14913,""24"":76,""206"":48740,""67"":4128,""68"":0,""13"":770,""17"":-97,""18"":-16,""19"":37,""15"":1000,""241"":26806,""199"":1189,""16"":150809,""12"":11272,""449"":0,""636"":1555755,""1148"":77,""11"":8935106000,""14"":1160700155,""387"":""2b3430313331352e393136372d303038343736362e393333332b3030302e3031372f""}"
2026-07-01T07:22:15Z,862272088542776,Codec8E,2026-06-30 15:40:36.000 UTC,1782834036000,0,40.1320750,-8.4754433,20,58,13,71,0,"{""239"":1,""240"":1,""21"":4,""200"":0,""69"":1,""237"":2,""113"":100,""303"":1,""383"":3,""1149"":1,""181"":11,""182"":7,""66"":14897,""24"":71,""206"":48740,""67"":4128,""68"":0,""13"":770,""17"":-82,""18"":-124,""19"":30,""15"":1000,""241"":26806,""199"":1308,""16"":150928,""12"":11272,""449"":0,""636"":1555755,""1148"":77,""11"":8935106000,""14"":1160700155,""387"":""2b3430313332302e373530302d303038343735342e343333332b3030302e3032302f""}"
2026-07-01T07:22:16Z,862272088542776,Codec8E,2026-06-30 15:40:38.000 UTC,1782834038000,0,40.1322866,-8.4750699,23,47,12,69,0,"{""239"":1,""240"":1,""21"":4,""200"":0,""69"":1,""237"":2,""113"":100,""303"":1,""383"":3,""1149"":1,""181"":11,""182"":8,""66"":14890,""24"":69,""206"":48740,""67"":4128,""68"":0,""13"":770,""17"":-117,""18"":-52,""19"":50,""15"":1000,""241"":26806,""199"":1348,""16"":150968,""12"":11272,""449"":0,""636"":1555755,""1148"":77,""11"":8935106000,""14"":1160700155,""387"":""2b3430313332322e383636372d303038343735302e373030302b3030302e3032332f""}"
2026-07-01T07:22:16Z,862272088542776,Codec8E,2026-06-30 15:40:43.000 UTC,1782834043000,0,40.1329533,-8.4743266,24,37,12,69,0,"{""239"":1,""240"":1,""21"":4,""200"":0,""69"":1,""237"":2,""113"":100,""303"":1,""383"":3,""1149"":1,""181"":11,""182"":8,""66"":14881,""24"":69,""206"":48740,""67"":4128,""68"":0,""13"":770,""17"":-107,""18"":-26,""19"":64,""15"":1000,""241"":26806,""199"":1445,""16"":151065,""12"":11272,""449"":0,""636"":1555755,""1148"":77,""11"":8935106000,""14"":1160700155,""387"":""2b3430313332392e353333332d303038343734332e323636372b3030302e3032342f""}"
2026-07-01T07:22:16Z,862272088542776,Codec8E,2026-06-30 15:40:49.000 UTC,1782834049000,0,40.1337900,-8.4735250,22,40,10,69,0,"{""239"":1,""240"":1,""21"":4,""200"":0,""69"":1,""237"":2,""113"":100,""303"":1,""383"":3,""1149"":1,""181"":12,""182"":9,""66"":14897,""24"":69,""206"":48740,""67"":4128,""68"":0,""13"":770,""17"":-93,""18"":98,""19"":117,""15"":1000,""241"":26806,""199"":1560,""16"":151180,""12"":11272,""449"":0,""636"":1555755,""1148"":77,""11"":8935106000,""14"":1160700155,""387"":""2b3430313333372e393030302d303038343733352e323530302b3030302e3032322f""}"
2026-07-01T07:22:16Z,862272088542776,Codec8E,2026-06-30 15:40:52.000 UTC,1782834052000,0,40.1341599,-8.4730100,21,51,10,69,0,"{""239"":1,""240"":1,""21"":4,""200"":0,""69"":1,""237"":2,""113"":100,""303"":1,""383"":3,""1149"":1,""181"":31,""182"":10,""66"":14889,""24"":69,""206"":48740,""67"":4128,""68"":0,""13"":770,""17"":-101,""18"":-13,""19"":53,""15"":1000,""241"":26806,""199"":1621,""16"":151241,""12"":11272,""449"":0,""636"":1555755,""1148"":77,""11"":8935106000,""14"":1160700155,""387"":""2b3430313334312e363030302d303038343733302e313030302b3030302e3032312f""}"
2026-07-01T07:22:16Z,862272088542776,Codec8E,2026-06-30 15:40:57.000 UTC,1782834057000,0,40.1346350,-8.4720600,20,61,13,69,0,"{""239"":1,""240"":1,""21"":4,""200"":0,""69"":1,""237"":2,""113"":100,""303"":1,""383"":3,""1149"":1,""181"":11,""182"":7,""66"":14859,""24"":69,""206"":48740,""67"":4128,""68"":0,""13"":770,""17"":-25,""18"":-33,""19"":40,""15"":1000,""241"":26806,""199"":1717,""16"":151337,""12"":11272,""449"":0,""636"":1555755,""1148"":77,""11"":8935106000,""14"":1160700155,""387"":""2b3430313334362e333530302d303038343732302e363030302b3030302e3032302f""}"
2026-07-01T07:22:17Z,862272088542776,Codec8E,2026-06-30 15:41:03.000 UTC,1782834063000,0,40.1351516,-8.4709199,20,60,13,68,0,"{""239"":1,""240"":1,""21"":4,""200"":0,""69"":1,""237"":2,""113"":100,""303"":1,""383"":3,""1149"":1,""181"":14,""182"":7,""66"":14907,""24"":68,""206"":48740,""67"":4128,""68"":0,""13"":770,""17"":175,""18"":-30,""19"":64,""15"":1000,""241"":26806,""199"":1830,""16"":151450,""12"":11272,""449"":0,""636"":1418764,""1148"":77,""11"":8935106000,""14"":1160700155,""387"":""2b3430313335312e353136372d303038343730392e323030302b3030302e3032302f""}"
2026-07-01T07:22:17Z,862272088542776,Codec8E,2026-06-30 15:41:08.000 UTC,1782834068000,0,40.1355216,-8.4701183,17,57,13,57,0,"{""239"":1,""240"":1,""21"":4,""200"":0,""69"":1,""237"":2,""113"":100,""303"":1,""383"":3,""1149"":1,""181"":11,""182"":7,""66"":14863,""24"":57,""206"":48740,""67"":4128,""68"":0,""13"":770,""17"":50,""18"":0,""19"":62,""15"":1000,""241"":26806,""199"":1909,""16"":151529,""12"":11272,""449"":0,""636"":1418764,""1148"":77,""11"":8935106000,""14"":1160700155,""387"":""2b3430313335352e323136372d303038343730312e313833332b3030302e3031372f""}"
2026-07-01T07:22:17Z,862272088542776,Codec8E,2026-06-30 15:41:11.000 UTC,1782834071000,0,40.1357116,-8.4698066,20,45,13,46,0,"{""239"":1,""240"":1,""21"":4,""200"":0,""69"":1,""237"":2,""113"":100,""303"":1,""383"":3,""1149"":1,""181"":15,""182"":7,""66"":14855,""24"":46,""206"":48740,""67"":4128,""68"":0,""13"":770,""17"":-28,""18"":32,""19"":106,""15"":1000,""241"":26806,""199"":1943,""16"":151563,""12"":11272,""449"":0,""636"":1418764,""1148"":77,""11"":8935106000,""14"":1160700155,""387"":""2b3430313335372e313136372d303038343639382e303636372b3030302e3032302f""}"
2026-07-01T07:22:17Z,862272088542776,Codec8E,2026-06-30 15:41:16.000 UTC,1782834076000,0,40.1360933,-8.4694033,20,32,12,42,0,"{""239"":1,""240"":1,""21"":4,""200"":0,""69"":1,""237"":2,""113"":100,""303"":1,""383"":3,""1149"":1,""181"":11,""182"":8,""66"":14923,""24"":42,""206"":48740,""67"":4128,""68"":0,""13"":770,""17"":-103,""18"":-59,""19"":58,""15"":1000,""241"":26806,""199"":1998,""16"":151618,""12"":11272,""449"":0,""636"":1418764,""1148"":77,""11"":8935106000,""14"":1160700155,""387"":""2b3430313336302e393333332d303038343639342e303333332b3030302e3032302f""}"
2026-07-01T07:22:17Z,862272088542776,Codec8E,2026-06-30 15:41:19.000 UTC,1782834079000,0,40.1364066,-8.4691816,20,22,12,45,0,"{""239"":1,""240"":1,""21"":4,""200"":0,""69"":1,""237"":2,""113"":100,""303"":1,""383"":3,""1149"":1,""181"":11,""182"":8,""66"":14846,""24"":45,""206"":48740,""67"":4128,""68"":0,""13"":770,""17"":34,""18"":14,""19"":-5,""15"":1000,""241"":26806,""199"":2038,""16"":151658,""12"":11272,""449"":0,""636"":1418764,""1148"":77,""11"":8935106000,""14"":1160700155,""387"":""2b3430313336342e303636372d303038343639312e383136372b3030302e3032302f""}"
2026-07-01T07:22:17Z,862272088542776,Codec8E,2026-06-30 15:41:27.000 UTC,1782834087000,0,40.1372716,-8.4687349,23,19,13,46,0,"{""239"":1,""240"":1,""21"":4,""200"":0,""69"":1,""237"":2,""113"":100,""303"":1,""383"":3,""1149"":1,""181"":15,""182"":7,""66"":14901,""24"":46,""206"":48740,""67"":4128,""68"":0,""13"":770,""17"":-60,""18"":-78,""19"":64,""15"":1000,""241"":26806,""199"":2141,""16"":151761,""12"":11272,""449"":0,""636"":1418794,""1148"":76,""11"":8935106000,""14"":1160700155,""387"":""2b3430313337322e373136372d303038343638372e333530302b3030302e3032332f""}"
2026-07-01T07:22:17Z,862272088542776,Codec8E,2026-06-30 15:41:35.000 UTC,1782834095000,0,40.1381933,-8.4682733,27,20,12,49,0,"{""239"":1,""240"":1,""21"":4,""200"":0,""69"":1,""237"":2,""113"":100,""303"":1,""383"":3,""1149"":1,""181"":15,""182"":8,""66"":14869,""24"":49,""206"":48740,""67"":4128,""68"":0,""13"":770,""17"":-48,""18"":-59,""19"":33,""15"":1000,""241"":26806,""199"":2251,""16"":151871,""12"":11272,""449"":0,""636"":1418794,""1148"":76,""11"":8935106000,""14"":1160700155,""387"":""2b3430313338312e393333332d303038343638322e373333332b3030302e3032372f""}"
2026-07-01T07:22:17Z,862272088542776,Codec8E,2026-06-30 15:41:42.000 UTC,1782834102000,0,40.1390683,-8.4678699,29,18,11,54,0,"{""239"":1,""240"":1,""21"":4,""200"":0,""69"":1,""237"":2,""113"":100,""303"":1,""383"":3,""1149"":1,""181"":12,""182"":8,""66"":14899,""24"":54,""206"":48740,""67"":4129,""68"":0,""13"":770,""17"":-104,""18"":0,""19"":16,""15"":1000,""241"":26806,""199"":2354,""16"":151974,""12"":11272,""449"":0,""636"":1418794,""1148"":76,""11"":8935106000,""14"":1160700155,""387"":""2b3430313339302e363833332d303038343637382e373030302b3030302e3032392f""}"
2026-07-01T07:22:17Z,862272088542776,Codec8E,2026-06-30 15:41:48.000 UTC,1782834108000,0,40.1399900,-8.4674266,37,22,12,63,0,"{""239"":1,""240"":1,""21"":4,""200"":0,""69"":1,""237"":2,""113"":100,""303"":1,""383"":3,""1149"":1,""181"":15,""182"":8,""66"":14924,""24"":63,""206"":48740,""67"":4128,""68"":0,""13"":770,""17"":109,""18"":-38,""19"":35,""15"":1000,""241"":26806,""199"":2463,""16"":152083,""12"":11272,""449"":0,""636"":1418794,""1148"":76,""11"":8935106000,""14"":1160700155,""387"":""2b3430313339392e393030302d303038343637342e323636372b3030302e3033372f""}"
2026-07-01T07:22:17Z,862272088542776,Codec8E,2026-06-30 15:41:55.000 UTC,1782834115000,0,40.1409416,-8.4669399,48,21,11,57,0,"{""239"":1,""240"":1,""21"":4,""200"":0,""69"":1,""237"":2,""113"":100,""303"":1,""383"":3,""1149"":1,""181"":12,""182"":9,""66"":14862,""24"":57,""206"":48740,""67"":4128,""68"":0,""13"":770,""17"":-73,""18"":-32,""19"":50,""15"":1000,""241"":26806,""199"":2577,""16"":152197,""12"":11272,""449"":0,""636"":1418794,""1148"":81,""11"":8935106000,""14"":1160700155,""387"":""2b3430313430392e343136372d303038343636392e343030302b3030302e3034382f""}"
2026-07-01T07:22:18Z,862272088542776,Codec8E,2026-06-30 15:42:02.000 UTC,1782834122000,0,40.1418583,-8.4664466,63,21,12,56,0,"{""239"":1,""240"":1,""21"":4,""200"":0,""69"":1,""237"":2,""113"":100,""303"":1,""383"":3,""1149"":1,""181"":11,""182"":8,""66"":14870,""24"":56,""206"":48740,""67"":4128,""68"":0,""13"":770,""17"":13,""18"":-31,""19"":70,""15"":1000,""241"":26806,""199"":2687,""16"":152307,""12"":11272,""449"":0,""636"":1418794,""1148"":81,""11"":8935106000,""14"":1160700155,""387"":""2b3430313431382e353833332d303038343636342e343636372b3030302e3036332f""}"
2026-07-01T07:22:18Z,862272088542776,Codec8E,2026-06-30 15:42:09.000 UTC,1782834129000,0,40.1427266,-8.4659699,80,20,12,52,0,"{""239"":1,""240"":1,""21"":4,""200"":0,""69"":1,""237"":2,""113"":100,""303"":1,""383"":3,""1149"":1,""181"":15,""182"":8,""66"":14854,""24"":52,""206"":48740,""67"":4128,""68"":0,""13"":770,""17"":-79,""18"":-23,""19"":35,""15"":1000,""241"":26806,""199"":2792,""16"":152412,""12"":11272,""449"":0,""636"":1418794,""1148"":81,""11"":8935106000,""14"":1160700155,""387"":""2b3430313432372e323636372d303038343635392e373030302b3030302e3038302f""}"
2026-07-01T07:22:18Z,862272088542776,Codec8E,2026-06-30 15:42:16.000 UTC,1782834136000,0,40.1436233,-8.4655283,93,21,13,55,0,"{""239"":1,""240"":1,""21"":4,""200"":0,""69"":1,""237"":2,""113"":100,""303"":1,""383"":3,""1149"":1,""181"":11,""182"":7,""66"":14889,""24"":55,""206"":48740,""67"":4128,""68"":0,""13"":770,""17"":52,""18"":-38,""19"":24,""15"":1000,""241"":26806,""199"":2898,""16"":152518,""12"":11272,""449"":0,""636"":1418794,""1148"":81,""11"":8935106000,""14"":1160700155,""387"":""2b3430313433362e323333332d303038343635352e323833332b3030302e3039332f""}"
2026-07-01T07:22:18Z,862272088542776,Codec8E,2026-06-30 15:42:23.000 UTC,1782834143000,0,40.1445416,-8.4650466,100,22,12,55,0,"{""239"":1,""240"":1,""21"":4,""200"":0,""69"":1,""237"":2,""113"":100,""303"":1,""383"":3,""1149"":1,""181"":19,""182"":9,""66"":14917,""24"":55,""206"":48740,""67"":4128,""68"":0,""13"":770,""17"":-60,""18"":-21,""19"":-8,""15"":1000,""241"":26806,""199"":3008,""16"":152628,""12"":11272,""449"":0,""636"":1418794,""1148"":75,""11"":8935106000,""14"":1160700155,""387"":""2b3430313434352e343136372d303038343635302e343636372b3030302e3130302f""}"
2026-07-01T07:22:18Z,862272088542776,Codec8E,2026-06-30 15:42:30.000 UTC,1782834150000,0,40.1454600,-8.4645583,100,22,13,58,0,"{""239"":1,""240"":1,""21"":4,""200"":0,""69"":1,""237"":2,""113"":100,""303"":1,""383"":3,""1149"":1,""181"":11,""182"":7,""66"":14846,""24"":58,""206"":48740,""67"":4128,""68"":0,""13"":770,""17"":37,""18"":5,""19"":23,""15"":1000,""241"":26806,""199"":3119,""16"":152739,""12"":11272,""449"":0,""636"":1418794,""1148"":75,""11"":8935106000,""14"":1160700155,""387"":""2b3430313435342e363030302d303038343634352e353833332b3030302e3130302f""}"
2026-07-01T07:22:20Z,862272088542776,Codec8E,2026-06-30 15:42:36.000 UTC,1782834156000,0,40.1462816,-8.4640533,99,25,10,62,0,"{""239"":1,""240"":1,""21"":4,""200"":0,""69"":1,""237"":2,""113"":100,""303"":1,""383"":3,""1149"":1,""181"":32,""182"":10,""66"":14869,""24"":62,""206"":48740,""67"":4128,""68"":0,""13"":770,""17"":5,""18"":-23,""19"":43,""15"":1000,""241"":26806,""199"":3220,""16"":152840,""12"":11272,""449"":0,""636"":1418794,""1148"":75,""11"":8935106000,""14"":1160700155,""387"":""2b3430313436322e383136372d303038343634302e353333332b3030302e3039392f""}"
2026-07-01T07:22:20Z,862272088542776,Codec8E,2026-06-30 15:42:42.000 UTC,1782834162000,0,40.1472450,-8.4634783,97,24,11,70,0,"{""239"":1,""240"":1,""21"":4,""200"":0,""69"":1,""237"":2,""113"":100,""303"":1,""383"":3,""1149"":1,""181"":12,""182"":9,""66"":14841,""24"":70,""206"":48740,""67"":4128,""68"":0,""13"":770,""17"":-40,""18"":-34,""19"":30,""15"":1000,""241"":26806,""199"":3337,""16"":152957,""12"":11272,""449"":0,""636"":1418794,""1148"":75,""11"":8935106000,""14"":1160700155,""387"":""2b3430313437322e343530302d303038343633342e373833332b3030302e3039372f""}"
2026-07-01T07:22:20Z,862272088542776,Codec8E,2026-06-30 15:42:47.000 UTC,1782834167000,0,40.1481350,-8.4629599,98,23,12,77,0,"{""239"":1,""240"":1,""21"":4,""200"":0,""69"":1,""237"":2,""113"":100,""303"":1,""383"":3,""1149"":1,""181"":11,""182"":8,""66"":14878,""24"":77,""206"":48740,""67"":4128,""68"":0,""13"":770,""17"":-130,""18"":-45,""19"":52,""15"":1000,""241"":26806,""199"":3445,""16"":153065,""12"":11272,""449"":0,""636"":1418794,""1148"":75,""11"":8935106000,""14"":1160700155,""387"":""2b3430313438312e333530302d303038343632392e363030302b3030302e3039382f""}"
2026-07-01T07:22:20Z,862272088542776,Codec8E,2026-06-30 15:42:52.000 UTC,1782834172000,0,40.1491683,-8.4623650,101,24,13,89,0,"{""239"":1,""240"":1,""21"":4,""200"":0,""69"":1,""237"":2,""113"":100,""303"":1,""383"":3,""1149"":1,""181"":10,""182"":7,""66"":14827,""24"":89,""206"":48740,""67"":4128,""68"":0,""13"":770,""17"":-70,""18"":-22,""19"":-48,""15"":1000,""241"":26806,""199"":3571,""16"":153191,""12"":11272,""449"":0,""636"":1418794,""1148"":75,""11"":8935106000,""14"":1160700155,""387"":""2b3430313439312e363833332d303038343632332e363530302b3030302e3130312f""}"
2026-07-01T07:22:20Z,862272088542776,Codec8E,2026-06-30 15:42:56.000 UTC,1782834176000,0,40.1500333,-8.4618350,108,23,13,93,0,"{""239"":1,""240"":1,""21"":4,""200"":0,""69"":1,""237"":2,""113"":100,""303"":1,""383"":3,""1149"":1,""181"":10,""182"":7,""66"":14853,""24"":93,""206"":48740,""67"":4128,""68"":0,""13"":770,""17"":-74,""18"":-36,""19"":80,""15"":1000,""241"":26806,""199"":3677,""16"":153297,""12"":11272,""449"":0,""636"":1418794,""1148"":75,""11"":8935106000,""14"":1160700155,""387"":""2b3430313530302e333333332d303038343631382e333530302b3030302e3130382f""}"
2026-07-01T07:22:20Z,862272088542776,Codec8E,2026-06-30 15:43:00.000 UTC,1782834180000,0,40.1508883,-8.4613316,118,25,13,95,0,"{""239"":1,""240"":1,""21"":4,""200"":0,""69"":1,""237"":2,""113"":100,""303"":1,""383"":3,""1149"":1,""181"":13,""182"":8,""66"":14889,""24"":95,""206"":48740,""67"":4128,""68"":0,""13"":770,""17"":-105,""18"":-10,""19"":51,""15"":1000,""241"":26806,""199"":3781,""16"":153401,""12"":11272,""449"":0,""636"":1418794,""1148"":75,""11"":8935106000,""14"":1160700155,""387"":""2b3430313530382e383833332d303038343631332e333136372b3030302e3131382f""}"
2026-07-01T07:22:20Z,862272088542776,Codec8E,2026-06-30 15:43:04.000 UTC,1782834184000,0,40.1517750,-8.4608416,124,24,12,95,0,"{""239"":1,""240"":1,""21"":4,""200"":0,""69"":1,""237"":2,""113"":100,""303"":1,""383"":3,""1149"":1,""181"":11,""182"":8,""66"":14914,""24"":95,""206"":48740,""67"":4128,""68"":0,""13"":770,""17"":-105,""18"":9,""19"":55,""15"":1000,""241"":26806,""199"":3888,""16"":153508,""12"":11272,""449"":0,""636"":1418794,""1148"":75,""11"":8935106000,""14"":1160700155,""387"":""2b3430313531372e373530302d303038343630382e343136372b3030302e3132342f""}"
2026-07-01T07:22:20Z,862272088542776,Codec8E,2026-06-30 15:43:08.000 UTC,1782834188000,0,40.1526699,-8.4603100,130,22,12,95,0,"{""239"":1,""240"":1,""21"":4,""200"":0,""69"":1,""237"":2,""113"":100,""303"":1,""383"":3,""1149"":1,""181"":11,""182"":8,""66"":14912,""24"":95,""206"":48740,""67"":4128,""68"":0,""13"":770,""17"":31,""18"":-19,""19"":23,""15"":1000,""241"":26806,""199"":3998,""16"":153618,""12"":11272,""449"":0,""636"":1418794,""1148"":75,""11"":8935106000,""14"":1160700155,""387"":""2b3430313532362e373030302d303038343630332e313030302b3030302e3133302f""}"
2026-07-01T07:22:20Z,862272088542776,Codec8E,2026-06-30 15:43:12.000 UTC,1782834192000,0,40.1535116,-8.4598766,133,18,11,88,0,"{""239"":1,""240"":1,""21"":4,""200"":0,""69"":1,""237"":2,""113"":100,""303"":1,""383"":3,""1149"":1,""181"":12,""182"":9,""66"":14916,""24"":88,""206"":48740,""67"":4128,""68"":0,""13"":770,""17"":20,""18"":-25,""19"":56,""15"":1000,""241"":26806,""199"":4098,""16"":153718,""12"":11272,""449"":0,""636"":1418795,""1148"":75,""11"":8935106000,""14"":1160700155,""387"":""2b3430313533352e313136372d303038343539382e373636372b3030302e3133332f""}"
2026-07-01T07:22:20Z,862272088542776,Codec8E,2026-06-30 15:43:17.000 UTC,1782834197000,0,40.1544000,-8.4595483,135,13,12,75,0,"{""239"":1,""240"":1,""21"":4,""200"":0,""69"":1,""237"":2,""113"":100,""303"":1,""383"":3,""1149"":1,""181"":11,""182"":8,""66"":14813,""24"":75,""206"":48740,""67"":4128,""68"":0,""13"":770,""17"":98,""18"":2,""19"":66,""15"":1000,""241"":26806,""199"":4201,""16"":153821,""12"":11272,""449"":0,""636"":1418795,""1148"":75,""11"":8935106000,""14"":1160700155,""387"":""2b3430313534342e303030302d303038343539352e343833332b3030302e3133352f""}"
2026-07-01T07:22:21Z,862272088542776,Codec8E,2026-06-30 15:43:20.000 UTC,1782834200000,0,40.1547900,-8.4594349,139,9,13,63,0,"{""239"":1,""240"":1,""21"":4,""200"":0,""69"":1,""237"":2,""113"":100,""303"":1,""383"":3,""1149"":1,""181"":11,""182"":7,""66"":14866,""24"":63,""206"":48740,""67"":4128,""68"":0,""13"":770,""17"":8,""18"":0,""19"":30,""15"":1000,""241"":26806,""199"":4245,""16"":153865,""12"":11272,""449"":0,""636"":1418795,""1148"":75,""11"":8935106000,""14"":1160700155,""387"":""2b3430313534372e393030302d303038343539342e333530302b3030302e3133392f""}"
2026-07-01T07:22:21Z,862272088542776,Codec8E,2026-06-30 15:43:25.000 UTC,1782834205000,0,40.1554283,-8.4593183,136,4,11,53,0,"{""239"":1,""240"":1,""21"":4,""200"":0,""69"":1,""237"":2,""113"":100,""303"":1,""383"":3,""1149"":1,""181"":11,""182"":8,""66"":14835,""24"":53,""206"":48740,""67"":4128,""68"":0,""13"":770,""17"":-24,""18"":-10,""19"":31,""15"":1000,""241"":26806,""199"":4317,""16"":153937,""12"":11272,""449"":0,""636"":1418795,""1148"":81,""11"":8935106000,""14"":1160700155,""387"":""2b3430313535342e323833332d303038343539332e313833332b3030302e3133362f""}"
2026-07-01T07:22:21Z,862272088542776,Codec8E,2026-06-30 15:43:32.000 UTC,1782834212000,0,40.1563583,-8.4593200,139,1,7,53,0,"{""239"":1,""240"":1,""21"":4,""200"":0,""69"":1,""237"":2,""113"":100,""303"":1,""383"":3,""1149"":1,""181"":48,""182"":12,""66"":14898,""24"":53,""206"":48740,""67"":4128,""68"":0,""13"":770,""17"":12,""18"":-20,""19"":64,""15"":1000,""241"":26806,""199"":4420,""16"":154040,""12"":11272,""449"":0,""636"":1418795,""1148"":81,""11"":8935106000,""14"":1160700155,""387"":""2b3430313536332e353833332d303038343539332e323030302b3030302e3133392f""}"
2026-07-01T07:22:21Z,862272088542776,Codec8E,2026-06-30 15:43:39.000 UTC,1782834219000,0,40.1573816,-8.4592933,138,1,12,57,0,"{""239"":1,""240"":1,""21"":4,""200"":0,""69"":1,""237"":2,""113"":100,""303"":1,""383"":3,""1149"":1,""181"":12,""182"":8,""66"":14876,""24"":57,""206"":48740,""67"":4128,""68"":0,""13"":770,""17"":34,""18"":-55,""19"":51,""15"":1000,""241"":26806,""199"":4534,""16"":154154,""12"":11272,""449"":0,""636"":1418795,""1148"":81,""11"":8935106000,""14"":1160700155,""387"":""2b3430313537332e383136372d303038343539322e393333332b3030302e3133382f""}"
2026-07-01T07:22:21Z,862272088542776,Codec8E,2026-06-30 15:43:45.000 UTC,1782834225000,0,40.1582966,-8.4592983,140,0,11,61,0,"{""239"":1,""240"":1,""21"":4,""200"":0,""69"":1,""237"":2,""113"":100,""303"":1,""383"":3,""1149"":1,""181"":12,""182"":8,""66"":14924,""24"":61,""206"":48740,""67"":4128,""68"":0,""13"":770,""17"":8,""18"":-47,""19"":39,""15"":1000,""241"":26806,""199"":4636,""16"":154256,""12"":11272,""449"":0,""636"":1662250,""1148"":81,""11"":8935106000,""14"":1160700155,""387"":""2b3430313538322e393636372d303038343539322e393833332b3030302e3134302f""}"
2026-07-01T07:22:22Z,862272088542776,Codec8E,2026-06-30 15:43:51.000 UTC,1782834231000,0,40.1593100,-8.4592883,134,359,12,69,0,"{""239"":1,""240"":1,""21"":4,""200"":0,""69"":1,""237"":2,""113"":100,""303"":1,""383"":3,""1149"":1,""181"":12,""182"":8,""66"":14888,""24"":69,""206"":48740,""67"":4128,""68"":0,""13"":770,""17"":7,""18"":-32,""19"":65,""15"":1000,""241"":26806,""199"":4748,""16"":154368,""12"":11272,""449"":0,""636"":893226,""1148"":81,""11"":8935106000,""14"":1160700155,""387"":""2b3430313539332e313030302d303038343539322e383833332b3030302e3133342f""}"
2026-07-01T07:22:22Z,862272088542776,Codec8E,2026-06-30 15:43:56.000 UTC,1782834236000,0,40.1602366,-8.4592433,131,2,12,75,0,"{""239"":1,""240"":1,""21"":5,""200"":0,""69"":1,""237"":2,""113"":100,""303"":1,""383"":3,""1149"":20,""181"":12,""182"":8,""66"":14818,""24"":75,""206"":48740,""67"":4128,""68"":0,""13"":770,""17"":-23,""18"":-108,""19"":64,""15"":1000,""241"":26806,""199"":4851,""16"":154471,""12"":11272,""449"":0,""636"":1662220,""1148"":59,""11"":8935106000,""14"":1160700155,""387"":""2b3430313630322e333636372d303038343539322e343333332b3030302e3133312f""}"
2026-07-01T07:22:22Z,862272088542776,Codec8E,2026-06-30 15:44:01.000 UTC,1782834241000,0,40.1612699,-8.4591316,127,6,11,81,0,"{""239"":1,""240"":1,""21"":5,""200"":0,""69"":1,""237"":2,""113"":100,""303"":1,""383"":3,""1149"":20,""181"":12,""182"":8,""66"":14926,""24"":81,""206"":48740,""67"":4128,""68"":0,""13"":770,""17"":-30,""18"":21,""19"":72,""15"":1000,""241"":26806,""199"":4967,""16"":154587,""12"":11272,""449"":0,""636"":1662220,""1148"":59,""11"":8935106000,""14"":1160700155,""387"":""2b3430313631322e373030302d303038343539312e333136372b3030302e3132372f""}"
2026-07-01T07:22:22Z,862272088542776,Codec8E,2026-06-30 15:44:06.000 UTC,1782834246000,0,40.1623333,-8.4589283,128,14,12,82,0,"{""239"":1,""240"":1,""21"":5,""200"":0,""69"":1,""237"":2,""113"":100,""303"":1,""383"":3,""1149"":20,""181"":11,""182"":7,""66"":14892,""24"":82,""206"":48740,""67"":4128,""68"":0,""13"":770,""17"":-86,""18"":2,""19"":183,""15"":1000,""241"":26806,""199"":5086,""16"":154706,""12"":11272,""449"":0,""636"":1662230,""1148"":59,""11"":8935106000,""14"":1160700155,""387"":""2b3430313632332e333333332d303038343538392e323833332b3030302e3132382f""}"
2026-07-01T07:22:22Z,862272088542776,Codec8E,2026-06-30 15:44:11.000 UTC,1782834251000,0,40.1632866,-8.4585350,122,20,12,83,0,"{""239"":1,""240"":1,""21"":5,""200"":0,""69"":1,""237"":2,""113"":100,""303"":1,""383"":3,""1149"":20,""181"":11,""182"":7,""66"":14826,""24"":83,""206"":48740,""67"":4128,""68"":0,""13"":770,""17"":-73,""18"":-37,""19"":-1,""15"":1000,""241"":26806,""199"":5197,""16"":154817,""12"":11272,""449"":0,""636"":1662250,""1148"":59,""11"":8935106000,""14"":1160700155,""387"":""2b3430313633322e383636372d303038343538352e333530302b3030302e3132322f""}"
2026-07-01T07:22:23Z,862272088542776,Codec8E,2026-06-30 15:44:16.000 UTC,1782834256000,0,40.1642983,-8.4580199,123,22,12,85,0,"{""239"":1,""240"":1,""21"":5,""200"":0,""69"":1,""237"":2,""113"":100,""303"":1,""383"":3,""1149"":20,""181"":15,""182"":8,""66"":14861,""24"":85,""206"":48740,""67"":4128,""68"":0,""13"":770,""17"":-103,""18"":-32,""19"":83,""15"":1000,""241"":26806,""199"":5318,""16"":154938,""12"":11272,""449"":0,""636"":1662250,""1148"":59,""11"":8935106000,""14"":1160700155,""387"":""2b3430313634322e393833332d303038343538302e323030302b3030302e3132332f""}"
2026-07-01T07:22:23Z,862272088542776,Codec8E,2026-06-30 15:44:21.000 UTC,1782834261000,0,40.1652700,-8.4574433,125,22,12,86,0,"{""239"":1,""240"":1,""21"":5,""200"":0,""69"":1,""237"":2,""113"":100,""303"":1,""383"":3,""1149"":20,""181"":15,""182"":8,""66"":14893,""24"":86,""206"":48740,""67"":4128,""68"":0,""13"":770,""17"":-72,""18"":-31,""19"":89,""15"":1000,""241"":26806,""199"":5437,""16"":155057,""12"":11272,""449"":0,""636"":1662220,""1148"":59,""11"":8935106000,""14"":1160700155,""387"":""2b3430313635322e373030302d303038343537342e343333332b3030302e3132352f""}"
2026-07-01T07:22:23Z,862272088542776,Codec8E,2026-06-30 15:44:26.000 UTC,1782834266000,0,40.1662983,-8.4568649,127,22,13,87,0,"{""239"":1,""240"":1,""21"":5,""200"":0,""69"":1,""237"":2,""113"":100,""303"":1,""383"":3,""1149"":20,""181"":15,""182"":7,""66"":14853,""24"":87,""206"":48740,""67"":4128,""68"":0,""13"":770,""17"":-56,""18"":-31,""19"":49,""15"":1000,""241"":26806,""199"":5561,""16"":155181,""12"":11272,""449"":0,""636"":1662220,""1148"":76,""11"":8935106000,""14"":1160700155,""387"":""2b3430313636322e393833332d303038343536382e363530302b3030302e3132372f""}"
2026-07-01T07:22:23Z,862272088542776,Codec8E,2026-06-30 15:44:31.000 UTC,1782834271000,0,40.1673266,-8.4563083,131,21,13,87,0,"{""239"":1,""240"":1,""21"":5,""200"":0,""69"":1,""237"":2,""113"":100,""303"":1,""383"":3,""1149"":20,""181"":15,""182"":7,""66"":14871,""24"":87,""206"":48740,""67"":4129,""68"":0,""13"":770,""17"":-65,""18"":-36,""19"":-3,""15"":1000,""241"":26806,""199"":5685,""16"":155305,""12"":11272,""449"":0,""636"":1662220,""1148"":76,""11"":8935106000,""14"":1160700155,""387"":""2b3430313637332e323636372d303038343536332e303833332b3030302e3133312f""}"
2026-07-01T07:22:23Z,862272088542776,Codec8E,2026-06-30 15:44:36.000 UTC,1782834276000,0,40.1683183,-8.4557749,132,24,13,87,0,"{""239"":1,""240"":1,""21"":5,""200"":0,""69"":1,""237"":2,""113"":100,""303"":1,""383"":3,""1149"":20,""181"":11,""182"":7,""66"":14877,""24"":87,""206"":48740,""67"":4128,""68"":0,""13"":770,""17"":-82,""18"":-16,""19"":35,""15"":1000,""241"":26806,""199"":5804,""16"":155424,""12"":11272,""449"":0,""636"":1662220,""1148"":76,""11"":8935106000,""14"":1160700155,""387"":""2b3430313638332e313833332d303038343535372e373530302b3030302e3133322f""}"
2026-07-01T07:22:24Z,862272088542776,Codec8E,2026-06-30 15:44:41.000 UTC,1782834281000,0,40.1692950,-8.4552033,133,25,12,87,0,"{""239"":1,""240"":1,""21"":5,""200"":0,""69"":1,""237"":2,""113"":100,""303"":1,""383"":3,""1149"":20,""181"":11,""182"":8,""66"":14891,""24"":87,""206"":48740,""67"":4128,""68"":0,""13"":770,""17"":-62,""18"":-145,""19"":11,""15"":1000,""241"":26806,""199"":5923,""16"":155543,""12"":11272,""449"":0,""636"":1662220,""1148"":76,""11"":8935106000,""14"":1160700155,""387"":""2b3430313639322e393530302d303038343535322e303333332b3030302e3133332f""}"
2026-07-01T07:22:24Z,862272088542776,Codec8E,2026-06-30 15:44:46.000 UTC,1782834286000,0,40.1702800,-8.4546166,133,24,12,86,0,"{""239"":1,""240"":1,""21"":5,""200"":0,""69"":1,""237"":2,""113"":100,""303"":1,""383"":3,""1149"":20,""181"":11,""182"":8,""66"":14929,""24"":86,""206"":48740,""67"":4128,""68"":0,""13"":770,""17"":-78,""18"":-38,""19"":77,""15"":1000,""241"":26806,""199"":6043,""16"":155663,""12"":11272,""449"":0,""636"":1662220,""1148"":76,""11"":8935106000,""14"":1160700155,""387"":""2b3430313730322e383030302d303038343534362e313636372b3030302e3133332f""}"
2026-07-01T07:22:24Z,862272088542776,Codec8E,2026-06-30 15:44:51.000 UTC,1782834291000,0,40.1712599,-8.4541000,136,22,12,86,0,"{""239"":1,""240"":1,""21"":5,""200"":0,""69"":1,""237"":2,""113"":100,""303"":1,""383"":3,""1149"":20,""181"":15,""182"":8,""66"":14911,""24"":86,""206"":48740,""67"":4128,""68"":0,""13"":770,""17"":-103,""18"":-39,""19"":73,""15"":1000,""241"":26806,""199"":6161,""16"":155781,""12"":11272,""449"":0,""636"":1662220,""1148"":76,""11"":8935106000,""14"":1160700155,""387"":""2b3430313731322e363030302d303038343534312e303030302b3030302e3133362f""}"
2026-07-01T07:22:24Z,862272088542776,Codec8E,2026-06-30 15:44:56.000 UTC,1782834296000,0,40.1722766,-8.4535666,141,23,11,86,0,"{""239"":1,""240"":1,""21"":5,""200"":0,""69"":1,""237"":2,""113"":100,""303"":1,""383"":3,""1149"":20,""181"":12,""182"":9,""66"":14818,""24"":86,""206"":48740,""67"":4128,""68"":0,""13"":770,""17"":-76,""18"":28,""19"":36,""15"":1000,""241"":26806,""199"":6282,""16"":155902,""12"":11272,""449"":0,""636"":1662220,""1148"":76,""11"":8935106000,""14"":1160700155,""387"":""2b3430313732322e373636372d303038343533352e363636372b3030302e3134312f""}"
2026-07-01T07:22:24Z,862272088542776,Codec8E,2026-06-30 15:45:01.000 UTC,1782834301000,0,40.1732466,-8.4529733,146,27,9,84,0,"{""239"":1,""240"":1,""21"":5,""200"":0,""69"":1,""237"":2,""113"":100,""303"":1,""383"":3,""1149"":20,""181"":13,""182"":10,""66"":14918,""24"":84,""206"":48740,""67"":4128,""68"":0,""13"":770,""17"":-88,""18"":16,""19"":55,""15"":1000,""241"":26806,""199"":6402,""16"":156022,""12"":11272,""449"":0,""636"":1662250,""1148"":76,""11"":8935106000,""14"":1160700155,""387"":""2b3430313733322e343636372d303038343532392e373333332b3030302e3134362f""}"
2026-07-01T07:22:24Z,862272088542776,Codec8E,2026-06-30 15:45:06.000 UTC,1782834306000,0,40.1741816,-8.4522283,149,32,10,85,0,"{""239"":1,""240"":1,""21"":5,""200"":0,""69"":1,""237"":2,""113"":100,""303"":1,""383"":3,""1149"":1,""181"":13,""182"":9,""66"":14821,""24"":85,""206"":48740,""67"":4128,""68"":0,""13"":770,""17"":-107,""18"":0,""19"":-18,""15"":1000,""241"":26806,""199"":6523,""16"":156143,""12"":11272,""449"":0,""636"":1662250,""1148"":76,""11"":8935106000,""14"":1160700155,""387"":""2b3430313734312e383136372d303038343532322e323833332b3030302e3134392f""}"
2026-07-01T07:22:24Z,862272088542776,Codec8E,2026-06-30 15:45:11.000 UTC,1782834311000,0,40.1750816,-8.4513849,152,35,7,86,0,"{""239"":1,""240"":1,""21"":5,""200"":0,""69"":1,""237"":2,""113"":100,""303"":1,""383"":3,""1149"":1,""181"":15,""182"":12,""66"":14915,""24"":86,""206"":48740,""67"":4128,""68"":0,""13"":770,""17"":-87,""18"":-17,""19"":7,""15"":1000,""241"":26806,""199"":6646,""16"":156266,""12"":11272,""449"":0,""636"":893226,""1148"":76,""11"":8935106000,""14"":1160700155,""387"":""2b3430313735302e383136372d303038343531332e383530302b3030302e3135322f""}"
2026-07-01T07:22:24Z,862272088542776,Codec8E,2026-06-30 15:45:16.000 UTC,1782834316000,0,40.1759400,-8.4505666,155,37,10,86,0,"{""239"":1,""240"":1,""21"":5,""200"":0,""69"":1,""237"":2,""113"":100,""303"":1,""383"":3,""1149"":1,""181"":11,""182"":8,""66"":14849,""24"":86,""206"":48740,""67"":4128,""68"":0,""13"":770,""17"":-48,""18"":-92,""19"":-10,""15"":1000,""241"":26806,""199"":6764,""16"":156384,""12"":11272,""449"":0,""636"":893226,""1148"":76,""11"":8935106000,""14"":1160700155,""387"":""2b3430313735392e343030302d303038343530352e363636372b3030302e3135352f""}"
2026-07-01T07:22:24Z,862272088542776,Codec8E,2026-06-30 15:45:21.000 UTC,1782834321000,0,40.1768116,-8.4497066,158,37,7,85,0,"{""239"":1,""240"":1,""21"":5,""200"":0,""69"":1,""237"":2,""113"":100,""303"":1,""383"":3,""1149"":1,""181"":15,""182"":12,""66"":14900,""24"":85,""206"":48740,""67"":4128,""68"":0,""13"":770,""17"":-95,""18"":-9,""19"":36,""15"":1000,""241"":26806,""199"":6886,""16"":156506,""12"":11272,""449"":0,""636"":893226,""1148"":76,""11"":8935106000,""14"":1160700155,""387"":""2b3430313736382e313136372d303038343439372e303636372b3030302e3135382f""}"
2026-07-01T07:22:24Z,862272088542776,Codec8E,2026-06-30 15:45:25.000 UTC,1782834325000,0,40.1775616,-8.4489766,159,37,5,91,0,"{""239"":1,""240"":1,""21"":5,""200"":0,""69"":1,""237"":2,""113"":100,""303"":1,""383"":3,""1149"":1,""181"":17,""182"":14,""66"":14902,""24"":91,""206"":48740,""67"":4128,""68"":0,""13"":770,""17"":-16,""18"":-42,""19"":216,""15"":1000,""241"":26806,""199"":6989,""16"":156609,""12"":11272,""449"":0,""636"":893225,""1148"":62,""11"":8935106000,""14"":1160700155,""387"":""2b3430313737352e363136372d303038343438392e373636372b3030302e3135392f""}"
2026-07-01T07:22:25Z,862272088542776,Codec8E,2026-06-30 15:45:29.000 UTC,1782834329000,0,40.1783533,-8.4483166,161,31,7,93,0,"{""239"":1,""240"":1,""21"":5,""200"":0,""69"":1,""237"":2,""113"":100,""303"":1,""383"":3,""1149"":1,""181"":15,""182"":11,""66"":14874,""24"":93,""206"":48740,""67"":4128,""68"":0,""13"":770,""17"":-38,""18"":17,""19"":87,""15"":1000,""241"":26806,""199"":7094,""16"":156714,""12"":11272,""449"":0,""636"":893225,""1148"":62,""11"":8935106000,""14"":1160700155,""387"":""2b3430313738332e353333332d303038343438332e313636372b3030302e3136312f""}"
2026-07-01T07:22:25Z,862272088542776,Codec8E,2026-06-30 15:45:32.000 UTC,1782834332000,0,40.1790166,-8.4479600,161,21,7,95,0,"{""239"":1,""240"":1,""21"":5,""200"":0,""69"":1,""237"":2,""113"":100,""303"":1,""383"":3,""1149"":1,""181"":14,""182"":11,""66"":14866,""24"":95,""206"":48740,""67"":4128,""68"":0,""13"":770,""17"":40,""18"":-19,""19"":-78,""15"":1000,""241"":26806,""199"":7174,""16"":156794,""12"":11272,""449"":0,""636"":893225,""1148"":62,""11"":8935106000,""14"":1160700155,""387"":""2b3430313739302e313636372d303038343437392e363030302b3030302e3136312f""}"
2026-07-01T07:22:25Z,862272088542776,Codec8E,2026-06-30 15:45:35.000 UTC,1782834335000,0,40.1797400,-8.4477366,163,10,11,96,0,"{""239"":1,""240"":1,""21"":5,""200"":0,""69"":1,""237"":2,""113"":100,""303"":1,""383"":3,""1149"":1,""181"":11,""182"":8,""66"":14851,""24"":96,""206"":48740,""67"":4128,""68"":0,""13"":770,""17"":-5,""18"":-82,""19"":176,""15"":1000,""241"":26806,""199"":7256,""16"":156876,""12"":11272,""449"":0,""636"":893225,""1148"":62,""11"":8935106000,""14"":1160700155,""387"":""2b3430313739372e343030302d303038343437372e333636372b3030302e3136332f""}"
2026-07-01T07:22:25Z,862272088542776,Codec8E,2026-06-30 15:45:39.000 UTC,1782834339000,0,40.1806833,-8.4476416,163,0,12,95,0,"{""239"":1,""240"":1,""21"":5,""200"":0,""69"":1,""237"":2,""113"":100,""303"":1,""383"":3,""1149"":1,""181"":11,""182"":7,""66"":14838,""24"":95,""206"":48740,""67"":4128,""68"":0,""13"":770,""17"":14,""18"":-32,""19"":20,""15"":1000,""241"":26806,""199"":7362,""16"":156982,""12"":11272,""449"":0,""636"":893225,""1148"":62,""11"":8935106000,""14"":1160700155,""387"":""2b3430313830362e383333332d303038343437362e343136372b3030302e3136332f""}"
2026-07-01T07:22:25Z,862272088542776,Codec8E,2026-06-30 15:45:43.000 UTC,1782834343000,0,40.1816700,-8.4478100,165,352,10,95,0,"{""239"":1,""240"":1,""21"":5,""200"":0,""69"":1,""237"":2,""113"":100,""303"":1,""383"":3,""1149"":1,""181"":12,""182"":8,""66"":14848,""24"":95,""206"":48740,""67"":4128,""68"":0,""13"":770,""17"":114,""18"":29,""19"":104,""15"":1000,""241"":26806,""199"":7472,""16"":157092,""12"":11272,""449"":0,""636"":893225,""1148"":62,""11"":8935106000,""14"":1160700155,""387"":""2b3430313831362e373030302d303038343437382e313030302b3030302e3136352f""}"
2026-07-01T07:22:27Z,862272088542776,Codec8E,2026-06-30 15:45:47.000 UTC,1782834347000,0,40.1826350,-8.4480100,162,353,10,94,0,"{""239"":1,""240"":1,""21"":5,""200"":0,""69"":1,""237"":2,""113"":100,""303"":1,""383"":3,""1149"":1,""181"":12,""182"":8,""66"":14850,""24"":94,""206"":48740,""67"":4128,""68"":0,""13"":770,""17"":22,""18"":-58,""19"":44,""15"":1000,""241"":26806,""199"":7581,""16"":157201,""12"":11272,""449"":0,""636"":1420310,""1148"":62,""11"":8935106000,""14"":1160700155,""387"":""2b3430313832362e333530302d303038343438302e313030302b3030302e3136322f""}"
2026-07-01T07:22:27Z,862272088542776,Codec8E,2026-06-30 15:45:51.000 UTC,1782834351000,0,40.1835900,-8.4481783,159,352,9,96,0,"{""239"":1,""240"":1,""21"":5,""200"":0,""69"":1,""237"":2,""113"":100,""303"":1,""383"":3,""1149"":1,""181"":13,""182"":9,""66"":14876,""24"":96,""206"":48740,""67"":4128,""68"":0,""13"":770,""17"":48,""18"":-150,""19"":37,""15"":1000,""241"":26806,""199"":7688,""16"":157308,""12"":11272,""449"":0,""636"":1420310,""1148"":62,""11"":8935106000,""14"":1160700155,""387"":""2b3430313833352e393030302d303038343438312e373833332b3030302e3135392f""}"
2026-07-01T07:22:27Z,862272088542776,Codec8E,2026-06-30 15:45:55.000 UTC,1782834355000,0,40.1845600,-8.4483516,157,352,11,97,0,"{""239"":1,""240"":1,""21"":4,""200"":0,""69"":1,""237"":2,""113"":100,""303"":1,""383"":3,""1149"":3,""181"":12,""182"":8,""66"":14928,""24"":97,""206"":48740,""67"":4128,""68"":0,""13"":770,""17"":-16,""18"":63,""19"":148,""15"":1000,""241"":26806,""199"":7797,""16"":157417,""12"":11272,""449"":0,""636"":1420310,""1148"":75,""11"":8935106000,""14"":1160700155,""387"":""2b3430313834352e363030302d303038343438332e353136372b3030302e3135372f""}"
2026-07-01T07:22:27Z,862272088542776,Codec8E,2026-06-30 15:45:59.000 UTC,1782834359000,0,40.1855133,-8.4485283,154,349,10,96,0,"{""239"":1,""240"":1,""21"":4,""200"":0,""69"":1,""237"":2,""113"":100,""303"":1,""383"":3,""1149"":3,""181"":11,""182"":8,""66"":14856,""24"":96,""206"":48740,""67"":4128,""68"":0,""13"":770,""17"":36,""18"":-49,""19"":66,""15"":1000,""241"":26806,""199"":7904,""16"":157524,""12"":11272,""449"":0,""636"":1420310,""1148"":75,""11"":8935106000,""14"":1160700155,""387"":""2b3430313835352e313333332d303038343438352e323833332b3030302e3135342f""}"
2026-07-01T07:22:27Z,862272088542776,Codec8E,2026-06-30 15:46:03.000 UTC,1782834363000,0,40.1864433,-8.4487949,152,345,10,96,0,"{""239"":1,""240"":1,""21"":4,""200"":0,""69"":1,""237"":2,""113"":100,""303"":1,""383"":3,""1149"":3,""181"":11,""182"":8,""66"":14823,""24"":96,""206"":48740,""67"":4128,""68"":0,""13"":770,""17"":26,""18"":-2,""19"":7,""15"":1000,""241"":26806,""199"":8010,""16"":157630,""12"":11272,""449"":0,""636"":1420310,""1148"":75,""11"":8935106000,""14"":1160700155,""387"":""2b3430313836342e343333332d303038343438372e393530302b3030302e3135322f""}"
2026-07-01T07:22:29Z,862272088542776,Codec8E,2026-06-30 15:46:07.000 UTC,1782834367000,0,40.1873666,-8.4491500,149,342,11,96,0,"{""239"":1,""240"":1,""21"":4,""200"":0,""69"":1,""237"":2,""113"":100,""303"":1,""383"":3,""1149"":3,""181"":12,""182"":8,""66"":14889,""24"":96,""206"":48740,""67"":4128,""68"":0,""13"":770,""17"":68,""18"":-19,""19"":40,""15"":1000,""241"":26806,""199"":8117,""16"":157737,""12"":11272,""449"":0,""636"":1420310,""1148"":75,""11"":8935106000,""14"":1160700155,""387"":""2b3430313837332e363636372d303038343439312e353030302b3030302e3134392f""}"
2026-07-01T07:22:29Z,862272088542776,Codec8E,2026-06-30 15:46:11.000 UTC,1782834371000,0,40.1883066,-8.4494599,144,348,11,96,0,"{""239"":1,""240"":1,""21"":4,""200"":0,""69"":1,""237"":2,""113"":100,""303"":1,""383"":3,""1149"":3,""181"":12,""182"":8,""66"":14920,""24"":96,""206"":48740,""67"":4128,""68"":0,""13"":770,""17"":18,""18"":38,""19"":57,""15"":1000,""241"":26806,""199"":8225,""16"":157845,""12"":11272,""449"":0,""636"":1420330,""1148"":75,""11"":8935106000,""14"":1160700155,""387"":""2b3430313838332e303636372d303038343439342e363030302b3030302e3134342f""}"
2026-07-01T07:22:29Z,862272088542776,Codec8E,2026-06-30 15:46:15.000 UTC,1782834375000,0,40.1892566,-8.4496266,140,354,11,95,0,"{""239"":1,""240"":1,""21"":4,""200"":0,""69"":1,""237"":2,""113"":100,""303"":1,""383"":3,""1149"":3,""181"":12,""182"":8,""66"":14908,""24"":95,""206"":48740,""67"":4129,""68"":0,""13"":770,""17"":37,""18"":-43,""19"":67,""15"":1000,""241"":26806,""199"":8331,""16"":157951,""12"":11272,""449"":0,""636"":1420330,""1148"":75,""11"":8935106000,""14"":1160700155,""387"":""2b3430313839322e353636372d303038343439362e323636372b3030302e3134302f""}"
2026-07-01T07:22:29Z,862272088542776,Codec8E,2026-06-30 15:46:19.000 UTC,1782834379000,0,40.1902233,-8.4497216,136,355,10,95,0,"{""239"":1,""240"":1,""21"":4,""200"":0,""69"":1,""237"":2,""113"":100,""303"":1,""383"":3,""1149"":3,""181"":20,""182"":10,""66"":14908,""24"":95,""206"":48740,""67"":4128,""68"":0,""13"":770,""17"":11,""18"":-102,""19"":2,""15"":1000,""241"":26806,""199"":8439,""16"":158059,""12"":11272,""449"":0,""636"":1420330,""1148"":75,""11"":8935106000,""14"":1160700155,""387"":""2b3430313930322e323333332d303038343439372e323136372b3030302e3133362f""}"
2026-07-01T07:22:29Z,862272088542776,Codec8E,2026-06-30 15:46:23.000 UTC,1782834383000,0,40.1911900,-8.4498349,132,354,10,96,0,"{""239"":1,""240"":1,""21"":4,""200"":0,""69"":1,""237"":2,""113"":100,""303"":1,""383"":3,""1149"":3,""181"":20,""182"":10,""66"":14896,""24"":96,""206"":48740,""67"":4128,""68"":0,""13"":770,""17"":-31,""18"":-16,""19"":129,""15"":1000,""241"":26806,""199"":8547,""16"":158167,""12"":11272,""449"":0,""636"":1420330,""1148"":60,""11"":8935106000,""14"":1160700155,""387"":""2b3430313931312e393030302d303038343439382e333530302b3030302e3133322f""}"
2026-07-01T07:22:29Z,862272088542776,Codec8E,2026-06-30 15:46:27.000 UTC,1782834387000,0,40.1921433,-8.4499633,130,354,11,96,0,"{""239"":1,""240"":1,""21"":4,""200"":0,""69"":1,""237"":2,""113"":100,""303"":1,""383"":3,""1149"":3,""181"":12,""182"":8,""66"":14873,""24"":96,""206"":48740,""67"":4128,""68"":0,""13"":770,""17"":-58,""18"":-35,""19"":113,""15"":1000,""241"":26806,""199"":8653,""16"":158273,""12"":11272,""449"":0,""636"":1420330,""1148"":60,""11"":8935106000,""14"":1160700155,""387"":""2b3430313932312e343333332d303038343439392e363333332b3030302e3133302f""}"
2026-07-01T07:22:29Z,862272088542776,Codec8E,2026-06-30 15:46:31.000 UTC,1782834391000,0,40.1930950,-8.4501116,127,353,12,95,0,"{""239"":1,""240"":1,""21"":4,""200"":0,""69"":1,""237"":2,""113"":100,""303"":1,""383"":3,""1149"":3,""181"":12,""182"":8,""66"":14856,""24"":95,""206"":48740,""67"":4129,""68"":0,""13"":770,""17"":109,""18"":50,""19"":86,""15"":1000,""241"":26806,""199"":8760,""16"":158380,""12"":11272,""449"":0,""636"":1420330,""1148"":60,""11"":8935106000,""14"":1160700155,""387"":""2b3430313933302e393530302d303038343530312e313136372b3030302e3132372f""}"
2026-07-01T07:22:29Z,862272088542776,Codec8E,2026-06-30 15:46:36.000 UTC,1782834396000,0,40.1941300,-8.4502516,122,354,11,83,0,"{""239"":1,""240"":1,""21"":4,""200"":0,""69"":1,""237"":2,""113"":100,""303"":1,""383"":3,""1149"":3,""181"":12,""182"":8,""66"":14858,""24"":83,""206"":48740,""67"":4128,""68"":0,""13"":770,""17"":-2,""18"":47,""19"":72,""15"":1000,""241"":26806,""199"":8876,""16"":158496,""12"":11272,""449"":0,""636"":1420330,""1148"":60,""11"":8935106000,""14"":1160700155,""387"":""2b3430313934312e333030302d303038343530322e353136372b3030302e3132322f""}"
2026-07-01T07:22:29Z,862272088542776,Codec8E,2026-06-30 15:46:41.000 UTC,1782834401000,0,40.1950850,-8.4503799,118,350,11,78,0,"{""239"":1,""240"":1,""21"":4,""200"":0,""69"":1,""237"":2,""113"":100,""303"":1,""383"":3,""1149"":3,""181"":20,""182"":9,""66"":14859,""24"":78,""206"":48740,""67"":4128,""68"":0,""13"":770,""17"":35,""18"":-72,""19"":9,""15"":1000,""241"":26806,""199"":8982,""16"":158602,""12"":11272,""449"":0,""636"":1420330,""1148"":60,""11"":8935106000,""14"":1160700155,""387"":""2b3430313935302e383530302d303038343530332e383030302b3030302e3131382f""}"
2026-07-01T07:22:29Z,862272088542776,Codec8E,2026-06-30 15:46:46.000 UTC,1782834406000,0,40.1959866,-8.4507249,114,340,10,76,0,"{""239"":1,""240"":1,""21"":4,""200"":0,""69"":1,""237"":2,""113"":100,""303"":1,""383"":3,""1149"":3,""181"":11,""182"":8,""66"":14816,""24"":76,""206"":48740,""67"":4128,""68"":0,""13"":770,""17"":9,""18"":-185,""19"":40,""15"":1000,""241"":26806,""199"":9087,""16"":158707,""12"":11272,""449"":0,""636"":1420330,""1148"":60,""11"":8935106000,""14"":1160700155,""387"":""2b3430313935392e383636372d303038343530372e323530302b3030302e3131342f""}"
2026-07-01T07:22:30Z,862272088542776,Codec8E,2026-06-30 15:46:47.000 UTC,1782834407000,0,40.1961350,-8.4508733,114,328,10,77,0,"{""239"":1,""240"":1,""21"":4,""200"":0,""69"":1,""237"":2,""113"":100,""303"":1,""383"":3,""1149"":3,""181"":17,""182"":9,""66"":14899,""24"":77,""206"":48740,""67"":4128,""68"":0,""13"":770,""17"":21,""18"":-159,""19"":13,""15"":1000,""241"":26806,""199"":9108,""16"":158728,""12"":11272,""449"":0,""636"":1420330,""1148"":60,""11"":8935106000,""14"":1160700155,""387"":""2b3430313936312e333530302d303038343530382e373333332b3030302e3131342f""}"
2026-07-01T07:22:30Z,862272088542776,Codec8E,2026-06-30 15:46:50.000 UTC,1782834410000,0,40.1965883,-8.4513550,111,316,12,78,0,"{""239"":1,""240"":1,""21"":4,""200"":0,""69"":1,""237"":2,""113"":100,""303"":1,""383"":3,""1149"":3,""181"":11,""182"":7,""66"":14870,""24"":78,""206"":48740,""67"":4128,""68"":0,""13"":770,""17"":11,""18"":-56,""19"":97,""15"":1000,""241"":26806,""199"":9173,""16"":158793,""12"":11272,""449"":0,""636"":1420330,""1148"":60,""11"":8935106000,""14"":1160700155,""387"":""2b3430313936352e383833332d303038343531332e353530302b3030302e3131312f""}"
2026-07-01T07:22:30Z,862272088542776,Codec8E,2026-06-30 15:46:55.000 UTC,1782834415000,0,40.1972483,-8.4522500,101,321,12,77,0,"{""239"":1,""240"":1,""21"":4,""200"":0,""69"":1,""237"":2,""113"":100,""303"":1,""383"":3,""1149"":3,""181"":12,""182"":8,""66"":14816,""24"":77,""206"":48740,""67"":4128,""68"":0,""13"":770,""17"":6,""18"":129,""19"":92,""15"":1000,""241"":26806,""199"":9279,""16"":158899,""12"":11272,""449"":0,""636"":1420330,""1148"":60,""11"":8935106000,""14"":1160700155,""387"":""2b3430313937322e343833332d303038343532322e353030302b3030302e3130312f""}"
2026-07-01T07:22:30Z,862272088542776,Codec8E,2026-06-30 15:46:58.000 UTC,1782834418000,0,40.1977133,-8.4526299,98,332,11,77,0,"{""239"":1,""240"":1,""21"":4,""200"":0,""69"":1,""237"":2,""113"":100,""303"":1,""383"":3,""1149"":3,""181"":12,""182"":8,""66"":14815,""24"":77,""206"":48740,""67"":4128,""68"":0,""13"":770,""17"":-61,""18"":-22,""19"":187,""15"":1000,""241"":26806,""199"":9340,""16"":158960,""12"":11272,""449"":0,""636"":1420330,""1148"":60,""11"":8935106000,""14"":1160700155,""387"":""2b3430313937372e313333332d303038343532362e333030302b3030302e3039382f""}"
2026-07-01T07:22:30Z,862272088542776,Codec8E,2026-06-30 15:47:03.000 UTC,1782834423000,0,40.1987083,-8.4531316,91,339,8,85,0,"{""239"":1,""240"":1,""21"":4,""200"":0,""69"":1,""237"":2,""113"":100,""303"":1,""383"":3,""1149"":1,""181"":24,""182"":11,""66"":14820,""24"":85,""206"":48740,""67"":4128,""68"":0,""13"":770,""17"":-74,""18"":24,""19"":181,""15"":1000,""241"":26806,""199"":9458,""16"":159078,""12"":11272,""449"":0,""636"":1420330,""1148"":60,""11"":8935106000,""14"":1160700155,""387"":""2b3430313938372e303833332d303038343533312e333136372b3030302e3039312f""}"
2026-07-01T07:22:31Z,862272088542776,Codec8E,2026-06-30 15:47:07.000 UTC,1782834427000,0,40.1995933,-8.4535866,89,343,10,92,0,"{""239"":1,""240"":1,""21"":4,""200"":0,""69"":1,""237"":2,""113"":100,""303"":1,""383"":3,""1149"":1,""181"":12,""182"":9,""66"":14879,""24"":92,""206"":48740,""67"":4128,""68"":0,""13"":770,""17"":162,""18"":175,""19"":377,""15"":1000,""241"":26806,""199"":9564,""16"":159184,""12"":11272,""449"":0,""636"":1420331,""1148"":60,""11"":8935106000,""14"":1160700155,""387"":""2b3430313939352e393333332d303038343533352e383636372b3030302e3038392f""}"
2026-07-01T07:22:31Z,862272088542776,Codec8E,2026-06-30 15:47:10.000 UTC,1782834430000,0,40.2003150,-8.4537699,87,354,12,94,0,"{""239"":1,""240"":1,""21"":4,""200"":0,""69"":1,""237"":2,""113"":100,""303"":1,""383"":3,""1149"":1,""181"":12,""182"":8,""66"":14882,""24"":94,""206"":48740,""67"":4128,""68"":0,""13"":770,""17"":25,""18"":208,""19"":129,""15"":1000,""241"":26806,""199"":9646,""16"":159266,""12"":11272,""449"":0,""636"":1420331,""1148"":60,""11"":8935106000,""14"":1160700155,""387"":""2b3430323030332e313530302d303038343533372e373030302b3030302e3038372f""}"
2026-07-01T07:22:31Z,862272088542776,Codec8E,2026-06-30 15:47:13.000 UTC,1782834433000,0,40.2010266,-8.4537300,88,4,11,94,0,"{""239"":1,""240"":1,""21"":4,""200"":0,""69"":1,""237"":2,""113"":100,""303"":1,""383"":3,""1149"":1,""181"":12,""182"":8,""66"":14853,""24"":94,""206"":48740,""67"":4128,""68"":0,""13"":770,""17"":-52,""18"":100,""19"":350,""15"":1000,""241"":26806,""199"":9725,""16"":159345,""12"":11272,""449"":0,""636"":1420331,""1148"":60,""11"":8935106000,""14"":1160700155,""387"":""2b3430323031302e323636372d303038343533372e333030302b3030302e3038382f""}"
2026-07-01T07:22:31Z,862272088542776,Codec8E,2026-06-30 15:47:15.000 UTC,1782834435000,0,40.2014966,-8.4535883,88,15,9,94,0,"{""239"":1,""240"":1,""21"":4,""200"":0,""69"":1,""237"":2,""113"":100,""303"":1,""383"":3,""1149"":1,""181"":20,""182"":10,""66"":14872,""24"":94,""206"":48740,""67"":4128,""68"":0,""13"":770,""17"":-51,""18"":207,""19"":87,""15"":1000,""241"":26806,""199"":9779,""16"":159399,""12"":11272,""449"":0,""636"":1420331,""1148"":60,""11"":8935106000,""14"":1160700155,""387"":""2b3430323031342e393636372d303038343533352e383833332b3030302e3038382f""}"
2026-07-01T07:22:31Z,862272088542776,Codec8E,2026-06-30 15:47:19.000 UTC,1782834439000,0,40.2023516,-8.4530616,87,27,11,94,0,"{""239"":1,""240"":1,""21"":4,""200"":0,""69"":1,""237"":2,""113"":100,""303"":1,""383"":3,""1149"":1,""181"":12,""182"":9,""66"":14825,""24"":94,""206"":48740,""67"":4128,""68"":0,""13"":770,""17"":-76,""18"":126,""19"":236,""15"":1000,""241"":26806,""199"":9884,""16"":159504,""12"":11272,""449"":0,""636"":1947177,""1148"":60,""11"":8935106000,""14"":1160700155,""387"":""2b3430323032332e353136372d303038343533302e363136372b3030302e3038372f""}"
2026-07-01T07:22:32Z,862272088542776,Codec8E,2026-06-30 15:47:22.000 UTC,1782834442000,0,40.2029416,-8.4524633,85,39,12,94,0,"{""239"":1,""240"":1,""21"":4,""200"":0,""69"":1,""237"":2,""113"":100,""303"":1,""383"":3,""1149"":1,""181"":11,""182"":8,""66"":14820,""24"":94,""206"":48740,""67"":4128,""68"":0,""13"":770,""17"":-175,""18"":285,""19"":48,""15"":1000,""241"":26806,""199"":9967,""16"":159587,""12"":11272,""449"":0,""636"":894476,""1148"":60,""11"":8935106000,""14"":1160700155,""387"":""2b3430323032392e343136372d303038343532342e363333332b3030302e3038352f""}"
2026-07-01T07:22:32Z,862272088542776,Codec8E,2026-06-30 15:47:26.000 UTC,1782834446000,0,40.2036350,-8.4515700,86,44,11,94,0,"{""239"":1,""240"":1,""21"":4,""200"":0,""69"":1,""237"":2,""113"":100,""303"":1,""383"":3,""1149"":20,""181"":12,""182"":9,""66"":14848,""24"":94,""206"":48740,""67"":4128,""68"":0,""13"":770,""17"":-35,""18"":8,""19"":262,""15"":1000,""241"":26806,""199"":10075,""16"":159695,""12"":11272,""449"":0,""636"":894475,""1148"":74,""11"":8935106000,""14"":1160700155,""387"":""2b3430323033362e333530302d303038343531352e373030302b3030302e3038362f""}"
2026-07-01T07:22:32Z,862272088542776,Codec8E,2026-06-30 15:47:30.000 UTC,1782834450000,0,40.2042966,-8.4506316,87,46,10,95,0,"{""239"":1,""240"":1,""21"":4,""200"":0,""69"":1,""237"":2,""113"":100,""303"":1,""383"":3,""1149"":20,""181"":32,""182"":10,""66"":14857,""24"":95,""206"":48740,""67"":4128,""68"":0,""13"":770,""17"":-50,""18"":-28,""19"":24,""15"":1000,""241"":26806,""199"":10184,""16"":159804,""12"":11272,""449"":0,""636"":894475,""1148"":74,""11"":8935106000,""14"":1160700155,""387"":""2b3430323034322e393636372d303038343530362e333136372b3030302e3038372f""}"
2026-07-01T07:22:32Z,862272088542776,Codec8E,2026-06-30 15:47:34.000 UTC,1782834454000,0,40.2049666,-8.4497100,88,45,10,96,0,"{""239"":1,""240"":1,""21"":4,""200"":0,""69"":1,""237"":2,""113"":100,""303"":1,""383"":3,""1149"":20,""181"":13,""182"":9,""66"":14813,""24"":96,""206"":48740,""67"":4128,""68"":0,""13"":770,""17"":33,""18"":-64,""19"":64,""15"":1000,""241"":26806,""199"":10292,""16"":159912,""12"":11272,""449"":0,""636"":894475,""1148"":74,""11"":8935106000,""14"":1160700155,""387"":""2b3430323034392e363636372d303038343439372e313030302b3030302e3038382f""}"
2026-07-01T07:22:32Z,862272088542776,Codec8E,2026-06-30 15:47:38.000 UTC,1782834458000,0,40.2055999,-8.4488383,88,45,12,90,0,"{""239"":1,""240"":1,""21"":4,""200"":0,""69"":1,""237"":2,""113"":100,""303"":1,""383"":3,""1149"":20,""181"":19,""182"":8,""66"":14853,""24"":90,""206"":48740,""67"":4128,""68"":0,""13"":770,""17"":-47,""18"":-120,""19"":47,""15"":1000,""241"":26806,""199"":10394,""16"":160014,""12"":11272,""449"":0,""636"":894475,""1148"":74,""11"":8935106000,""14"":1160700155,""387"":""2b3430323035362e303030302d303038343438382e333833332b3030302e3038382f""}"
2026-07-01T07:22:32Z,862272088542776,Codec8E,2026-06-30 15:47:42.000 UTC,1782834462000,0,40.2061883,-8.4481100,84,35,13,85,0,"{""239"":1,""240"":1,""21"":4,""200"":0,""69"":1,""237"":2,""113"":100,""303"":1,""383"":3,""1149"":20,""181"":11,""182"":7,""66"":14817,""24"":85,""206"":48740,""67"":4128,""68"":0,""13"":770,""17"":44,""18"":-53,""19"":-160,""15"":1000,""241"":26806,""199"":10484,""16"":160104,""12"":11272,""449"":0,""636"":894475,""1148"":74,""11"":8935106000,""14"":1160700155,""387"":""2b3430323036312e383833332d303038343438312e313030302b3030302e3038342f""}"
2026-07-01T07:22:32Z,862272088542776,Codec8E,2026-06-30 15:47:45.000 UTC,1782834465000,0,40.2067783,-8.4476833,79,23,13,86,0,"{""239"":1,""240"":1,""21"":4,""200"":0,""69"":1,""237"":2,""113"":100,""303"":1,""383"":3,""1149"":20,""181"":11,""182"":7,""66"":14804,""24"":86,""206"":48740,""67"":4128,""68"":0,""13"":770,""17"":-46,""18"":-42,""19"":54,""15"":1000,""241"":26806,""199"":10559,""16"":160179,""12"":11272,""449"":0,""636"":1499403,""1148"":74,""11"":8935106000,""14"":1160700155,""387"":""2b3430323036372e373833332d303038343437362e383333332b3030302e3037392f""}"
2026-07-01T07:22:32Z,862272088542776,Codec8E,2026-06-30 15:47:49.000 UTC,1782834469000,0,40.2076900,-8.4473433,73,19,12,91,0,"{""239"":1,""240"":1,""21"":4,""200"":0,""69"":1,""237"":2,""113"":100,""303"":1,""383"":3,""1149"":20,""181"":11,""182"":7,""66"":14872,""24"":91,""206"":48740,""67"":4128,""68"":0,""13"":770,""17"":13,""18"":-86,""19"":97,""15"":1000,""241"":26806,""199"":10664,""16"":160284,""12"":11272,""449"":0,""636"":609804,""1148"":74,""11"":8935106000,""14"":1160700155,""387"":""2b3430323037362e393030302d303038343437332e343333332b3030302e3037332f""}"
2026-07-01T07:22:32Z,862272088542776,Codec8E,2026-06-30 15:47:53.000 UTC,1782834473000,0,40.2085583,-8.4469650,63,18,12,95,0,"{""239"":1,""240"":1,""21"":4,""200"":0,""69"":1,""237"":2,""113"":100,""303"":1,""383"":3,""1149"":20,""181"":16,""182"":8,""66"":14819,""24"":95,""206"":48740,""67"":4128,""68"":0,""13"":770,""17"":157,""18"":-70,""19"":69,""15"":1000,""241"":26806,""199"":10766,""16"":160386,""12"":11272,""449"":0,""636"":572684,""1148"":76,""11"":8935106000,""14"":1160700155,""387"":""2b3430323038352e353833332d303038343436392e363530302b3030302e3036332f""}"
2026-07-01T07:22:32Z,862272088542776,Codec8E,2026-06-30 15:47:57.000 UTC,1782834477000,0,40.2095166,-8.4465416,57,17,12,96,0,"{""239"":1,""240"":1,""21"":4,""200"":0,""69"":1,""237"":2,""113"":100,""303"":1,""383"":3,""1149"":20,""181"":11,""182"":7,""66"":14872,""24"":96,""206"":48740,""67"":4128,""68"":0,""13"":770,""17"":61,""18"":32,""19"":42,""15"":1000,""241"":26806,""199"":10879,""16"":160499,""12"":11272,""449"":0,""636"":572684,""1148"":76,""11"":8935106000,""14"":1160700155,""387"":""2b3430323039352e313636372d303038343436352e343136372b3030302e3035372f""}"
2026-07-01T07:22:33Z,862272088542776,Codec8E,2026-06-30 15:48:01.000 UTC,1782834481000,0,40.2104283,-8.4461933,52,12,11,95,0,"{""239"":1,""240"":1,""21"":4,""200"":0,""69"":1,""237"":2,""113"":100,""303"":1,""383"":3,""1149"":20,""181"":12,""182"":8,""66"":14815,""24"":95,""206"":48740,""67"":4128,""68"":0,""13"":770,""17"":193,""18"":-74,""19"":116,""15"":1000,""241"":26806,""199"":10984,""16"":160604,""12"":11272,""449"":0,""636"":572684,""1148"":76,""11"":8935106000,""14"":1160700155,""387"":""2b3430323130342e323833332d303038343436312e393333332b3030302e3035322f""}"
2026-07-01T07:22:33Z,862272088542776,Codec8E,2026-06-30 15:48:04.000 UTC,1782834484000,0,40.2111083,-8.4461016,48,359,12,92,0,"{""239"":1,""240"":1,""21"":4,""200"":0,""69"":1,""237"":2,""113"":100,""303"":1,""383"":3,""1149"":20,""181"":12,""182"":8,""66"":14813,""24"":92,""206"":48740,""67"":4128,""68"":0,""13"":770,""17"":178,""18"":-42,""19"":11,""15"":1000,""241"":26806,""199"":11060,""16"":160680,""12"":11272,""449"":0,""636"":572684,""1148"":76,""11"":8935106000,""14"":1160700155,""387"":""2b3430323131312e303833332d303038343436312e303136372b3030302e3034382f""}"
2026-07-01T07:22:33Z,862272088542776,Codec8E,2026-06-30 15:48:09.000 UTC,1782834489000,0,40.2121016,-8.4462850,46,356,12,82,0,"{""239"":1,""240"":1,""21"":4,""200"":0,""69"":1,""237"":2,""113"":100,""303"":1,""383"":3,""1149"":20,""181"":12,""182"":8,""66"":14825,""24"":82,""206"":48740,""67"":4128,""68"":0,""13"":770,""17"":98,""18"":0,""19"":46,""15"":1000,""241"":26806,""199"":11172,""16"":160792,""12"":11272,""449"":0,""636"":572684,""1148"":76,""11"":8935106000,""14"":1160700155,""387"":""2b3430323132312e303136372d303038343436322e383530302b3030302e3034362f""}"
2026-07-01T07:22:33Z,862272088542776,Codec8E,2026-06-30 15:48:14.000 UTC,1782834494000,0,40.2129816,-8.4462600,38,4,12,71,0,"{""239"":1,""240"":1,""21"":4,""200"":0,""69"":1,""237"":2,""113"":100,""303"":1,""383"":3,""1149"":20,""181"":19,""182"":8,""66"":14870,""24"":71,""206"":48740,""67"":4128,""68"":0,""13"":770,""17"":116,""18"":-25,""19"":16,""15"":1000,""241"":26806,""199"":11271,""16"":160891,""12"":11272,""449"":0,""636"":572684,""1148"":76,""11"":8935106000,""14"":1160700155,""387"":""2b3430323132392e383136372d303038343436322e363030302b3030302e3033382f""}"
2026-07-01T07:22:33Z,862272088542776,Codec8E,2026-06-30 15:48:19.000 UTC,1782834499000,0,40.2137283,-8.4461016,34,15,12,59,0,"{""239"":1,""240"":1,""21"":4,""200"":0,""69"":1,""237"":2,""113"":100,""303"":1,""383"":3,""1149"":20,""181"":12,""182"":8,""66"":14864,""24"":59,""206"":48740,""67"":4128,""68"":0,""13"":770,""17"":59,""18"":207,""19"":45,""15"":1000,""241"":26806,""199"":11355,""16"":160975,""12"":11272,""449"":0,""636"":572684,""1148"":76,""11"":8935106000,""14"":1160700155,""387"":""2b3430323133372e323833332d303038343436312e303136372b3030302e3033342f""}"
2026-07-01T07:22:34Z,862272088542776,Codec8E,2026-06-30 15:48:21.000 UTC,1782834501000,0,40.2139266,-8.4460433,32,33,12,51,0,"{""239"":1,""240"":1,""21"":4,""200"":0,""69"":1,""237"":2,""113"":100,""303"":1,""383"":3,""1149"":20,""181"":12,""182"":8,""66"":14852,""24"":51,""206"":48740,""67"":4128,""68"":0,""13"":770,""17"":-5,""18"":211,""19"":97,""15"":1000,""241"":26806,""199"":11378,""16"":160998,""12"":11272,""449"":0,""636"":609804,""1148"":76,""11"":8935106000,""14"":1160700155,""387"":""2b3430323133392e323636372d303038343436302e343333332b3030302e3033322f""}"
2026-07-01T07:22:34Z,862272088542776,Codec8E,2026-06-30 15:48:23.000 UTC,1782834503000,0,40.2140150,-8.4458783,31,51,13,44,0,"{""239"":1,""240"":1,""21"":4,""200"":0,""69"":1,""237"":99,""113"":100,""303"":1,""383"":3,""1149"":20,""181"":11,""182"":7,""66"":14822,""24"":44,""206"":0,""67"":4128,""68"":0,""13"":770,""17"":-144,""18"":154,""19"":20,""15"":1000,""241"":26806,""199"":11395,""16"":161015,""12"":11272,""449"":0,""636"":0,""1148"":76,""11"":8935106000,""14"":1160700155,""387"":""2b3430323134302e313530302d303038343435382e373833332b3030302e3033312f""}"
2026-07-01T07:22:34Z,862272088542776,Codec8E,2026-06-30 15:48:24.000 UTC,1782834504000,0,40.2140383,-8.4457599,30,62,13,41,0,"{""239"":1,""240"":1,""21"":4,""200"":0,""69"":1,""237"":99,""113"":100,""303"":1,""383"":3,""1149"":20,""181"":11,""182"":7,""66"":14867,""24"":41,""206"":0,""67"":4128,""68"":0,""13"":770,""17"":-146,""18"":42,""19"":25,""15"":1000,""241"":26806,""199"":11405,""16"":161025,""12"":11272,""449"":0,""636"":0,""1148"":76,""11"":8935106000,""14"":1160700155,""387"":""2b3430323134302e333833332d303038343435372e363030302b3030302e3033302f""}"
2026-07-01T07:22:34Z,862272088542776,Codec8E,2026-06-30 15:48:26.000 UTC,1782834506000,0,40.2141050,-8.4454700,31,74,13,41,0,"{""239"":1,""240"":1,""21"":0,""200"":0,""69"":1,""237"":99,""113"":100,""303"":1,""383"":3,""1149"":0,""181"":11,""182"":7,""66"":14839,""24"":41,""206"":0,""67"":4128,""68"":0,""13"":770,""17"":-179,""18"":-337,""19"":6,""15"":1000,""241"":0,""199"":11431,""16"":161051,""12"":11272,""449"":0,""636"":0,""1148"":76,""11"":8935106000,""14"":1160700155,""387"":""2b3430323134312e303530302d303038343435342e373030302b3030302e3033312f""}"
2026-07-01T07:22:34Z,862272088542776,Codec8E,2026-06-30 15:48:28.000 UTC,1782834508000,0,40.2141483,-8.4451699,33,52,13,45,0,"{""239"":1,""240"":1,""21"":5,""200"":0,""69"":1,""237"":2,""113"":100,""303"":1,""383"":3,""1149"":20,""181"":15,""182"":7,""66"":14856,""24"":45,""206"":48740,""67"":4128,""68"":0,""13"":770,""17"":-99,""18"":52,""19"":-27,""15"":1000,""241"":26806,""199"":11457,""16"":161077,""12"":11272,""449"":0,""636"":609804,""1148"":58,""11"":8935106000,""14"":1160700155,""387"":""2b3430323134312e343833332d303038343435312e373030302b3030302e3033332f""}"
2026-07-01T07:22:35Z,862272088542776,Codec8E,2026-06-30 15:48:33.000 UTC,1782834513000,0,40.2145700,-8.4443466,36,69,13,54,0,"{""239"":1,""240"":1,""21"":5,""200"":0,""69"":1,""237"":2,""113"":100,""303"":1,""383"":3,""1149"":20,""181"":11,""182"":7,""66"":14853,""24"":54,""206"":48740,""67"":4128,""68"":0,""13"":770,""17"":-66,""18"":-34,""19"":44,""15"":1000,""241"":26806,""199"":11542,""16"":161162,""12"":11272,""449"":0,""636"":609804,""1148"":58,""11"":8935106000,""14"":1160700155,""387"":""2b3430323134352e373030302d303038343434332e343636372b3030302e3033362f""}"
2026-07-01T07:22:35Z,862272088542776,Codec8E,2026-06-30 15:48:39.000 UTC,1782834519000,0,40.2148383,-8.4430933,33,83,13,64,0,"{""239"":1,""240"":1,""21"":5,""200"":0,""69"":1,""237"":2,""113"":100,""303"":1,""383"":3,""1149"":20,""181"":11,""182"":7,""66"":14862,""24"":64,""206"":48740,""67"":4128,""68"":0,""13"":770,""17"":-87,""18"":204,""19"":164,""15"":1000,""241"":26806,""199"":11653,""16"":161273,""12"":11272,""449"":0,""636"":609834,""1148"":58,""11"":8935106000,""14"":1160700155,""387"":""2b3430323134382e333833332d303038343433302e393333332b3030302e3033332f""}"
2026-07-01T07:22:35Z,862272088542776,Codec8E,2026-06-30 15:48:41.000 UTC,1782834521000,0,40.2148366,-8.4426516,35,94,13,64,0,"{""239"":1,""240"":1,""21"":5,""200"":0,""69"":1,""237"":2,""113"":100,""303"":1,""383"":3,""1149"":20,""181"":11,""182"":7,""66"":14892,""24"":64,""206"":48740,""67"":4128,""68"":0,""13"":770,""17"":-119,""18"":-172,""19"":-63,""15"":1000,""241"":26806,""199"":11690,""16"":161310,""12"":11272,""449"":0,""636"":609834,""1148"":58,""11"":8935106000,""14"":1160700155,""387"":""2b3430323134382e333636372d303038343432362e353136372b3030302e3033352f""}"
2026-07-01T07:22:35Z,862272088542776,Codec8E,2026-06-30 15:48:46.000 UTC,1782834526000,0,40.2147866,-8.4415699,43,81,13,65,0,"{""239"":1,""240"":1,""21"":5,""200"":0,""69"":1,""237"":2,""113"":100,""303"":1,""383"":3,""1149"":20,""181"":11,""182"":7,""66"":14845,""24"":65,""206"":48740,""67"":4128,""68"":0,""13"":770,""17"":-42,""18"":-296,""19"":16,""15"":1000,""241"":26806,""199"":11783,""16"":161403,""12"":11272,""449"":0,""636"":609834,""1148"":58,""11"":8935106000,""14"":1160700155,""387"":""2b3430323134372e383636372d303038343431352e373030302b3030302e3034332f""}"
2026-07-01T07:22:35Z,862272088542776,Codec8E,2026-06-30 15:48:47.000 UTC,1782834527000,0,40.2148300,-8.4413583,42,68,13,65,0,"{""239"":1,""240"":1,""21"":5,""200"":0,""69"":1,""237"":2,""113"":100,""303"":1,""383"":3,""1149"":20,""181"":11,""182"":7,""66"":14871,""24"":65,""206"":48740,""67"":4128,""68"":0,""13"":770,""17"":-36,""18"":-266,""19"":59,""15"":1000,""241"":26806,""199"":11801,""16"":161421,""12"":11272,""449"":0,""636"":609834,""1148"":58,""11"":8935106000,""14"":1160700155,""387"":""2b3430323134382e333030302d303038343431332e353833332b3030302e3034322f""}"
2026-07-01T07:22:36Z,862272088542776,Codec8E,2026-06-30 15:48:49.000 UTC,1782834529000,0,40.2150066,-8.4410266,38,54,14,66,0,"{""239"":1,""240"":1,""21"":5,""200"":0,""69"":1,""237"":2,""113"":100,""303"":1,""383"":3,""1149"":20,""181"":10,""182"":7,""66"":14890,""24"":66,""206"":48740,""67"":4128,""68"":0,""13"":770,""17"":-5,""18"":-14,""19"":125,""15"":1000,""241"":26806,""199"":11836,""16"":161456,""12"":11272,""449"":0,""636"":1629738,""1148"":58,""11"":8935106000,""14"":1160700155,""387"":""2b3430323135302e303636372d303038343431302e323636372b3030302e3033382f""}"
2026-07-01T07:22:36Z,862272088542776,Codec8E,2026-06-30 15:48:55.000 UTC,1782834535000,0,40.2156583,-8.4399883,36,52,14,66,0,"{""239"":1,""240"":1,""21"":5,""200"":0,""69"":1,""237"":2,""113"":100,""303"":1,""383"":3,""1149"":1,""181"":10,""182"":7,""66"":14894,""24"":66,""206"":48740,""67"":4128,""68"":0,""13"":770,""17"":-61,""18"":2,""19"":26,""15"":1000,""241"":26806,""199"":11950,""16"":161570,""12"":11272,""449"":0,""636"":1629738,""1148"":72,""11"":8935106000,""14"":1160700155,""387"":""2b3430323135362e353833332d303038343339392e383833332b3030302e3033362f""}"
2026-07-01T07:22:36Z,862272088542776,Codec8E,2026-06-30 15:49:01.000 UTC,1782834541000,0,40.2162633,-8.4389500,39,53,14,66,0,"{""239"":1,""240"":1,""21"":5,""200"":0,""69"":1,""237"":2,""113"":100,""303"":1,""383"":3,""1149"":1,""181"":13,""182"":7,""66"":14887,""24"":66,""206"":48740,""67"":4128,""68"":0,""13"":770,""17"":-24,""18"":-123,""19"":9,""15"":1000,""241"":26806,""199"":12061,""16"":161681,""12"":11272,""449"":0,""636"":1629738,""1148"":72,""11"":8935106000,""14"":1160700155,""387"":""2b3430323136322e363333332d303038343338392e353030302b3030302e3033392f""}"
2026-07-01T07:22:36Z,862272088542776,Codec8E,2026-06-30 15:49:05.000 UTC,1782834545000,0,40.2166883,-8.4382600,39,37,14,66,0,"{""239"":1,""240"":1,""21"":5,""200"":0,""69"":1,""237"":2,""113"":100,""303"":1,""383"":3,""1149"":1,""181"":10,""182"":7,""66"":14823,""24"":66,""206"":48740,""67"":4128,""68"":0,""13"":770,""17"":-47,""18"":-258,""19"":150,""15"":1000,""241"":26806,""199"":12136,""16"":161756,""12"":11272,""449"":0,""636"":1629738,""1148"":72,""11"":8935106000,""14"":1160700155,""387"":""2b3430323136362e383833332d303038343338322e363030302b3030302e3033392f""}"
2026-07-01T07:22:36Z,862272088542776,Codec8E,2026-06-30 15:49:06.000 UTC,1782834546000,0,40.2168299,-8.4381350,39,27,14,66,0,"{""239"":1,""240"":1,""21"":5,""200"":0,""69"":1,""237"":2,""113"":100,""303"":1,""383"":3,""1149"":1,""181"":10,""182"":7,""66"":14870,""24"":66,""206"":48740,""67"":4128,""68"":0,""13"":770,""17"":-72,""18"":-195,""19"":100,""15"":1000,""241"":26806,""199"":12155,""16"":161775,""12"":11272,""449"":0,""636"":1629739,""1148"":72,""11"":8935106000,""14"":1160700155,""387"":""2b3430323136382e333030302d303038343338312e333530302b3030302e3033392f""}"
2026-07-01T07:22:36Z,862272088542776,Codec8E,2026-06-30 15:49:08.000 UTC,1782834548000,0,40.2171566,-8.4380300,41,15,14,67,0,"{""239"":1,""240"":1,""21"":5,""200"":0,""69"":1,""237"":2,""113"":100,""303"":1,""383"":3,""1149"":1,""181"":10,""182"":7,""66"":14825,""24"":67,""206"":48740,""67"":4128,""68"":0,""13"":770,""17"":-20,""18"":37,""19"":90,""15"":1000,""241"":26806,""199"":12192,""16"":161812,""12"":11272,""449"":0,""636"":1629739,""1148"":72,""11"":8935106000,""14"":1160700155,""387"":""2b3430323137312e353636372d303038343338302e333030302b3030302e3034312f""}"
2026-07-01T07:22:36Z,862272088542776,Codec8E,2026-06-30 15:49:14.000 UTC,1782834554000,0,40.2181066,-8.4376283,41,28,14,66,0,"{""239"":1,""240"":1,""21"":5,""200"":0,""69"":1,""237"":2,""113"":100,""303"":1,""383"":3,""1149"":1,""181"":10,""182"":7,""66"":14843,""24"":66,""206"":48740,""67"":4128,""68"":0,""13"":770,""17"":26,""18"":27,""19"":27,""15"":1000,""241"":26806,""199"":12304,""16"":161924,""12"":11272,""449"":0,""636"":1629739,""1148"":72,""11"":8935106000,""14"":1160700155,""387"":""2b3430323138312e303636372d303038343337362e323833332b3030302e3034312f""}"
2026-07-01T07:22:36Z,862272088542776,Codec8E,2026-06-30 15:49:16.000 UTC,1782834556000,0,40.2184033,-8.4373216,41,41,14,67,0,"{""239"":1,""240"":1,""21"":5,""200"":0,""69"":1,""237"":2,""113"":100,""303"":1,""383"":3,""1149"":1,""181"":10,""182"":7,""66"":14824,""24"":67,""206"":48740,""67"":4128,""68"":0,""13"":770,""17"":37,""18"":-39,""19"":42,""15"":1000,""241"":26806,""199"":12346,""16"":161966,""12"":11272,""449"":0,""636"":1629739,""1148"":72,""11"":8935106000,""14"":1160700155,""387"":""2b3430323138342e303333332d303038343337332e323136372b3030302e3034312f""}"
2026-07-01T07:22:36Z,862272088542776,Codec8E,2026-06-30 15:49:22.000 UTC,1782834562000,0,40.2192066,-8.4364983,39,40,12,66,0,"{""239"":1,""240"":1,""21"":5,""200"":0,""69"":1,""237"":2,""113"":100,""303"":1,""383"":3,""1149"":1,""181"":11,""182"":7,""66"":14831,""24"":66,""206"":48740,""67"":4128,""68"":0,""13"":770,""17"":-10,""18"":-68,""19"":95,""15"":1000,""241"":26806,""199"":12459,""16"":162079,""12"":11272,""449"":0,""636"":1629739,""1148"":72,""11"":8935106000,""14"":1160700155,""387"":""2b3430323139322e303636372d303038343336342e393833332b3030302e3033392f""}"
2026-07-01T07:22:36Z,862272088542776,Codec8E,2026-06-30 15:49:28.000 UTC,1782834568000,0,40.2199199,-8.4356500,37,42,11,65,0,"{""239"":1,""240"":1,""21"":4,""200"":0,""69"":1,""237"":2,""113"":100,""303"":1,""383"":3,""1149"":20,""181"":11,""182"":8,""66"":14855,""24"":65,""206"":48740,""67"":4128,""68"":0,""13"":770,""17"":-31,""18"":7,""19"":40,""15"":1000,""241"":26806,""199"":12567,""16"":162187,""12"":11272,""449"":0,""636"":609804,""1148"":74,""11"":8935106000,""14"":1160700155,""387"":""2b3430323139392e323030302d303038343335362e353030302b3030302e3033372f""}"
2026-07-01T07:22:37Z,862272088542776,Codec8E,2026-06-30 15:49:34.000 UTC,1782834574000,0,40.2205533,-8.4347333,34,51,11,63,0,"{""239"":1,""240"":1,""21"":4,""200"":0,""69"":1,""237"":2,""113"":100,""303"":1,""383"":3,""1149"":20,""181"":12,""182"":8,""66"":14849,""24"":63,""206"":48750,""67"":4128,""68"":0,""13"":770,""17"":-23,""18"":-11,""19"":35,""15"":1000,""241"":26806,""199"":12672,""16"":162292,""12"":11272,""449"":0,""636"":2213901,""1148"":75,""11"":8935106000,""14"":1160700155,""387"":""2b3430323230352e353333332d303038343334372e333333332b3030302e3033342f""}"
2026-07-01T07:22:37Z,862272088542776,Codec8E,2026-06-30 15:49:39.000 UTC,1782834579000,0,40.2209483,-8.4338783,34,63,11,60,0,"{""239"":1,""240"":1,""21"":4,""200"":0,""69"":1,""237"":2,""113"":100,""303"":1,""383"":3,""1149"":20,""181"":12,""182"":8,""66"":14816,""24"":60,""206"":48750,""67"":4128,""68"":0,""13"":770,""17"":-79,""18"":49,""19"":42,""15"":1000,""241"":26806,""199"":12757,""16"":162377,""12"":11272,""449"":0,""636"":2213901,""1148"":75,""11"":8935106000,""14"":1160700155,""387"":""2b3430323230392e343833332d303038343333382e373833332b3030302e3033342f""}"
2026-07-01T07:22:37Z,862272088542776,Codec8E,2026-06-30 15:49:43.000 UTC,1782834583000,0,40.2211466,-8.4330833,37,76,10,61,0,"{""239"":1,""240"":1,""21"":4,""200"":0,""69"":1,""237"":2,""113"":100,""303"":1,""383"":3,""1149"":20,""181"":13,""182"":9,""66"":14849,""24"":61,""206"":48740,""67"":4128,""68"":0,""13"":770,""17"":98,""18"":-74,""19"":134,""15"":1000,""241"":26806,""199"":12828,""16"":162448,""12"":11272,""449"":0,""636"":609803,""1148"":74,""11"":8935106000,""14"":1160700155,""387"":""2b3430323231312e343636372d303038343333302e383333332b3030302e3033372f""}"
2026-07-01T07:22:37Z,862272088542776,Codec8E,2026-06-30 15:49:50.000 UTC,1782834590000,0,40.2213950,-8.4317533,35,78,12,58,0,"{""239"":1,""240"":1,""21"":5,""200"":0,""69"":1,""237"":2,""113"":100,""303"":1,""383"":3,""1149"":20,""181"":11,""182"":8,""66"":14814,""24"":58,""206"":48740,""67"":4128,""68"":0,""13"":770,""17"":-40,""18"":-34,""19"":47,""15"":1000,""241"":26806,""199"":12944,""16"":162564,""12"":11272,""449"":0,""636"":609803,""1148"":69,""11"":8935106000,""14"":1160700155,""387"":""2b3430323231332e393530302d303038343331372e353333332b3030302e3033352f""}"
2026-07-01T07:22:37Z,862272088542776,Codec8E,2026-06-30 15:49:54.000 UTC,1782834594000,0,40.2214500,-8.4309416,33,89,12,60,0,"{""239"":1,""240"":1,""21"":5,""200"":0,""69"":1,""237"":2,""113"":100,""303"":1,""383"":3,""1149"":1,""181"":11,""182"":8,""66"":14889,""24"":60,""206"":48740,""67"":4128,""68"":0,""13"":770,""17"":12,""18"":160,""19"":-45,""15"":1000,""241"":26806,""199"":13014,""16"":162634,""12"":11272,""449"":0,""636"":609803,""1148"":71,""11"":8935106000,""14"":1160700155,""387"":""2b3430323231342e353030302d303038343330392e343136372b3030302e3033332f""}"
2026-07-01T07:22:38Z,862272088542776,Codec8E,2026-06-30 15:49:56.000 UTC,1782834596000,0,40.2214249,-8.4305866,34,102,12,59,0,"{""239"":1,""240"":1,""21"":5,""200"":0,""69"":1,""237"":2,""113"":100,""303"":1,""383"":3,""1149"":1,""181"":11,""182"":8,""66"":14814,""24"":59,""206"":48740,""67"":4128,""68"":0,""13"":770,""17"":-5,""18"":-7,""19"":56,""15"":1000,""241"":26806,""199"":13044,""16"":162664,""12"":11272,""449"":0,""636"":609803,""1148"":71,""11"":8935106000,""14"":1160700155,""387"":""2b3430323231342e323530302d303038343330352e383636372b3030302e3033342f""}"
2026-07-01T07:22:38Z,862272088542776,Codec8E,2026-06-30 15:50:00.000 UTC,1782834600000,0,40.2212583,-8.4299083,30,116,12,55,0,"{""239"":1,""240"":1,""21"":5,""200"":0,""69"":1,""237"":2,""113"":100,""303"":1,""383"":3,""1149"":1,""181"":11,""182"":8,""66"":14900,""24"":55,""206"":48740,""67"":4128,""68"":0,""13"":770,""17"":50,""18"":240,""19"":46,""15"":1000,""241"":26806,""199"":13105,""16"":162725,""12"":11272,""449"":0,""636"":609833,""1148"":71,""11"":8935106000,""14"":1160700155,""387"":""2b3430323231322e353833332d303038343239392e303833332b3030302e3033302f""}"
2026-07-01T07:22:38Z,862272088542776,Codec8E,2026-06-30 15:50:02.000 UTC,1782834602000,0,40.2210966,-8.4296966,27,132,13,51,0,"{""239"":1,""240"":1,""21"":5,""200"":0,""69"":1,""237"":2,""113"":100,""303"":1,""383"":3,""1149"":1,""181"":11,""182"":7,""66"":14873,""24"":51,""206"":48740,""67"":4128,""68"":0,""13"":770,""17"":-106,""18"":26,""19"":45,""15"":1000,""241"":26806,""199"":13130,""16"":162750,""12"":11272,""449"":0,""636"":609833,""1148"":71,""11"":8935106000,""14"":1160700155,""387"":""2b3430323231302e393636372d303038343239362e393636372b3030302e3032372f""}"
2026-07-01T07:22:38Z,862272088542776,Codec8E,2026-06-30 15:50:03.000 UTC,1782834603000,0,40.2210000,-8.4296116,26,142,13,50,0,"{""239"":1,""240"":1,""21"":5,""200"":0,""69"":1,""237"":2,""113"":100,""303"":1,""383"":3,""1149"":1,""181"":11,""182"":7,""66"":14849,""24"":50,""206"":48740,""67"":4128,""68"":0,""13"":770,""17"":-131,""18"":-88,""19"":71,""15"":1000,""241"":26806,""199"":13143,""16"":162763,""12"":11272,""449"":0,""636"":609833,""1148"":71,""11"":8935106000,""14"":1160700155,""387"":""2b3430323231302e303030302d303038343239362e313136372b3030302e3032362f""}"
2026-07-01T07:22:38Z,862272088542776,Codec8E,2026-06-30 15:50:07.000 UTC,1782834607000,0,40.2205150,-8.4292983,26,152,12,55,0,"{""239"":1,""240"":1,""21"":5,""200"":0,""69"":1,""237"":2,""113"":100,""303"":1,""383"":3,""1149"":1,""181"":11,""182"":8,""66"":14849,""24"":55,""206"":48740,""67"":4128,""68"":0,""13"":770,""17"":-123,""18"":13,""19"":46,""15"":1000,""241"":26806,""199"":13204,""16"":162824,""12"":11272,""449"":0,""636"":609833,""1148"":71,""11"":8935106000,""14"":1160700155,""387"":""2b3430323230352e313530302d303038343239322e393833332b3030302e3032362f""}"
2026-07-01T07:22:39Z,862272088542776,Codec8E,2026-06-30 15:50:13.000 UTC,1782834613000,0,40.2196233,-8.4286950,30,153,12,62,0,"{""239"":1,""240"":1,""21"":5,""200"":0,""69"":1,""237"":2,""113"":100,""303"":1,""383"":3,""1149"":1,""181"":11,""182"":8,""66"":14880,""24"":62,""206"":48740,""67"":4128,""68"":0,""13"":770,""17"":-105,""18"":41,""19"":100,""15"":1000,""241"":26806,""199"":13315,""16"":162935,""12"":11272,""449"":0,""636"":609833,""1148"":71,""11"":8935106000,""14"":1160700155,""387"":""2b3430323139362e323333332d303038343238362e393530302b3030302e3033302f""}"
2026-07-01T07:22:39Z,862272088542776,Codec8E,2026-06-30 15:50:18.000 UTC,1782834618000,0,40.2189083,-8.4281216,37,142,12,64,0,"{""239"":1,""240"":1,""21"":5,""200"":0,""69"":1,""237"":2,""113"":100,""303"":1,""383"":3,""1149"":1,""181"":19,""182"":8,""66"":14834,""24"":64,""206"":48740,""67"":4128,""68"":0,""13"":770,""17"":-72,""18"":-99,""19"":132,""15"":1000,""241"":26806,""199"":13409,""16"":163029,""12"":11272,""449"":0,""636"":609833,""1148"":71,""11"":8935106000,""14"":1160700155,""387"":""2b3430323138392e303833332d303038343238312e323136372b3030302e3033372f""}"
2026-07-01T07:22:39Z,862272088542776,Codec8E,2026-06-30 15:50:20.000 UTC,1782834620000,0,40.2186533,-8.4278399,37,130,12,65,0,"{""239"":1,""240"":1,""21"":5,""200"":0,""69"":1,""237"":2,""113"":100,""303"":1,""383"":3,""1149"":1,""181"":11,""182"":8,""66"":14822,""24"":65,""206"":48740,""67"":4128,""68"":0,""13"":770,""17"":-86,""18"":-86,""19"":73,""15"":1000,""241"":26806,""199"":13446,""16"":163066,""12"":11272,""449"":0,""636"":609823,""1148"":71,""11"":8935106000,""14"":1160700155,""387"":""2b3430323138362e353333332d303038343237382e343030302b3030302e3033372f""}"
2026-07-01T07:22:39Z,862272088542776,Codec8E,2026-06-30 15:50:23.000 UTC,1782834623000,0,40.2183516,-8.4273099,38,120,11,66,0,"{""239"":1,""240"":1,""21"":5,""200"":0,""69"":1,""237"":2,""113"":100,""303"":1,""383"":3,""1149"":1,""181"":22,""182"":8,""66"":14865,""24"":66,""206"":48740,""67"":4128,""68"":0,""13"":770,""17"":-64,""18"":-194,""19"":45,""15"":1000,""241"":26806,""199"":13502,""16"":163122,""12"":11272,""449"":0,""636"":609823,""1148"":71,""11"":8935106000,""14"":1160700155,""387"":""2b3430323138332e353136372d303038343237332e313030302b3030302e3033382f""}"
2026-07-01T07:22:39Z,862272088542776,Codec8E,2026-06-30 15:50:26.000 UTC,1782834626000,0,40.2181550,-8.4267133,41,107,11,66,0,"{""239"":1,""240"":1,""21"":4,""200"":0,""69"":1,""237"":2,""113"":100,""303"":1,""383"":3,""1149"":7,""181"":12,""182"":8,""66"":14848,""24"":66,""206"":48740,""67"":4128,""68"":0,""13"":770,""17"":-92,""18"":-110,""19"":45,""15"":1000,""241"":26806,""199"":13557,""16"":163177,""12"":11272,""449"":0,""636"":609823,""1148"":78,""11"":8935106000,""14"":1160700155,""387"":""2b3430323138312e353530302d303038343236372e313333332b3030302e3034312f""}"
2026-07-01T07:22:41Z,862272088542776,Codec8E,2026-06-30 15:50:29.000 UTC,1782834629000,0,40.2180833,-8.4260650,43,95,11,67,0,"{""239"":1,""240"":1,""21"":4,""200"":0,""69"":1,""237"":2,""113"":100,""303"":1,""383"":3,""1149"":7,""181"":22,""182"":8,""66"":14879,""24"":67,""206"":48740,""67"":4128,""68"":0,""13"":770,""17"":-76,""18"":-166,""19"":34,""15"":1000,""241"":26806,""199"":13613,""16"":163233,""12"":11272,""449"":0,""636"":609823,""1148"":78,""11"":8935106000,""14"":1160700155,""387"":""2b3430323138302e383333332d303038343236302e363530302b3030302e3034332f""}"
2026-07-01T07:22:41Z,862272088542776,Codec8E,2026-06-30 15:50:31.000 UTC,1782834631000,0,40.2181016,-8.4256366,44,81,12,67,0,"{""239"":1,""240"":1,""21"":4,""200"":0,""69"":1,""237"":2,""113"":100,""303"":1,""383"":3,""1149"":7,""181"":11,""182"":8,""66"":14858,""24"":67,""206"":48740,""67"":4128,""68"":0,""13"":770,""17"":-67,""18"":-87,""19"":71,""15"":1000,""241"":26806,""199"":13649,""16"":163269,""12"":11272,""449"":0,""636"":609823,""1148"":78,""11"":8935106000,""14"":1160700155,""387"":""2b3430323138312e303136372d303038343235362e333636372b3030302e3034342f""}"
2026-07-01T07:22:41Z,862272088542776,Codec8E,2026-06-30 15:50:37.000 UTC,1782834637000,0,40.2184116,-8.4243916,47,73,11,66,0,"{""239"":1,""240"":1,""21"":4,""200"":0,""69"":1,""237"":2,""113"":100,""303"":1,""383"":3,""1149"":7,""181"":11,""182"":8,""66"":14827,""24"":66,""206"":48740,""67"":4128,""68"":0,""13"":770,""17"":-59,""18"":-18,""19"":89,""15"":1000,""241"":26806,""199"":13761,""16"":163381,""12"":11272,""449"":0,""636"":609823,""1148"":78,""11"":8935106000,""14"":1160700155,""387"":""2b3430323138342e313136372d303038343234332e393136372b3030302e3034372f""}"
2026-07-01T07:22:41Z,862272088542776,Codec8E,2026-06-30 15:50:43.000 UTC,1782834643000,0,40.2186883,-8.4231199,50,73,12,66,0,"{""239"":1,""240"":1,""21"":4,""200"":0,""69"":1,""237"":2,""113"":100,""303"":1,""383"":3,""1149"":7,""181"":11,""182"":8,""66"":14816,""24"":66,""206"":48740,""67"":4128,""68"":0,""13"":770,""17"":-106,""18"":-62,""19"":42,""15"":1000,""241"":26806,""199"":13874,""16"":163494,""12"":11272,""449"":0,""636"":609823,""1148"":78,""11"":8935106000,""14"":1160700155,""387"":""2b3430323138362e383833332d303038343233312e323030302b3030302e3035302f""}"
2026-07-01T07:22:41Z,862272088542776,Codec8E,2026-06-30 15:50:49.000 UTC,1782834649000,0,40.2189683,-8.4218250,55,73,11,66,0,"{""239"":1,""240"":1,""21"":4,""200"":0,""69"":1,""237"":2,""113"":100,""303"":1,""383"":3,""1149"":7,""181"":12,""182"":9,""66"":14818,""24"":66,""206"":48740,""67"":4128,""68"":0,""13"":770,""17"":-95,""18"":-15,""19"":54,""15"":1000,""241"":26806,""199"":13988,""16"":163608,""12"":11272,""449"":0,""636"":609823,""1148"":78,""11"":8935106000,""14"":1160700155,""387"":""2b3430323138392e363833332d303038343231382e323530302b3030302e3035352f""}"
2026-07-01T07:22:43Z,862272088542776,Codec8E,2026-06-30 15:50:54.000 UTC,1782834654000,0,40.2191183,-8.4207533,59,87,11,66,0,"{""239"":1,""240"":1,""21"":4,""200"":0,""69"":1,""237"":2,""113"":100,""303"":1,""383"":3,""1149"":7,""181"":11,""182"":8,""66"":14816,""24"":66,""206"":48740,""67"":4128,""68"":0,""13"":770,""17"":-99,""18"":97,""19"":53,""15"":1000,""241"":26806,""199"":14081,""16"":163701,""12"":11272,""449"":0,""636"":609823,""1148"":78,""11"":8935106000,""14"":1160700155,""387"":""2b3430323139312e313833332d303038343230372e353333332b3030302e3035392f""}"
2026-07-01T07:22:43Z,862272088542776,Codec8E,2026-06-30 15:50:57.000 UTC,1782834657000,0,40.2190833,-8.4201383,60,102,12,66,0,"{""239"":1,""240"":1,""21"":4,""200"":0,""69"":1,""237"":2,""113"":100,""303"":1,""383"":3,""1149"":7,""181"":11,""182"":8,""66"":14817,""24"":66,""206"":48740,""67"":4128,""68"":0,""13"":770,""17"":-102,""18"":130,""19"":154,""15"":1000,""241"":26806,""199"":14133,""16"":163753,""12"":11272,""449"":0,""636"":609823,""1148"":78,""11"":8935106000,""14"":1160700155,""387"":""2b3430323139302e383333332d303038343230312e333833332b3030302e3036302f""}"
2026-07-01T07:22:43Z,862272088542776,Codec8E,2026-06-30 15:51:00.000 UTC,1782834660000,0,40.2189066,-8.4195350,65,114,11,66,0,"{""239"":1,""240"":1,""21"":4,""200"":0,""69"":1,""237"":2,""113"":100,""303"":1,""383"":3,""1149"":7,""181"":12,""182"":8,""66"":14817,""24"":66,""206"":48740,""67"":4128,""68"":0,""13"":770,""17"":-84,""18"":50,""19"":69,""15"":1000,""241"":26806,""199"":14188,""16"":163808,""12"":11272,""449"":0,""636"":609823,""1148"":78,""11"":8935106000,""14"":1160700155,""387"":""2b3430323138392e303636372d303038343139352e333530302b3030302e3036352f""}"
2026-07-01T07:22:43Z,862272088542776,Codec8E,2026-06-30 15:51:04.000 UTC,1782834664000,0,40.2185650,-8.4187833,69,124,10,67,0,"{""239"":1,""240"":1,""21"":4,""200"":0,""69"":1,""237"":2,""113"":100,""303"":1,""383"":3,""1149"":7,""181"":13,""182"":9,""66"":14874,""24"":67,""206"":48740,""67"":4128,""68"":0,""13"":770,""17"":-114,""18"":14,""19"":21,""15"":1000,""241"":26806,""199"":14263,""16"":163883,""12"":11272,""449"":0,""636"":310315,""1148"":78,""11"":8935106000,""14"":1160700155,""387"":""2b3430323138352e363530302d303038343138372e383333332b3030302e3036392f""}"
2026-07-01T07:22:43Z,862272088542776,Codec8E,2026-06-30 15:51:10.000 UTC,1782834670000,0,40.2180016,-8.4177116,75,119,10,65,0,"{""239"":1,""240"":1,""21"":4,""200"":0,""69"":1,""237"":2,""113"":100,""303"":1,""383"":3,""1149"":7,""181"":12,""182"":9,""66"":14826,""24"":65,""206"":48740,""67"":4128,""68"":0,""13"":770,""17"":-137,""18"":-148,""19"":32,""15"":1000,""241"":26806,""199"":14373,""16"":163993,""12"":11272,""449"":0,""636"":609293,""1148"":78,""11"":8935106000,""14"":1160700155,""387"":""2b3430323138302e303136372d303038343137372e313136372b3030302e3037352f""}"
2026-07-01T07:22:45Z,862272088542776,Codec8E,2026-06-30 15:51:14.000 UTC,1782834674000,0,40.2177666,-8.4169000,78,107,11,65,0,"{""239"":1,""240"":1,""21"":4,""200"":0,""69"":1,""237"":2,""113"":100,""303"":1,""383"":3,""1149"":7,""181"":12,""182"":8,""66"":14818,""24"":65,""206"":48740,""67"":4128,""68"":0,""13"":770,""17"":-134,""18"":-123,""19"":105,""15"":1000,""241"":26806,""199"":14447,""16"":164067,""12"":11272,""449"":0,""636"":609293,""1148"":78,""11"":8935106000,""14"":1160700155,""387"":""2b3430323137372e363636372d303038343136392e303030302b3030302e3037382f""}"
2026-07-01T07:22:45Z,862272088542776,Codec8E,2026-06-30 15:51:17.000 UTC,1782834677000,0,40.2177099,-8.4162466,81,93,11,64,0,"{""239"":1,""240"":1,""21"":4,""200"":0,""69"":1,""237"":2,""113"":100,""303"":1,""383"":3,""1149"":7,""181"":12,""182"":8,""66"":14837,""24"":64,""206"":48740,""67"":4128,""68"":0,""13"":770,""17"":-128,""18"":-99,""19"":102,""15"":1000,""241"":26806,""199"":14503,""16"":164123,""12"":11272,""449"":0,""636"":609293,""1148"":78,""11"":8935106000,""14"":1160700155,""387"":""2b3430323137372e313030302d303038343136322e343636372b3030302e3038312f""}"
2026-07-01T07:22:45Z,862272088542776,Codec8E,2026-06-30 15:51:21.000 UTC,1782834681000,0,40.2177866,-8.4153549,88,80,12,64,0,"{""239"":1,""240"":1,""21"":4,""200"":0,""69"":1,""237"":2,""113"":100,""303"":1,""383"":3,""1149"":7,""181"":11,""182"":8,""66"":14849,""24"":64,""206"":48740,""67"":4128,""68"":0,""13"":770,""17"":31,""18"":-29,""19"":70,""15"":1000,""241"":26806,""199"":14579,""16"":164199,""12"":11272,""449"":0,""636"":609303,""1148"":78,""11"":8935106000,""14"":1160700155,""387"":""2b3430323137372e383636372d303038343135332e353530302b3030302e3038382f""}"
2026-07-01T07:22:45Z,862272088542776,Codec8E,2026-06-30 15:51:26.000 UTC,1782834686000,0,40.2179533,-8.4144666,100,85,12,52,0,"{""239"":1,""240"":1,""21"":5,""200"":0,""69"":1,""237"":2,""113"":100,""303"":1,""383"":3,""1149"":1,""181"":11,""182"":8,""66"":14864,""24"":52,""206"":48740,""67"":4128,""68"":0,""13"":770,""17"":-28,""18"":-31,""19"":13,""15"":1000,""241"":26806,""199"":14657,""16"":164277,""12"":11272,""449"":0,""636"":609323,""1148"":25,""11"":8935106000,""14"":1160700155,""387"":""2b3430323137392e353333332d303038343134342e363636372b3030302e3130302f""}"
2026-07-01T07:22:45Z,862272088542776,Codec8E,2026-06-30 15:51:29.000 UTC,1782834689000,0,40.2179699,-8.4141650,101,92,12,39,0,"{""239"":1,""240"":1,""21"":5,""200"":0,""69"":1,""237"":2,""113"":100,""303"":1,""383"":3,""1149"":1,""181"":11,""182"":8,""66"":14836,""24"":39,""206"":48740,""67"":4128,""68"":0,""13"":770,""17"":45,""18"":-22,""19"":64,""15"":1000,""241"":26806,""199"":14683,""16"":164303,""12"":11272,""449"":0,""636"":609323,""1148"":25,""11"":8935106000,""14"":1160700155,""387"":""2b3430323137392e373030302d303038343134312e363530302b3030302e3130312f""}"
2026-07-01T07:22:46Z,862272088542776,Codec8E,2026-06-30 15:51:32.000 UTC,1782834692000,0,40.2179500,-8.4139266,102,90,12,29,0,"{""239"":1,""240"":1,""21"":5,""200"":0,""69"":1,""237"":2,""113"":100,""303"":1,""383"":3,""1149"":1,""181"":16,""182"":8,""66"":14838,""24"":29,""206"":48740,""67"":4128,""68"":0,""13"":770,""17"":40,""18"":-48,""19"":-10,""15"":1000,""241"":26806,""199"":14703,""16"":164323,""12"":11272,""449"":0,""636"":609323,""1148"":25,""11"":8935106000,""14"":1160700155,""387"":""2b3430323137392e353030302d303038343133392e323636372b3030302e3130322f""}"
2026-07-01T07:22:46Z,862272088542776,Codec8E,2026-06-30 15:51:35.000 UTC,1782834695000,0,40.2179383,-8.4137966,102,92,12,19,0,"{""239"":1,""240"":1,""21"":5,""200"":0,""69"":1,""237"":2,""113"":100,""303"":1,""383"":3,""1149"":1,""181"":16,""182"":8,""66"":14884,""24"":19,""206"":48740,""67"":4128,""68"":0,""13"":770,""17"":19,""18"":-51,""19"":23,""15"":1000,""241"":26806,""199"":14714,""16"":164334,""12"":11272,""449"":0,""636"":310315,""1148"":25,""11"":8935106000,""14"":1160700155,""387"":""2b3430323137392e333833332d303038343133372e393636372b3030302e3130322f""}"
2026-07-01T07:22:46Z,862272088542776,Codec8E,2026-06-30 15:51:36.000 UTC,1782834696000,0,40.2179266,-8.4137716,102,106,12,16,0,"{""239"":1,""240"":1,""21"":5,""200"":0,""69"":1,""237"":2,""113"":100,""303"":1,""383"":3,""1149"":1,""181"":16,""182"":8,""66"":14804,""24"":16,""206"":48740,""67"":4128,""68"":0,""13"":770,""17"":7,""18"":-49,""19"":6,""15"":1000,""241"":26806,""199"":14714,""16"":164334,""12"":11272,""449"":0,""636"":310315,""1148"":25,""11"":8935106000,""14"":1160700155,""387"":""2b3430323137392e323636372d303038343133372e373136372b3030302e3130322f""}"
2026-07-01T07:22:46Z,862272088542776,Codec8E,2026-06-30 15:51:37.000 UTC,1782834697000,0,40.2179166,-8.4137566,102,102,12,13,303,"{""239"":1,""240"":1,""21"":5,""200"":0,""69"":1,""237"":2,""113"":100,""303"":0,""383"":3,""1149"":1,""181"":11,""182"":7,""66"":14857,""24"":13,""206"":48740,""67"":4128,""68"":0,""13"":770,""17"":-84,""18"":-38,""19"":4,""15"":1000,""241"":26806,""199"":14718,""16"":164338,""12"":11272,""449"":0,""636"":310315,""1148"":25,""11"":8935106000,""14"":1160700155,""387"":""2b3430323137392e313636372d303038343133372e353636372b3030302e3130322f""}"
2026-07-01T07:22:46Z,862272088542776,Codec8E,2026-06-30 15:51:44.000 UTC,1782834704000,0,40.2178600,-8.4137016,104,102,12,3,0,"{""239"":1,""240"":1,""21"":5,""200"":0,""69"":1,""237"":2,""113"":100,""303"":0,""383"":3,""1149"":1,""181"":11,""182"":7,""66"":14814,""24"":3,""206"":48740,""67"":4128,""68"":0,""13"":770,""17"":-27,""18"":-47,""19"":8,""15"":1000,""241"":26806,""199"":14722,""16"":164342,""12"":11272,""449"":0,""636"":310315,""1148"":25,""11"":8935106000,""14"":1160700155,""387"":""2b3430323137382e363030302d303038343133372e303136372b3030302e3130342f""}"
2026-07-01T07:22:46Z,862272088542776,Codec8E,2026-06-30 15:51:58.000 UTC,1782834718000,0,40.2178616,-8.4137000,104,102,13,0,303,"{""239"":1,""240"":1,""21"":5,""200"":0,""69"":1,""237"":2,""113"":100,""303"":1,""383"":3,""1149"":1,""181"":11,""182"":7,""66"":14807,""24"":0,""206"":48740,""67"":4128,""68"":0,""13"":699,""17"":-102,""18"":-89,""19"":4,""15"":1000,""241"":26806,""199"":14722,""16"":164342,""12"":11275,""449"":0,""636"":310315,""1148"":65,""11"":8935106000,""14"":1160700155,""387"":""2b3430323137382e363136372d303038343133372e303030302b3030302e3130342f""}"
2026-07-01T07:22:46Z,862272088542776,Codec8E,2026-06-30 15:52:04.000 UTC,1782834724000,0,40.2178616,-8.4137000,104,102,10,0,303,"{""239"":1,""240"":1,""21"":5,""200"":0,""69"":1,""237"":2,""113"":100,""303"":0,""383"":3,""1149"":1,""181"":12,""182"":8,""66"":14816,""24"":0,""206"":48740,""67"":4128,""68"":0,""13"":699,""17"":-83,""18"":-87,""19"":1,""15"":1000,""241"":26806,""199"":14722,""16"":164342,""12"":11276,""449"":0,""636"":310315,""1148"":65,""11"":8935106000,""14"":1160700155,""387"":""2b3430323137382e363136372d303038343133372e303030302b3030302e3130342f""}"
2026-07-01T07:22:46Z,862272088542776,Codec8E,2026-06-30 15:52:22.000 UTC,1782834742000,0,40.2178600,-8.4135850,105,115,14,4,303,"{""239"":1,""240"":1,""21"":5,""200"":0,""69"":1,""237"":2,""113"":100,""303"":1,""383"":3,""1149"":1,""181"":11,""182"":7,""66"":14832,""24"":4,""206"":48740,""67"":4128,""68"":0,""13"":700,""17"":-51,""18"":-10,""19"":25,""15"":1000,""241"":26806,""199"":14722,""16"":164342,""12"":11281,""449"":0,""636"":609323,""1148"":65,""11"":8935106000,""14"":1160700155,""387"":""2b3430323137382e363030302d303038343133352e383530302b3030302e3130352f""}"
2026-07-01T07:22:46Z,862272088542776,Codec8E,2026-06-30 15:52:33.000 UTC,1782834753000,0,40.2177800,-8.4134116,107,138,11,6,0,"{""239"":1,""240"":1,""21"":5,""200"":0,""69"":1,""237"":2,""113"":100,""303"":1,""383"":3,""1149"":1,""181"":18,""182"":9,""66"":14818,""24"":6,""206"":48740,""67"":4128,""68"":0,""13"":700,""17"":-54,""18"":-4,""19"":-20,""15"":1000,""241"":26806,""199"":14752,""16"":164372,""12"":11281,""449"":0,""636"":609323,""1148"":67,""11"":8935106000,""14"":1160700155,""387"":""2b3430323137372e383030302d303038343133342e313136372b3030302e3130372f""}"
2026-07-01T07:22:46Z,862272088542776,Codec8E,2026-06-30 15:52:41.000 UTC,1782834761000,0,40.2177633,-8.4133849,109,184,12,0,303,"{""239"":1,""240"":1,""21"":5,""200"":0,""69"":1,""237"":2,""113"":100,""303"":0,""383"":3,""1149"":1,""181"":12,""182"":8,""66"":14834,""24"":0,""206"":48740,""67"":4128,""68"":0,""13"":700,""17"":-99,""18"":17,""19"":2,""15"":1000,""241"":26806,""199"":14752,""16"":164372,""12"":11281,""449"":0,""636"":609323,""1148"":67,""11"":8935106000,""14"":1160700155,""387"":""2b3430323137372e363333332d303038343133332e383530302b3030302e3130392f""}"
2026-07-01T07:22:47Z,862272088542776,Codec8E,2026-06-30 15:53:30.000 UTC,1782834810000,0,40.2173350,-8.4131349,108,176,12,8,303,"{""239"":1,""240"":1,""21"":5,""200"":0,""69"":1,""237"":2,""113"":100,""303"":1,""383"":3,""1149"":1,""181"":17,""182"":8,""66"":14814,""24"":8,""206"":48740,""67"":4128,""68"":0,""13"":700,""17"":-83,""18"":-80,""19"":35,""15"":1000,""241"":26806,""199"":14810,""16"":164430,""12"":11286,""449"":0,""636"":609321,""1148"":71,""11"":8935106000,""14"":1160700155,""387"":""2b3430323137332e333530302d303038343133312e333530302b3030302e3130382f""}"
2026-07-01T07:22:47Z,862272088542776,Codec8E,2026-06-30 15:53:41.000 UTC,1782834821000,0,40.2169949,-8.4131366,110,188,10,13,0,"{""239"":1,""240"":1,""21"":5,""200"":0,""69"":1,""237"":2,""113"":100,""303"":1,""383"":3,""1149"":1,""181"":23,""182"":16,""66"":14829,""24"":13,""206"":48740,""67"":4128,""68"":0,""13"":700,""17"":28,""18"":-55,""19"":32,""15"":1000,""241"":26806,""199"":14848,""16"":164468,""12"":11286,""449"":0,""636"":609323,""1148"":71,""11"":8935106000,""14"":1160700155,""387"":""2b3430323136392e393530302d303038343133312e333636372b3030302e3131302f""}"
2026-07-01T07:22:47Z,862272088542776,Codec8E,2026-06-30 15:53:48.000 UTC,1782834828000,0,40.2169116,-8.4131349,109,186,11,3,0,"{""239"":1,""240"":1,""21"":5,""200"":0,""69"":1,""237"":2,""113"":100,""303"":1,""383"":3,""1149"":1,""181"":13,""182"":10,""66"":14807,""24"":3,""206"":48740,""67"":4128,""68"":0,""13"":700,""17"":-43,""18"":-62,""19"":2,""15"":1000,""241"":26806,""199"":14858,""16"":164478,""12"":11286,""449"":0,""636"":609311,""1148"":71,""11"":8935106000,""14"":1160700155,""387"":""2b3430323136392e313136372d303038343133312e333530302b3030302e3130392f""}"
2026-07-01T07:22:47Z,862272088542776,Codec8E,2026-06-30 15:53:51.000 UTC,1782834831000,0,40.2169116,-8.4131349,109,186,11,1,303,"{""239"":1,""240"":1,""21"":5,""200"":0,""69"":1,""237"":2,""113"":100,""303"":0,""383"":3,""1149"":1,""181"":13,""182"":10,""66"":14813,""24"":1,""206"":48740,""67"":4128,""68"":0,""13"":700,""17"":-43,""18"":-62,""19"":5,""15"":1000,""241"":26806,""199"":14858,""16"":164478,""12"":11286,""449"":0,""636"":609311,""1148"":71,""11"":8935106000,""14"":1160700155,""387"":""2b3430323136392e313136372d303038343133312e333530302b3030302e3130392f""}"
2026-07-01T07:22:47Z,862272088542776,Codec8E,2026-06-30 15:54:17.000 UTC,1782834857000,0,40.2166866,-8.4131716,112,191,10,11,0,"{""239"":1,""240"":1,""21"":4,""200"":0,""69"":1,""237"":2,""113"":100,""303"":0,""383"":3,""1149"":7,""181"":20,""182"":12,""66"":14838,""24"":11,""206"":48740,""67"":4128,""68"":0,""13"":700,""17"":-91,""18"":-37,""19"":12,""15"":1000,""241"":26806,""199"":14883,""16"":164503,""12"":11291,""449"":0,""636"":609311,""1148"":77,""11"":8935106000,""14"":1160700155,""387"":""2b3430323136362e383636372d303038343133312e373136372b3030302e3131322f""}"
2026-07-01T07:22:47Z,862272088542776,Codec8E,2026-06-30 15:54:20.000 UTC,1782834860000,0,40.2165433,-8.4132166,114,183,11,13,303,"{""239"":1,""240"":1,""21"":4,""200"":0,""69"":1,""237"":2,""113"":100,""303"":1,""383"":3,""1149"":7,""181"":17,""182"":8,""66"":14821,""24"":13,""206"":48740,""67"":4128,""68"":0,""13"":700,""17"":-92,""18"":-24,""19"":7,""15"":1000,""241"":26806,""199"":14899,""16"":164519,""12"":11291,""449"":0,""636"":609311,""1148"":77,""11"":8935106000,""14"":1160700155,""387"":""2b3430323136352e343333332d303038343133322e313636372b3030302e3131342f""}"
2026-07-01T07:22:47Z,862272088542776,Codec8E,2026-06-30 15:54:37.000 UTC,1782834877000,0,40.2159633,-8.4133300,119,187,10,3,303,"{""239"":1,""240"":1,""21"":4,""200"":0,""69"":1,""237"":2,""113"":100,""303"":0,""383"":3,""1149"":7,""181"":12,""182"":8,""66"":14842,""24"":3,""206"":48740,""67"":4128,""68"":0,""13"":700,""17"":-51,""18"":-31,""19"":4,""15"":1000,""241"":26806,""199"":14965,""16"":164585,""12"":11291,""449"":0,""636"":609313,""1148"":80,""11"":8935106000,""14"":1160700155,""387"":""2b3430323135392e363333332d303038343133332e333030302b3030302e3131392f""}"
2026-07-01T07:22:47Z,862272088542776,Codec8E,2026-06-30 15:55:00.000 UTC,1782834900000,0,40.2159633,-8.4133300,119,180,11,1,303,"{""239"":1,""240"":1,""21"":4,""200"":0,""69"":1,""237"":2,""113"":100,""303"":1,""383"":3,""1149"":7,""181"":12,""182"":8,""66"":14816,""24"":1,""206"":48740,""67"":4128,""68"":0,""13"":700,""17"":-215,""18"":-34,""19"":9,""15"":1000,""241"":26806,""199"":14965,""16"":164585,""12"":11296,""449"":0,""636"":609313,""1148"":80,""11"":8935106000,""14"":1160700155,""387"":""2b3430323135392e363333332d303038343133332e333030302b3030302e3131392f""}"
2026-07-01T07:22:47Z,862272088542776,Codec8E,2026-06-30 15:55:04.000 UTC,1782834904000,0,40.2158516,-8.4133916,120,191,11,9,0,"{""239"":1,""240"":1,""21"":4,""200"":0,""69"":1,""237"":2,""113"":100,""303"":1,""383"":3,""1149"":7,""181"":21,""182"":8,""66"":14816,""24"":9,""206"":48740,""67"":4128,""68"":0,""13"":700,""17"":-210,""18"":-46,""19"":92,""15"":1000,""241"":26806,""199"":14979,""16"":164599,""12"":11296,""449"":0,""636"":609313,""1148"":80,""11"":8935106000,""14"":1160700155,""387"":""2b3430323135382e353136372d303038343133332e393136372b3030302e3132302f""}"
2026-07-01T07:22:47Z,862272088542776,Codec8E,2026-06-30 15:55:07.000 UTC,1782834907000,0,40.2156116,-8.4134316,120,187,11,21,0,"{""239"":1,""240"":1,""21"":4,""200"":0,""69"":1,""237"":2,""113"":100,""303"":1,""383"":3,""1149"":7,""181"":21,""182"":8,""66"":14833,""24"":21,""206"":48740,""67"":4128,""68"":0,""13"":700,""17"":-77,""18"":-45,""19"":60,""15"":1000,""241"":26806,""199"":15006,""16"":164626,""12"":11296,""449"":0,""636"":609313,""1148"":80,""11"":8935106000,""14"":1160700155,""387"":""2b3430323135362e313136372d303038343133342e333136372b3030302e3132302f""}"
2026-07-01T07:22:49Z,862272088542776,Codec8E,2026-06-30 15:55:10.000 UTC,1782834910000,0,40.2153133,-8.4134866,121,184,10,31,0,"{""239"":1,""240"":1,""21"":4,""200"":0,""69"":1,""237"":2,""113"":100,""303"":1,""383"":3,""1149"":7,""181"":13,""182"":9,""66"":14857,""24"":31,""206"":48740,""67"":4128,""68"":0,""13"":700,""17"":-44,""18"":47,""19"":-45,""15"":1000,""241"":26806,""199"":15040,""16"":164660,""12"":11296,""449"":0,""636"":609313,""1148"":80,""11"":8935106000,""14"":1160700155,""387"":""2b3430323135332e313333332d303038343133342e383636372b3030302e3132312f""}"
2026-07-01T07:22:49Z,862272088542776,Codec8E,2026-06-30 15:55:13.000 UTC,1782834913000,0,40.2150250,-8.4135483,121,196,11,35,0,"{""239"":1,""240"":1,""21"":4,""200"":0,""69"":1,""237"":2,""113"":100,""303"":1,""383"":3,""1149"":7,""181"":18,""182"":8,""66"":14815,""24"":35,""206"":48740,""67"":4128,""68"":0,""13"":700,""17"":-80,""18"":120,""19"":74,""15"":1000,""241"":26806,""199"":15072,""16"":164692,""12"":11296,""449"":0,""636"":609313,""1148"":80,""11"":8935106000,""14"":1160700155,""387"":""2b3430323135302e323530302d303038343133352e343833332b3030302e3132312f""}"
2026-07-01T07:22:49Z,862272088542776,Codec8E,2026-06-30 15:55:15.000 UTC,1782834915000,0,40.2148549,-8.4136066,122,206,12,35,0,"{""239"":1,""240"":1,""21"":4,""200"":0,""69"":1,""237"":2,""113"":100,""303"":1,""383"":3,""1149"":7,""181"":11,""182"":8,""66"":14819,""24"":35,""206"":48740,""67"":4128,""68"":0,""13"":700,""17"":-53,""18"":-56,""19"":21,""15"":1000,""241"":26806,""199"":15092,""16"":164712,""12"":11296,""449"":0,""636"":609313,""1148"":80,""11"":8935106000,""14"":1160700155,""387"":""2b3430323134382e353530302d303038343133362e303636372b3030302e3132322f""}"
2026-07-01T07:22:49Z,862272088542776,Codec8E,2026-06-30 15:55:22.000 UTC,1782834922000,0,40.2144766,-8.4138816,124,217,13,24,0,"{""239"":1,""240"":1,""21"":4,""200"":0,""69"":1,""237"":2,""113"":100,""303"":1,""383"":3,""1149"":7,""181"":15,""182"":7,""66"":14827,""24"":24,""206"":48740,""67"":4128,""68"":0,""13"":700,""17"":23,""18"":172,""19"":19,""15"":1000,""241"":26806,""199"":15140,""16"":164760,""12"":11296,""449"":0,""636"":609321,""1148"":80,""11"":8935106000,""14"":1160700155,""387"":""2b3430323134342e373636372d303038343133382e383136372b3030302e3132342f""}"
2026-07-01T07:22:49Z,862272088542776,Codec8E,2026-06-30 15:55:23.000 UTC,1782834923000,0,40.2144483,-8.4139250,125,234,13,22,0,"{""239"":1,""240"":1,""21"":4,""200"":0,""69"":1,""237"":2,""113"":100,""303"":1,""383"":3,""1149"":7,""181"":15,""182"":7,""66"":14897,""24"":22,""206"":48740,""67"":4128,""68"":0,""13"":700,""17"":-99,""18"":-73,""19"":80,""15"":1000,""241"":26806,""199"":15145,""16"":164765,""12"":11296,""449"":0,""636"":609321,""1148"":80,""11"":8935106000,""14"":1160700155,""387"":""2b3430323134342e343833332d303038343133392e323530302b3030302e3132352f""}"
2026-07-01T07:22:50Z,862272088542776,Codec8E,2026-06-30 15:55:24.000 UTC,1782834924000,0,40.2144316,-8.4139683,125,245,13,20,0,"{""239"":1,""240"":1,""21"":5,""200"":0,""69"":1,""237"":2,""113"":100,""303"":1,""383"":3,""1149"":1,""181"":11,""182"":7,""66"":14823,""24"":20,""206"":48740,""67"":4128,""68"":0,""13"":700,""17"":-73,""18"":-112,""19"":88,""15"":1000,""241"":26806,""199"":15149,""16"":164769,""12"":11296,""449"":0,""636"":609321,""1148"":63,""11"":8935106000,""14"":1160700155,""387"":""2b3430323134342e333136372d303038343133392e363833332b3030302e3132352f""}"
2026-07-01T07:22:50Z,862272088542776,Codec8E,2026-06-30 15:55:25.000 UTC,1782834925000,0,40.2144300,-8.4140216,124,260,13,19,0,"{""239"":1,""240"":1,""21"":5,""200"":0,""69"":1,""237"":2,""113"":100,""303"":1,""383"":3,""1149"":1,""181"":15,""182"":7,""66"":14827,""24"":19,""206"":48740,""67"":4128,""68"":0,""13"":700,""17"":-78,""18"":-220,""19"":106,""15"":1000,""241"":26806,""199"":15153,""16"":164773,""12"":11296,""449"":0,""636"":609321,""1148"":63,""11"":8935106000,""14"":1160700155,""387"":""2b3430323134342e333030302d303038343134302e323136372b3030302e3132342f""}"
2026-07-01T07:22:50Z,862272088542776,Codec8E,2026-06-30 15:55:26.000 UTC,1782834926000,0,40.2144300,-8.4140666,124,278,13,18,0,"{""239"":1,""240"":1,""21"":5,""200"":0,""69"":1,""237"":2,""113"":100,""303"":1,""383"":3,""1149"":1,""181"":15,""182"":7,""66"":14825,""24"":18,""206"":48740,""67"":4128,""68"":0,""13"":700,""17"":-90,""18"":-147,""19"":35,""15"":1000,""241"":26806,""199"":15157,""16"":164777,""12"":11296,""449"":0,""636"":609321,""1148"":63,""11"":8935106000,""14"":1160700155,""387"":""2b3430323134342e333030302d303038343134302e363636372b3030302e3132342f""}"
2026-07-01T07:22:50Z,862272088542776,Codec8E,2026-06-30 15:55:30.000 UTC,1782834930000,0,40.2144616,-8.4143316,123,264,11,21,0,"{""239"":1,""240"":1,""21"":5,""200"":0,""69"":1,""237"":2,""113"":100,""303"":1,""383"":3,""1149"":1,""181"":12,""182"":9,""66"":14814,""24"":21,""206"":48740,""67"":4128,""68"":0,""13"":700,""17"":118,""18"":39,""19"":173,""15"":1000,""241"":26806,""199"":15180,""16"":164800,""12"":11296,""449"":0,""636"":609323,""1148"":63,""11"":8935106000,""14"":1160700155,""387"":""2b3430323134342e363136372d303038343134332e333136372b3030302e3132332f""}"
2026-07-01T07:22:50Z,862272088542776,Codec8E,2026-06-30 15:55:41.000 UTC,1782834941000,0,40.2144566,-8.4153600,121,272,8,32,0,"{""239"":1,""240"":1,""21"":5,""200"":0,""69"":1,""237"":2,""113"":100,""303"":1,""383"":3,""1149"":1,""181"":15,""182"":12,""66"":14816,""24"":32,""206"":48740,""67"":4128,""68"":0,""13"":700,""17"":-99,""18"":18,""19"":51,""15"":1000,""241"":26806,""199"":15268,""16"":164888,""12"":11296,""449"":0,""636"":310314,""1148"":63,""11"":8935106000,""14"":1160700155,""387"":""2b3430323134342e353636372d303038343135332e363030302b3030302e3132312f""}"
2026-07-01T07:22:51Z,862272088542776,Codec8E,2026-06-30 15:55:50.000 UTC,1782834950000,0,40.2145333,-8.4165866,122,275,9,37,0,"{""239"":1,""240"":1,""21"":5,""200"":0,""69"":1,""237"":2,""113"":100,""303"":1,""383"":3,""1149"":1,""181"":20,""182"":11,""66"":14815,""24"":37,""206"":48740,""67"":4128,""68"":0,""13"":700,""17"":320,""18"":-19,""19"":40,""15"":1000,""241"":26806,""199"":15372,""16"":164992,""12"":11296,""449"":0,""636"":609323,""1148"":63,""11"":8935106000,""14"":1160700155,""387"":""2b3430323134352e333333332d303038343136352e383636372b3030302e3132322f""}"
2026-07-01T07:22:51Z,862272088542776,Codec8E,2026-06-30 15:55:53.000 UTC,1782834953000,0,40.2145516,-8.4167316,123,317,10,25,0,"{""239"":1,""240"":1,""21"":5,""200"":0,""69"":1,""237"":2,""113"":100,""303"":1,""383"":3,""1149"":1,""181"":18,""182"":10,""66"":14811,""24"":25,""206"":48740,""67"":4128,""68"":0,""13"":700,""17"":-51,""18"":-25,""19"":8,""15"":1000,""241"":26806,""199"":15389,""16"":165009,""12"":11296,""449"":0,""636"":609323,""1148"":63,""11"":8935106000,""14"":1160700155,""387"":""2b3430323134352e353136372d303038343136372e333136372b3030302e3132332f""}"
2026-07-01T07:22:51Z,862272088542776,Codec8E,2026-06-30 15:55:55.000 UTC,1782834955000,0,40.2145483,-8.4167433,124,317,9,14,0,"{""239"":1,""240"":1,""21"":5,""200"":0,""69"":1,""237"":2,""113"":100,""303"":1,""383"":3,""1149"":1,""181"":15,""182"":13,""66"":14818,""24"":14,""206"":48740,""67"":4128,""68"":0,""13"":700,""17"":-311,""18"":-28,""19"":16,""15"":1000,""241"":26806,""199"":15389,""16"":165009,""12"":11296,""449"":0,""636"":609323,""1148"":69,""11"":8935106000,""14"":1160700155,""387"":""2b3430323134352e343833332d303038343136372e343333332b3030302e3132342f""}"
2026-07-01T07:22:51Z,862272088542776,Codec8E,2026-06-30 15:55:56.000 UTC,1782834956000,0,40.2145616,-8.4167766,125,286,9,13,0,"{""239"":1,""240"":1,""21"":5,""200"":0,""69"":1,""237"":2,""113"":100,""303"":1,""383"":3,""1149"":1,""181"":15,""182"":13,""66"":14814,""24"":13,""206"":48740,""67"":4128,""68"":0,""13"":700,""17"":-299,""18"":-47,""19"":29,""15"":1000,""241"":26806,""199"":15393,""16"":165013,""12"":11296,""449"":0,""636"":609323,""1148"":69,""11"":8935106000,""14"":1160700155,""387"":""2b3430323134352e363136372d303038343136372e373636372b3030302e3132352f""}"
2026-07-01T07:22:51Z,862272088542776,Codec8E,2026-06-30 15:55:58.000 UTC,1782834958000,0,40.2145616,-8.4169166,125,276,9,17,0,"{""239"":1,""240"":1,""21"":5,""200"":0,""69"":1,""237"":2,""113"":100,""303"":1,""383"":3,""1149"":1,""181"":20,""182"":14,""66"":14823,""24"":17,""206"":48740,""67"":4128,""68"":0,""13"":700,""17"":-84,""18"":131,""19"":61,""15"":1000,""241"":26806,""199"":15405,""16"":165025,""12"":11296,""449"":0,""636"":609323,""1148"":69,""11"":8935106000,""14"":1160700155,""387"":""2b3430323134352e363136372d303038343136392e313636372b3030302e3132352f""}"
2026-07-01T07:22:52Z,862272088542776,Codec8E,2026-06-30 15:56:01.000 UTC,1782834961000,0,40.2146150,-8.4172066,125,291,10,25,0,"{""239"":1,""240"":1,""21"":5,""200"":0,""69"":1,""237"":2,""113"":100,""303"":1,""383"":3,""1149"":1,""181"":19,""182"":12,""66"":14848,""24"":25,""206"":48740,""67"":4128,""68"":0,""13"":700,""17"":-3,""18"":-50,""19"":13,""15"":1000,""241"":26806,""199"":15430,""16"":165050,""12"":11296,""449"":0,""636"":609323,""1148"":69,""11"":8935106000,""14"":1160700155,""387"":""2b3430323134362e313530302d303038343137322e303636372b3030302e3132352f""}"
2026-07-01T07:22:52Z,862272088542776,Codec8E,2026-06-30 15:56:02.000 UTC,1782834962000,0,40.2146633,-8.4172916,126,304,10,27,0,"{""239"":1,""240"":1,""21"":5,""200"":0,""69"":1,""237"":2,""113"":100,""303"":1,""383"":3,""1149"":1,""181"":19,""182"":12,""66"":14824,""24"":27,""206"":48740,""67"":4128,""68"":0,""13"":700,""17"":60,""18"":-189,""19"":29,""15"":1000,""241"":26806,""199"":15439,""16"":165059,""12"":11296,""449"":0,""636"":609323,""1148"":69,""11"":8935106000,""14"":1160700155,""387"":""2b3430323134362e363333332d303038343137322e393136372b3030302e3132362f""}"
2026-07-01T07:22:52Z,862272088542776,Codec8E,2026-06-30 15:56:06.000 UTC,1782834966000,0,40.2147366,-8.4176133,126,287,12,26,0,"{""239"":1,""240"":1,""21"":5,""200"":0,""69"":1,""237"":2,""113"":100,""303"":1,""383"":3,""1149"":1,""181"":18,""182"":8,""66"":14875,""24"":26,""206"":48740,""67"":4128,""68"":0,""13"":700,""17"":-125,""18"":-142,""19"":172,""15"":1000,""241"":26806,""199"":15470,""16"":165090,""12"":11296,""449"":0,""636"":609323,""1148"":69,""11"":8935106000,""14"":1160700155,""387"":""2b3430323134372e333636372d303038343137362e313333332b3030302e3132362f""}"
2026-07-01T07:22:52Z,862272088542776,Codec8E,2026-06-30 15:56:08.000 UTC,1782834968000,0,40.2146550,-8.4177866,124,267,12,27,0,"{""239"":1,""240"":1,""21"":5,""200"":0,""69"":1,""237"":2,""113"":100,""303"":1,""383"":3,""1149"":1,""181"":18,""182"":8,""66"":14809,""24"":27,""206"":48740,""67"":4128,""68"":0,""13"":700,""17"":22,""18"":301,""19"":90,""15"":1000,""241"":26806,""199"":15488,""16"":165108,""12"":11296,""449"":0,""636"":609323,""1148"":69,""11"":8935106000,""14"":1160700155,""387"":""2b3430323134362e353530302d303038343137372e383636372b3030302e3132342f""}"
2026-07-01T07:22:52Z,862272088542776,Codec8E,2026-06-30 15:56:09.000 UTC,1782834969000,0,40.2146116,-8.4178633,124,256,11,27,0,"{""239"":1,""240"":1,""21"":5,""200"":0,""69"":1,""237"":2,""113"":100,""303"":1,""383"":3,""1149"":1,""181"":12,""182"":8,""66"":14808,""24"":27,""206"":48740,""67"":4128,""68"":0,""13"":700,""17"":-81,""18"":293,""19"":98,""15"":1000,""241"":26806,""199"":15497,""16"":165117,""12"":11296,""449"":0,""636"":609323,""1148"":69,""11"":8935106000,""14"":1160700155,""387"":""2b3430323134362e313136372d303038343137382e363333332b3030302e3132342f""}"
2026-07-01T07:22:52Z,862272088542776,Codec8E,2026-06-30 15:56:12.000 UTC,1782834972000,0,40.2145449,-8.4181983,124,266,11,31,0,"{""239"":1,""240"":1,""21"":5,""200"":0,""69"":1,""237"":2,""113"":100,""303"":1,""383"":3,""1149"":1,""181"":12,""182"":8,""66"":14834,""24"":31,""206"":48740,""67"":4128,""68"":0,""13"":700,""17"":6,""18"":3,""19"":30,""15"":1000,""241"":26806,""199"":15526,""16"":165146,""12"":11296,""449"":0,""636"":609323,""1148"":69,""11"":8935106000,""14"":1160700155,""387"":""2b3430323134352e343530302d303038343138312e393833332b3030302e3132342f""}"
2026-07-01T07:22:52Z,862272088542776,Codec8E,2026-06-30 15:56:20.000 UTC,1782834980000,0,40.2145166,-8.4187533,126,271,11,21,0,"{""239"":1,""240"":1,""21"":5,""200"":0,""69"":1,""237"":2,""113"":100,""303"":1,""383"":3,""1149"":1,""181"":18,""182"":8,""66"":14832,""24"":21,""206"":48740,""67"":4128,""68"":0,""13"":700,""17"":-156,""18"":-53,""19"":26,""15"":1000,""241"":26806,""199"":15571,""16"":165191,""12"":11296,""449"":0,""636"":609323,""1148"":69,""11"":8935106000,""14"":1160700155,""387"":""2b3430323134352e313636372d303038343138372e353333332b3030302e3132362f""}"
2026-07-01T07:22:52Z,862272088542776,Codec8E,2026-06-30 15:56:29.000 UTC,1782834989000,0,40.2144566,-8.4194583,126,260,9,29,0,"{""239"":1,""240"":1,""21"":5,""200"":0,""69"":1,""237"":2,""113"":100,""303"":1,""383"":3,""1149"":1,""181"":37,""182"":12,""66"":14879,""24"":29,""206"":48740,""67"":4128,""68"":0,""13"":700,""17"":-13,""18"":-14,""19"":55,""15"":1000,""241"":26806,""199"":15634,""16"":165254,""12"":11296,""449"":0,""636"":609323,""1148"":82,""11"":8935106000,""14"":1160700155,""387"":""2b3430323134342e353636372d303038343139342e353833332b3030302e3132362f""}"
2026-07-01T07:22:52Z,862272088542776,Codec8E,2026-06-30 15:56:41.000 UTC,1782835001000,0,40.2143233,-8.4207100,125,252,10,32,0,"{""239"":1,""240"":1,""21"":5,""200"":0,""69"":1,""237"":2,""113"":100,""303"":1,""383"":3,""1149"":1,""181"":18,""182"":9,""66"":14818,""24"":32,""206"":48740,""67"":4128,""68"":0,""13"":700,""17"":197,""18"":-13,""19"":-1,""15"":1000,""241"":26806,""199"":15741,""16"":165361,""12"":11296,""449"":0,""636"":609323,""1148"":82,""11"":8935106000,""14"":1160700155,""387"":""2b3430323134332e323333332d303038343230372e313030302b3030302e3132352f""}"
2026-07-01T07:22:52Z,862272088542776,Codec8E,2026-06-30 15:56:46.000 UTC,1782835006000,0,40.2141333,-8.4211883,124,240,11,33,0,"{""239"":1,""240"":1,""21"":5,""200"":0,""69"":1,""237"":2,""113"":100,""303"":1,""383"":3,""1149"":1,""181"":11,""182"":8,""66"":14816,""24"":33,""206"":48740,""67"":4128,""68"":0,""13"":700,""17"":-23,""18"":-12,""19"":128,""15"":1000,""241"":26806,""199"":15787,""16"":165407,""12"":11296,""449"":0,""636"":609323,""1148"":82,""11"":8935106000,""14"":1160700155,""387"":""2b3430323134312e333333332d303038343231312e383833332b3030302e3132342f""}"
2026-07-01T07:22:53Z,862272088542776,Codec8E,2026-06-30 15:56:51.000 UTC,1782835011000,0,40.2139366,-8.4216583,122,250,11,31,0,"{""239"":1,""240"":1,""21"":5,""200"":0,""69"":1,""237"":2,""113"":100,""303"":1,""383"":3,""1149"":1,""181"":16,""182"":8,""66"":14817,""24"":31,""206"":48740,""67"":4128,""68"":0,""13"":700,""17"":-18,""18"":87,""19"":116,""15"":1000,""241"":26806,""199"":15833,""16"":165453,""12"":11296,""449"":0,""636"":609323,""1148"":82,""11"":8935106000,""14"":1160700155,""387"":""2b3430323133392e333636372d303038343231362e353833332b3030302e3132322f""}"
2026-07-01T07:22:53Z,862272088542776,Codec8E,2026-06-30 15:56:54.000 UTC,1782835014000,0,40.2138866,-8.4219233,121,265,9,29,0,"{""239"":1,""240"":1,""21"":5,""200"":0,""69"":1,""237"":2,""113"":100,""303"":1,""383"":3,""1149"":1,""181"":13,""182"":9,""66"":14875,""24"":29,""206"":48740,""67"":4128,""68"":0,""13"":700,""17"":-55,""18"":40,""19"":83,""15"":1000,""241"":26806,""199"":15856,""16"":165476,""12"":11296,""449"":0,""636"":609323,""1148"":82,""11"":8935106000,""14"":1160700155,""387"":""2b3430323133382e383636372d303038343231392e323333332b3030302e3132312f""}"
2026-07-01T07:22:53Z,862272088542776,Codec8E,2026-06-30 15:56:57.000 UTC,1782835017000,0,40.2139033,-8.4222133,120,277,9,29,0,"{""239"":1,""240"":1,""21"":5,""200"":0,""69"":1,""237"":2,""113"":100,""303"":1,""383"":3,""1149"":1,""181"":20,""182"":10,""66"":14812,""24"":29,""206"":48740,""67"":4128,""68"":0,""13"":700,""17"":-68,""18"":100,""19"":28,""15"":1000,""241"":26806,""199"":15881,""16"":165501,""12"":11296,""449"":0,""636"":609323,""1148"":82,""11"":8935106000,""14"":1160700155,""387"":""2b3430323133392e303333332d303038343232322e313333332b3030302e3132302f""}"
2026-07-01T07:22:53Z,862272088542776,Codec8E,2026-06-30 15:56:59.000 UTC,1782835019000,0,40.2139416,-8.4224033,119,287,9,29,0,"{""239"":1,""240"":1,""21"":5,""200"":0,""69"":1,""237"":2,""113"":100,""303"":1,""383"":3,""1149"":1,""181"":31,""182"":12,""66"":14808,""24"":29,""206"":48740,""67"":4128,""68"":0,""13"":700,""17"":-66,""18"":-85,""19"":63,""15"":1000,""241"":26806,""199"":15898,""16"":165518,""12"":11296,""449"":0,""636"":609323,""1148"":82,""11"":8935106000,""14"":1160700155,""387"":""2b3430323133392e343136372d303038343232342e303333332b3030302e3131392f""}"
2026-07-01T07:22:53Z,862272088542776,Codec8E,2026-06-30 15:57:01.000 UTC,1782835021000,0,40.2140466,-8.4226166,118,299,9,32,0,"{""239"":1,""240"":1,""21"":5,""200"":0,""69"":1,""237"":2,""113"":100,""303"":1,""383"":3,""1149"":1,""181"":13,""182"":10,""66"":14853,""24"":32,""206"":48740,""67"":4128,""68"":0,""13"":700,""17"":-85,""18"":-10,""19"":98,""15"":1000,""241"":26806,""199"":15919,""16"":165539,""12"":11296,""449"":0,""636"":609323,""1148"":82,""11"":8935106000,""14"":1160700155,""387"":""2b3430323134302e343636372d303038343232362e313636372b3030302e3131382f""}"
2026-07-01T07:22:54Z,862272088542776,Codec8E,2026-06-30 15:57:05.000 UTC,1782835025000,0,40.2142083,-8.4231149,118,288,10,37,0,"{""239"":1,""240"":1,""21"":5,""200"":0,""69"":1,""237"":2,""113"":100,""303"":1,""383"":3,""1149"":20,""181"":23,""182"":9,""66"":14816,""24"":37,""206"":48740,""67"":4128,""68"":0,""13"":700,""17"":62,""18"":-94,""19"":11,""15"":1000,""241"":26806,""199"":15965,""16"":165585,""12"":11296,""449"":0,""636"":1634572,""1148"":82,""11"":8935106000,""14"":1160700155,""387"":""2b3430323134322e303833332d303038343233312e313530302b3030302e3131382f""}"
2026-07-01T07:22:54Z,862272088542776,Codec8E,2026-06-30 15:57:08.000 UTC,1782835028000,0,40.2142816,-8.4235050,118,278,9,37,0,"{""239"":1,""240"":1,""21"":5,""200"":0,""69"":1,""237"":2,""113"":100,""303"":1,""383"":3,""1149"":20,""181"":20,""182"":10,""66"":14816,""24"":37,""206"":48740,""67"":4128,""68"":0,""13"":700,""17"":-91,""18"":-82,""19"":62,""15"":1000,""241"":26806,""199"":16000,""16"":165620,""12"":11296,""449"":0,""636"":1634572,""1148"":82,""11"":8935106000,""14"":1160700155,""387"":""2b3430323134322e383136372d303038343233352e303530302b3030302e3131382f""}"
2026-07-01T07:22:54Z,862272088542776,Codec8E,2026-06-30 15:57:11.000 UTC,1782835031000,0,40.2142550,-8.4238950,116,268,10,39,0,"{""239"":1,""240"":1,""21"":5,""200"":0,""69"":1,""237"":2,""113"":100,""303"":1,""383"":3,""1149"":20,""181"":12,""182"":9,""66"":14811,""24"":39,""206"":48740,""67"":4128,""68"":0,""13"":700,""17"":158,""18"":-43,""19"":70,""15"":1000,""241"":26806,""199"":16033,""16"":165653,""12"":11296,""449"":0,""636"":1634571,""1148"":82,""11"":8935106000,""14"":1160700155,""387"":""2b3430323134322e353530302d303038343233382e393530302b3030302e3131362f""}"
2026-07-01T07:22:54Z,862272088542776,Codec8E,2026-06-30 15:57:18.000 UTC,1782835038000,0,40.2141300,-8.4248133,114,257,11,37,0,"{""239"":1,""240"":1,""21"":5,""200"":0,""69"":1,""237"":2,""113"":100,""303"":1,""383"":3,""1149"":20,""181"":17,""182"":8,""66"":14810,""24"":37,""206"":48740,""67"":4128,""68"":0,""13"":700,""17"":169,""18"":-27,""19"":55,""15"":1000,""241"":26806,""199"":16112,""16"":165732,""12"":11296,""449"":0,""636"":1634571,""1148"":82,""11"":8935106000,""14"":1160700155,""387"":""2b3430323134312e333030302d303038343234382e313333332b3030302e3131342f""}"
2026-07-01T07:22:54Z,862272088542776,Codec8E,2026-06-30 15:57:21.000 UTC,1782835041000,0,40.2140799,-8.4250266,114,246,10,27,0,"{""239"":1,""240"":1,""21"":5,""200"":0,""69"":1,""237"":2,""113"":100,""303"":1,""383"":3,""1149"":20,""181"":19,""182"":9,""66"":14807,""24"":27,""206"":48740,""67"":4128,""68"":0,""13"":700,""17"":56,""18"":-31,""19"":7,""15"":1000,""241"":26806,""199"":16131,""16"":165751,""12"":11296,""449"":0,""636"":1634571,""1148"":82,""11"":8935106000,""14"":1160700155,""387"":""2b3430323134302e383030302d303038343235302e323636372b3030302e3131342f""}"
2026-07-01T07:22:55Z,862272088542776,Codec8E,2026-06-30 15:57:24.000 UTC,1782835044000,0,40.2140616,-8.4250816,111,239,12,13,0,"{""239"":1,""240"":1,""21"":5,""200"":0,""69"":1,""237"":2,""113"":100,""303"":1,""383"":3,""1149"":20,""181"":11,""182"":8,""66"":14814,""24"":13,""206"":48740,""67"":4128,""68"":0,""13"":700,""17"":-33,""18"":-30,""19"":4,""15"":1000,""241"":26806,""199"":16135,""16"":165755,""12"":11296,""449"":0,""636"":1634571,""1148"":82,""11"":8935106000,""14"":1160700155,""387"":""2b3430323134302e363136372d303038343235302e383136372b3030302e3131312f""}"
2026-07-01T07:22:55Z,862272088542776,Codec8E,2026-06-30 15:57:27.000 UTC,1782835047000,0,40.2140616,-8.4250800,111,239,11,4,303,"{""239"":1,""240"":1,""21"":4,""200"":0,""69"":1,""237"":2,""113"":100,""303"":0,""383"":3,""1149"":7,""181"":12,""182"":9,""66"":14809,""24"":4,""206"":48740,""67"":4128,""68"":0,""13"":700,""17"":-30,""18"":-34,""19"":4,""15"":1000,""241"":26806,""199"":16135,""16"":165755,""12"":11296,""449"":0,""636"":1634591,""1148"":75,""11"":8935106000,""14"":1160700155,""387"":""2b3430323134302e363136372d303038343235302e383030302b3030302e3131312f""}"
2026-07-01T07:22:55Z,862272088542776,Codec8E,2026-06-30 15:57:36.000 UTC,1782835056000,0,40.2140633,-8.4251916,110,249,12,6,303,"{""239"":1,""240"":1,""21"":4,""200"":0,""69"":1,""237"":2,""113"":100,""303"":1,""383"":3,""1149"":7,""181"":11,""182"":8,""66"":14821,""24"":6,""206"":48740,""67"":4128,""68"":0,""13"":700,""17"":-150,""18"":-40,""19"":79,""15"":1000,""241"":26806,""199"":16145,""16"":165765,""12"":11296,""449"":0,""636"":1634591,""1148"":75,""11"":8935106000,""14"":1160700155,""387"":""2b3430323134302e363333332d303038343235312e393136372b3030302e3131302f""}"
2026-07-01T07:22:55Z,862272088542776,Codec8E,2026-06-30 15:57:39.000 UTC,1782835059000,0,40.2139916,-8.4253116,110,237,10,12,0,"{""239"":1,""240"":1,""21"":4,""200"":0,""69"":1,""237"":2,""113"":100,""303"":1,""383"":3,""1149"":7,""181"":21,""182"":9,""66"":14829,""24"":12,""206"":48740,""67"":4128,""68"":0,""13"":700,""17"":18,""18"":-13,""19"":74,""15"":1000,""241"":26806,""199"":16158,""16"":165778,""12"":11296,""449"":0,""636"":1634591,""1148"":75,""11"":8935106000,""14"":1160700155,""387"":""2b3430323133392e393136372d303038343235332e313136372b3030302e3131302f""}"
2026-07-01T07:22:55Z,862272088542776,Codec8E,2026-06-30 15:57:41.000 UTC,1782835061000,0,40.2139016,-8.4254283,109,227,11,17,0,"{""239"":1,""240"":1,""21"":4,""200"":0,""69"":1,""237"":2,""113"":100,""303"":1,""383"":3,""1149"":7,""181"":21,""182"":8,""66"":14819,""24"":17,""206"":48740,""67"":4128,""68"":0,""13"":700,""17"":114,""18"":-31,""19"":13,""15"":1000,""241"":26806,""199"":16172,""16"":165792,""12"":11296,""449"":0,""636"":1634591,""1148"":75,""11"":8935106000,""14"":1160700155,""387"":""2b3430323133392e303136372d303038343235342e323833332b3030302e3130392f""}"
2026-07-01T07:22:58Z,862272088542776,Codec8E,2026-06-30 15:57:49.000 UTC,1782835069000,0,40.2137416,-8.4255933,107,210,10,10,0,"{""239"":1,""240"":1,""21"":4,""200"":0,""69"":1,""237"":2,""113"":100,""303"":1,""383"":3,""1149"":7,""181"":13,""182"":9,""66"":14816,""24"":10,""206"":48740,""67"":4128,""68"":0,""13"":700,""17"":23,""18"":-75,""19"":127,""15"":1000,""241"":26806,""199"":16195,""16"":165815,""12"":11296,""449"":0,""636"":1634591,""1148"":75,""11"":8935106000,""14"":1160700155,""387"":""2b3430323133372e343136372d303038343235352e393333332b3030302e3130372f""}"
2026-07-01T07:22:58Z,862272088542776,Codec8E,2026-06-30 15:57:51.000 UTC,1782835071000,0,40.2136533,-8.4256283,107,193,11,13,0,"{""239"":1,""240"":1,""21"":4,""200"":0,""69"":1,""237"":2,""113"":100,""303"":1,""383"":3,""1149"":7,""181"":21,""182"":8,""66"":14799,""24"":13,""206"":48740,""67"":4128,""68"":0,""13"":700,""17"":179,""18"":-191,""19"":49,""15"":1000,""241"":26806,""199"":16205,""16"":165825,""12"":11296,""449"":0,""636"":1634591,""1148"":75,""11"":8935106000,""14"":1160700155,""387"":""2b3430323133362e353333332d303038343235362e323833332b3030302e3130372f""}"
2026-07-01T07:22:58Z,862272088542776,Codec8E,2026-06-30 15:57:52.000 UTC,1782835072000,0,40.2136066,-8.4256333,107,181,11,14,0,"{""239"":1,""240"":1,""21"":4,""200"":0,""69"":1,""237"":2,""113"":100,""303"":1,""383"":3,""1149"":7,""181"":18,""182"":8,""66"":14804,""24"":14,""206"":48740,""67"":4128,""68"":0,""13"":700,""17"":-90,""18"":-148,""19"":18,""15"":1000,""241"":26806,""199"":16211,""16"":165831,""12"":11296,""449"":0,""636"":1634591,""1148"":75,""11"":8935106000,""14"":1160700155,""387"":""2b3430323133362e303636372d303038343235362e333333332b3030302e3130372f""}"
2026-07-01T07:22:58Z,862272088542776,Codec8E,2026-06-30 15:57:54.000 UTC,1782835074000,0,40.2135266,-8.4256216,107,169,11,15,0,"{""239"":1,""240"":1,""21"":4,""200"":0,""69"":1,""237"":2,""113"":100,""303"":1,""383"":3,""1149"":7,""181"":12,""182"":8,""66"":14817,""24"":15,""206"":48740,""67"":4128,""68"":0,""13"":700,""17"":-285,""18"":-304,""19"":37,""15"":1000,""241"":26806,""199"":16220,""16"":165840,""12"":11296,""449"":0,""636"":1634591,""1148"":75,""11"":8935106000,""14"":1160700155,""387"":""2b3430323133352e323636372d303038343235362e323136372b3030302e3130372f""}"
2026-07-01T07:22:58Z,862272088542776,Codec8E,2026-06-30 15:57:55.000 UTC,1782835075000,0,40.2134883,-8.4255933,106,157,11,15,0,"{""239"":1,""240"":1,""21"":4,""200"":0,""69"":1,""237"":2,""113"":100,""303"":1,""383"":3,""1149"":7,""181"":18,""182"":9,""66"":14816,""24"":15,""206"":48740,""67"":4128,""68"":0,""13"":700,""17"":-304,""18"":-130,""19"":27,""15"":1000,""241"":26806,""199"":16224,""16"":165844,""12"":11296,""449"":0,""636"":1634591,""1148"":72,""11"":8935106000,""14"":1160700155,""387"":""2b3430323133342e383833332d303038343235352e393333332b3030302e3130362f""}"
2026-07-01T07:22:58Z,862272088542776,Codec8E,2026-06-30 15:57:56.000 UTC,1782835076000,0,40.2134533,-8.4255450,106,147,11,16,0,"{""239"":1,""240"":1,""21"":4,""200"":0,""69"":1,""237"":2,""113"":100,""303"":1,""383"":3,""1149"":7,""181"":18,""182"":9,""66"":14816,""24"":16,""206"":48740,""67"":4128,""68"":0,""13"":700,""17"":-244,""18"":-130,""19"":61,""15"":1000,""241"":26806,""199"":16230,""16"":165850,""12"":11296,""449"":0,""636"":1634591,""1148"":72,""11"":8935106000,""14"":1160700155,""387"":""2b3430323133342e353333332d303038343235352e343530302b3030302e3130362f""}"
2026-07-01T07:22:58Z,862272088542776,Codec8E,2026-06-30 15:57:57.000 UTC,1782835077000,0,40.2134349,-8.4254500,106,130,11,17,0,"{""239"":1,""240"":1,""21"":4,""200"":0,""69"":1,""237"":2,""113"":100,""303"":1,""383"":3,""1149"":7,""181"":12,""182"":8,""66"":14816,""24"":17,""206"":48740,""67"":4128,""68"":0,""13"":700,""17"":-99,""18"":-141,""19"":48,""15"":1000,""241"":26806,""199"":16238,""16"":165858,""12"":11296,""449"":0,""636"":1634591,""1148"":72,""11"":8935106000,""14"":1160700155,""387"":""2b3430323133342e333530302d303038343235342e353030302b3030302e3130362f""}"
2026-07-01T07:22:58Z,862272088542776,Codec8E,2026-06-30 15:57:58.000 UTC,1782835078000,0,40.2134066,-8.4253500,106,120,11,19,0,"{""239"":1,""240"":1,""21"":4,""200"":0,""69"":1,""237"":2,""113"":100,""303"":1,""383"":3,""1149"":7,""181"":18,""182"":9,""66"":14816,""24"":19,""206"":48740,""67"":4128,""68"":0,""13"":700,""17"":-52,""18"":-38,""19"":56,""15"":1000,""241"":26806,""199"":16248,""16"":165868,""12"":11296,""449"":0,""636"":1634591,""1148"":72,""11"":8935106000,""14"":1160700155,""387"":""2b3430323133342e303636372d303038343235332e353030302b3030302e3130362f""}"
2026-07-01T07:22:58Z,862272088542776,Codec8E,2026-06-30 15:58:00.000 UTC,1782835080000,0,40.2133866,-8.4250633,106,100,11,26,0,"{""239"":1,""240"":1,""21"":4,""200"":0,""69"":1,""237"":2,""113"":100,""303"":1,""383"":3,""1149"":7,""181"":18,""182"":9,""66"":14818,""24"":26,""206"":48740,""67"":4128,""68"":0,""13"":700,""17"":-36,""18"":-43,""19"":64,""15"":1000,""241"":26806,""199"":16272,""16"":165892,""12"":11296,""449"":0,""636"":1634591,""1148"":72,""11"":8935106000,""14"":1160700155,""387"":""2b3430323133332e383636372d303038343235302e363333332b3030302e3130362f""}"
2026-07-01T07:22:58Z,862272088542776,Codec8E,2026-06-30 15:58:06.000 UTC,1782835086000,0,40.2133599,-8.4243016,105,89,9,33,0,"{""239"":1,""240"":1,""21"":4,""200"":0,""69"":1,""237"":2,""113"":100,""303"":1,""383"":3,""1149"":7,""181"":13,""182"":10,""66"":14833,""24"":33,""206"":48740,""67"":4128,""68"":0,""13"":700,""17"":-30,""18"":67,""19"":43,""15"":1000,""241"":26806,""199"":16337,""16"":165957,""12"":11296,""449"":0,""636"":1634591,""1148"":72,""11"":8935106000,""14"":1160700155,""387"":""2b3430323133332e363030302d303038343234332e303136372b3030302e3130352f""}"
2026-07-01T07:23:00Z,862272088542776,Codec8E,2026-06-30 15:58:12.000 UTC,1782835092000,0,40.2133483,-8.4237449,106,104,9,28,0,"{""239"":1,""240"":1,""21"":4,""200"":0,""69"":1,""237"":2,""113"":100,""303"":1,""383"":3,""1149"":7,""181"":20,""182"":11,""66"":14818,""24"":28,""206"":48740,""67"":4128,""68"":0,""13"":700,""17"":-7,""18"":-50,""19"":-17,""15"":1000,""241"":26806,""199"":16385,""16"":166005,""12"":11296,""449"":0,""636"":1634591,""1148"":72,""11"":8935106000,""14"":1160700155,""387"":""2b3430323133332e343833332d303038343233372e343530302b3030302e3130362f""}"
2026-07-01T07:23:00Z,862272088542776,Codec8E,2026-06-30 15:58:18.000 UTC,1782835098000,0,40.2132650,-8.4233083,106,88,8,21,0,"{""239"":1,""240"":1,""21"":4,""200"":0,""69"":1,""237"":2,""113"":100,""303"":1,""383"":3,""1149"":7,""181"":37,""182"":19,""66"":14812,""24"":21,""206"":48740,""67"":4128,""68"":0,""13"":700,""17"":-188,""18"":-73,""19"":28,""15"":1000,""241"":26806,""199"":16425,""16"":166045,""12"":11296,""449"":0,""636"":1634591,""1148"":72,""11"":8935106000,""14"":1160700155,""387"":""2b3430323133322e363530302d303038343233332e303833332b3030302e3130362f""}"
2026-07-01T07:23:00Z,862272088542776,Codec8E,2026-06-30 15:58:19.000 UTC,1782835099000,0,40.2132499,-8.4232800,106,101,8,18,0,"{""239"":1,""240"":1,""21"":4,""200"":0,""69"":1,""237"":2,""113"":100,""303"":1,""383"":3,""1149"":7,""181"":18,""182"":14,""66"":14818,""24"":18,""206"":48740,""67"":4128,""68"":0,""13"":700,""17"":-130,""18"":-72,""19"":7,""15"":1000,""241"":26806,""199"":16428,""16"":166048,""12"":11296,""449"":0,""636"":1634591,""1148"":72,""11"":8935106000,""14"":1160700155,""387"":""2b3430323133322e353030302d303038343233322e383030302b3030302e3130362f""}"
2026-07-01T07:23:00Z,862272088542776,Codec8E,2026-06-30 15:58:24.000 UTC,1782835104000,0,40.2132050,-8.4230383,108,86,11,15,0,"{""239"":1,""240"":1,""21"":0,""200"":0,""69"":1,""237"":99,""113"":100,""303"":1,""383"":3,""1149"":0,""181"":16,""182"":9,""66"":14823,""24"":15,""206"":0,""67"":4128,""68"":0,""13"":700,""17"":-53,""18"":-70,""19"":37,""15"":1000,""241"":0,""199"":16449,""16"":166069,""12"":11296,""449"":0,""636"":0,""1148"":0,""11"":8935106000,""14"":1160700155,""387"":""2b3430323133322e303530302d303038343233302e333833332b3030302e3130382f""}"
2026-07-01T07:23:00Z,862272088542776,Codec8E,2026-06-30 15:58:26.000 UTC,1782835106000,0,40.2131983,-8.4229533,110,96,11,15,0,"{""239"":1,""240"":1,""21"":0,""200"":0,""69"":1,""237"":99,""113"":100,""303"":1,""383"":3,""1149"":0,""181"":16,""182"":9,""66"":14823,""24"":15,""206"":0,""67"":4128,""68"":0,""13"":700,""17"":-34,""18"":-67,""19"":12,""15"":1000,""241"":0,""199"":16457,""16"":166077,""12"":11296,""449"":0,""636"":0,""1148"":0,""11"":8935106000,""14"":1160700155,""387"":""2b3430323133312e393833332d303038343232392e353333332b3030302e3131302f""}"
2026-07-01T07:23:00Z,862272088542776,Codec8E,2026-06-30 15:58:41.000 UTC,1782835121000,0,40.2131016,-8.4220866,117,81,10,18,0,"{""239"":1,""240"":1,""21"":4,""200"":0,""69"":1,""237"":2,""113"":100,""303"":1,""383"":3,""1149"":8,""181"":20,""182"":12,""66"":14808,""24"":18,""206"":48740,""67"":4128,""68"":0,""13"":700,""17"":-263,""18"":-17,""19"":-11,""15"":1000,""241"":26806,""199"":16532,""16"":166152,""12"":11296,""449"":0,""636"":1634611,""1148"":81,""11"":8935106000,""14"":1160700155,""387"":""2b3430323133312e303136372d303038343232302e383636372b3030302e3131372f""}"
2026-07-01T07:23:00Z,862272088542776,Codec8E,2026-06-30 15:58:43.000 UTC,1782835123000,0,40.2130966,-8.4220533,118,57,8,13,0,"{""239"":1,""240"":1,""21"":4,""200"":0,""69"":1,""237"":2,""113"":100,""303"":1,""383"":3,""1149"":8,""181"":18,""182"":13,""66"":14812,""24"":13,""206"":48740,""67"":4128,""68"":0,""13"":700,""17"":-132,""18"":-44,""19"":0,""15"":1000,""241"":26806,""199"":16535,""16"":166155,""12"":11296,""449"":0,""636"":1634611,""1148"":81,""11"":8935106000,""14"":1160700155,""387"":""2b3430323133302e393636372d303038343232302e353333332b3030302e3131382f""}"
2026-07-01T07:23:00Z,862272088542776,Codec8E,2026-06-30 15:58:48.000 UTC,1782835128000,0,40.2130666,-8.4220850,119,57,8,3,0,"{""239"":1,""240"":1,""21"":4,""200"":0,""69"":1,""237"":2,""113"":100,""303"":1,""383"":3,""1149"":8,""181"":19,""182"":17,""66"":14810,""24"":3,""206"":48740,""67"":4128,""68"":0,""13"":700,""17"":-113,""18"":-90,""19"":-3,""15"":1000,""241"":26806,""199"":16535,""16"":166155,""12"":11296,""449"":0,""636"":1634611,""1148"":81,""11"":8935106000,""14"":1160700155,""387"":""2b3430323133302e363636372d303038343232302e383530302b3030302e3131392f""}"
2026-07-01T07:23:00Z,862272088542776,Codec8E,2026-06-30 15:58:51.000 UTC,1782835131000,0,40.2130566,-8.4220983,120,57,9,1,303,"{""239"":1,""240"":1,""21"":4,""200"":0,""69"":1,""237"":2,""113"":100,""303"":0,""383"":3,""1149"":8,""181"":19,""182"":17,""66"":14812,""24"":1,""206"":48740,""67"":4128,""68"":0,""13"":700,""17"":-117,""18"":-84,""19"":-1,""15"":1000,""241"":26806,""199"":16535,""16"":166155,""12"":11296,""449"":0,""636"":1634611,""1148"":81,""11"":8935106000,""14"":1160700155,""387"":""2b3430323133302e353636372d303038343232302e393833332b3030302e3132302f""}"
2026-07-01T07:23:00Z,862272088542776,Codec8E,2026-06-30 15:59:43.000 UTC,1782835183000,0,40.2131516,-8.4221116,125,12,9,0,303,"{""239"":1,""240"":1,""21"":5,""200"":0,""69"":1,""237"":2,""113"":100,""303"":1,""383"":3,""1149"":20,""181"":12,""182"":9,""66"":14838,""24"":0,""206"":48740,""67"":4128,""68"":0,""13"":694,""17"":-142,""18"":3,""19"":17,""15"":1000,""241"":26806,""199"":16535,""16"":166155,""12"":11308,""449"":0,""636"":1634572,""1148"":25,""11"":8935106000,""14"":1160700155,""387"":""2b3430323133312e353136372d303038343232312e313136372b3030302e3132352f""}"
2026-07-01T07:23:01Z,862272088542776,Codec8E,2026-06-30 15:59:49.000 UTC,1782835189000,0,40.2131516,-8.4221116,125,12,10,0,303,"{""239"":1,""240"":1,""21"":5,""200"":0,""69"":1,""237"":2,""113"":100,""303"":0,""383"":3,""1149"":20,""181"":12,""182"":8,""66"":14847,""24"":0,""206"":48740,""67"":4128,""68"":0,""13"":694,""17"":-129,""18"":4,""19"":0,""15"":1000,""241"":26806,""199"":16535,""16"":166155,""12"":11309,""449"":0,""636"":1634572,""1148"":25,""11"":8935106000,""14"":1160700155,""387"":""2b3430323133312e353136372d303038343232312e313136372b3030302e3132352f""}"
2026-07-01T07:23:01Z,862272088542776,Codec8E,2026-06-30 16:00:21.000 UTC,1782835221000,0,40.2131516,-8.4221116,125,12,11,0,239,"{""239"":0,""240"":1,""21"":4,""200"":0,""69"":1,""237"":2,""113"":100,""303"":0,""383"":3,""1149"":3,""181"":12,""182"":8,""66"":13152,""24"":0,""206"":48740,""67"":4128,""68"":0,""13"":694,""17"":-131,""18"":0,""19"":-2,""15"":1000,""241"":26806,""199"":16535,""16"":166155,""12"":11318,""449"":0,""636"":1634581,""1148"":80,""11"":8935106000,""14"":1160700155,""387"":""2b3430323133312e353136372d303038343232312e313136372b3030302e3132352f""}"
2026-07-01T07:23:01Z,862272088542776,Codec8E,2026-06-30 16:00:47.000 UTC,1782835247000,0,40.2131516,-8.4221116,125,12,10,0,240,"{""239"":0,""240"":0,""21"":4,""200"":0,""69"":1,""237"":2,""113"":100,""303"":0,""383"":3,""1149"":3,""181"":12,""182"":9,""66"":12981,""24"":0,""206"":48740,""67"":4128,""68"":0,""13"":694,""17"":-135,""18"":1,""19"":-3,""15"":1000,""241"":26806,""199"":16535,""16"":166155,""12"":11318,""449"":0,""636"":1634581,""1148"":75,""11"":8935106000,""14"":1160700155,""387"":""2b3430323133312e353136372d303038343232312e313136372b3030302e3132352f""}"
2026-07-01T07:23:01Z,862272088542776,Codec8E,2026-06-30 16:48:50.000 UTC,1782838130000,0,40.2131516,-8.4221116,120,12,12,0,239,"{""239"":1,""240"":0,""21"":5,""200"":0,""69"":1,""237"":2,""113"":100,""303"":0,""383"":3,""1149"":20,""181"":12,""182"":8,""66"":15166,""24"":0,""206"":48740,""67"":4128,""68"":0,""13"":694,""17"":-134,""18"":10,""19"":-1,""15"":1000,""241"":26806,""199"":0,""16"":166155,""12"":11318,""449"":0,""636"":1634581,""1148"":63,""11"":8935106000,""14"":1160700155,""387"":""2b3430323133312e353136372d303038343232312e313136372b3030302e3132302f""}"
2026-07-01T07:23:01Z,862272088542776,Codec8E,2026-06-30 16:50:41.000 UTC,1782838241000,0,40.2131516,-8.4221116,118,12,9,0,303,"{""239"":1,""240"":0,""21"":3,""200"":0,""69"":1,""237"":2,""113"":100,""303"":1,""383"":3,""1149"":1,""181"":15,""182"":12,""66"":14646,""24"":0,""206"":48740,""67"":4128,""68"":0,""13"":696,""17"":-220,""18"":-201,""19"":4,""15"":1000,""241"":26806,""199"":0,""16"":166155,""12"":11349,""449"":0,""636"":1634601,""1148"":86,""11"":8935106000,""14"":1160700155,""387"":""2b3430323133312e353136372d303038343232312e313136372b3030302e3131382f""}"
2026-07-01T07:23:01Z,862272088542776,Codec8E,2026-06-30 16:50:42.000 UTC,1782838242000,0,40.2131666,-8.4221083,118,96,9,4,240,"{""239"":1,""240"":1,""21"":3,""200"":0,""69"":1,""237"":2,""113"":100,""303"":1,""383"":3,""1149"":1,""181"":15,""182"":12,""66"":14634,""24"":4,""206"":48740,""67"":4128,""68"":0,""13"":696,""17"":-253,""18"":-84,""19"":3,""15"":1000,""241"":26806,""199"":0,""16"":166155,""12"":11349,""449"":0,""636"":1634601,""1148"":86,""11"":8935106000,""14"":1160700155,""387"":""2b3430323133312e363636372d303038343232312e303833332b3030302e3131382f""}"
2026-07-01T07:23:01Z,862272088542776,Codec8E,2026-06-30 16:51:05.000 UTC,1782838265000,0,40.2131566,-8.4219883,118,0,0,0,303,"{""239"":1,""240"":1,""21"":5,""200"":0,""69"":2,""237"":2,""113"":0,""303"":1,""383"":3,""1149"":20,""181"":0,""182"":0,""66"":14673,""24"":0,""206"":48740,""67"":4127,""68"":0,""13"":696,""17"":-72,""18"":-8,""19"":90,""15"":0,""241"":26806,""199"":9,""16"":166173,""12"":11349,""449"":0,""636"":1604365,""1148"":67,""11"":8935106000,""14"":1160700155,""387"":""2b3430323133312e353636372d303038343231392e383833332b3030302e3131382f""}"
2026-07-01T07:23:01Z,862272088542776,Codec8E,2026-06-30 16:51:20.000 UTC,1782838280000,0,40.2123316,-8.4181683,120,104,10,30,0,"{""239"":1,""240"":1,""21"":5,""200"":0,""69"":1,""237"":2,""113"":0,""303"":1,""383"":3,""1149"":20,""181"":31,""182"":13,""66"":14640,""24"":30,""206"":48740,""67"":4150,""68"":56,""13"":696,""17"":-76,""18"":3,""19"":0,""15"":0,""241"":26806,""199"":9,""16"":166173,""12"":11349,""449"":0,""636"":609322,""1148"":67,""11"":8935106000,""14"":1160700155,""387"":""2b3430323132332e333136372d303038343138312e363833332b3030302e3132302f""}"
2026-07-01T07:23:01Z,862272088542776,Codec8E,2026-06-30 16:51:27.000 UTC,1782838287000,0,40.2122583,-8.4174883,119,94,10,32,0,"{""239"":1,""240"":1,""21"":5,""200"":0,""69"":1,""237"":2,""113"":100,""303"":1,""383"":3,""1149"":20,""181"":20,""182"":10,""66"":14731,""24"":32,""206"":48740,""67"":4133,""68"":0,""13"":696,""17"":-75,""18"":-33,""19"":17,""15"":0,""241"":26806,""199"":70,""16"":166234,""12"":11349,""449"":0,""636"":609075,""1148"":67,""11"":8935106000,""14"":1160700155,""387"":""2b3430323132322e353833332d303038343137342e383833332b3030302e3131392f""}"
2026-07-01T07:23:01Z,862272088542776,Codec8E,2026-06-30 16:51:29.000 UTC,1782838289000,0,40.2122733,-8.4173050,118,83,11,31,0,"{""239"":1,""240"":1,""21"":4,""200"":0,""69"":1,""237"":2,""113"":100,""303"":1,""383"":3,""1149"":7,""181"":19,""182"":10,""66"":14681,""24"":31,""206"":48740,""67"":4133,""68"":0,""13"":696,""17"":-30,""18"":-8,""19"":44,""15"":0,""241"":26806,""199"":85,""16"":166249,""12"":11349,""449"":0,""636"":609332,""1148"":74,""11"":8935106000,""14"":1160700155,""387"":""2b3430323132322e373333332d303038343137332e303530302b3030302e3131382f""}"
2026-07-01T07:23:02Z,862272088542776,Codec8E,2026-06-30 16:51:38.000 UTC,1782838298000,0,40.2124349,-8.4165616,122,68,9,27,0,"{""239"":1,""240"":1,""21"":4,""200"":0,""69"":1,""237"":2,""113"":100,""303"":1,""383"":3,""1149"":7,""181"":18,""182"":10,""66"":14687,""24"":27,""206"":48740,""67"":4133,""68"":0,""13"":696,""17"":61,""18"":-43,""19"":75,""15"":0,""241"":26806,""199"":151,""16"":166315,""12"":11349,""449"":0,""636"":609312,""1148"":74,""11"":8935106000,""14"":1160700155,""387"":""2b3430323132342e333530302d303038343136352e363136372b3030302e3132322f""}"
2026-07-01T07:23:02Z,862272088542776,Codec8E,2026-06-30 16:51:40.000 UTC,1782838300000,0,40.2125083,-8.4164250,124,55,11,28,0,"{""239"":1,""240"":1,""21"":4,""200"":0,""69"":1,""237"":2,""113"":100,""303"":1,""383"":3,""1149"":7,""181"":15,""182"":9,""66"":14695,""24"":28,""206"":48740,""67"":4133,""68"":0,""13"":696,""17"":27,""18"":-125,""19"":8,""15"":0,""241"":26806,""199"":166,""16"":166330,""12"":11349,""449"":0,""636"":609312,""1148"":74,""11"":8935106000,""14"":1160700155,""387"":""2b3430323132352e303833332d303038343136342e323530302b3030302e3132342f""}"
2026-07-01T07:23:02Z,862272088542776,Codec8E,2026-06-30 16:51:51.000 UTC,1782838311000,0,40.2130083,-8.4156716,129,45,9,26,0,"{""239"":1,""240"":1,""21"":4,""200"":0,""69"":1,""237"":2,""113"":100,""303"":1,""383"":3,""1149"":7,""181"":21,""182"":14,""66"":14689,""24"":26,""206"":48740,""67"":4133,""68"":0,""13"":696,""17"":-47,""18"":-1,""19"":36,""15"":0,""241"":26806,""199"":251,""16"":166415,""12"":11349,""449"":0,""636"":609312,""1148"":74,""11"":8935106000,""14"":1160700155,""387"":""2b3430323133302e303833332d303038343135362e373136372b3030302e3132392f""}"
2026-07-01T07:23:02Z,862272088542776,Codec8E,2026-06-30 16:51:59.000 UTC,1782838319000,0,40.2133750,-8.4151000,128,55,7,27,0,"{""239"":1,""240"":1,""21"":5,""200"":0,""69"":1,""237"":2,""113"":100,""303"":1,""383"":3,""1149"":7,""181"":23,""182"":16,""66"":14703,""24"":27,""206"":48740,""67"":4131,""68"":0,""13"":696,""17"":108,""18"":-39,""19"":19,""15"":0,""241"":26806,""199"":314,""16"":166478,""12"":11349,""449"":0,""636"":609312,""1148"":53,""11"":8935106000,""14"":1160700155,""387"":""2b3430323133332e373530302d303038343135312e303030302b3030302e3132382f""}"
2026-07-01T07:23:02Z,862272088542776,Codec8E,2026-06-30 16:52:04.000 UTC,1782838324000,0,40.2134916,-8.4147316,126,66,11,23,0,"{""239"":1,""240"":1,""21"":5,""200"":0,""69"":1,""237"":2,""113"":100,""303"":1,""383"":3,""1149"":7,""181"":14,""182"":9,""66"":14691,""24"":23,""206"":48740,""67"":4132,""68"":0,""13"":696,""17"":-45,""18"":0,""19"":107,""15"":0,""241"":26806,""199"":351,""16"":166515,""12"":11349,""449"":0,""636"":609312,""1148"":53,""11"":8935106000,""14"":1160700155,""387"":""2b3430323133342e393136372d303038343134372e333136372b3030302e3132362f""}"
2026-07-01T07:23:04Z,862272088542776,Codec8E,2026-06-30 16:52:05.000 UTC,1782838325000,0,40.2134799,-8.4146350,127,76,12,23,0,"{""239"":1,""240"":1,""21"":5,""200"":0,""69"":1,""237"":2,""113"":100,""303"":1,""383"":3,""1149"":7,""181"":16,""182"":9,""66"":14684,""24"":23,""206"":48740,""67"":4130,""68"":0,""13"":696,""17"":-21,""18"":-20,""19"":48,""15"":0,""241"":26806,""199"":359,""16"":166523,""12"":11349,""449"":0,""636"":609312,""1148"":53,""11"":8935106000,""14"":1160700155,""387"":""2b3430323133342e383030302d303038343134362e333530302b3030302e3132372f""}"
2026-07-01T07:23:04Z,862272088542776,Codec8E,2026-06-30 16:52:12.000 UTC,1782838332000,0,40.2135200,-8.4140800,129,88,10,23,0,"{""239"":1,""240"":1,""21"":5,""200"":0,""69"":1,""237"":2,""113"":100,""303"":1,""383"":3,""1149"":7,""181"":15,""182"":9,""66"":14694,""24"":23,""206"":48740,""67"":4133,""68"":0,""13"":696,""17"":4,""18"":19,""19"":31,""15"":0,""241"":26806,""199"":407,""16"":166571,""12"":11349,""449"":0,""636"":609312,""1148"":53,""11"":8935106000,""14"":1160700155,""387"":""2b3430323133352e323030302d303038343134302e383030302b3030302e3132392f""}"
2026-07-01T07:23:04Z,862272088542776,Codec8E,2026-06-30 16:52:15.000 UTC,1782838335000,0,40.2134883,-8.4138999,130,103,9,19,0,"{""239"":1,""240"":1,""21"":5,""200"":0,""69"":1,""237"":2,""113"":100,""303"":1,""383"":3,""1149"":7,""181"":19,""182"":9,""66"":14678,""24"":19,""206"":48740,""67"":4132,""68"":0,""13"":696,""17"":165,""18"":-73,""19"":-9,""15"":0,""241"":26806,""199"":423,""16"":166587,""12"":11349,""449"":0,""636"":609312,""1148"":53,""11"":8935106000,""14"":1160700155,""387"":""2b3430323133342e383833332d303038343133392e303030302b3030302e3133302f""}"
2026-07-01T07:23:04Z,862272088542776,Codec8E,2026-06-30 16:52:18.000 UTC,1782838338000,0,40.2134900,-8.4138983,130,103,9,7,0,"{""239"":1,""240"":1,""21"":5,""200"":0,""69"":1,""237"":2,""113"":100,""303"":1,""383"":3,""1149"":7,""181"":13,""182"":9,""66"":14672,""24"":7,""206"":48740,""67"":4131,""68"":0,""13"":696,""17"":-41,""18"":-87,""19"":2,""15"":0,""241"":26806,""199"":423,""16"":166587,""12"":11349,""449"":0,""636"":609312,""1148"":53,""11"":8935106000,""14"":1160700155,""387"":""2b3430323133342e393030302d303038343133382e393833332b3030302e3133302f""}"
2026-07-01T07:23:04Z,862272088542776,Codec8E,2026-06-30 16:52:31.000 UTC,1782838351000,0,40.2133650,-8.4139083,129,213,13,7,0,"{""239"":1,""240"":1,""21"":5,""200"":0,""69"":1,""237"":2,""113"":100,""303"":1,""383"":3,""1149"":7,""181"":16,""182"":7,""66"":14695,""24"":7,""206"":48740,""67"":4132,""68"":0,""13"":696,""17"":-66,""18"":35,""19"":35,""15"":0,""241"":26806,""199"":439,""16"":166603,""12"":11349,""449"":0,""636"":609311,""1148"":63,""11"":8935106000,""14"":1160700155,""387"":""2b3430323133332e363530302d303038343133392e303833332b3030302e3132392f""}"
2026-07-01T07:23:05Z,862272088542776,Codec8E,2026-06-30 16:52:33.000 UTC,1782838353000,0,40.2133166,-8.4139783,127,223,13,12,0,"{""239"":1,""240"":1,""21"":5,""200"":0,""69"":1,""237"":2,""113"":100,""303"":1,""383"":3,""1149"":7,""181"":14,""182"":7,""66"":14688,""24"":12,""206"":48740,""67"":4130,""68"":0,""13"":696,""17"":-45,""18"":-33,""19"":12,""15"":0,""241"":26806,""199"":447,""16"":166611,""12"":11349,""449"":0,""636"":609311,""1148"":63,""11"":8935106000,""14"":1160700155,""387"":""2b3430323133332e313636372d303038343133392e373833332b3030302e3132372f""}"
2026-07-01T07:23:05Z,862272088542776,Codec8E,2026-06-30 16:52:37.000 UTC,1782838357000,0,40.2131350,-8.4142216,126,226,12,22,0,"{""239"":1,""240"":1,""21"":5,""200"":0,""69"":1,""237"":2,""113"":100,""303"":1,""383"":3,""1149"":7,""181"":13,""182"":8,""66"":14702,""24"":22,""206"":48740,""67"":4130,""68"":0,""13"":696,""17"":26,""18"":-57,""19"":80,""15"":0,""241"":26806,""199"":475,""16"":166639,""12"":11349,""449"":0,""636"":609311,""1148"":63,""11"":8935106000,""14"":1160700155,""387"":""2b3430323133312e333530302d303038343134322e323136372b3030302e3132362f""}"
2026-07-01T07:23:05Z,862272088542776,Codec8E,2026-06-30 16:52:50.000 UTC,1782838370000,0,40.2124766,-8.4151433,120,228,11,28,0,"{""239"":1,""240"":1,""21"":5,""200"":0,""69"":1,""237"":2,""113"":100,""303"":1,""383"":3,""1149"":7,""181"":15,""182"":8,""66"":14697,""24"":28,""206"":48740,""67"":4131,""68"":0,""13"":696,""17"":-6,""18"":-17,""19"":142,""15"":0,""241"":26806,""199"":583,""16"":166747,""12"":11349,""449"":0,""636"":609322,""1148"":63,""11"":8935106000,""14"":1160700155,""387"":""2b3430323132342e373636372d303038343135312e343333332b3030302e3132302f""}"
2026-07-01T07:23:05Z,862272088542776,Codec8E,2026-06-30 16:53:03.000 UTC,1782838383000,0,40.2118750,-8.4160650,116,241,10,24,0,"{""239"":1,""240"":1,""21"":5,""200"":0,""69"":1,""237"":2,""113"":100,""303"":1,""383"":3,""1149"":7,""181"":15,""182"":9,""66"":14689,""24"":24,""206"":48740,""67"":4130,""68"":0,""13"":696,""17"":-67,""18"":-69,""19"":64,""15"":0,""241"":26806,""199"":686,""16"":166850,""12"":11349,""449"":0,""636"":1604395,""1148"":75,""11"":8935106000,""14"":1160700155,""387"":""2b3430323131382e373530302d303038343136302e363530302b3030302e3131362f""}"
2026-07-01T07:23:05Z,862272088542776,Codec8E,2026-06-30 16:53:15.000 UTC,1782838395000,0,40.2114399,-8.4171400,113,247,8,30,0,"{""239"":1,""240"":1,""21"":5,""200"":0,""69"":1,""237"":2,""113"":100,""303"":1,""383"":3,""1149"":7,""181"":20,""182"":13,""66"":14700,""24"":30,""206"":48740,""67"":4129,""68"":0,""13"":696,""17"":-7,""18"":-79,""19"":27,""15"":0,""241"":26806,""199"":789,""16"":166953,""12"":11349,""449"":0,""636"":1604395,""1148"":75,""11"":8935106000,""14"":1160700155,""387"":""2b3430323131342e343030302d303038343137312e343030302b3030302e3131332f""}"
2026-07-01T07:23:05Z,862272088542776,Codec8E,2026-06-30 16:53:26.000 UTC,1782838406000,0,40.2110166,-8.4182883,108,242,8,36,0,"{""239"":1,""240"":1,""21"":5,""200"":0,""69"":1,""237"":2,""113"":100,""303"":1,""383"":3,""1149"":7,""181"":30,""182"":15,""66"":14687,""24"":36,""206"":48740,""67"":4131,""68"":0,""13"":696,""17"":-32,""18"":-73,""19"":32,""15"":0,""241"":26806,""199"":898,""16"":167062,""12"":11349,""449"":0,""636"":1604395,""1148"":75,""11"":8935106000,""14"":1160700155,""387"":""2b3430323131302e313636372d303038343138322e383833332b3030302e3130382f""}"
2026-07-01T07:23:05Z,862272088542776,Codec8E,2026-06-30 16:53:32.000 UTC,1782838412000,0,40.2108083,-8.4189183,108,252,10,34,0,"{""239"":1,""240"":1,""21"":5,""200"":0,""69"":1,""237"":2,""113"":100,""303"":1,""383"":3,""1149"":7,""181"":17,""182"":11,""66"":14688,""24"":34,""206"":48740,""67"":4130,""68"":0,""13"":696,""17"":13,""18"":139,""19"":107,""15"":0,""241"":26806,""199"":956,""16"":167120,""12"":11349,""449"":0,""636"":1604395,""1148"":75,""11"":8935106000,""14"":1160700155,""387"":""2b3430323130382e303833332d303038343138392e313833332b3030302e3130382f""}"
2026-07-01T07:23:05Z,862272088542776,Codec8E,2026-06-30 16:53:34.000 UTC,1782838414000,0,40.2107916,-8.4191366,107,262,11,33,0,"{""239"":1,""240"":1,""21"":5,""200"":0,""69"":1,""237"":2,""113"":100,""303"":1,""383"":3,""1149"":7,""181"":15,""182"":9,""66"":14692,""24"":33,""206"":48740,""67"":4129,""68"":0,""13"":696,""17"":0,""18"":-7,""19"":69,""15"":0,""241"":26806,""199"":975,""16"":167139,""12"":11349,""449"":0,""636"":1604394,""1148"":75,""11"":8935106000,""14"":1160700155,""387"":""2b3430323130372e393136372d303038343139312e333636372b3030302e3130372f""}"
2026-07-01T07:23:05Z,862272088542776,Codec8E,2026-06-30 16:53:38.000 UTC,1782838418000,0,40.2108183,-8.4196050,105,275,9,34,0,"{""239"":1,""240"":1,""21"":4,""200"":0,""69"":1,""237"":2,""113"":100,""303"":1,""383"":3,""1149"":1,""181"":17,""182"":11,""66"":14680,""24"":34,""206"":48740,""67"":4129,""68"":0,""13"":696,""17"":124,""18"":-31,""19"":80,""15"":0,""241"":26806,""199"":1015,""16"":167179,""12"":11349,""449"":0,""636"":1604394,""1148"":75,""11"":8935106000,""14"":1160700155,""387"":""2b3430323130382e313833332d303038343139362e303530302b3030302e3130352f""}"
2026-07-01T07:23:05Z,862272088542776,Codec8E,2026-06-30 16:53:44.000 UTC,1782838424000,0,40.2109400,-8.4202199,102,289,10,30,0,"{""239"":1,""240"":1,""21"":4,""200"":0,""69"":1,""237"":2,""113"":100,""303"":1,""383"":3,""1149"":1,""181"":14,""182"":10,""66"":14684,""24"":30,""206"":48740,""67"":4130,""68"":0,""13"":696,""17"":54,""18"":43,""19"":8,""15"":1000,""241"":26806,""199"":1069,""16"":167233,""12"":11349,""449"":0,""636"":609065,""1148"":75,""11"":8935106000,""14"":1160700155,""387"":""2b3430323130392e343030302d303038343230322e323030302b3030302e3130322f""}"
2026-07-01T07:23:06Z,862272088542776,Codec8E,2026-06-30 16:53:51.000 UTC,1782838431000,0,40.2111600,-8.4207433,100,300,7,25,0,"{""239"":1,""240"":1,""21"":4,""200"":0,""69"":1,""237"":2,""113"":100,""303"":1,""383"":3,""1149"":1,""181"":35,""182"":14,""66"":14679,""24"":25,""206"":48740,""67"":4129,""68"":0,""13"":696,""17"":173,""18"":-160,""19"":20,""15"":1000,""241"":26806,""199"":1120,""16"":167284,""12"":11349,""449"":0,""636"":609065,""1148"":75,""11"":8935106000,""14"":1160700155,""387"":""2b3430323131312e363030302d303038343230372e343333332b3030302e3130302f""}"
2026-07-01T07:23:06Z,862272088542776,Codec8E,2026-06-30 16:53:53.000 UTC,1782838433000,0,40.2111933,-8.4208750,99,277,7,22,0,"{""239"":1,""240"":1,""21"":4,""200"":0,""69"":1,""237"":2,""113"":100,""303"":1,""383"":3,""1149"":1,""181"":26,""182"":14,""66"":14680,""24"":22,""206"":48740,""67"":4128,""68"":0,""13"":696,""17"":71,""18"":-217,""19"":-17,""15"":1000,""241"":26806,""199"":1132,""16"":167296,""12"":11349,""449"":0,""636"":609065,""1148"":75,""11"":8935106000,""14"":1160700155,""387"":""2b3430323131312e393333332d303038343230382e373530302b3030302e3039392f""}"
2026-07-01T07:23:06Z,862272088542776,Codec8E,2026-06-30 16:53:54.000 UTC,1782838434000,0,40.2111833,-8.4209000,98,259,8,19,0,"{""239"":1,""240"":1,""21"":4,""200"":0,""69"":1,""237"":2,""113"":100,""303"":1,""383"":3,""1149"":1,""181"":23,""182"":13,""66"":14702,""24"":19,""206"":48740,""67"":4129,""68"":0,""13"":696,""17"":72,""18"":-134,""19"":12,""15"":1000,""241"":26806,""199"":1132,""16"":167296,""12"":11349,""449"":0,""636"":609065,""1148"":75,""11"":8935106000,""14"":1160700155,""387"":""2b3430323131312e383333332d303038343230392e303030302b3030302e3039382f""}"
2026-07-01T07:23:06Z,862272088542776,Codec8E,2026-06-30 16:53:55.000 UTC,1782838435000,0,40.2111700,-8.4209133,97,225,8,16,0,"{""239"":1,""240"":1,""21"":4,""200"":0,""69"":1,""237"":2,""113"":100,""303"":1,""383"":3,""1149"":1,""181"":25,""182"":13,""66"":14702,""24"":16,""206"":48740,""67"":4128,""68"":0,""13"":696,""17"":205,""18"":-71,""19"":6,""15"":1000,""241"":26806,""199"":1136,""16"":167300,""12"":11349,""449"":0,""636"":1634601,""1148"":75,""11"":8935106000,""14"":1160700155,""387"":""2b3430323131312e373030302d303038343230392e313333332b3030302e3039372f""}"
2026-07-01T07:23:06Z,862272088542776,Codec8E,2026-06-30 16:53:56.000 UTC,1782838436000,0,40.2111499,-8.4209249,96,209,8,13,0,"{""239"":1,""240"":1,""21"":4,""200"":0,""69"":1,""237"":2,""113"":100,""303"":1,""383"":3,""1149"":1,""181"":15,""182"":12,""66"":14691,""24"":13,""206"":48740,""67"":4129,""68"":0,""13"":696,""17"":-100,""18"":-100,""19"":11,""15"":1000,""241"":26806,""199"":1136,""16"":167300,""12"":11349,""449"":0,""636"":1634601,""1148"":75,""11"":8935106000,""14"":1160700155,""387"":""2b3430323131312e353030302d303038343230392e323530302b3030302e3039362f""}"
2026-07-01T07:23:07Z,862272088542776,Codec8E,2026-06-30 16:53:57.000 UTC,1782838437000,0,40.2111333,-8.4209183,96,182,8,12,0,"{""239"":1,""240"":1,""21"":4,""200"":0,""69"":1,""237"":2,""113"":100,""303"":1,""383"":3,""1149"":1,""181"":15,""182"":12,""66"":14702,""24"":12,""206"":48740,""67"":4129,""68"":0,""13"":696,""17"":-134,""18"":-98,""19"":48,""15"":1000,""241"":26806,""199"":1140,""16"":167304,""12"":11349,""449"":0,""636"":1634601,""1148"":75,""11"":8935106000,""14"":1160700155,""387"":""2b3430323131312e333333332d303038343230392e313833332b3030302e3039362f""}"
2026-07-01T07:23:07Z,862272088542776,Codec8E,2026-06-30 16:53:58.000 UTC,1782838438000,0,40.2110950,-8.4208883,96,160,7,12,0,"{""239"":1,""240"":1,""21"":3,""200"":0,""69"":1,""237"":2,""113"":100,""303"":1,""383"":3,""1149"":7,""181"":24,""182"":13,""66"":14702,""24"":12,""206"":48740,""67"":4129,""68"":0,""13"":696,""17"":-83,""18"":-82,""19"":107,""15"":1000,""241"":26806,""199"":1145,""16"":167309,""12"":11349,""449"":0,""636"":1634591,""1148"":91,""11"":8935106000,""14"":1160700155,""387"":""2b3430323131302e393530302d303038343230382e383833332b3030302e3039362f""}"
2026-07-01T07:23:07Z,862272088542776,Codec8E,2026-06-30 16:54:01.000 UTC,1782838441000,0,40.2109750,-8.4207983,93,147,7,17,0,"{""239"":1,""240"":1,""21"":3,""200"":0,""69"":1,""237"":2,""113"":100,""303"":1,""383"":3,""1149"":7,""181"":24,""182"":13,""66"":14697,""24"":17,""206"":48740,""67"":4129,""68"":0,""13"":696,""17"":28,""18"":17,""19"":118,""15"":1000,""241"":26806,""199"":1160,""16"":167324,""12"":11349,""449"":0,""636"":609065,""1148"":91,""11"":8935106000,""14"":1160700155,""387"":""2b3430323130392e373530302d303038343230372e393833332b3030302e3039332f""}"
2026-07-01T07:23:07Z,862272088542776,Codec8E,2026-06-30 16:54:04.000 UTC,1782838444000,0,40.2107833,-8.4206933,91,158,8,23,0,"{""239"":1,""240"":1,""21"":3,""200"":0,""69"":1,""237"":2,""113"":100,""303"":1,""383"":3,""1149"":7,""181"":24,""182"":13,""66"":14684,""24"":23,""206"":48740,""67"":4129,""68"":0,""13"":696,""17"":17,""18"":32,""19"":326,""15"":1000,""241"":26806,""199"":1183,""16"":167347,""12"":11349,""449"":0,""636"":609065,""1148"":91,""11"":8935106000,""14"":1160700155,""387"":""2b3430323130372e383333332d303038343230362e393333332b3030302e3039312f""}"
2026-07-01T07:23:07Z,862272088542776,Codec8E,2026-06-30 16:54:15.000 UTC,1782838455000,0,40.2102316,-8.4205016,87,164,10,12,0,"{""239"":1,""240"":1,""21"":3,""200"":0,""69"":1,""237"":2,""113"":100,""303"":1,""383"":3,""1149"":7,""181"":18,""182"":10,""66"":14702,""24"":12,""206"":48740,""67"":4130,""68"":0,""13"":696,""17"":29,""18"":-96,""19"":0,""15"":1000,""241"":26806,""199"":1248,""16"":167412,""12"":11349,""449"":0,""636"":609065,""1148"":91,""11"":8935106000,""14"":1160700155,""387"":""2b3430323130322e333136372d303038343230352e303136372b3030302e3038372f""}"
2026-07-01T07:23:08Z,862272088542776,Codec8E,2026-06-30 16:54:20.000 UTC,1782838460000,0,40.2101816,-8.4205133,86,164,9,2,0,"{""239"":1,""240"":1,""21"":3,""200"":0,""69"":1,""237"":2,""113"":100,""303"":1,""383"":3,""1149"":7,""181"":16,""182"":12,""66"":14701,""24"":2,""206"":48740,""67"":4129,""68"":0,""13"":696,""17"":199,""18"":-80,""19"":5,""15"":1000,""241"":26806,""199"":1248,""16"":167412,""12"":11349,""449"":0,""636"":609065,""1148"":91,""11"":8935106000,""14"":1160700155,""387"":""2b3430323130312e383136372d303038343230352e313333332b3030302e3038362f""}"
2026-07-01T07:23:08Z,862272088542776,Codec8E,2026-06-30 16:54:28.000 UTC,1782838468000,0,40.2101916,-8.4206383,83,299,10,6,0,"{""239"":1,""240"":1,""21"":5,""200"":0,""69"":1,""237"":2,""113"":100,""303"":1,""383"":3,""1149"":1,""181"":13,""182"":9,""66"":14689,""24"":6,""206"":48740,""67"":4130,""68"":0,""13"":696,""17"":163,""18"":-87,""19"":47,""15"":1000,""241"":26806,""199"":1260,""16"":167424,""12"":11349,""449"":0,""636"":609065,""1148"":72,""11"":8935106000,""14"":1160700155,""387"":""2b3430323130312e393136372d303038343230362e333833332b3030302e3038332f""}"
2026-07-01T07:23:08Z,862272088542776,Codec8E,2026-06-30 16:54:30.000 UTC,1782838470000,0,40.2102299,-8.4207333,82,288,10,9,0,"{""239"":1,""240"":1,""21"":5,""200"":0,""69"":1,""237"":2,""113"":100,""303"":1,""383"":3,""1149"":1,""181"":13,""182"":10,""66"":14679,""24"":9,""206"":48740,""67"":4129,""68"":0,""13"":696,""17"":78,""18"":-157,""19"":25,""15"":1000,""241"":26806,""199"":1269,""16"":167433,""12"":11349,""449"":0,""636"":609065,""1148"":72,""11"":8935106000,""14"":1160700155,""387"":""2b3430323130322e333030302d303038343230372e333333332b3030302e3038322f""}"
2026-07-01T07:23:08Z,862272088542776,Codec8E,2026-06-30 16:54:32.000 UTC,1782838472000,0,40.2102550,-8.4208066,81,268,10,10,0,"{""239"":1,""240"":1,""21"":5,""200"":0,""69"":1,""237"":2,""113"":100,""303"":1,""383"":3,""1149"":1,""181"":17,""182"":10,""66"":14690,""24"":10,""206"":48740,""67"":4129,""68"":0,""13"":696,""17"":-35,""18"":-179,""19"":-11,""15"":1000,""241"":26806,""199"":1276,""16"":167440,""12"":11349,""449"":0,""636"":609065,""1148"":72,""11"":8935106000,""14"":1160700155,""387"":""2b3430323130322e353530302d303038343230382e303636372b3030302e3038312f""}"
2026-07-01T07:23:08Z,862272088542776,Codec8E,2026-06-30 16:54:33.000 UTC,1782838473000,0,40.2102566,-8.4208416,81,258,11,10,0,"{""239"":1,""240"":1,""21"":5,""200"":0,""69"":1,""237"":2,""113"":100,""303"":1,""383"":3,""1149"":1,""181"":17,""182"":10,""66"":14693,""24"":10,""206"":48740,""67"":4130,""68"":0,""13"":696,""17"":-97,""18"":-137,""19"":3,""15"":1000,""241"":26806,""199"":1279,""16"":167443,""12"":11349,""449"":0,""636"":609065,""1148"":72,""11"":8935106000,""14"":1160700155,""387"":""2b3430323130322e353636372d303038343230382e343136372b3030302e3038312f""}"
2026-07-01T07:23:08Z,862272088542776,Codec8E,2026-06-30 16:54:35.000 UTC,1782838475000,0,40.2102200,-8.4208883,80,226,12,11,0,"{""239"":1,""240"":1,""21"":5,""200"":0,""69"":1,""237"":2,""113"":100,""303"":1,""383"":3,""1149"":1,""181"":16,""182"":9,""66"":14697,""24"":11,""206"":48740,""67"":4129,""68"":0,""13"":696,""17"":-73,""18"":-98,""19"":9,""15"":1000,""241"":26806,""199"":1285,""16"":167449,""12"":11349,""449"":0,""636"":609065,""1148"":72,""11"":8935106000,""14"":1160700155,""387"":""2b3430323130322e323030302d303038343230382e383833332b3030302e3038302f""}"
2026-07-01T07:23:08Z,862272088542776,Codec8E,2026-06-30 16:54:38.000 UTC,1782838478000,0,40.2101083,-8.4209750,79,211,12,14,0,"{""239"":1,""240"":1,""21"":5,""200"":0,""69"":1,""237"":2,""113"":100,""303"":1,""383"":3,""1149"":1,""181"":17,""182"":7,""66"":14693,""24"":14,""206"":48740,""67"":4130,""68"":0,""13"":696,""17"":44,""18"":-111,""19"":22,""15"":1000,""241"":26806,""199"":1300,""16"":167464,""12"":11349,""449"":0,""636"":609065,""1148"":72,""11"":8935106000,""14"":1160700155,""387"":""2b3430323130312e303833332d303038343230392e373530302b3030302e3037392f""}"
2026-07-01T07:23:08Z,862272088542776,Codec8E,2026-06-30 16:54:44.000 UTC,1782838484000,0,40.2100383,-8.4210216,77,220,11,4,0,"{""239"":1,""240"":1,""21"":5,""200"":0,""69"":1,""237"":2,""113"":100,""303"":1,""383"":3,""1149"":1,""181"":11,""182"":8,""66"":14708,""24"":4,""206"":48740,""67"":4128,""68"":0,""13"":696,""17"":-119,""18"":-75,""19"":2,""15"":1000,""241"":26806,""199"":1307,""16"":167471,""12"":11349,""449"":0,""636"":609065,""1148"":72,""11"":8935106000,""14"":1160700155,""387"":""2b3430323130302e333833332d303038343231302e323136372b3030302e3037372f""}"
2026-07-01T07:23:08Z,862272088542776,Codec8E,2026-06-30 16:54:57.000 UTC,1782838497000,0,40.2099216,-8.4210366,75,133,12,6,0,"{""239"":1,""240"":1,""21"":5,""200"":0,""69"":1,""237"":2,""113"":100,""303"":1,""383"":3,""1149"":1,""181"":11,""182"":8,""66"":14711,""24"":6,""206"":48740,""67"":4129,""68"":0,""13"":696,""17"":-158,""18"":-25,""19"":-2,""15"":1000,""241"":26806,""199"":1322,""16"":167486,""12"":11349,""449"":0,""636"":1634602,""1148"":72,""11"":8935106000,""14"":1160700155,""387"":""2b3430323039392e323136372d303038343231302e333636372b3030302e3037352f""}"
2026-07-01T07:23:08Z,862272088542776,Codec8E,2026-06-30 16:54:58.000 UTC,1782838498000,0,40.2099066,-8.4210066,75,119,12,7,0,"{""239"":1,""240"":1,""21"":5,""200"":0,""69"":1,""237"":2,""113"":100,""303"":1,""383"":3,""1149"":1,""181"":13,""182"":8,""66"":14700,""24"":7,""206"":48740,""67"":4129,""68"":0,""13"":696,""17"":-47,""18"":-22,""19"":9,""15"":1000,""241"":26806,""199"":1325,""16"":167489,""12"":11349,""449"":0,""636"":1634602,""1148"":68,""11"":8935106000,""14"":1160700155,""387"":""2b3430323039392e303636372d303038343231302e303636372b3030302e3037352f""}"
2026-07-01T07:23:09Z,862272088542776,Codec8E,2026-06-30 16:55:00.000 UTC,1782838500000,0,40.2098600,-8.4209566,74,133,12,9,0,"{""239"":1,""240"":1,""21"":5,""200"":0,""69"":1,""237"":2,""113"":100,""303"":1,""383"":3,""1149"":1,""181"":16,""182"":8,""66"":14697,""24"":9,""206"":48740,""67"":4129,""68"":0,""13"":696,""17"":194,""18"":-19,""19"":11,""15"":1000,""241"":26806,""199"":1332,""16"":167496,""12"":11349,""449"":0,""636"":1634602,""1148"":68,""11"":8935106000,""14"":1160700155,""387"":""2b3430323039382e363030302d303038343230392e353636372b3030302e3037342f""}"
2026-07-01T07:23:09Z,862272088542776,Codec8E,2026-06-30 16:55:03.000 UTC,1782838503000,0,40.2098200,-8.4209150,74,118,12,7,0,"{""239"":1,""240"":1,""21"":5,""200"":0,""69"":1,""237"":2,""113"":100,""303"":1,""383"":3,""1149"":1,""181"":11,""182"":8,""66"":14686,""24"":7,""206"":48740,""67"":4130,""68"":0,""13"":696,""17"":-95,""18"":-24,""19"":6,""15"":1000,""241"":26806,""199"":1337,""16"":167501,""12"":11349,""449"":0,""636"":1634602,""1148"":68,""11"":8935106000,""14"":1160700155,""387"":""2b3430323039382e323030302d303038343230392e313530302b3030302e3037342f""}"
2026-07-01T07:23:09Z,862272088542776,Codec8E,2026-06-30 16:55:09.000 UTC,1782838509000,0,40.2097500,-8.4208700,74,134,12,6,0,"{""239"":1,""240"":1,""21"":5,""200"":0,""69"":1,""237"":2,""113"":100,""303"":1,""383"":3,""1149"":1,""181"":14,""182"":9,""66"":14700,""24"":6,""206"":48740,""67"":4129,""68"":0,""13"":696,""17"":-168,""18"":5,""19"":56,""15"":1000,""241"":26806,""199"":1344,""16"":167508,""12"":11349,""449"":0,""636"":1634602,""1148"":68,""11"":8935106000,""14"":1160700155,""387"":""2b3430323039372e353030302d303038343230382e373030302b3030302e3037342f""}"
2026-07-01T07:23:09Z,862272088542776,Codec8E,2026-06-30 16:55:11.000 UTC,1782838511000,0,40.2097066,-8.4207983,74,124,12,10,0,"{""239"":1,""240"":1,""21"":5,""200"":0,""69"":1,""237"":2,""113"":100,""303"":1,""383"":3,""1149"":1,""181"":17,""182"":9,""66"":14689,""24"":10,""206"":48740,""67"":4128,""68"":0,""13"":696,""17"":-143,""18"":-73,""19"":7,""15"":1000,""241"":26806,""199"":1354,""16"":167518,""12"":11349,""449"":0,""636"":1634602,""1148"":68,""11"":8935106000,""14"":1160700155,""387"":""2b3430323039372e303636372d303038343230372e393833332b3030302e3037342f""}"
2026-07-01T07:23:09Z,862272088542776,Codec8E,2026-06-30 16:55:19.000 UTC,1782838519000,0,40.2095316,-8.4204499,74,110,10,12,0,"{""239"":1,""240"":1,""21"":5,""200"":0,""69"":1,""237"":2,""113"":100,""303"":1,""383"":3,""1149"":1,""181"":23,""182"":12,""66"":14694,""24"":12,""206"":48740,""67"":4129,""68"":0,""13"":696,""17"":-7,""18"":-42,""19"":14,""15"":1000,""241"":26806,""199"":1390,""16"":167554,""12"":11349,""449"":0,""636"":1634602,""1148"":68,""11"":8935106000,""14"":1160700155,""387"":""2b3430323039352e333136372d303038343230342e353030302b3030302e3037342f""}"
2026-07-01T07:23:09Z,862272088542776,Codec8E,2026-06-30 16:55:26.000 UTC,1782838526000,0,40.2095283,-8.4203900,74,110,8,2,0,"{""239"":1,""240"":1,""21"":5,""200"":0,""69"":1,""237"":2,""113"":100,""303"":1,""383"":3,""1149"":1,""181"":15,""182"":12,""66"":14686,""24"":2,""206"":48740,""67"":4130,""68"":0,""13"":696,""17"":-67,""18"":-49,""19"":2,""15"":1000,""241"":26806,""199"":1396,""16"":167560,""12"":11349,""449"":0,""636"":1634602,""1148"":68,""11"":8935106000,""14"":1160700155,""387"":""2b3430323039352e323833332d303038343230332e393030302b3030302e3037342f""}"
2026-07-01T07:23:09Z,862272088542776,Codec8E,2026-06-30 16:55:34.000 UTC,1782838534000,0,40.2094350,-8.4203066,75,143,9,6,0,"{""239"":1,""240"":1,""21"":5,""200"":0,""69"":1,""237"":2,""113"":100,""303"":1,""383"":3,""1149"":1,""181"":32,""182"":13,""66"":14697,""24"":6,""206"":48740,""67"":4130,""68"":0,""13"":690,""17"":-112,""18"":110,""19"":186,""15"":1000,""241"":26806,""199"":1409,""16"":167573,""12"":11350,""449"":0,""636"":1634602,""1148"":68,""11"":8935106000,""14"":1160700155,""387"":""2b3430323039342e333530302d303038343230332e303636372b3030302e3037352f""}"
2026-07-01T07:23:09Z,862272088542776,Codec8E,2026-06-30 16:55:36.000 UTC,1782838536000,0,40.2093450,-8.4202800,75,166,10,10,0,"{""239"":1,""240"":1,""21"":5,""200"":0,""69"":1,""237"":2,""113"":100,""303"":1,""383"":3,""1149"":1,""181"":26,""182"":12,""66"":14689,""24"":10,""206"":48740,""67"":4128,""68"":0,""13"":690,""17"":-73,""18"":214,""19"":32,""15"":1000,""241"":26806,""199"":1419,""16"":167583,""12"":11350,""449"":0,""636"":1634602,""1148"":68,""11"":8935106000,""14"":1160700155,""387"":""2b3430323039332e343530302d303038343230322e383030302b3030302e3037352f""}"
2026-07-01T07:23:09Z,862272088542776,Codec8E,2026-06-30 16:55:38.000 UTC,1782838538000,0,40.2092533,-8.4202766,75,184,10,13,0,"{""239"":1,""240"":1,""21"":5,""200"":0,""69"":1,""237"":2,""113"":100,""303"":1,""383"":3,""1149"":1,""181"":15,""182"":11,""66"":14691,""24"":13,""206"":48740,""67"":4128,""68"":0,""13"":690,""17"":-102,""18"":180,""19"":112,""15"":1000,""241"":26806,""199"":1429,""16"":167593,""12"":11350,""449"":0,""636"":1634602,""1148"":68,""11"":8935106000,""14"":1160700155,""387"":""2b3430323039322e353333332d303038343230322e373636372b3030302e3037352f""}"
2026-07-01T07:23:09Z,862272088542776,Codec8E,2026-06-30 16:55:40.000 UTC,1782838540000,0,40.2091766,-8.4203133,75,209,8,15,0,"{""239"":1,""240"":1,""21"":5,""200"":0,""69"":1,""237"":2,""113"":100,""303"":1,""383"":3,""1149"":1,""181"":19,""182"":15,""66"":14684,""24"":15,""206"":48740,""67"":4129,""68"":0,""13"":690,""17"":-167,""18"":-78,""19"":43,""15"":1000,""241"":26806,""199"":1439,""16"":167603,""12"":11350,""449"":0,""636"":1634602,""1148"":68,""11"":8935106000,""14"":1160700155,""387"":""2b3430323039312e373636372d303038343230332e313333332b3030302e3037352f""}"
2026-07-01T07:23:10Z,862272088542776,Codec8E,2026-06-30 16:55:43.000 UTC,1782838543000,0,40.2090466,-8.4204533,75,224,10,19,0,"{""239"":1,""240"":1,""21"":5,""200"":0,""69"":1,""237"":2,""113"":100,""303"":1,""383"":3,""1149"":1,""181"":14,""182"":11,""66"":14687,""24"":19,""206"":48740,""67"":4130,""68"":0,""13"":690,""17"":-192,""18"":-105,""19"":-4,""15"":1000,""241"":26806,""199"":1457,""16"":167621,""12"":11350,""449"":0,""636"":1634602,""1148"":68,""11"":8935106000,""14"":1160700155,""387"":""2b3430323039302e343636372d303038343230342e353333332b3030302e3037352f""}"
2026-07-01T07:23:10Z,862272088542776,Codec8E,2026-06-30 16:55:49.000 UTC,1782838549000,0,40.2086983,-8.4209133,75,228,10,29,0,"{""239"":1,""240"":1,""21"":5,""200"":0,""69"":1,""237"":2,""113"":100,""303"":1,""383"":3,""1149"":1,""181"":14,""182"":11,""66"":14691,""24"":29,""206"":48740,""67"":4128,""68"":0,""13"":690,""17"":-77,""18"":-41,""19"":56,""15"":1000,""241"":26806,""199"":1512,""16"":167676,""12"":11350,""449"":0,""636"":1634602,""1148"":68,""11"":8935106000,""14"":1160700155,""387"":""2b3430323038362e393833332d303038343230392e313333332b3030302e3037352f""}"
2026-07-01T07:23:10Z,862272088542776,Codec8E,2026-06-30 16:55:56.000 UTC,1782838556000,0,40.2082716,-8.4214283,79,213,11,29,0,"{""239"":1,""240"":1,""21"":5,""200"":0,""69"":1,""237"":2,""113"":100,""303"":1,""383"":3,""1149"":1,""181"":20,""182"":9,""66"":14700,""24"":29,""206"":48740,""67"":4131,""68"":0,""13"":690,""17"":-59,""18"":-153,""19"":-17,""15"":1000,""241"":26806,""199"":1578,""16"":167742,""12"":11350,""449"":0,""636"":609065,""1148"":68,""11"":8935106000,""14"":1160700155,""387"":""2b3430323038322e373136372d303038343231342e323833332b3030302e3037392f""}"
2026-07-01T07:23:10Z,862272088542776,Codec8E,2026-06-30 16:55:58.000 UTC,1782838558000,0,40.2081516,-8.4214749,78,198,10,26,0,"{""239"":1,""240"":1,""21"":5,""200"":0,""69"":1,""237"":2,""113"":100,""303"":1,""383"":3,""1149"":1,""181"":20,""182"":9,""66"":14691,""24"":26,""206"":48740,""67"":4129,""68"":0,""13"":690,""17"":-122,""18"":-185,""19"":47,""15"":1000,""241"":26806,""199"":1592,""16"":167756,""12"":11350,""449"":0,""636"":609065,""1148"":62,""11"":8935106000,""14"":1160700155,""387"":""2b3430323038312e353136372d303038343231342e373530302b3030302e3037382f""}"
2026-07-01T07:23:10Z,862272088542776,Codec8E,2026-06-30 16:55:59.000 UTC,1782838559000,0,40.2080933,-8.4214716,78,188,10,25,0,"{""239"":1,""240"":1,""21"":5,""200"":0,""69"":1,""237"":2,""113"":100,""303"":1,""383"":3,""1149"":1,""181"":17,""182"":9,""66"":14686,""24"":25,""206"":48740,""67"":4128,""68"":0,""13"":690,""17"":-113,""18"":-151,""19"":62,""15"":1000,""241"":26806,""199"":1599,""16"":167763,""12"":11350,""449"":0,""636"":609065,""1148"":62,""11"":8935106000,""14"":1160700155,""387"":""2b3430323038302e393333332d303038343231342e373136372b3030302e3037382f""}"
2026-07-01T07:23:11Z,862272088542776,Codec8E,2026-06-30 16:56:00.000 UTC,1782838560000,0,40.2080450,-8.4214549,78,178,10,23,0,"{""239"":1,""240"":1,""21"":5,""200"":0,""69"":1,""237"":2,""113"":100,""303"":1,""383"":3,""1149"":1,""181"":17,""182"":9,""66"":14691,""24"":23,""206"":48740,""67"":4129,""68"":0,""13"":690,""17"":-134,""18"":-140,""19"":106,""15"":1000,""241"":26806,""199"":1604,""16"":167768,""12"":11350,""449"":0,""636"":609065,""1148"":62,""11"":8935106000,""14"":1160700155,""387"":""2b3430323038302e343530302d303038343231342e353530302b3030302e3037382f""}"
2026-07-01T07:23:11Z,862272088542776,Codec8E,2026-06-30 16:56:01.000 UTC,1782838561000,0,40.2079683,-8.4213633,78,146,11,24,0,"{""239"":1,""240"":1,""21"":5,""200"":0,""69"":1,""237"":2,""113"":100,""303"":1,""383"":3,""1149"":1,""181"":21,""182"":9,""66"":14697,""24"":24,""206"":48740,""67"":4129,""68"":0,""13"":690,""17"":-148,""18"":-24,""19"":150,""15"":1000,""241"":26806,""199"":1616,""16"":167780,""12"":11350,""449"":0,""636"":609065,""1148"":62,""11"":8935106000,""14"":1160700155,""387"":""2b3430323037392e363833332d303038343231332e363333332b3030302e3037382f""}"
2026-07-01T07:23:11Z,862272088542776,Codec8E,2026-06-30 16:56:06.000 UTC,1782838566000,0,40.2076750,-8.4210450,78,131,10,28,0,"{""239"":1,""240"":1,""21"":5,""200"":0,""69"":1,""237"":2,""113"":100,""303"":1,""383"":3,""1149"":1,""181"":19,""182"":9,""66"":14689,""24"":28,""206"":48740,""67"":4129,""68"":0,""13"":690,""17"":-76,""18"":10,""19"":62,""15"":1000,""241"":26806,""199"":1659,""16"":167823,""12"":11350,""449"":0,""636"":609067,""1148"":62,""11"":8935106000,""14"":1160700155,""387"":""2b3430323037362e373530302d303038343231302e343530302b3030302e3037382f""}"
2026-07-01T07:23:11Z,862272088542776,Codec8E,2026-06-30 16:56:15.000 UTC,1782838575000,0,40.2071816,-8.4204349,79,143,10,27,0,"{""239"":1,""240"":1,""21"":5,""200"":0,""69"":1,""237"":2,""113"":100,""303"":1,""383"":3,""1149"":1,""181"":20,""182"":10,""66"":14686,""24"":27,""206"":48740,""67"":4129,""68"":0,""13"":690,""17"":-25,""18"":14,""19"":111,""15"":1000,""241"":26806,""199"":1734,""16"":167898,""12"":11350,""449"":0,""636"":609067,""1148"":62,""11"":8935106000,""14"":1160700155,""387"":""2b3430323037312e383136372d303038343230342e333530302b3030302e3037392f""}"
2026-07-01T07:23:11Z,862272088542776,Codec8E,2026-06-30 16:56:17.000 UTC,1782838577000,0,40.2070900,-8.4203533,78,154,10,24,0,"{""239"":1,""240"":1,""21"":5,""200"":0,""69"":1,""237"":2,""113"":100,""303"":1,""383"":3,""1149"":1,""181"":24,""182"":11,""66"":14685,""24"":24,""206"":48740,""67"":4129,""68"":0,""13"":690,""17"":19,""18"":48,""19"":253,""15"":1000,""241"":26806,""199"":1746,""16"":167910,""12"":11350,""449"":0,""636"":609067,""1148"":62,""11"":8935106000,""14"":1160700155,""387"":""2b3430323037302e393030302d303038343230332e353333332b3030302e3037382f""}"
2026-07-01T07:23:13Z,862272088542776,Codec8E,2026-06-30 16:56:19.000 UTC,1782838579000,0,40.2070133,-8.4202950,78,164,11,21,0,"{""239"":1,""240"":1,""21"":5,""200"":0,""69"":1,""237"":2,""113"":100,""303"":1,""383"":3,""1149"":1,""181"":21,""182"":10,""66"":14690,""24"":21,""206"":48740,""67"":4130,""68"":0,""13"":690,""17"":-273,""18"":111,""19"":373,""15"":1000,""241"":26806,""199"":1756,""16"":167920,""12"":11350,""449"":0,""636"":609066,""1148"":62,""11"":8935106000,""14"":1160700155,""387"":""2b3430323037302e313333332d303038343230322e393530302b3030302e3037382f""}"
2026-07-01T07:23:13Z,862272088542776,Codec8E,2026-06-30 16:56:23.000 UTC,1782838583000,0,40.2068133,-8.4202300,78,178,10,20,0,"{""239"":1,""240"":1,""21"":5,""200"":0,""69"":1,""237"":2,""113"":100,""303"":1,""383"":3,""1149"":1,""181"":23,""182"":11,""66"":14698,""24"":20,""206"":48740,""67"":4130,""68"":0,""13"":690,""17"":-187,""18"":214,""19"":199,""15"":1000,""241"":26806,""199"":1779,""16"":167943,""12"":11350,""449"":0,""636"":609066,""1148"":62,""11"":8935106000,""14"":1160700155,""387"":""2b3430323036382e313333332d303038343230322e333030302b3030302e3037382f""}"
2026-07-01T07:23:13Z,862272088542776,Codec8E,2026-06-30 16:56:31.000 UTC,1782838591000,0,40.2062866,-8.4202633,81,173,13,30,0,"{""239"":1,""240"":1,""21"":5,""200"":0,""69"":1,""237"":2,""113"":100,""303"":1,""383"":3,""1149"":1,""181"":12,""182"":7,""66"":14680,""24"":30,""206"":48740,""67"":4129,""68"":0,""13"":690,""17"":-150,""18"":7,""19"":59,""15"":1000,""241"":26806,""199"":1838,""16"":168002,""12"":11350,""449"":0,""636"":609322,""1148"":71,""11"":8935106000,""14"":1160700155,""387"":""2b3430323036322e383636372d303038343230322e363333332b3030302e3038312f""}"
2026-07-01T07:23:13Z,862272088542776,Codec8E,2026-06-30 16:56:35.000 UTC,1782838595000,0,40.2058116,-8.4201283,83,169,13,41,0,"{""239"":1,""240"":1,""21"":5,""200"":0,""69"":1,""237"":2,""113"":100,""303"":1,""383"":3,""1149"":1,""181"":13,""182"":7,""66"":14686,""24"":41,""206"":48740,""67"":4128,""68"":0,""13"":690,""17"":-118,""18"":49,""19"":53,""15"":1000,""241"":26806,""199"":1892,""16"":168056,""12"":11350,""449"":0,""636"":609322,""1148"":71,""11"":8935106000,""14"":1160700155,""387"":""2b3430323035382e313136372d303038343230312e323833332b3030302e3038332f""}"
2026-07-01T07:23:13Z,862272088542776,Codec8E,2026-06-30 16:56:39.000 UTC,1782838599000,0,40.2052350,-8.4199650,84,166,12,51,0,"{""239"":1,""240"":1,""21"":5,""200"":0,""69"":1,""237"":2,""113"":100,""303"":1,""383"":3,""1149"":1,""181"":14,""182"":8,""66"":14684,""24"":51,""206"":48740,""67"":4129,""68"":0,""13"":690,""17"":-37,""18"":21,""19"":64,""15"":1000,""241"":26806,""199"":1958,""16"":168122,""12"":11350,""449"":0,""636"":609066,""1148"":71,""11"":8935106000,""14"":1160700155,""387"":""2b3430323035322e333530302d303038343139392e363530302b3030302e3038342f""}"
2026-07-01T07:23:14Z,862272088542776,Codec8E,2026-06-30 16:56:47.000 UTC,1782838607000,0,40.2042416,-8.4196416,83,168,12,50,0,"{""239"":1,""240"":1,""21"":5,""200"":0,""69"":1,""237"":2,""113"":100,""303"":1,""383"":3,""1149"":1,""181"":11,""182"":8,""66"":14686,""24"":50,""206"":48740,""67"":4130,""68"":0,""13"":690,""17"":-39,""18"":17,""19"":80,""15"":1000,""241"":26806,""199"":2072,""16"":168236,""12"":11350,""449"":0,""636"":609066,""1148"":71,""11"":8935106000,""14"":1160700155,""387"":""2b3430323034322e343136372d303038343139362e343136372b3030302e3038332f""}"
2026-07-01T07:23:14Z,862272088542776,Codec8E,2026-06-30 16:56:56.000 UTC,1782838616000,0,40.2033000,-8.4194466,87,166,12,40,0,"{""239"":1,""240"":1,""21"":5,""200"":0,""69"":1,""237"":2,""113"":100,""303"":1,""383"":3,""1149"":1,""181"":15,""182"":8,""66"":14686,""24"":40,""206"":48740,""67"":4129,""68"":0,""13"":690,""17"":51,""18"":-7,""19"":62,""15"":1000,""241"":26806,""199"":2178,""16"":168342,""12"":11350,""449"":0,""636"":1946410,""1148"":71,""11"":8935106000,""14"":1160700155,""387"":""2b3430323033332e303030302d303038343139342e343636372b3030302e3038372f""}"
2026-07-01T07:23:14Z,862272088542776,Codec8E,2026-06-30 16:57:02.000 UTC,1782838622000,0,40.2028766,-8.4193166,82,153,12,29,0,"{""239"":1,""240"":1,""21"":4,""200"":0,""69"":1,""237"":2,""113"":100,""303"":1,""383"":3,""1149"":1,""181"":17,""182"":8,""66"":14678,""24"":29,""206"":48740,""67"":4129,""68"":0,""13"":690,""17"":91,""18"":-178,""19"":6,""15"":1000,""241"":26806,""199"":2226,""16"":168390,""12"":11350,""449"":0,""636"":1946410,""1148"":75,""11"":8935106000,""14"":1160700155,""387"":""2b3430323032382e373636372d303038343139332e313636372b3030302e3038322f""}"
2026-07-01T07:23:14Z,862272088542776,Codec8E,2026-06-30 16:57:05.000 UTC,1782838625000,0,40.2027616,-8.4191933,81,131,12,23,0,"{""239"":1,""240"":1,""21"":4,""200"":0,""69"":1,""237"":2,""113"":100,""303"":1,""383"":3,""1149"":1,""181"":18,""182"":9,""66"":14681,""24"":23,""206"":48740,""67"":4130,""68"":0,""13"":690,""17"":196,""18"":-107,""19"":1,""15"":1000,""241"":26806,""199"":2243,""16"":168407,""12"":11350,""449"":0,""636"":1946410,""1148"":75,""11"":8935106000,""14"":1160700155,""387"":""2b3430323032372e363136372d303038343139312e393333332b3030302e3038312f""}"
2026-07-01T07:23:14Z,862272088542776,Codec8E,2026-06-30 16:57:06.000 UTC,1782838626000,0,40.2027449,-8.4191399,81,117,11,21,0,"{""239"":1,""240"":1,""21"":4,""200"":0,""69"":1,""237"":2,""113"":100,""303"":1,""383"":3,""1149"":1,""181"":13,""182"":8,""66"":14682,""24"":21,""206"":48740,""67"":4129,""68"":0,""13"":690,""17"":232,""18"":-52,""19"":23,""15"":1000,""241"":26806,""199"":2248,""16"":168412,""12"":11350,""449"":0,""636"":1946410,""1148"":75,""11"":8935106000,""14"":1160700155,""387"":""2b3430323032372e343530302d303038343139312e343030302b3030302e3038312f""}"
2026-07-01T07:23:16Z,862272088542776,Codec8E,2026-06-30 16:57:10.000 UTC,1782838630000,0,40.2027333,-8.4190383,79,117,10,10,0,"{""239"":1,""240"":1,""21"":4,""200"":0,""69"":1,""237"":2,""113"":100,""303"":1,""383"":3,""1149"":1,""181"":16,""182"":11,""66"":14684,""24"":10,""206"":48740,""67"":4129,""68"":0,""13"":690,""17"":22,""18"":-33,""19"":6,""15"":1000,""241"":26806,""199"":2257,""16"":168421,""12"":11350,""449"":0,""636"":1946410,""1148"":75,""11"":8935106000,""14"":1160700155,""387"":""2b3430323032372e333333332d303038343139302e333833332b3030302e3037392f""}"
2026-07-01T07:23:16Z,862272088542776,Codec8E,2026-06-30 16:57:15.000 UTC,1782838635000,0,40.2027333,-8.4190300,78,117,10,2,303,"{""239"":1,""240"":1,""21"":4,""200"":0,""69"":1,""237"":2,""113"":100,""303"":0,""383"":3,""1149"":1,""181"":13,""182"":11,""66"":14679,""24"":2,""206"":48740,""67"":4128,""68"":0,""13"":690,""17"":41,""18"":-26,""19"":8,""15"":1000,""241"":26806,""199"":2257,""16"":168421,""12"":11350,""449"":0,""636"":1946410,""1148"":75,""11"":8935106000,""14"":1160700155,""387"":""2b3430323032372e333333332d303038343139302e333030302b3030302e3037382f""}"
2026-07-01T07:23:16Z,862272088542776,Codec8E,2026-06-30 16:57:33.000 UTC,1782838653000,0,40.2027333,-8.4190300,78,117,10,0,303,"{""239"":1,""240"":1,""21"":4,""200"":0,""69"":1,""237"":2,""113"":100,""303"":1,""383"":3,""1149"":1,""181"":12,""182"":9,""66"":14683,""24"":0,""206"":48740,""67"":4129,""68"":0,""13"":687,""17"":-161,""18"":-49,""19"":4,""15"":1000,""241"":26806,""199"":2257,""16"":168421,""12"":11355,""449"":0,""636"":1946410,""1148"":75,""11"":8935106000,""14"":1160700155,""387"":""2b3430323032372e333333332d303038343139302e333030302b3030302e3037382f""}"
2026-07-01T07:23:16Z,862272088542776,Codec8E,2026-06-30 16:57:37.000 UTC,1782838657000,0,40.2028016,-8.4188166,78,85,11,7,0,"{""239"":1,""240"":1,""21"":4,""200"":0,""69"":1,""237"":2,""113"":100,""303"":1,""383"":3,""1149"":1,""181"":20,""182"":9,""66"":14682,""24"":7,""206"":48740,""67"":4129,""68"":0,""13"":687,""17"":-145,""18"":2,""19"":83,""15"":1000,""241"":26806,""199"":2278,""16"":168442,""12"":11355,""449"":0,""636"":339211,""1148"":75,""11"":8935106000,""14"":1160700155,""387"":""2b3430323032382e303136372d303038343138382e313636372b3030302e3037382f""}"
2026-07-01T07:23:16Z,862272088542776,Codec8E,2026-06-30 16:57:38.000 UTC,1782838658000,0,40.2028666,-8.4187316,78,59,10,12,0,"{""239"":1,""240"":1,""21"":4,""200"":0,""69"":1,""237"":2,""113"":100,""303"":1,""383"":3,""1149"":1,""181"":26,""182"":9,""66"":14689,""24"":12,""206"":48740,""67"":4129,""68"":0,""13"":687,""17"":11,""18"":9,""19"":-41,""15"":1000,""241"":26806,""199"":2288,""16"":168452,""12"":11355,""449"":0,""636"":339211,""1148"":75,""11"":8935106000,""14"":1160700155,""387"":""2b3430323032382e363636372d303038343138372e333136372b3030302e3037382f""}"
2026-07-01T07:23:17Z,862272088542776,Codec8E,2026-06-30 16:57:41.000 UTC,1782838661000,0,40.2029549,-8.4184500,77,67,10,23,0,"{""239"":1,""240"":1,""21"":4,""200"":0,""69"":1,""237"":2,""113"":100,""303"":1,""383"":3,""1149"":1,""181"":19,""182"":10,""66"":14684,""24"":23,""206"":48740,""67"":4129,""68"":0,""13"":687,""17"":41,""18"":-133,""19"":-13,""15"":1000,""241"":26806,""199"":2314,""16"":168478,""12"":11355,""449"":0,""636"":1807627,""1148"":75,""11"":8935106000,""14"":1160700155,""387"":""2b3430323032392e353530302d303038343138342e353030302b3030302e3037372f""}"
2026-07-01T07:23:17Z,862272088542776,Codec8E,2026-06-30 16:57:43.000 UTC,1782838663000,0,40.2030566,-8.4182766,77,56,12,26,0,"{""239"":1,""240"":1,""21"":4,""200"":0,""69"":1,""237"":2,""113"":100,""303"":1,""383"":3,""1149"":1,""181"":22,""182"":9,""66"":14664,""24"":26,""206"":48740,""67"":4129,""68"":0,""13"":687,""17"":18,""18"":106,""19"":16,""15"":1000,""241"":26806,""199"":2333,""16"":168497,""12"":11355,""449"":0,""636"":339211,""1148"":75,""11"":8935106000,""14"":1160700155,""387"":""2b3430323033302e353636372d303038343138322e373636372b3030302e3037372f""}"
2026-07-01T07:23:17Z,862272088542776,Codec8E,2026-06-30 16:57:45.000 UTC,1782838665000,0,40.2031133,-8.4180949,76,67,11,28,0,"{""239"":1,""240"":1,""21"":4,""200"":0,""69"":1,""237"":2,""113"":100,""303"":1,""383"":3,""1149"":1,""181"":15,""182"":8,""66"":14680,""24"":28,""206"":48740,""67"":4128,""68"":0,""13"":687,""17"":6,""18"":150,""19"":5,""15"":1000,""241"":26806,""199"":2349,""16"":168513,""12"":11355,""449"":0,""636"":1946419,""1148"":75,""11"":8935106000,""14"":1160700155,""387"":""2b3430323033312e313333332d303038343138302e393530302b3030302e3037362f""}"
2026-07-01T07:23:17Z,862272088542776,Codec8E,2026-06-30 16:57:49.000 UTC,1782838669000,0,40.2031900,-8.4177650,75,81,10,26,0,"{""239"":1,""240"":1,""21"":4,""200"":0,""69"":1,""237"":2,""113"":100,""303"":1,""383"":3,""1149"":1,""181"":17,""182"":9,""66"":14684,""24"":26,""206"":48740,""67"":4130,""68"":0,""13"":687,""17"":-67,""18"":-69,""19"":30,""15"":1000,""241"":26806,""199"":2379,""16"":168543,""12"":11355,""449"":0,""636"":1946419,""1148"":75,""11"":8935106000,""14"":1160700155,""387"":""2b3430323033312e393030302d303038343137372e363530302b3030302e3037352f""}"
2026-07-01T07:23:17Z,862272088542776,Codec8E,2026-06-30 16:57:51.000 UTC,1782838671000,0,40.2031533,-8.4175183,74,94,9,29,0,"{""239"":1,""240"":1,""21"":4,""200"":0,""69"":1,""237"":2,""113"":100,""303"":1,""383"":3,""1149"":1,""181"":21,""182"":10,""66"":14673,""24"":29,""206"":48740,""67"":4130,""68"":0,""13"":687,""17"":-4,""18"":-9,""19"":4,""15"":1000,""241"":26806,""199"":2400,""16"":168564,""12"":11355,""449"":0,""636"":339251,""1148"":75,""11"":8935106000,""14"":1160700155,""387"":""2b3430323033312e353333332d303038343137352e313833332b3030302e3037342f""}"
2026-07-01T07:23:17Z,862272088542776,Codec8E,2026-06-30 16:57:57.000 UTC,1782838677000,0,40.2031433,-8.4167150,72,82,10,38,0,"{""239"":1,""240"":1,""21"":4,""200"":0,""69"":1,""237"":2,""113"":100,""303"":1,""383"":3,""1149"":1,""181"":29,""182"":12,""66"":14691,""24"":38,""206"":48740,""67"":4129,""68"":0,""13"":687,""17"":43,""18"":-211,""19"":22,""15"":1000,""241"":26806,""199"":2469,""16"":168633,""12"":11355,""449"":0,""636"":309791,""1148"":75,""11"":8935106000,""14"":1160700155,""387"":""2b3430323033312e343333332d303038343136372e313530302b3030302e3037322f""}"
2026-07-01T07:23:17Z,862272088542776,Codec8E,2026-06-30 16:58:06.000 UTC,1782838686000,0,40.2033766,-8.4155250,69,72,8,41,0,"{""239"":1,""240"":1,""21"":4,""200"":0,""69"":1,""237"":2,""113"":100,""303"":1,""383"":3,""1149"":7,""181"":17,""182"":12,""66"":14683,""24"":41,""206"":48740,""67"":4129,""68"":0,""13"":687,""17"":90,""18"":51,""19"":9,""15"":1000,""241"":26806,""199"":2573,""16"":168737,""12"":11355,""449"":0,""636"":309791,""1148"":79,""11"":8935106000,""14"":1160700155,""387"":""2b3430323033332e373636372d303038343135352e323530302b3030302e3036392f""}"
2026-07-01T07:23:17Z,862272088542776,Codec8E,2026-06-30 16:58:09.000 UTC,1782838689000,0,40.2034250,-8.4151216,69,82,9,40,0,"{""239"":1,""240"":1,""21"":4,""200"":0,""69"":1,""237"":2,""113"":100,""303"":1,""383"":3,""1149"":7,""181"":18,""182"":12,""66"":14677,""24"":40,""206"":48740,""67"":4128,""68"":0,""13"":687,""17"":-17,""18"":-120,""19"":78,""15"":1000,""241"":26806,""199"":2608,""16"":168772,""12"":11355,""449"":0,""636"":309791,""1148"":79,""11"":8935106000,""14"":1160700155,""387"":""2b3430323033342e323530302d303038343135312e323136372b3030302e3036392f""}"
2026-07-01T07:23:17Z,862272088542776,Codec8E,2026-06-30 16:58:19.000 UTC,1782838699000,0,40.2034566,-8.4138200,66,87,8,38,0,"{""239"":1,""240"":1,""21"":4,""200"":0,""69"":1,""237"":2,""113"":100,""303"":1,""383"":3,""1149"":7,""181"":19,""182"":11,""66"":14694,""24"":38,""206"":48740,""67"":4130,""68"":0,""13"":687,""17"":27,""18"":-85,""19"":63,""15"":1000,""241"":26806,""199"":2719,""16"":168883,""12"":11355,""449"":0,""636"":309791,""1148"":79,""11"":8935106000,""14"":1160700155,""387"":""2b3430323033342e353636372d303038343133382e323030302b3030302e3036362f""}"
2026-07-01T07:23:17Z,862272088542776,Codec8E,2026-06-30 16:58:24.000 UTC,1782838704000,0,40.2034016,-8.4131483,63,97,7,40,0,"{""239"":1,""240"":1,""21"":4,""200"":0,""69"":1,""237"":2,""113"":100,""303"":1,""383"":3,""1149"":7,""181"":24,""182"":14,""66"":14704,""24"":40,""206"":48740,""67"":4128,""68"":0,""13"":687,""17"":77,""18"":-89,""19"":69,""15"":1000,""241"":26806,""199"":2776,""16"":168940,""12"":11355,""449"":0,""636"":309801,""1148"":79,""11"":8935106000,""14"":1160700155,""387"":""2b3430323033342e303136372d303038343133312e343833332b3030302e3036332f""}"
2026-07-01T07:23:18Z,862272088542776,Codec8E,2026-06-30 16:58:31.000 UTC,1782838711000,0,40.2033999,-8.4123566,63,86,7,36,0,"{""239"":1,""240"":1,""21"":4,""200"":0,""69"":1,""237"":2,""113"":100,""303"":1,""383"":3,""1149"":1,""181"":24,""182"":14,""66"":14693,""24"":36,""206"":48740,""67"":4128,""68"":0,""13"":687,""17"":-3,""18"":-67,""19"":2,""15"":1000,""241"":26806,""199"":2844,""16"":169008,""12"":11355,""449"":0,""636"":309801,""1148"":74,""11"":8935106000,""14"":1160700155,""387"":""2b3430323033342e303030302d303038343132332e353636372b3030302e3036332f""}"
2026-07-01T07:23:18Z,862272088542776,Codec8E,2026-06-30 16:58:41.000 UTC,1782838721000,0,40.2035083,-8.4111366,60,92,11,38,0,"{""239"":1,""240"":1,""21"":4,""200"":0,""69"":1,""237"":2,""113"":100,""303"":1,""383"":3,""1149"":1,""181"":16,""182"":9,""66"":14722,""24"":38,""206"":48740,""67"":4129,""68"":0,""13"":687,""17"":-3,""18"":49,""19"":74,""15"":1000,""241"":26806,""199"":2950,""16"":169114,""12"":11355,""449"":0,""636"":310826,""1148"":74,""11"":8935106000,""14"":1160700155,""387"":""2b3430323033352e303833332d303038343131312e333636372b3030302e3036302f""}"
2026-07-01T07:23:18Z,862272088542776,Codec8E,2026-06-30 16:58:45.000 UTC,1782838725000,0,40.2034333,-8.4106933,59,108,9,34,0,"{""239"":1,""240"":1,""21"":4,""200"":0,""69"":1,""237"":2,""113"":100,""303"":1,""383"":3,""1149"":1,""181"":26,""182"":11,""66"":14686,""24"":34,""206"":48740,""67"":4129,""68"":0,""13"":687,""17"":-20,""18"":213,""19"":62,""15"":1000,""241"":26806,""199"":2989,""16"":169153,""12"":11355,""449"":0,""636"":310068,""1148"":74,""11"":8935106000,""14"":1160700155,""387"":""2b3430323033342e333333332d303038343130362e393333332b3030302e3035392f""}"
2026-07-01T07:23:18Z,862272088542776,Codec8E,2026-06-30 16:58:46.000 UTC,1782838726000,0,40.2033933,-8.4106116,59,118,9,33,0,"{""239"":1,""240"":1,""21"":4,""200"":0,""69"":1,""237"":2,""113"":100,""303"":1,""383"":3,""1149"":1,""181"":24,""182"":12,""66"":14691,""24"":33,""206"":48740,""67"":4129,""68"":0,""13"":687,""17"":-25,""18"":174,""19"":103,""15"":1000,""241"":26806,""199"":2997,""16"":169161,""12"":11355,""449"":0,""636"":310068,""1148"":74,""11"":8935106000,""14"":1160700155,""387"":""2b3430323033332e393333332d303038343130362e313136372b3030302e3035392f""}"
2026-07-01T07:23:18Z,862272088542776,Codec8E,2026-06-30 16:58:47.000 UTC,1782838727000,0,40.2033400,-8.4105416,59,133,10,32,0,"{""239"":1,""240"":1,""21"":4,""200"":0,""69"":1,""237"":2,""113"":100,""303"":1,""383"":3,""1149"":1,""181"":23,""182"":12,""66"":14675,""24"":32,""206"":48740,""67"":4129,""68"":0,""13"":687,""17"":18,""18"":-244,""19"":58,""15"":1000,""241"":26806,""199"":3006,""16"":169170,""12"":11355,""449"":0,""636"":310068,""1148"":74,""11"":8935106000,""14"":1160700155,""387"":""2b3430323033332e343030302d303038343130352e343136372b3030302e3035392f""}"
2026-07-01T07:23:20Z,862272088542776,Codec8E,2026-06-30 16:58:49.000 UTC,1782838729000,0,40.2032833,-8.4103883,59,108,11,30,0,"{""239"":1,""240"":1,""21"":4,""200"":0,""69"":1,""237"":2,""113"":100,""303"":1,""383"":3,""1149"":1,""181"":16,""182"":10,""66"":14680,""24"":30,""206"":48740,""67"":4129,""68"":0,""13"":687,""17"":-49,""18"":-435,""19"":52,""15"":1000,""241"":26806,""199"":3020,""16"":169184,""12"":11355,""449"":0,""636"":310836,""1148"":74,""11"":8935106000,""14"":1160700155,""387"":""2b3430323033322e383333332d303038343130332e383833332b3030302e3035392f""}"
2026-07-01T07:23:20Z,862272088542776,Codec8E,2026-06-30 16:58:51.000 UTC,1782838731000,0,40.2032850,-8.4102199,58,98,13,27,0,"{""239"":1,""240"":1,""21"":4,""200"":0,""69"":1,""237"":2,""113"":100,""303"":1,""383"":3,""1149"":1,""181"":13,""182"":8,""66"":14686,""24"":27,""206"":48740,""67"":4129,""68"":0,""13"":687,""17"":-32,""18"":173,""19"":55,""15"":1000,""241"":26806,""199"":3035,""16"":169199,""12"":11355,""449"":0,""636"":310836,""1148"":74,""11"":8935106000,""14"":1160700155,""387"":""2b3430323033322e383530302d303038343130322e323030302b3030302e3035382f""}"
2026-07-01T07:23:20Z,862272088542776,Codec8E,2026-06-30 16:58:52.000 UTC,1782838732000,0,40.2033000,-8.4101333,58,87,13,27,0,"{""239"":1,""240"":1,""21"":4,""200"":0,""69"":1,""237"":2,""113"":100,""303"":1,""383"":3,""1149"":1,""181"":14,""182"":8,""66"":14684,""24"":27,""206"":48740,""67"":4128,""68"":0,""13"":687,""17"":-55,""18"":74,""19"":78,""15"":1000,""241"":26806,""199"":3042,""16"":169206,""12"":11355,""449"":0,""636"":310068,""1148"":74,""11"":8935106000,""14"":1160700155,""387"":""2b3430323033332e303030302d303038343130312e333333332b3030302e3035382f""}"
2026-07-01T07:23:20Z,862272088542776,Codec8E,2026-06-30 16:59:02.000 UTC,1782838742000,0,40.2033366,-8.4094116,55,77,11,16,0,"{""239"":1,""240"":1,""21"":5,""200"":0,""69"":1,""237"":2,""113"":100,""303"":1,""383"":3,""1149"":1,""181"":17,""182"":10,""66"":14683,""24"":16,""206"":48740,""67"":4128,""68"":0,""13"":687,""17"":0,""18"":-48,""19"":8,""15"":1000,""241"":26806,""199"":3102,""16"":169266,""12"":11355,""449"":0,""636"":310068,""1148"":70,""11"":8935106000,""14"":1160700155,""387"":""2b3430323033332e333636372d303038343039342e313136372b3030302e3035352f""}"
2026-07-01T07:23:20Z,862272088542776,Codec8E,2026-06-30 16:59:06.000 UTC,1782838746000,0,40.2033400,-8.4093583,54,77,11,5,0,"{""239"":1,""240"":1,""21"":5,""200"":0,""69"":1,""237"":2,""113"":100,""303"":1,""383"":3,""1149"":1,""181"":13,""182"":10,""66"":14683,""24"":5,""206"":48740,""67"":4131,""68"":0,""13"":687,""17"":-99,""18"":1,""19"":19,""15"":1000,""241"":26806,""199"":3109,""16"":169273,""12"":11355,""449"":0,""636"":310068,""1148"":70,""11"":8935106000,""14"":1160700155,""387"":""2b3430323033332e343030302d303038343039332e353833332b3030302e3035342f""}"
2026-07-01T07:23:21Z,862272088542776,Codec8E,2026-06-30 16:59:09.000 UTC,1782838749000,0,40.2033116,-8.4092916,54,126,10,6,0,"{""239"":1,""240"":1,""21"":5,""200"":0,""69"":1,""237"":2,""113"":100,""303"":1,""383"":3,""1149"":1,""181"":14,""182"":11,""66"":14685,""24"":6,""206"":48740,""67"":4129,""68"":0,""13"":687,""17"":-114,""18"":66,""19"":64,""15"":1000,""241"":26806,""199"":3115,""16"":169279,""12"":11355,""449"":0,""636"":310068,""1148"":70,""11"":8935106000,""14"":1160700155,""387"":""2b3430323033332e313136372d303038343039322e393136372b3030302e3035342f""}"
2026-07-01T07:23:21Z,862272088542776,Codec8E,2026-06-30 16:59:11.000 UTC,1782838751000,0,40.2032633,-8.4092349,53,138,10,8,0,"{""239"":1,""240"":1,""21"":5,""200"":0,""69"":1,""237"":2,""113"":100,""303"":1,""383"":3,""1149"":1,""181"":23,""182"":11,""66"":14688,""24"":8,""206"":48740,""67"":4129,""68"":0,""13"":687,""17"":-48,""18"":16,""19"":19,""15"":1000,""241"":26806,""199"":3123,""16"":169287,""12"":11355,""449"":0,""636"":310068,""1148"":70,""11"":8935106000,""14"":1160700155,""387"":""2b3430323033322e363333332d303038343039322e333530302b3030302e3035332f""}"
2026-07-01T07:23:21Z,862272088542776,Codec8E,2026-06-30 16:59:14.000 UTC,1782838754000,0,40.2031650,-8.4091500,53,149,10,12,0,"{""239"":1,""240"":1,""21"":5,""200"":0,""69"":1,""237"":2,""113"":100,""303"":1,""383"":3,""1149"":1,""181"":23,""182"":11,""66"":14675,""24"":12,""206"":48740,""67"":4129,""68"":0,""13"":687,""17"":95,""18"":-2,""19"":20,""15"":1000,""241"":26806,""199"":3136,""16"":169300,""12"":11355,""449"":0,""636"":310068,""1148"":70,""11"":8935106000,""14"":1160700155,""387"":""2b3430323033312e363530302d303038343039312e353030302b3030302e3035332f""}"
2026-07-01T07:23:21Z,862272088542776,Codec8E,2026-06-30 16:59:22.000 UTC,1782838762000,0,40.2030483,-8.4090299,42,169,12,6,0,"{""239"":1,""240"":1,""21"":5,""200"":0,""69"":1,""237"":2,""113"":100,""303"":1,""383"":3,""1149"":1,""181"":12,""182"":8,""66"":14686,""24"":6,""206"":48740,""67"":4129,""68"":0,""13"":687,""17"":-105,""18"":8,""19"":8,""15"":1000,""241"":26806,""199"":3154,""16"":169318,""12"":11355,""449"":0,""636"":310068,""1148"":70,""11"":8935106000,""14"":1160700155,""387"":""2b3430323033302e343833332d303038343039302e333030302b3030302e3034322f""}"
2026-07-01T07:23:21Z,862272088542776,Codec8E,2026-06-30 16:59:33.000 UTC,1782838773000,0,40.2025983,-8.4089183,40,158,12,16,0,"{""239"":1,""240"":1,""21"":5,""200"":0,""69"":1,""237"":2,""113"":100,""303"":1,""383"":3,""1149"":1,""181"":21,""182"":9,""66"":14691,""24"":16,""206"":48740,""67"":4128,""68"":0,""13"":687,""17"":-107,""18"":-82,""19"":22,""15"":1000,""241"":26806,""199"":3205,""16"":169369,""12"":11355,""449"":0,""636"":310068,""1148"":70,""11"":8935106000,""14"":1160700155,""387"":""2b3430323032352e393833332d303038343038392e313833332b3030302e3034302f""}"
2026-07-01T07:23:21Z,862272088542776,Codec8E,2026-06-30 16:59:36.000 UTC,1782838776000,0,40.2024183,-8.4088033,39,148,12,21,0,"{""239"":1,""240"":1,""21"":5,""200"":0,""69"":1,""237"":2,""113"":100,""303"":1,""383"":3,""1149"":1,""181"":15,""182"":8,""66"":14686,""24"":21,""206"":48740,""67"":4128,""68"":0,""13"":687,""17"":-61,""18"":-30,""19"":79,""15"":1000,""241"":26806,""199"":3227,""16"":169391,""12"":11355,""449"":0,""636"":310068,""1148"":70,""11"":8935106000,""14"":1160700155,""387"":""2b3430323032342e313833332d303038343038382e303333332b3030302e3033392f""}"
2026-07-01T07:23:21Z,862272088542776,Codec8E,2026-06-30 16:59:40.000 UTC,1782838780000,0,40.2021933,-8.4085866,40,137,12,26,0,"{""239"":1,""240"":1,""21"":5,""200"":0,""69"":1,""237"":2,""113"":100,""303"":1,""383"":3,""1149"":1,""181"":20,""182"":9,""66"":14658,""24"":26,""206"":48740,""67"":4130,""68"":0,""13"":687,""17"":48,""18"":-45,""19"":102,""15"":1000,""241"":26806,""199"":3258,""16"":169422,""12"":11355,""449"":0,""636"":307241,""1148"":70,""11"":8935106000,""14"":1160700155,""387"":""2b3430323032312e393333332d303038343038352e383636372b3030302e3034302f""}"
2026-07-01T07:23:21Z,862272088542776,Codec8E,2026-06-30 16:59:43.000 UTC,1782838783000,0,40.2020750,-8.4083850,40,126,12,26,0,"{""239"":1,""240"":1,""21"":5,""200"":0,""69"":1,""237"":2,""113"":100,""303"":1,""383"":3,""1149"":1,""181"":20,""182"":9,""66"":14691,""24"":26,""206"":48740,""67"":4129,""68"":0,""13"":687,""17"":-65,""18"":29,""19"":38,""15"":1000,""241"":26806,""199"":3280,""16"":169444,""12"":11355,""449"":0,""636"":1954345,""1148"":70,""11"":8935106000,""14"":1160700155,""387"":""2b3430323032302e373530302d303038343038332e383530302b3030302e3034302f""}"
2026-07-01T07:23:21Z,862272088542776,Codec8E,2026-06-30 16:59:46.000 UTC,1782838786000,0,40.2019466,-8.4081916,41,137,12,26,0,"{""239"":1,""240"":1,""21"":5,""200"":0,""69"":1,""237"":2,""113"":100,""303"":1,""383"":3,""1149"":1,""181"":20,""182"":9,""66"":14686,""24"":26,""206"":48740,""67"":4130,""68"":0,""13"":687,""17"":-32,""18"":291,""19"":47,""15"":1000,""241"":26806,""199"":3302,""16"":169466,""12"":11355,""449"":0,""636"":1954345,""1148"":70,""11"":8935106000,""14"":1160700155,""387"":""2b3430323031392e343636372d303038343038312e393136372b3030302e3034312f""}"
2026-07-01T07:23:21Z,862272088542776,Codec8E,2026-06-30 16:59:48.000 UTC,1782838788000,0,40.2018333,-8.4081066,41,152,13,26,0,"{""239"":1,""240"":1,""21"":5,""200"":0,""69"":1,""237"":2,""113"":100,""303"":1,""383"":3,""1149"":1,""181"":13,""182"":8,""66"":14689,""24"":26,""206"":48740,""67"":4129,""68"":0,""13"":687,""17"":-105,""18"":213,""19"":36,""15"":1000,""241"":26806,""199"":3316,""16"":169480,""12"":11355,""449"":0,""636"":307241,""1148"":70,""11"":8935106000,""14"":1160700155,""387"":""2b3430323031382e333333332d303038343038312e303636372b3030302e3034312f""}"
2026-07-01T07:23:22Z,862272088542776,Codec8E,2026-06-30 16:59:50.000 UTC,1782838790000,0,40.2017133,-8.4081716,41,202,13,25,0,"{""239"":1,""240"":1,""21"":5,""200"":0,""69"":1,""237"":2,""113"":100,""303"":1,""383"":3,""1149"":1,""181"":17,""182"":8,""66"":14686,""24"":25,""206"":48740,""67"":4129,""68"":0,""13"":687,""17"":-130,""18"":-53,""19"":268,""15"":1000,""241"":26806,""199"":3333,""16"":169497,""12"":11355,""449"":0,""636"":307241,""1148"":70,""11"":8935106000,""14"":1160700155,""387"":""2b3430323031372e313333332d303038343038312e373136372b3030302e3034312f""}"
2026-07-01T07:23:22Z,862272088542776,Codec8E,2026-06-30 16:59:59.000 UTC,1782838799000,0,40.2010133,-8.4084883,41,190,12,32,0,"{""239"":1,""240"":1,""21"":5,""200"":0,""69"":1,""237"":2,""113"":100,""303"":1,""383"":3,""1149"":1,""181"":18,""182"":8,""66"":14689,""24"":32,""206"":48740,""67"":4130,""68"":0,""13"":687,""17"":-61,""18"":-43,""19"":55,""15"":1000,""241"":26806,""199"":3416,""16"":169580,""12"":11355,""449"":0,""636"":307241,""1148"":72,""11"":8935106000,""14"":1160700155,""387"":""2b3430323031302e313333332d303038343038342e383833332b3030302e3034312f""}"
2026-07-01T07:23:22Z,862272088542776,Codec8E,2026-06-30 17:00:08.000 UTC,1782838808000,0,40.2004316,-8.4085899,45,201,11,22,0,"{""239"":1,""240"":1,""21"":5,""200"":0,""69"":1,""237"":2,""113"":100,""303"":1,""383"":3,""1149"":1,""181"":18,""182"":9,""66"":14697,""24"":22,""206"":48740,""67"":4129,""68"":0,""13"":687,""17"":-126,""18"":-17,""19"":42,""15"":1000,""241"":26806,""199"":3481,""16"":169645,""12"":11355,""449"":0,""636"":307241,""1148"":72,""11"":8935106000,""14"":1160700155,""387"":""2b3430323030342e333136372d303038343038352e393030302b3030302e3034352f""}"
2026-07-01T07:23:22Z,862272088542776,Codec8E,2026-06-30 17:00:10.000 UTC,1782838810000,0,40.2004716,-8.4087916,45,276,13,22,0,"{""239"":1,""240"":1,""21"":5,""200"":0,""69"":1,""237"":2,""113"":100,""303"":1,""383"":3,""1149"":1,""181"":20,""182"":9,""66"":14687,""24"":22,""206"":48740,""67"":4129,""68"":0,""13"":687,""17"":-43,""18"":-107,""19"":170,""15"":1000,""241"":26806,""199"":3501,""16"":169665,""12"":11355,""449"":0,""636"":310826,""1148"":72,""11"":8935106000,""14"":1160700155,""387"":""2b3430323030342e373136372d303038343038372e393136372b3030302e3034352f""}"
2026-07-01T07:23:22Z,862272088542776,Codec8E,2026-06-30 17:00:13.000 UTC,1782838813000,0,40.2005700,-8.4091466,45,286,11,29,0,"{""239"":1,""240"":1,""21"":5,""200"":0,""69"":1,""237"":2,""113"":100,""303"":1,""383"":3,""1149"":1,""181"":18,""182"":10,""66"":14645,""24"":29,""206"":48740,""67"":4129,""68"":0,""13"":687,""17"":65,""18"":-34,""19"":36,""15"":1000,""241"":26806,""199"":3533,""16"":169697,""12"":11355,""449"":0,""636"":1604394,""1148"":72,""11"":8935106000,""14"":1160700155,""387"":""2b3430323030352e373030302d303038343039312e343636372b3030302e3034352f""}"
2026-07-01T07:23:22Z,862272088542776,Codec8E,2026-06-30 17:00:22.000 UTC,1782838822000,0,40.2008016,-8.4102850,42,275,9,37,0,"{""239"":1,""240"":1,""21"":5,""200"":0,""69"":1,""237"":2,""113"":100,""303"":1,""383"":3,""1149"":1,""181"":17,""182"":10,""66"":14670,""24"":37,""206"":48740,""67"":4128,""68"":0,""13"":687,""17"":-31,""18"":-77,""19"":33,""15"":1000,""241"":26806,""199"":3633,""16"":169797,""12"":11355,""449"":0,""636"":309802,""1148"":72,""11"":8935106000,""14"":1160700155,""387"":""2b3430323030382e303136372d303038343130322e383530302b3030302e3034322f""}"
2026-07-01T07:23:22Z,862272088542776,Codec8E,2026-06-30 17:00:25.000 UTC,1782838825000,0,40.2007766,-8.4106899,44,265,9,37,0,"{""239"":1,""240"":1,""21"":5,""200"":0,""69"":1,""237"":2,""113"":100,""303"":1,""383"":3,""1149"":1,""181"":17,""182"":12,""66"":14658,""24"":37,""206"":48740,""67"":4129,""68"":0,""13"":687,""17"":8,""18"":-181,""19"":50,""15"":1000,""241"":26806,""199"":3668,""16"":169832,""12"":11355,""449"":0,""636"":309802,""1148"":72,""11"":8935106000,""14"":1160700155,""387"":""2b3430323030372e373636372d303038343130362e393030302b3030302e3034342f""}"
2026-07-01T07:23:22Z,862272088542776,Codec8E,2026-06-30 17:00:27.000 UTC,1782838827000,0,40.2007350,-8.4109000,44,254,9,35,0,"{""239"":1,""240"":1,""21"":5,""200"":0,""69"":1,""237"":2,""113"":100,""303"":1,""383"":3,""1149"":1,""181"":16,""182"":11,""66"":14645,""24"":35,""206"":48740,""67"":4130,""68"":0,""13"":687,""17"":-47,""18"":-297,""19"":-6,""15"":1000,""241"":26806,""199"":3687,""16"":169851,""12"":11355,""449"":0,""636"":309802,""1148"":72,""11"":8935106000,""14"":1160700155,""387"":""2b3430323030372e333530302d303038343130392e303030302b3030302e3034342f""}"
2026-07-01T07:23:22Z,862272088542776,Codec8E,2026-06-30 17:00:29.000 UTC,1782838829000,0,40.2006483,-8.4110099,45,222,10,30,0,"{""239"":1,""240"":1,""21"":4,""200"":0,""69"":1,""237"":2,""113"":100,""303"":1,""383"":3,""1149"":1,""181"":19,""182"":11,""66"":14632,""24"":30,""206"":48740,""67"":4129,""68"":0,""13"":687,""17"":-55,""18"":-300,""19"":81,""15"":1000,""241"":26806,""199"":3701,""16"":169865,""12"":11355,""449"":0,""636"":310826,""1148"":77,""11"":8935106000,""14"":1160700155,""387"":""2b3430323030362e343833332d303038343131302e313030302b3030302e3034352f""}"
2026-07-01T07:23:22Z,862272088542776,Codec8E,2026-06-30 17:00:31.000 UTC,1782838831000,0,40.2005466,-8.4110300,45,210,11,24,0,"{""239"":1,""240"":1,""21"":4,""200"":0,""69"":1,""237"":2,""113"":100,""303"":1,""383"":3,""1149"":1,""181"":14,""182"":10,""66"":14654,""24"":24,""206"":48740,""67"":4129,""68"":0,""13"":687,""17"":-166,""18"":15,""19"":52,""15"":1000,""241"":26806,""199"":3714,""16"":169878,""12"":11355,""449"":0,""636"":309802,""1148"":77,""11"":8935106000,""14"":1160700155,""387"":""2b3430323030352e343636372d303038343131302e333030302b3030302e3034352f""}"
2026-07-01T07:23:24Z,862272088542776,Codec8E,2026-06-30 17:00:32.000 UTC,1782838832000,0,40.2004950,-8.4109900,45,188,12,21,0,"{""239"":1,""240"":1,""21"":4,""200"":0,""69"":1,""237"":2,""113"":100,""303"":1,""383"":3,""1149"":1,""181"":18,""182"":9,""66"":14603,""24"":21,""206"":48740,""67"":4129,""68"":0,""13"":687,""17"":-73,""18"":78,""19"":53,""15"":1000,""241"":26806,""199"":3720,""16"":169884,""12"":11355,""449"":0,""636"":1604394,""1148"":77,""11"":8935106000,""14"":1160700155,""387"":""2b3430323030342e393530302d303038343130392e393030302b3030302e3034352f""}"
2026-07-01T07:23:24Z,862272088542776,Codec8E,2026-06-30 17:00:33.000 UTC,1782838833000,0,40.2004533,-8.4109316,45,163,11,19,0,"{""239"":1,""240"":1,""21"":4,""200"":0,""69"":1,""237"":2,""113"":100,""303"":1,""383"":3,""1149"":1,""181"":17,""182"":9,""66"":14681,""24"":19,""206"":48740,""67"":4128,""68"":0,""13"":687,""17"":-120,""18"":8,""19"":13,""15"":1000,""241"":26806,""199"":3727,""16"":169891,""12"":11355,""449"":0,""636"":1604394,""1148"":77,""11"":8935106000,""14"":1160700155,""387"":""2b3430323030342e353333332d303038343130392e333136372b3030302e3034352f""}"
2026-07-01T07:23:24Z,862272088542776,Codec8E,2026-06-30 17:00:34.000 UTC,1782838834000,0,40.2004133,-8.4108799,45,151,11,19,0,"{""239"":1,""240"":1,""21"":4,""200"":0,""69"":1,""237"":2,""113"":100,""303"":1,""383"":3,""1149"":1,""181"":16,""182"":10,""66"":14622,""24"":19,""206"":48740,""67"":4129,""68"":0,""13"":687,""17"":-148,""18"":122,""19"":-3,""15"":1000,""241"":26806,""199"":3733,""16"":169897,""12"":11355,""449"":0,""636"":1604394,""1148"":77,""11"":8935106000,""14"":1160700155,""387"":""2b3430323030342e313333332d303038343130382e383030302b3030302e3034352f""}"
2026-07-01T07:23:24Z,862272088542776,Codec8E,2026-06-30 17:00:39.000 UTC,1782838839000,0,40.2002400,-8.4107116,44,166,10,17,0,"{""239"":1,""240"":1,""21"":4,""200"":0,""69"":1,""237"":2,""113"":100,""303"":1,""383"":3,""1149"":1,""181"":19,""182"":11,""66"":14688,""24"":17,""206"":48740,""67"":4129,""68"":0,""13"":687,""17"":-192,""18"":114,""19"":7,""15"":1000,""241"":26806,""199"":3758,""16"":169922,""12"":11355,""449"":0,""636"":1604394,""1148"":77,""11"":8935106000,""14"":1160700155,""387"":""2b3430323030322e343030302d303038343130372e313136372b3030302e3034342f""}"
2026-07-01T07:23:24Z,862272088542776,Codec8E,2026-06-30 17:00:41.000 UTC,1782838841000,0,40.2001466,-8.4106983,44,179,9,18,0,"{""239"":1,""240"":1,""21"":4,""200"":0,""69"":1,""237"":2,""113"":100,""303"":1,""383"":3,""1149"":1,""181"":13,""182"":11,""66"":14663,""24"":18,""206"":48740,""67"":4128,""68"":0,""13"":687,""17"":-208,""18"":-42,""19"":37,""15"":1000,""241"":26806,""199"":3768,""16"":169932,""12"":11355,""449"":0,""636"":1604394,""1148"":77,""11"":8935106000,""14"":1160700155,""387"":""2b3430323030312e343636372d303038343130362e393833332b3030302e3034342f""}"
2026-07-01T07:23:24Z,862272088542776,Codec8E,2026-06-30 17:00:49.000 UTC,1782838849000,0,40.1995700,-8.4106783,46,183,10,29,0,"{""239"":1,""240"":1,""21"":4,""200"":0,""69"":1,""237"":2,""113"":100,""303"":1,""383"":3,""1149"":1,""181"":12,""182"":9,""66"":14686,""24"":29,""206"":48740,""67"":4129,""68"":0,""13"":687,""17"":-63,""18"":-39,""19"":48,""15"":1000,""241"":26806,""199"":3832,""16"":169996,""12"":11355,""449"":0,""636"":310826,""1148"":77,""11"":8935106000,""14"":1160700155,""387"":""2b3430313939352e373030302d303038343130362e373833332b3030302e3034362f""}"
2026-07-01T07:23:24Z,862272088542776,Codec8E,2026-06-30 17:00:53.000 UTC,1782838853000,0,40.1992416,-8.4106366,47,172,12,30,0,"{""239"":1,""240"":1,""21"":4,""200"":0,""69"":1,""237"":2,""113"":100,""303"":1,""383"":3,""1149"":1,""181"":13,""182"":8,""66"":14681,""24"":30,""206"":48740,""67"":4129,""68"":0,""13"":687,""17"":161,""18"":-26,""19"":10,""15"":1000,""241"":26806,""199"":3869,""16"":170033,""12"":11355,""449"":0,""636"":310826,""1148"":77,""11"":8935106000,""14"":1160700155,""387"":""2b3430313939322e343136372d303038343130362e333636372b3030302e3034372f""}"
2026-07-01T07:23:24Z,862272088542776,Codec8E,2026-06-30 17:01:02.000 UTC,1782838862000,0,40.1988050,-8.4105716,50,174,9,20,0,"{""239"":1,""240"":1,""21"":4,""200"":0,""69"":1,""237"":2,""113"":100,""303"":1,""383"":3,""1149"":1,""181"":16,""182"":14,""66"":14660,""24"":20,""206"":48740,""67"":4128,""68"":0,""13"":687,""17"":25,""18"":-18,""19"":68,""15"":1000,""241"":26806,""199"":3918,""16"":170082,""12"":11355,""449"":0,""636"":307241,""1148"":60,""11"":8935106000,""14"":1160700155,""387"":""2b3430313938382e303530302d303038343130352e373136372b3030302e3035302f""}"
2026-07-01T07:23:24Z,862272088542776,Codec8E,2026-06-30 17:01:09.000 UTC,1782838869000,0,40.1986666,-8.4105883,52,179,11,10,0,"{""239"":1,""240"":1,""21"":4,""200"":0,""69"":1,""237"":2,""113"":100,""303"":1,""383"":3,""1149"":1,""181"":14,""182"":8,""66"":14658,""24"":10,""206"":48740,""67"":4129,""68"":0,""13"":687,""17"":-8,""18"":-50,""19"":22,""15"":1000,""241"":26806,""199"":3934,""16"":170098,""12"":11355,""449"":0,""636"":307241,""1148"":60,""11"":8935106000,""14"":1160700155,""387"":""2b3430313938362e363636372d303038343130352e383833332b3030302e3035322f""}"
2026-07-01T07:23:24Z,862272088542776,Codec8E,2026-06-30 17:01:11.000 UTC,1782838871000,0,40.1986550,-8.4106016,52,189,11,8,0,"{""239"":1,""240"":1,""21"":4,""200"":0,""69"":1,""237"":2,""113"":100,""303"":1,""383"":3,""1149"":1,""181"":15,""182"":8,""66"":14607,""24"":8,""206"":48740,""67"":4128,""68"":0,""13"":687,""17"":43,""18"":-38,""19"":8,""15"":1000,""241"":26806,""199"":3934,""16"":170098,""12"":11355,""449"":0,""636"":307241,""1148"":60,""11"":8935106000,""14"":1160700155,""387"":""2b3430313938362e353530302d303038343130362e303136372b3030302e3035322f""}"
2026-07-01T07:23:25Z,862272088542776,Codec8E,2026-06-30 17:01:18.000 UTC,1782838878000,0,40.1986333,-8.4105633,54,139,10,2,303,"{""239"":1,""240"":1,""21"":4,""200"":0,""69"":1,""237"":2,""113"":100,""303"":0,""383"":3,""1149"":1,""181"":13,""182"":10,""66"":14608,""24"":2,""206"":48740,""67"":4129,""68"":0,""13"":687,""17"":-42,""18"":-26,""19"":10,""15"":1000,""241"":26806,""199"":3938,""16"":170102,""12"":11355,""449"":0,""636"":307241,""1148"":60,""11"":8935106000,""14"":1160700155,""387"":""2b3430313938362e333333332d303038343130352e363333332b3030302e3035342f""}"
2026-07-01T07:23:25Z,862272088542776,Codec8E,2026-06-30 17:02:04.000 UTC,1782838924000,0,40.1986333,-8.4105633,54,139,7,0,303,"{""239"":1,""240"":1,""21"":5,""200"":0,""69"":1,""237"":2,""113"":100,""303"":1,""383"":3,""1149"":1,""181"":19,""182"":16,""66"":14703,""24"":0,""206"":48740,""67"":4129,""68"":0,""13"":681,""17"":-242,""18"":-67,""19"":27,""15"":1000,""241"":26806,""199"":3938,""16"":170102,""12"":11367,""449"":0,""636"":307231,""1148"":65,""11"":8935106000,""14"":1160700155,""387"":""2b3430313938362e333333332d303038343130352e363333332b3030302e3035342f""}"
2026-07-01T07:23:25Z,862272088542776,Codec8E,2026-06-30 17:02:08.000 UTC,1782838928000,0,40.1984933,-8.4106083,56,179,8,8,0,"{""239"":1,""240"":1,""21"":5,""200"":0,""69"":1,""237"":2,""113"":100,""303"":1,""383"":3,""1149"":1,""181"":26,""182"":17,""66"":14662,""24"":8,""206"":48740,""67"":4129,""68"":0,""13"":681,""17"":-177,""18"":97,""19"":43,""15"":1000,""241"":26806,""199"":3954,""16"":170118,""12"":11367,""449"":0,""636"":307231,""1148"":65,""11"":8935106000,""14"":1160700155,""387"":""2b3430313938342e393333332d303038343130362e303833332b3030302e3035362f""}"
2026-07-01T07:23:25Z,862272088542776,Codec8E,2026-06-30 17:02:09.000 UTC,1782838929000,0,40.1984016,-8.4106383,57,191,8,13,0,"{""239"":1,""240"":1,""21"":5,""200"":0,""69"":1,""237"":2,""113"":100,""303"":1,""383"":3,""1149"":1,""181"":23,""182"":16,""66"":14597,""24"":13,""206"":48740,""67"":4129,""68"":0,""13"":681,""17"":0,""18"":-117,""19"":71,""15"":1000,""241"":26806,""199"":3965,""16"":170129,""12"":11367,""449"":0,""636"":307231,""1148"":65,""11"":8935106000,""14"":1160700155,""387"":""2b3430313938342e303136372d303038343130362e333833332b3030302e3035372f""}"
2026-07-01T07:23:25Z,862272088542776,Codec8E,2026-06-30 17:02:12.000 UTC,1782838932000,0,40.1981633,-8.4106266,57,184,10,23,0,"{""239"":1,""240"":1,""21"":5,""200"":0,""69"":1,""237"":2,""113"":100,""303"":1,""383"":3,""1149"":1,""181"":15,""182"":8,""66"":14656,""24"":23,""206"":48740,""67"":4128,""68"":0,""13"":681,""17"":1,""18"":-20,""19"":24,""15"":1000,""241"":26806,""199"":3991,""16"":170155,""12"":11367,""449"":0,""636"":307231,""1148"":65,""11"":8935106000,""14"":1160700155,""387"":""2b3430313938312e363333332d303038343130362e323636372b3030302e3035372f""}"
2026-07-01T07:23:27Z,862272088542776,Codec8E,2026-06-30 17:02:16.000 UTC,1782838936000,0,40.1979133,-8.4105983,57,174,7,24,0,"{""239"":1,""240"":1,""21"":5,""200"":0,""69"":1,""237"":2,""113"":100,""303"":1,""383"":3,""1149"":1,""181"":22,""182"":12,""66"":14620,""24"":24,""206"":48740,""67"":4128,""68"":0,""13"":681,""17"":156,""18"":-10,""19"":26,""15"":1000,""241"":26806,""199"":4019,""16"":170183,""12"":11367,""449"":0,""636"":307231,""1148"":65,""11"":8935106000,""14"":1160700155,""387"":""2b3430313937392e313333332d303038343130352e393833332b3030302e3035372f""}"
2026-07-01T07:23:27Z,862272088542776,Codec8E,2026-06-30 17:02:21.000 UTC,1782838941000,0,40.1977450,-8.4106250,58,159,10,14,0,"{""239"":1,""240"":1,""21"":5,""200"":0,""69"":1,""237"":2,""113"":100,""303"":1,""383"":3,""1149"":1,""181"":19,""182"":13,""66"":14625,""24"":14,""206"":48740,""67"":4129,""68"":0,""13"":681,""17"":-101,""18"":-26,""19"":10,""15"":1000,""241"":26806,""199"":4036,""16"":170200,""12"":11367,""449"":0,""636"":307231,""1148"":65,""11"":8935106000,""14"":1160700155,""387"":""2b3430313937372e343530302d303038343130362e323530302b3030302e3035382f""}"
2026-07-01T07:23:27Z,862272088542776,Codec8E,2026-06-30 17:02:23.000 UTC,1782838943000,0,40.1977250,-8.4106216,59,172,10,10,0,"{""239"":1,""240"":1,""21"":5,""200"":0,""69"":1,""237"":2,""113"":100,""303"":1,""383"":3,""1149"":1,""181"":14,""182"":12,""66"":14671,""24"":10,""206"":48740,""67"":4128,""68"":0,""13"":681,""17"":-152,""18"":-22,""19"":10,""15"":1000,""241"":26806,""199"":4040,""16"":170204,""12"":11367,""449"":0,""636"":307231,""1148"":65,""11"":8935106000,""14"":1160700155,""387"":""2b3430313937372e323530302d303038343130362e323136372b3030302e3035392f""}"
2026-07-01T07:23:27Z,862272088542776,Codec8E,2026-06-30 17:02:25.000 UTC,1782838945000,0,40.1976783,-8.4106349,60,188,8,10,0,"{""239"":1,""240"":1,""21"":5,""200"":0,""69"":1,""237"":2,""113"":100,""303"":1,""383"":3,""1149"":1,""181"":16,""182"":14,""66"":14640,""24"":10,""206"":48740,""67"":4129,""68"":0,""13"":681,""17"":-149,""18"":-36,""19"":-4,""15"":1000,""241"":26806,""199"":4046,""16"":170210,""12"":11367,""449"":0,""636"":307231,""1148"":65,""11"":8935106000,""14"":1160700155,""387"":""2b3430313937362e373833332d303038343130362e333530302b3030302e3036302f""}"
2026-07-01T07:23:27Z,862272088542776,Codec8E,2026-06-30 17:02:27.000 UTC,1782838947000,0,40.1976050,-8.4106466,61,178,9,13,0,"{""239"":1,""240"":1,""21"":5,""200"":0,""69"":1,""237"":2,""113"":100,""303"":1,""383"":3,""1149"":1,""181"":17,""182"":13,""66"":14646,""24"":13,""206"":48740,""67"":4129,""68"":0,""13"":681,""17"":-152,""18"":-21,""19"":39,""15"":1000,""241"":26806,""199"":4054,""16"":170218,""12"":11367,""449"":0,""636"":307231,""1148"":65,""11"":8935106000,""14"":1160700155,""387"":""2b3430313937362e303530302d303038343130362e343636372b3030302e3036312f""}"
2026-07-01T07:23:28Z,862272088542776,Codec8E,2026-06-30 17:02:33.000 UTC,1782838953000,0,40.1972466,-8.4107066,61,189,7,21,0,"{""239"":1,""240"":1,""21"":4,""200"":0,""69"":1,""237"":2,""113"":100,""303"":1,""383"":3,""1149"":7,""181"":19,""182"":12,""66"":14632,""24"":21,""206"":48740,""67"":4128,""68"":0,""13"":681,""17"":32,""18"":221,""19"":15,""15"":1000,""241"":26806,""199"":4095,""16"":170259,""12"":11367,""449"":0,""636"":307231,""1148"":78,""11"":8935106000,""14"":1160700155,""387"":""2b3430313937322e343636372d303038343130372e303636372b3030302e3036312f""}"
2026-07-01T07:23:28Z,862272088542776,Codec8E,2026-06-30 17:02:36.000 UTC,1782838956000,0,40.1971249,-8.4107766,60,201,8,18,0,"{""239"":1,""240"":1,""21"":4,""200"":0,""69"":1,""237"":2,""113"":100,""303"":1,""383"":3,""1149"":7,""181"":19,""182"":11,""66"":14668,""24"":18,""206"":48740,""67"":4128,""68"":0,""13"":681,""17"":-141,""18"":-21,""19"":44,""15"":1000,""241"":26806,""199"":4109,""16"":170273,""12"":11367,""449"":0,""636"":307231,""1148"":78,""11"":8935106000,""14"":1160700155,""387"":""2b3430313937312e323530302d303038343130372e373636372b3030302e3036302f""}"
2026-07-01T07:23:28Z,862272088542776,Codec8E,2026-06-30 17:02:37.000 UTC,1782838957000,0,40.1971016,-8.4108316,60,220,9,18,0,"{""239"":1,""240"":1,""21"":4,""200"":0,""69"":1,""237"":2,""113"":100,""303"":1,""383"":3,""1149"":7,""181"":23,""182"":11,""66"":14615,""24"":18,""206"":48740,""67"":4129,""68"":0,""13"":681,""17"":-194,""18"":-21,""19"":44,""15"":1000,""241"":26806,""199"":4115,""16"":170279,""12"":11367,""449"":0,""636"":307231,""1148"":78,""11"":8935106000,""14"":1160700155,""387"":""2b3430313937312e303136372d303038343130382e333136372b3030302e3036302f""}"
2026-07-01T07:23:28Z,862272088542776,Codec8E,2026-06-30 17:02:38.000 UTC,1782838958000,0,40.1971500,-8.4109066,60,267,10,19,0,"{""239"":1,""240"":1,""21"":4,""200"":0,""69"":1,""237"":2,""113"":100,""303"":1,""383"":3,""1149"":7,""181"":21,""182"":10,""66"":14680,""24"":19,""206"":48740,""67"":4128,""68"":0,""13"":681,""17"":-172,""18"":-24,""19"":40,""15"":1000,""241"":26806,""199"":4123,""16"":170287,""12"":11367,""449"":0,""636"":307231,""1148"":78,""11"":8935106000,""14"":1160700155,""387"":""2b3430313937312e353030302d303038343130392e303636372b3030302e3036302f""}"
2026-07-01T07:23:28Z,862272088542776,Codec8E,2026-06-30 17:02:42.000 UTC,1782838962000,0,40.1971666,-8.4113383,61,274,9,31,0,"{""239"":1,""240"":1,""21"":4,""200"":0,""69"":1,""237"":2,""113"":100,""303"":1,""383"":3,""1149"":7,""181"":18,""182"":10,""66"":14707,""24"":31,""206"":48740,""67"":4128,""68"":0,""13"":681,""17"":-110,""18"":11,""19"":23,""15"":1000,""241"":26806,""199"":4160,""16"":170324,""12"":11367,""449"":0,""636"":307232,""1148"":78,""11"":8935106000,""14"":1160700155,""387"":""2b3430313937312e363636372d303038343131332e333833332b3030302e3036312f""}"
2026-07-01T07:23:28Z,862272088542776,Codec8E,2026-06-30 17:02:48.000 UTC,1782838968000,0,40.1971399,-8.4120683,61,264,9,36,0,"{""239"":1,""240"":1,""21"":4,""200"":0,""69"":1,""237"":2,""113"":100,""303"":1,""383"":3,""1149"":7,""181"":27,""182"":11,""66"":14644,""24"":36,""206"":48740,""67"":4129,""68"":0,""13"":681,""17"":-60,""18"":-51,""19"":51,""15"":1000,""241"":26806,""199"":4223,""16"":170387,""12"":11367,""449"":0,""636"":307232,""1148"":78,""11"":8935106000,""14"":1160700155,""387"":""2b3430313937312e343030302d303038343132302e363833332b3030302e3036312f""}"
2026-07-01T07:23:28Z,862272088542776,Codec8E,2026-06-30 17:02:49.000 UTC,1782838969000,0,40.1970633,-8.4122166,60,249,9,37,0,"{""239"":1,""240"":1,""21"":4,""200"":0,""69"":1,""237"":2,""113"":100,""303"":1,""383"":3,""1149"":7,""181"":25,""182"":11,""66"":14633,""24"":37,""206"":48740,""67"":4128,""68"":0,""13"":681,""17"":-16,""18"":-35,""19"":78,""15"":1000,""241"":26806,""199"":4238,""16"":170402,""12"":11367,""449"":0,""636"":307232,""1148"":78,""11"":8935106000,""14"":1160700155,""387"":""2b3430313937302e363333332d303038343132322e313636372b3030302e3036302f""}"
2026-07-01T07:23:28Z,862272088542776,Codec8E,2026-06-30 17:02:57.000 UTC,1782838977000,0,40.1966149,-8.4132733,58,244,10,42,0,"{""239"":1,""240"":1,""21"":4,""200"":0,""69"":1,""237"":2,""113"":100,""303"":1,""383"":3,""1149"":7,""181"":13,""182"":9,""66"":14639,""24"":42,""206"":48740,""67"":4129,""68"":0,""13"":681,""17"":16,""18"":-86,""19"":-8,""15"":1000,""241"":26806,""199"":4341,""16"":170505,""12"":11367,""449"":0,""636"":307232,""1148"":78,""11"":8935106000,""14"":1160700155,""387"":""2b3430313936362e313530302d303038343133322e373333332b3030302e3035382f""}"
2026-07-01T07:23:28Z,862272088542776,Codec8E,2026-06-30 17:03:05.000 UTC,1782838985000,0,40.1962249,-8.4140133,54,234,7,34,0,"{""239"":1,""240"":1,""21"":5,""200"":0,""69"":1,""237"":2,""113"":100,""303"":1,""383"":3,""1149"":3,""181"":30,""182"":17,""66"":14631,""24"":34,""206"":48740,""67"":4129,""68"":0,""13"":681,""17"":-36,""18"":-78,""19"":58,""15"":1000,""241"":26806,""199"":4418,""16"":170582,""12"":11367,""449"":0,""636"":307223,""1148"":70,""11"":8935106000,""14"":1160700155,""387"":""2b3430313936322e323530302d303038343134302e313333332b3030302e3035342f""}"
2026-07-01T07:23:28Z,862272088542776,Codec8E,2026-06-30 17:03:14.000 UTC,1782838994000,0,40.1958716,-8.4149083,53,245,9,33,0,"{""239"":1,""240"":1,""21"":5,""200"":0,""69"":1,""237"":2,""113"":100,""303"":1,""383"":3,""1149"":3,""181"":17,""182"":10,""66"":14616,""24"":33,""206"":48740,""67"":4130,""68"":0,""13"":681,""17"":161,""18"":-55,""19"":25,""15"":1000,""241"":26806,""199"":4503,""16"":170667,""12"":11367,""449"":0,""636"":307223,""1148"":70,""11"":8935106000,""14"":1160700155,""387"":""2b3430313935382e373136372d303038343134392e303833332b3030302e3035332f""}"
2026-07-01T07:23:29Z,862272088542776,Codec8E,2026-06-30 17:03:17.000 UTC,1782838997000,0,40.1958066,-8.4150766,52,232,10,25,0,"{""239"":1,""240"":1,""21"":5,""200"":0,""69"":1,""237"":2,""113"":100,""303"":1,""383"":3,""1149"":3,""181"":17,""182"":10,""66"":14684,""24"":25,""206"":48740,""67"":4129,""68"":0,""13"":681,""17"":27,""18"":-337,""19"":42,""15"":1000,""241"":26806,""199"":4519,""16"":170683,""12"":11367,""449"":0,""636"":307243,""1148"":70,""11"":8935106000,""14"":1160700155,""387"":""2b3430313935382e303636372d303038343135302e373636372b3030302e3035322f""}"
2026-07-01T07:23:29Z,862272088542776,Codec8E,2026-06-30 17:03:19.000 UTC,1782838999000,0,40.1957416,-8.4151283,52,213,10,21,0,"{""239"":1,""240"":1,""21"":5,""200"":0,""69"":1,""237"":2,""113"":100,""303"":1,""383"":3,""1149"":3,""181"":18,""182"":10,""66"":14693,""24"":21,""206"":48740,""67"":4128,""68"":0,""13"":681,""17"":-104,""18"":-204,""19"":40,""15"":1000,""241"":26806,""199"":4528,""16"":170692,""12"":11367,""449"":0,""636"":307243,""1148"":70,""11"":8935106000,""14"":1160700155,""387"":""2b3430313935372e343136372d303038343135312e323833332b3030302e3035322f""}"
2026-07-01T07:23:29Z,862272088542776,Codec8E,2026-06-30 17:03:20.000 UTC,1782839000000,0,40.1957116,-8.4151200,52,202,10,19,0,"{""239"":1,""240"":1,""21"":5,""200"":0,""69"":1,""237"":2,""113"":100,""303"":1,""383"":3,""1149"":3,""181"":16,""182"":10,""66"":14606,""24"":19,""206"":48740,""67"":4128,""68"":0,""13"":681,""17"":-96,""18"":-182,""19"":-89,""15"":1000,""241"":26806,""199"":4532,""16"":170696,""12"":11367,""449"":0,""636"":307243,""1148"":70,""11"":8935106000,""14"":1160700155,""387"":""2b3430313935372e313136372d303038343135312e323030302b3030302e3035322f""}"
2026-07-01T07:23:29Z,862272088542776,Codec8E,2026-06-30 17:03:21.000 UTC,1782839001000,0,40.1956816,-8.4150600,52,168,10,17,0,"{""239"":1,""240"":1,""21"":5,""200"":0,""69"":1,""237"":2,""113"":100,""303"":1,""383"":3,""1149"":3,""181"":22,""182"":11,""66"":14681,""24"":17,""206"":48740,""67"":4128,""68"":0,""13"":681,""17"":-89,""18"":-94,""19"":52,""15"":1000,""241"":26806,""199"":4538,""16"":170702,""12"":11367,""449"":0,""636"":307243,""1148"":70,""11"":8935106000,""14"":1160700155,""387"":""2b3430313935362e383136372d303038343135302e363030302b3030302e3035322f""}"
2026-07-01T07:23:29Z,862272088542776,Codec8E,2026-06-30 17:03:22.000 UTC,1782839002000,0,40.1956633,-8.4149683,52,135,10,16,0,"{""239"":1,""240"":1,""21"":5,""200"":0,""69"":1,""237"":2,""113"":100,""303"":1,""383"":3,""1149"":3,""181"":18,""182"":11,""66"":14625,""24"":16,""206"":48740,""67"":4128,""68"":0,""13"":681,""17"":-93,""18"":-55,""19"":3,""15"":1000,""241"":26806,""199"":4546,""16"":170710,""12"":11367,""449"":0,""636"":307243,""1148"":70,""11"":8935106000,""14"":1160700155,""387"":""2b3430313935362e363333332d303038343134392e363833332b3030302e3035322f""}"
2026-07-01T07:23:32Z,862272088542776,Codec8E,2026-06-30 17:03:23.000 UTC,1782839003000,0,40.1956550,-8.4148483,52,114,11,17,0,"{""239"":1,""240"":1,""21"":5,""200"":0,""69"":1,""237"":2,""113"":100,""303"":1,""383"":3,""1149"":3,""181"":14,""182"":10,""66"":14654,""24"":17,""206"":48740,""67"":4128,""68"":0,""13"":681,""17"":-59,""18"":-18,""19"":36,""15"":1000,""241"":26806,""199"":4556,""16"":170720,""12"":11367,""449"":0,""636"":307243,""1148"":70,""11"":8935106000,""14"":1160700155,""387"":""2b3430313935362e353530302d303038343134382e343833332b3030302e3035322f""}"
2026-07-01T07:23:32Z,862272088542776,Codec8E,2026-06-30 17:03:25.000 UTC,1782839005000,0,40.1956200,-8.4144883,49,104,12,25,0,"{""239"":1,""240"":1,""21"":5,""200"":0,""69"":1,""237"":2,""113"":100,""303"":1,""383"":3,""1149"":3,""181"":15,""182"":8,""66"":14636,""24"":25,""206"":48740,""67"":4130,""68"":0,""13"":681,""17"":150,""18"":-28,""19"":9,""15"":1000,""241"":26806,""199"":4587,""16"":170751,""12"":11367,""449"":0,""636"":307243,""1148"":70,""11"":8935106000,""14"":1160700155,""387"":""2b3430313935362e323030302d303038343134342e383833332b3030302e3034392f""}"
2026-07-01T07:23:32Z,862272088542776,Codec8E,2026-06-30 17:03:30.000 UTC,1782839010000,0,40.1955100,-8.4138349,45,102,10,35,0,"{""239"":1,""240"":1,""21"":4,""200"":0,""69"":1,""237"":2,""113"":100,""303"":1,""383"":3,""1149"":1,""181"":22,""182"":16,""66"":14674,""24"":35,""206"":48740,""67"":4128,""68"":0,""13"":681,""17"":105,""18"":-10,""19"":52,""15"":1000,""241"":26806,""199"":4644,""16"":170808,""12"":11367,""449"":0,""636"":307243,""1148"":75,""11"":8935106000,""14"":1160700155,""387"":""2b3430313935352e313030302d303038343133382e333530302b3030302e3034352f""}"
2026-07-01T07:23:32Z,862272088542776,Codec8E,2026-06-30 17:03:34.000 UTC,1782839014000,0,40.1953333,-8.4133650,44,114,9,33,0,"{""239"":1,""240"":1,""21"":4,""200"":0,""69"":1,""237"":2,""113"":100,""303"":1,""383"":3,""1149"":1,""181"":22,""182"":16,""66"":14657,""24"":33,""206"":48740,""67"":4129,""68"":0,""13"":681,""17"":30,""18"":106,""19"":118,""15"":1000,""241"":26806,""199"":4689,""16"":170853,""12"":11367,""449"":0,""636"":307243,""1148"":75,""11"":8935106000,""14"":1160700155,""387"":""2b3430313935332e333333332d303038343133332e363530302b3030302e3034342f""}"
2026-07-01T07:23:32Z,862272088542776,Codec8E,2026-06-30 17:03:38.000 UTC,1782839018000,0,40.1951866,-8.4130966,42,129,9,28,0,"{""239"":1,""240"":1,""21"":4,""200"":0,""69"":1,""237"":2,""113"":100,""303"":1,""383"":3,""1149"":1,""181"":20,""182"":16,""66"":14642,""24"":28,""206"":48740,""67"":4129,""68"":0,""13"":681,""17"":8,""18"":55,""19"":36,""15"":1000,""241"":26806,""199"":4717,""16"":170881,""12"":11367,""449"":0,""636"":307243,""1148"":75,""11"":8935106000,""14"":1160700155,""387"":""2b3430313935312e383636372d303038343133302e393636372b3030302e3034322f""}"
2026-07-01T07:23:33Z,862272088542776,Codec8E,2026-06-30 17:03:40.000 UTC,1782839020000,0,40.1950816,-8.4130133,40,146,10,26,0,"{""239"":1,""240"":1,""21"":4,""200"":0,""69"":1,""237"":2,""113"":100,""303"":1,""383"":3,""1149"":1,""181"":22,""182"":12,""66"":14643,""24"":26,""206"":48740,""67"":4129,""68"":0,""13"":681,""17"":-5,""18"":58,""19"":123,""15"":1000,""241"":26806,""199"":4731,""16"":170895,""12"":11367,""449"":0,""636"":307243,""1148"":75,""11"":8935106000,""14"":1160700155,""387"":""2b3430313935302e383136372d303038343133302e313333332b3030302e3034302f""}"
2026-07-01T07:23:33Z,862272088542776,Codec8E,2026-06-30 17:03:42.000 UTC,1782839022000,0,40.1949733,-8.4129500,39,157,12,25,0,"{""239"":1,""240"":1,""21"":4,""200"":0,""69"":1,""237"":2,""113"":100,""303"":1,""383"":3,""1149"":1,""181"":15,""182"":9,""66"":14646,""24"":25,""206"":48740,""67"":4129,""68"":0,""13"":681,""17"":61,""18"":4,""19"":10,""15"":1000,""241"":26806,""199"":4744,""16"":170908,""12"":11367,""449"":0,""636"":307243,""1148"":75,""11"":8935106000,""14"":1160700155,""387"":""2b3430313934392e373333332d303038343132392e353030302b3030302e3033392f""}"
2026-07-01T07:23:33Z,862272088542776,Codec8E,2026-06-30 17:03:44.000 UTC,1782839024000,0,40.1948750,-8.4129133,38,168,12,23,0,"{""239"":1,""240"":1,""21"":4,""200"":0,""69"":1,""237"":2,""113"":100,""303"":1,""383"":3,""1149"":1,""181"":17,""182"":8,""66"":14659,""24"":23,""206"":48740,""67"":4129,""68"":0,""13"":681,""17"":-17,""18"":-8,""19"":118,""15"":1000,""241"":26806,""199"":4755,""16"":170919,""12"":11367,""449"":0,""636"":307243,""1148"":75,""11"":8935106000,""14"":1160700155,""387"":""2b3430313934382e373530302d303038343132392e313333332b3030302e3033382f""}"
2026-07-01T07:23:33Z,862272088542776,Codec8E,2026-06-30 17:03:47.000 UTC,1782839027000,0,40.1947300,-8.4128833,37,179,12,19,0,"{""239"":1,""240"":1,""21"":4,""200"":0,""69"":1,""237"":2,""113"":100,""303"":1,""383"":3,""1149"":1,""181"":20,""182"":9,""66"":14609,""24"":19,""206"":48740,""67"":4129,""68"":0,""13"":681,""17"":178,""18"":-35,""19"":13,""15"":1000,""241"":26806,""199"":4771,""16"":170935,""12"":11367,""449"":0,""636"":309546,""1148"":75,""11"":8935106000,""14"":1160700155,""387"":""2b3430313934372e333030302d303038343132382e383333332b3030302e3033372f""}"
2026-07-01T07:23:33Z,862272088542776,Codec8E,2026-06-30 17:03:51.000 UTC,1782839031000,0,40.1947000,-8.4128833,35,185,14,8,0,"{""239"":1,""240"":1,""21"":4,""200"":0,""69"":1,""237"":2,""113"":100,""303"":1,""383"":3,""1149"":1,""181"":10,""182"":7,""66"":14663,""24"":8,""206"":48740,""67"":4128,""68"":0,""13"":681,""17"":-103,""18"":15,""19"":19,""15"":1000,""241"":26806,""199"":4775,""16"":170939,""12"":11367,""449"":0,""636"":309546,""1148"":75,""11"":8935106000,""14"":1160700155,""387"":""2b3430313934372e303030302d303038343132382e383333332b3030302e3033352f""}"
2026-07-01T07:23:34Z,862272088542776,Codec8E,2026-06-30 17:04:03.000 UTC,1782839043000,0,40.1946899,-8.4129333,33,179,13,0,303,"{""239"":1,""240"":1,""21"":4,""200"":0,""69"":1,""237"":2,""113"":100,""303"":0,""383"":3,""1149"":1,""181"":11,""182"":7,""66"":14644,""24"":0,""206"":48740,""67"":4128,""68"":0,""13"":677,""17"":-46,""18"":-25,""19"":7,""15"":1000,""241"":26806,""199"":4777,""16"":170941,""12"":11368,""449"":0,""636"":307243,""1148"":72,""11"":8935106000,""14"":1160700155,""387"":""2b3430313934362e393030302d303038343132392e333333332b3030302e3033332f""}"
2026-07-01T07:23:34Z,862272088542776,Codec8E,2026-06-30 17:04:15.000 UTC,1782839055000,0,40.1946166,-8.4129666,34,243,12,6,0,"{""239"":1,""240"":1,""21"":4,""200"":0,""69"":1,""237"":2,""113"":100,""303"":0,""383"":3,""1149"":1,""181"":11,""182"":8,""66"":14691,""24"":6,""206"":48740,""67"":4129,""68"":0,""13"":678,""17"":-172,""18"":-8,""19"":28,""15"":1000,""241"":26806,""199"":4788,""16"":170952,""12"":11371,""449"":0,""636"":339242,""1148"":72,""11"":8935106000,""14"":1160700155,""387"":""2b3430313934362e313636372d303038343132392e363636372b3030302e3033342f""}"
2026-07-01T07:23:34Z,862272088542776,Codec8E,2026-06-30 17:04:15.010 UTC,1782839055010,0,40.1945950,-8.4130049,34,236,12,8,303,"{""239"":1,""240"":1,""21"":4,""200"":0,""69"":1,""237"":2,""113"":100,""303"":1,""383"":3,""1149"":1,""181"":11,""182"":8,""66"":14604,""24"":6,""206"":48740,""67"":4129,""68"":0,""13"":678,""17"":-189,""18"":-34,""19"":67,""15"":1000,""241"":26806,""199"":4788,""16"":170952,""12"":11371,""449"":0,""636"":339242,""1148"":72,""11"":8935106000,""14"":1160700155,""387"":""2b3430313934362e313636372d303038343132392e363636372b3030302e3033342f""}"
2026-07-01T07:23:34Z,862272088542776,Codec8E,2026-06-30 17:04:20.000 UTC,1782839060000,0,40.1944733,-8.4132533,34,241,12,18,0,"{""239"":1,""240"":1,""21"":4,""200"":0,""69"":1,""237"":2,""113"":100,""303"":1,""383"":3,""1149"":1,""181"":14,""182"":8,""66"":14622,""24"":18,""206"":48740,""67"":4128,""68"":0,""13"":678,""17"":199,""18"":21,""19"":81,""15"":1000,""241"":26806,""199"":4818,""16"":170982,""12"":11371,""449"":0,""636"":339242,""1148"":72,""11"":8935106000,""14"":1160700155,""387"":""2b3430313934342e373333332d303038343133322e353333332b3030302e3033342f""}"
2026-07-01T07:23:34Z,862272088542776,Codec8E,2026-06-30 17:04:27.000 UTC,1782839067000,0,40.1942750,-8.4138550,34,244,10,29,0,"{""239"":1,""240"":1,""21"":4,""200"":0,""69"":1,""237"":2,""113"":100,""303"":1,""383"":3,""1149"":1,""181"":21,""182"":11,""66"":14626,""24"":29,""206"":48740,""67"":4129,""68"":0,""13"":678,""17"":-157,""18"":-37,""19"":47,""15"":1000,""241"":26806,""199"":4873,""16"":171037,""12"":11371,""449"":0,""636"":339252,""1148"":72,""11"":8935106000,""14"":1160700155,""387"":""2b3430313934322e373530302d303038343133382e353530302b3030302e3033342f""}"
2026-07-01T07:23:35Z,862272088542776,Codec8E,2026-06-30 17:04:31.000 UTC,1782839071000,0,40.1940683,-8.4144049,32,238,11,39,0,"{""239"":1,""240"":1,""21"":5,""200"":0,""69"":1,""237"":2,""113"":100,""303"":1,""383"":3,""1149"":3,""181"":13,""182"":9,""66"":14628,""24"":39,""206"":48740,""67"":4128,""68"":0,""13"":678,""17"":-64,""18"":-48,""19"":71,""15"":1000,""241"":26806,""199"":4925,""16"":171089,""12"":11371,""449"":0,""636"":339222,""1148"":67,""11"":8935106000,""14"":1160700155,""387"":""2b3430313934302e363833332d303038343134342e303530302b3030302e3033322f""}"
2026-07-01T07:23:35Z,862272088542776,Codec8E,2026-06-30 17:04:34.000 UTC,1782839074000,0,40.1938200,-8.4147633,32,226,11,43,0,"{""239"":1,""240"":1,""21"":5,""200"":0,""69"":1,""237"":2,""113"":100,""303"":1,""383"":3,""1149"":3,""181"":24,""182"":10,""66"":14683,""24"":43,""206"":48740,""67"":4129,""68"":0,""13"":678,""17"":-34,""18"":-15,""19"":10,""15"":1000,""241"":26806,""199"":4966,""16"":171130,""12"":11371,""449"":0,""636"":307223,""1148"":67,""11"":8935106000,""14"":1160700155,""387"":""2b3430313933382e323030302d303038343134372e363333332b3030302e3033322f""}"
2026-07-01T07:23:35Z,862272088542776,Codec8E,2026-06-30 17:04:38.000 UTC,1782839078000,0,40.1935266,-8.4152733,32,241,12,44,0,"{""239"":1,""240"":1,""21"":5,""200"":0,""69"":1,""237"":2,""113"":100,""303"":1,""383"":3,""1149"":3,""181"":18,""182"":9,""66"":14659,""24"":44,""206"":48740,""67"":4129,""68"":0,""13"":678,""17"":136,""18"":52,""19"":75,""15"":1000,""241"":26806,""199"":5021,""16"":171185,""12"":11371,""449"":0,""636"":339222,""1148"":67,""11"":8935106000,""14"":1160700155,""387"":""2b3430313933352e323636372d303038343135322e373333332b3030302e3033322f""}"
2026-07-01T07:23:35Z,862272088542776,Codec8E,2026-06-30 17:04:40.000 UTC,1782839080000,0,40.1934916,-8.4155033,33,257,12,38,0,"{""239"":1,""240"":1,""21"":5,""200"":0,""69"":1,""237"":2,""113"":100,""303"":1,""383"":3,""1149"":3,""181"":12,""182"":8,""66"":14658,""24"":38,""206"":48740,""67"":4129,""68"":0,""13"":678,""17"":-154,""18"":-130,""19"":39,""15"":1000,""241"":26806,""199"":5041,""16"":171205,""12"":11371,""449"":0,""636"":339222,""1148"":67,""11"":8935106000,""14"":1160700155,""387"":""2b3430313933342e393136372d303038343135352e303333332b3030302e3033332f""}"
2026-07-01T07:23:35Z,862272088542776,Codec8E,2026-06-30 17:04:49.000 UTC,1782839089000,0,40.1931533,-8.4166500,24,247,10,45,0,"{""239"":1,""240"":1,""21"":5,""200"":0,""69"":1,""237"":2,""113"":100,""303"":1,""383"":3,""1149"":3,""181"":19,""182"":9,""66"":14627,""24"":45,""206"":48740,""67"":4128,""68"":0,""13"":678,""17"":-136,""18"":-53,""19"":34,""15"":1000,""241"":26806,""199"":5148,""16"":171312,""12"":11371,""449"":0,""636"":307223,""1148"":67,""11"":8935106000,""14"":1160700155,""387"":""2b3430313933312e353333332d303038343136362e353030302b3030302e3032342f""}"
2026-07-01T07:23:35Z,862272088542776,Codec8E,2026-06-30 17:04:53.000 UTC,1782839093000,0,40.1929816,-8.4173700,22,257,11,51,0,"{""239"":1,""240"":1,""21"":5,""200"":0,""69"":1,""237"":2,""113"":100,""303"":1,""383"":3,""1149"":3,""181"":14,""182"":8,""66"":14678,""24"":51,""206"":48740,""67"":4128,""68"":0,""13"":678,""17"":-83,""18"":16,""19"":15,""15"":1000,""241"":26806,""199"":5212,""16"":171376,""12"":11371,""449"":0,""636"":339222,""1148"":67,""11"":8935106000,""14"":1160700155,""387"":""2b3430313932392e383136372d303038343137332e373030302b3030302e3032322f""}"
2026-07-01T07:23:35Z,862272088542776,Codec8E,2026-06-30 17:04:57.000 UTC,1782839097000,0,40.1929616,-8.4180833,24,268,10,53,0,"{""239"":1,""240"":1,""21"":5,""200"":0,""69"":1,""237"":2,""113"":100,""303"":1,""383"":3,""1149"":3,""181"":12,""182"":8,""66"":14611,""24"":53,""206"":48740,""67"":4128,""68"":0,""13"":678,""17"":-147,""18"":-31,""19"":66,""15"":1000,""241"":26806,""199"":5273,""16"":171437,""12"":11371,""449"":0,""636"":339222,""1148"":67,""11"":8935106000,""14"":1160700155,""387"":""2b3430313932392e363136372d303038343138302e383333332b3030302e3032342f""}"
2026-07-01T07:23:35Z,862272088542776,Codec8E,2026-06-30 17:05:03.000 UTC,1782839103000,0,40.1929299,-8.4193583,26,267,12,63,0,"{""239"":1,""240"":1,""21"":5,""200"":0,""69"":1,""237"":2,""113"":100,""303"":1,""383"":3,""1149"":3,""181"":11,""182"":8,""66"":14642,""24"":63,""206"":48740,""67"":4128,""68"":0,""13"":678,""17"":-69,""18"":-7,""19"":55,""15"":1000,""241"":26806,""199"":5381,""16"":171545,""12"":11371,""449"":0,""636"":339222,""1148"":69,""11"":8935106000,""14"":1160700155,""387"":""2b3430313932392e333030302d303038343139332e353833332b3030302e3032362f""}"
2026-07-01T07:23:35Z,862272088542776,Codec8E,2026-06-30 17:05:09.000 UTC,1782839109000,0,40.1928833,-8.4206866,28,267,9,66,0,"{""239"":1,""240"":1,""21"":5,""200"":0,""69"":1,""237"":2,""113"":100,""303"":1,""383"":3,""1149"":3,""181"":24,""182"":10,""66"":14632,""24"":66,""206"":48740,""67"":4128,""68"":0,""13"":678,""17"":-33,""18"":-47,""19"":83,""15"":1000,""241"":26806,""199"":5494,""16"":171658,""12"":11371,""449"":0,""636"":339222,""1148"":69,""11"":8935106000,""14"":1160700155,""387"":""2b3430313932382e383333332d303038343230362e383636372b3030302e3032382f""}"
2026-07-01T07:23:35Z,862272088542776,Codec8E,2026-06-30 17:05:15.000 UTC,1782839115000,0,40.1928500,-8.4219866,29,268,12,67,0,"{""239"":1,""240"":1,""21"":5,""200"":0,""69"":1,""237"":2,""113"":100,""303"":1,""383"":3,""1149"":3,""181"":13,""182"":8,""66"":14614,""24"":67,""206"":48740,""67"":4128,""68"":0,""13"":678,""17"":-56,""18"":-55,""19"":-40,""15"":1000,""241"":26806,""199"":5605,""16"":171769,""12"":11371,""449"":0,""636"":339222,""1148"":69,""11"":8935106000,""14"":1160700155,""387"":""2b3430313932382e353030302d303038343231392e383636372b3030302e3032392f""}"
2026-07-01T07:23:36Z,862272088542776,Codec8E,2026-06-30 17:05:21.000 UTC,1782839121000,0,40.1929166,-8.4233083,30,270,11,67,0,"{""239"":1,""240"":1,""21"":5,""200"":0,""69"":1,""237"":2,""113"":100,""303"":1,""383"":3,""1149"":3,""181"":12,""182"":8,""66"":14649,""24"":67,""206"":48740,""67"":4128,""68"":0,""13"":678,""17"":-32,""18"":-49,""19"":13,""15"":1000,""241"":26806,""199"":5717,""16"":171881,""12"":11371,""449"":0,""636"":339222,""1148"":69,""11"":8935106000,""14"":1160700155,""387"":""2b3430313932392e313636372d303038343233332e303833332b3030302e3033302f""}"
2026-07-01T07:23:36Z,862272088542776,Codec8E,2026-06-30 17:05:27.000 UTC,1782839127000,0,40.1928833,-8.4246383,30,267,10,67,0,"{""239"":1,""240"":1,""21"":5,""200"":0,""69"":1,""237"":2,""113"":100,""303"":1,""383"":3,""1149"":3,""181"":12,""182"":9,""66"":14604,""24"":67,""206"":48740,""67"":4128,""68"":0,""13"":678,""17"":-23,""18"":-54,""19"":46,""15"":1000,""241"":26806,""199"":5830,""16"":171994,""12"":11371,""449"":0,""636"":339222,""1148"":69,""11"":8935106000,""14"":1160700155,""387"":""2b3430313932382e383333332d303038343234362e333833332b3030302e3033302f""}"
2026-07-01T07:23:36Z,862272088542776,Codec8E,2026-06-30 17:05:33.000 UTC,1782839133000,0,40.1928183,-8.4259683,35,266,11,67,0,"{""239"":1,""240"":1,""21"":5,""200"":0,""69"":1,""237"":2,""113"":100,""303"":1,""383"":3,""1149"":3,""181"":12,""182"":8,""66"":14618,""24"":67,""206"":48740,""67"":4129,""68"":0,""13"":678,""17"":-20,""18"":-31,""19"":96,""15"":1000,""241"":26806,""199"":5943,""16"":172107,""12"":11371,""449"":0,""636"":339222,""1148"":69,""11"":8935106000,""14"":1160700155,""387"":""2b3430313932382e313833332d303038343235392e363833332b3030302e3033352f""}"
2026-07-01T07:23:36Z,862272088542776,Codec8E,2026-06-30 17:05:39.000 UTC,1782839139000,0,40.1927899,-8.4273133,37,264,12,67,0,"{""239"":1,""240"":1,""21"":4,""200"":0,""69"":1,""237"":2,""113"":100,""303"":1,""383"":3,""1149"":3,""181"":12,""182"":8,""66"":14648,""24"":67,""206"":48740,""67"":4129,""68"":0,""13"":678,""17"":-54,""18"":-25,""19"":154,""15"":1000,""241"":26806,""199"":6058,""16"":172222,""12"":11371,""449"":0,""636"":339221,""1148"":69,""11"":8935106000,""14"":1160700155,""387"":""2b3430313932372e393030302d303038343237332e313333332b3030302e3033372f""}"
2026-07-01T07:23:36Z,862272088542776,Codec8E,2026-06-30 17:05:42.000 UTC,1782839142000,0,40.1927100,-8.4279416,39,250,13,65,0,"{""239"":1,""240"":1,""21"":4,""200"":0,""69"":1,""237"":2,""113"":100,""303"":1,""383"":3,""1149"":3,""181"":11,""182"":7,""66"":14666,""24"":65,""206"":48740,""67"":4128,""68"":0,""13"":678,""17"":-88,""18"":-112,""19"":13,""15"":1000,""241"":26806,""199"":6112,""16"":172276,""12"":11371,""449"":0,""636"":339221,""1148"":69,""11"":8935106000,""14"":1160700155,""387"":""2b3430313932372e313030302d303038343237392e343136372b3030302e3033392f""}"
2026-07-01T07:23:36Z,862272088542776,Codec8E,2026-06-30 17:05:46.000 UTC,1782839146000,0,40.1923950,-8.4286900,46,237,12,64,0,"{""239"":1,""240"":1,""21"":4,""200"":0,""69"":1,""237"":2,""113"":100,""303"":1,""383"":3,""1149"":3,""181"":11,""182"":8,""66"":14678,""24"":64,""206"":48740,""67"":4128,""68"":0,""13"":678,""17"":-47,""18"":-54,""19"":112,""15"":1000,""241"":26806,""199"":6185,""16"":172349,""12"":11371,""449"":0,""636"":339221,""1148"":69,""11"":8935106000,""14"":1160700155,""387"":""2b3430313932332e393530302d303038343238362e393030302b3030302e3034362f""}"
2026-07-01T07:23:36Z,862272088542776,Codec8E,2026-06-30 17:05:53.000 UTC,1782839153000,0,40.1918550,-8.4297716,54,244,12,54,0,"{""239"":1,""240"":1,""21"":4,""200"":0,""69"":1,""237"":2,""113"":100,""303"":1,""383"":3,""1149"":3,""181"":16,""182"":9,""66"":14612,""24"":54,""206"":48740,""67"":4128,""68"":0,""13"":678,""17"":304,""18"":-29,""19"":11,""15"":1000,""241"":26806,""199"":6295,""16"":172459,""12"":11371,""449"":0,""636"":339223,""1148"":69,""11"":8935106000,""14"":1160700155,""387"":""2b3430313931382e353530302d303038343239372e373136372b3030302e3035342f""}"
2026-07-01T07:23:36Z,862272088542776,Codec8E,2026-06-30 17:05:56.000 UTC,1782839156000,0,40.1917250,-8.4300216,52,256,13,42,0,"{""239"":1,""240"":1,""21"":4,""200"":0,""69"":1,""237"":2,""113"":100,""303"":1,""383"":3,""1149"":3,""181"":12,""182"":8,""66"":14646,""24"":42,""206"":48740,""67"":4128,""68"":0,""13"":678,""17"":-87,""18"":-29,""19"":57,""15"":1000,""241"":26806,""199"":6322,""16"":172486,""12"":11371,""449"":0,""636"":339223,""1148"":69,""11"":8935106000,""14"":1160700155,""387"":""2b3430313931372e323530302d303038343330302e323136372b3030302e3035322f""}"
2026-07-01T07:23:36Z,862272088542776,Codec8E,2026-06-30 17:05:59.000 UTC,1782839159000,0,40.1916900,-8.4301833,53,262,13,32,0,"{""239"":1,""240"":1,""21"":4,""200"":0,""69"":1,""237"":2,""113"":100,""303"":1,""383"":3,""1149"":3,""181"":11,""182"":7,""66"":14653,""24"":32,""206"":48740,""67"":4128,""68"":0,""13"":678,""17"":-88,""18"":-36,""19"":74,""15"":1000,""241"":26806,""199"":6337,""16"":172501,""12"":11371,""449"":0,""636"":339223,""1148"":69,""11"":8935106000,""14"":1160700155,""387"":""2b3430313931362e393030302d303038343330312e383333332b3030302e3035332f""}"
2026-07-01T07:23:36Z,862272088542776,Codec8E,2026-06-30 17:06:01.000 UTC,1782839161000,0,40.1916966,-8.4303483,53,273,13,29,0,"{""239"":1,""240"":1,""21"":5,""200"":0,""69"":1,""237"":2,""113"":100,""303"":1,""383"":3,""1149"":3,""181"":14,""182"":8,""66"":14664,""24"":29,""206"":48740,""67"":4128,""68"":0,""13"":678,""17"":50,""18"":-60,""19"":32,""15"":1000,""241"":26806,""199"":6351,""16"":172515,""12"":11371,""449"":0,""636"":339223,""1148"":72,""11"":8935106000,""14"":1160700155,""387"":""2b3430313931362e393636372d303038343330332e343833332b3030302e3035332f""}"
2026-07-01T07:23:37Z,862272088542776,Codec8E,2026-06-30 17:06:05.000 UTC,1782839165000,0,40.1917583,-8.4306616,50,286,12,24,0,"{""239"":1,""240"":1,""21"":5,""200"":0,""69"":1,""237"":2,""113"":100,""303"":1,""383"":3,""1149"":3,""181"":13,""182"":8,""66"":14633,""24"":24,""206"":48740,""67"":4128,""68"":0,""13"":678,""17"":-98,""18"":-24,""19"":14,""15"":1000,""241"":26806,""199"":6378,""16"":172542,""12"":11371,""449"":0,""636"":1566742,""1148"":72,""11"":8935106000,""14"":1160700155,""387"":""2b3430313931372e353833332d303038343330362e363136372b3030302e3035302f""}"
2026-07-01T07:23:37Z,862272088542776,Codec8E,2026-06-30 17:06:09.000 UTC,1782839169000,0,40.1918583,-8.4310766,50,276,13,30,0,"{""239"":1,""240"":1,""21"":5,""200"":0,""69"":1,""237"":2,""113"":100,""303"":1,""383"":3,""1149"":3,""181"":15,""182"":8,""66"":14653,""24"":30,""206"":48740,""67"":4128,""68"":0,""13"":678,""17"":-47,""18"":-373,""19"":66,""15"":1000,""241"":26806,""199"":6416,""16"":172580,""12"":11371,""449"":0,""636"":307223,""1148"":72,""11"":8935106000,""14"":1160700155,""387"":""2b3430313931382e353833332d303038343331302e373636372b3030302e3035302f""}"
2026-07-01T07:23:37Z,862272088542776,Codec8E,2026-06-30 17:06:11.000 UTC,1782839171000,0,40.1918516,-8.4313500,50,249,13,34,0,"{""239"":1,""240"":1,""21"":5,""200"":0,""69"":1,""237"":2,""113"":100,""303"":1,""383"":3,""1149"":3,""181"":11,""182"":7,""66"":14670,""24"":34,""206"":48740,""67"":4128,""68"":0,""13"":678,""17"":-37,""18"":-437,""19"":126,""15"":1000,""241"":26806,""199"":6439,""16"":172603,""12"":11371,""449"":0,""636"":307223,""1148"":72,""11"":8935106000,""14"":1160700155,""387"":""2b3430313931382e353136372d303038343331332e353030302b3030302e3035302f""}"
2026-07-01T07:23:37Z,862272088542776,Codec8E,2026-06-30 17:06:12.000 UTC,1782839172000,0,40.1918066,-8.4314866,50,231,13,34,0,"{""239"":1,""240"":1,""21"":5,""200"":0,""69"":1,""237"":2,""113"":100,""303"":1,""383"":3,""1149"":3,""181"":11,""182"":7,""66"":14624,""24"":34,""206"":48740,""67"":4129,""68"":0,""13"":678,""17"":-50,""18"":-420,""19"":-30,""15"":1000,""241"":26806,""199"":6451,""16"":172615,""12"":11371,""449"":0,""636"":307223,""1148"":72,""11"":8935106000,""14"":1160700155,""387"":""2b3430313931382e303636372d303038343331342e383636372b3030302e3035302f""}"
2026-07-01T07:23:37Z,862272088542776,Codec8E,2026-06-30 17:06:13.000 UTC,1782839173000,0,40.1917133,-8.4315500,49,204,13,35,0,"{""239"":1,""240"":1,""21"":5,""200"":0,""69"":1,""237"":2,""113"":100,""303"":1,""383"":3,""1149"":3,""181"":12,""182"":7,""66"":14673,""24"":35,""206"":48740,""67"":4129,""68"":0,""13"":678,""17"":-72,""18"":-414,""19"":46,""15"":1000,""241"":26806,""199"":6463,""16"":172627,""12"":11371,""449"":0,""636"":307223,""1148"":72,""11"":8935106000,""14"":1160700155,""387"":""2b3430313931372e313333332d303038343331352e353030302b3030302e3034392f""}"
2026-07-01T07:23:38Z,862272088542776,Codec8E,2026-06-30 17:06:14.000 UTC,1782839174000,0,40.1916049,-8.4316000,49,190,14,36,0,"{""239"":1,""240"":1,""21"":5,""200"":0,""69"":1,""237"":2,""113"":100,""303"":1,""383"":3,""1149"":3,""181"":13,""182"":7,""66"":14601,""24"":36,""206"":48740,""67"":4128,""68"":0,""13"":678,""17"":-83,""18"":-338,""19"":62,""15"":1000,""241"":26806,""199"":6476,""16"":172640,""12"":11371,""449"":0,""636"":307223,""1148"":72,""11"":8935106000,""14"":1160700155,""387"":""2b3430313931362e303530302d303038343331362e303030302b3030302e3034392f""}"
2026-07-01T07:23:38Z,862272088542776,Codec8E,2026-06-30 17:06:15.000 UTC,1782839175000,0,40.1915033,-8.4316116,49,176,14,37,0,"{""239"":1,""240"":1,""21"":5,""200"":0,""69"":1,""237"":2,""113"":100,""303"":1,""383"":3,""1149"":3,""181"":10,""182"":7,""66"":14675,""24"":37,""206"":48740,""67"":4129,""68"":0,""13"":678,""17"":-98,""18"":-304,""19"":18,""15"":1000,""241"":26806,""199"":6487,""16"":172651,""12"":11371,""449"":0,""636"":307223,""1148"":72,""11"":8935106000,""14"":1160700155,""387"":""2b3430313931352e303333332d303038343331362e313136372b3030302e3034392f""}"
2026-07-01T07:23:38Z,862272088542776,Codec8E,2026-06-30 17:06:16.000 UTC,1782839176000,0,40.1914000,-8.4315766,50,165,14,38,0,"{""239"":1,""240"":1,""21"":5,""200"":0,""69"":1,""237"":2,""113"":100,""303"":1,""383"":3,""1149"":3,""181"":10,""182"":7,""66"":14623,""24"":38,""206"":48740,""67"":4128,""68"":0,""13"":678,""17"":-124,""18"":-143,""19"":49,""15"":1000,""241"":26806,""199"":6499,""16"":172663,""12"":11371,""449"":0,""636"":307223,""1148"":72,""11"":8935106000,""14"":1160700155,""387"":""2b3430313931342e303030302d303038343331352e373636372b3030302e3035302f""}"
2026-07-01T07:23:38Z,862272088542776,Codec8E,2026-06-30 17:06:17.000 UTC,1782839177000,0,40.1913016,-8.4314883,50,155,14,38,0,"{""239"":1,""240"":1,""21"":5,""200"":0,""69"":1,""237"":2,""113"":100,""303"":1,""383"":3,""1149"":3,""181"":10,""182"":7,""66"":14627,""24"":38,""206"":48740,""67"":4128,""68"":0,""13"":678,""17"":-80,""18"":-195,""19"":73,""15"":1000,""241"":26806,""199"":6512,""16"":172676,""12"":11371,""449"":0,""636"":307223,""1148"":72,""11"":8935106000,""14"":1160700155,""387"":""2b3430313931332e303136372d303038343331342e383833332b3030302e3035302f""}"
2026-07-01T07:23:38Z,862272088542776,Codec8E,2026-06-30 17:06:19.000 UTC,1782839179000,0,40.1910850,-8.4313200,52,138,14,41,0,"{""239"":1,""240"":1,""21"":5,""200"":0,""69"":1,""237"":2,""113"":100,""303"":1,""383"":3,""1149"":3,""181"":12,""182"":7,""66"":14621,""24"":41,""206"":48740,""67"":4128,""68"":0,""13"":678,""17"":-187,""18"":-341,""19"":8,""15"":1000,""241"":26806,""199"":6541,""16"":172705,""12"":11371,""449"":0,""636"":1566742,""1148"":72,""11"":8935106000,""14"":1160700155,""387"":""2b3430313931302e383530302d303038343331332e323030302b3030302e3035322f""}"
2026-07-01T07:23:39Z,862272088542776,Codec8E,2026-06-30 17:06:21.000 UTC,1782839181000,0,40.1909250,-8.4310783,50,122,12,44,0,"{""239"":1,""240"":1,""21"":5,""200"":0,""69"":1,""237"":2,""113"":100,""303"":1,""383"":3,""1149"":3,""181"":11,""182"":8,""66"":14606,""24"":44,""206"":48740,""67"":4128,""68"":0,""13"":678,""17"":-135,""18"":271,""19"":90,""15"":1000,""241"":26806,""199"":6568,""16"":172732,""12"":11371,""449"":0,""636"":1566762,""1148"":72,""11"":8935106000,""14"":1160700155,""387"":""2b3430313930392e323530302d303038343331302e373833332b3030302e3035302f""}"
2026-07-01T07:23:39Z,862272088542776,Codec8E,2026-06-30 17:06:24.000 UTC,1782839184000,0,40.1906849,-8.4306749,50,133,13,48,0,"{""239"":1,""240"":1,""21"":5,""200"":0,""69"":1,""237"":2,""113"":100,""303"":1,""383"":3,""1149"":3,""181"":11,""182"":8,""66"":14688,""24"":48,""206"":48740,""67"":4128,""68"":0,""13"":678,""17"":-187,""18"":-7,""19"":57,""15"":1000,""241"":26806,""199"":6612,""16"":172776,""12"":11371,""449"":0,""636"":1566762,""1148"":72,""11"":8935106000,""14"":1160700155,""387"":""2b3430313930362e383530302d303038343330362e373530302b3030302e3035302f""}"
2026-07-01T07:23:39Z,862272088542776,Codec8E,2026-06-30 17:06:26.000 UTC,1782839186000,0,40.1904500,-8.4304683,52,144,11,51,0,"{""239"":1,""240"":1,""21"":5,""200"":0,""69"":1,""237"":2,""113"":100,""303"":1,""383"":3,""1149"":3,""181"":15,""182"":9,""66"":14653,""24"":51,""206"":48740,""67"":4128,""68"":0,""13"":678,""17"":-140,""18"":-34,""19"":35,""15"":1000,""241"":26806,""199"":6643,""16"":172807,""12"":11371,""449"":0,""636"":1566762,""1148"":72,""11"":8935106000,""14"":1160700155,""387"":""2b3430313930342e353030302d303038343330342e363833332b3030302e3035322f""}"
2026-07-01T07:23:39Z,862272088542776,Codec8E,2026-06-30 17:06:31.000 UTC,1782839191000,0,40.1897716,-8.4299450,55,150,10,61,0,"{""239"":1,""240"":1,""21"":4,""200"":0,""69"":1,""237"":2,""113"":100,""303"":1,""383"":3,""1149"":1,""181"":18,""182"":11,""66"":14653,""24"":61,""206"":48740,""67"":4128,""68"":0,""13"":678,""17"":-95,""18"":-19,""19"":27,""15"":1000,""241"":26806,""199"":6731,""16"":172895,""12"":11371,""449"":0,""636"":1566762,""1148"":81,""11"":8935106000,""14"":1160700155,""387"":""2b3430313839372e373136372d303038343239392e343530302b3030302e3035352f""}"
2026-07-01T07:23:39Z,862272088542776,Codec8E,2026-06-30 17:06:36.000 UTC,1782839196000,0,40.1890083,-8.4294850,57,164,11,65,0,"{""239"":1,""240"":1,""21"":4,""200"":0,""69"":1,""237"":2,""113"":100,""303"":1,""383"":3,""1149"":1,""181"":13,""182"":10,""66"":14618,""24"":65,""206"":48740,""67"":4128,""68"":0,""13"":678,""17"":-153,""18"":-89,""19"":9,""15"":1000,""241"":26806,""199"":6825,""16"":172989,""12"":11371,""449"":0,""636"":1566762,""1148"":81,""11"":8935106000,""14"":1160700155,""387"":""2b3430313839302e303833332d303038343239342e383530302b3030302e3035372f""}"
2026-07-01T07:23:40Z,862272088542776,Codec8E,2026-06-30 17:06:41.000 UTC,1782839201000,0,40.1881133,-8.4292966,60,174,10,72,0,"{""239"":1,""240"":1,""21"":4,""200"":0,""69"":1,""237"":2,""113"":100,""303"":1,""383"":3,""1149"":1,""181"":13,""182"":10,""66"":14573,""24"":72,""206"":48740,""67"":4128,""68"":0,""13"":678,""17"":-117,""18"":88,""19"":73,""15"":1000,""241"":26806,""199"":6925,""16"":173089,""12"":11371,""449"":0,""636"":1566752,""1148"":81,""11"":8935106000,""14"":1160700155,""387"":""2b3430313838312e313333332d303038343239322e393636372b3030302e3036302f""}"
2026-07-01T07:23:40Z,862272088542776,Codec8E,2026-06-30 17:06:44.000 UTC,1782839204000,0,40.1875733,-8.4293383,65,189,13,72,0,"{""239"":1,""240"":1,""21"":4,""200"":0,""69"":1,""237"":2,""113"":100,""303"":1,""383"":3,""1149"":1,""181"":11,""182"":7,""66"":14625,""24"":72,""206"":48740,""67"":4128,""68"":0,""13"":678,""17"":-112,""18"":87,""19"":26,""15"":1000,""241"":26806,""199"":6986,""16"":173150,""12"":11371,""449"":0,""636"":1634612,""1148"":81,""11"":8935106000,""14"":1160700155,""387"":""2b3430313837352e373333332d303038343239332e333833332b3030302e3036352f""}"
2026-07-01T07:23:40Z,862272088542776,Codec8E,2026-06-30 17:06:49.000 UTC,1782839209000,0,40.1865899,-8.4297300,70,205,12,76,0,"{""239"":1,""240"":1,""21"":4,""200"":0,""69"":1,""237"":2,""113"":100,""303"":1,""383"":3,""1149"":1,""181"":12,""182"":9,""66"":14623,""24"":76,""206"":48740,""67"":4129,""68"":0,""13"":678,""17"":-87,""18"":81,""19"":47,""15"":1000,""241"":26806,""199"":7100,""16"":173264,""12"":11371,""449"":0,""636"":1634612,""1148"":81,""11"":8935106000,""14"":1160700155,""387"":""2b3430313836352e393030302d303038343239372e333030302b3030302e3037302f""}"
2026-07-01T07:23:40Z,862272088542776,Codec8E,2026-06-30 17:06:52.000 UTC,1782839212000,0,40.1861066,-8.4302016,73,215,13,76,0,"{""239"":1,""240"":1,""21"":4,""200"":0,""69"":1,""237"":2,""113"":100,""303"":1,""383"":3,""1149"":1,""181"":11,""182"":7,""66"":14593,""24"":76,""206"":48740,""67"":4129,""68"":0,""13"":678,""17"":-89,""18"":-42,""19"":47,""15"":1000,""241"":26806,""199"":7168,""16"":173332,""12"":11371,""449"":0,""636"":1634612,""1148"":81,""11"":8935106000,""14"":1160700155,""387"":""2b3430313836312e303636372d303038343330322e303136372b3030302e3037332f""}"
2026-07-01T07:23:40Z,862272088542776,Codec8E,2026-06-30 17:06:57.000 UTC,1782839217000,0,40.1853783,-8.4310816,76,221,11,77,0,"{""239"":1,""240"":1,""21"":4,""200"":0,""69"":1,""237"":2,""113"":100,""303"":1,""383"":3,""1149"":1,""181"":12,""182"":8,""66"":14644,""24"":77,""206"":48740,""67"":4129,""68"":0,""13"":678,""17"":-88,""18"":-33,""19"":40,""15"":1000,""241"":26806,""199"":7278,""16"":173442,""12"":11371,""449"":0,""636"":1807667,""1148"":81,""11"":8935106000,""14"":1160700155,""387"":""2b3430313835332e373833332d303038343331302e383136372b3030302e3037362f""}"
2026-07-01T07:23:40Z,862272088542776,Codec8E,2026-06-30 17:07:02.000 UTC,1782839222000,0,40.1846383,-8.4319933,79,222,10,80,0,"{""239"":1,""240"":1,""21"":4,""200"":0,""69"":1,""237"":2,""113"":100,""303"":1,""383"":3,""1149"":1,""181"":13,""182"":9,""66"":14626,""24"":80,""206"":48740,""67"":4129,""68"":0,""13"":678,""17"":-111,""18"":98,""19"":-54,""15"":1000,""241"":26806,""199"":7391,""16"":173555,""12"":11371,""449"":0,""636"":1807667,""1148"":79,""11"":8935106000,""14"":1160700155,""387"":""2b3430313834362e333833332d303038343331392e393333332b3030302e3037392f""}"
2026-07-01T07:23:40Z,862272088542776,Codec8E,2026-06-30 17:07:05.000 UTC,1782839225000,0,40.1842133,-8.4326583,81,234,12,84,0,"{""239"":1,""240"":1,""21"":4,""200"":0,""69"":1,""237"":2,""113"":100,""303"":1,""383"":3,""1149"":1,""181"":12,""182"":9,""66"":14611,""24"":84,""206"":48740,""67"":4129,""68"":0,""13"":678,""17"":-108,""18"":113,""19"":33,""15"":1000,""241"":26806,""199"":7464,""16"":173628,""12"":11371,""449"":0,""636"":1807667,""1148"":79,""11"":8935106000,""14"":1160700155,""387"":""2b3430313834322e313333332d303038343332362e353833332b3030302e3038312f""}"
2026-07-01T07:23:40Z,862272088542776,Codec8E,2026-06-30 17:07:08.000 UTC,1782839228000,0,40.1839433,-8.4334083,86,245,12,84,0,"{""239"":1,""240"":1,""21"":4,""200"":0,""69"":1,""237"":2,""113"":100,""303"":1,""383"":3,""1149"":1,""181"":12,""182"":8,""66"":14652,""24"":84,""206"":48740,""67"":4128,""68"":0,""13"":678,""17"":-86,""18"":85,""19"":-12,""15"":1000,""241"":26806,""199"":7536,""16"":173700,""12"":11371,""449"":0,""636"":1807667,""1148"":79,""11"":8935106000,""14"":1160700155,""387"":""2b3430313833392e343333332d303038343333342e303833332b3030302e3038362f""}"
2026-07-01T07:23:40Z,862272088542776,Codec8E,2026-06-30 17:07:10.000 UTC,1782839230000,0,40.1838283,-8.4339366,89,258,12,85,0,"{""239"":1,""240"":1,""21"":4,""200"":0,""69"":1,""237"":2,""113"":100,""303"":1,""383"":3,""1149"":1,""181"":12,""182"":8,""66"":14631,""24"":85,""206"":48740,""67"":4128,""68"":0,""13"":678,""17"":-90,""18"":56,""19"":76,""15"":1000,""241"":26806,""199"":7582,""16"":173746,""12"":11371,""449"":0,""636"":1807667,""1148"":79,""11"":8935106000,""14"":1160700155,""387"":""2b3430313833382e323833332d303038343333392e333636372b3030302e3038392f""}"
2026-07-01T07:23:40Z,862272088542776,Codec8E,2026-06-30 17:07:13.000 UTC,1782839233000,0,40.1837899,-8.4347866,91,268,12,86,0,"{""239"":1,""240"":1,""21"":4,""200"":0,""69"":1,""237"":2,""113"":100,""303"":1,""383"":3,""1149"":1,""181"":11,""182"":7,""66"":14585,""24"":86,""206"":48740,""67"":4129,""68"":0,""13"":678,""17"":-85,""18"":2,""19"":68,""15"":1000,""241"":26806,""199"":7655,""16"":173819,""12"":11371,""449"":0,""636"":1807667,""1148"":79,""11"":8935106000,""14"":1160700155,""387"":""2b3430313833372e393030302d303038343334372e383636372b3030302e3039312f""}"
2026-07-01T07:23:41Z,862272088542776,Codec8E,2026-06-30 17:07:18.000 UTC,1782839238000,0,40.1838166,-8.4361833,97,267,11,85,0,"{""239"":1,""240"":1,""21"":4,""200"":0,""69"":1,""237"":2,""113"":100,""303"":1,""383"":3,""1149"":1,""181"":15,""182"":9,""66"":14643,""24"":85,""206"":48740,""67"":4129,""68"":0,""13"":678,""17"":-100,""18"":-34,""19"":42,""15"":1000,""241"":26806,""199"":7773,""16"":173937,""12"":11371,""449"":0,""636"":1807667,""1148"":79,""11"":8935106000,""14"":1160700155,""387"":""2b3430313833382e313636372d303038343336312e383333332b3030302e3039372f""}"
2026-07-01T07:23:41Z,862272088542776,Codec8E,2026-06-30 17:07:23.000 UTC,1782839243000,0,40.1837666,-8.4376533,101,259,12,86,0,"{""239"":1,""240"":1,""21"":4,""200"":0,""69"":1,""237"":2,""113"":100,""303"":1,""383"":3,""1149"":1,""181"":16,""182"":9,""66"":14625,""24"":86,""206"":48740,""67"":4129,""68"":0,""13"":678,""17"":-72,""18"":-158,""19"":55,""15"":1000,""241"":26806,""199"":7899,""16"":174063,""12"":11371,""449"":0,""636"":1807667,""1148"":79,""11"":8935106000,""14"":1160700155,""387"":""2b3430313833372e363636372d303038343337362e353333332b3030302e3130312f""}"
2026-07-01T07:23:41Z,862272088542776,Codec8E,2026-06-30 17:07:26.000 UTC,1782839246000,0,40.1835516,-8.4384700,103,249,10,88,0,"{""239"":1,""240"":1,""21"":4,""200"":0,""69"":1,""237"":2,""113"":100,""303"":1,""383"":3,""1149"":1,""181"":12,""182"":8,""66"":14603,""24"":88,""206"":48740,""67"":4129,""68"":0,""13"":678,""17"":-45,""18"":-63,""19"":39,""15"":1000,""241"":26806,""199"":7972,""16"":174136,""12"":11371,""449"":0,""636"":1807667,""1148"":79,""11"":8935106000,""14"":1160700155,""387"":""2b3430313833352e353136372d303038343338342e373030302b3030302e3130332f""}"
2026-07-01T07:23:41Z,862272088542776,Codec8E,2026-06-30 17:07:31.000 UTC,1782839251000,0,40.1829916,-8.4396550,107,241,11,87,0,"{""239"":1,""240"":1,""21"":4,""200"":0,""69"":1,""237"":2,""113"":100,""303"":1,""383"":3,""1149"":1,""181"":17,""182"":9,""66"":14642,""24"":87,""206"":48740,""67"":4128,""68"":0,""13"":678,""17"":-55,""18"":-48,""19"":-32,""15"":1000,""241"":26806,""199"":8091,""16"":174255,""12"":11371,""449"":0,""636"":1807667,""1148"":79,""11"":8935106000,""14"":1160700155,""387"":""2b3430313832392e393136372d303038343339362e353530302b3030302e3130372f""}"
2026-07-01T07:23:41Z,862272088542776,Codec8E,2026-06-30 17:07:36.000 UTC,1782839256000,0,40.1824733,-8.4409133,112,244,11,87,0,"{""239"":1,""240"":1,""21"":4,""200"":0,""69"":1,""237"":2,""113"":100,""303"":1,""383"":3,""1149"":1,""181"":12,""182"":9,""66"":14580,""24"":87,""206"":48740,""67"":4129,""68"":0,""13"":678,""17"":-42,""18"":-47,""19"":71,""15"":1000,""241"":26806,""199"":8212,""16"":174376,""12"":11371,""449"":0,""636"":1807667,""1148"":79,""11"":8935106000,""14"":1160700155,""387"":""2b3430313832342e373333332d303038343430392e313333332b3030302e3131322f""}"
2026-07-01T07:23:42Z,862272088542776,Codec8E,2026-06-30 17:07:41.000 UTC,1782839261000,0,40.1819516,-8.4421466,117,240,12,86,0,"{""239"":1,""240"":1,""21"":4,""200"":0,""69"":1,""237"":2,""113"":100,""303"":1,""383"":3,""1149"":1,""181"":14,""182"":8,""66"":14659,""24"":86,""206"":48740,""67"":4128,""68"":0,""13"":678,""17"":-59,""18"":-45,""19"":61,""15"":1000,""241"":26806,""199"":8332,""16"":174496,""12"":11371,""449"":0,""636"":1807657,""1148"":79,""11"":8935106000,""14"":1160700155,""387"":""2b3430313831392e353136372d303038343432312e343636372b3030302e3131372f""}"
2026-07-01T07:23:42Z,862272088542776,Codec8E,2026-06-30 17:07:46.000 UTC,1782839266000,0,40.1814316,-8.4433916,120,242,11,86,0,"{""239"":1,""240"":1,""21"":4,""200"":0,""69"":1,""237"":2,""113"":100,""303"":1,""383"":3,""1149"":1,""181"":11,""182"":8,""66"":14602,""24"":86,""206"":48740,""67"":4128,""68"":0,""13"":678,""17"":-67,""18"":-35,""19"":6,""15"":1000,""241"":26806,""199"":8452,""16"":174616,""12"":11371,""449"":0,""636"":893225,""1148"":79,""11"":8935106000,""14"":1160700155,""387"":""2b3430313831342e333136372d303038343433332e393136372b3030302e3132302f""}"
2026-07-01T07:23:42Z,862272088542776,Codec8E,2026-06-30 17:07:51.000 UTC,1782839271000,0,40.1809416,-8.4446266,124,241,11,86,0,"{""239"":1,""240"":1,""21"":4,""200"":0,""69"":1,""237"":2,""113"":100,""303"":1,""383"":3,""1149"":1,""181"":15,""182"":8,""66"":14580,""24"":86,""206"":48740,""67"":4128,""68"":0,""13"":678,""17"":-55,""18"":-20,""19"":87,""15"":1000,""241"":26806,""199"":8570,""16"":174734,""12"":11371,""449"":0,""636"":893225,""1148"":79,""11"":8935106000,""14"":1160700155,""387"":""2b3430313830392e343136372d303038343434362e323636372b3030302e3132342f""}"
2026-07-01T07:23:42Z,862272088542776,Codec8E,2026-06-30 17:07:56.000 UTC,1782839276000,0,40.1804233,-8.4458349,129,241,11,84,0,"{""239"":1,""240"":1,""21"":4,""200"":0,""69"":1,""237"":2,""113"":100,""303"":1,""383"":3,""1149"":1,""181"":12,""182"":9,""66"":14625,""24"":84,""206"":48740,""67"":4128,""68"":0,""13"":678,""17"":-71,""18"":-79,""19"":23,""15"":1000,""241"":26806,""199"":8688,""16"":174852,""12"":11371,""449"":0,""636"":1807659,""1148"":79,""11"":8935106000,""14"":1160700155,""387"":""2b3430313830342e323333332d303038343435382e333530302b3030302e3132392f""}"
2026-07-01T07:23:42Z,862272088542776,Codec8E,2026-06-30 17:08:01.000 UTC,1782839281000,0,40.1799716,-8.4468866,134,244,13,72,0,"{""239"":1,""240"":1,""21"":5,""200"":0,""69"":1,""237"":2,""113"":100,""303"":1,""383"":3,""1149"":1,""181"":11,""182"":8,""66"":14607,""24"":72,""206"":48740,""67"":4128,""68"":0,""13"":678,""17"":158,""18"":198,""19"":67,""15"":1000,""241"":26806,""199"":8791,""16"":174955,""12"":11371,""449"":0,""636"":1807659,""1148"":68,""11"":8935106000,""14"":1160700155,""387"":""2b3430313739392e373136372d303038343436382e383636372b3030302e3133342f""}"
2026-07-01T07:23:43Z,862272088542776,Codec8E,2026-06-30 17:08:03.000 UTC,1782839283000,0,40.1799416,-8.4471399,137,263,14,59,0,"{""239"":1,""240"":1,""21"":5,""200"":0,""69"":1,""237"":2,""113"":100,""303"":1,""383"":3,""1149"":1,""181"":11,""182"":7,""66"":14607,""24"":59,""206"":48740,""67"":4128,""68"":0,""13"":678,""17"":221,""18"":125,""19"":11,""15"":1000,""241"":26806,""199"":8812,""16"":174976,""12"":11371,""449"":0,""636"":893225,""1148"":68,""11"":8935106000,""14"":1160700155,""387"":""2b3430313739392e343136372d303038343437312e343030302b3030302e3133372f""}"
2026-07-01T07:23:43Z,862272088542776,Codec8E,2026-06-30 17:08:04.000 UTC,1782839284000,0,40.1799683,-8.4472700,133,288,13,49,0,"{""239"":1,""240"":1,""21"":5,""200"":0,""69"":1,""237"":2,""113"":100,""303"":1,""383"":3,""1149"":1,""181"":11,""182"":7,""66"":14631,""24"":49,""206"":48740,""67"":4128,""68"":0,""13"":678,""17"":160,""18"":56,""19"":22,""15"":1000,""241"":26806,""199"":8824,""16"":174988,""12"":11371,""449"":0,""636"":893225,""1148"":68,""11"":8935106000,""14"":1160700155,""387"":""2b3430313739392e363833332d303038343437322e373030302b3030302e3133332f""}"
2026-07-01T07:23:43Z,862272088542776,Codec8E,2026-06-30 17:08:06.000 UTC,1782839286000,0,40.1800083,-8.4473600,130,292,14,33,0,"{""239"":1,""240"":1,""21"":5,""200"":0,""69"":1,""237"":2,""113"":100,""303"":1,""383"":3,""1149"":1,""181"":10,""182"":7,""66"":14605,""24"":33,""206"":48740,""67"":4128,""68"":0,""13"":678,""17"":-217,""18"":32,""19"":18,""15"":1000,""241"":26806,""199"":8833,""16"":174997,""12"":11371,""449"":0,""636"":893225,""1148"":68,""11"":8935106000,""14"":1160700155,""387"":""2b3430313830302e303833332d303038343437332e363030302b3030302e3133302f""}"
2026-07-01T07:23:43Z,862272088542776,Codec8E,2026-06-30 17:08:07.000 UTC,1782839287000,0,40.1800266,-8.4473916,130,304,12,28,0,"{""239"":1,""240"":1,""21"":5,""200"":0,""69"":1,""237"":2,""113"":100,""303"":1,""383"":3,""1149"":1,""181"":12,""182"":7,""66"":14641,""24"":28,""206"":48740,""67"":4128,""68"":0,""13"":678,""17"":-214,""18"":95,""19"":30,""15"":1000,""241"":26806,""199"":8836,""16"":175000,""12"":11371,""449"":0,""636"":893225,""1148"":68,""11"":8935106000,""14"":1160700155,""387"":""2b3430313830302e323636372d303038343437332e393136372b3030302e3133302f""}"
2026-07-01T07:23:43Z,862272088542776,Codec8E,2026-06-30 17:08:10.000 UTC,1782839290000,0,40.1801300,-8.4475399,134,322,13,24,0,"{""239"":1,""240"":1,""21"":5,""200"":0,""69"":1,""237"":2,""113"":100,""303"":1,""383"":3,""1149"":1,""181"":11,""182"":8,""66"":14561,""24"":24,""206"":48740,""67"":4129,""68"":0,""13"":678,""17"":-53,""18"":-169,""19"":38,""15"":1000,""241"":26806,""199"":8853,""16"":175017,""12"":11371,""449"":0,""636"":893225,""1148"":68,""11"":8935106000,""14"":1160700155,""387"":""2b3430313830312e333030302d303038343437352e343030302b3030302e3133342f""}"
2026-07-01T07:23:44Z,862272088542776,Codec8E,2026-06-30 17:08:13.000 UTC,1782839293000,0,40.1802716,-8.4477200,135,308,13,25,0,"{""239"":1,""240"":1,""21"":5,""200"":0,""69"":1,""237"":2,""113"":100,""303"":1,""383"":3,""1149"":1,""181"":13,""182"":8,""66"":14661,""24"":25,""206"":48740,""67"":4128,""68"":0,""13"":678,""17"":-118,""18"":-345,""19"":39,""15"":1000,""241"":26806,""199"":8875,""16"":175039,""12"":11371,""449"":0,""636"":893225,""1148"":68,""11"":8935106000,""14"":1160700155,""387"":""2b3430313830322e373136372d303038343437372e323030302b3030302e3133352f""}"
2026-07-01T07:23:44Z,862272088542776,Codec8E,2026-06-30 17:08:16.000 UTC,1782839296000,0,40.1803699,-8.4479600,135,297,11,27,0,"{""239"":1,""240"":1,""21"":5,""200"":0,""69"":1,""237"":2,""113"":100,""303"":1,""383"":3,""1149"":1,""181"":14,""182"":10,""66"":14567,""24"":27,""206"":48740,""67"":4128,""68"":0,""13"":678,""17"":-131,""18"":-425,""19"":21,""15"":1000,""241"":26806,""199"":8899,""16"":175063,""12"":11371,""449"":0,""636"":1807659,""1148"":68,""11"":8935106000,""14"":1160700155,""387"":""2b3430313830332e373030302d303038343437392e363030302b3030302e3133352f""}"
2026-07-01T07:23:44Z,862272088542776,Codec8E,2026-06-30 17:08:17.000 UTC,1782839297000,0,40.1803649,-8.4480516,135,287,11,27,0,"{""239"":1,""240"":1,""21"":5,""200"":0,""69"":1,""237"":2,""113"":100,""303"":1,""383"":3,""1149"":1,""181"":17,""182"":9,""66"":14655,""24"":27,""206"":48740,""67"":4128,""68"":0,""13"":678,""17"":-144,""18"":-288,""19"":11,""15"":1000,""241"":26806,""199"":8907,""16"":175071,""12"":11371,""449"":0,""636"":1807659,""1148"":68,""11"":8935106000,""14"":1160700155,""387"":""2b3430313830332e363530302d303038343438302e353136372b3030302e3133352f""}"
2026-07-01T07:23:44Z,862272088542776,Codec8E,2026-06-30 17:08:18.000 UTC,1782839298000,0,40.1801850,-8.4481200,134,217,11,28,0,"{""239"":1,""240"":1,""21"":5,""200"":0,""69"":1,""237"":2,""113"":100,""303"":1,""383"":3,""1149"":1,""181"":17,""182"":9,""66"":14582,""24"":28,""206"":48740,""67"":4128,""68"":0,""13"":678,""17"":-148,""18"":-187,""19"":10,""15"":1000,""241"":26806,""199"":8927,""16"":175091,""12"":11371,""449"":0,""636"":1807659,""1148"":68,""11"":8935106000,""14"":1160700155,""387"":""2b3430313830312e383530302d303038343438312e323030302b3030302e3133342f""}"
2026-07-01T07:23:44Z,862272088542776,Codec8E,2026-06-30 17:08:20.000 UTC,1782839300000,0,40.1799483,-8.4482233,134,200,10,33,0,"{""239"":1,""240"":1,""21"":5,""200"":0,""69"":1,""237"":2,""113"":100,""303"":1,""383"":3,""1149"":1,""181"":17,""182"":10,""66"":14573,""24"":33,""206"":48740,""67"":4129,""68"":0,""13"":678,""17"":-140,""18"":-127,""19"":63,""15"":1000,""241"":26806,""199"":8955,""16"":175119,""12"":11371,""449"":0,""636"":1807659,""1148"":68,""11"":8935106000,""14"":1160700155,""387"":""2b3430313739392e343833332d303038343438322e323333332b3030302e3133342f""}"
2026-07-01T07:23:44Z,862272088542776,Codec8E,2026-06-30 17:08:23.000 UTC,1782839303000,0,40.1795483,-8.4483699,135,185,12,43,0,"{""239"":1,""240"":1,""21"":5,""200"":0,""69"":1,""237"":2,""113"":100,""303"":1,""383"":3,""1149"":1,""181"":13,""182"":9,""66"":14646,""24"":43,""206"":48740,""67"":4128,""68"":0,""13"":678,""17"":-126,""18"":-185,""19"":5,""15"":1000,""241"":26806,""199"":9002,""16"":175166,""12"":11371,""449"":0,""636"":1807659,""1148"":68,""11"":8935106000,""14"":1160700155,""387"":""2b3430313739352e343833332d303038343438332e373030302b3030302e3133352f""}"
2026-07-01T07:23:44Z,862272088542776,Codec8E,2026-06-30 17:08:27.000 UTC,1782839307000,0,40.1789116,-8.4484016,131,195,14,51,0,"{""239"":1,""240"":1,""21"":5,""200"":0,""69"":1,""237"":2,""113"":100,""303"":1,""383"":3,""1149"":1,""181"":10,""182"":7,""66"":14655,""24"":51,""206"":48740,""67"":4128,""68"":0,""13"":678,""17"":-53,""18"":250,""19"":112,""15"":1000,""241"":26806,""199"":9073,""16"":175237,""12"":11371,""449"":0,""636"":1807659,""1148"":68,""11"":8935106000,""14"":1160700155,""387"":""2b3430313738392e313136372d303038343438342e303136372b3030302e3133312f""}"
2026-07-01T07:23:44Z,862272088542776,Codec8E,2026-06-30 17:08:29.000 UTC,1782839309000,0,40.1786266,-8.4485066,132,206,12,53,0,"{""239"":1,""240"":1,""21"":5,""200"":0,""69"":1,""237"":2,""113"":100,""303"":1,""383"":3,""1149"":1,""181"":11,""182"":7,""66"":14644,""24"":53,""206"":48740,""67"":4128,""68"":0,""13"":678,""17"":-137,""18"":-5,""19"":40,""15"":1000,""241"":26806,""199"":9106,""16"":175270,""12"":11371,""449"":0,""636"":1807659,""1148"":68,""11"":8935106000,""14"":1160700155,""387"":""2b3430313738362e323636372d303038343438352e303636372b3030302e3133322f""}"
2026-07-01T07:23:44Z,862272088542776,Codec8E,2026-06-30 17:08:35.000 UTC,1782839315000,0,40.1777949,-8.4490266,139,207,11,59,0,"{""239"":1,""240"":1,""21"":5,""200"":0,""69"":1,""237"":2,""113"":100,""303"":1,""383"":3,""1149"":1,""181"":13,""182"":10,""66"":14671,""24"":59,""206"":48740,""67"":4128,""68"":0,""13"":678,""17"":-38,""18"":205,""19"":134,""15"":1000,""241"":26806,""199"":9208,""16"":175372,""12"":11371,""449"":0,""636"":1807659,""1148"":57,""11"":8935106000,""14"":1160700155,""387"":""2b3430313737372e393530302d303038343439302e323636372b3030302e3133392f""}"
2026-07-01T07:23:44Z,862272088542776,Codec8E,2026-06-30 17:08:41.000 UTC,1782839321000,0,40.1769816,-8.4496700,144,212,12,62,0,"{""239"":1,""240"":1,""21"":5,""200"":0,""69"":1,""237"":2,""113"":100,""303"":1,""383"":3,""1149"":1,""181"":12,""182"":8,""66"":14656,""24"":62,""206"":48740,""67"":4128,""68"":0,""13"":678,""17"":-149,""18"":-7,""19"":58,""15"":1000,""241"":26806,""199"":9314,""16"":175478,""12"":11371,""449"":0,""636"":893225,""1148"":57,""11"":8935106000,""14"":1160700155,""387"":""2b3430313736392e383136372d303038343439362e373030302b3030302e3134342f""}"
2026-07-01T07:23:45Z,862272088542776,Codec8E,2026-06-30 17:08:47.000 UTC,1782839327000,0,40.1760950,-8.4504500,147,215,11,72,0,"{""239"":1,""240"":1,""21"":5,""200"":0,""69"":1,""237"":2,""113"":100,""303"":1,""383"":3,""1149"":1,""181"":12,""182"":9,""66"":14653,""24"":72,""206"":48740,""67"":4129,""68"":0,""13"":678,""17"":-135,""18"":-96,""19"":6,""15"":1000,""241"":26806,""199"":9433,""16"":175597,""12"":11371,""449"":0,""636"":893225,""1148"":57,""11"":8935106000,""14"":1160700155,""387"":""2b3430313736302e393530302d303038343530342e353030302b3030302e3134372f""}"
2026-07-01T07:23:45Z,862272088542776,Codec8E,2026-06-30 17:08:52.000 UTC,1782839332000,0,40.1752583,-8.4512299,147,214,10,82,0,"{""239"":1,""240"":1,""21"":5,""200"":0,""69"":1,""237"":2,""113"":100,""303"":1,""383"":3,""1149"":1,""181"":13,""182"":10,""66"":14609,""24"":82,""206"":48740,""67"":4128,""68"":0,""13"":678,""17"":-5,""18"":-84,""19"":67,""15"":1000,""241"":26806,""199"":9547,""16"":175711,""12"":11371,""449"":0,""636"":893225,""1148"":57,""11"":8935106000,""14"":1160700155,""387"":""2b3430313735322e353833332d303038343531322e333030302b3030302e3134372f""}"
2026-07-01T07:23:45Z,862272088542776,Codec8E,2026-06-30 17:08:57.000 UTC,1782839337000,0,40.1743816,-8.4520550,144,214,10,85,0,"{""239"":1,""240"":1,""21"":5,""200"":0,""69"":1,""237"":2,""113"":100,""303"":1,""383"":3,""1149"":1,""181"":18,""182"":11,""66"":14633,""24"":85,""206"":48740,""67"":4128,""68"":0,""13"":678,""17"":10,""18"":-94,""19"":38,""15"":1000,""241"":26806,""199"":9667,""16"":175831,""12"":11371,""449"":0,""636"":893226,""1148"":57,""11"":8935106000,""14"":1160700155,""387"":""2b3430313734332e383136372d303038343532302e353530302b3030302e3134342f""}"
2026-07-01T07:23:45Z,862272088542776,Codec8E,2026-06-30 17:09:02.000 UTC,1782839342000,0,40.1734583,-8.4528483,139,209,12,86,0,"{""239"":1,""240"":1,""21"":5,""200"":0,""69"":1,""237"":2,""113"":100,""303"":1,""383"":3,""1149"":1,""181"":12,""182"":8,""66"":14595,""24"":86,""206"":48740,""67"":4129,""68"":0,""13"":678,""17"":21,""18"":-99,""19"":37,""15"":1000,""241"":26806,""199"":9790,""16"":175954,""12"":11371,""449"":0,""636"":893226,""1148"":58,""11"":8935106000,""14"":1160700155,""387"":""2b3430313733342e353833332d303038343532382e343833332b3030302e3133392f""}"
2026-07-01T07:23:45Z,862272088542776,Codec8E,2026-06-30 17:09:07.000 UTC,1782839347000,0,40.1725549,-8.4535216,135,205,12,83,0,"{""239"":1,""240"":1,""21"":5,""200"":0,""69"":1,""237"":2,""113"":100,""303"":1,""383"":3,""1149"":1,""181"":13,""182"":8,""66"":14658,""24"":83,""206"":48740,""67"":4129,""68"":0,""13"":678,""17"":53,""18"":-51,""19"":30,""15"":1000,""241"":26806,""199"":9905,""16"":176069,""12"":11371,""449"":0,""636"":893226,""1148"":58,""11"":8935106000,""14"":1160700155,""387"":""2b3430313732352e353530302d303038343533352e323136372b3030302e3133352f""}"
2026-07-01T07:23:46Z,862272088542776,Codec8E,2026-06-30 17:09:12.000 UTC,1782839352000,0,40.1716416,-8.4539316,126,203,12,77,0,"{""239"":1,""240"":1,""21"":5,""200"":0,""69"":1,""237"":2,""113"":100,""303"":1,""383"":3,""1149"":1,""181"":12,""182"":8,""66"":14621,""24"":77,""206"":48740,""67"":4129,""68"":0,""13"":678,""17"":52,""18"":-33,""19"":26,""15"":1000,""241"":26806,""199"":10013,""16"":176177,""12"":11371,""449"":0,""636"":893226,""1148"":58,""11"":8935106000,""14"":1160700155,""387"":""2b3430313731362e343136372d303038343533392e333136372b3030302e3132362f""}"
2026-07-01T07:23:46Z,862272088542776,Codec8E,2026-06-30 17:09:17.000 UTC,1782839357000,0,40.1707566,-8.4543933,125,200,11,76,0,"{""239"":1,""240"":1,""21"":5,""200"":0,""69"":1,""237"":2,""113"":100,""303"":1,""383"":3,""1149"":1,""181"":12,""182"":9,""66"":14597,""24"":76,""206"":48740,""67"":4129,""68"":0,""13"":678,""17"":39,""18"":-26,""19"":128,""15"":1000,""241"":26806,""199"":10119,""16"":176283,""12"":11371,""449"":0,""636"":893226,""1148"":58,""11"":8935106000,""14"":1160700155,""387"":""2b3430313730372e353636372d303038343534332e393333332b3030302e3132352f""}"
2026-07-01T07:23:46Z,862272088542776,Codec8E,2026-06-30 17:09:22.000 UTC,1782839362000,0,40.1698783,-8.4548949,125,202,13,76,0,"{""239"":1,""240"":1,""21"":5,""200"":0,""69"":1,""237"":2,""113"":100,""303"":1,""383"":3,""1149"":1,""181"":17,""182"":9,""66"":14641,""24"":76,""206"":48740,""67"":4128,""68"":0,""13"":678,""17"":-2,""18"":-86,""19"":20,""15"":1000,""241"":26806,""199"":10225,""16"":176389,""12"":11371,""449"":0,""636"":893226,""1148"":58,""11"":8935106000,""14"":1160700155,""387"":""2b3430313639382e373833332d303038343534382e393530302b3030302e3132352f""}"
2026-07-01T07:23:46Z,862272088542776,Codec8E,2026-06-30 17:09:27.000 UTC,1782839367000,0,40.1689966,-8.4554150,123,205,12,76,0,"{""239"":1,""240"":1,""21"":5,""200"":0,""69"":1,""237"":2,""113"":100,""303"":1,""383"":3,""1149"":1,""181"":13,""182"":7,""66"":14642,""24"":76,""206"":48740,""67"":4128,""68"":0,""13"":678,""17"":9,""18"":-59,""19"":42,""15"":1000,""241"":26806,""199"":10333,""16"":176497,""12"":11371,""449"":0,""636"":893226,""1148"":58,""11"":8935106000,""14"":1160700155,""387"":""2b3430313638392e393636372d303038343535342e313530302b3030302e3132332f""}"
2026-07-01T07:23:46Z,862272088542776,Codec8E,2026-06-30 17:09:32.000 UTC,1782839372000,0,40.1681083,-8.4558900,122,203,12,76,0,"{""239"":1,""240"":1,""21"":5,""200"":0,""69"":1,""237"":2,""113"":100,""303"":1,""383"":3,""1149"":1,""181"":11,""182"":8,""66"":14582,""24"":76,""206"":48740,""67"":4128,""68"":0,""13"":678,""17"":0,""18"":-64,""19"":54,""15"":1000,""241"":26806,""199"":10439,""16"":176603,""12"":11371,""449"":0,""636"":893226,""1148"":58,""11"":8935106000,""14"":1160700155,""387"":""2b3430313638312e303833332d303038343535382e393030302b3030302e3132322f""}"
2026-07-01T07:23:48Z,862272088542776,Codec8E,2026-06-30 17:09:37.000 UTC,1782839377000,0,40.1672133,-8.4563750,123,201,11,77,0,"{""239"":1,""240"":1,""21"":5,""200"":0,""69"":1,""237"":2,""113"":100,""303"":1,""383"":3,""1149"":1,""181"":18,""182"":9,""66"":14628,""24"":77,""206"":48740,""67"":4128,""68"":0,""13"":678,""17"":-75,""18"":-16,""19"":-27,""15"":1000,""241"":26806,""199"":10547,""16"":176711,""12"":11371,""449"":0,""636"":893226,""1148"":58,""11"":8935106000,""14"":1160700155,""387"":""2b3430313637322e313333332d303038343536332e373530302b3030302e3132332f""}"
2026-07-01T07:23:48Z,862272088542776,Codec8E,2026-06-30 17:09:42.000 UTC,1782839382000,0,40.1662700,-8.4569166,123,204,11,82,0,"{""239"":1,""240"":1,""21"":5,""200"":0,""69"":1,""237"":2,""113"":100,""303"":1,""383"":3,""1149"":0,""181"":16,""182"":9,""66"":14620,""24"":82,""206"":48740,""67"":4128,""68"":0,""13"":678,""17"":6,""18"":-33,""19"":26,""15"":1000,""241"":26806,""199"":10662,""16"":176826,""12"":11371,""449"":0,""636"":893196,""1148"":58,""11"":8935106000,""14"":1160700155,""387"":""2b3430313636322e373030302d303038343536392e313636372b3030302e3132332f""}"
2026-07-01T07:23:48Z,862272088542776,Codec8E,2026-06-30 17:09:47.000 UTC,1782839387000,0,40.1652850,-8.4574833,120,203,11,85,0,"{""239"":1,""240"":1,""21"":5,""200"":0,""69"":1,""237"":2,""113"":100,""303"":1,""383"":3,""1149"":0,""181"":14,""182"":8,""66"":14610,""24"":85,""206"":48740,""67"":4128,""68"":0,""13"":678,""17"":-9,""18"":-49,""19"":50,""15"":1000,""241"":26806,""199"":10781,""16"":176945,""12"":11371,""449"":0,""636"":1662250,""1148"":58,""11"":8935106000,""14"":1160700155,""387"":""2b3430313635322e383530302d303038343537342e383333332b3030302e3132302f""}"
2026-07-01T07:23:48Z,862272088542776,Codec8E,2026-06-30 17:09:52.000 UTC,1782839392000,0,40.1642516,-8.4580600,117,203,11,89,0,"{""239"":1,""240"":1,""21"":5,""200"":0,""69"":1,""237"":2,""113"":100,""303"":1,""383"":3,""1149"":0,""181"":12,""182"":8,""66"":14618,""24"":89,""206"":48740,""67"":4129,""68"":0,""13"":678,""17"":-16,""18"":36,""19"":172,""15"":1000,""241"":26806,""199"":10906,""16"":177070,""12"":11371,""449"":0,""636"":893226,""1148"":58,""11"":8935106000,""14"":1160700155,""387"":""2b3430313634322e353136372d303038343538302e363030302b3030302e3131372f""}"
2026-07-01T07:23:48Z,862272088542776,Codec8E,2026-06-30 17:09:56.000 UTC,1782839396000,0,40.1633500,-8.4585400,115,201,13,94,0,"{""239"":1,""240"":1,""21"":5,""200"":0,""69"":1,""237"":2,""113"":100,""303"":1,""383"":3,""1149"":0,""181"":16,""182"":8,""66"":14586,""24"":94,""206"":48740,""67"":4128,""68"":0,""13"":678,""17"":-1,""18"":-49,""19"":54,""15"":1000,""241"":26806,""199"":11014,""16"":177178,""12"":11371,""449"":0,""636"":1662250,""1148"":58,""11"":8935106000,""14"":1160700155,""387"":""2b3430313633332e353030302d303038343538352e343030302b3030302e3131352f""}"
2026-07-01T07:23:48Z,862272088542776,Codec8E,2026-06-30 17:10:00.000 UTC,1782839400000,0,40.1624450,-8.4589350,110,196,13,95,0,"{""239"":1,""240"":1,""21"":5,""200"":0,""69"":1,""237"":2,""113"":100,""303"":1,""383"":3,""1149"":20,""181"":11,""182"":7,""66"":14596,""24"":95,""206"":48740,""67"":4129,""68"":0,""13"":678,""17"":32,""18"":-35,""19"":99,""15"":1000,""241"":26806,""199"":11120,""16"":177284,""12"":11371,""449"":0,""636"":893196,""1148"":62,""11"":8935106000,""14"":1160700155,""387"":""2b3430313632342e343530302d303038343538392e333530302b3030302e3131302f""}"
2026-07-01T07:23:48Z,862272088542776,Codec8E,2026-06-30 17:10:04.000 UTC,1782839404000,0,40.1615500,-8.4591716,108,190,14,94,0,"{""239"":1,""240"":1,""21"":5,""200"":0,""69"":1,""237"":2,""113"":100,""303"":1,""383"":3,""1149"":20,""181"":10,""182"":7,""66"":14592,""24"":94,""206"":48740,""67"":4128,""68"":0,""13"":678,""17"":-29,""18"":-37,""19"":42,""15"":1000,""241"":26806,""199"":11222,""16"":177386,""12"":11371,""449"":0,""636"":893226,""1148"":62,""11"":8935106000,""14"":1160700155,""387"":""2b3430313631352e353030302d303038343539312e373136372b3030302e3130382f""}"
2026-07-01T07:23:48Z,862272088542776,Codec8E,2026-06-30 17:10:08.000 UTC,1782839408000,0,40.1605566,-8.4593300,107,183,14,95,0,"{""239"":1,""240"":1,""21"":5,""200"":0,""69"":1,""237"":2,""113"":100,""303"":1,""383"":3,""1149"":20,""181"":10,""182"":7,""66"":14605,""24"":95,""206"":48740,""67"":4128,""68"":0,""13"":678,""17"":-39,""18"":-49,""19"":107,""15"":1000,""241"":26806,""199"":11333,""16"":177497,""12"":11371,""449"":0,""636"":893226,""1148"":62,""11"":8935106000,""14"":1160700155,""387"":""2b3430313630352e353636372d303038343539332e333030302b3030302e3130372f""}"
2026-07-01T07:23:48Z,862272088542776,Codec8E,2026-06-30 17:10:12.000 UTC,1782839412000,0,40.1596033,-8.4593566,110,178,14,95,0,"{""239"":1,""240"":1,""21"":5,""200"":0,""69"":1,""237"":2,""113"":100,""303"":1,""383"":3,""1149"":20,""181"":10,""182"":7,""66"":14618,""24"":95,""206"":48740,""67"":4128,""68"":0,""13"":678,""17"":-66,""18"":-27,""19"":90,""15"":1000,""241"":26806,""199"":11439,""16"":177603,""12"":11371,""449"":0,""636"":1662250,""1148"":62,""11"":8935106000,""14"":1160700155,""387"":""2b3430313539362e303333332d303038343539332e353636372b3030302e3131302f""}"
2026-07-01T07:23:48Z,862272088542776,Codec8E,2026-06-30 17:10:16.000 UTC,1782839416000,0,40.1586300,-8.4593266,111,179,13,95,0,"{""239"":1,""240"":1,""21"":5,""200"":0,""69"":1,""237"":2,""113"":100,""303"":1,""383"":3,""1149"":20,""181"":13,""182"":7,""66"":14637,""24"":95,""206"":48740,""67"":4128,""68"":0,""13"":678,""17"":-62,""18"":-17,""19"":84,""15"":1000,""241"":26806,""199"":11547,""16"":177711,""12"":11371,""449"":0,""636"":1662250,""1148"":62,""11"":8935106000,""14"":1160700155,""387"":""2b3430313538362e333030302d303038343539332e323636372b3030302e3131312f""}"
2026-07-01T07:23:49Z,862272088542776,Codec8E,2026-06-30 17:10:20.000 UTC,1782839420000,0,40.1576666,-8.4593383,112,179,12,96,0,"{""239"":1,""240"":1,""21"":5,""200"":0,""69"":1,""237"":2,""113"":100,""303"":1,""383"":3,""1149"":20,""181"":11,""182"":8,""66"":14658,""24"":96,""206"":48740,""67"":4129,""68"":0,""13"":678,""17"":-66,""18"":-6,""19"":63,""15"":1000,""241"":26806,""199"":11654,""16"":177818,""12"":11371,""449"":0,""636"":893236,""1148"":62,""11"":8935106000,""14"":1160700155,""387"":""2b3430313537362e363636372d303038343539332e333833332b3030302e3131322f""}"
2026-07-01T07:23:49Z,862272088542776,Codec8E,2026-06-30 17:10:25.000 UTC,1782839425000,0,40.1566033,-8.4593716,114,181,11,88,0,"{""239"":1,""240"":1,""21"":5,""200"":0,""69"":1,""237"":2,""113"":100,""303"":1,""383"":3,""1149"":20,""181"":13,""182"":8,""66"":14603,""24"":88,""206"":48740,""67"":4128,""68"":0,""13"":678,""17"":-15,""18"":-21,""19"":19,""15"":1000,""241"":26806,""199"":11773,""16"":177937,""12"":11371,""449"":0,""636"":893236,""1148"":62,""11"":8935106000,""14"":1160700155,""387"":""2b3430313536362e303333332d303038343539332e373136372b3030302e3131342f""}"
2026-07-01T07:23:49Z,862272088542776,Codec8E,2026-06-30 17:10:30.000 UTC,1782839430000,0,40.1556266,-8.4593883,116,181,11,81,0,"{""239"":1,""240"":1,""21"":4,""200"":0,""69"":1,""237"":2,""113"":100,""303"":1,""383"":3,""1149"":1,""181"":15,""182"":9,""66"":14612,""24"":81,""206"":48740,""67"":4128,""68"":0,""13"":678,""17"":-38,""18"":22,""19"":76,""15"":1000,""241"":26806,""199"":11881,""16"":178045,""12"":11371,""449"":0,""636"":1662260,""1148"":77,""11"":8935106000,""14"":1160700155,""387"":""2b3430313535362e323636372d303038343539332e383833332b3030302e3131362f""}"
2026-07-01T07:23:49Z,862272088542776,Codec8E,2026-06-30 17:10:35.000 UTC,1782839435000,0,40.1546433,-8.4595100,118,188,13,78,0,"{""239"":1,""240"":1,""21"":4,""200"":0,""69"":1,""237"":2,""113"":100,""303"":1,""383"":3,""1149"":1,""181"":11,""182"":7,""66"":14653,""24"":78,""206"":48740,""67"":4128,""68"":0,""13"":678,""17"":128,""18"":-17,""19"":62,""15"":1000,""241"":26806,""199"":11991,""16"":178155,""12"":11371,""449"":0,""636"":1662260,""1148"":77,""11"":8935106000,""14"":1160700155,""387"":""2b3430313534362e343333332d303038343539352e313030302b3030302e3131382f""}"
2026-07-01T07:23:49Z,862272088542776,Codec8E,2026-06-30 17:10:41.000 UTC,1782839441000,0,40.1536733,-8.4597783,118,195,12,69,0,"{""239"":1,""240"":1,""21"":4,""200"":0,""69"":1,""237"":2,""113"":100,""303"":1,""383"":3,""1149"":1,""181"":14,""182"":9,""66"":14645,""24"":69,""206"":48740,""67"":4128,""68"":0,""13"":678,""17"":-27,""18"":-15,""19"":17,""15"":1000,""241"":26806,""199"":12101,""16"":178265,""12"":11371,""449"":0,""636"":1418795,""1148"":77,""11"":8935106000,""14"":1160700155,""387"":""2b3430313533362e373333332d303038343539372e373833332b3030302e3131382f""}"
2026-07-01T07:23:49Z,862272088542776,Codec8E,2026-06-30 17:10:47.000 UTC,1782839447000,0,40.1527266,-8.4602200,119,202,11,68,0,"{""239"":1,""240"":1,""21"":4,""200"":0,""69"":1,""237"":2,""113"":100,""303"":1,""383"":3,""1149"":1,""181"":12,""182"":9,""66"":14612,""24"":68,""206"":48740,""67"":4128,""68"":0,""13"":678,""17"":2,""18"":-13,""19"":57,""15"":1000,""241"":26806,""199"":12213,""16"":178377,""12"":11371,""449"":0,""636"":1418795,""1148"":77,""11"":8935106000,""14"":1160700155,""387"":""2b3430313532372e323636372d303038343630322e323030302b3030302e3131392f""}"
2026-07-01T07:23:49Z,862272088542776,Codec8E,2026-06-30 17:10:53.000 UTC,1782839453000,0,40.1518066,-8.4607266,120,203,13,63,0,"{""239"":1,""240"":1,""21"":4,""200"":0,""69"":1,""237"":2,""113"":100,""303"":1,""383"":3,""1149"":1,""181"":11,""182"":7,""66"":14619,""24"":63,""206"":48740,""67"":4128,""68"":0,""13"":678,""17"":-30,""18"":-50,""19"":9,""15"":1000,""241"":26806,""199"":12324,""16"":178488,""12"":11371,""449"":0,""636"":1418795,""1148"":77,""11"":8935106000,""14"":1160700155,""387"":""2b3430313531382e303636372d303038343630372e323636372b3030302e3132302f""}"
2026-07-01T07:23:49Z,862272088542776,Codec8E,2026-06-30 17:11:00.000 UTC,1782839460000,0,40.1508883,-8.4612583,117,203,12,60,0,"{""239"":1,""240"":1,""21"":4,""200"":0,""69"":1,""237"":2,""113"":100,""303"":1,""383"":3,""1149"":1,""181"":16,""182"":8,""66"":14595,""24"":60,""206"":48740,""67"":4128,""68"":0,""13"":678,""17"":-39,""18"":-65,""19"":39,""15"":1000,""241"":26806,""199"":12436,""16"":178600,""12"":11371,""449"":0,""636"":1418795,""1148"":73,""11"":8935106000,""14"":1160700155,""387"":""2b3430313530382e383833332d303038343631322e353833332b3030302e3131372f""}"
2026-07-01T07:23:49Z,862272088542776,Codec8E,2026-06-30 17:11:06.000 UTC,1782839466000,0,40.1500283,-8.4617883,111,203,12,64,0,"{""239"":1,""240"":1,""21"":4,""200"":0,""69"":1,""237"":2,""113"":100,""303"":1,""383"":3,""1149"":1,""181"":18,""182"":9,""66"":14591,""24"":64,""206"":48740,""67"":4128,""68"":0,""13"":678,""17"":8,""18"":-22,""19"":100,""15"":1000,""241"":26806,""199"":12541,""16"":178705,""12"":11371,""449"":0,""636"":1418795,""1148"":73,""11"":8935106000,""14"":1160700155,""387"":""2b3430313530302e323833332d303038343631372e383833332b3030302e3131312f""}"
2026-07-01T07:23:49Z,862272088542776,Codec8E,2026-06-30 17:11:12.000 UTC,1782839472000,0,40.1490800,-8.4623583,105,203,11,70,0,"{""239"":1,""240"":1,""21"":4,""200"":0,""69"":1,""237"":2,""113"":100,""303"":1,""383"":3,""1149"":1,""181"":19,""182"":9,""66"":14602,""24"":70,""206"":48740,""67"":4128,""68"":0,""13"":678,""17"":-34,""18"":-30,""19"":72,""15"":1000,""241"":26806,""199"":12657,""16"":178821,""12"":11371,""449"":0,""636"":1418795,""1148"":73,""11"":8935106000,""14"":1160700155,""387"":""2b3430313439302e383030302d303038343632332e353833332b3030302e3130352f""}"
2026-07-01T07:23:50Z,862272088542776,Codec8E,2026-06-30 17:11:17.000 UTC,1782839477000,0,40.1481983,-8.4628666,100,205,13,74,0,"{""239"":1,""240"":1,""21"":4,""200"":0,""69"":1,""237"":2,""113"":100,""303"":1,""383"":3,""1149"":1,""181"":14,""182"":8,""66"":14602,""24"":74,""206"":48740,""67"":4128,""68"":0,""13"":678,""17"":-25,""18"":-8,""19"":100,""15"":1000,""241"":26806,""199"":12764,""16"":178928,""12"":11371,""449"":0,""636"":1418795,""1148"":73,""11"":8935106000,""14"":1160700155,""387"":""2b3430313438312e393833332d303038343632382e363636372b3030302e3130302f""}"
2026-07-01T07:23:50Z,862272088542776,Codec8E,2026-06-30 17:11:22.000 UTC,1782839482000,0,40.1473566,-8.4633733,98,204,13,74,0,"{""239"":1,""240"":1,""21"":4,""200"":0,""69"":1,""237"":2,""113"":100,""303"":1,""383"":3,""1149"":1,""181"":11,""182"":7,""66"":14625,""24"":74,""206"":48740,""67"":4128,""68"":0,""13"":678,""17"":-58,""18"":-55,""19"":50,""15"":1000,""241"":26806,""199"":12867,""16"":179031,""12"":11371,""449"":0,""636"":1418795,""1148"":73,""11"":8935106000,""14"":1160700155,""387"":""2b3430313437332e353636372d303038343633332e373333332b3030302e3039382f""}"
2026-07-01T07:23:50Z,862272088542776,Codec8E,2026-06-30 17:11:27.000 UTC,1782839487000,0,40.1464900,-8.4638933,95,203,12,74,0,"{""239"":1,""240"":1,""21"":4,""200"":0,""69"":1,""237"":2,""113"":100,""303"":1,""383"":3,""1149"":1,""181"":15,""182"":8,""66"":14585,""24"":74,""206"":48740,""67"":4128,""68"":0,""13"":678,""17"":-91,""18"":20,""19"":90,""15"":1000,""241"":26806,""199"":12973,""16"":179137,""12"":11371,""449"":0,""636"":1418795,""1148"":73,""11"":8935106000,""14"":1160700155,""387"":""2b3430313436342e393030302d303038343633382e393333332b3030302e3039352f""}"
2026-07-01T07:23:50Z,862272088542776,Codec8E,2026-06-30 17:11:32.000 UTC,1782839492000,0,40.1456033,-8.4644016,96,202,9,76,0,"{""239"":1,""240"":1,""21"":4,""200"":0,""69"":1,""237"":2,""113"":100,""303"":1,""383"":3,""1149"":1,""181"":16,""182"":9,""66"":14640,""24"":76,""206"":48740,""67"":4128,""68"":0,""13"":678,""17"":-94,""18"":-35,""19"":8,""15"":1000,""241"":26806,""199"":13081,""16"":179245,""12"":11371,""449"":0,""636"":1418795,""1148"":73,""11"":8935106000,""14"":1160700155,""387"":""2b3430313435362e303333332d303038343634342e303136372b3030302e3039362f""}"
2026-07-01T07:23:50Z,862272088542776,Codec8E,2026-06-30 17:11:37.000 UTC,1782839497000,0,40.1447233,-8.4649116,99,202,11,75,0,"{""239"":1,""240"":1,""21"":4,""200"":0,""69"":1,""237"":2,""113"":100,""303"":1,""383"":3,""1149"":1,""181"":15,""182"":9,""66"":14621,""24"":75,""206"":48740,""67"":4128,""68"":0,""13"":678,""17"":-28,""18"":-49,""19"":9,""15"":1000,""241"":26806,""199"":13188,""16"":179352,""12"":11371,""449"":0,""636"":1418795,""1148"":73,""11"":8935106000,""14"":1160700155,""387"":""2b3430313434372e323333332d303038343634392e313136372b3030302e3039392f""}"
2026-07-01T07:23:51Z,862272088542776,Codec8E,2026-06-30 17:11:42.000 UTC,1782839502000,0,40.1438816,-8.4654083,100,201,11,72,0,"{""239"":1,""240"":1,""21"":4,""200"":0,""69"":1,""237"":2,""113"":100,""303"":1,""383"":3,""1149"":1,""181"":18,""182"":9,""66"":14596,""24"":72,""206"":48740,""67"":4129,""68"":0,""13"":678,""17"":-17,""18"":-51,""19"":25,""15"":1000,""241"":26806,""199"":13290,""16"":179454,""12"":11371,""449"":0,""636"":1418795,""1148"":73,""11"":8935106000,""14"":1160700155,""387"":""2b3430313433382e383136372d303038343635342e303833332b3030302e3130302f""}"
2026-07-01T07:23:51Z,862272088542776,Codec8E,2026-06-30 17:11:48.000 UTC,1782839508000,0,40.1429399,-8.4659099,103,202,11,68,0,"{""239"":1,""240"":1,""21"":4,""200"":0,""69"":1,""237"":2,""113"":100,""303"":1,""383"":3,""1149"":1,""181"":14,""182"":9,""66"":14618,""24"":68,""206"":48740,""67"":4128,""68"":0,""13"":678,""17"":0,""18"":-70,""19"":86,""15"":1000,""241"":26806,""199"":13403,""16"":179567,""12"":11371,""449"":0,""636"":1418795,""1148"":73,""11"":8935106000,""14"":1160700155,""387"":""2b3430313432392e343030302d303038343635392e313030302b3030302e3130332f""}"
2026-07-01T07:23:51Z,862272088542776,Codec8E,2026-06-30 17:11:54.000 UTC,1782839514000,0,40.1419866,-8.4663566,102,198,11,67,0,"{""239"":1,""240"":1,""21"":4,""200"":0,""69"":1,""237"":2,""113"":100,""303"":1,""383"":3,""1149"":1,""181"":16,""182"":9,""66"":14594,""24"":67,""206"":48740,""67"":4128,""68"":0,""13"":678,""17"":1,""18"":-75,""19"":52,""15"":1000,""241"":26806,""199"":13516,""16"":179680,""12"":11371,""449"":0,""636"":1418795,""1148"":73,""11"":8935106000,""14"":1160700155,""387"":""2b3430313431392e383636372d303038343636332e353636372b3030302e3130322f""}"
2026-07-01T07:23:51Z,862272088542776,Codec8E,2026-06-30 17:12:00.000 UTC,1782839520000,0,40.1410650,-8.4668066,99,200,12,61,0,"{""239"":1,""240"":1,""21"":5,""200"":0,""69"":1,""237"":2,""113"":100,""303"":1,""383"":3,""1149"":1,""181"":12,""182"":9,""66"":14645,""24"":61,""206"":48740,""67"":4128,""68"":0,""13"":678,""17"":88,""18"":-36,""19"":86,""15"":1000,""241"":26806,""199"":13625,""16"":179789,""12"":11371,""449"":0,""636"":1418794,""1148"":67,""11"":8935106000,""14"":1160700155,""387"":""2b3430313431302e363530302d303038343636382e303636372b3030302e3039392f""}"
2026-07-01T07:23:51Z,862272088542776,Codec8E,2026-06-30 17:12:07.000 UTC,1782839527000,0,40.1402216,-8.4672900,96,203,12,55,0,"{""239"":1,""240"":1,""21"":5,""200"":0,""69"":1,""237"":2,""113"":100,""303"":1,""383"":3,""1149"":1,""181"":16,""182"":9,""66"":14627,""24"":55,""206"":48740,""67"":4129,""68"":0,""13"":678,""17"":-56,""18"":-61,""19"":54,""15"":1000,""241"":26806,""199"":13728,""16"":179892,""12"":11371,""449"":0,""636"":1418794,""1148"":67,""11"":8935106000,""14"":1160700155,""387"":""2b3430313430322e323136372d303038343637322e393030302b3030302e3039362f""}"
2026-07-01T07:23:52Z,862272088542776,Codec8E,2026-06-30 17:12:13.000 UTC,1782839533000,0,40.1393433,-8.4677100,96,198,12,62,0,"{""239"":1,""240"":1,""21"":5,""200"":0,""69"":1,""237"":2,""113"":100,""303"":1,""383"":3,""1149"":1,""181"":12,""182"":9,""66"":14621,""24"":62,""206"":48740,""67"":4128,""68"":0,""13"":678,""17"":-13,""18"":-61,""19"":30,""15"":1000,""241"":26806,""199"":13832,""16"":179996,""12"":11371,""449"":0,""636"":1418794,""1148"":67,""11"":8935106000,""14"":1160700155,""387"":""2b3430313339332e343333332d303038343637372e313030302b3030302e3039362f""}"
2026-07-01T07:23:52Z,862272088542776,Codec8E,2026-06-30 17:12:19.000 UTC,1782839539000,0,40.1384266,-8.4681033,99,198,12,62,0,"{""239"":1,""240"":1,""21"":5,""200"":0,""69"":1,""237"":2,""113"":100,""303"":1,""383"":3,""1149"":1,""181"":14,""182"":9,""66"":14607,""24"":62,""206"":48740,""67"":4128,""68"":0,""13"":678,""17"":15,""18"":-8,""19"":18,""15"":1000,""241"":26806,""199"":13939,""16"":180103,""12"":11371,""449"":0,""636"":1418794,""1148"":67,""11"":8935106000,""14"":1160700155,""387"":""2b3430313338342e323636372d303038343638312e303333332b3030302e3039392f""}"
2026-07-01T07:23:52Z,862272088542776,Codec8E,2026-06-30 17:12:26.000 UTC,1782839546000,0,40.1374583,-8.4685666,100,201,12,59,0,"{""239"":1,""240"":1,""21"":5,""200"":0,""69"":1,""237"":2,""113"":100,""303"":1,""383"":3,""1149"":1,""181"":16,""182"":9,""66"":14628,""24"":59,""206"":48740,""67"":4128,""68"":0,""13"":678,""17"":-21,""18"":-52,""19"":54,""15"":1000,""241"":26806,""199"":14054,""16"":180218,""12"":11371,""449"":0,""636"":1418794,""1148"":67,""11"":8935106000,""14"":1160700155,""387"":""2b3430313337342e353833332d303038343638352e363636372b3030302e3130302f""}"
2026-07-01T07:23:52Z,862272088542776,Codec8E,2026-06-30 17:12:33.000 UTC,1782839553000,0,40.1365300,-8.4690249,98,200,11,59,0,"{""239"":1,""240"":1,""21"":4,""200"":0,""69"":1,""237"":2,""113"":100,""303"":1,""383"":3,""1149"":1,""181"":20,""182"":10,""66"":14663,""24"":59,""206"":48740,""67"":4129,""68"":0,""13"":678,""17"":-60,""18"":-63,""19"":33,""15"":1000,""241"":26806,""199"":14164,""16"":180328,""12"":11371,""449"":0,""636"":1418794,""1148"":79,""11"":8935106000,""14"":1160700155,""387"":""2b3430313336352e333030302d303038343639302e323530302b3030302e3039382f""}"
2026-07-01T07:23:52Z,862272088542776,Codec8E,2026-06-30 17:12:37.000 UTC,1782839557000,0,40.1359633,-8.4693683,96,211,13,61,0,"{""239"":1,""240"":1,""21"":4,""200"":0,""69"":1,""237"":2,""113"":100,""303"":1,""383"":3,""1149"":1,""181"":13,""182"":8,""66"":14658,""24"":61,""206"":48740,""67"":4128,""68"":0,""13"":678,""17"":-41,""18"":68,""19"":28,""15"":1000,""241"":26806,""199"":14234,""16"":180398,""12"":11371,""449"":0,""636"":1418794,""1148"":79,""11"":8935106000,""14"":1160700155,""387"":""2b3430313335392e363333332d303038343639332e363833332b3030302e3039362f""}"
2026-07-01T07:23:52Z,862272088542776,Codec8E,2026-06-30 17:12:40.000 UTC,1782839560000,0,40.1356150,-8.4697950,95,225,13,62,0,"{""239"":1,""240"":1,""21"":4,""200"":0,""69"":1,""237"":2,""113"":100,""303"":1,""383"":3,""1149"":1,""181"":13,""182"":8,""66"":14635,""24"":62,""206"":48740,""67"":4128,""68"":0,""13"":678,""17"":-64,""18"":76,""19"":42,""15"":1000,""241"":26806,""199"":14287,""16"":180451,""12"":11371,""449"":0,""636"":1418794,""1148"":79,""11"":8935106000,""14"":1160700155,""387"":""2b3430313335362e313530302d303038343639372e393530302b3030302e3039352f""}"
2026-07-01T07:23:52Z,862272088542776,Codec8E,2026-06-30 17:12:43.000 UTC,1782839563000,0,40.1353099,-8.4703600,96,239,13,64,0,"{""239"":1,""240"":1,""21"":4,""200"":0,""69"":1,""237"":2,""113"":100,""303"":1,""383"":3,""1149"":1,""181"":11,""182"":8,""66"":14646,""24"":64,""206"":48740,""67"":4128,""68"":0,""13"":678,""17"":-36,""18"":-15,""19"":12,""15"":1000,""241"":26806,""199"":14346,""16"":180510,""12"":11371,""449"":0,""636"":1418794,""1148"":79,""11"":8935106000,""14"":1160700155,""387"":""2b3430313335332e313030302d303038343730332e363030302b3030302e3039362f""}"
2026-07-01T07:23:52Z,862272088542776,Codec8E,2026-06-30 17:12:49.000 UTC,1782839569000,0,40.1348166,-8.4714983,97,239,13,65,0,"{""239"":1,""240"":1,""21"":4,""200"":0,""69"":1,""237"":2,""113"":100,""303"":1,""383"":3,""1149"":1,""181"":11,""182"":8,""66"":14620,""24"":65,""206"":48740,""67"":4128,""68"":0,""13"":678,""17"":23,""18"":-53,""19"":35,""15"":1000,""241"":26806,""199"":14458,""16"":180622,""12"":11371,""449"":0,""636"":1418794,""1148"":79,""11"":8935106000,""14"":1160700155,""387"":""2b3430313334382e313636372d303038343731342e393833332b3030302e3039372f""}"
2026-07-01T07:23:52Z,862272088542776,Codec8E,2026-06-30 17:12:56.000 UTC,1782839576000,0,40.1343050,-8.4726466,104,237,13,58,0,"{""239"":1,""240"":1,""21"":4,""200"":0,""69"":1,""237"":2,""113"":100,""303"":1,""383"":3,""1149"":1,""181"":10,""182"":7,""66"":14594,""24"":58,""206"":48740,""67"":4128,""68"":0,""13"":678,""17"":127,""18"":-26,""19"":35,""15"":1000,""241"":26806,""199"":14571,""16"":180735,""12"":11371,""449"":0,""636"":1418794,""1148"":79,""11"":8935106000,""14"":1160700155,""387"":""2b3430313334332e303530302d303038343732362e343636372b3030302e3130342f""}"
2026-07-01T07:23:52Z,862272088542776,Codec8E,2026-06-30 17:13:01.000 UTC,1782839581000,0,40.1339283,-8.4734083,102,226,12,55,0,"{""239"":1,""240"":1,""21"":0,""200"":0,""69"":1,""237"":99,""113"":100,""303"":1,""383"":3,""1149"":0,""181"":11,""182"":8,""66"":14670,""24"":55,""206"":0,""67"":4128,""68"":0,""13"":678,""17"":-22,""18"":-103,""19"":46,""15"":1000,""241"":0,""199"":14648,""16"":180812,""12"":11371,""449"":0,""636"":0,""1148"":0,""11"":8935106000,""14"":1160700155,""387"":""2b3430313333392e323833332d303038343733342e303833332b3030302e3130322f""}"
2026-07-01T07:23:53Z,862272088542776,Codec8E,2026-06-30 17:13:05.000 UTC,1782839585000,0,40.1335233,-8.4739216,99,215,12,58,0,"{""239"":1,""240"":1,""21"":0,""200"":0,""69"":1,""237"":2,""113"":100,""303"":1,""383"":3,""1149"":0,""181"":12,""182"":9,""66"":14654,""24"":58,""206"":48740,""67"":4129,""68"":0,""13"":678,""17"":-25,""18"":-23,""19"":24,""15"":1000,""241"":0,""199"":14711,""16"":180875,""12"":11371,""449"":0,""636"":1418804,""1148"":0,""11"":8935106000,""14"":1160700155,""387"":""2b3430313333352e323333332d303038343733392e323136372b3030302e3039392f""}"
2026-07-01T07:23:53Z,862272088542776,Codec8E,2026-06-30 17:13:10.000 UTC,1782839590000,0,40.1327033,-8.4746699,104,218,11,65,0,"{""239"":1,""240"":1,""21"":3,""200"":0,""69"":1,""237"":2,""113"":100,""303"":1,""383"":3,""1149"":8,""181"":19,""182"":10,""66"":14616,""24"":65,""206"":48740,""67"":4128,""68"":0,""13"":678,""17"":152,""18"":31,""19"":-19,""15"":1000,""241"":26806,""199"":14823,""16"":180987,""12"":11371,""449"":0,""636"":1418804,""1148"":84,""11"":8935106000,""14"":1160700155,""387"":""2b3430313332372e303333332d303038343734362e373030302b3030302e3130342f""}"
2026-07-01T07:23:53Z,862272088542776,Codec8E,2026-06-30 17:13:13.000 UTC,1782839593000,0,40.1323550,-8.4750699,101,228,12,60,0,"{""239"":1,""240"":1,""21"":3,""200"":0,""69"":1,""237"":2,""113"":100,""303"":1,""383"":3,""1149"":8,""181"":12,""182"":9,""66"":14646,""24"":60,""206"":48740,""67"":4128,""68"":0,""13"":678,""17"":-3,""18"":52,""19"":16,""15"":1000,""241"":26806,""199"":14874,""16"":181038,""12"":11371,""449"":0,""636"":1418804,""1148"":84,""11"":8935106000,""14"":1160700155,""387"":""2b3430313332332e353530302d303038343735302e373030302b3030302e3130312f""}"
2026-07-01T07:23:53Z,862272088542776,Codec8E,2026-06-30 17:13:17.000 UTC,1782839597000,0,40.1320416,-8.4755900,96,239,11,55,0,"{""239"":1,""240"":1,""21"":3,""200"":0,""69"":1,""237"":2,""113"":100,""303"":1,""383"":3,""1149"":8,""181"":17,""182"":9,""66"":14622,""24"":55,""206"":48740,""67"":4128,""68"":0,""13"":678,""17"":-41,""18"":13,""19"":54,""15"":1000,""241"":26806,""199"":14931,""16"":181095,""12"":11371,""449"":0,""636"":1418804,""1148"":84,""11"":8935106000,""14"":1160700155,""387"":""2b3430313332302e343136372d303038343735352e393030302b3030302e3039362f""}"
2026-07-01T07:23:53Z,862272088542776,Codec8E,2026-06-30 17:13:23.000 UTC,1782839603000,0,40.1316516,-8.4766866,88,243,12,62,0,"{""239"":1,""240"":1,""21"":3,""200"":0,""69"":1,""237"":2,""113"":100,""303"":1,""383"":3,""1149"":8,""181"":11,""182"":8,""66"":14626,""24"":62,""206"":48740,""67"":4128,""68"":0,""13"":678,""17"":-57,""18"":-1,""19"":25,""15"":1000,""241"":26806,""199"":15034,""16"":181198,""12"":11371,""449"":0,""636"":1418804,""1148"":84,""11"":8935106000,""14"":1160700155,""387"":""2b3430313331362e353136372d303038343736362e383636372b3030302e3038382f""}"
2026-07-01T07:23:54Z,862272088542776,Codec8E,2026-06-30 17:13:28.000 UTC,1782839608000,0,40.1312799,-8.4777899,83,246,10,73,0,"{""239"":1,""240"":1,""21"":3,""200"":0,""69"":1,""237"":2,""113"":100,""303"":1,""383"":3,""1149"":8,""181"":12,""182"":9,""66"":14612,""24"":73,""206"":48740,""67"":4128,""68"":0,""13"":678,""17"":-78,""18"":-55,""19"":45,""15"":1000,""241"":26806,""199"":15136,""16"":181300,""12"":11371,""449"":0,""636"":1418804,""1148"":84,""11"":8935106000,""14"":1160700155,""387"":""2b3430313331322e383030302d303038343737372e393030302b3030302e3038332f""}"
2026-07-01T07:23:54Z,862272088542776,Codec8E,2026-06-30 17:13:32.000 UTC,1782839612000,0,40.1309100,-8.4787933,78,241,10,83,0,"{""239"":1,""240"":1,""21"":3,""200"":0,""69"":1,""237"":2,""113"":100,""303"":1,""383"":3,""1149"":8,""181"":12,""182"":9,""66"":14629,""24"":83,""206"":48740,""67"":4128,""68"":0,""13"":678,""17"":-69,""18"":-106,""19"":125,""15"":1000,""241"":26806,""199"":15231,""16"":181395,""12"":11371,""449"":0,""636"":1418804,""1148"":84,""11"":8935106000,""14"":1160700155,""387"":""2b3430313330392e313030302d303038343738372e393333332b3030302e3037382f""}"
2026-07-01T07:23:54Z,862272088542776,Codec8E,2026-06-30 17:13:36.000 UTC,1782839616000,0,40.1304333,-8.4798333,72,239,12,91,0,"{""239"":1,""240"":1,""21"":3,""200"":0,""69"":1,""237"":2,""113"":100,""303"":1,""383"":3,""1149"":8,""181"":11,""182"":8,""66"":14609,""24"":91,""206"":48740,""67"":4128,""68"":0,""13"":678,""17"":-87,""18"":-80,""19"":95,""15"":1000,""241"":26806,""199"":15334,""16"":181498,""12"":11371,""449"":0,""636"":1418804,""1148"":84,""11"":8935106000,""14"":1160700155,""387"":""2b3430313330342e333333332d303038343739382e333333332b3030302e3037322f""}"
2026-07-01T07:23:54Z,862272088542776,Codec8E,2026-06-30 17:13:40.000 UTC,1782839620000,0,40.1298800,-8.4808983,74,238,12,95,0,"{""239"":1,""240"":1,""21"":3,""200"":0,""69"":1,""237"":2,""113"":100,""303"":1,""383"":3,""1149"":8,""181"":15,""182"":8,""66"":14613,""24"":95,""206"":48740,""67"":4128,""68"":0,""13"":678,""17"":-6,""18"":-45,""19"":76,""15"":1000,""241"":26806,""199"":15443,""16"":181607,""12"":11371,""449"":0,""636"":1418804,""1148"":84,""11"":8935106000,""14"":1160700155,""387"":""2b3430313239382e383030302d303038343830382e393833332b3030302e3037342f""}"
2026-07-01T07:23:54Z,862272088542776,Codec8E,2026-06-30 17:13:44.000 UTC,1782839624000,0,40.1293250,-8.4819916,72,237,12,97,0,"{""239"":1,""240"":1,""21"":3,""200"":0,""69"":1,""237"":2,""113"":100,""303"":1,""383"":3,""1149"":8,""181"":11,""182"":8,""66"":14612,""24"":97,""206"":48740,""67"":4129,""68"":0,""13"":678,""17"":-63,""18"":-26,""19"":62,""15"":1000,""241"":26806,""199"":15555,""16"":181719,""12"":11371,""449"":0,""636"":1418804,""1148"":84,""11"":8935106000,""14"":1160700155,""387"":""2b3430313239332e323530302d303038343831392e393136372b3030302e3037322f""}"
2026-07-01T07:23:55Z,862272088542776,Codec8E,2026-06-30 17:13:48.000 UTC,1782839628000,0,40.1288083,-8.4830966,70,237,12,97,0,"{""239"":1,""240"":1,""21"":4,""200"":0,""69"":1,""237"":2,""113"":100,""303"":1,""383"":3,""1149"":1,""181"":11,""182"":8,""66"":14573,""24"":97,""206"":48740,""67"":4128,""68"":0,""13"":678,""17"":-58,""18"":-25,""19"":59,""15"":1000,""241"":26806,""199"":15665,""16"":181829,""12"":11371,""449"":0,""636"":1986346,""1148"":82,""11"":8935106000,""14"":1160700155,""387"":""2b3430313238382e303833332d303038343833302e393636372b3030302e3037302f""}"
2026-07-01T07:23:55Z,862272088542776,Codec8E,2026-06-30 17:13:52.000 UTC,1782839632000,0,40.1283100,-8.4842033,70,239,12,95,0,"{""239"":1,""240"":1,""21"":4,""200"":0,""69"":1,""237"":2,""113"":100,""303"":1,""383"":3,""1149"":1,""181"":11,""182"":8,""66"":14651,""24"":95,""206"":48740,""67"":4128,""68"":0,""13"":678,""17"":-50,""18"":11,""19"":-43,""15"":1000,""241"":26806,""199"":15774,""16"":181938,""12"":11371,""449"":0,""636"":1986346,""1148"":82,""11"":8935106000,""14"":1160700155,""387"":""2b3430313238332e313030302d303038343834322e303333332b3030302e3037302f""}"
2026-07-01T07:23:55Z,862272088542776,Codec8E,2026-06-30 17:13:56.000 UTC,1782839636000,0,40.1278166,-8.4852599,68,237,12,94,0,"{""239"":1,""240"":1,""21"":4,""200"":0,""69"":1,""237"":2,""113"":100,""303"":1,""383"":3,""1149"":1,""181"":11,""182"":8,""66"":14666,""24"":94,""206"":48740,""67"":4128,""68"":0,""13"":678,""17"":-57,""18"":-45,""19"":83,""15"":1000,""241"":26806,""199"":15879,""16"":182043,""12"":11371,""449"":0,""636"":1418794,""1148"":82,""11"":8935106000,""14"":1160700155,""387"":""2b3430313237382e313636372d303038343835322e363030302b3030302e3036382f""}"
2026-07-01T07:23:55Z,862272088542776,Codec8E,2026-06-30 17:14:01.000 UTC,1782839641000,0,40.1271633,-8.4864616,69,235,11,94,0,"{""239"":1,""240"":1,""21"":4,""200"":0,""69"":1,""237"":2,""113"":100,""303"":1,""383"":3,""1149"":1,""181"":12,""182"":9,""66"":14576,""24"":94,""206"":48740,""67"":4128,""68"":0,""13"":678,""17"":-28,""18"":-28,""19"":53,""15"":1000,""241"":26806,""199"":16005,""16"":182169,""12"":11371,""449"":0,""636"":1418794,""1148"":75,""11"":8935106000,""14"":1160700155,""387"":""2b3430313237312e363333332d303038343836342e363136372b3030302e3036392f""}"
2026-07-01T07:23:55Z,862272088542776,Codec8E,2026-06-30 17:14:05.000 UTC,1782839645000,0,40.1266266,-8.4875449,68,236,12,97,0,"{""239"":1,""240"":1,""21"":4,""200"":0,""69"":1,""237"":2,""113"":100,""303"":1,""383"":3,""1149"":1,""181"":12,""182"":9,""66"":14579,""24"":97,""206"":48740,""67"":4128,""68"":0,""13"":678,""17"":18,""18"":-18,""19"":70,""15"":1000,""241"":26806,""199"":16114,""16"":182278,""12"":11371,""449"":0,""636"":1986346,""1148"":75,""11"":8935106000,""14"":1160700155,""387"":""2b3430313236362e323636372d303038343837352e343530302b3030302e3036382f""}"
2026-07-01T07:23:57Z,862272088542776,Codec8E,2026-06-30 17:14:09.000 UTC,1782839649000,0,40.1260716,-8.4886216,62,236,10,97,0,"{""239"":1,""240"":1,""21"":4,""200"":0,""69"":1,""237"":2,""113"":100,""303"":1,""383"":3,""1149"":1,""181"":19,""182"":10,""66"":14587,""24"":97,""206"":48740,""67"":4128,""68"":0,""13"":678,""17"":44,""18"":36,""19"":61,""15"":1000,""241"":26806,""199"":16225,""16"":182389,""12"":11371,""449"":0,""636"":1555755,""1148"":75,""11"":8935106000,""14"":1160700155,""387"":""2b3430313236302e373136372d303038343838362e323136372b3030302e3036322f""}"
2026-07-01T07:23:57Z,862272088542776,Codec8E,2026-06-30 17:14:13.000 UTC,1782839653000,0,40.1255233,-8.4897283,57,236,11,101,0,"{""239"":1,""240"":1,""21"":4,""200"":0,""69"":1,""237"":2,""113"":100,""303"":1,""383"":3,""1149"":1,""181"":16,""182"":8,""66"":14608,""24"":101,""206"":48740,""67"":4128,""68"":0,""13"":678,""17"":-27,""18"":34,""19"":6,""15"":1000,""241"":26806,""199"":16337,""16"":182501,""12"":11371,""449"":0,""636"":1555725,""1148"":75,""11"":8935106000,""14"":1160700155,""387"":""2b3430313235352e323333332d303038343839372e323833332b3030302e3035372f""}"
2026-07-01T07:23:57Z,862272088542776,Codec8E,2026-06-30 17:14:17.000 UTC,1782839657000,0,40.1249799,-8.4908983,52,238,11,104,0,"{""239"":1,""240"":1,""21"":4,""200"":0,""69"":1,""237"":2,""113"":100,""303"":1,""383"":3,""1149"":1,""181"":11,""182"":8,""66"":14605,""24"":104,""206"":48740,""67"":4128,""68"":0,""13"":678,""17"":15,""18"":26,""19"":146,""15"":1000,""241"":26806,""199"":16453,""16"":182617,""12"":11371,""449"":0,""636"":1555725,""1148"":75,""11"":8935106000,""14"":1160700155,""387"":""2b3430313234392e383030302d303038343930382e393833332b3030302e3035322f""}"
2026-07-01T07:23:57Z,862272088542776,Codec8E,2026-06-30 17:14:21.000 UTC,1782839661000,0,40.1244583,-8.4920650,47,238,12,105,0,"{""239"":1,""240"":1,""21"":4,""200"":0,""69"":1,""237"":2,""113"":100,""303"":1,""383"":3,""1149"":1,""181"":12,""182"":9,""66"":14597,""24"":105,""206"":48740,""67"":4128,""68"":0,""13"":678,""17"":-28,""18"":-12,""19"":132,""15"":1000,""241"":26806,""199"":16568,""16"":182732,""12"":11371,""449"":0,""636"":1555755,""1148"":75,""11"":8935106000,""14"":1160700155,""387"":""2b3430313234342e353833332d303038343932302e363530302b3030302e3034372f""}"
2026-07-01T07:23:57Z,862272088542776,Codec8E,2026-06-30 17:14:25.000 UTC,1782839665000,0,40.1238766,-8.4932633,46,238,12,106,0,"{""239"":1,""240"":1,""21"":4,""200"":0,""69"":1,""237"":2,""113"":100,""303"":1,""383"":3,""1149"":1,""181"":12,""182"":9,""66"":14652,""24"":106,""206"":48740,""67"":4128,""68"":0,""13"":678,""17"":184,""18"":-59,""19"":116,""15"":1000,""241"":26806,""199"":16689,""16"":182853,""12"":11371,""449"":0,""636"":1555755,""1148"":75,""11"":8935106000,""14"":1160700155,""387"":""2b3430313233382e373636372d303038343933322e363333332b3030302e3034362f""}"
2026-07-01T07:23:58Z,862272088542776,Codec8E,2026-06-30 17:14:29.000 UTC,1782839669000,0,40.1233749,-8.4942783,50,239,12,90,0,"{""239"":1,""240"":1,""21"":4,""200"":0,""69"":1,""237"":2,""113"":100,""303"":1,""383"":3,""1149"":1,""181"":17,""182"":9,""66"":14590,""24"":90,""206"":48740,""67"":4128,""68"":0,""13"":678,""17"":-16,""18"":-15,""19"":87,""15"":1000,""241"":26806,""199"":16791,""16"":182955,""12"":11371,""449"":0,""636"":1555755,""1148"":81,""11"":8935106000,""14"":1160700155,""387"":""2b3430313233332e373530302d303038343934322e373833332b3030302e3035302f""}"
2026-07-01T07:23:58Z,862272088542776,Codec8E,2026-06-30 17:14:31.000 UTC,1782839671000,0,40.1231833,-8.4946400,48,237,12,79,0,"{""239"":1,""240"":1,""21"":4,""200"":0,""69"":1,""237"":2,""113"":100,""303"":1,""383"":3,""1149"":1,""181"":12,""182"":9,""66"":14577,""24"":79,""206"":48740,""67"":4128,""68"":0,""13"":678,""17"":-39,""18"":-68,""19"":77,""15"":1000,""241"":26806,""199"":16829,""16"":182993,""12"":11371,""449"":0,""636"":1555755,""1148"":81,""11"":8935106000,""14"":1160700155,""387"":""2b3430313233312e383333332d303038343934362e343030302b3030302e3034382f""}"
2026-07-01T07:23:58Z,862272088542776,Codec8E,2026-06-30 17:14:34.000 UTC,1782839674000,0,40.1229266,-8.4951366,48,237,11,67,0,"{""239"":1,""240"":1,""21"":4,""200"":0,""69"":1,""237"":2,""113"":100,""303"":1,""383"":3,""1149"":1,""181"":12,""182"":9,""66"":14579,""24"":67,""206"":48740,""67"":4128,""68"":0,""13"":678,""17"":-55,""18"":-38,""19"":44,""15"":1000,""241"":26806,""199"":16880,""16"":183044,""12"":11371,""449"":0,""636"":1555755,""1148"":81,""11"":8935106000,""14"":1160700155,""387"":""2b3430313232392e323636372d303038343935312e333636372b3030302e3034382f""}"
2026-07-01T07:23:58Z,862272088542776,Codec8E,2026-06-30 17:14:41.000 UTC,1782839681000,0,40.1223899,-8.4961800,53,236,12,58,0,"{""239"":1,""240"":1,""21"":4,""200"":0,""69"":1,""237"":2,""113"":100,""303"":1,""383"":3,""1149"":1,""181"":12,""182"":9,""66"":14580,""24"":58,""206"":48740,""67"":4128,""68"":0,""13"":678,""17"":-20,""18"":-48,""19"":62,""15"":1000,""241"":26806,""199"":16987,""16"":183151,""12"":11371,""449"":0,""636"":1555755,""1148"":81,""11"":8935106000,""14"":1160700155,""387"":""2b3430313232332e393030302d303038343936312e383030302b3030302e3035332f""}"
2026-07-01T07:23:58Z,862272088542776,Codec8E,2026-06-30 17:14:49.000 UTC,1782839689000,0,40.1217999,-8.4972500,58,233,10,50,0,"{""239"":1,""240"":1,""21"":4,""200"":0,""69"":1,""237"":2,""113"":100,""303"":1,""383"":3,""1149"":1,""181"":17,""182"":10,""66"":14603,""24"":50,""206"":48740,""67"":4128,""68"":0,""13"":678,""17"":-69,""18"":-25,""19"":183,""15"":1000,""241"":26806,""199"":17099,""16"":183263,""12"":11371,""449"":0,""636"":1418764,""1148"":81,""11"":8935106000,""14"":1160700155,""387"":""2b3430313231382e303030302d303038343937322e353030302b3030302e3035382f""}"
2026-07-01T07:23:58Z,862272088542776,Codec8E,2026-06-30 17:14:57.000 UTC,1782839697000,0,40.1212016,-8.4982133,59,228,12,47,0,"{""239"":1,""240"":1,""21"":4,""200"":0,""69"":1,""237"":2,""113"":100,""303"":1,""383"":3,""1149"":1,""181"":11,""182"":8,""66"":14577,""24"":47,""206"":48740,""67"":4128,""68"":0,""13"":678,""17"":-11,""18"":-56,""19"":-12,""15"":1000,""241"":26806,""199"":17204,""16"":183368,""12"":11371,""449"":0,""636"":339497,""1148"":81,""11"":8935106000,""14"":1160700155,""387"":""2b3430313231322e303136372d303038343938322e313333332b3030302e3035392f""}"
2026-07-01T07:23:58Z,862272088542776,Codec8E,2026-06-30 17:15:06.000 UTC,1782839706000,0,40.1205450,-8.4991283,61,222,13,41,0,"{""239"":1,""240"":1,""21"":4,""200"":0,""69"":1,""237"":2,""113"":100,""303"":1,""383"":3,""1149"":1,""181"":11,""182"":8,""66"":14592,""24"":41,""206"":48740,""67"":4128,""68"":0,""13"":678,""17"":13,""18"":111,""19"":0,""15"":1000,""241"":26806,""199"":17311,""16"":183475,""12"":11371,""449"":0,""636"":339497,""1148"":85,""11"":8935106000,""14"":1160700155,""387"":""2b3430313230352e343530302d303038343939312e323833332b3030302e3036312f""}"
2026-07-01T07:23:58Z,862272088542776,Codec8E,2026-06-30 17:15:08.000 UTC,1782839708000,0,40.1204550,-8.4992650,60,234,13,36,0,"{""239"":1,""240"":1,""21"":4,""200"":0,""69"":1,""237"":2,""113"":100,""303"":1,""383"":3,""1149"":1,""181"":11,""182"":8,""66"":14600,""24"":36,""206"":48740,""67"":4128,""68"":0,""13"":678,""17"":-39,""18"":-215,""19"":0,""15"":1000,""241"":26806,""199"":17326,""16"":183490,""12"":11371,""449"":0,""636"":339497,""1148"":85,""11"":8935106000,""14"":1160700155,""387"":""2b3430313230342e353530302d303038343939322e363530302b3030302e3036302f""}"
2026-07-01T07:23:58Z,862272088542776,Codec8E,2026-06-30 17:15:12.000 UTC,1782839712000,0,40.1202466,-8.4995850,58,213,13,36,0,"{""239"":1,""240"":1,""21"":4,""200"":0,""69"":1,""237"":2,""113"":100,""303"":1,""383"":3,""1149"":1,""181"":11,""182"":8,""66"":14624,""24"":36,""206"":48740,""67"":4128,""68"":0,""13"":678,""17"":-113,""18"":11,""19"":-30,""15"":1000,""241"":26806,""199"":17362,""16"":183526,""12"":11371,""449"":0,""636"":339497,""1148"":85,""11"":8935106000,""14"":1160700155,""387"":""2b3430313230322e343636372d303038343939352e383530302b3030302e3035382f""}"
2026-07-01T07:23:58Z,862272088542776,Codec8E,2026-06-30 17:15:17.000 UTC,1782839717000,0,40.1197016,-8.5000633,58,217,13,47,0,"{""239"":1,""240"":1,""21"":4,""200"":0,""69"":1,""237"":2,""113"":100,""303"":1,""383"":3,""1149"":1,""181"":12,""182"":8,""66"":14572,""24"":47,""206"":48740,""67"":4128,""68"":0,""13"":678,""17"":-86,""18"":-28,""19"":61,""15"":1000,""241"":26806,""199"":17435,""16"":183599,""12"":11371,""449"":0,""636"":339497,""1148"":85,""11"":8935106000,""14"":1160700155,""387"":""2b3430313139372e303136372d303038353030302e363333332b3030302e3035382f""}"
2026-07-01T07:23:59Z,862272088542776,Codec8E,2026-06-30 17:15:21.000 UTC,1782839721000,0,40.1192283,-8.5005233,57,214,11,57,0,"{""239"":1,""240"":1,""21"":4,""200"":0,""69"":1,""237"":2,""113"":100,""303"":1,""383"":3,""1149"":1,""181"":17,""182"":10,""66"":14648,""24"":57,""206"":48740,""67"":4128,""68"":0,""13"":678,""17"":58,""18"":-44,""19"":-9,""15"":1000,""241"":26806,""199"":17501,""16"":183665,""12"":11371,""449"":0,""636"":339497,""1148"":85,""11"":8935106000,""14"":1160700155,""387"":""2b3430313139322e323833332d303038353030352e323333332b3030302e3035372f""}"
2026-07-01T07:23:59Z,862272088542776,Codec8E,2026-06-30 17:15:28.000 UTC,1782839728000,0,40.1184516,-8.5012383,58,212,12,53,0,"{""239"":1,""240"":1,""21"":4,""200"":0,""69"":1,""237"":2,""113"":100,""303"":1,""383"":3,""1149"":1,""181"":15,""182"":8,""66"":14575,""24"":53,""206"":48740,""67"":4128,""68"":0,""13"":678,""17"":-67,""18"":-42,""19"":52,""15"":1000,""241"":26806,""199"":17607,""16"":183771,""12"":11371,""449"":0,""636"":339497,""1148"":85,""11"":8935106000,""14"":1160700155,""387"":""2b3430313138342e353136372d303038353031322e333833332b3030302e3035382f""}"
2026-07-01T07:23:59Z,862272088542776,Codec8E,2026-06-30 17:15:35.000 UTC,1782839735000,0,40.1176300,-8.5017850,58,207,13,49,0,"{""239"":1,""240"":1,""21"":4,""200"":0,""69"":1,""237"":2,""113"":100,""303"":1,""383"":3,""1149"":1,""181"":11,""182"":7,""66"":14607,""24"":49,""206"":48740,""67"":4128,""68"":0,""13"":678,""17"":18,""18"":-58,""19"":45,""15"":1000,""241"":26806,""199"":17709,""16"":183873,""12"":11371,""449"":0,""636"":339497,""1148"":85,""11"":8935106000,""14"":1160700155,""387"":""2b3430313137362e333030302d303038353031372e383530302b3030302e3035382f""}"
2026-07-01T07:23:59Z,862272088542776,Codec8E,2026-06-30 17:15:40.000 UTC,1782839740000,0,40.1172116,-8.5020483,60,206,13,37,0,"{""239"":1,""240"":1,""21"":4,""200"":0,""69"":1,""237"":2,""113"":100,""303"":1,""383"":3,""1149"":1,""181"":11,""182"":7,""66"":14640,""24"":37,""206"":48740,""67"":4128,""68"":0,""13"":678,""17"":67,""18"":-41,""19"":62,""15"":1000,""241"":26806,""199"":17761,""16"":183925,""12"":11371,""449"":0,""636"":1515562,""1148"":85,""11"":8935106000,""14"":1160700155,""387"":""2b3430313137322e313136372d303038353032302e343833332b3030302e3036302f""}"
2026-07-01T07:23:59Z,862272088542776,Codec8E,2026-06-30 17:15:43.000 UTC,1782839743000,0,40.1170950,-8.5021083,62,206,13,26,0,"{""239"":1,""240"":1,""21"":4,""200"":0,""69"":1,""237"":2,""113"":100,""303"":1,""383"":3,""1149"":1,""181"":12,""182"":7,""66"":14601,""24"":26,""206"":48740,""67"":4128,""68"":0,""13"":678,""17"":-80,""18"":-53,""19"":10,""15"":1000,""241"":26806,""199"":17775,""16"":183939,""12"":11371,""449"":0,""636"":1515562,""1148"":85,""11"":8935106000,""14"":1160700155,""387"":""2b3430313137302e393530302d303038353032312e303833332b3030302e3036322f""}"
2026-07-01T07:24:01Z,862272088542776,Codec8E,2026-06-30 17:15:46.000 UTC,1782839746000,0,40.1169816,-8.5021716,61,195,14,22,0,"{""239"":1,""240"":1,""21"":4,""200"":0,""69"":1,""237"":2,""113"":100,""303"":1,""383"":3,""1149"":1,""181"":11,""182"":7,""66"":14564,""24"":22,""206"":48740,""67"":4128,""68"":0,""13"":678,""17"":-8,""18"":-44,""19"":30,""15"":1000,""241"":26806,""199"":17789,""16"":183953,""12"":11371,""449"":0,""636"":1515562,""1148"":85,""11"":8935106000,""14"":1160700155,""387"":""2b3430313136392e383136372d303038353032312e373136372b3030302e3036312f""}"
2026-07-01T07:24:01Z,862272088542776,Codec8E,2026-06-30 17:15:48.000 UTC,1782839748000,0,40.1169083,-8.5022216,60,205,14,19,0,"{""239"":1,""240"":1,""21"":4,""200"":0,""69"":1,""237"":2,""113"":100,""303"":1,""383"":3,""1149"":1,""181"":13,""182"":7,""66"":14560,""24"":19,""206"":48740,""67"":4128,""68"":0,""13"":678,""17"":69,""18"":-55,""19"":26,""15"":1000,""241"":26806,""199"":17798,""16"":183962,""12"":11371,""449"":0,""636"":339497,""1148"":85,""11"":8935106000,""14"":1160700155,""387"":""2b3430313136392e303833332d303038353032322e323136372b3030302e3036302f""}"
2026-07-01T07:24:01Z,862272088542776,Codec8E,2026-06-30 17:15:50.000 UTC,1782839750000,0,40.1168583,-8.5022583,60,224,13,14,0,"{""239"":1,""240"":1,""21"":4,""200"":0,""69"":1,""237"":2,""113"":100,""303"":1,""383"":3,""1149"":1,""181"":14,""182"":8,""66"":14564,""24"":14,""206"":48740,""67"":4128,""68"":0,""13"":678,""17"":64,""18"":-42,""19"":7,""15"":1000,""241"":26806,""199"":17802,""16"":183966,""12"":11371,""449"":0,""636"":339497,""1148"":85,""11"":8935106000,""14"":1160700155,""387"":""2b3430313136382e353833332d303038353032322e353833332b3030302e3036302f""}"
2026-07-01T07:24:01Z,862272088542776,Codec8E,2026-06-30 17:15:54.000 UTC,1782839754000,0,40.1168433,-8.5022766,60,224,13,4,0,"{""239"":1,""240"":1,""21"":4,""200"":0,""69"":1,""237"":2,""113"":100,""303"":1,""383"":3,""1149"":1,""181"":11,""182"":8,""66"":14621,""24"":4,""206"":48740,""67"":4128,""68"":0,""13"":678,""17"":-42,""18"":-44,""19"":4,""15"":1000,""241"":26806,""199"":17806,""16"":183970,""12"":11371,""449"":0,""636"":339497,""1148"":85,""11"":8935106000,""14"":1160700155,""387"":""2b3430313136382e343333332d303038353032322e373636372b3030302e3036302f""}"
2026-07-01T07:24:01Z,862272088542776,Codec8E,2026-06-30 17:15:56.000 UTC,1782839756000,0,40.1168433,-8.5022766,60,224,12,2,303,"{""239"":1,""240"":1,""21"":4,""200"":0,""69"":1,""237"":2,""113"":100,""303"":0,""383"":3,""1149"":1,""181"":12,""182"":9,""66"":14606,""24"":2,""206"":48740,""67"":4128,""68"":0,""13"":678,""17"":-42,""18"":-50,""19"":9,""15"":1000,""241"":26806,""199"":17806,""16"":183970,""12"":11371,""449"":0,""636"":339497,""1148"":85,""11"":8935106000,""14"":1160700155,""387"":""2b3430313136382e343333332d303038353032322e373636372b3030302e3036302f""}"
2026-07-01T07:24:01Z,862272088542776,Codec8E,2026-06-30 17:16:30.000 UTC,1782839790000,0,40.1167933,-8.5023616,61,203,13,6,303,"{""239"":1,""240"":1,""21"":5,""200"":0,""69"":1,""237"":2,""113"":100,""303"":1,""383"":3,""1149"":20,""181"":12,""182"":8,""66"":14575,""24"":6,""206"":48740,""67"":4128,""68"":0,""13"":629,""17"":-174,""18"":-60,""19"":13,""15"":1000,""241"":26806,""199"":17816,""16"":183980,""12"":11379,""449"":0,""636"":339467,""1148"":70,""11"":8935106000,""14"":1160700155,""387"":""2b3430313136372e393333332d303038353032332e363136372b3030302e3036312f""}"
2026-07-01T07:24:01Z,862272088542776,Codec8E,2026-06-30 17:16:34.000 UTC,1782839794000,0,40.1166116,-8.5024500,60,202,13,17,0,"{""239"":1,""240"":1,""21"":5,""200"":0,""69"":1,""237"":2,""113"":100,""303"":1,""383"":3,""1149"":20,""181"":15,""182"":8,""66"":14607,""24"":17,""206"":48740,""67"":4128,""68"":0,""13"":629,""17"":-61,""18"":-36,""19"":49,""15"":1000,""241"":26806,""199"":17837,""16"":184001,""12"":11379,""449"":0,""636"":339467,""1148"":70,""11"":8935106000,""14"":1160700155,""387"":""2b3430313136362e313136372d303038353032342e353030302b3030302e3036302f""}"
2026-07-01T07:24:01Z,862272088542776,Codec8E,2026-06-30 17:16:42.000 UTC,1782839802000,0,40.1160533,-8.5026883,58,197,11,27,0,"{""239"":1,""240"":1,""21"":5,""200"":0,""69"":1,""237"":2,""113"":100,""303"":1,""383"":3,""1149"":20,""181"":18,""182"":9,""66"":14594,""24"":27,""206"":48740,""67"":4128,""68"":0,""13"":629,""17"":-83,""18"":-76,""19"":36,""15"":1000,""241"":26806,""199"":17903,""16"":184067,""12"":11379,""449"":0,""636"":339467,""1148"":70,""11"":8935106000,""14"":1160700155,""387"":""2b3430313136302e353333332d303038353032362e383833332b3030302e3035382f""}"
2026-07-01T07:24:01Z,862272088542776,Codec8E,2026-06-30 17:16:49.000 UTC,1782839809000,0,40.1154283,-8.5029450,55,196,11,37,0,"{""239"":1,""240"":1,""21"":5,""200"":0,""69"":1,""237"":2,""113"":100,""303"":1,""383"":3,""1149"":20,""181"":18,""182"":9,""66"":14577,""24"":37,""206"":48740,""67"":4128,""68"":0,""13"":629,""17"":-34,""18"":-44,""19"":23,""15"":1000,""241"":26806,""199"":17975,""16"":184139,""12"":11379,""449"":0,""636"":1515562,""1148"":70,""11"":8935106000,""14"":1160700155,""387"":""2b3430313135342e323833332d303038353032392e343530302b3030302e3035352f""}"
2026-07-01T07:24:01Z,862272088542776,Codec8E,2026-06-30 17:16:57.000 UTC,1782839817000,0,40.1144966,-8.5032183,54,193,12,46,0,"{""239"":1,""240"":1,""21"":5,""200"":0,""69"":1,""237"":2,""113"":100,""303"":1,""383"":3,""1149"":20,""181"":11,""182"":8,""66"":14601,""24"":46,""206"":48740,""67"":4128,""68"":0,""13"":629,""17"":-31,""18"":-91,""19"":81,""15"":1000,""241"":26806,""199"":18082,""16"":184246,""12"":11379,""449"":0,""636"":339507,""1148"":70,""11"":8935106000,""14"":1160700155,""387"":""2b3430313134342e393636372d303038353033322e313833332b3030302e3035342f""}"
2026-07-01T07:24:02Z,862272088542776,Codec8E,2026-06-30 17:17:05.000 UTC,1782839825000,0,40.1134983,-8.5033899,57,187,13,48,0,"{""239"":1,""240"":1,""21"":5,""200"":0,""69"":1,""237"":2,""113"":100,""303"":1,""383"":3,""1149"":20,""181"":14,""182"":8,""66"":14566,""24"":48,""206"":48740,""67"":4128,""68"":0,""13"":629,""17"":-74,""18"":-48,""19"":2,""15"":1000,""241"":26806,""199"":18193,""16"":184357,""12"":11379,""449"":0,""636"":339507,""1148"":82,""11"":8935106000,""14"":1160700155,""387"":""2b3430313133342e393833332d303038353033332e393030302b3030302e3035372f""}"
2026-07-01T07:24:02Z,862272088542776,Codec8E,2026-06-30 17:17:13.000 UTC,1782839833000,0,40.1125399,-8.5034966,58,181,11,50,0,"{""239"":1,""240"":1,""21"":5,""200"":0,""69"":1,""237"":2,""113"":100,""303"":1,""383"":3,""1149"":20,""181"":15,""182"":9,""66"":14637,""24"":50,""206"":48740,""67"":4128,""68"":0,""13"":629,""17"":-58,""18"":-51,""19"":37,""15"":1000,""241"":26806,""199"":18301,""16"":184465,""12"":11379,""449"":0,""636"":339507,""1148"":82,""11"":8935106000,""14"":1160700155,""387"":""2b3430313132352e343030302d303038353033342e393636372b3030302e3035382f""}"
2026-07-01T07:24:02Z,862272088542776,Codec8E,2026-06-30 17:17:20.000 UTC,1782839840000,0,40.1115933,-8.5034850,59,177,12,53,0,"{""239"":1,""240"":1,""21"":5,""200"":0,""69"":1,""237"":2,""113"":100,""303"":1,""383"":3,""1149"":20,""181"":11,""182"":7,""66"":14612,""24"":53,""206"":48740,""67"":4128,""68"":0,""13"":629,""17"":-14,""18"":-10,""19"":78,""15"":1000,""241"":26806,""199"":18406,""16"":184570,""12"":11379,""449"":0,""636"":339507,""1148"":82,""11"":8935106000,""14"":1160700155,""387"":""2b3430313131352e393333332d303038353033342e383530302b3030302e3035392f""}"
2026-07-01T07:24:02Z,862272088542776,Codec8E,2026-06-30 17:17:27.000 UTC,1782839847000,0,40.1106800,-8.5034299,62,177,10,49,0,"{""239"":1,""240"":1,""21"":5,""200"":0,""69"":1,""237"":2,""113"":100,""303"":1,""383"":3,""1149"":20,""181"":13,""182"":10,""66"":14599,""24"":49,""206"":48740,""67"":4128,""68"":0,""13"":629,""17"":-33,""18"":-7,""19"":58,""15"":1000,""241"":26806,""199"":18508,""16"":184672,""12"":11379,""449"":0,""636"":339507,""1148"":82,""11"":8935106000,""14"":1160700155,""387"":""2b3430313130362e383030302d303038353033342e333030302b3030302e3036322f""}"
2026-07-01T07:24:02Z,862272088542776,Codec8E,2026-06-30 17:17:36.000 UTC,1782839856000,0,40.1096833,-8.5032316,74,173,11,43,0,"{""239"":1,""240"":1,""21"":5,""200"":0,""69"":1,""237"":2,""113"":100,""303"":1,""383"":3,""1149"":20,""181"":13,""182"":9,""66"":14618,""24"":43,""206"":48740,""67"":4128,""68"":0,""13"":629,""17"":-23,""18"":-30,""19"":37,""15"":1000,""241"":26806,""199"":18620,""16"":184784,""12"":11379,""449"":0,""636"":339509,""1148"":82,""11"":8935106000,""14"":1160700155,""387"":""2b3430313039362e383333332d303038353033322e333136372b3030302e3037342f""}"
2026-07-01T07:24:02Z,862272088542776,Codec8E,2026-06-30 17:17:42.000 UTC,1782839862000,0,40.1091900,-8.5032983,80,211,11,38,0,"{""239"":1,""240"":1,""21"":3,""200"":0,""69"":1,""237"":2,""113"":100,""303"":1,""383"":3,""1149"":3,""181"":16,""182"":9,""66"":14617,""24"":38,""206"":48740,""67"":4129,""68"":0,""13"":629,""17"":-87,""18"":320,""19"":70,""15"":1000,""241"":26806,""199"":18684,""16"":184848,""12"":11379,""449"":0,""636"":339469,""1148"":82,""11"":8935106000,""14"":1160700155,""387"":""2b3430313039312e393030302d303038353033322e393833332b3030302e3038302f""}"
2026-07-01T07:24:02Z,862272088542776,Codec8E,2026-06-30 17:17:44.000 UTC,1782839864000,0,40.1090649,-8.5034900,82,224,11,37,0,"{""239"":1,""240"":1,""21"":3,""200"":0,""69"":1,""237"":2,""113"":100,""303"":1,""383"":3,""1149"":3,""181"":13,""182"":9,""66"":14615,""24"":37,""206"":48740,""67"":4128,""68"":0,""13"":629,""17"":-164,""18"":-30,""19"":53,""15"":1000,""241"":26806,""199"":18705,""16"":184869,""12"":11379,""449"":0,""636"":339469,""1148"":82,""11"":8935106000,""14"":1160700155,""387"":""2b3430313039302e363530302d303038353033342e393030302b3030302e3038322f""}"
2026-07-01T07:24:02Z,862272088542776,Codec8E,2026-06-30 17:17:46.000 UTC,1782839866000,0,40.1089999,-8.5037433,83,246,10,37,0,"{""239"":1,""240"":1,""21"":3,""200"":0,""69"":1,""237"":2,""113"":100,""303"":1,""383"":3,""1149"":3,""181"":21,""182"":10,""66"":14608,""24"":37,""206"":48740,""67"":4129,""68"":0,""13"":629,""17"":17,""18"":-117,""19"":3,""15"":1000,""241"":26806,""199"":18728,""16"":184892,""12"":11379,""449"":0,""636"":339469,""1148"":82,""11"":8935106000,""14"":1160700155,""387"":""2b3430313039302e303030302d303038353033372e343333332b3030302e3038332f""}"
2026-07-01T07:24:02Z,862272088542776,Codec8E,2026-06-30 17:17:52.000 UTC,1782839872000,0,40.1089116,-8.5042716,87,256,11,24,0,"{""239"":1,""240"":1,""21"":3,""200"":0,""69"":1,""237"":2,""113"":100,""303"":1,""383"":3,""1149"":3,""181"":22,""182"":10,""66"":14571,""24"":24,""206"":48740,""67"":4128,""68"":0,""13"":629,""17"":-61,""18"":-55,""19"":18,""15"":1000,""241"":26806,""199"":18775,""16"":184939,""12"":11379,""449"":0,""636"":339469,""1148"":82,""11"":8935106000,""14"":1160700155,""387"":""2b3430313038392e313136372d303038353034322e373136372b3030302e3038372f""}"
2026-07-01T07:24:02Z,862272088542776,Codec8E,2026-06-30 17:17:56.000 UTC,1782839876000,0,40.1089450,-8.5044116,88,262,11,13,0,"{""239"":1,""240"":1,""21"":3,""200"":0,""69"":1,""237"":2,""113"":100,""303"":1,""383"":3,""1149"":3,""181"":20,""182"":10,""66"":14578,""24"":13,""206"":48740,""67"":4128,""68"":0,""13"":629,""17"":-68,""18"":-50,""19"":3,""15"":1000,""241"":26806,""199"":18788,""16"":184952,""12"":11379,""449"":0,""636"":339469,""1148"":82,""11"":8935106000,""14"":1160700155,""387"":""2b3430313038392e343530302d303038353034342e313136372b3030302e3038382f""}"
2026-07-01T07:24:03Z,862272088542776,Codec8E,2026-06-30 17:18:01.000 UTC,1782839881000,0,40.1089566,-8.5044400,89,262,11,3,0,"{""239"":1,""240"":1,""21"":4,""200"":0,""69"":1,""237"":2,""113"":100,""303"":1,""383"":3,""1149"":1,""181"":12,""182"":9,""66"":14563,""24"":3,""206"":48740,""67"":4128,""68"":0,""13"":629,""17"":-57,""18"":-58,""19"":5,""15"":1000,""241"":26806,""199"":18791,""16"":184955,""12"":11379,""449"":0,""636"":1515572,""1148"":79,""11"":8935106000,""14"":1160700155,""387"":""2b3430313038392e353636372d303038353034342e343030302b3030302e3038392f""}"
2026-07-01T07:24:03Z,862272088542776,Codec8E,2026-06-30 17:18:02.000 UTC,1782839882000,0,40.1089566,-8.5044400,89,262,12,1,303,"{""239"":1,""240"":1,""21"":4,""200"":0,""69"":1,""237"":2,""113"":100,""303"":0,""383"":3,""1149"":1,""181"":12,""182"":8,""66"":14588,""24"":1,""206"":48740,""67"":4128,""68"":0,""13"":629,""17"":-195,""18"":-56,""19"":4,""15"":1000,""241"":26806,""199"":18791,""16"":184955,""12"":11379,""449"":0,""636"":1515572,""1148"":79,""11"":8935106000,""14"":1160700155,""387"":""2b3430313038392e353636372d303038353034342e343030302b3030302e3038392f""}"
2026-07-01T07:24:03Z,862272088542776,Codec8E,2026-06-30 17:18:05.000 UTC,1782839885000,0,40.1089533,-8.5045283,92,264,11,5,303,"{""239"":1,""240"":1,""21"":4,""200"":0,""69"":1,""237"":2,""113"":100,""303"":1,""383"":3,""1149"":1,""181"":16,""182"":9,""66"":14586,""24"":5,""206"":48740,""67"":4129,""68"":0,""13"":629,""17"":117,""18"":-62,""19"":-15,""15"":1000,""241"":26806,""199"":18798,""16"":184962,""12"":11379,""449"":0,""636"":1515572,""1148"":79,""11"":8935106000,""14"":1160700155,""387"":""2b3430313038392e353333332d303038353034352e323833332b3030302e3039322f""}"
2026-07-01T07:24:03Z,862272088542776,Codec8E,2026-06-30 17:18:15.000 UTC,1782839895000,0,40.1089849,-8.5046633,93,291,13,6,0,"{""239"":1,""240"":1,""21"":4,""200"":0,""69"":1,""237"":2,""113"":100,""303"":1,""383"":3,""1149"":1,""181"":10,""182"":7,""66"":14611,""24"":6,""206"":48740,""67"":4128,""68"":0,""13"":629,""17"":-132,""18"":119,""19"":74,""15"":1000,""241"":26806,""199"":18808,""16"":184972,""12"":11379,""449"":0,""636"":339469,""1148"":79,""11"":8935106000,""14"":1160700155,""387"":""2b3430313038392e383530302d303038353034362e363333332b3030302e3039332f""}"
2026-07-01T07:24:03Z,862272088542776,Codec8E,2026-06-30 17:18:16.000 UTC,1782839896000,0,40.1090050,-8.5047033,94,301,13,7,0,"{""239"":1,""240"":1,""21"":4,""200"":0,""69"":1,""237"":2,""113"":100,""303"":1,""383"":3,""1149"":1,""181"":13,""182"":8,""66"":14573,""24"":7,""206"":48740,""67"":4128,""68"":0,""13"":629,""17"":-53,""18"":229,""19"":68,""15"":1000,""241"":26806,""199"":18815,""16"":184979,""12"":11379,""449"":0,""636"":339469,""1148"":79,""11"":8935106000,""14"":1160700155,""387"":""2b3430313039302e303530302d303038353034372e303333332b3030302e3039342f""}"
2026-07-01T07:24:04Z,862272088542776,Codec8E,2026-06-30 17:18:18.000 UTC,1782839898000,0,40.1091200,-8.5047816,94,337,13,13,0,"{""239"":1,""240"":1,""21"":4,""200"":0,""69"":1,""237"":2,""113"":100,""303"":1,""383"":3,""1149"":1,""181"":14,""182"":8,""66"":14575,""24"":13,""206"":48740,""67"":4128,""68"":0,""13"":629,""17"":43,""18"":25,""19"":-17,""15"":1000,""241"":26806,""199"":18829,""16"":184993,""12"":11379,""449"":0,""636"":339469,""1148"":79,""11"":8935106000,""14"":1160700155,""387"":""2b3430313039312e323030302d303038353034372e383136372b3030302e3039342f""}"
2026-07-01T07:24:04Z,862272088542776,Codec8E,2026-06-30 17:18:21.000 UTC,1782839901000,0,40.1093800,-8.5048983,94,339,11,25,0,"{""239"":1,""240"":1,""21"":4,""200"":0,""69"":1,""237"":2,""113"":100,""303"":1,""383"":3,""1149"":1,""181"":11,""182"":8,""66"":14618,""24"":25,""206"":48740,""67"":4128,""68"":0,""13"":629,""17"":26,""18"":-327,""19"":99,""15"":1000,""241"":26806,""199"":18860,""16"":185024,""12"":11379,""449"":0,""636"":339499,""1148"":79,""11"":8935106000,""14"":1160700155,""387"":""2b3430313039332e383030302d303038353034382e393833332b3030302e3039342f""}"
2026-07-01T07:24:04Z,862272088542776,Codec8E,2026-06-30 17:18:23.000 UTC,1782839903000,0,40.1095300,-8.5050616,94,312,11,30,0,"{""239"":1,""240"":1,""21"":4,""200"":0,""69"":1,""237"":2,""113"":100,""303"":1,""383"":3,""1149"":1,""181"":15,""182"":9,""66"":14623,""24"":30,""206"":48740,""67"":4128,""68"":0,""13"":629,""17"":-34,""18"":-271,""19"":159,""15"":1000,""241"":26806,""199"":18882,""16"":185046,""12"":11379,""449"":0,""636"":339499,""1148"":79,""11"":8935106000,""14"":1160700155,""387"":""2b3430313039352e333030302d303038353035302e363136372b3030302e3039342f""}"
2026-07-01T07:24:04Z,862272088542776,Codec8E,2026-06-30 17:18:26.000 UTC,1782839906000,0,40.1096833,-8.5053666,94,301,9,32,0,"{""239"":1,""240"":1,""21"":4,""200"":0,""69"":1,""237"":2,""113"":100,""303"":1,""383"":3,""1149"":1,""181"":18,""182"":11,""66"":14625,""24"":32,""206"":48740,""67"":4128,""68"":0,""13"":629,""17"":-80,""18"":-61,""19"":13,""15"":1000,""241"":26806,""199"":18913,""16"":185077,""12"":11379,""449"":0,""636"":339499,""1148"":79,""11"":8935106000,""14"":1160700155,""387"":""2b3430313039362e383333332d303038353035332e363636372b3030302e3039342f""}"
2026-07-01T07:24:04Z,862272088542776,Codec8E,2026-06-30 17:18:28.000 UTC,1782839908000,0,40.1097150,-8.5056283,93,285,10,34,0,"{""239"":1,""240"":1,""21"":4,""200"":0,""69"":1,""237"":2,""113"":100,""303"":1,""383"":3,""1149"":1,""181"":16,""182"":10,""66"":14602,""24"":34,""206"":48740,""67"":4128,""68"":0,""13"":629,""17"":-63,""18"":-50,""19"":-16,""15"":1000,""241"":26806,""199"":18936,""16"":185100,""12"":11379,""449"":0,""636"":339499,""1148"":79,""11"":8935106000,""14"":1160700155,""387"":""2b3430313039372e313530302d303038353035362e323833332b3030302e3039332f""}"
2026-07-01T07:24:05Z,862272088542776,Codec8E,2026-06-30 17:18:30.000 UTC,1782839910000,0,40.1096983,-8.5059433,93,275,10,37,0,"{""239"":1,""240"":1,""21"":4,""200"":0,""69"":1,""237"":2,""113"":100,""303"":1,""383"":3,""1149"":1,""181"":14,""182"":10,""66"":14587,""24"":37,""206"":48740,""67"":4128,""68"":0,""13"":629,""17"":-3,""18"":-75,""19"":18,""15"":1000,""241"":26806,""199"":18963,""16"":185127,""12"":11379,""449"":0,""636"":339499,""1148"":80,""11"":8935106000,""14"":1160700155,""387"":""2b3430313039362e393833332d303038353035392e343333332b3030302e3039332f""}"
2026-07-01T07:24:05Z,862272088542776,Codec8E,2026-06-30 17:18:37.000 UTC,1782839917000,0,40.1096866,-8.5067966,92,286,10,33,0,"{""239"":1,""240"":1,""21"":4,""200"":0,""69"":1,""237"":2,""113"":100,""303"":1,""383"":3,""1149"":1,""181"":15,""182"":10,""66"":14552,""24"":33,""206"":48740,""67"":4128,""68"":0,""13"":629,""17"":90,""18"":-33,""19"":6,""15"":1000,""241"":26806,""199"":19036,""16"":185200,""12"":11379,""449"":0,""636"":339499,""1148"":80,""11"":8935106000,""14"":1160700155,""387"":""2b3430313039362e383636372d303038353036372e393636372b3030302e3039322f""}"
2026-07-01T07:24:05Z,862272088542776,Codec8E,2026-06-30 17:18:41.000 UTC,1782839921000,0,40.1097150,-8.5069483,90,295,12,23,0,"{""239"":1,""240"":1,""21"":4,""200"":0,""69"":1,""237"":2,""113"":100,""303"":1,""383"":3,""1149"":1,""181"":15,""182"":8,""66"":14606,""24"":23,""206"":48740,""67"":4128,""68"":0,""13"":629,""17"":-127,""18"":-32,""19"":17,""15"":1000,""241"":26806,""199"":19048,""16"":185212,""12"":11379,""449"":0,""636"":339499,""1148"":80,""11"":8935106000,""14"":1160700155,""387"":""2b3430313039372e313530302d303038353036392e343833332b3030302e3039302f""}"
2026-07-01T07:24:05Z,862272088542776,Codec8E,2026-06-30 17:18:44.000 UTC,1782839924000,0,40.1096533,-8.5068933,90,232,12,12,0,"{""239"":1,""240"":1,""21"":4,""200"":0,""69"":1,""237"":2,""113"":100,""303"":1,""383"":3,""1149"":1,""181"":11,""182"":8,""66"":14586,""24"":12,""206"":48740,""67"":4128,""68"":0,""13"":629,""17"":-134,""18"":-240,""19"":-3,""15"":1000,""241"":26806,""199"":19056,""16"":185220,""12"":11379,""449"":0,""636"":339499,""1148"":80,""11"":8935106000,""14"":1160700155,""387"":""2b3430313039362e353333332d303038353036382e393333332b3030302e3039302f""}"
2026-07-01T07:24:05Z,862272088542776,Codec8E,2026-06-30 17:18:45.000 UTC,1782839925000,0,40.1096350,-8.5069066,90,214,13,11,0,"{""239"":1,""240"":1,""21"":4,""200"":0,""69"":1,""237"":2,""113"":100,""303"":1,""383"":3,""1149"":1,""181"":11,""182"":7,""66"":14674,""24"":11,""206"":48740,""67"":4128,""68"":0,""13"":629,""17"":-128,""18"":-338,""19"":153,""15"":1000,""241"":26806,""199"":19056,""16"":185220,""12"":11379,""449"":0,""636"":339499,""1148"":80,""11"":8935106000,""14"":1160700155,""387"":""2b3430313039362e333530302d303038353036392e303636372b3030302e3039302f""}"
2026-07-01T07:24:05Z,862272088542776,Codec8E,2026-06-30 17:18:46.000 UTC,1782839926000,0,40.1095999,-8.5069249,89,204,13,12,0,"{""239"":1,""240"":1,""21"":4,""200"":0,""69"":1,""237"":2,""113"":100,""303"":1,""383"":3,""1149"":1,""181"":11,""182"":7,""66"":14592,""24"":12,""206"":48740,""67"":4128,""68"":0,""13"":629,""17"":-191,""18"":-165,""19"":54,""15"":1000,""241"":26806,""199"":19062,""16"":185226,""12"":11379,""449"":0,""636"":339499,""1148"":80,""11"":8935106000,""14"":1160700155,""387"":""2b3430313039362e303030302d303038353036392e323530302b3030302e3038392f""}"
2026-07-01T07:24:05Z,862272088542776,Codec8E,2026-06-30 17:18:47.000 UTC,1782839927000,0,40.1095700,-8.5069450,88,192,14,13,0,"{""239"":1,""240"":1,""21"":4,""200"":0,""69"":1,""237"":2,""113"":100,""303"":1,""383"":3,""1149"":1,""181"":13,""182"":7,""66"":14650,""24"":13,""206"":48740,""67"":4128,""68"":0,""13"":629,""17"":-148,""18"":-61,""19"":24,""15"":1000,""241"":26806,""199"":19066,""16"":185230,""12"":11379,""449"":0,""636"":339499,""1148"":80,""11"":8935106000,""14"":1160700155,""387"":""2b3430313039352e373030302d303038353036392e343530302b3030302e3038382f""}"
2026-07-01T07:24:05Z,862272088542776,Codec8E,2026-06-30 17:18:50.000 UTC,1782839930000,0,40.1093849,-8.5069616,85,181,13,19,0,"{""239"":1,""240"":1,""21"":4,""200"":0,""69"":1,""237"":2,""113"":100,""303"":1,""383"":3,""1149"":1,""181"":15,""182"":8,""66"":14647,""24"":19,""206"":48740,""67"":4128,""68"":0,""13"":629,""17"":-62,""18"":-30,""19"":112,""15"":1000,""241"":26806,""199"":19087,""16"":185251,""12"":11379,""449"":0,""636"":339499,""1148"":80,""11"":8935106000,""14"":1160700155,""387"":""2b3430313039332e383530302d303038353036392e363136372b3030302e3038352f""}"
2026-07-01T07:24:05Z,862272088542776,Codec8E,2026-06-30 17:19:02.000 UTC,1782839942000,0,40.1085966,-8.5071016,82,238,10,25,0,"{""239"":1,""240"":1,""21"":4,""200"":0,""69"":1,""237"":2,""113"":100,""303"":1,""383"":3,""1149"":1,""181"":21,""182"":16,""66"":14567,""24"":25,""206"":48740,""67"":4128,""68"":0,""13"":629,""17"":-107,""18"":-53,""19"":30,""15"":1000,""241"":26806,""199"":19184,""16"":185348,""12"":11379,""449"":0,""636"":339499,""1148"":81,""11"":8935106000,""14"":1160700155,""387"":""2b3430313038352e393636372d303038353037312e303136372b3030302e3038322f""}"
2026-07-01T07:24:05Z,862272088542776,Codec8E,2026-06-30 17:19:03.000 UTC,1782839943000,0,40.1085850,-8.5071900,82,252,10,25,0,"{""239"":1,""240"":1,""21"":4,""200"":0,""69"":1,""237"":2,""113"":100,""303"":1,""383"":3,""1149"":1,""181"":22,""182"":16,""66"":14597,""24"":25,""206"":48740,""67"":4128,""68"":0,""13"":629,""17"":-108,""18"":-79,""19"":24,""15"":1000,""241"":26806,""199"":19192,""16"":185356,""12"":11379,""449"":0,""636"":339499,""1148"":81,""11"":8935106000,""14"":1160700155,""387"":""2b3430313038352e383530302d303038353037312e393030302b3030302e3038322f""}"
2026-07-01T07:24:06Z,862272088542776,Codec8E,2026-06-30 17:19:08.000 UTC,1782839948000,0,40.1084933,-8.5076699,81,263,10,28,0,"{""239"":1,""240"":1,""21"":4,""200"":0,""69"":1,""237"":2,""113"":100,""303"":1,""383"":3,""1149"":1,""181"":23,""182"":17,""66"":14604,""24"":28,""206"":48740,""67"":4128,""68"":0,""13"":629,""17"":47,""18"":-3,""19"":89,""15"":1000,""241"":26806,""199"":19234,""16"":185398,""12"":11379,""449"":0,""636"":339499,""1148"":81,""11"":8935106000,""14"":1160700155,""387"":""2b3430313038342e393333332d303038353037362e373030302b3030302e3038312f""}"
2026-07-01T07:24:06Z,862272088542776,Codec8E,2026-06-30 17:19:15.000 UTC,1782839955000,0,40.1084250,-8.5081133,79,238,10,17,0,"{""239"":1,""240"":1,""21"":4,""200"":0,""69"":1,""237"":2,""113"":100,""303"":1,""383"":3,""1149"":1,""181"":20,""182"":10,""66"":14597,""24"":17,""206"":48740,""67"":4128,""68"":0,""13"":629,""17"":193,""18"":-53,""19"":54,""15"":1000,""241"":26806,""199"":19273,""16"":185437,""12"":11379,""449"":0,""636"":339499,""1148"":81,""11"":8935106000,""14"":1160700155,""387"":""2b3430313038342e323530302d303038353038312e313333332b3030302e3037392f""}"
2026-07-01T07:24:06Z,862272088542776,Codec8E,2026-06-30 17:19:16.000 UTC,1782839956000,0,40.1084083,-8.5081283,79,217,11,14,0,"{""239"":1,""240"":1,""21"":4,""200"":0,""69"":1,""237"":2,""113"":100,""303"":1,""383"":3,""1149"":1,""181"":14,""182"":10,""66"":14612,""24"":14,""206"":48740,""67"":4128,""68"":0,""13"":629,""17"":177,""18"":-109,""19"":57,""15"":1000,""241"":26806,""199"":19273,""16"":185437,""12"":11379,""449"":0,""636"":339499,""1148"":81,""11"":8935106000,""14"":1160700155,""387"":""2b3430313038342e303833332d303038353038312e323833332b3030302e3037392f""}"
2026-07-01T07:24:06Z,862272088542776,Codec8E,2026-06-30 17:19:20.000 UTC,1782839960000,0,40.1083633,-8.5081366,80,217,10,4,0,"{""239"":1,""240"":1,""21"":4,""200"":0,""69"":1,""237"":2,""113"":100,""303"":1,""383"":3,""1149"":1,""181"":19,""182"":17,""66"":14624,""24"":4,""206"":48740,""67"":4128,""68"":0,""13"":629,""17"":-17,""18"":-49,""19"":4,""15"":1000,""241"":26806,""199"":19277,""16"":185441,""12"":11379,""449"":0,""636"":339499,""1148"":81,""11"":8935106000,""14"":1160700155,""387"":""2b3430313038332e363333332d303038353038312e333636372b3030302e3038302f""}"
2026-07-01T07:24:06Z,862272088542776,Codec8E,2026-06-30 17:19:29.000 UTC,1782839969000,0,40.1083999,-8.5080999,81,217,11,0,303,"{""239"":1,""240"":1,""21"":4,""200"":0,""69"":1,""237"":2,""113"":100,""303"":0,""383"":3,""1149"":1,""181"":16,""182"":14,""66"":14556,""24"":0,""206"":48740,""67"":4128,""68"":0,""13"":624,""17"":-50,""18"":-40,""19"":4,""15"":1000,""241"":26806,""199"":19277,""16"":185441,""12"":11380,""449"":0,""636"":339499,""1148"":81,""11"":8935106000,""14"":1160700155,""387"":""2b3430313038342e303030302d303038353038312e303030302b3030302e3038312f""}"
2026-07-01T07:24:07Z,862272088542776,Codec8E,2026-06-30 17:19:56.000 UTC,1782839996000,0,40.1083616,-8.5080916,81,188,9,0,303,"{""239"":1,""240"":1,""21"":3,""200"":0,""69"":1,""237"":2,""113"":100,""303"":1,""383"":3,""1149"":8,""181"":19,""182"":17,""66"":14631,""24"":0,""206"":48740,""67"":4128,""68"":0,""13"":624,""17"":-52,""18"":-37,""19"":3,""15"":1000,""241"":26806,""199"":19277,""16"":185441,""12"":11385,""449"":0,""636"":339509,""1148"":81,""11"":8935106000,""14"":1160700155,""387"":""2b3430313038332e363136372d303038353038302e393136372b3030302e3038312f""}"
2026-07-01T07:24:07Z,862272088542776,Codec8E,2026-06-30 17:20:02.000 UTC,1782840002000,0,40.1083616,-8.5080916,81,188,11,0,303,"{""239"":1,""240"":1,""21"":3,""200"":0,""69"":1,""237"":2,""113"":100,""303"":0,""383"":3,""1149"":8,""181"":16,""182"":14,""66"":14618,""24"":0,""206"":48740,""67"":4129,""68"":0,""13"":624,""17"":-52,""18"":-50,""19"":7,""15"":1000,""241"":26806,""199"":19277,""16"":185441,""12"":11386,""449"":0,""636"":339509,""1148"":87,""11"":8935106000,""14"":1160700155,""387"":""2b3430313038332e363136372d303038353038302e393136372b3030302e3038312f""}"
2026-07-01T07:24:07Z,862272088542776,Codec8E,2026-06-30 17:20:20.000 UTC,1782840020000,0,40.1083866,-8.5080950,81,188,10,0,303,"{""239"":1,""240"":1,""21"":3,""200"":0,""69"":1,""237"":2,""113"":100,""303"":1,""383"":3,""1149"":8,""181"":19,""182"":17,""66"":14669,""24"":0,""206"":48740,""67"":4128,""68"":0,""13"":625,""17"":-51,""18"":-42,""19"":5,""15"":1000,""241"":26806,""199"":19277,""16"":185441,""12"":11391,""449"":0,""636"":339509,""1148"":87,""11"":8935106000,""14"":1160700155,""387"":""2b3430313038332e383636372d303038353038302e393530302b3030302e3038312f""}"
2026-07-01T07:24:07Z,862272088542776,Codec8E,2026-06-30 17:20:25.000 UTC,1782840025000,0,40.1083816,-8.5080816,80,188,10,0,303,"{""239"":1,""240"":1,""21"":3,""200"":0,""69"":1,""237"":2,""113"":100,""303"":0,""383"":3,""1149"":8,""181"":19,""182"":17,""66"":14632,""24"":0,""206"":48740,""67"":4128,""68"":0,""13"":625,""17"":-51,""18"":-44,""19"":3,""15"":1000,""241"":26806,""199"":19277,""16"":185441,""12"":11393,""449"":0,""636"":339509,""1148"":87,""11"":8935106000,""14"":1160700155,""387"":""2b3430313038332e383136372d303038353038302e383136372b3030302e3038302f""}"
2026-07-01T07:24:07Z,862272088542776,Codec8E,2026-06-30 17:20:35.000 UTC,1782840035000,0,40.1083899,-8.5080833,80,188,11,0,239,"{""239"":0,""240"":1,""21"":3,""200"":0,""69"":1,""237"":2,""113"":100,""303"":0,""383"":3,""1149"":8,""181"":16,""182"":14,""66"":13167,""24"":0,""206"":48740,""67"":4128,""68"":0,""13"":625,""17"":-50,""18"":-43,""19"":4,""15"":1000,""241"":26806,""199"":19277,""16"":185441,""12"":11395,""449"":0,""636"":339509,""1148"":87,""11"":8935106000,""14"":1160700155,""387"":""2b3430313038332e393030302d303038353038302e383333332b3030302e3038302f""}"
2026-07-01T07:24:08Z,862272088542776,Codec8E,2026-06-30 17:21:24.000 UTC,1782840084000,0,40.1083950,-8.5080983,85,177,12,0,240,"{""239"":0,""240"":0,""21"":3,""200"":0,""69"":1,""237"":2,""113"":100,""303"":0,""383"":3,""1149"":8,""181"":12,""182"":9,""66"":12882,""24"":0,""206"":48740,""67"":4128,""68"":0,""13"":625,""17"":-54,""18"":-44,""19"":5,""15"":1000,""241"":26806,""199"":19277,""16"":185441,""12"":11395,""449"":0,""636"":339509,""1148"":82,""11"":8935106000,""14"":1160700155,""387"":""2b3430313038332e393530302d303038353038302e393833332b3030302e3038352f""}"
2026-07-01T07:24:08Z,862272088542776,Codec8E,2026-06-30 18:00:39.000 UTC,1782842439000,0,40.1083950,-8.5080983,56,177,11,0,239,"{""239"":1,""240"":0,""21"":5,""200"":0,""69"":1,""237"":2,""113"":100,""303"":0,""383"":3,""1149"":20,""181"":13,""182"":10,""66"":15206,""24"":0,""206"":48740,""67"":4128,""68"":0,""13"":625,""17"":-50,""18"":-46,""19"":4,""15"":1000,""241"":26806,""199"":0,""16"":185441,""12"":11395,""449"":0,""636"":339469,""1148"":73,""11"":8935106000,""14"":1160700155,""387"":""2b3430313038332e393530302d303038353038302e393833332b3030302e3035362f""}"
2026-07-01T07:24:08Z,862272088542776,Codec8E,2026-06-30 18:01:45.000 UTC,1782842505000,0,40.1083950,-8.5080983,54,177,11,0,303,"{""239"":1,""240"":0,""21"":5,""200"":0,""69"":1,""237"":2,""113"":100,""303"":1,""383"":3,""1149"":20,""181"":13,""182"":10,""66"":14470,""24"":0,""206"":48740,""67"":4128,""68"":0,""13"":626,""17"":-54,""18"":-40,""19"":6,""15"":1000,""241"":26806,""199"":0,""16"":185441,""12"":11414,""449"":0,""636"":339499,""1148"":72,""11"":8935106000,""14"":1160700155,""387"":""2b3430313038332e393530302d303038353038302e393833332b3030302e3035342f""}"
2026-07-01T07:24:08Z,862272088542776,Codec8E,2026-06-30 18:01:47.000 UTC,1782842507000,0,40.1083950,-8.5080983,54,177,11,0,303,"{""239"":1,""240"":0,""21"":5,""200"":0,""69"":1,""237"":2,""113"":100,""303"":0,""383"":3,""1149"":20,""181"":13,""182"":10,""66"":14517,""24"":0,""206"":48740,""67"":4128,""68"":0,""13"":626,""17"":-48,""18"":-37,""19"":5,""15"":1000,""241"":26806,""199"":0,""16"":185441,""12"":11414,""449"":0,""636"":339499,""1148"":72,""11"":8935106000,""14"":1160700155,""387"":""2b3430313038332e393530302d303038353038302e393833332b3030302e3035342f""}"
2026-07-01T07:24:08Z,862272088542776,Codec8E,2026-06-30 18:02:01.000 UTC,1782842521000,0,40.1083950,-8.5080983,54,177,11,0,303,"{""239"":1,""240"":0,""21"":5,""200"":0,""69"":1,""237"":2,""113"":100,""303"":1,""383"":3,""1149"":20,""181"":13,""182"":10,""66"":14506,""24"":0,""206"":48740,""67"":4128,""68"":0,""13"":626,""17"":23,""18"":-62,""19"":10,""15"":1000,""241"":26806,""199"":0,""16"":185441,""12"":11418,""449"":0,""636"":339469,""1148"":72,""11"":8935106000,""14"":1160700155,""387"":""2b3430313038332e393530302d303038353038302e393833332b3030302e3035342f""}"
2026-07-01T07:24:08Z,862272088542776,Codec8E,2026-06-30 18:02:03.000 UTC,1782842523000,0,40.1083249,-8.5080783,54,12,11,0,240,"{""239"":1,""240"":1,""21"":0,""200"":0,""69"":1,""237"":99,""113"":100,""303"":1,""383"":3,""1149"":0,""181"":13,""182"":10,""66"":14497,""24"":0,""206"":0,""67"":4128,""68"":0,""13"":626,""17"":5,""18"":-53,""19"":2,""15"":1000,""241"":0,""199"":0,""16"":185441,""12"":11419,""449"":0,""636"":0,""1148"":0,""11"":8935106000,""14"":1160700155,""387"":""2b3430313038332e323530302d303038353038302e373833332b3030302e3035342f""}"
2026-07-01T07:24:08Z,862272088542776,Codec8E,2026-06-30 18:03:02.000 UTC,1782842582000,0,40.1081516,-8.5084650,83,159,11,1,303,"{""239"":1,""240"":1,""21"":4,""200"":0,""69"":1,""237"":2,""113"":100,""303"":1,""383"":3,""1149"":20,""181"":13,""182"":9,""66"":14540,""24"":1,""206"":48740,""67"":4132,""68"":0,""13"":626,""17"":237,""18"":-13,""19"":12,""15"":0,""241"":26806,""199"":0,""16"":185441,""12"":11422,""449"":0,""636"":1555725,""1148"":74,""11"":8935106000,""14"":1160700155,""387"":""2b3430313038312e353136372d303038353038342e363530302b3030302e3038332f""}"
2026-07-01T07:24:08Z,862272088542776,Codec8E,2026-06-30 18:03:17.000 UTC,1782842597000,0,40.1081283,-8.5084466,0,0,0,0,303,"{""239"":1,""240"":1,""21"":0,""200"":0,""69"":2,""237"":2,""113"":100,""303"":0,""383"":3,""1149"":0,""181"":0,""182"":0,""66"":14509,""24"":0,""206"":48740,""67"":4128,""68"":0,""13"":627,""17"":-30,""18"":-19,""19"":2,""15"":0,""241"":0,""199"":0,""16"":185441,""12"":11424,""449"":0,""636"":1555725,""1148"":120,""11"":8935106000,""14"":1160700155,""387"":""2b3430313038312e323833332d303038353038342e343636372b3030302e3030302f""}"
2026-07-01T07:24:08Z,862272088542776,Codec8E,2026-06-30 18:03:18.000 UTC,1782842598000,0,40.1081283,-8.5084466,0,0,0,0,303,"{""239"":1,""240"":1,""21"":0,""200"":0,""69"":2,""237"":2,""113"":100,""303"":1,""383"":3,""1149"":0,""181"":0,""182"":0,""66"":14503,""24"":0,""206"":48740,""67"":4128,""68"":0,""13"":627,""17"":-43,""18"":-53,""19"":-1,""15"":0,""241"":26806,""199"":0,""16"":185441,""12"":11424,""449"":0,""636"":1555725,""1148"":120,""11"":8935106000,""14"":1160700155,""387"":""2b3430313038312e323833332d303038353038342e343636372b3030302e3030302f""}"
2026-07-01T07:24:08Z,862272088542776,Codec8E,2026-06-30 18:03:46.000 UTC,1782842626000,0,40.1081283,-8.5084466,0,0,0,0,303,"{""239"":1,""240"":1,""21"":0,""200"":0,""69"":2,""237"":2,""113"":100,""303"":0,""383"":3,""1149"":0,""181"":0,""182"":0,""66"":14512,""24"":0,""206"":48740,""67"":4131,""68"":0,""13"":627,""17"":-28,""18"":-35,""19"":5,""15"":0,""241"":26806,""199"":0,""16"":185441,""12"":11424,""449"":0,""636"":339469,""1148"":120,""11"":8935106000,""14"":1160700155,""387"":""2b3430313038312e323833332d303038353038342e343636372b3030302e3030302f""}"
2026-07-01T07:24:09Z,862272088542776,Codec8E,2026-06-30 18:04:45.000 UTC,1782842685000,0,40.1081283,-8.5084466,0,0,0,0,240,"{""239"":1,""240"":0,""21"":4,""200"":0,""69"":2,""237"":2,""113"":100,""303"":0,""383"":3,""1149"":20,""181"":0,""182"":0,""66"":14494,""24"":0,""206"":48740,""67"":4128,""68"":0,""13"":627,""17"":-37,""18"":-18,""19"":5,""15"":0,""241"":26806,""199"":0,""16"":185441,""12"":11424,""449"":0,""636"":339469,""1148"":83,""11"":8935106000,""14"":1160700155,""387"":""2b3430313038312e323833332d303038353038342e343636372b3030302e3030302f""}"
2026-07-01T07:24:09Z,862272088542776,Codec8E,2026-06-30 18:04:59.000 UTC,1782842699000,0,40.1081283,-8.5084466,0,0,0,0,303,"{""239"":1,""240"":0,""21"":0,""200"":0,""69"":2,""237"":2,""113"":100,""303"":1,""383"":3,""1149"":0,""181"":0,""182"":0,""66"":14468,""24"":0,""206"":48740,""67"":4128,""68"":0,""13"":627,""17"":-35,""18"":-21,""19"":5,""15"":0,""241"":26806,""199"":0,""16"":185441,""12"":11428,""449"":0,""636"":339469,""1148"":83,""11"":8935106000,""14"":1160700155,""387"":""2b3430313038312e323833332d303038353038342e343636372b3030302e3030302f""}"
2026-07-01T07:24:09Z,862272088542776,Codec8E,2026-06-30 18:05:00.000 UTC,1782842700000,0,40.1081283,-8.5084466,0,0,0,0,240,"{""239"":1,""240"":1,""21"":0,""200"":0,""69"":2,""237"":2,""113"":100,""303"":1,""383"":3,""1149"":0,""181"":0,""182"":0,""66"":14510,""24"":0,""206"":48740,""67"":4128,""68"":0,""13"":627,""17"":-40,""18"":-26,""19"":3,""15"":0,""241"":26806,""199"":0,""16"":185441,""12"":11428,""449"":0,""636"":339469,""1148"":83,""11"":8935106000,""14"":1160700155,""387"":""2b3430313038312e323833332d303038353038342e343636372b3030302e3030302f""}"
2026-07-01T07:24:09Z,862272088542776,Codec8E,2026-06-30 18:05:02.000 UTC,1782842702000,0,40.1081283,-8.5084466,0,0,0,0,303,"{""239"":1,""240"":1,""21"":0,""200"":0,""69"":2,""237"":2,""113"":100,""303"":0,""383"":3,""1149"":0,""181"":0,""182"":0,""66"":14472,""24"":0,""206"":48740,""67"":4128,""68"":0,""13"":627,""17"":-42,""18"":-31,""19"":7,""15"":0,""241"":26806,""199"":0,""16"":185441,""12"":11428,""449"":0,""636"":339469,""1148"":83,""11"":8935106000,""14"":1160700155,""387"":""2b3430313038312e323833332d303038353038342e343636372b3030302e3030302f""}"
2026-07-01T07:24:09Z,862272088542776,Codec8E,2026-06-30 18:06:01.000 UTC,1782842761000,0,40.1081283,-8.5084466,0,0,0,0,240,"{""239"":1,""240"":0,""21"":0,""200"":0,""69"":2,""237"":2,""113"":100,""303"":0,""383"":3,""1149"":0,""181"":0,""182"":0,""66"":14521,""24"":0,""206"":48740,""67"":4128,""68"":0,""13"":627,""17"":-45,""18"":-29,""19"":10,""15"":0,""241"":26806,""199"":0,""16"":185441,""12"":11428,""449"":0,""636"":339469,""1148"":120,""11"":8935106000,""14"":1160700155,""387"":""2b3430313038312e323833332d303038353038342e343636372b3030302e3030302f""}"
2026-07-01T07:24:09Z,862272088542776,Codec8E,2026-06-30 19:06:01.000 UTC,1782846361000,0,40.1081283,-8.5084466,0,0,0,0,0,"{""239"":1,""240"":0,""21"":5,""200"":0,""69"":2,""237"":99,""113"":100,""303"":0,""383"":3,""1149"":20,""181"":0,""182"":0,""66"":14377,""24"":0,""206"":18,""67"":4128,""68"":0,""13"":681,""17"":-37,""18"":-23,""19"":4,""15"":0,""241"":26801,""199"":0,""16"":185441,""12"":12423,""449"":0,""636"":0,""1148"":106,""11"":8935106000,""14"":1160700155,""387"":""2b3430313038312e323833332d303038353038342e343636372b3030302e3030302f""}"
2026-07-01T07:24:09Z,862272088542776,Codec8E,2026-06-30 20:34:41.000 UTC,1782851681000,0,40.1081283,-8.5084466,0,0,0,0,0,"{""239"":1,""240"":0,""21"":1,""200"":0,""69"":2,""237"":1,""113"":100,""303"":0,""383"":3,""1149"":0,""181"":0,""182"":0,""66"":14379,""24"":0,""206"":8740,""67"":4128,""68"":0,""13"":762,""17"":-41,""18"":-33,""19"":5,""15"":0,""241"":26806,""199"":0,""16"":185441,""12"":13894,""449"":0,""636"":21635,""1148"":106,""11"":8935106000,""14"":1160700155,""387"":""2b3430313038312e323833332d303038353038342e343636372b3030302e3030302f""}"
2026-07-01T07:24:09Z,862272088542776,Codec8E,2026-06-30 21:45:40.000 UTC,1782855940000,0,40.1081283,-8.5084466,0,0,0,0,0,"{""239"":1,""240"":0,""21"":1,""200"":0,""69"":2,""237"":99,""113"":100,""303"":0,""383"":3,""1149"":0,""181"":0,""182"":0,""66"":14247,""24"":0,""206"":8740,""67"":4128,""68"":0,""13"":827,""17"":-38,""18"":-24,""19"":4,""15"":0,""241"":0,""199"":0,""16"":185441,""12"":15071,""449"":0,""636"":0,""1148"":106,""11"":8935106000,""14"":1160700155,""387"":""2b3430313038312e323833332d303038353038342e343636372b3030302e3030302f""}"
