received_utc,imei,codec,record_utc,timestamp_ms,priority,latitude,longitude,altitude_m,angle_deg,satellites,speed_kmh,event_io_id,io_json
2026-07-18T00:00:03Z,862272088542776,Codec8E,2026-07-18 00:00:02.000 UTC,1784332802000,0,40.2147400,-8.4461350,18,257,12,44,0,"{""239"":1,""240"":1,""21"":4,""200"":0,""69"":1,""237"":2,""113"":100,""303"":1,""383"":3,""1149"":7,""181"":14,""182"":9,""66"":14844,""24"":44,""206"":48740,""67"":4123,""68"":0,""13"":401,""17"":7,""18"":-257,""19"":74,""15"":1000,""241"":26806,""199"":4513,""16"":1355998,""12"":53055,""449"":0,""636"":609804,""1148"":79,""11"":8935106000,""14"":1160700155,""387"":""2b3430323134372e343030302d303038343436312e333530302b3030302e3031382f""}"
2026-07-18T00:00:04Z,862272088542776,Codec8E,2026-07-18 00:00:04.000 UTC,1784332804000,0,40.2146616,-8.4464050,21,242,12,44,0,"{""239"":1,""240"":1,""21"":4,""200"":0,""69"":1,""237"":2,""113"":100,""303"":1,""383"":3,""1149"":7,""181"":12,""182"":9,""66"":14828,""24"":44,""206"":48740,""67"":4123,""68"":0,""13"":401,""17"":1,""18"":-381,""19"":29,""15"":1000,""241"":26806,""199"":4538,""16"":1356023,""12"":53055,""449"":0,""636"":609834,""1148"":79,""11"":8935106000,""14"":1160700155,""387"":""2b3430323134362e363136372d303038343436342e303530302b3030302e3032312f""}"
2026-07-18T00:00:07Z,862272088542776,Codec8E,2026-07-18 00:00:06.000 UTC,1784332806000,0,40.2145350,-8.4466000,20,231,12,41,0,"{""239"":1,""240"":1,""21"":4,""200"":0,""69"":1,""237"":2,""113"":100,""303"":1,""383"":3,""1149"":7,""181"":12,""182"":9,""66"":14883,""24"":41,""206"":48740,""67"":4123,""68"":0,""13"":401,""17"":-15,""18"":-376,""19"":-10,""15"":1000,""241"":26806,""199"":4560,""16"":1356045,""12"":53055,""449"":0,""636"":1629738,""1148"":79,""11"":8935106000,""14"":1160700155,""387"":""2b3430323134352e333530302d303038343436362e303030302b3030302e3032302f""}"
2026-07-18T00:00:07Z,862272088542776,Codec8E,2026-07-18 00:00:07.000 UTC,1784332807000,0,40.2144416,-8.4466466,22,214,12,39,0,"{""239"":1,""240"":1,""21"":4,""200"":0,""69"":1,""237"":2,""113"":100,""303"":1,""383"":3,""1149"":7,""181"":12,""182"":9,""66"":14848,""24"":39,""206"":48740,""67"":4123,""68"":0,""13"":401,""17"":-21,""18"":-400,""19"":70,""15"":1000,""241"":26806,""199"":4571,""16"":1356056,""12"":53055,""449"":0,""636"":1629738,""1148"":79,""11"":8935106000,""14"":1160700155,""387"":""2b3430323134342e343136372d303038343436362e343636372b3030302e3032322f""}"
2026-07-18T00:00:09Z,862272088542776,Codec8E,2026-07-18 00:00:09.000 UTC,1784332809000,0,40.2142850,-8.4466783,23,198,12,35,0,"{""239"":1,""240"":1,""21"":4,""200"":0,""69"":1,""237"":2,""113"":100,""303"":1,""383"":3,""1149"":7,""181"":12,""182"":9,""66"":14858,""24"":35,""206"":48740,""67"":4123,""68"":0,""13"":401,""17"":-38,""18"":-79,""19"":25,""15"":1000,""241"":26806,""199"":4589,""16"":1356074,""12"":53055,""449"":0,""636"":609804,""1148"":79,""11"":8935106000,""14"":1160700155,""387"":""2b3430323134322e383530302d303038343436362e373833332b3030302e3032332f""}"
2026-07-18T00:00:10Z,862272088542776,Codec8E,2026-07-18 00:00:10.000 UTC,1784332810000,0,40.2141683,-8.4466083,22,181,11,34,0,"{""239"":1,""240"":1,""21"":4,""200"":0,""69"":1,""237"":2,""113"":100,""303"":1,""383"":3,""1149"":7,""181"":12,""182"":9,""66"":14865,""24"":34,""206"":48740,""67"":4123,""68"":0,""13"":401,""17"":-37,""18"":52,""19"":68,""15"":1000,""241"":26806,""199"":4603,""16"":1356088,""12"":53055,""449"":0,""636"":609804,""1148"":79,""11"":8935106000,""14"":1160700155,""387"":""2b3430323134312e363833332d303038343436362e303833332b3030302e3032322f""}"
2026-07-18T00:00:12Z,862272088542776,Codec8E,2026-07-18 00:00:12.000 UTC,1784332812000,0,40.2139066,-8.4464366,23,158,11,38,0,"{""239"":1,""240"":1,""21"":4,""200"":0,""69"":1,""237"":2,""113"":100,""303"":1,""383"":3,""1149"":7,""181"":14,""182"":9,""66"":14844,""24"":38,""206"":48740,""67"":4123,""68"":0,""13"":401,""17"":-3,""18"":131,""19"":98,""15"":1000,""241"":26806,""199"":4636,""16"":1356121,""12"":53055,""449"":0,""636"":609804,""1148"":79,""11"":8935106000,""14"":1160700155,""387"":""2b3430323133392e303636372d303038343436342e333636372b3030302e3032332f""}"
2026-07-18T00:00:17Z,862272088542776,Codec8E,2026-07-18 00:00:15.000 UTC,1784332815000,0,40.2135749,-8.4463133,22,168,11,42,0,"{""239"":1,""240"":1,""21"":4,""200"":0,""69"":1,""237"":2,""113"":100,""303"":1,""383"":3,""1149"":1,""181"":14,""182"":9,""66"":14846,""24"":42,""206"":48740,""67"":4123,""68"":0,""13"":401,""17"":-81,""18"":75,""19"":61,""15"":1000,""241"":26806,""199"":4674,""16"":1356159,""12"":53055,""449"":0,""636"":609804,""1148"":86,""11"":8935106000,""14"":1160700155,""387"":""2b3430323133352e373530302d303038343436332e313333332b3030302e3032322f""}"
2026-07-18T00:00:18Z,862272088542776,Codec8E,2026-07-18 00:00:18.000 UTC,1784332818000,0,40.2132300,-8.4463566,24,183,10,46,0,"{""239"":1,""240"":1,""21"":4,""200"":0,""69"":1,""237"":2,""113"":100,""303"":1,""383"":3,""1149"":1,""181"":17,""182"":10,""66"":14843,""24"":46,""206"":48740,""67"":4123,""68"":0,""13"":401,""17"":-132,""18"":-134,""19"":88,""15"":1000,""241"":26806,""199"":4713,""16"":1356198,""12"":53055,""449"":0,""636"":609804,""1148"":86,""11"":8935106000,""14"":1160700155,""387"":""2b3430323133322e333030302d303038343436332e353636372b3030302e3032342f""}"
2026-07-18T00:00:25Z,862272088542776,Codec8E,2026-07-18 00:00:25.000 UTC,1784332825000,0,40.2122999,-8.4464700,27,178,8,53,0,"{""239"":1,""240"":1,""21"":4,""200"":0,""69"":1,""237"":2,""113"":100,""303"":1,""383"":3,""1149"":1,""181"":19,""182"":12,""66"":14868,""24"":53,""206"":48740,""67"":4123,""68"":0,""13"":401,""17"":-174,""18"":-23,""19"":117,""15"":1000,""241"":26806,""199"":4817,""16"":1356302,""12"":53055,""449"":0,""636"":609834,""1148"":86,""11"":8935106000,""14"":1160700155,""387"":""2b3430323132332e303030302d303038343436342e373030302b3030302e3032372f""}"
2026-07-18T00:00:33Z,862272088542776,Codec8E,2026-07-18 00:00:30.000 UTC,1784332830000,0,40.2114600,-8.4463916,29,176,8,64,0,"{""239"":1,""240"":1,""21"":4,""200"":0,""69"":1,""237"":2,""113"":100,""303"":1,""383"":3,""1149"":1,""181"":19,""182"":12,""66"":14894,""24"":64,""206"":48740,""67"":4123,""68"":0,""13"":401,""17"":-112,""18"":-65,""19"":130,""15"":1000,""241"":26806,""199"":4911,""16"":1356396,""12"":53055,""449"":0,""636"":609804,""1148"":86,""11"":8935106000,""14"":1160700155,""387"":""2b3430323131342e363030302d303038343436332e393136372b3030302e3032392f""}"
2026-07-18T00:00:35Z,862272088542776,Codec8E,2026-07-18 00:00:35.000 UTC,1784332835000,0,40.2105283,-8.4464266,32,186,10,71,0,"{""239"":1,""240"":1,""21"":4,""200"":0,""69"":1,""237"":2,""113"":100,""303"":1,""383"":3,""1149"":1,""181"":20,""182"":10,""66"":14888,""24"":71,""206"":48740,""67"":4123,""68"":0,""13"":401,""17"":-100,""18"":40,""19"":138,""15"":1000,""241"":26806,""199"":5014,""16"":1356499,""12"":53055,""449"":0,""636"":609804,""1148"":86,""11"":8935106000,""14"":1160700155,""387"":""2b3430323130352e323833332d303038343436342e323636372b3030302e3033322f""}"
2026-07-18T00:00:39Z,862272088542776,Codec8E,2026-07-18 00:00:39.000 UTC,1784332839000,0,40.2097866,-8.4466516,35,197,10,75,0,"{""239"":1,""240"":1,""21"":4,""200"":0,""69"":1,""237"":2,""113"":100,""303"":1,""383"":3,""1149"":1,""181"":17,""182"":10,""66"":14854,""24"":75,""206"":48740,""67"":4123,""68"":0,""13"":401,""17"":-99,""18"":-54,""19"":157,""15"":1000,""241"":26806,""199"":5099,""16"":1356584,""12"":53055,""449"":0,""636"":572684,""1148"":86,""11"":8935106000,""14"":1160700155,""387"":""2b3430323039372e383636372d303038343436362e353136372b3030302e3033352f""}"
2026-07-18T00:00:44Z,862272088542776,Codec8E,2026-07-18 00:00:44.000 UTC,1784332844000,0,40.2088599,-8.4470283,39,196,12,77,0,"{""239"":1,""240"":1,""21"":4,""200"":0,""69"":1,""237"":2,""113"":100,""303"":1,""383"":3,""1149"":20,""181"":14,""182"":9,""66"":14815,""24"":77,""206"":48740,""67"":4123,""68"":0,""13"":401,""17"":-107,""18"":-47,""19"":113,""15"":1000,""241"":26806,""199"":5207,""16"":1356692,""12"":53055,""449"":0,""636"":609804,""1148"":79,""11"":8935106000,""14"":1160700155,""387"":""2b3430323038382e363030302d303038343437302e323833332b3030302e3033392f""}"
2026-07-18T00:00:52Z,862272088542776,Codec8E,2026-07-18 00:00:49.000 UTC,1784332849000,0,40.2079616,-8.4473899,47,198,11,76,0,"{""239"":1,""240"":1,""21"":4,""200"":0,""69"":1,""237"":2,""113"":100,""303"":1,""383"":3,""1149"":20,""181"":12,""182"":9,""66"":14815,""24"":76,""206"":48740,""67"":4123,""68"":0,""13"":401,""17"":-80,""18"":-66,""19"":93,""15"":1000,""241"":26806,""199"":5312,""16"":1356797,""12"":53055,""449"":0,""636"":572684,""1148"":79,""11"":8935106000,""14"":1160700155,""387"":""2b3430323037392e363136372d303038343437332e393030302b3030302e3034372f""}"
2026-07-18T00:00:54Z,862272088542776,Codec8E,2026-07-18 00:00:54.000 UTC,1784332854000,0,40.2070533,-8.4477899,57,198,11,76,0,"{""239"":1,""240"":1,""21"":4,""200"":0,""69"":1,""237"":2,""113"":100,""303"":1,""383"":3,""1149"":20,""181"":15,""182"":9,""66"":14821,""24"":76,""206"":48740,""67"":4123,""68"":0,""13"":401,""17"":-99,""18"":62,""19"":61,""15"":1000,""241"":26806,""199"":5418,""16"":1356903,""12"":53055,""449"":0,""636"":609804,""1148"":79,""11"":8935106000,""14"":1160700155,""387"":""2b3430323037302e353333332d303038343437372e393030302b3030302e3035372f""}"
2026-07-18T00:00:58Z,862272088542776,Codec8E,2026-07-18 00:00:58.000 UTC,1784332858000,0,40.2063466,-8.4482199,62,209,12,78,0,"{""239"":1,""240"":1,""21"":4,""200"":0,""69"":1,""237"":2,""113"":100,""303"":1,""383"":3,""1149"":20,""181"":12,""182"":9,""66"":14840,""24"":78,""206"":48740,""67"":4123,""68"":0,""13"":401,""17"":-69,""18"":57,""19"":99,""15"":1000,""241"":26806,""199"":5505,""16"":1356990,""12"":53055,""449"":0,""636"":609844,""1148"":79,""11"":8935106000,""14"":1160700155,""387"":""2b3430323036332e343636372d303038343438322e323030302b3030302e3036322f""}"
2026-07-18T00:01:01Z,862272088542776,Codec8E,2026-07-18 00:01:00.000 UTC,1784332860000,0,40.2060166,-8.4485633,57,221,12,76,0,"{""239"":1,""240"":1,""21"":4,""200"":0,""69"":1,""237"":2,""113"":100,""303"":1,""383"":3,""1149"":20,""181"":14,""182"":9,""66"":14811,""24"":76,""206"":48740,""67"":4123,""68"":0,""13"":401,""17"":-14,""18"":115,""19"":51,""15"":1000,""241"":26806,""199"":5552,""16"":1357037,""12"":53055,""449"":0,""636"":1836085,""1148"":79,""11"":8935106000,""14"":1160700155,""387"":""2b3430323036302e313636372d303038343438352e363333332b3030302e3035372f""}"
2026-07-18T00:01:06Z,862272088542776,Codec8E,2026-07-18 00:01:05.000 UTC,1784332865000,0,40.2053366,-8.4494400,65,224,10,75,0,"{""239"":1,""240"":1,""21"":4,""200"":0,""69"":1,""237"":2,""113"":100,""303"":1,""383"":3,""1149"":20,""181"":16,""182"":10,""66"":14870,""24"":75,""206"":48740,""67"":4123,""68"":0,""13"":401,""17"":-39,""18"":-46,""19"":53,""15"":1000,""241"":26806,""199"":5658,""16"":1357143,""12"":53055,""449"":0,""636"":1847092,""1148"":79,""11"":8935106000,""14"":1160700155,""387"":""2b3430323035332e333636372d303038343439342e343030302b3030302e3036352f""}"
2026-07-18T00:01:10Z,862272088542776,Codec8E,2026-07-18 00:01:10.000 UTC,1784332870000,0,40.2046616,-8.4503266,69,224,10,76,0,"{""239"":1,""240"":1,""21"":4,""200"":0,""69"":1,""237"":2,""113"":100,""303"":1,""383"":3,""1149"":20,""181"":19,""182"":10,""66"":14826,""24"":76,""206"":48740,""67"":4123,""68"":0,""13"":401,""17"":-3,""18"":-78,""19"":84,""15"":1000,""241"":26806,""199"":5764,""16"":1357249,""12"":53055,""449"":0,""636"":894475,""1148"":79,""11"":8935106000,""14"":1160700155,""387"":""2b3430323034362e363136372d303038343530332e323636372b3030302e3036392f""}"
2026-07-18T00:01:17Z,862272088542776,Codec8E,2026-07-18 00:01:15.000 UTC,1784332875000,0,40.2040250,-8.4511766,71,226,10,72,0,"{""239"":1,""240"":1,""21"":5,""200"":0,""69"":1,""237"":2,""113"":100,""303"":1,""383"":3,""1149"":1,""181"":13,""182"":10,""66"":14904,""24"":72,""206"":48740,""67"":4124,""68"":0,""13"":401,""17"":13,""18"":-70,""19"":42,""15"":1000,""241"":26806,""199"":5865,""16"":1357350,""12"":53055,""449"":0,""636"":894475,""1148"":68,""11"":8935106000,""14"":1160700155,""387"":""2b3430323034302e323530302d303038343531312e373636372b3030302e3037312f""}"
2026-07-18T00:01:21Z,862272088542776,Codec8E,2026-07-18 00:01:21.000 UTC,1784332881000,0,40.2033116,-8.4520900,72,224,11,67,0,"{""239"":1,""240"":1,""21"":5,""200"":0,""69"":1,""237"":2,""113"":100,""303"":1,""383"":3,""1149"":1,""181"":13,""182"":10,""66"":14863,""24"":67,""206"":48740,""67"":4123,""68"":0,""13"":401,""17"":-10,""18"":-55,""19"":35,""15"":1000,""241"":26806,""199"":5976,""16"":1357461,""12"":53055,""449"":0,""636"":894475,""1148"":68,""11"":8935106000,""14"":1160700155,""387"":""2b3430323033332e313136372d303038343532302e393030302b3030302e3037322f""}"
2026-07-18T00:01:27Z,862272088542776,Codec8E,2026-07-18 00:01:27.000 UTC,1784332887000,0,40.2025749,-8.4529433,70,215,10,65,0,"{""239"":1,""240"":1,""21"":5,""200"":0,""69"":1,""237"":2,""113"":100,""303"":1,""383"":3,""1149"":1,""181"":13,""182"":10,""66"":14806,""24"":65,""206"":48740,""67"":4123,""68"":0,""13"":401,""17"":-8,""18"":-38,""19"":97,""15"":1000,""241"":26806,""199"":6086,""16"":1357571,""12"":53055,""449"":0,""636"":1947433,""1148"":68,""11"":8935106000,""14"":1160700155,""387"":""2b3430323032352e373530302d303038343532392e343333332b3030302e3037302f""}"
2026-07-18T00:01:34Z,862272088542776,Codec8E,2026-07-18 00:01:32.000 UTC,1784332892000,0,40.2019150,-8.4535000,69,205,11,64,0,"{""239"":1,""240"":1,""21"":5,""200"":0,""69"":1,""237"":2,""113"":100,""303"":1,""383"":3,""1149"":1,""181"":15,""182"":9,""66"":14802,""24"":64,""206"":48740,""67"":4123,""68"":0,""13"":401,""17"":8,""18"":-66,""19"":8,""15"":1000,""241"":26806,""199"":6173,""16"":1357658,""12"":53055,""449"":0,""636"":1947177,""1148"":68,""11"":8935106000,""14"":1160700155,""387"":""2b3430323031392e313530302d303038343533352e303030302b3030302e3036392f""}"
2026-07-18T00:01:38Z,862272088542776,Codec8E,2026-07-18 00:01:37.000 UTC,1784332897000,0,40.2011416,-8.4538483,67,192,10,64,0,"{""239"":1,""240"":1,""21"":5,""200"":0,""69"":1,""237"":2,""113"":100,""303"":1,""383"":3,""1149"":1,""181"":13,""182"":10,""66"":14867,""24"":64,""206"":48740,""67"":4123,""68"":0,""13"":401,""17"":7,""18"":-85,""19"":35,""15"":1000,""241"":26806,""199"":6264,""16"":1357749,""12"":53055,""449"":0,""636"":1420331,""1148"":68,""11"":8935106000,""14"":1160700155,""387"":""2b3430323031312e343136372d303038343533382e343833332b3030302e3036372f""}"
2026-07-18T00:01:41Z,862272088542776,Codec8E,2026-07-18 00:01:41.000 UTC,1784332901000,0,40.2004700,-8.4539333,67,181,10,65,0,"{""239"":1,""240"":1,""21"":5,""200"":0,""69"":1,""237"":2,""113"":100,""303"":1,""383"":3,""1149"":1,""181"":13,""182"":10,""66"":14796,""24"":65,""206"":48740,""67"":4123,""68"":0,""13"":401,""17"":-42,""18"":-55,""19"":40,""15"":1000,""241"":26806,""199"":6339,""16"":1357824,""12"":53055,""449"":0,""636"":1420341,""1148"":68,""11"":8935106000,""14"":1160700155,""387"":""2b3430323030342e373030302d303038343533392e333333332b3030302e3036372f""}"
2026-07-18T00:01:47Z,862272088542776,Codec8E,2026-07-18 00:01:46.000 UTC,1784332906000,0,40.1996433,-8.4538316,68,168,8,64,0,"{""239"":1,""240"":1,""21"":5,""200"":0,""69"":1,""237"":2,""113"":100,""303"":1,""383"":3,""1149"":1,""181"":14,""182"":11,""66"":14815,""24"":64,""206"":48740,""67"":4123,""68"":0,""13"":401,""17"":-69,""18"":-92,""19"":55,""15"":1000,""241"":26806,""199"":6432,""16"":1357917,""12"":53055,""449"":0,""636"":1420341,""1148"":73,""11"":8935106000,""14"":1160700155,""387"":""2b3430313939362e343333332d303038343533382e333136372b3030302e3036382f""}"
2026-07-18T00:01:53Z,862272088542776,Codec8E,2026-07-18 00:01:51.000 UTC,1784332911000,0,40.1988350,-8.4534666,68,157,11,66,0,"{""239"":1,""240"":1,""21"":5,""200"":0,""69"":1,""237"":2,""113"":100,""303"":1,""383"":3,""1149"":1,""181"":13,""182"":10,""66"":14857,""24"":66,""206"":48740,""67"":4123,""68"":0,""13"":401,""17"":-45,""18"":-29,""19"":-49,""15"":1000,""241"":26806,""199"":6527,""16"":1358012,""12"":53055,""449"":0,""636"":1420341,""1148"":73,""11"":8935106000,""14"":1160700155,""387"":""2b3430313938382e333530302d303038343533342e363636372b3030302e3036382f""}"
2026-07-18T00:01:57Z,862272088542776,Codec8E,2026-07-18 00:01:57.000 UTC,1784332917000,0,40.1978983,-8.4529366,68,159,10,66,0,"{""239"":1,""240"":1,""21"":5,""200"":0,""69"":1,""237"":2,""113"":100,""303"":1,""383"":3,""1149"":1,""181"":13,""182"":10,""66"":14873,""24"":66,""206"":48740,""67"":4123,""68"":0,""13"":401,""17"":-92,""18"":-2,""19"":95,""15"":1000,""241"":26806,""199"":6640,""16"":1358125,""12"":53055,""449"":0,""636"":1420341,""1148"":73,""11"":8935106000,""14"":1160700155,""387"":""2b3430313937382e393833332d303038343532392e333636372b3030302e3036382f""}"
2026-07-18T00:02:02Z,862272088542776,Codec8E,2026-07-18 00:02:02.000 UTC,1784332922000,0,40.1971533,-8.4524616,70,147,10,66,0,"{""239"":1,""240"":1,""21"":5,""200"":0,""69"":1,""237"":2,""113"":100,""303"":1,""383"":3,""1149"":1,""181"":16,""182"":10,""66"":14852,""24"":66,""206"":48740,""67"":4123,""68"":0,""13"":401,""17"":-94,""18"":-127,""19"":80,""15"":1000,""241"":26806,""199"":6733,""16"":1358218,""12"":53055,""449"":0,""636"":894506,""1148"":73,""11"":8935106000,""14"":1160700155,""387"":""2b3430313937312e353333332d303038343532342e363136372b3030302e3037302f""}"
2026-07-18T00:02:04Z,862272088542776,Codec8E,2026-07-18 00:02:04.000 UTC,1784332924000,0,40.1968783,-8.4521550,72,137,11,67,0,"{""239"":1,""240"":1,""21"":5,""200"":0,""69"":1,""237"":2,""113"":100,""303"":1,""383"":3,""1149"":1,""181"":17,""182"":10,""66"":14852,""24"":67,""206"":48740,""67"":4123,""68"":0,""13"":401,""17"":-92,""18"":-12,""19"":99,""15"":1000,""241"":26806,""199"":6773,""16"":1358258,""12"":53055,""449"":0,""636"":894506,""1148"":73,""11"":8935106000,""14"":1160700155,""387"":""2b3430313936382e373833332d303038343532312e353530302b3030302e3037322f""}"
2026-07-18T00:02:12Z,862272088542776,Codec8E,2026-07-18 00:02:10.000 UTC,1784332930000,0,40.1961750,-8.4511733,77,140,11,66,0,"{""239"":1,""240"":1,""21"":5,""200"":0,""69"":1,""237"":2,""113"":100,""303"":1,""383"":3,""1149"":1,""181"":16,""182"":10,""66"":14860,""24"":66,""206"":48740,""67"":4123,""68"":0,""13"":401,""17"":-98,""18"":31,""19"":34,""15"":1000,""241"":26806,""199"":6887,""16"":1358372,""12"":53055,""449"":0,""636"":894506,""1148"":73,""11"":8935106000,""14"":1160700155,""387"":""2b3430313936312e373530302d303038343531312e373333332b3030302e3037372f""}"
2026-07-18T00:02:14Z,862272088542776,Codec8E,2026-07-18 00:02:13.000 UTC,1784332933000,0,40.1957583,-8.4508100,81,151,10,67,0,"{""239"":1,""240"":1,""21"":5,""200"":0,""69"":1,""237"":2,""113"":100,""303"":1,""383"":3,""1149"":1,""181"":15,""182"":10,""66"":14873,""24"":67,""206"":48740,""67"":4123,""68"":0,""13"":401,""17"":-82,""18"":-2,""19"":63,""15"":1000,""241"":26806,""199"":6943,""16"":1358428,""12"":53055,""449"":0,""636"":894506,""1148"":70,""11"":8935106000,""14"":1160700155,""387"":""2b3430313935372e353833332d303038343530382e313030302b3030302e3038312f""}"
2026-07-18T00:02:16Z,862272088542776,Codec8E,2026-07-18 00:02:16.000 UTC,1784332936000,0,40.1952983,-8.4505749,84,165,10,66,0,"{""239"":1,""240"":1,""21"":5,""200"":0,""69"":1,""237"":2,""113"":100,""303"":1,""383"":3,""1149"":1,""181"":15,""182"":10,""66"":14874,""24"":66,""206"":48740,""67"":4123,""68"":0,""13"":401,""17"":-116,""18"":13,""19"":39,""15"":1000,""241"":26806,""199"":6998,""16"":1358483,""12"":53055,""449"":0,""636"":894506,""1148"":70,""11"":8935106000,""14"":1160700155,""387"":""2b3430313935322e393833332d303038343530352e373530302b3030302e3038342f""}"
2026-07-18T00:02:23Z,862272088542776,Codec8E,2026-07-18 00:02:22.000 UTC,1784332942000,0,40.1942850,-8.4504333,89,174,9,68,0,"{""239"":1,""240"":1,""21"":5,""200"":0,""69"":1,""237"":2,""113"":100,""303"":1,""383"":3,""1149"":1,""181"":13,""182"":10,""66"":14900,""24"":68,""206"":48740,""67"":4123,""68"":0,""13"":401,""17"":-172,""18"":-64,""19"":44,""15"":1000,""241"":26806,""199"":7111,""16"":1358596,""12"":53055,""449"":0,""636"":894506,""1148"":70,""11"":8935106000,""14"":1160700155,""387"":""2b3430313934322e383530302d303038343530342e333333332b3030302e3038392f""}"
2026-07-18T00:02:29Z,862272088542776,Codec8E,2026-07-18 00:02:27.000 UTC,1784332947000,0,40.1933750,-8.4503516,94,174,10,73,0,"{""239"":1,""240"":1,""21"":5,""200"":0,""69"":1,""237"":2,""113"":100,""303"":1,""383"":3,""1149"":1,""181"":15,""182"":10,""66"":14896,""24"":73,""206"":48740,""67"":4123,""68"":0,""13"":401,""17"":-131,""18"":-44,""19"":70,""15"":1000,""241"":26806,""199"":7213,""16"":1358698,""12"":53055,""449"":0,""636"":894506,""1148"":70,""11"":8935106000,""14"":1160700155,""387"":""2b3430313933332e373530302d303038343530332e353136372b3030302e3039342f""}"
2026-07-18T00:02:32Z,862272088542776,Codec8E,2026-07-18 00:02:32.000 UTC,1784332952000,0,40.1923200,-8.4502466,98,173,11,82,0,"{""239"":1,""240"":1,""21"":5,""200"":0,""69"":1,""237"":2,""113"":100,""303"":1,""383"":3,""1149"":1,""181"":13,""182"":10,""66"":14900,""24"":82,""206"":48740,""67"":4123,""68"":0,""13"":401,""17"":-36,""18"":-23,""19"":58,""15"":1000,""241"":26806,""199"":7330,""16"":1358815,""12"":53055,""449"":0,""636"":894506,""1148"":70,""11"":8935106000,""14"":1160700155,""387"":""2b3430313932332e323030302d303038343530322e343636372b3030302e3039382f""}"
2026-07-18T00:02:37Z,862272088542776,Codec8E,2026-07-18 00:02:37.000 UTC,1784332957000,0,40.1912100,-8.4501149,99,174,10,85,0,"{""239"":1,""240"":1,""21"":5,""200"":0,""69"":1,""237"":2,""113"":100,""303"":1,""383"":3,""1149"":1,""181"":13,""182"":10,""66"":14895,""24"":85,""206"":48740,""67"":4123,""68"":0,""13"":401,""17"":-23,""18"":-68,""19"":82,""15"":1000,""241"":26806,""199"":7454,""16"":1358939,""12"":53055,""449"":0,""636"":894506,""1148"":70,""11"":8935106000,""14"":1160700155,""387"":""2b3430313931322e313030302d303038343530312e313530302b3030302e3039392f""}"
2026-07-18T00:02:42Z,862272088542776,Codec8E,2026-07-18 00:02:42.000 UTC,1784332962000,0,40.1901133,-8.4500083,100,175,9,86,0,"{""239"":1,""240"":1,""21"":5,""200"":0,""69"":1,""237"":2,""113"":100,""303"":1,""383"":3,""1149"":1,""181"":17,""182"":11,""66"":14891,""24"":86,""206"":48740,""67"":4123,""68"":0,""13"":401,""17"":-66,""18"":-60,""19"":90,""15"":1000,""241"":26806,""199"":7576,""16"":1359061,""12"":53055,""449"":0,""636"":894506,""1148"":70,""11"":8935106000,""14"":1160700155,""387"":""2b3430313930312e313333332d303038343530302e303833332b3030302e3130302f""}"
2026-07-18T00:02:49Z,862272088542776,Codec8E,2026-07-18 00:02:47.000 UTC,1784332967000,0,40.1889783,-8.4498233,105,171,10,85,0,"{""239"":1,""240"":1,""21"":5,""200"":0,""69"":1,""237"":2,""113"":100,""303"":1,""383"":3,""1149"":1,""181"":14,""182"":11,""66"":14890,""24"":85,""206"":48740,""67"":4123,""68"":0,""13"":401,""17"":-68,""18"":17,""19"":115,""15"":1000,""241"":26806,""199"":7703,""16"":1359188,""12"":53055,""449"":0,""636"":894506,""1148"":69,""11"":8935106000,""14"":1160700155,""387"":""2b3430313838392e373833332d303038343439382e323333332b3030302e3130352f""}"
2026-07-18T00:02:53Z,862272088542776,Codec8E,2026-07-18 00:02:52.000 UTC,1784332972000,0,40.1879050,-8.4496066,108,170,10,87,0,"{""239"":1,""240"":1,""21"":5,""200"":0,""69"":1,""237"":2,""113"":100,""303"":1,""383"":3,""1149"":1,""181"":15,""182"":10,""66"":14909,""24"":87,""206"":48740,""67"":4124,""68"":0,""13"":401,""17"":-79,""18"":-64,""19"":63,""15"":1000,""241"":26806,""199"":7824,""16"":1359309,""12"":53055,""449"":0,""636"":894506,""1148"":69,""11"":8935106000,""14"":1160700155,""387"":""2b3430313837392e303530302d303038343439362e303636372b3030302e3130382f""}"
2026-07-18T00:02:57Z,862272088542776,Codec8E,2026-07-18 00:02:57.000 UTC,1784332977000,0,40.1868716,-8.4492266,110,163,10,86,0,"{""239"":1,""240"":1,""21"":5,""200"":0,""69"":1,""237"":2,""113"":100,""303"":1,""383"":3,""1149"":1,""181"":13,""182"":10,""66"":14870,""24"":86,""206"":48740,""67"":4123,""68"":0,""13"":401,""17"":-89,""18"":-58,""19"":72,""15"":1000,""241"":26806,""199"":7943,""16"":1359428,""12"":53055,""449"":0,""636"":894506,""1148"":69,""11"":8935106000,""14"":1160700155,""387"":""2b3430313836382e373136372d303038343439322e323636372b3030302e3131302f""}"
2026-07-18T00:03:03Z,862272088542776,Codec8E,2026-07-18 00:03:02.000 UTC,1784332982000,0,40.1858416,-8.4488583,113,168,10,86,0,"{""239"":1,""240"":1,""21"":5,""200"":0,""69"":1,""237"":2,""113"":100,""303"":1,""383"":3,""1149"":1,""181"":12,""182"":9,""66"":14855,""24"":86,""206"":48740,""67"":4123,""68"":0,""13"":401,""17"":-96,""18"":-52,""19"":56,""15"":1000,""241"":26806,""199"":8062,""16"":1359547,""12"":53055,""449"":0,""636"":1420331,""1148"":69,""11"":8935106000,""14"":1160700155,""387"":""2b3430313835382e343136372d303038343438382e353833332b3030302e3131332f""}"
2026-07-18T00:03:07Z,862272088542776,Codec8E,2026-07-18 00:03:07.000 UTC,1784332987000,0,40.1848416,-8.4486133,120,171,8,85,0,"{""239"":1,""240"":1,""21"":5,""200"":0,""69"":1,""237"":2,""113"":100,""303"":1,""383"":3,""1149"":1,""181"":18,""182"":12,""66"":14917,""24"":85,""206"":48740,""67"":4123,""68"":0,""13"":401,""17"":-120,""18"":30,""19"":163,""15"":1000,""241"":26806,""199"":8175,""16"":1359660,""12"":53055,""449"":0,""636"":1420331,""1148"":69,""11"":8935106000,""14"":1160700155,""387"":""2b3430313834382e343136372d303038343438362e313333332b3030302e3132302f""}"
2026-07-18T00:03:14Z,862272088542776,Codec8E,2026-07-18 00:03:12.000 UTC,1784332992000,0,40.1837766,-8.4484616,126,172,8,87,0,"{""239"":1,""240"":1,""21"":5,""200"":0,""69"":1,""237"":2,""113"":100,""303"":1,""383"":3,""1149"":1,""181"":22,""182"":13,""66"":14876,""24"":87,""206"":48740,""67"":4123,""68"":0,""13"":401,""17"":-52,""18"":-94,""19"":99,""15"":1000,""241"":26806,""199"":8294,""16"":1359779,""12"":53055,""449"":0,""636"":1420331,""1148"":69,""11"":8935106000,""14"":1160700155,""387"":""2b3430313833372e373636372d303038343438342e363136372b3030302e3132362f""}"
2026-07-18T00:03:17Z,862272088542776,Codec8E,2026-07-18 00:03:17.000 UTC,1784332997000,0,40.1827116,-8.4483016,130,172,9,88,0,"{""239"":1,""240"":1,""21"":4,""200"":0,""69"":1,""237"":2,""113"":100,""303"":1,""383"":3,""1149"":1,""181"":18,""182"":12,""66"":14905,""24"":88,""206"":48740,""67"":4123,""68"":0,""13"":401,""17"":-100,""18"":-122,""19"":37,""15"":1000,""241"":26806,""199"":8414,""16"":1359899,""12"":53055,""449"":0,""636"":1420331,""1148"":77,""11"":8935106000,""14"":1160700155,""387"":""2b3430313832372e313136372d303038343438332e303136372b3030302e3133302f""}"
2026-07-18T00:03:23Z,862272088542776,Codec8E,2026-07-18 00:03:22.000 UTC,1784333002000,0,40.1816366,-8.4480816,133,173,8,87,0,"{""239"":1,""240"":1,""21"":4,""200"":0,""69"":1,""237"":2,""113"":100,""303"":1,""383"":3,""1149"":1,""181"":18,""182"":11,""66"":14904,""24"":87,""206"":48740,""67"":4123,""68"":0,""13"":401,""17"":-64,""18"":-57,""19"":81,""15"":1000,""241"":26806,""199"":8534,""16"":1360019,""12"":53055,""449"":0,""636"":1420329,""1148"":77,""11"":8935106000,""14"":1160700155,""387"":""2b3430313831362e333636372d303038343438302e383136372b3030302e3133332f""}"
2026-07-18T00:03:29Z,862272088542776,Codec8E,2026-07-18 00:03:27.000 UTC,1784333007000,0,40.1806116,-8.4479266,136,174,9,82,0,"{""239"":1,""240"":1,""21"":4,""200"":0,""69"":1,""237"":2,""113"":100,""303"":1,""383"":3,""1149"":1,""181"":14,""182"":11,""66"":14855,""24"":82,""206"":48740,""67"":4123,""68"":0,""13"":401,""17"":28,""18"":-2,""19"":38,""15"":1000,""241"":26806,""199"":8649,""16"":1360134,""12"":53055,""449"":0,""636"":1420329,""1148"":77,""11"":8935106000,""14"":1160700155,""387"":""2b3430313830362e313136372d303038343437392e323636372b3030302e3133362f""}"
2026-07-18T00:03:33Z,862272088542776,Codec8E,2026-07-18 00:03:32.000 UTC,1784333012000,0,40.1797350,-8.4479366,139,185,9,72,0,"{""239"":1,""240"":1,""21"":4,""200"":0,""69"":1,""237"":2,""113"":100,""303"":1,""383"":3,""1149"":1,""181"":18,""182"":11,""66"":14820,""24"":72,""206"":48740,""67"":4123,""68"":0,""13"":401,""17"":-93,""18"":-43,""19"":76,""15"":1000,""241"":26806,""199"":8747,""16"":1360232,""12"":53055,""449"":0,""636"":893226,""1148"":77,""11"":8935106000,""14"":1160700155,""387"":""2b3430313739372e333530302d303038343437392e333636372b3030302e3133392f""}"
2026-07-18T00:03:35Z,862272088542776,Codec8E,2026-07-18 00:03:35.000 UTC,1784333015000,0,40.1792366,-8.4480683,140,196,10,69,0,"{""239"":1,""240"":1,""21"":4,""200"":0,""69"":1,""237"":2,""113"":100,""303"":1,""383"":3,""1149"":1,""181"":17,""182"":11,""66"":14906,""24"":69,""206"":48740,""67"":4123,""68"":0,""13"":401,""17"":-61,""18"":-8,""19"":24,""15"":1000,""241"":26806,""199"":8803,""16"":1360288,""12"":53055,""449"":0,""636"":893226,""1148"":77,""11"":8935106000,""14"":1160700155,""387"":""2b3430313739322e333636372d303038343438302e363833332b3030302e3134302f""}"
2026-07-18T00:03:43Z,862272088542776,Codec8E,2026-07-18 00:03:41.000 UTC,1784333021000,0,40.1782616,-8.4485733,146,206,12,69,0,"{""239"":1,""240"":1,""21"":4,""200"":0,""69"":1,""237"":2,""113"":100,""303"":1,""383"":3,""1149"":1,""181"":13,""182"":9,""66"":14821,""24"":69,""206"":48740,""67"":4123,""68"":0,""13"":401,""17"":-5,""18"":-51,""19"":48,""15"":1000,""241"":26806,""199"":8920,""16"":1360405,""12"":53055,""449"":0,""636"":1420330,""1148"":77,""11"":8935106000,""14"":1160700155,""387"":""2b3430313738322e363136372d303038343438352e373333332b3030302e3134362f""}"
2026-07-18T00:03:49Z,862272088542776,Codec8E,2026-07-18 00:03:47.000 UTC,1784333027000,0,40.1773583,-8.4493383,153,214,11,68,0,"{""239"":1,""240"":1,""21"":3,""200"":0,""69"":1,""237"":2,""113"":100,""303"":1,""383"":3,""1149"":1,""181"":13,""182"":11,""66"":14884,""24"":68,""206"":48740,""67"":4123,""68"":0,""13"":401,""17"":-13,""18"":-96,""19"":35,""15"":1000,""241"":26806,""199"":9040,""16"":1360525,""12"":53055,""449"":0,""636"":1420330,""1148"":84,""11"":8935106000,""14"":1160700155,""387"":""2b3430313737332e353833332d303038343439332e333833332b3030302e3135332f""}"
2026-07-18T00:03:53Z,862272088542776,Codec8E,2026-07-18 00:03:53.000 UTC,1784333033000,0,40.1764933,-8.4501450,156,215,11,70,0,"{""239"":1,""240"":1,""21"":3,""200"":0,""69"":1,""237"":2,""113"":100,""303"":1,""383"":3,""1149"":1,""181"":13,""182"":10,""66"":14841,""24"":70,""206"":48740,""67"":4123,""68"":0,""13"":401,""17"":-106,""18"":-32,""19"":100,""15"":1000,""241"":26806,""199"":9158,""16"":1360643,""12"":53055,""449"":0,""636"":1420330,""1148"":84,""11"":8935106000,""14"":1160700155,""387"":""2b3430313736342e393333332d303038343530312e343530302b3030302e3135362f""}"
2026-07-18T00:03:58Z,862272088542776,Codec8E,2026-07-18 00:03:58.000 UTC,1784333038000,0,40.1756766,-8.4509233,159,214,8,80,0,"{""239"":1,""240"":1,""21"":3,""200"":0,""69"":1,""237"":2,""113"":100,""303"":1,""383"":3,""1149"":1,""181"":19,""182"":13,""66"":14893,""24"":80,""206"":48740,""67"":4123,""68"":0,""13"":401,""17"":-23,""18"":-86,""19"":38,""15"":1000,""241"":26806,""199"":9270,""16"":1360755,""12"":53055,""449"":0,""636"":1420330,""1148"":84,""11"":8935106000,""14"":1160700155,""387"":""2b3430313735362e373636372d303038343530392e323333332b3030302e3135392f""}"
2026-07-18T00:04:03Z,862272088542776,Codec8E,2026-07-18 00:04:03.000 UTC,1784333043000,0,40.1747933,-8.4517666,158,217,9,85,0,"{""239"":1,""240"":1,""21"":3,""200"":0,""69"":1,""237"":2,""113"":100,""303"":1,""383"":3,""1149"":1,""181"":25,""182"":13,""66"":14899,""24"":85,""206"":48740,""67"":4123,""68"":0,""13"":401,""17"":25,""18"":-107,""19"":61,""15"":1000,""241"":26806,""199"":9392,""16"":1360877,""12"":53055,""449"":0,""636"":1420330,""1148"":84,""11"":8935106000,""14"":1160700155,""387"":""2b3430313734372e393333332d303038343531372e363636372b3030302e3135382f""}"
2026-07-18T00:04:10Z,862272088542776,Codec8E,2026-07-18 00:04:08.000 UTC,1784333048000,0,40.1738983,-8.4525700,156,211,9,87,0,"{""239"":1,""240"":1,""21"":3,""200"":0,""69"":1,""237"":2,""113"":100,""303"":1,""383"":3,""1149"":1,""181"":15,""182"":12,""66"":14848,""24"":87,""206"":48740,""67"":4123,""68"":0,""13"":401,""17"":56,""18"":-99,""19"":76,""15"":1000,""241"":26806,""199"":9512,""16"":1360997,""12"":53055,""449"":0,""636"":1420330,""1148"":84,""11"":8935106000,""14"":1160700155,""387"":""2b3430313733382e393833332d303038343532352e373030302b3030302e3135362f""}"
2026-07-18T00:04:15Z,862272088542776,Codec8E,2026-07-18 00:04:13.000 UTC,1784333053000,0,40.1729733,-8.4532583,153,207,9,85,0,"{""239"":1,""240"":1,""21"":5,""200"":0,""69"":1,""237"":2,""113"":100,""303"":1,""383"":3,""1149"":1,""181"":17,""182"":12,""66"":14879,""24"":85,""206"":48740,""67"":4123,""68"":0,""13"":401,""17"":204,""18"":-39,""19"":99,""15"":1000,""241"":26806,""199"":9631,""16"":1361116,""12"":53055,""449"":0,""636"":1420330,""1148"":64,""11"":8935106000,""14"":1160700155,""387"":""2b3430313732392e373333332d303038343533322e353833332b3030302e3135332f""}"
2026-07-18T00:04:19Z,862272088542776,Codec8E,2026-07-18 00:04:17.000 UTC,1784333057000,0,40.1723016,-8.4536966,149,206,12,75,0,"{""239"":1,""240"":1,""21"":5,""200"":0,""69"":1,""237"":2,""113"":100,""303"":1,""383"":3,""1149"":1,""181"":13,""182"":10,""66"":14884,""24"":75,""206"":48740,""67"":4123,""68"":0,""13"":401,""17"":55,""18"":-85,""19"":36,""15"":1000,""241"":26806,""199"":9714,""16"":1361199,""12"":53055,""449"":0,""636"":1420330,""1148"":64,""11"":8935106000,""14"":1160700155,""387"":""2b3430313732332e303136372d303038343533362e393636372b3030302e3134392f""}"
2026-07-18T00:04:24Z,862272088542776,Codec8E,2026-07-18 00:04:23.000 UTC,1784333063000,0,40.1713666,-8.4541816,142,201,12,69,0,"{""239"":1,""240"":1,""21"":5,""200"":0,""69"":1,""237"":2,""113"":100,""303"":1,""383"":3,""1149"":1,""181"":15,""182"":9,""66"":14814,""24"":69,""206"":48740,""67"":4123,""68"":0,""13"":401,""17"":9,""18"":-67,""19"":50,""15"":1000,""241"":26806,""199"":9826,""16"":1361311,""12"":53055,""449"":0,""636"":1420330,""1148"":64,""11"":8935106000,""14"":1160700155,""387"":""2b3430313731332e363636372d303038343534312e383136372b3030302e3134322f""}"
2026-07-18T00:04:30Z,862272088542776,Codec8E,2026-07-18 00:04:29.000 UTC,1784333069000,0,40.1704100,-8.4546966,135,202,12,67,0,"{""239"":1,""240"":1,""21"":5,""200"":0,""69"":1,""237"":2,""113"":100,""303"":1,""383"":3,""1149"":1,""181"":15,""182"":9,""66"":14897,""24"":67,""206"":48740,""67"":4123,""68"":0,""13"":401,""17"":-12,""18"":-113,""19"":74,""15"":1000,""241"":26806,""199"":9941,""16"":1361426,""12"":53055,""449"":0,""636"":1420330,""1148"":64,""11"":8935106000,""14"":1160700155,""387"":""2b3430313730342e313030302d303038343534362e393636372b3030302e3133352f""}"
2026-07-18T00:04:35Z,862272088542776,Codec8E,2026-07-18 00:04:35.000 UTC,1784333075000,0,40.1695499,-8.4552316,130,203,12,64,0,"{""239"":1,""240"":1,""21"":5,""200"":0,""69"":1,""237"":2,""113"":100,""303"":1,""383"":3,""1149"":1,""181"":12,""182"":9,""66"":14870,""24"":64,""206"":48740,""67"":4123,""68"":0,""13"":401,""17"":21,""18"":-86,""19"":31,""15"":1000,""241"":26806,""199"":10047,""16"":1361532,""12"":53055,""449"":0,""636"":1420330,""1148"":64,""11"":8935106000,""14"":1160700155,""387"":""2b3430313639352e353030302d303038343535322e333136372b3030302e3133302f""}"
2026-07-18T00:04:45Z,862272088542776,Codec8E,2026-07-18 00:04:42.000 UTC,1784333082000,0,40.1686000,-8.4557283,129,201,12,59,0,"{""239"":1,""240"":1,""21"":5,""200"":0,""69"":1,""237"":2,""113"":100,""303"":1,""383"":3,""1149"":1,""181"":14,""182"":9,""66"":14900,""24"":59,""206"":48740,""67"":4123,""68"":0,""13"":401,""17"":10,""18"":-76,""19"":14,""15"":1000,""241"":26806,""199"":10161,""16"":1361646,""12"":53055,""449"":0,""636"":1420330,""1148"":64,""11"":8935106000,""14"":1160700155,""387"":""2b3430313638362e303030302d303038343535372e323833332b3030302e3132392f""}"
2026-07-18T00:04:49Z,862272088542776,Codec8E,2026-07-18 00:04:49.000 UTC,1784333089000,0,40.1676933,-8.4562916,124,203,8,57,0,"{""239"":1,""240"":1,""21"":4,""200"":0,""69"":1,""237"":2,""113"":100,""303"":1,""383"":3,""1149"":1,""181"":20,""182"":12,""66"":14882,""24"":57,""206"":48740,""67"":4123,""68"":0,""13"":401,""17"":-52,""18"":-52,""19"":50,""15"":1000,""241"":26806,""199"":10273,""16"":1361758,""12"":53055,""449"":0,""636"":1420330,""1148"":74,""11"":8935106000,""14"":1160700155,""387"":""2b3430313637362e393333332d303038343536322e393136372b3030302e3132342f""}"
2026-07-18T00:04:55Z,862272088542776,Codec8E,2026-07-18 00:04:55.000 UTC,1784333095000,0,40.1668450,-8.4567383,121,202,8,61,0,"{""239"":1,""240"":1,""21"":4,""200"":0,""69"":1,""237"":2,""113"":100,""303"":1,""383"":3,""1149"":1,""181"":15,""182"":12,""66"":14898,""24"":61,""206"":48740,""67"":4123,""68"":0,""13"":401,""17"":-37,""18"":-75,""19"":54,""15"":1000,""241"":26806,""199"":10374,""16"":1361859,""12"":53055,""449"":0,""636"":1420330,""1148"":74,""11"":8935106000,""14"":1160700155,""387"":""2b3430313636382e343530302d303038343536372e333833332b3030302e3132312f""}"
2026-07-18T00:05:03Z,862272088542776,Codec8E,2026-07-18 00:05:01.000 UTC,1784333101000,0,40.1658816,-8.4572600,117,205,9,67,0,"{""239"":1,""240"":1,""21"":4,""200"":0,""69"":1,""237"":2,""113"":100,""303"":1,""383"":3,""1149"":1,""181"":24,""182"":11,""66"":14829,""24"":67,""206"":48740,""67"":4123,""68"":0,""13"":401,""17"":-76,""18"":-61,""19"":63,""15"":1000,""241"":26806,""199"":10490,""16"":1361975,""12"":53055,""449"":0,""636"":1420330,""1148"":74,""11"":8935106000,""14"":1160700155,""387"":""2b3430313635382e383136372d303038343537322e363030302b3030302e3131372f""}"
2026-07-18T00:05:07Z,862272088542776,Codec8E,2026-07-18 00:05:06.000 UTC,1784333106000,0,40.1649666,-8.4577666,116,201,10,79,0,"{""239"":1,""240"":1,""21"":4,""200"":0,""69"":1,""237"":2,""113"":100,""303"":1,""383"":3,""1149"":1,""181"":20,""182"":11,""66"":14899,""24"":79,""206"":48740,""67"":4123,""68"":0,""13"":401,""17"":-30,""18"":-75,""19"":80,""15"":1000,""241"":26806,""199"":10600,""16"":1362085,""12"":53055,""449"":0,""636"":1662220,""1148"":74,""11"":8935106000,""14"":1160700155,""387"":""2b3430313634392e363636372d303038343537372e363636372b3030302e3131362f""}"
2026-07-18T00:05:12Z,862272088542776,Codec8E,2026-07-18 00:05:11.000 UTC,1784333111000,0,40.1639433,-8.4583216,112,203,12,85,0,"{""239"":1,""240"":1,""21"":4,""200"":0,""69"":1,""237"":2,""113"":100,""303"":1,""383"":3,""1149"":1,""181"":13,""182"":10,""66"":14885,""24"":85,""206"":48740,""67"":4123,""68"":0,""13"":401,""17"":-1,""18"":-56,""19"":99,""15"":1000,""241"":26806,""199"":10724,""16"":1362209,""12"":53055,""449"":0,""636"":1662260,""1148"":74,""11"":8935106000,""14"":1160700155,""387"":""2b3430313633392e343333332d303038343538332e323136372b3030302e3131322f""}"
2026-07-18T00:05:16Z,862272088542776,Codec8E,2026-07-18 00:05:15.000 UTC,1784333115000,0,40.1630616,-8.4588000,107,203,12,86,0,"{""239"":1,""240"":1,""21"":3,""200"":0,""69"":1,""237"":2,""113"":100,""303"":1,""383"":3,""1149"":8,""181"":12,""182"":9,""66"":14856,""24"":86,""206"":48740,""67"":4123,""68"":0,""13"":401,""17"":-2,""18"":-160,""19"":75,""15"":1000,""241"":26806,""199"":10830,""16"":1362315,""12"":53055,""449"":0,""636"":1662260,""1148"":87,""11"":8935106000,""14"":1160700155,""387"":""2b3430313633302e363136372d303038343538382e303030302b3030302e3130372f""}"
2026-07-18T00:05:22Z,862272088542776,Codec8E,2026-07-18 00:05:20.000 UTC,1784333120000,0,40.1619966,-8.4592099,112,192,11,87,0,"{""239"":1,""240"":1,""21"":3,""200"":0,""69"":1,""237"":2,""113"":100,""303"":1,""383"":3,""1149"":8,""181"":15,""182"":9,""66"":14868,""24"":87,""206"":48740,""67"":4123,""68"":0,""13"":401,""17"":-43,""18"":-70,""19"":47,""15"":1000,""241"":26806,""199"":10953,""16"":1362438,""12"":53055,""449"":0,""636"":1662260,""1148"":87,""11"":8935106000,""14"":1160700155,""387"":""2b3430313631392e393636372d303038343539322e313030302b3030302e3131322f""}"
2026-07-18T00:05:25Z,862272088542776,Codec8E,2026-07-18 00:05:25.000 UTC,1784333125000,0,40.1609333,-8.4594166,115,184,12,87,0,"{""239"":1,""240"":1,""21"":3,""200"":0,""69"":1,""237"":2,""113"":100,""303"":1,""383"":3,""1149"":8,""181"":14,""182"":9,""66"":14850,""24"":87,""206"":48740,""67"":4123,""68"":0,""13"":401,""17"":-61,""18"":-66,""19"":-12,""15"":1000,""241"":26806,""199"":11073,""16"":1362558,""12"":53055,""449"":0,""636"":893236,""1148"":87,""11"":8935106000,""14"":1160700155,""387"":""2b3430313630392e333333332d303038343539342e313636372b3030302e3131352f""}"
2026-07-18T00:05:30Z,862272088542776,Codec8E,2026-07-18 00:05:30.000 UTC,1784333130000,0,40.1598433,-8.4594833,116,181,11,87,0,"{""239"":1,""240"":1,""21"":3,""200"":0,""69"":1,""237"":2,""113"":100,""303"":1,""383"":3,""1149"":8,""181"":12,""182"":9,""66"":14850,""24"":87,""206"":48740,""67"":4123,""68"":0,""13"":401,""17"":-93,""18"":-12,""19"":89,""15"":1000,""241"":26806,""199"":11194,""16"":1362679,""12"":53055,""449"":0,""636"":893226,""1148"":87,""11"":8935106000,""14"":1160700155,""387"":""2b3430313539382e343333332d303038343539342e383333332b3030302e3131362f""}"
2026-07-18T00:05:35Z,862272088542776,Codec8E,2026-07-18 00:05:35.000 UTC,1784333135000,0,40.1587249,-8.4594383,119,180,12,87,0,"{""239"":1,""240"":1,""21"":3,""200"":0,""69"":1,""237"":2,""113"":100,""303"":1,""383"":3,""1149"":8,""181"":15,""182"":9,""66"":14842,""24"":87,""206"":48740,""67"":4123,""68"":0,""13"":401,""17"":-110,""18"":-53,""19"":18,""15"":1000,""241"":26806,""199"":11318,""16"":1362803,""12"":53055,""449"":0,""636"":893226,""1148"":87,""11"":8935106000,""14"":1160700155,""387"":""2b3430313538372e323530302d303038343539342e333833332b3030302e3131392f""}"
2026-07-18T00:05:41Z,862272088542776,Codec8E,2026-07-18 00:05:40.000 UTC,1784333140000,0,40.1576133,-8.4594416,120,180,12,88,0,"{""239"":1,""240"":1,""21"":3,""200"":0,""69"":1,""237"":2,""113"":100,""303"":1,""383"":3,""1149"":8,""181"":12,""182"":9,""66"":14885,""24"":88,""206"":48740,""67"":4123,""68"":0,""13"":401,""17"":-77,""18"":-92,""19"":18,""15"":1000,""241"":26806,""199"":11442,""16"":1362927,""12"":53055,""449"":0,""636"":1662230,""1148"":87,""11"":8935106000,""14"":1160700155,""387"":""2b3430313537362e313333332d303038343539342e343136372b3030302e3132302f""}"
2026-07-18T00:05:47Z,862272088542776,Codec8E,2026-07-18 00:05:45.000 UTC,1784333145000,0,40.1565483,-8.4594366,122,180,10,86,0,"{""239"":1,""240"":1,""21"":5,""200"":0,""69"":1,""237"":2,""113"":100,""303"":1,""383"":3,""1149"":20,""181"":18,""182"":12,""66"":14889,""24"":86,""206"":48740,""67"":4123,""68"":0,""13"":401,""17"":-74,""18"":-82,""19"":44,""15"":1000,""241"":26806,""199"":11560,""16"":1363045,""12"":53055,""449"":0,""636"":893226,""1148"":69,""11"":8935106000,""14"":1160700155,""387"":""2b3430313536352e343833332d303038343539342e333636372b3030302e3132322f""}"
2026-07-18T00:05:50Z,862272088542776,Codec8E,2026-07-18 00:05:49.000 UTC,1784333149000,0,40.1556433,-8.4594416,123,180,7,88,0,"{""239"":1,""240"":1,""21"":5,""200"":0,""69"":1,""237"":2,""113"":100,""303"":1,""383"":3,""1149"":20,""181"":16,""182"":13,""66"":14854,""24"":88,""206"":48740,""67"":4123,""68"":0,""13"":401,""17"":-45,""18"":30,""19"":30,""15"":1000,""241"":26806,""199"":11661,""16"":1363146,""12"":53055,""449"":0,""636"":1418765,""1148"":69,""11"":8935106000,""14"":1160700155,""387"":""2b3430313535362e343333332d303038343539342e343136372b3030302e3132332f""}"
2026-07-18T00:05:53Z,862272088542776,Codec8E,2026-07-18 00:05:53.000 UTC,1784333153000,0,40.1547216,-8.4595266,126,186,9,89,0,"{""239"":1,""240"":1,""21"":5,""200"":0,""69"":1,""237"":2,""113"":100,""303"":1,""383"":3,""1149"":20,""181"":17,""182"":12,""66"":14901,""24"":89,""206"":48740,""67"":4123,""68"":0,""13"":401,""17"":-44,""18"":-52,""19"":94,""15"":1000,""241"":26806,""199"":11764,""16"":1363249,""12"":53055,""449"":0,""636"":1418765,""1148"":69,""11"":8935106000,""14"":1160700155,""387"":""2b3430313534372e323136372d303038343539352e323636372b3030302e3132362f""}"
2026-07-18T00:05:59Z,862272088542776,Codec8E,2026-07-18 00:05:58.000 UTC,1784333158000,0,40.1536533,-8.4598650,125,196,11,89,0,"{""239"":1,""240"":1,""21"":5,""200"":0,""69"":1,""237"":2,""113"":100,""303"":1,""383"":3,""1149"":20,""181"":12,""182"":9,""66"":14875,""24"":89,""206"":48740,""67"":4123,""68"":0,""13"":401,""17"":-29,""18"":-10,""19"":67,""15"":1000,""241"":26806,""199"":11886,""16"":1363371,""12"":53055,""449"":0,""636"":1418765,""1148"":69,""11"":8935106000,""14"":1160700155,""387"":""2b3430313533362e353333332d303038343539382e363530302b3030302e3132352f""}"
2026-07-18T00:06:05Z,862272088542776,Codec8E,2026-07-18 00:06:03.000 UTC,1784333163000,0,40.1526233,-8.4603783,125,200,10,89,0,"{""239"":1,""240"":1,""21"":5,""200"":0,""69"":1,""237"":2,""113"":100,""303"":1,""383"":3,""1149"":20,""181"":12,""182"":9,""66"":14906,""24"":89,""206"":48740,""67"":4123,""68"":0,""13"":401,""17"":28,""18"":-40,""19"":62,""15"":1000,""241"":26806,""199"":12008,""16"":1363493,""12"":53055,""449"":0,""636"":1418765,""1148"":69,""11"":8935106000,""14"":1160700155,""387"":""2b3430313532362e323333332d303038343630332e373833332b3030302e3132352f""}"
2026-07-18T00:06:09Z,862272088542776,Codec8E,2026-07-18 00:06:08.000 UTC,1784333168000,0,40.1516616,-8.4609383,125,203,9,85,0,"{""239"":1,""240"":1,""21"":5,""200"":0,""69"":1,""237"":2,""113"":100,""303"":1,""383"":3,""1149"":20,""181"":15,""182"":9,""66"":14882,""24"":85,""206"":48740,""67"":4123,""68"":0,""13"":401,""17"":61,""18"":-101,""19"":41,""15"":1000,""241"":26806,""199"":12125,""16"":1363610,""12"":53055,""449"":0,""636"":1418765,""1148"":69,""11"":8935106000,""14"":1160700155,""387"":""2b3430313531362e363136372d303038343630392e333833332b3030302e3132352f""}"
2026-07-18T00:06:15Z,862272088542776,Codec8E,2026-07-18 00:06:13.000 UTC,1784333173000,0,40.1507700,-8.4614583,122,203,11,79,0,"{""239"":1,""240"":1,""21"":5,""200"":0,""69"":1,""237"":2,""113"":100,""303"":1,""383"":3,""1149"":20,""181"":12,""182"":9,""66"":14888,""24"":79,""206"":48740,""67"":4123,""68"":0,""13"":401,""17"":36,""18"":-72,""19"":15,""15"":1000,""241"":26806,""199"":12234,""16"":1363719,""12"":53055,""449"":0,""636"":1418765,""1148"":69,""11"":8935106000,""14"":1160700155,""387"":""2b3430313530372e373030302d303038343631342e353833332b3030302e3132322f""}"
2026-07-18T00:06:18Z,862272088542776,Codec8E,2026-07-18 00:06:18.000 UTC,1784333178000,0,40.1499216,-8.4619599,119,206,10,74,0,"{""239"":1,""240"":1,""21"":4,""200"":0,""69"":1,""237"":2,""113"":100,""303"":1,""383"":3,""1149"":1,""181"":13,""182"":10,""66"":14902,""24"":74,""206"":48740,""67"":4123,""68"":0,""13"":401,""17"":-34,""18"":-82,""19"":68,""15"":1000,""241"":26806,""199"":12337,""16"":1363822,""12"":53055,""449"":0,""636"":1418765,""1148"":78,""11"":8935106000,""14"":1160700155,""387"":""2b3430313439392e323136372d303038343631392e363030302b3030302e3131392f""}"
2026-07-18T00:06:25Z,862272088542776,Codec8E,2026-07-18 00:06:23.000 UTC,1784333183000,0,40.1490633,-8.4624733,116,205,11,75,0,"{""239"":1,""240"":1,""21"":4,""200"":0,""69"":1,""237"":2,""113"":100,""303"":1,""383"":3,""1149"":1,""181"":14,""182"":10,""66"":14920,""24"":75,""206"":48740,""67"":4124,""68"":0,""13"":401,""17"":9,""18"":-25,""19"":22,""15"":1000,""241"":26806,""199"":12442,""16"":1363927,""12"":53055,""449"":0,""636"":1418765,""1148"":78,""11"":8935106000,""14"":1160700155,""387"":""2b3430313439302e363333332d303038343632342e373333332b3030302e3131362f""}"
2026-07-18T00:06:29Z,862272088542776,Codec8E,2026-07-18 00:06:28.000 UTC,1784333188000,0,40.1482116,-8.4629816,115,205,11,75,0,"{""239"":1,""240"":1,""21"":4,""200"":0,""69"":1,""237"":2,""113"":100,""303"":1,""383"":3,""1149"":1,""181"":14,""182"":9,""66"":14899,""24"":75,""206"":48740,""67"":4123,""68"":0,""13"":401,""17"":89,""18"":-108,""19"":123,""15"":1000,""241"":26806,""199"":12546,""16"":1364031,""12"":53055,""449"":0,""636"":1418765,""1148"":78,""11"":8935106000,""14"":1160700155,""387"":""2b3430313438322e313136372d303038343632392e383136372b3030302e3131352f""}"
2026-07-18T00:06:34Z,862272088542776,Codec8E,2026-07-18 00:06:33.000 UTC,1784333193000,0,40.1473850,-8.4635033,114,204,11,74,0,"{""239"":1,""240"":1,""21"":4,""200"":0,""69"":1,""237"":2,""113"":100,""303"":1,""383"":3,""1149"":1,""181"":14,""182"":9,""66"":14898,""24"":74,""206"":48740,""67"":4123,""68"":0,""13"":401,""17"":-65,""18"":-67,""19"":34,""15"":1000,""241"":26806,""199"":12648,""16"":1364133,""12"":53055,""449"":0,""636"":1418765,""1148"":78,""11"":8935106000,""14"":1160700155,""387"":""2b3430313437332e383530302d303038343633352e303333332b3030302e3131342f""}"
2026-07-18T00:06:39Z,862272088542776,Codec8E,2026-07-18 00:06:38.000 UTC,1784333198000,0,40.1465400,-8.4639899,114,205,11,73,0,"{""239"":1,""240"":1,""21"":4,""200"":0,""69"":1,""237"":2,""113"":100,""303"":1,""383"":3,""1149"":1,""181"":15,""182"":9,""66"":14909,""24"":73,""206"":48740,""67"":4123,""68"":0,""13"":401,""17"":-82,""18"":-79,""19"":41,""15"":1000,""241"":26806,""199"":12751,""16"":1364236,""12"":53055,""449"":0,""636"":1418765,""1148"":78,""11"":8935106000,""14"":1160700155,""387"":""2b3430313436352e343030302d303038343633392e393030302b3030302e3131342f""}"
2026-07-18T00:06:46Z,862272088542776,Codec8E,2026-07-18 00:06:43.000 UTC,1784333203000,0,40.1456866,-8.4644650,117,205,11,73,0,"{""239"":1,""240"":1,""21"":4,""200"":0,""69"":1,""237"":2,""113"":100,""303"":1,""383"":3,""1149"":1,""181"":12,""182"":9,""66"":14878,""24"":73,""206"":48740,""67"":4123,""68"":0,""13"":401,""17"":-73,""18"":-52,""19"":2,""15"":1000,""241"":26806,""199"":12854,""16"":1364339,""12"":53055,""449"":0,""636"":1418765,""1148"":78,""11"":8935106000,""14"":1160700155,""387"":""2b3430313435362e383636372d303038343634342e363530302b3030302e3131372f""}"
2026-07-18T00:06:48Z,862272088542776,Codec8E,2026-07-18 00:06:48.000 UTC,1784333208000,0,40.1448133,-8.4649500,119,202,12,75,0,"{""239"":1,""240"":1,""21"":4,""200"":0,""69"":1,""237"":2,""113"":100,""303"":1,""383"":3,""1149"":1,""181"":13,""182"":9,""66"":14900,""24"":75,""206"":48740,""67"":4123,""68"":0,""13"":401,""17"":-78,""18"":-78,""19"":1,""15"":1000,""241"":26806,""199"":12959,""16"":1364444,""12"":53055,""449"":0,""636"":1418795,""1148"":77,""11"":8935106000,""14"":1160700155,""387"":""2b3430313434382e313333332d303038343634392e353030302b3030302e3131392f""}"
2026-07-18T00:06:53Z,862272088542776,Codec8E,2026-07-18 00:06:53.000 UTC,1784333213000,0,40.1438883,-8.4654133,124,202,12,78,0,"{""239"":1,""240"":1,""21"":4,""200"":0,""69"":1,""237"":2,""113"":100,""303"":1,""383"":3,""1149"":1,""181"":12,""182"":9,""66"":14885,""24"":78,""206"":48740,""67"":4123,""68"":0,""13"":401,""17"":0,""18"":-87,""19"":50,""15"":1000,""241"":26806,""199"":13070,""16"":1364555,""12"":53055,""449"":0,""636"":1418795,""1148"":77,""11"":8935106000,""14"":1160700155,""387"":""2b3430313433382e383833332d303038343635342e313333332b3030302e3132342f""}"
2026-07-18T00:06:59Z,862272088542776,Codec8E,2026-07-18 00:06:58.000 UTC,1784333218000,0,40.1429733,-8.4658950,129,197,9,79,0,"{""239"":1,""240"":1,""21"":4,""200"":0,""69"":1,""237"":2,""113"":100,""303"":1,""383"":3,""1149"":1,""181"":18,""182"":12,""66"":14878,""24"":79,""206"":48740,""67"":4123,""68"":0,""13"":401,""17"":24,""18"":-81,""19"":45,""15"":1000,""241"":26806,""199"":13179,""16"":1364664,""12"":53055,""449"":0,""636"":1418795,""1148"":77,""11"":8935106000,""14"":1160700155,""387"":""2b3430313432392e373333332d303038343635382e393530302b3030302e3132392f""}"
2026-07-18T00:07:05Z,862272088542776,Codec8E,2026-07-18 00:07:03.000 UTC,1784333223000,0,40.1420700,-8.4663200,128,200,12,76,0,"{""239"":1,""240"":1,""21"":4,""200"":0,""69"":1,""237"":2,""113"":100,""303"":1,""383"":3,""1149"":1,""181"":13,""182"":9,""66"":14906,""24"":76,""206"":48740,""67"":4123,""68"":0,""13"":401,""17"":17,""18"":-69,""19"":63,""15"":1000,""241"":26806,""199"":13286,""16"":1364771,""12"":53055,""449"":0,""636"":1418795,""1148"":77,""11"":8935106000,""14"":1160700155,""387"":""2b3430313432302e373030302d303038343636332e323030302b3030302e3132382f""}"
2026-07-18T00:07:10Z,862272088542776,Codec8E,2026-07-18 00:07:09.000 UTC,1784333229000,0,40.1410683,-8.4668283,120,200,11,73,0,"{""239"":1,""240"":1,""21"":4,""200"":0,""69"":1,""237"":2,""113"":100,""303"":1,""383"":3,""1149"":1,""181"":12,""182"":9,""66"":14817,""24"":73,""206"":48740,""67"":4123,""68"":0,""13"":401,""17"":4,""18"":-43,""19"":73,""15"":1000,""241"":26806,""199"":13405,""16"":1364890,""12"":53055,""449"":0,""636"":1418795,""1148"":77,""11"":8935106000,""14"":1160700155,""387"":""2b3430313431302e363833332d303038343636382e323833332b3030302e3132302f""}"
2026-07-18T00:07:16Z,862272088542776,Codec8E,2026-07-18 00:07:14.000 UTC,1784333234000,0,40.1401716,-8.4673200,113,201,10,76,0,"{""239"":1,""240"":1,""21"":4,""200"":0,""69"":1,""237"":2,""113"":100,""303"":1,""383"":3,""1149"":1,""181"":15,""182"":9,""66"":14817,""24"":76,""206"":48740,""67"":4123,""68"":0,""13"":401,""17"":-17,""18"":-70,""19"":17,""15"":1000,""241"":26806,""199"":13513,""16"":1364998,""12"":53055,""449"":0,""636"":1418795,""1148"":83,""11"":8935106000,""14"":1160700155,""387"":""2b3430313430312e373136372d303038343637332e323030302b3030302e3131332f""}"
2026-07-18T00:07:19Z,862272088542776,Codec8E,2026-07-18 00:07:19.000 UTC,1784333239000,0,40.1392516,-8.4677849,108,198,12,77,0,"{""239"":1,""240"":1,""21"":4,""200"":0,""69"":1,""237"":2,""113"":100,""303"":1,""383"":3,""1149"":1,""181"":13,""182"":9,""66"":14852,""24"":77,""206"":48740,""67"":4124,""68"":0,""13"":401,""17"":-1,""18"":-94,""19"":263,""15"":1000,""241"":26806,""199"":13623,""16"":1365108,""12"":53055,""449"":0,""636"":1418804,""1148"":83,""11"":8935106000,""14"":1160700155,""387"":""2b3430313339322e353136372d303038343637372e383530302b3030302e3130382f""}"
2026-07-18T00:07:26Z,862272088542776,Codec8E,2026-07-18 00:07:24.000 UTC,1784333244000,0,40.1383550,-8.4681750,114,196,11,76,0,"{""239"":1,""240"":1,""21"":4,""200"":0,""69"":1,""237"":2,""113"":100,""303"":1,""383"":3,""1149"":1,""181"":12,""182"":9,""66"":14813,""24"":76,""206"":48740,""67"":4123,""68"":0,""13"":401,""17"":-28,""18"":-52,""19"":33,""15"":1000,""241"":26806,""199"":13728,""16"":1365213,""12"":53055,""449"":0,""636"":1418804,""1148"":83,""11"":8935106000,""14"":1160700155,""387"":""2b3430313338332e353530302d303038343638312e373530302b3030302e3131342f""}"
2026-07-18T00:07:30Z,862272088542776,Codec8E,2026-07-18 00:07:30.000 UTC,1784333250000,0,40.1373533,-8.4686766,118,201,10,73,0,"{""239"":1,""240"":1,""21"":4,""200"":0,""69"":1,""237"":2,""113"":100,""303"":1,""383"":3,""1149"":1,""181"":16,""182"":10,""66"":14890,""24"":73,""206"":48740,""67"":4123,""68"":0,""13"":401,""17"":-3,""18"":-95,""19"":80,""15"":1000,""241"":26806,""199"":13847,""16"":1365332,""12"":53055,""449"":0,""636"":1418764,""1148"":83,""11"":8935106000,""14"":1160700155,""387"":""2b3430313337332e353333332d303038343638362e373636372b3030302e3131382f""}"
2026-07-18T00:07:36Z,862272088542776,Codec8E,2026-07-18 00:07:36.000 UTC,1784333256000,0,40.1363599,-8.4691616,115,203,10,69,0,"{""239"":1,""240"":1,""21"":4,""200"":0,""69"":1,""237"":2,""113"":100,""303"":1,""383"":3,""1149"":1,""181"":13,""182"":10,""66"":14805,""24"":69,""206"":48740,""67"":4123,""68"":0,""13"":401,""17"":-16,""18"":11,""19"":75,""15"":1000,""241"":26806,""199"":13965,""16"":1365450,""12"":53055,""449"":0,""636"":1555723,""1148"":83,""11"":8935106000,""14"":1160700155,""387"":""2b3430313336332e363030302d303038343639312e363136372b3030302e3131352f""}"
2026-07-18T00:07:41Z,862272088542776,Codec8E,2026-07-18 00:07:40.000 UTC,1784333260000,0,40.1358016,-8.4695916,115,218,11,67,0,"{""239"":1,""240"":1,""21"":4,""200"":0,""69"":1,""237"":2,""113"":100,""303"":1,""383"":3,""1149"":1,""181"":15,""182"":10,""66"":14891,""24"":67,""206"":48740,""67"":4123,""68"":0,""13"":401,""17"":-8,""18"":103,""19"":104,""15"":1000,""241"":26806,""199"":14037,""16"":1365522,""12"":53055,""449"":0,""636"":1555723,""1148"":83,""11"":8935106000,""14"":1160700155,""387"":""2b3430313335382e303136372d303038343639352e393136372b3030302e3131352f""}"
2026-07-18T00:07:45Z,862272088542776,Codec8E,2026-07-18 00:07:43.000 UTC,1784333263000,0,40.1354400,-8.4700616,117,234,12,66,0,"{""239"":1,""240"":1,""21"":4,""200"":0,""69"":1,""237"":2,""113"":100,""303"":1,""383"":3,""1149"":1,""181"":12,""182"":9,""66"":14871,""24"":66,""206"":48740,""67"":4123,""68"":0,""13"":401,""17"":-69,""18"":31,""19"":83,""15"":1000,""241"":26806,""199"":14094,""16"":1365579,""12"":53055,""449"":0,""636"":1555723,""1148"":83,""11"":8935106000,""14"":1160700155,""387"":""2b3430313335342e343030302d303038343730302e363136372b3030302e3131372f""}"
2026-07-18T00:07:51Z,862272088542776,Codec8E,2026-07-18 00:07:49.000 UTC,1784333269000,0,40.1349450,-8.4712433,117,240,10,66,0,"{""239"":1,""240"":1,""21"":5,""200"":0,""69"":1,""237"":2,""113"":100,""303"":1,""383"":3,""1149"":1,""181"":13,""182"":10,""66"":14819,""24"":66,""206"":48740,""67"":4123,""68"":0,""13"":401,""17"":-6,""18"":-56,""19"":22,""15"":1000,""241"":26806,""199"":14209,""16"":1365694,""12"":53055,""449"":0,""636"":1555723,""1148"":73,""11"":8935106000,""14"":1160700155,""387"":""2b3430313334392e343530302d303038343731322e343333332b3030302e3131372f""}"
2026-07-18T00:07:56Z,862272088542776,Codec8E,2026-07-18 00:07:55.000 UTC,1784333275000,0,40.1344650,-8.4724133,117,237,11,66,0,"{""239"":1,""240"":1,""21"":5,""200"":0,""69"":1,""237"":2,""113"":100,""303"":1,""383"":3,""1149"":1,""181"":12,""182"":9,""66"":14863,""24"":66,""206"":48740,""67"":4123,""68"":0,""13"":401,""17"":24,""18"":-92,""19"":-6,""15"":1000,""241"":26806,""199"":14321,""16"":1365806,""12"":53055,""449"":0,""636"":1418794,""1148"":73,""11"":8935106000,""14"":1160700155,""387"":""2b3430313334342e363530302d303038343732342e313333332b3030302e3131372f""}"
2026-07-18T00:08:02Z,862272088542776,Codec8E,2026-07-18 00:08:01.000 UTC,1784333281000,0,40.1338650,-8.4734483,114,225,11,67,0,"{""239"":1,""240"":1,""21"":5,""200"":0,""69"":1,""237"":2,""113"":100,""303"":1,""383"":3,""1149"":1,""181"":12,""182"":10,""66"":14910,""24"":67,""206"":48740,""67"":4123,""68"":0,""13"":401,""17"":30,""18"":-52,""19"":111,""15"":1000,""241"":26806,""199"":14432,""16"":1365917,""12"":53055,""449"":0,""636"":1555723,""1148"":73,""11"":8935106000,""14"":1160700155,""387"":""2b3430313333382e363530302d303038343733342e343833332b3030302e3131342f""}"
2026-07-18T00:08:09Z,862272088542776,Codec8E,2026-07-18 00:08:07.000 UTC,1784333287000,0,40.1330450,-8.4742633,110,217,10,69,0,"{""239"":1,""240"":1,""21"":5,""200"":0,""69"":1,""237"":2,""113"":100,""303"":1,""383"":3,""1149"":1,""181"":15,""182"":12,""66"":14811,""24"":69,""206"":48740,""67"":4123,""68"":0,""13"":401,""17"":43,""18"":-73,""19"":10,""15"":1000,""241"":26806,""199"":14547,""16"":1366032,""12"":53055,""449"":0,""636"":1555723,""1148"":73,""11"":8935106000,""14"":1160700155,""387"":""2b3430313333302e343530302d303038343734322e363333332b3030302e3131302f""}"
2026-07-18T00:08:15Z,862272088542776,Codec8E,2026-07-18 00:08:13.000 UTC,1784333293000,0,40.1322866,-8.4750783,103,225,10,65,0,"{""239"":1,""240"":1,""21"":5,""200"":0,""69"":1,""237"":2,""113"":100,""303"":1,""383"":3,""1149"":1,""181"":14,""182"":11,""66"":14896,""24"":65,""206"":48740,""67"":4123,""68"":0,""13"":401,""17"":46,""18"":-8,""19"":46,""15"":1000,""241"":26806,""199"":14656,""16"":1366141,""12"":53055,""449"":0,""636"":1555723,""1148"":73,""11"":8935106000,""14"":1160700155,""387"":""2b3430313332322e383636372d303038343735302e373833332b3030302e3130332f""}"
2026-07-18T00:08:16Z,862272088542776,Codec8E,2026-07-18 00:08:15.000 UTC,1784333295000,0,40.1320866,-8.4753916,101,235,10,63,0,"{""239"":1,""240"":1,""21"":3,""200"":0,""69"":1,""237"":2,""113"":100,""303"":1,""383"":3,""1149"":1,""181"":14,""182"":11,""66"":14870,""24"":63,""206"":48740,""67"":4123,""68"":0,""13"":401,""17"":32,""18"":74,""19"":4,""15"":1000,""241"":26806,""199"":14691,""16"":1366176,""12"":53055,""449"":0,""636"":339467,""1148"":90,""11"":8935106000,""14"":1160700155,""387"":""2b3430313332302e383636372d303038343735332e393136372b3030302e3130312f""}"
2026-07-18T00:08:19Z,862272088542776,Codec8E,2026-07-18 00:08:18.000 UTC,1784333298000,0,40.1318733,-8.4759400,98,247,11,63,0,"{""239"":1,""240"":1,""21"":3,""200"":0,""69"":1,""237"":2,""113"":100,""303"":1,""383"":3,""1149"":1,""181"":13,""182"":11,""66"":14888,""24"":63,""206"":48740,""67"":4123,""68"":0,""13"":401,""17"":-46,""18"":-95,""19"":19,""15"":1000,""241"":26806,""199"":14743,""16"":1366228,""12"":53055,""449"":0,""636"":1555735,""1148"":90,""11"":8935106000,""14"":1160700155,""387"":""2b3430313331382e373333332d303038343735392e343030302b3030302e3039382f""}"
2026-07-18T00:08:26Z,862272088542776,Codec8E,2026-07-18 00:08:23.000 UTC,1784333303000,0,40.1314700,-8.4770000,91,244,11,72,0,"{""239"":1,""240"":1,""21"":3,""200"":0,""69"":1,""237"":2,""113"":100,""303"":1,""383"":3,""1149"":1,""181"":14,""182"":10,""66"":14858,""24"":72,""206"":48740,""67"":4123,""68"":0,""13"":401,""17"":-78,""18"":-13,""19"":41,""15"":1000,""241"":26806,""199"":14844,""16"":1366329,""12"":53055,""449"":0,""636"":1555735,""1148"":90,""11"":8935106000,""14"":1160700155,""387"":""2b3430313331342e373030302d303038343737302e303030302b3030302e3039312f""}"
2026-07-18T00:08:29Z,862272088542776,Codec8E,2026-07-18 00:08:28.000 UTC,1784333308000,0,40.1310150,-8.4782666,85,242,9,83,0,"{""239"":1,""240"":1,""21"":3,""200"":0,""69"":1,""237"":2,""113"":100,""303"":1,""383"":3,""1149"":1,""181"":16,""182"":13,""66"":14896,""24"":83,""206"":48740,""67"":4124,""68"":0,""13"":401,""17"":50,""18"":-30,""19"":158,""15"":1000,""241"":26806,""199"":14963,""16"":1366448,""12"":53055,""449"":0,""636"":1555723,""1148"":90,""11"":8935106000,""14"":1160700155,""387"":""2b3430313331302e313530302d303038343738322e363636372b3030302e3038352f""}"
2026-07-18T00:08:34Z,862272088542776,Codec8E,2026-07-18 00:08:33.000 UTC,1784333313000,0,40.1304983,-8.4795383,80,239,10,86,0,"{""239"":1,""240"":1,""21"":3,""200"":0,""69"":1,""237"":2,""113"":100,""303"":1,""383"":3,""1149"":1,""181"":14,""182"":11,""66"":14846,""24"":86,""206"":48740,""67"":4123,""68"":0,""13"":401,""17"":1,""18"":-143,""19"":-20,""15"":1000,""241"":26806,""199"":15085,""16"":1366570,""12"":53055,""449"":0,""636"":1555723,""1148"":90,""11"":8935106000,""14"":1160700155,""387"":""2b3430313330342e393833332d303038343739352e333833332b3030302e3038302f""}"
2026-07-18T00:08:39Z,862272088542776,Codec8E,2026-07-18 00:08:38.000 UTC,1784333318000,0,40.1299350,-8.4807516,77,242,10,86,0,"{""239"":1,""240"":1,""21"":3,""200"":0,""69"":1,""237"":2,""113"":100,""303"":1,""383"":3,""1149"":1,""181"":15,""182"":10,""66"":14846,""24"":86,""206"":48740,""67"":4123,""68"":0,""13"":401,""17"":-46,""18"":-34,""19"":22,""15"":1000,""241"":26806,""199"":15206,""16"":1366691,""12"":53055,""449"":0,""636"":1555723,""1148"":90,""11"":8935106000,""14"":1160700155,""387"":""2b3430313239392e333530302d303038343830372e353136372b3030302e3037372f""}"
2026-07-18T00:08:45Z,862272088542776,Codec8E,2026-07-18 00:08:43.000 UTC,1784333323000,0,40.1293483,-8.4819816,75,237,10,87,0,"{""239"":1,""240"":1,""21"":3,""200"":0,""69"":1,""237"":2,""113"":100,""303"":1,""383"":3,""1149"":1,""181"":13,""182"":10,""66"":14860,""24"":87,""206"":48740,""67"":4123,""68"":0,""13"":401,""17"":-64,""18"":-15,""19"":45,""15"":1000,""241"":26806,""199"":15329,""16"":1366814,""12"":53055,""449"":0,""636"":1555723,""1148"":90,""11"":8935106000,""14"":1160700155,""387"":""2b3430313239332e343833332d303038343831392e383136372b3030302e3037352f""}"
2026-07-18T00:08:49Z,862272088542776,Codec8E,2026-07-18 00:08:47.000 UTC,1784333327000,0,40.1288733,-8.4830066,75,236,11,90,0,"{""239"":1,""240"":1,""21"":3,""200"":0,""69"":1,""237"":2,""113"":100,""303"":1,""383"":3,""1149"":1,""181"":13,""182"":10,""66"":14837,""24"":90,""206"":48740,""67"":4123,""68"":0,""13"":401,""17"":-81,""18"":-67,""19"":97,""15"":1000,""241"":26806,""199"":15431,""16"":1366916,""12"":53055,""449"":0,""636"":1986346,""1148"":86,""11"":8935106000,""14"":1160700155,""387"":""2b3430313238382e373333332d303038343833302e303636372b3030302e3037352f""}"
2026-07-18T00:08:52Z,862272088542776,Codec8E,2026-07-18 00:08:51.000 UTC,1784333331000,0,40.1283816,-8.4839950,75,239,10,90,0,"{""239"":1,""240"":1,""21"":3,""200"":0,""69"":1,""237"":2,""113"":100,""303"":1,""383"":3,""1149"":1,""181"":14,""182"":10,""66"":14858,""24"":90,""206"":48740,""67"":4123,""68"":0,""13"":401,""17"":-57,""18"":-7,""19"":71,""15"":1000,""241"":26806,""199"":15531,""16"":1367016,""12"":53055,""449"":0,""636"":1986346,""1148"":86,""11"":8935106000,""14"":1160700155,""387"":""2b3430313238332e383136372d303038343833392e393530302b3030302e3037352f""}"
2026-07-18T00:08:57Z,862272088542776,Codec8E,2026-07-18 00:08:56.000 UTC,1784333336000,0,40.1277949,-8.4852150,76,236,10,88,0,"{""239"":1,""240"":1,""21"":3,""200"":0,""69"":1,""237"":2,""113"":100,""303"":1,""383"":3,""1149"":1,""181"":13,""182"":10,""66"":14828,""24"":88,""206"":48740,""67"":4123,""68"":0,""13"":401,""17"":-65,""18"":-86,""19"":79,""15"":1000,""241"":26806,""199"":15653,""16"":1367138,""12"":53055,""449"":0,""636"":1555725,""1148"":86,""11"":8935106000,""14"":1160700155,""387"":""2b3430313237372e393530302d303038343835322e313530302b3030302e3037362f""}"
2026-07-18T00:09:02Z,862272088542776,Codec8E,2026-07-18 00:09:01.000 UTC,1784333341000,0,40.1272050,-8.4864450,79,235,10,89,0,"{""239"":1,""240"":1,""21"":3,""200"":0,""69"":1,""237"":2,""113"":100,""303"":1,""383"":3,""1149"":1,""181"":12,""182"":10,""66"":14815,""24"":89,""206"":48740,""67"":4123,""68"":0,""13"":401,""17"":-3,""18"":-67,""19"":42,""15"":1000,""241"":26806,""199"":15777,""16"":1367262,""12"":53055,""449"":0,""636"":1555725,""1148"":86,""11"":8935106000,""14"":1160700155,""387"":""2b3430313237322e303530302d303038343836342e343530302b3030302e3037392f""}"
2026-07-18T00:09:08Z,862272088542776,Codec8E,2026-07-18 00:09:06.000 UTC,1784333346000,0,40.1266066,-8.4876633,78,236,11,88,0,"{""239"":1,""240"":1,""21"":3,""200"":0,""69"":1,""237"":2,""113"":100,""303"":1,""383"":3,""1149"":1,""181"":12,""182"":9,""66"":14905,""24"":88,""206"":48740,""67"":4123,""68"":0,""13"":401,""17"":44,""18"":-97,""19"":7,""15"":1000,""241"":26806,""199"":15900,""16"":1367385,""12"":53055,""449"":0,""636"":1986346,""1148"":86,""11"":8935106000,""14"":1160700155,""387"":""2b3430313236362e303636372d303038343837362e363333332b3030302e3037382f""}"
2026-07-18T00:09:12Z,862272088542776,Codec8E,2026-07-18 00:09:11.000 UTC,1784333351000,0,40.1259966,-8.4888616,74,236,11,88,0,"{""239"":1,""240"":1,""21"":3,""200"":0,""69"":1,""237"":2,""113"":100,""303"":1,""383"":3,""1149"":1,""181"":12,""182"":9,""66"":14913,""24"":88,""206"":48740,""67"":4124,""68"":0,""13"":401,""17"":12,""18"":-32,""19"":80,""15"":1000,""241"":26806,""199"":16022,""16"":1367507,""12"":53055,""449"":0,""636"":1986346,""1148"":86,""11"":8935106000,""14"":1160700155,""387"":""2b3430313235392e393636372d303038343838382e363136372b3030302e3037342f""}"
2026-07-18T00:09:17Z,862272088542776,Codec8E,2026-07-18 00:09:16.000 UTC,1784333356000,0,40.1253783,-8.4900416,69,235,11,88,0,"{""239"":1,""240"":1,""21"":5,""200"":0,""69"":1,""237"":2,""113"":100,""303"":1,""383"":3,""1149"":20,""181"":12,""182"":9,""66"":14859,""24"":88,""206"":48740,""67"":4123,""68"":0,""13"":401,""17"":14,""18"":-31,""19"":55,""15"":1000,""241"":26806,""199"":16144,""16"":1367629,""12"":53055,""449"":0,""636"":1986346,""1148"":61,""11"":8935106000,""14"":1160700155,""387"":""2b3430313235332e373833332d303038343930302e343136372b3030302e3036392f""}"
2026-07-18T00:09:25Z,862272088542776,Codec8E,2026-07-18 00:09:21.000 UTC,1784333361000,0,40.1247933,-8.4912366,65,237,11,87,0,"{""239"":1,""240"":1,""21"":5,""200"":0,""69"":1,""237"":2,""113"":100,""303"":1,""383"":3,""1149"":20,""181"":12,""182"":9,""66"":14867,""24"":87,""206"":48740,""67"":4123,""68"":0,""13"":401,""17"":0,""18"":-40,""19"":122,""15"":1000,""241"":26806,""199"":16264,""16"":1367749,""12"":53055,""449"":0,""636"":1555725,""1148"":61,""11"":8935106000,""14"":1160700155,""387"":""2b3430313234372e393333332d303038343931322e333636372b3030302e3036352f""}"
2026-07-18T00:09:27Z,862272088542776,Codec8E,2026-07-18 00:09:26.000 UTC,1784333366000,0,40.1242283,-8.4924466,62,237,11,87,0,"{""239"":1,""240"":1,""21"":5,""200"":0,""69"":1,""237"":2,""113"":100,""303"":1,""383"":3,""1149"":20,""181"":12,""182"":9,""66"":14892,""24"":87,""206"":48740,""67"":4124,""68"":0,""13"":401,""17"":-28,""18"":-51,""19"":106,""15"":1000,""241"":26806,""199"":16385,""16"":1367870,""12"":53055,""449"":0,""636"":1555765,""1148"":61,""11"":8935106000,""14"":1160700155,""387"":""2b3430313234322e323833332d303038343932342e343636372b3030302e3036322f""}"
2026-07-18T00:09:31Z,862272088542776,Codec8E,2026-07-18 00:09:31.000 UTC,1784333371000,0,40.1236550,-8.4936899,59,239,11,88,0,"{""239"":1,""240"":1,""21"":5,""200"":0,""69"":1,""237"":2,""113"":100,""303"":1,""383"":3,""1149"":20,""181"":12,""182"":9,""66"":14851,""24"":88,""206"":48740,""67"":4123,""68"":0,""13"":401,""17"":-64,""18"":-73,""19"":110,""15"":1000,""241"":26806,""199"":16508,""16"":1367993,""12"":53055,""449"":0,""636"":1555765,""1148"":61,""11"":8935106000,""14"":1160700155,""387"":""2b3430313233362e353530302d303038343933362e393030302b3030302e3035392f""}"
2026-07-18T00:09:38Z,862272088542776,Codec8E,2026-07-18 00:09:36.000 UTC,1784333376000,0,40.1230999,-8.4949133,56,238,10,87,0,"{""239"":1,""240"":1,""21"":5,""200"":0,""69"":1,""237"":2,""113"":100,""303"":1,""383"":3,""1149"":20,""181"":12,""182"":10,""66"":14806,""24"":87,""206"":48740,""67"":4123,""68"":0,""13"":401,""17"":-72,""18"":-77,""19"":8,""15"":1000,""241"":26806,""199"":16629,""16"":1368114,""12"":53055,""449"":0,""636"":1555765,""1148"":61,""11"":8935106000,""14"":1160700155,""387"":""2b3430313233312e303030302d303038343934392e313333332b3030302e3035362f""}"
2026-07-18T00:09:44Z,862272088542776,Codec8E,2026-07-18 00:09:41.000 UTC,1784333381000,0,40.1225216,-8.4961283,56,238,9,87,0,"{""239"":1,""240"":1,""21"":5,""200"":0,""69"":1,""237"":2,""113"":100,""303"":1,""383"":3,""1149"":20,""181"":13,""182"":10,""66"":14862,""24"":87,""206"":48740,""67"":4123,""68"":0,""13"":401,""17"":39,""18"":-140,""19"":138,""15"":1000,""241"":26806,""199"":16751,""16"":1368236,""12"":53055,""449"":0,""636"":1555725,""1148"":61,""11"":8935106000,""14"":1160700155,""387"":""2b3430313232352e323136372d303038343936312e323833332b3030302e3035362f""}"
2026-07-18T00:09:46Z,862272088542776,Codec8E,2026-07-18 00:09:46.000 UTC,1784333386000,0,40.1219216,-8.4972283,59,231,11,85,0,"{""239"":1,""240"":1,""21"":3,""200"":0,""69"":1,""237"":2,""113"":100,""303"":1,""383"":3,""1149"":1,""181"":12,""182"":9,""66"":14852,""24"":85,""206"":48740,""67"":4123,""68"":0,""13"":401,""17"":23,""18"":-96,""19"":126,""15"":1000,""241"":26806,""199"":16866,""16"":1368351,""12"":53055,""449"":0,""636"":1555765,""1148"":91,""11"":8935106000,""14"":1160700155,""387"":""2b3430313231392e323136372d303038343937322e323833332b3030302e3035392f""}"
2026-07-18T00:09:51Z,862272088542776,Codec8E,2026-07-18 00:09:51.000 UTC,1784333391000,0,40.1213383,-8.4980983,61,228,12,74,0,"{""239"":1,""240"":1,""21"":3,""200"":0,""69"":1,""237"":2,""113"":100,""303"":1,""383"":3,""1149"":1,""181"":12,""182"":9,""66"":14837,""24"":74,""206"":48740,""67"":4123,""68"":0,""13"":401,""17"":59,""18"":-69,""19"":42,""15"":1000,""241"":26806,""199"":16964,""16"":1368449,""12"":53055,""449"":0,""636"":1555765,""1148"":91,""11"":8935106000,""14"":1160700155,""387"":""2b3430313231332e333833332d303038343938302e393833332b3030302e3036312f""}"
2026-07-18T00:09:55Z,862272088542776,Codec8E,2026-07-18 00:09:55.000 UTC,1784333395000,0,40.1210016,-8.4985950,61,228,12,61,0,"{""239"":1,""240"":1,""21"":3,""200"":0,""69"":1,""237"":2,""113"":100,""303"":1,""383"":3,""1149"":1,""181"":15,""182"":9,""66"":14865,""24"":61,""206"":48740,""67"":4123,""68"":0,""13"":401,""17"":54,""18"":-78,""19"":32,""15"":1000,""241"":26806,""199"":17020,""16"":1368505,""12"":53055,""449"":0,""636"":1555765,""1148"":91,""11"":8935106000,""14"":1160700155,""387"":""2b3430313231302e303136372d303038343938352e393530302b3030302e3036312f""}"
2026-07-18T00:09:59Z,862272088542776,Codec8E,2026-07-18 00:09:59.000 UTC,1784333399000,0,40.1207333,-8.4989566,64,221,12,49,0,"{""239"":1,""240"":1,""21"":3,""200"":0,""69"":1,""237"":2,""113"":100,""303"":1,""383"":3,""1149"":1,""181"":12,""182"":9,""66"":14880,""24"":49,""206"":48740,""67"":4123,""68"":0,""13"":401,""17"":143,""18"":4,""19"":29,""15"":1000,""241"":26806,""199"":17063,""16"":1368548,""12"":53055,""449"":0,""636"":1555765,""1148"":91,""11"":8935106000,""14"":1160700155,""387"":""2b3430313230372e333333332d303038343938392e353636372b3030302e3036342f""}"
2026-07-18T00:10:02Z,862272088542776,Codec8E,2026-07-18 00:10:02.000 UTC,1784333402000,0,40.1205633,-8.4992233,64,231,12,38,0,"{""239"":1,""240"":1,""21"":3,""200"":0,""69"":1,""237"":2,""113"":100,""303"":1,""383"":3,""1149"":1,""181"":12,""182"":9,""66"":14890,""24"":38,""206"":48740,""67"":4123,""68"":0,""13"":401,""17"":4,""18"":34,""19"":61,""15"":1000,""241"":26806,""199"":17093,""16"":1368578,""12"":53055,""449"":0,""636"":1418804,""1148"":91,""11"":8935106000,""14"":1160700155,""387"":""2b3430313230352e363333332d303038343939322e323333332b3030302e3036342f""}"
2026-07-18T00:10:07Z,862272088542776,Codec8E,2026-07-18 00:10:07.000 UTC,1784333407000,0,40.1203100,-8.4995950,66,218,12,33,0,"{""239"":1,""240"":1,""21"":3,""200"":0,""69"":1,""237"":2,""113"":100,""303"":1,""383"":3,""1149"":1,""181"":16,""182"":9,""66"":14869,""24"":33,""206"":48740,""67"":4123,""68"":0,""13"":401,""17"":-98,""18"":-56,""19"":66,""15"":1000,""241"":26806,""199"":17136,""16"":1368621,""12"":53055,""449"":0,""636"":339507,""1148"":91,""11"":8935106000,""14"":1160700155,""387"":""2b3430313230332e313030302d303038343939352e393530302b3030302e3036362f""}"
2026-07-18T00:10:13Z,862272088542776,Codec8E,2026-07-18 00:10:13.000 UTC,1784333413000,0,40.1197133,-8.5001000,65,213,12,45,0,"{""239"":1,""240"":1,""21"":3,""200"":0,""69"":1,""237"":2,""113"":100,""303"":1,""383"":3,""1149"":1,""181"":12,""182"":9,""66"":14849,""24"":45,""206"":48740,""67"":4123,""68"":0,""13"":401,""17"":-56,""18"":-12,""19"":112,""15"":1000,""241"":26806,""199"":17215,""16"":1368700,""12"":53055,""449"":0,""636"":339507,""1148"":91,""11"":8935106000,""14"":1160700155,""387"":""2b3430313139372e313333332d303038353030312e303030302b3030302e3036352f""}"
2026-07-18T00:10:20Z,862272088542776,Codec8E,2026-07-18 00:10:20.000 UTC,1784333420000,0,40.1189733,-8.5008333,61,213,12,52,0,"{""239"":1,""240"":1,""21"":4,""200"":0,""69"":1,""237"":2,""113"":100,""303"":1,""383"":3,""1149"":1,""181"":12,""182"":9,""66"":14874,""24"":52,""206"":48740,""67"":4123,""68"":0,""13"":401,""17"":-11,""18"":-100,""19"":106,""15"":1000,""241"":26806,""199"":17318,""16"":1368803,""12"":53055,""449"":0,""636"":339507,""1148"":82,""11"":8935106000,""14"":1160700155,""387"":""2b3430313138392e373333332d303038353030382e333333332b3030302e3036312f""}"
2026-07-18T00:10:28Z,862272088542776,Codec8E,2026-07-18 00:10:27.000 UTC,1784333427000,0,40.1181666,-8.5014833,61,208,12,55,0,"{""239"":1,""240"":1,""21"":4,""200"":0,""69"":1,""237"":2,""113"":100,""303"":1,""383"":3,""1149"":1,""181"":12,""182"":9,""66"":14901,""24"":55,""206"":48740,""67"":4123,""68"":0,""13"":401,""17"":-14,""18"":-61,""19"":103,""15"":1000,""241"":26806,""199"":17424,""16"":1368909,""12"":53055,""449"":0,""636"":339507,""1148"":82,""11"":8935106000,""14"":1160700155,""387"":""2b3430313138312e363636372d303038353031342e383333332b3030302e3036312f""}"
2026-07-18T00:10:34Z,862272088542776,Codec8E,2026-07-18 00:10:34.000 UTC,1784333434000,0,40.1172633,-8.5020483,63,206,11,54,0,"{""239"":1,""240"":1,""21"":4,""200"":0,""69"":1,""237"":2,""113"":100,""303"":1,""383"":3,""1149"":1,""181"":12,""182"":9,""66"":14893,""24"":54,""206"":48740,""67"":4123,""68"":0,""13"":401,""17"":-51,""18"":-69,""19"":70,""15"":1000,""241"":26806,""199"":17535,""16"":1369020,""12"":53055,""449"":0,""636"":339507,""1148"":82,""11"":8935106000,""14"":1160700155,""387"":""2b3430313137322e363333332d303038353032302e343833332b3030302e3036332f""}"
2026-07-18T00:10:41Z,862272088542776,Codec8E,2026-07-18 00:10:41.000 UTC,1784333441000,0,40.1163850,-8.5025099,63,198,11,52,0,"{""239"":1,""240"":1,""21"":4,""200"":0,""69"":1,""237"":2,""113"":100,""303"":1,""383"":3,""1149"":1,""181"":15,""182"":9,""66"":14886,""24"":52,""206"":48740,""67"":4123,""68"":0,""13"":401,""17"":-44,""18"":-105,""19"":73,""15"":1000,""241"":26806,""199"":17641,""16"":1369126,""12"":53055,""449"":0,""636"":339507,""1148"":82,""11"":8935106000,""14"":1160700155,""387"":""2b3430313136332e383530302d303038353032352e313030302b3030302e3036332f""}"
2026-07-18T00:10:49Z,862272088542776,Codec8E,2026-07-18 00:10:48.000 UTC,1784333448000,0,40.1154800,-8.5028483,64,196,12,53,0,"{""239"":1,""240"":1,""21"":3,""200"":0,""69"":1,""237"":2,""113"":100,""303"":1,""383"":3,""1149"":1,""181"":11,""182"":8,""66"":14854,""24"":53,""206"":48740,""67"":4123,""68"":0,""13"":401,""17"":-74,""18"":-91,""19"":55,""15"":1000,""241"":26806,""199"":17745,""16"":1369230,""12"":53055,""449"":0,""636"":1515562,""1148"":87,""11"":8935106000,""14"":1160700155,""387"":""2b3430313135342e383030302d303038353032382e343833332b3030302e3036342f""}"
2026-07-18T00:10:55Z,862272088542776,Codec8E,2026-07-18 00:10:55.000 UTC,1784333455000,0,40.1145500,-8.5031466,66,195,11,54,0,"{""239"":1,""240"":1,""21"":3,""200"":0,""69"":1,""237"":2,""113"":100,""303"":1,""383"":3,""1149"":1,""181"":13,""182"":8,""66"":14869,""24"":54,""206"":48740,""67"":4123,""68"":0,""13"":401,""17"":-55,""18"":-66,""19"":36,""15"":1000,""241"":26806,""199"":17852,""16"":1369337,""12"":53055,""449"":0,""636"":339497,""1148"":87,""11"":8935106000,""14"":1160700155,""387"":""2b3430313134352e353030302d303038353033312e343636372b3030302e3036362f""}"
2026-07-18T00:11:03Z,862272088542776,Codec8E,2026-07-18 00:11:02.000 UTC,1784333462000,0,40.1135666,-8.5033733,68,186,13,57,0,"{""239"":1,""240"":1,""21"":3,""200"":0,""69"":1,""237"":2,""113"":100,""303"":1,""383"":3,""1149"":1,""181"":11,""182"":8,""66"":14901,""24"":57,""206"":48740,""67"":4123,""68"":0,""13"":401,""17"":-84,""18"":-70,""19"":106,""15"":1000,""241"":26806,""199"":17963,""16"":1369448,""12"":53055,""449"":0,""636"":339497,""1148"":87,""11"":8935106000,""14"":1160700155,""387"":""2b3430313133352e363636372d303038353033332e373333332b3030302e3036382f""}"
2026-07-18T00:11:10Z,862272088542776,Codec8E,2026-07-18 00:11:09.000 UTC,1784333469000,0,40.1125666,-8.5035033,75,184,12,57,0,"{""239"":1,""240"":1,""21"":3,""200"":0,""69"":1,""237"":2,""113"":100,""303"":1,""383"":3,""1149"":1,""181"":11,""182"":8,""66"":14867,""24"":57,""206"":48740,""67"":4123,""68"":0,""13"":401,""17"":-54,""18"":-93,""19"":74,""15"":1000,""241"":26806,""199"":18075,""16"":1369560,""12"":53055,""449"":0,""636"":339469,""1148"":87,""11"":8935106000,""14"":1160700155,""387"":""2b3430313132352e363636372d303038353033352e303333332b3030302e3037352f""}"
2026-07-18T00:11:16Z,862272088542776,Codec8E,2026-07-18 00:11:16.000 UTC,1784333476000,0,40.1116183,-8.5035000,71,177,12,58,0,"{""239"":1,""240"":1,""21"":4,""200"":0,""69"":1,""237"":2,""113"":100,""303"":1,""383"":3,""1149"":1,""181"":14,""182"":8,""66"":14902,""24"":58,""206"":48740,""67"":4123,""68"":0,""13"":401,""17"":-17,""18"":-67,""19"":110,""15"":1000,""241"":26806,""199"":18181,""16"":1369666,""12"":53055,""449"":0,""636"":1515562,""1148"":78,""11"":8935106000,""14"":1160700155,""387"":""2b3430313131362e313833332d303038353033352e303030302b3030302e3037312f""}"
2026-07-18T00:11:23Z,862272088542776,Codec8E,2026-07-18 00:11:23.000 UTC,1784333483000,0,40.1106033,-8.5034283,72,171,13,56,0,"{""239"":1,""240"":1,""21"":4,""200"":0,""69"":1,""237"":2,""113"":100,""303"":1,""383"":3,""1149"":1,""181"":11,""182"":8,""66"":14897,""24"":56,""206"":48740,""67"":4123,""68"":0,""13"":401,""17"":-34,""18"":-86,""19"":29,""15"":1000,""241"":26806,""199"":18294,""16"":1369779,""12"":53055,""449"":0,""636"":1515562,""1148"":78,""11"":8935106000,""14"":1160700155,""387"":""2b3430313130362e303333332d303038353033342e323833332b3030302e3037322f""}"
2026-07-18T00:11:30Z,862272088542776,Codec8E,2026-07-18 00:11:30.000 UTC,1784333490000,0,40.1096983,-8.5033350,82,172,12,48,0,"{""239"":1,""240"":1,""21"":4,""200"":0,""69"":1,""237"":2,""113"":100,""303"":1,""383"":3,""1149"":1,""181"":11,""182"":8,""66"":14833,""24"":48,""206"":48740,""67"":4123,""68"":0,""13"":401,""17"":12,""18"":-99,""19"":6,""15"":1000,""241"":26806,""199"":18395,""16"":1369880,""12"":53055,""449"":0,""636"":1515562,""1148"":78,""11"":8935106000,""14"":1160700155,""387"":""2b3430313039362e393833332d303038353033332e333530302b3030302e3038322f""}"
2026-07-18T00:11:35Z,862272088542776,Codec8E,2026-07-18 00:11:34.000 UTC,1784333494000,0,40.1093200,-8.5032183,85,186,13,40,0,"{""239"":1,""240"":1,""21"":4,""200"":0,""69"":1,""237"":2,""113"":100,""303"":1,""383"":3,""1149"":1,""181"":11,""182"":8,""66"":14893,""24"":40,""206"":48740,""67"":4123,""68"":0,""13"":401,""17"":-34,""18"":198,""19"":-22,""15"":1000,""241"":26806,""199"":18438,""16"":1369923,""12"":53055,""449"":0,""636"":1515562,""1148"":78,""11"":8935106000,""14"":1160700155,""387"":""2b3430313039332e323030302d303038353033322e313833332b3030302e3038352f""}"
2026-07-18T00:11:35Z,862272088542776,Codec8E,2026-07-18 00:11:35.000 UTC,1784333495000,0,40.1092650,-8.5032783,89,197,13,39,0,"{""239"":1,""240"":1,""21"":4,""200"":0,""69"":1,""237"":2,""113"":100,""303"":1,""383"":3,""1149"":1,""181"":11,""182"":7,""66"":14815,""24"":39,""206"":48740,""67"":4123,""68"":0,""13"":401,""17"":-89,""18"":246,""19"":36,""15"":1000,""241"":26806,""199"":18446,""16"":1369931,""12"":53055,""449"":0,""636"":1515562,""1148"":78,""11"":8935106000,""14"":1160700155,""387"":""2b3430313039322e363530302d303038353033322e373833332b3030302e3038392f""}"
2026-07-18T00:11:36Z,862272088542776,Codec8E,2026-07-18 00:11:36.000 UTC,1784333496000,0,40.1092066,-8.5033716,89,211,13,38,0,"{""239"":1,""240"":1,""21"":4,""200"":0,""69"":1,""237"":2,""113"":100,""303"":1,""383"":3,""1149"":1,""181"":11,""182"":7,""66"":14869,""24"":38,""206"":48740,""67"":4123,""68"":0,""13"":401,""17"":-79,""18"":130,""19"":154,""15"":1000,""241"":26806,""199"":18456,""16"":1369941,""12"":53055,""449"":0,""636"":1515562,""1148"":78,""11"":8935106000,""14"":1160700155,""387"":""2b3430313039322e303636372d303038353033332e373136372b3030302e3038392f""}"
2026-07-18T00:11:38Z,862272088542776,Codec8E,2026-07-18 00:11:38.000 UTC,1784333498000,0,40.1091066,-8.5035399,89,222,13,35,0,"{""239"":1,""240"":1,""21"":4,""200"":0,""69"":1,""237"":2,""113"":100,""303"":1,""383"":3,""1149"":1,""181"":11,""182"":7,""66"":14884,""24"":35,""206"":48740,""67"":4123,""68"":0,""13"":401,""17"":-97,""18"":8,""19"":291,""15"":1000,""241"":26806,""199"":18475,""16"":1369960,""12"":53055,""449"":0,""636"":1515562,""1148"":78,""11"":8935106000,""14"":1160700155,""387"":""2b3430313039312e303636372d303038353033352e343030302b3030302e3038392f""}"
2026-07-18T00:11:40Z,862272088542776,Codec8E,2026-07-18 00:11:40.000 UTC,1784333500000,0,40.1090433,-8.5037466,92,241,12,33,0,"{""239"":1,""240"":1,""21"":4,""200"":0,""69"":1,""237"":2,""113"":100,""303"":1,""383"":3,""1149"":1,""181"":11,""182"":8,""66"":14868,""24"":33,""206"":48740,""67"":4123,""68"":0,""13"":401,""17"":-177,""18"":-21,""19"":21,""15"":1000,""241"":26806,""199"":18494,""16"":1369979,""12"":53055,""449"":0,""636"":1515562,""1148"":78,""11"":8935106000,""14"":1160700155,""387"":""2b3430313039302e343333332d303038353033372e343636372b3030302e3039322f""}"
2026-07-18T00:11:41Z,862272088542776,Codec8E,2026-07-18 00:11:41.000 UTC,1784333501000,0,40.1090350,-8.5038816,92,252,13,34,0,"{""239"":1,""240"":1,""21"":4,""200"":0,""69"":1,""237"":2,""113"":100,""303"":1,""383"":3,""1149"":1,""181"":11,""182"":8,""66"":14887,""24"":34,""206"":48740,""67"":4123,""68"":0,""13"":401,""17"":-120,""18"":-72,""19"":4,""15"":1000,""241"":26806,""199"":18505,""16"":1369990,""12"":53055,""449"":0,""636"":1515562,""1148"":78,""11"":8935106000,""14"":1160700155,""387"":""2b3430313039302e333530302d303038353033382e383136372b3030302e3039322f""}"
2026-07-18T00:11:46Z,862272088542776,Codec8E,2026-07-18 00:11:45.000 UTC,1784333505000,0,40.1089600,-8.5044183,90,262,11,36,0,"{""239"":1,""240"":1,""21"":4,""200"":0,""69"":1,""237"":2,""113"":100,""303"":1,""383"":3,""1149"":1,""181"":11,""182"":8,""66"":14869,""24"":36,""206"":48740,""67"":4123,""68"":0,""13"":401,""17"":-47,""18"":170,""19"":-57,""15"":1000,""241"":26806,""199"":18552,""16"":1370037,""12"":53055,""449"":0,""636"":1515562,""1148"":83,""11"":8935106000,""14"":1160700155,""387"":""2b3430313038392e363030302d303038353034342e313833332b3030302e3039302f""}"
2026-07-18T00:11:49Z,862272088542776,Codec8E,2026-07-18 00:11:47.000 UTC,1784333507000,0,40.1089866,-8.5046516,90,273,13,35,0,"{""239"":1,""240"":1,""21"":4,""200"":0,""69"":1,""237"":2,""113"":100,""303"":1,""383"":3,""1149"":1,""181"":11,""182"":8,""66"":14849,""24"":35,""206"":48740,""67"":4123,""68"":0,""13"":401,""17"":8,""18"":208,""19"":72,""15"":1000,""241"":26806,""199"":18572,""16"":1370057,""12"":53055,""449"":0,""636"":1515562,""1148"":83,""11"":8935106000,""14"":1160700155,""387"":""2b3430313038392e383636372d303038353034362e353136372b3030302e3039302f""}"
2026-07-18T00:11:49Z,862272088542776,Codec8E,2026-07-18 00:11:49.000 UTC,1784333509000,0,40.1090450,-8.5048500,89,285,13,34,0,"{""239"":1,""240"":1,""21"":4,""200"":0,""69"":1,""237"":2,""113"":100,""303"":1,""383"":3,""1149"":1,""181"":12,""182"":7,""66"":14876,""24"":34,""206"":48740,""67"":4123,""68"":0,""13"":401,""17"":18,""18"":141,""19"":66,""15"":1000,""241"":26806,""199"":18590,""16"":1370075,""12"":53055,""449"":0,""636"":1515562,""1148"":83,""11"":8935106000,""14"":1160700155,""387"":""2b3430313039302e343530302d303038353034382e353030302b3030302e3038392f""}"
2026-07-18T00:11:51Z,862272088542776,Codec8E,2026-07-18 00:11:51.000 UTC,1784333511000,0,40.1091683,-8.5049650,88,308,13,32,0,"{""239"":1,""240"":1,""21"":4,""200"":0,""69"":1,""237"":2,""113"":100,""303"":1,""383"":3,""1149"":1,""181"":13,""182"":8,""66"":14847,""24"":32,""206"":48740,""67"":4123,""68"":0,""13"":401,""17"":1,""18"":-43,""19"":425,""15"":1000,""241"":26806,""199"":18607,""16"":1370092,""12"":53055,""449"":0,""636"":1515562,""1148"":83,""11"":8935106000,""14"":1160700155,""387"":""2b3430313039312e363833332d303038353034392e363530302b3030302e3038382f""}"
2026-07-18T00:11:52Z,862272088542776,Codec8E,2026-07-18 00:11:52.000 UTC,1784333512000,0,40.1092650,-8.5049816,88,324,13,32,0,"{""239"":1,""240"":1,""21"":4,""200"":0,""69"":1,""237"":2,""113"":100,""303"":1,""383"":3,""1149"":1,""181"":12,""182"":7,""66"":14873,""24"":32,""206"":48740,""67"":4123,""68"":0,""13"":401,""17"":54,""18"":-212,""19"":72,""15"":1000,""241"":26806,""199"":18618,""16"":1370103,""12"":53055,""449"":0,""636"":1515562,""1148"":83,""11"":8935106000,""14"":1160700155,""387"":""2b3430313039322e363530302d303038353034392e383136372b3030302e3038382f""}"
2026-07-18T00:11:55Z,862272088542776,Codec8E,2026-07-18 00:11:55.000 UTC,1784333515000,0,40.1094800,-8.5051583,86,312,13,33,0,"{""239"":1,""240"":1,""21"":4,""200"":0,""69"":1,""237"":2,""113"":100,""303"":1,""383"":3,""1149"":1,""181"":13,""182"":8,""66"":14900,""24"":33,""206"":48740,""67"":4123,""68"":0,""13"":401,""17"":12,""18"":-311,""19"":47,""15"":1000,""241"":26806,""199"":18646,""16"":1370131,""12"":53055,""449"":0,""636"":1515562,""1148"":83,""11"":8935106000,""14"":1160700155,""387"":""2b3430313039342e383030302d303038353035312e353833332b3030302e3038362f""}"
2026-07-18T00:11:57Z,862272088542776,Codec8E,2026-07-18 00:11:57.000 UTC,1784333517000,0,40.1095900,-8.5053300,85,300,12,33,0,"{""239"":1,""240"":1,""21"":4,""200"":0,""69"":1,""237"":2,""113"":100,""303"":1,""383"":3,""1149"":1,""181"":14,""182"":8,""66"":14895,""24"":33,""206"":48740,""67"":4123,""68"":0,""13"":401,""17"":-88,""18"":-209,""19"":74,""15"":1000,""241"":26806,""199"":18665,""16"":1370150,""12"":53055,""449"":0,""636"":1515562,""1148"":83,""11"":8935106000,""14"":1160700155,""387"":""2b3430313039352e393030302d303038353035332e333030302b3030302e3038352f""}"
2026-07-18T00:12:01Z,862272088542776,Codec8E,2026-07-18 00:11:59.000 UTC,1784333519000,0,40.1096450,-8.5055466,84,284,12,34,0,"{""239"":1,""240"":1,""21"":4,""200"":0,""69"":1,""237"":2,""113"":100,""303"":1,""383"":3,""1149"":1,""181"":16,""182"":8,""66"":14895,""24"":34,""206"":48740,""67"":4123,""68"":0,""13"":401,""17"":-71,""18"":-101,""19"":39,""15"":1000,""241"":26806,""199"":18685,""16"":1370170,""12"":53055,""449"":0,""636"":1515562,""1148"":83,""11"":8935106000,""14"":1160700155,""387"":""2b3430313039362e343530302d303038353035352e343636372b3030302e3038342f""}"
2026-07-18T00:12:02Z,862272088542776,Codec8E,2026-07-18 00:12:01.000 UTC,1784333521000,0,40.1096416,-8.5058133,84,273,12,36,0,"{""239"":1,""240"":1,""21"":4,""200"":0,""69"":1,""237"":2,""113"":100,""303"":1,""383"":3,""1149"":1,""181"":12,""182"":8,""66"":14873,""24"":36,""206"":48740,""67"":4123,""68"":0,""13"":401,""17"":-14,""18"":-51,""19"":24,""15"":1000,""241"":26806,""199"":18708,""16"":1370193,""12"":53055,""449"":0,""636"":1515562,""1148"":83,""11"":8935106000,""14"":1160700155,""387"":""2b3430313039362e343136372d303038353035382e313333332b3030302e3038342f""}"
2026-07-18T00:12:10Z,862272088542776,Codec8E,2026-07-18 00:12:10.000 UTC,1784333530000,0,40.1096233,-8.5067683,86,270,12,25,0,"{""239"":1,""240"":1,""21"":4,""200"":0,""69"":1,""237"":2,""113"":100,""303"":1,""383"":3,""1149"":1,""181"":13,""182"":8,""66"":14881,""24"":25,""206"":48740,""67"":4123,""68"":0,""13"":401,""17"":-32,""18"":-93,""19"":9,""15"":1000,""241"":26806,""199"":18789,""16"":1370274,""12"":53055,""449"":0,""636"":1515562,""1148"":83,""11"":8935106000,""14"":1160700155,""387"":""2b3430313039362e323333332d303038353036372e363833332b3030302e3038362f""}"
2026-07-18T00:12:13Z,862272088542776,Codec8E,2026-07-18 00:12:13.000 UTC,1784333533000,0,40.1096016,-8.5069100,87,238,13,20,0,"{""239"":1,""240"":1,""21"":4,""200"":0,""69"":1,""237"":2,""113"":100,""303"":1,""383"":3,""1149"":1,""181"":14,""182"":8,""66"":14916,""24"":20,""206"":48740,""67"":4123,""68"":0,""13"":401,""17"":-14,""18"":-284,""19"":151,""15"":1000,""241"":26806,""199"":18801,""16"":1370286,""12"":53055,""449"":0,""636"":1515562,""1148"":83,""11"":8935106000,""14"":1160700155,""387"":""2b3430313039362e303136372d303038353036392e313030302b3030302e3038372f""}"
2026-07-18T00:12:16Z,862272088542776,Codec8E,2026-07-18 00:12:15.000 UTC,1784333535000,0,40.1095650,-8.5069866,85,217,13,18,0,"{""239"":1,""240"":1,""21"":4,""200"":0,""69"":1,""237"":2,""113"":100,""303"":1,""383"":3,""1149"":1,""181"":13,""182"":8,""66"":14862,""24"":18,""206"":48740,""67"":4123,""68"":0,""13"":401,""17"":-141,""18"":-138,""19"":147,""15"":1000,""241"":26806,""199"":18809,""16"":1370294,""12"":53055,""449"":0,""636"":1515562,""1148"":76,""11"":8935106000,""14"":1160700155,""387"":""2b3430313039352e363530302d303038353036392e383636372b3030302e3038352f""}"
2026-07-18T00:12:17Z,862272088542776,Codec8E,2026-07-18 00:12:16.000 UTC,1784333536000,0,40.1095250,-8.5070133,83,199,13,18,0,"{""239"":1,""240"":1,""21"":4,""200"":0,""69"":1,""237"":2,""113"":100,""303"":1,""383"":3,""1149"":1,""181"":12,""182"":7,""66"":14871,""24"":18,""206"":48740,""67"":4123,""68"":0,""13"":401,""17"":-116,""18"":-74,""19"":88,""15"":1000,""241"":26806,""199"":18814,""16"":1370299,""12"":53055,""449"":0,""636"":1515562,""1148"":76,""11"":8935106000,""14"":1160700155,""387"":""2b3430313039352e323530302d303038353037302e313333332b3030302e3038332f""}"
2026-07-18T00:12:19Z,862272088542776,Codec8E,2026-07-18 00:12:19.000 UTC,1784333539000,0,40.1093466,-8.5070449,82,188,13,21,0,"{""239"":1,""240"":1,""21"":4,""200"":0,""69"":1,""237"":2,""113"":100,""303"":1,""383"":3,""1149"":1,""181"":11,""182"":7,""66"":14845,""24"":21,""206"":48740,""67"":4123,""68"":0,""13"":401,""17"":-178,""18"":-91,""19"":114,""15"":1000,""241"":26806,""199"":18834,""16"":1370319,""12"":53055,""449"":0,""636"":1515562,""1148"":76,""11"":8935106000,""14"":1160700155,""387"":""2b3430313039332e343636372d303038353037302e343530302b3030302e3038322f""}"
2026-07-18T00:12:27Z,862272088542776,Codec8E,2026-07-18 00:12:26.000 UTC,1784333546000,0,40.1088449,-8.5070333,81,177,11,26,0,"{""239"":1,""240"":1,""21"":4,""200"":0,""69"":1,""237"":2,""113"":100,""303"":1,""383"":3,""1149"":1,""181"":14,""182"":9,""66"":14830,""24"":26,""206"":48740,""67"":4123,""68"":0,""13"":401,""17"":5,""18"":-57,""19"":27,""15"":1000,""241"":26806,""199"":18890,""16"":1370375,""12"":53055,""449"":0,""636"":1515562,""1148"":76,""11"":8935106000,""14"":1160700155,""387"":""2b3430313038382e343530302d303038353037302e333333332b3030302e3038312f""}"
2026-07-18T00:12:30Z,862272088542776,Codec8E,2026-07-18 00:12:30.000 UTC,1784333550000,0,40.1086433,-8.5070449,80,190,9,20,0,"{""239"":1,""240"":1,""21"":4,""200"":0,""69"":1,""237"":2,""113"":100,""303"":1,""383"":3,""1149"":1,""181"":23,""182"":12,""66"":14888,""24"":20,""206"":48740,""67"":4123,""68"":0,""13"":401,""17"":-56,""18"":86,""19"":16,""15"":1000,""241"":26806,""199"":18912,""16"":1370397,""12"":53055,""449"":0,""636"":1515562,""1148"":76,""11"":8935106000,""14"":1160700155,""387"":""2b3430313038362e343333332d303038353037302e343530302b3030302e3038302f""}"
2026-07-18T00:12:33Z,862272088542776,Codec8E,2026-07-18 00:12:32.000 UTC,1784333552000,0,40.1085750,-8.5070750,80,207,9,18,0,"{""239"":1,""240"":1,""21"":4,""200"":0,""69"":1,""237"":2,""113"":100,""303"":1,""383"":3,""1149"":1,""181"":18,""182"":11,""66"":14888,""24"":18,""206"":48740,""67"":4123,""68"":0,""13"":401,""17"":-43,""18"":153,""19"":90,""15"":1000,""241"":26806,""199"":18920,""16"":1370405,""12"":53055,""449"":0,""636"":1515562,""1148"":76,""11"":8935106000,""14"":1160700155,""387"":""2b3430313038352e373530302d303038353037302e373530302b3030302e3038302f""}"
2026-07-18T00:12:33Z,862272088542776,Codec8E,2026-07-18 00:12:33.000 UTC,1784333553000,0,40.1085466,-8.5071033,80,219,9,17,0,"{""239"":1,""240"":1,""21"":4,""200"":0,""69"":1,""237"":2,""113"":100,""303"":1,""383"":3,""1149"":1,""181"":20,""182"":12,""66"":14830,""24"":17,""206"":48740,""67"":4123,""68"":0,""13"":401,""17"":-62,""18"":-26,""19"":24,""15"":1000,""241"":26806,""199"":18924,""16"":1370409,""12"":53055,""449"":0,""636"":1515562,""1148"":76,""11"":8935106000,""14"":1160700155,""387"":""2b3430313038352e343636372d303038353037312e303333332b3030302e3038302f""}"
2026-07-18T00:12:37Z,862272088542776,Codec8E,2026-07-18 00:12:36.000 UTC,1784333556000,0,40.1084666,-8.5072416,79,232,9,17,0,"{""239"":1,""240"":1,""21"":4,""200"":0,""69"":1,""237"":2,""113"":100,""303"":1,""383"":3,""1149"":1,""181"":22,""182"":15,""66"":14856,""24"":17,""206"":48740,""67"":4123,""68"":0,""13"":401,""17"":-83,""18"":-50,""19"":42,""15"":1000,""241"":26806,""199"":18939,""16"":1370424,""12"":53055,""449"":0,""636"":1515562,""1148"":76,""11"":8935106000,""14"":1160700155,""387"":""2b3430313038342e363636372d303038353037322e343136372b3030302e3037392f""}"
2026-07-18T00:12:39Z,862272088542776,Codec8E,2026-07-18 00:12:38.000 UTC,1784333558000,0,40.1084816,-8.5074300,79,254,9,20,0,"{""239"":1,""240"":1,""21"":4,""200"":0,""69"":1,""237"":2,""113"":100,""303"":1,""383"":3,""1149"":1,""181"":17,""182"":11,""66"":14821,""24"":20,""206"":48740,""67"":4123,""68"":0,""13"":401,""17"":5,""18"":-61,""19"":-1,""15"":1000,""241"":26806,""199"":18956,""16"":1370441,""12"":53055,""449"":0,""636"":1515562,""1148"":76,""11"":8935106000,""14"":1160700155,""387"":""2b3430313038342e383136372d303038353037342e333030302b3030302e3037392f""}"
2026-07-18T00:12:46Z,862272088542776,Codec8E,2026-07-18 00:12:46.000 UTC,1784333566000,0,40.1084250,-8.5081233,79,264,8,24,0,"{""239"":1,""240"":1,""21"":4,""200"":0,""69"":1,""237"":2,""113"":100,""303"":1,""383"":3,""1149"":20,""181"":17,""182"":11,""66"":14864,""24"":24,""206"":48740,""67"":4123,""68"":0,""13"":401,""17"":14,""18"":-49,""19"":31,""15"":1000,""241"":26806,""199"":19016,""16"":1370501,""12"":53055,""449"":0,""636"":339499,""1148"":78,""11"":8935106000,""14"":1160700155,""387"":""2b3430313038342e323530302d303038353038312e323333332b3030302e3037392f""}"
2026-07-18T00:12:51Z,862272088542776,Codec8E,2026-07-18 00:12:51.000 UTC,1784333571000,0,40.1083850,-8.5084283,78,249,7,18,0,"{""239"":1,""240"":1,""21"":4,""200"":0,""69"":1,""237"":2,""113"":100,""303"":1,""383"":3,""1149"":20,""181"":19,""182"":13,""66"":14774,""24"":18,""206"":48740,""67"":4123,""68"":0,""13"":401,""17"":67,""18"":-216,""19"":32,""15"":1000,""241"":26806,""199"":19042,""16"":1370527,""12"":53055,""449"":0,""636"":339499,""1148"":78,""11"":8935106000,""14"":1160700155,""387"":""2b3430313038332e383530302d303038353038342e323833332b3030302e3037382f""}"
2026-07-18T00:12:55Z,862272088542776,Codec8E,2026-07-18 00:12:53.000 UTC,1784333573000,0,40.1083483,-8.5084716,77,239,9,13,0,"{""239"":1,""240"":1,""21"":4,""200"":0,""69"":1,""237"":2,""113"":100,""303"":1,""383"":3,""1149"":20,""181"":18,""182"":12,""66"":14876,""24"":13,""206"":48740,""67"":4123,""68"":0,""13"":401,""17"":59,""18"":-152,""19"":45,""15"":1000,""241"":26806,""199"":19048,""16"":1370533,""12"":53055,""449"":0,""636"":339499,""1148"":78,""11"":8935106000,""14"":1160700155,""387"":""2b3430313038332e343833332d303038353038342e373136372b3030302e3037372f""}"
2026-07-18T00:13:03Z,862272088542776,Codec8E,2026-07-18 00:13:03.000 UTC,1784333583000,0,40.1082550,-8.5085183,78,188,9,3,0,"{""239"":1,""240"":1,""21"":4,""200"":0,""69"":1,""237"":2,""113"":100,""303"":1,""383"":3,""1149"":20,""181"":13,""182"":10,""66"":14890,""24"":3,""206"":48740,""67"":4123,""68"":0,""13"":401,""17"":52,""18"":-55,""19"":10,""15"":1000,""241"":26806,""199"":19058,""16"":1370543,""12"":53055,""449"":0,""636"":1555725,""1148"":78,""11"":8935106000,""14"":1160700155,""387"":""2b3430313038322e353530302d303038353038352e313833332b3030302e3037382f""}"
2026-07-18T00:13:08Z,862272088542776,Codec8E,2026-07-18 00:13:06.000 UTC,1784333586000,0,40.1082566,-8.5085166,78,188,10,1,303,"{""239"":1,""240"":1,""21"":4,""200"":0,""69"":1,""237"":2,""113"":100,""303"":0,""383"":3,""1149"":20,""181"":12,""182"":9,""66"":14793,""24"":1,""206"":48740,""67"":4123,""68"":0,""13"":401,""17"":45,""18"":-48,""19"":5,""15"":1000,""241"":26806,""199"":19058,""16"":1370543,""12"":53055,""449"":0,""636"":1555725,""1148"":78,""11"":8935106000,""14"":1160700155,""387"":""2b3430313038322e353636372d303038353038352e313636372b3030302e3037382f""}"
2026-07-18T00:13:25Z,862272088542776,Codec8E,2026-07-18 00:13:24.000 UTC,1784333604000,0,40.1082566,-8.5085166,78,188,11,0,303,"{""239"":1,""240"":1,""21"":4,""200"":0,""69"":1,""237"":2,""113"":100,""303"":1,""383"":3,""1149"":20,""181"":12,""182"":9,""66"":14883,""24"":0,""206"":48740,""67"":4123,""68"":0,""13"":396,""17"":161,""18"":-44,""19"":23,""15"":1000,""241"":26806,""199"":19058,""16"":1370543,""12"":53059,""449"":0,""636"":339469,""1148"":78,""11"":8935106000,""14"":1160700155,""387"":""2b3430313038322e353636372d303038353038352e313636372b3030302e3037382f""}"
2026-07-18T00:15:48Z,862272088542776,Codec8E,2026-07-18 00:13:50.000 UTC,1784333630000,0,40.1082466,-8.5083916,0,0,0,0,303,"{""239"":1,""240"":1,""21"":0,""200"":0,""69"":2,""237"":2,""113"":100,""303"":0,""383"":3,""1149"":0,""181"":0,""182"":0,""66"":14839,""24"":0,""206"":48740,""67"":4123,""68"":0,""13"":396,""17"":-43,""18"":-59,""19"":8,""15"":1000,""241"":26806,""199"":19067,""16"":1370552,""12"":53060,""449"":0,""636"":339469,""1148"":120,""11"":8935106000,""14"":1160700155,""387"":""2b3430313038322e343636372d303038353038332e393136372b3030302e3030302f""}"
2026-07-18T01:31:27Z,862272088542776,Codec8E,2026-07-18 00:14:49.000 UTC,1784333689000,0,40.1082466,-8.5083916,0,0,0,0,240,"{""239"":1,""240"":0,""21"":2,""200"":0,""69"":2,""237"":99,""113"":100,""303"":0,""383"":3,""1149"":8,""181"":0,""182"":0,""66"":14916,""24"":0,""206"":10701,""67"":4123,""68"":0,""13"":396,""17"":-56,""18"":-74,""19"":47,""15"":1000,""241"":26802,""199"":19067,""16"":1370552,""12"":53061,""449"":0,""636"":0,""1148"":120,""11"":8935106000,""14"":1160700155,""387"":""2b3430313038322e343636372d303038353038332e393136372b3030302e3030302f""}"
2026-07-18T01:31:27Z,862272088542776,Codec8E,2026-07-18 00:15:11.000 UTC,1784333711000,0,40.1082466,-8.5083916,0,0,0,0,303,"{""239"":1,""240"":0,""21"":2,""200"":0,""69"":2,""237"":99,""113"":100,""303"":1,""383"":3,""1149"":8,""181"":0,""182"":0,""66"":14887,""24"":0,""206"":10701,""67"":4123,""68"":0,""13"":396,""17"":-15,""18"":-25,""19"":9,""15"":1000,""241"":26802,""199"":19067,""16"":1370552,""12"":53067,""449"":0,""636"":0,""1148"":120,""11"":8935106000,""14"":1160700155,""387"":""2b3430313038322e343636372d303038353038332e393136372b3030302e3030302f""}"
2026-07-18T01:31:27Z,862272088542776,Codec8E,2026-07-18 00:15:13.000 UTC,1784333713000,0,40.1082466,-8.5083916,0,0,0,0,240,"{""239"":1,""240"":1,""21"":2,""200"":0,""69"":2,""237"":99,""113"":100,""303"":1,""383"":3,""1149"":8,""181"":0,""182"":0,""66"":14858,""24"":0,""206"":10701,""67"":4123,""68"":0,""13"":396,""17"":-15,""18"":-62,""19"":9,""15"":1000,""241"":26802,""199"":19067,""16"":1370552,""12"":53067,""449"":0,""636"":0,""1148"":120,""11"":8935106000,""14"":1160700155,""387"":""2b3430313038322e343636372d303038353038332e393136372b3030302e3030302f""}"
2026-07-18T01:31:27Z,862272088542776,Codec8E,2026-07-18 00:15:14.000 UTC,1784333714000,0,40.1082466,-8.5083916,0,0,0,0,303,"{""239"":1,""240"":1,""21"":3,""200"":0,""69"":2,""237"":99,""113"":100,""303"":0,""383"":3,""1149"":8,""181"":0,""182"":0,""66"":14871,""24"":0,""206"":10701,""67"":4123,""68"":0,""13"":396,""17"":-45,""18"":-43,""19"":0,""15"":1000,""241"":26802,""199"":19067,""16"":1370552,""12"":53067,""449"":0,""636"":0,""1148"":120,""11"":8935106000,""14"":1160700155,""387"":""2b3430313038322e343636372d303038353038332e393136372b3030302e3030302f""}"
2026-07-18T01:31:29Z,862272088542776,Codec8E,2026-07-18 00:16:07.000 UTC,1784333767000,0,40.1082466,-8.5083916,0,0,0,0,303,"{""239"":1,""240"":1,""21"":4,""200"":0,""69"":2,""237"":2,""113"":100,""303"":1,""383"":3,""1149"":20,""181"":0,""182"":0,""66"":14839,""24"":0,""206"":48740,""67"":4123,""68"":0,""13"":396,""17"":-39,""18"":-33,""19"":12,""15"":1000,""241"":26806,""199"":19067,""16"":1370552,""12"":53067,""449"":0,""636"":339469,""1148"":83,""11"":8935106000,""14"":1160700155,""387"":""2b3430313038322e343636372d303038353038332e393136372b3030302e3030302f""}"
2026-07-18T01:31:29Z,862272088542776,Codec8E,2026-07-18 00:16:13.000 UTC,1784333773000,0,40.1082466,-8.5083916,0,0,0,0,303,"{""239"":1,""240"":1,""21"":4,""200"":0,""69"":2,""237"":2,""113"":100,""303"":0,""383"":3,""1149"":20,""181"":0,""182"":0,""66"":14810,""24"":0,""206"":48740,""67"":4123,""68"":0,""13"":396,""17"":-39,""18"":-37,""19"":8,""15"":1000,""241"":26806,""199"":19067,""16"":1370552,""12"":53067,""449"":0,""636"":339469,""1148"":83,""11"":8935106000,""14"":1160700155,""387"":""2b3430313038322e343636372d303038353038332e393136372b3030302e3030302f""}"
2026-07-18T01:31:29Z,862272088542776,Codec8E,2026-07-18 00:17:12.000 UTC,1784333832000,0,40.1082466,-8.5083916,0,0,0,0,240,"{""239"":1,""240"":0,""21"":2,""200"":0,""69"":2,""237"":2,""113"":100,""303"":0,""383"":3,""1149"":8,""181"":0,""182"":0,""66"":13464,""24"":0,""206"":48740,""67"":4123,""68"":0,""13"":396,""17"":-42,""18"":-37,""19"":6,""15"":1000,""241"":26806,""199"":19067,""16"":1370552,""12"":53067,""449"":0,""636"":339469,""1148"":97,""11"":8935106000,""14"":1160700155,""387"":""2b3430313038322e343636372d303038353038332e393136372b3030302e3030302f""}"
2026-07-18T01:31:29Z,862272088542776,Codec8E,2026-07-18 00:17:22.000 UTC,1784333842000,0,40.1082466,-8.5083916,0,0,0,0,239,"{""239"":0,""240"":0,""21"":4,""200"":0,""69"":2,""237"":2,""113"":100,""303"":0,""383"":3,""1149"":20,""181"":0,""182"":0,""66"":13192,""24"":0,""206"":48740,""67"":4123,""68"":0,""13"":396,""17"":-42,""18"":-35,""19"":7,""15"":1000,""241"":26806,""199"":19067,""16"":1370552,""12"":53069,""449"":0,""636"":339469,""1148"":83,""11"":8935106000,""14"":1160700155,""387"":""2b3430313038322e343636372d303038353038332e393136372b3030302e3030302f""}"
2026-07-18T01:31:29Z,862272088542776,Codec8E,2026-07-18 00:17:29.000 UTC,1784333849000,0,40.1082466,-8.5083916,0,0,0,0,239,"{""239"":1,""240"":0,""21"":4,""200"":0,""69"":2,""237"":2,""113"":100,""303"":0,""383"":3,""1149"":20,""181"":0,""182"":0,""66"":15218,""24"":0,""206"":48740,""67"":4123,""68"":0,""13"":396,""17"":-46,""18"":-38,""19"":7,""15"":1000,""241"":26806,""199"":19067,""16"":1370552,""12"":53070,""449"":0,""636"":339469,""1148"":83,""11"":8935106000,""14"":1160700155,""387"":""2b3430313038322e343636372d303038353038332e393136372b3030302e3030302f""}"
2026-07-18T01:31:29Z,862272088542776,Codec8E,2026-07-18 01:17:29.000 UTC,1784337449000,0,40.1082466,-8.5083916,0,0,0,0,0,"{""239"":1,""240"":0,""21"":3,""200"":0,""69"":2,""237"":99,""113"":100,""303"":0,""383"":3,""1149"":1,""181"":0,""182"":0,""66"":14862,""24"":0,""206"":18,""67"":4123,""68"":0,""13"":404,""17"":-44,""18"":-33,""19"":8,""15"":1000,""241"":26801,""199"":19067,""16"":1370552,""12"":54068,""449"":0,""636"":0,""1148"":25,""11"":8935106000,""14"":1160700155,""387"":""2b3430313038322e343636372d303038353038332e393136372b3030302e3030302f""}"
2026-07-18T02:18:31Z,862272088542776,Codec8E,2026-07-18 02:17:29.000 UTC,1784341049000,0,40.1082466,-8.5083916,0,0,0,0,0,"{""239"":1,""240"":0,""21"":1,""200"":0,""69"":2,""237"":1,""113"":100,""303"":0,""383"":3,""1149"":0,""181"":0,""182"":0,""66"":14867,""24"":0,""206"":8740,""67"":4123,""68"":0,""13"":411,""17"":-44,""18"":-38,""19"":8,""15"":1000,""241"":26806,""199"":19067,""16"":1370552,""12"":55066,""449"":0,""636"":21635,""1148"":108,""11"":8935106000,""14"":1160700155,""387"":""2b3430313038322e343636372d303038353038332e393136372b3030302e3030302f""}"
2026-07-18T03:18:37Z,862272088542776,Codec8E,2026-07-18 03:17:29.000 UTC,1784344649000,0,40.1082466,-8.5083916,0,0,0,0,0,"{""239"":1,""240"":0,""21"":1,""200"":0,""69"":2,""237"":1,""113"":100,""303"":0,""383"":3,""1149"":0,""181"":0,""182"":0,""66"":14770,""24"":0,""206"":8740,""67"":4123,""68"":0,""13"":419,""17"":-46,""18"":-33,""19"":8,""15"":1000,""241"":26806,""199"":19067,""16"":1370552,""12"":56065,""449"":0,""636"":21635,""1148"":108,""11"":8935106000,""14"":1160700155,""387"":""2b3430313038322e343636372d303038353038332e393136372b3030302e3030302f""}"
2026-07-18T04:18:44Z,862272088542776,Codec8E,2026-07-18 04:17:29.000 UTC,1784348249000,0,40.1082466,-8.5083916,0,0,0,0,0,"{""239"":1,""240"":0,""21"":1,""200"":0,""69"":2,""237"":1,""113"":100,""303"":0,""383"":3,""1149"":0,""181"":0,""182"":0,""66"":14643,""24"":0,""206"":8740,""67"":4123,""68"":0,""13"":426,""17"":-40,""18"":-37,""19"":9,""15"":1000,""241"":26806,""199"":19067,""16"":1370552,""12"":57063,""449"":0,""636"":21635,""1148"":108,""11"":8935106000,""14"":1160700155,""387"":""2b3430313038322e343636372d303038353038332e393136372b3030302e3030302f""}"
2026-07-18T05:18:51Z,862272088542776,Codec8E,2026-07-18 05:17:29.000 UTC,1784351849000,0,40.1082466,-8.5083916,0,0,0,0,0,"{""239"":1,""240"":0,""21"":1,""200"":0,""69"":2,""237"":1,""113"":100,""303"":0,""383"":3,""1149"":0,""181"":0,""182"":0,""66"":14642,""24"":0,""206"":8740,""67"":4123,""68"":0,""13"":434,""17"":-49,""18"":-37,""19"":8,""15"":1000,""241"":26806,""199"":19067,""16"":1370552,""12"":58061,""449"":0,""636"":21635,""1148"":108,""11"":8935106000,""14"":1160700155,""387"":""2b3430313038322e343636372d303038353038332e393136372b3030302e3030302f""}"
2026-07-18T06:18:57Z,862272088542776,Codec8E,2026-07-18 06:17:29.000 UTC,1784355449000,0,40.1082466,-8.5083916,0,0,0,0,0,"{""239"":1,""240"":0,""21"":1,""200"":0,""69"":2,""237"":1,""113"":100,""303"":0,""383"":3,""1149"":0,""181"":0,""182"":0,""66"":14511,""24"":0,""206"":8740,""67"":4123,""68"":0,""13"":441,""17"":-46,""18"":-44,""19"":8,""15"":1000,""241"":26806,""199"":19067,""16"":1370552,""12"":59059,""449"":0,""636"":21635,""1148"":108,""11"":8935106000,""14"":1160700155,""387"":""2b3430313038322e343636372d303038353038332e393136372b3030302e3030302f""}"
2026-07-20T07:14:48Z,862272088542776,Codec8E,2026-07-18 07:17:29.000 UTC,1784359049000,0,40.1082466,-8.5083916,0,0,0,0,0,"{""239"":1,""240"":0,""21"":3,""200"":0,""69"":2,""237"":99,""113"":100,""303"":0,""383"":3,""1149"":1,""181"":0,""182"":0,""66"":14425,""24"":0,""206"":18,""67"":4123,""68"":0,""13"":449,""17"":-42,""18"":-44,""19"":8,""15"":1000,""241"":26801,""199"":19067,""16"":1370552,""12"":60057,""449"":0,""636"":0,""1148"":120,""11"":8935106000,""14"":1160700155,""387"":""2b3430313038322e343636372d303038353038332e393136372b3030302e3030302f""}"
2026-07-20T07:14:48Z,862272088542776,Codec8E,2026-07-18 08:17:29.000 UTC,1784362649000,0,40.1082466,-8.5083916,0,0,0,0,0,"{""239"":1,""240"":0,""21"":5,""200"":0,""69"":2,""237"":99,""113"":100,""303"":0,""383"":3,""1149"":20,""181"":0,""182"":0,""66"":14379,""24"":0,""206"":18,""67"":4123,""68"":0,""13"":456,""17"":-43,""18"":-35,""19"":8,""15"":1000,""241"":26801,""199"":19067,""16"":1370552,""12"":61055,""449"":0,""636"":0,""1148"":120,""11"":8935106000,""14"":1160700155,""387"":""2b3430313038322e343636372d303038353038332e393136372b3030302e3030302f""}"
2026-07-20T07:14:48Z,862272088542776,Codec8E,2026-07-18 09:49:26.000 UTC,1784368166000,0,40.1082466,-8.5083916,0,0,0,0,0,"{""239"":1,""240"":0,""21"":5,""200"":0,""69"":2,""237"":99,""113"":100,""303"":0,""383"":3,""1149"":20,""181"":0,""182"":0,""66"":14379,""24"":0,""206"":18,""67"":4123,""68"":0,""13"":468,""17"":-47,""18"":-39,""19"":6,""15"":1000,""241"":26801,""199"":19067,""16"":1370552,""12"":62581,""449"":0,""636"":0,""1148"":0,""11"":8935106000,""14"":1160700155,""387"":""2b3430313038322e343636372d303038353038332e393136372b3030302e3030302f""}"
2026-07-20T07:14:48Z,862272088542776,Codec8E,2026-07-18 10:49:32.000 UTC,1784371772000,0,40.1082466,-8.5083916,0,0,0,0,239,"{""239"":0,""240"":0,""21"":5,""200"":0,""69"":2,""237"":99,""113"":100,""303"":0,""383"":3,""1149"":20,""181"":0,""182"":0,""66"":13010,""24"":0,""206"":18,""67"":4123,""68"":0,""13"":475,""17"":-43,""18"":-37,""19"":11,""15"":1000,""241"":26801,""199"":19067,""16"":1370552,""12"":63576,""449"":0,""636"":0,""1148"":0,""11"":8935106000,""14"":1160700155,""387"":""2b3430313038322e343636372d303038353038332e393136372b3030302e3030302f""}"
2026-07-20T07:14:48Z,862272088542776,Codec8E,2026-07-18 11:49:32.000 UTC,1784375372000,0,40.1082466,-8.5083916,0,0,0,0,0,"{""239"":0,""240"":0,""21"":5,""200"":0,""69"":2,""237"":99,""113"":100,""303"":0,""383"":3,""1149"":20,""181"":0,""182"":0,""66"":13103,""24"":0,""206"":18,""67"":4123,""68"":0,""13"":475,""17"":-37,""18"":-44,""19"":8,""15"":1000,""241"":26801,""199"":0,""16"":1370552,""12"":63576,""449"":0,""636"":0,""1148"":0,""11"":8935106000,""14"":1160700155,""387"":""2b3430313038322e343636372d303038353038332e393136372b3030302e3030302f""}"
2026-07-20T07:14:50Z,862272088542776,Codec8E,2026-07-18 12:52:38.000 UTC,1784379158000,0,40.1082466,-8.5083916,0,0,0,0,0,"{""239"":0,""240"":0,""21"":5,""200"":0,""69"":2,""237"":99,""113"":100,""303"":0,""383"":3,""1149"":20,""181"":0,""182"":0,""66"":13060,""24"":0,""206"":18,""67"":4123,""68"":0,""13"":475,""17"":-44,""18"":-37,""19"":8,""15"":0,""241"":26801,""199"":0,""16"":1370552,""12"":63576,""449"":0,""636"":0,""1148"":0,""11"":8935106000,""14"":1160700155,""387"":""2b3430313038322e343636372d303038353038332e393136372b3030302e3030302f""}"
2026-07-20T07:14:50Z,862272088542776,Codec8E,2026-07-18 14:23:29.000 UTC,1784384609000,0,40.1082466,-8.5083916,0,0,0,0,0,"{""239"":0,""240"":0,""21"":5,""200"":0,""69"":2,""237"":99,""113"":100,""303"":0,""383"":3,""1149"":3,""181"":0,""182"":0,""66"":13016,""24"":0,""206"":18,""67"":4123,""68"":0,""13"":475,""17"":-38,""18"":-40,""19"":8,""15"":0,""241"":26801,""199"":0,""16"":1370552,""12"":63576,""449"":0,""636"":0,""1148"":120,""11"":8935106000,""14"":1160700155,""387"":""2b3430313038322e343636372d303038353038332e393136372b3030302e3030302f""}"
2026-07-20T07:14:50Z,862272088542776,Codec8E,2026-07-18 15:55:51.000 UTC,1784390151000,0,40.1082466,-8.5083916,0,0,0,0,0,"{""239"":0,""240"":0,""21"":5,""200"":0,""69"":2,""237"":99,""113"":100,""303"":0,""383"":3,""1149"":20,""181"":0,""182"":0,""66"":12978,""24"":0,""206"":18,""67"":4126,""68"":0,""13"":475,""17"":-46,""18"":-38,""19"":8,""15"":0,""241"":26801,""199"":0,""16"":1370552,""12"":63576,""449"":0,""636"":0,""1148"":0,""11"":8935106000,""14"":1160700155,""387"":""2b3430313038322e343636372d303038353038332e393136372b3030302e3030302f""}"
2026-07-20T07:14:50Z,862272088542776,Codec8E,2026-07-18 17:26:42.000 UTC,1784395602000,0,40.1082466,-8.5083916,0,0,0,0,0,"{""239"":0,""240"":0,""21"":5,""200"":0,""69"":2,""237"":99,""113"":100,""303"":0,""383"":3,""1149"":20,""181"":0,""182"":0,""66"":12972,""24"":0,""206"":18,""67"":4128,""68"":0,""13"":475,""17"":-46,""18"":-36,""19"":9,""15"":0,""241"":26801,""199"":0,""16"":1370552,""12"":63576,""449"":0,""636"":0,""1148"":0,""11"":8935106000,""14"":1160700155,""387"":""2b3430313038322e343636372d303038353038332e393136372b3030302e3030302f""}"
2026-07-20T07:14:50Z,862272088542776,Codec8E,2026-07-18 18:57:34.000 UTC,1784401054000,0,40.1082466,-8.5083916,0,0,0,0,0,"{""239"":0,""240"":0,""21"":5,""200"":0,""69"":2,""237"":99,""113"":100,""303"":0,""383"":3,""1149"":20,""181"":0,""182"":0,""66"":12970,""24"":0,""206"":18,""67"":4128,""68"":0,""13"":475,""17"":-46,""18"":-43,""19"":15,""15"":0,""241"":26801,""199"":0,""16"":1370552,""12"":63576,""449"":0,""636"":0,""1148"":0,""11"":8935106000,""14"":1160700155,""387"":""2b3430313038322e343636372d303038353038332e393136372b3030302e3030302f""}"
2026-07-20T07:14:53Z,862272088542776,Codec8E,2026-07-18 20:28:25.000 UTC,1784406505000,0,40.1082466,-8.5083916,0,0,0,0,0,"{""239"":0,""240"":0,""21"":5,""200"":0,""69"":2,""237"":99,""113"":100,""303"":0,""383"":3,""1149"":20,""181"":0,""182"":0,""66"":12928,""24"":0,""206"":18,""67"":4128,""68"":0,""13"":475,""17"":-47,""18"":-38,""19"":9,""15"":0,""241"":26801,""199"":0,""16"":1370552,""12"":63576,""449"":0,""636"":0,""1148"":0,""11"":8935106000,""14"":1160700155,""387"":""2b3430313038322e343636372d303038353038332e393136372b3030302e3030302f""}"
2026-07-20T07:14:53Z,862272088542776,Codec8E,2026-07-18 21:59:17.000 UTC,1784411957000,0,40.1082466,-8.5083916,0,0,0,0,0,"{""239"":0,""240"":0,""21"":5,""200"":0,""69"":2,""237"":99,""113"":100,""303"":0,""383"":3,""1149"":20,""181"":0,""182"":0,""66"":12928,""24"":0,""206"":18,""67"":4128,""68"":0,""13"":475,""17"":-46,""18"":-32,""19"":8,""15"":0,""241"":26801,""199"":0,""16"":1370552,""12"":63576,""449"":0,""636"":0,""1148"":0,""11"":8935106000,""14"":1160700155,""387"":""2b3430313038322e343636372d303038353038332e393136372b3030302e3030302f""}"
2026-07-20T07:14:53Z,862272088542776,Codec8E,2026-07-18 23:30:07.000 UTC,1784417407000,0,40.1082466,-8.5083916,0,0,0,0,0,"{""239"":0,""240"":0,""21"":5,""200"":0,""69"":2,""237"":99,""113"":100,""303"":0,""383"":3,""1149"":20,""181"":0,""182"":0,""66"":12928,""24"":0,""206"":18,""67"":4128,""68"":0,""13"":475,""17"":-44,""18"":-33,""19"":12,""15"":0,""241"":26801,""199"":0,""16"":1370552,""12"":63576,""449"":0,""636"":0,""1148"":0,""11"":8935106000,""14"":1160700155,""387"":""2b3430313038322e343636372d303038353038332e393136372b3030302e3030302f""}"
2026-07-18T00:11:27Z,862272088833183,Codec8E,2026-07-18 00:10:26.000 UTC,1784333426000,0,41.5463033,-8.4193983,0,0,0,0,0,"{""239"":0,""240"":0,""80"":0,""21"":4,""200"":3,""69"":3,""237"":2,""113"":100,""263"":1,""303"":0,""383"":3,""66"":12550,""206"":26,""67"":4079,""68"":0,""17"":-31,""18"":50,""19"":6,""13201"":285,""241"":26801,""16"":177197,""12"":769,""449"":0,""636"":110218764,""11"":893510181,""238"":0,""14"":2540732448,""387"":""2b3431353436332e303333332d303038343139332e393833332b3030302e3030302f""}"
2026-07-18T01:11:34Z,862272088833183,Codec8E,2026-07-18 01:10:26.000 UTC,1784337026000,0,41.5463033,-8.4193983,0,0,0,0,0,"{""239"":0,""240"":0,""80"":0,""21"":4,""200"":3,""69"":3,""237"":2,""113"":100,""263"":1,""303"":0,""383"":3,""66"":12550,""206"":26,""67"":4079,""68"":0,""17"":-38,""18"":50,""19"":-9,""13201"":285,""241"":26801,""16"":177197,""12"":769,""449"":0,""636"":110218764,""11"":893510181,""238"":0,""14"":2540732448,""387"":""2b3431353436332e303333332d303038343139332e393833332b3030302e3030302f""}"
2026-07-18T02:11:40Z,862272088833183,Codec8E,2026-07-18 02:10:26.000 UTC,1784340626000,0,41.5463033,-8.4193983,0,0,0,0,0,"{""239"":0,""240"":0,""80"":0,""21"":4,""200"":3,""69"":3,""237"":2,""113"":100,""263"":1,""303"":0,""383"":3,""66"":12550,""206"":26,""67"":4079,""68"":0,""17"":-35,""18"":52,""19"":-3,""13201"":285,""241"":26801,""16"":177197,""12"":769,""449"":0,""636"":110218764,""11"":893510181,""238"":0,""14"":2540732448,""387"":""2b3431353436332e303333332d303038343139332e393833332b3030302e3030302f""}"
2026-07-18T03:11:46Z,862272088833183,Codec8E,2026-07-18 03:10:26.000 UTC,1784344226000,0,41.5463033,-8.4193983,0,0,0,0,0,"{""239"":0,""240"":0,""80"":0,""21"":4,""200"":3,""69"":3,""237"":2,""113"":100,""263"":1,""303"":0,""383"":3,""66"":12550,""206"":26,""67"":4079,""68"":0,""17"":-33,""18"":49,""19"":9,""13201"":285,""241"":26801,""16"":177197,""12"":769,""449"":0,""636"":110218764,""11"":893510181,""238"":0,""14"":2540732448,""387"":""2b3431353436332e303333332d303038343139332e393833332b3030302e3030302f""}"
2026-07-18T04:11:53Z,862272088833183,Codec8E,2026-07-18 04:10:26.000 UTC,1784347826000,0,41.5463033,-8.4193983,0,0,0,0,0,"{""239"":0,""240"":0,""80"":0,""21"":4,""200"":3,""69"":3,""237"":2,""113"":100,""263"":1,""303"":0,""383"":3,""66"":12548,""206"":26,""67"":4079,""68"":0,""17"":-29,""18"":49,""19"":-11,""13201"":285,""241"":26801,""16"":177197,""12"":769,""449"":0,""636"":110218764,""11"":893510181,""238"":0,""14"":2540732448,""387"":""2b3431353436332e303333332d303038343139332e393833332b3030302e3030302f""}"
2026-07-18T05:11:59Z,862272088833183,Codec8E,2026-07-18 05:10:26.000 UTC,1784351426000,0,41.5463033,-8.4193983,0,0,0,0,0,"{""239"":0,""240"":0,""80"":0,""21"":4,""200"":3,""69"":3,""237"":2,""113"":100,""263"":1,""303"":0,""383"":3,""66"":12550,""206"":26,""67"":4079,""68"":0,""17"":-29,""18"":49,""19"":10,""13201"":285,""241"":26801,""16"":177197,""12"":769,""449"":0,""636"":110218764,""11"":893510181,""238"":0,""14"":2540732448,""387"":""2b3431353436332e303333332d303038343139332e393833332b3030302e3030302f""}"
2026-07-18T06:12:06Z,862272088833183,Codec8E,2026-07-18 06:10:26.000 UTC,1784355026000,0,41.5463033,-8.4193983,0,0,0,0,0,"{""239"":0,""240"":0,""80"":0,""21"":4,""200"":3,""69"":3,""237"":2,""113"":100,""263"":1,""303"":0,""383"":3,""66"":12548,""206"":26,""67"":4079,""68"":0,""17"":-31,""18"":39,""19"":-8,""13201"":284,""241"":26801,""16"":177197,""12"":769,""449"":0,""636"":110218764,""11"":893510181,""238"":0,""14"":2540732448,""387"":""2b3431353436332e303333332d303038343139332e393833332b3030302e3030302f""}"
2026-07-18T07:12:12Z,862272088833183,Codec8E,2026-07-18 07:10:26.000 UTC,1784358626000,0,41.5463033,-8.4193983,0,0,0,0,0,"{""239"":0,""240"":0,""80"":0,""21"":4,""200"":3,""69"":3,""237"":2,""113"":100,""263"":1,""303"":0,""383"":3,""66"":12550,""206"":26,""67"":4079,""68"":0,""17"":-36,""18"":35,""19"":-3,""13201"":283,""241"":26801,""16"":177197,""12"":769,""449"":0,""636"":110218764,""11"":893510181,""238"":0,""14"":2540732448,""387"":""2b3431353436332e303333332d303038343139332e393833332b3030302e3030302f""}"
2026-07-18T08:12:19Z,862272088833183,Codec8E,2026-07-18 08:10:26.000 UTC,1784362226000,0,41.5463033,-8.4193983,0,0,0,0,0,"{""239"":0,""240"":0,""80"":0,""21"":4,""200"":3,""69"":3,""237"":2,""113"":100,""263"":1,""303"":0,""383"":3,""66"":12546,""206"":26,""67"":4079,""68"":0,""17"":-46,""18"":39,""19"":6,""13201"":282,""241"":26801,""16"":177197,""12"":769,""449"":0,""636"":110218764,""11"":893510181,""238"":0,""14"":2540732448,""387"":""2b3431353436332e303333332d303038343139332e393833332b3030302e3030302f""}"
2026-07-18T09:12:25Z,862272088833183,Codec8E,2026-07-18 09:10:26.000 UTC,1784365826000,0,41.5463033,-8.4193983,0,0,0,0,0,"{""239"":0,""240"":0,""80"":0,""21"":4,""200"":3,""69"":3,""237"":2,""113"":100,""263"":1,""303"":0,""383"":3,""66"":12548,""206"":26,""67"":4079,""68"":0,""17"":-32,""18"":48,""19"":-7,""13201"":284,""241"":26801,""16"":177197,""12"":769,""449"":0,""636"":110218764,""11"":893510181,""238"":0,""14"":2540732448,""387"":""2b3431353436332e303333332d303038343139332e393833332b3030302e3030302f""}"
2026-07-18T09:22:23Z,862272088833183,Codec8E,2026-07-18 09:21:59.000 UTC,1784366519000,0,41.5463033,-8.4193983,0,0,0,0,303,"{""239"":0,""240"":0,""80"":0,""21"":5,""200"":3,""69"":3,""237"":2,""113"":100,""263"":1,""303"":1,""383"":3,""66"":12500,""206"":26,""67"":4078,""68"":0,""17"":-28,""18"":54,""19"":-5,""13201"":287,""241"":26801,""16"":177197,""12"":769,""449"":0,""636"":110218764,""11"":893510181,""238"":0,""14"":2540732448,""387"":""2b3431353436332e303333332d303038343139332e393833332b3030302e3030302f""}"
2026-07-18T09:22:23Z,862272088833183,Codec8E,2026-07-18 09:22:00.000 UTC,1784366520000,0,41.5463033,-8.4193983,0,0,0,0,303,"{""239"":0,""240"":0,""80"":0,""21"":4,""200"":3,""69"":3,""237"":2,""113"":100,""263"":1,""303"":0,""383"":3,""66"":12496,""206"":26,""67"":4078,""68"":0,""17"":-47,""18"":23,""19"":-2,""13201"":286,""241"":26801,""16"":177197,""12"":769,""449"":0,""636"":110218764,""11"":893510181,""238"":0,""14"":2540732448,""387"":""2b3431353436332e303333332d303038343139332e393833332b3030302e3030302f""}"
2026-07-18T09:22:23Z,862272088833183,Codec8E,2026-07-18 09:22:01.000 UTC,1784366521000,0,41.5463033,-8.4193983,0,0,0,0,303,"{""239"":0,""240"":0,""80"":0,""21"":4,""200"":3,""69"":3,""237"":2,""113"":100,""263"":1,""303"":1,""383"":3,""66"":12463,""206"":26,""67"":4075,""68"":0,""17"":-34,""18"":39,""19"":-3,""13201"":286,""241"":26801,""16"":177197,""12"":769,""449"":0,""636"":110218764,""11"":893510181,""238"":0,""14"":2540732448,""387"":""2b3431353436332e303333332d303038343139332e393833332b3030302e3030302f""}"
2026-07-18T09:22:23Z,862272088833183,Codec8E,2026-07-18 09:22:02.000 UTC,1784366522000,0,41.5463033,-8.4193983,0,0,0,0,303,"{""239"":0,""240"":0,""80"":0,""21"":4,""200"":3,""69"":3,""237"":2,""113"":100,""263"":1,""303"":0,""383"":3,""66"":12463,""206"":26,""67"":4077,""68"":0,""17"":-24,""18"":39,""19"":-2,""13201"":286,""241"":26801,""16"":177197,""12"":769,""449"":0,""636"":110218764,""11"":893510181,""238"":0,""14"":2540732448,""387"":""2b3431353436332e303333332d303038343139332e393833332b3030302e3030302f""}"
2026-07-18T09:22:23Z,862272088833183,Codec8E,2026-07-18 09:22:08.000 UTC,1784366528000,0,41.5463033,-8.4193983,0,0,0,0,303,"{""239"":0,""240"":0,""80"":0,""21"":4,""200"":3,""69"":3,""237"":2,""113"":100,""263"":1,""303"":1,""383"":3,""66"":12468,""206"":26,""67"":4079,""68"":0,""17"":-13,""18"":41,""19"":-5,""13201"":288,""241"":26801,""16"":177197,""12"":769,""449"":0,""636"":110218764,""11"":893510181,""238"":0,""14"":2540732448,""387"":""2b3431353436332e303333332d303038343139332e393833332b3030302e3030302f""}"
2026-07-18T09:22:23Z,862272088833183,Codec8E,2026-07-18 09:22:10.000 UTC,1784366530000,0,41.5463033,-8.4193983,0,0,0,0,240,"{""239"":0,""240"":1,""80"":1,""21"":4,""200"":0,""69"":2,""237"":2,""113"":100,""263"":1,""303"":1,""383"":3,""181"":0,""182"":0,""66"":12349,""24"":0,""206"":26,""67"":4076,""68"":0,""13"":47,""17"":-33,""18"":49,""19"":-8,""15"":1000,""13201"":288,""241"":26801,""199"":0,""16"":177197,""12"":769,""449"":0,""636"":110218764,""11"":893510181,""238"":0,""14"":2540732448,""387"":""2b3431353436332e303333332d303038343139332e393833332b3030302e3030302f""}"
2026-07-18T09:22:26Z,862272088833183,Codec8E,2026-07-18 09:22:12.000 UTC,1784366532000,0,41.5463033,-8.4193983,0,0,0,0,303,"{""239"":0,""240"":1,""80"":1,""21"":4,""200"":0,""69"":2,""237"":2,""113"":100,""263"":1,""303"":0,""383"":3,""181"":0,""182"":0,""66"":12133,""24"":0,""206"":26,""67"":4075,""68"":0,""13"":47,""17"":-33,""18"":55,""19"":-7,""15"":1000,""13201"":289,""241"":26801,""199"":0,""16"":177197,""12"":769,""449"":0,""636"":110218764,""11"":893510181,""238"":0,""14"":2540732448,""387"":""2b3431353436332e303333332d303038343139332e393833332b3030302e3030302f""}"
2026-07-18T09:23:15Z,862272088833183,Codec8E,2026-07-18 09:23:11.000 UTC,1784366591000,0,41.5463033,-8.4193983,0,0,0,0,240,"{""239"":0,""240"":0,""80"":0,""21"":4,""200"":0,""69"":2,""237"":2,""113"":100,""263"":1,""303"":0,""383"":3,""181"":0,""182"":0,""66"":11929,""24"":0,""206"":26,""67"":4075,""68"":0,""13"":47,""17"":-23,""18"":55,""19"":7,""15"":1000,""13201"":293,""241"":26801,""199"":0,""16"":177197,""12"":769,""449"":0,""636"":110218764,""11"":893510181,""238"":0,""14"":2540732448,""387"":""2b3431353436332e303333332d303038343139332e393833332b3030302e3030302f""}"
2026-07-18T09:24:23Z,862272088833183,Codec8E,2026-07-18 09:23:28.000 UTC,1784366608000,0,41.5463033,-8.4193983,0,0,0,0,303,"{""239"":0,""240"":0,""80"":0,""21"":4,""200"":0,""69"":2,""237"":2,""113"":100,""263"":1,""303"":1,""383"":3,""181"":0,""182"":0,""66"":11936,""24"":0,""206"":26,""67"":4075,""68"":0,""13"":47,""17"":-30,""18"":51,""19"":6,""15"":1000,""13201"":295,""241"":26801,""199"":0,""16"":177197,""12"":769,""449"":0,""636"":110218764,""11"":893510181,""238"":0,""14"":2540732448,""387"":""2b3431353436332e303333332d303038343139332e393833332b3030302e3030302f""}"
2026-07-18T09:24:23Z,862272088833183,Codec8E,2026-07-18 09:23:30.000 UTC,1784366610000,0,41.5463033,-8.4193983,0,0,0,0,240,"{""239"":0,""240"":1,""80"":1,""21"":4,""200"":0,""69"":2,""237"":2,""113"":100,""263"":1,""303"":1,""383"":3,""181"":0,""182"":0,""66"":11938,""24"":0,""206"":26,""67"":4075,""68"":0,""13"":47,""17"":-27,""18"":43,""19"":-21,""15"":1000,""13201"":295,""241"":26801,""199"":0,""16"":177197,""12"":769,""449"":0,""636"":110218764,""11"":893510181,""238"":0,""14"":2540732448,""387"":""2b3431353436332e303333332d303038343139332e393833332b3030302e3030302f""}"
2026-07-18T09:24:23Z,862272088833183,Codec8E,2026-07-18 09:23:34.000 UTC,1784366614000,0,41.5463033,-8.4193983,0,0,0,0,303,"{""239"":0,""240"":1,""80"":1,""21"":4,""200"":0,""69"":2,""237"":2,""113"":100,""263"":1,""303"":0,""383"":3,""181"":0,""182"":0,""66"":11928,""24"":0,""206"":26,""67"":4075,""68"":0,""13"":47,""17"":-65,""18"":47,""19"":70,""15"":1000,""13201"":296,""241"":26801,""199"":0,""16"":177197,""12"":769,""449"":0,""636"":110218764,""11"":893510181,""238"":0,""14"":2540732448,""387"":""2b3431353436332e303333332d303038343139332e393833332b3030302e3030302f""}"
2026-07-18T09:24:23Z,862272088833183,Codec8E,2026-07-18 09:23:36.000 UTC,1784366616000,0,41.5463033,-8.4193983,0,0,0,0,303,"{""239"":0,""240"":1,""80"":1,""21"":4,""200"":0,""69"":2,""237"":2,""113"":100,""263"":1,""303"":1,""383"":3,""181"":0,""182"":0,""66"":11772,""24"":0,""206"":26,""67"":4075,""68"":0,""13"":47,""17"":-68,""18"":-18,""19"":87,""15"":1000,""13201"":296,""241"":26801,""199"":0,""16"":177197,""12"":769,""449"":0,""636"":110218764,""11"":893510181,""238"":0,""14"":2540732448,""387"":""2b3431353436332e303333332d303038343139332e393833332b3030302e3030302f""}"
2026-07-18T09:24:23Z,862272088833183,Codec8E,2026-07-18 09:23:45.000 UTC,1784366625000,0,41.5463033,-8.4193983,0,0,0,0,239,"{""239"":1,""240"":1,""80"":1,""21"":4,""200"":0,""69"":2,""237"":2,""113"":100,""263"":1,""303"":1,""383"":3,""181"":0,""182"":0,""66"":14071,""24"":0,""206"":26,""67"":4077,""68"":0,""13"":47,""17"":7,""18"":41,""19"":-20,""15"":1000,""13201"":298,""241"":26801,""199"":0,""16"":177197,""12"":769,""449"":0,""636"":110218764,""11"":893510181,""238"":0,""14"":2540732448,""387"":""2b3431353436332e303333332d303038343139332e393833332b3030302e3030302f""}"
2026-07-18T09:34:25Z,862272088833183,Codec8E,2026-07-18 09:24:54.000 UTC,1784366694000,0,41.5463033,-8.4193983,0,0,0,0,303,"{""239"":1,""240"":1,""80"":1,""21"":5,""200"":0,""69"":2,""237"":2,""113"":100,""263"":1,""303"":0,""383"":3,""30"":0,""31"":14,""32"":39,""33"":0,""35"":39,""37"":0,""38"":252,""39"":25,""181"":0,""182"":0,""66"":14176,""24"":0,""206"":26,""67"":4079,""68"":0,""13"":47,""17"":3,""18"":48,""19"":-16,""15"":1000,""13201"":304,""36"":1011,""40"":194,""43"":0,""241"":26801,""199"":0,""16"":177197,""12"":769,""449"":0,""636"":110218794,""11"":893510181,""238"":0,""14"":2540732448,""387"":""2b3431353436332e303333332d303038343139332e393833332b3030302e3030302f""}"
2026-07-18T09:34:25Z,862272088833183,Codec8E,2026-07-18 09:25:04.000 UTC,1784366704000,0,41.5463033,-8.4193983,0,0,0,0,303,"{""239"":1,""240"":1,""80"":1,""21"":5,""200"":0,""69"":2,""237"":2,""113"":100,""263"":1,""303"":1,""383"":3,""30"":0,""31"":14,""32"":40,""33"":7,""35"":39,""37"":0,""38"":4,""39"":25,""181"":0,""182"":0,""66"":14208,""24"":0,""206"":26,""67"":4079,""68"":0,""13"":47,""17"":365,""18"":405,""19"":599,""15"":1000,""13201"":307,""36"":1083,""40"":219,""43"":0,""241"":26801,""199"":0,""16"":177197,""12"":769,""449"":0,""636"":110218794,""11"":893510181,""238"":0,""14"":2540732448,""387"":""2b3431353436332e303333332d303038343139332e393833332b3030302e3030302f""}"
2026-07-18T09:34:25Z,862272088833183,Codec8E,2026-07-18 09:26:24.000 UTC,1784366784000,0,41.5505616,-8.4117066,176,57,7,11,0,"{""239"":1,""240"":1,""80"":1,""21"":5,""200"":0,""69"":1,""237"":2,""113"":100,""263"":1,""303"":1,""383"":3,""30"":0,""31"":40,""32"":47,""33"":0,""35"":116,""37"":36,""38"":246,""39"":29,""181"":17,""182"":14,""66"":14215,""24"":11,""206"":26,""67"":4076,""68"":0,""13"":47,""17"":19,""18"":29,""19"":153,""15"":1000,""13201"":311,""36"":2331,""40"":166,""43"":0,""241"":26801,""199"":0,""16"":177992,""12"":769,""449"":0,""636"":110170153,""11"":893510181,""238"":0,""14"":2540732448,""387"":""2b3431353530352e363136372d303038343131372e303636372b3030302e3137362f""}"
2026-07-18T09:34:25Z,862272088833183,Codec8E,2026-07-18 09:26:27.000 UTC,1784366787000,0,41.5507150,-8.4113383,177,60,7,25,0,"{""239"":1,""240"":1,""80"":1,""21"":5,""200"":0,""69"":1,""237"":2,""113"":100,""263"":1,""303"":1,""383"":3,""30"":0,""31"":40,""32"":47,""33"":0,""35"":116,""37"":36,""38"":246,""39"":29,""181"":17,""182"":14,""66"":14225,""24"":25,""206"":26,""67"":4078,""68"":0,""13"":47,""17"":10,""18"":-9,""19"":7,""15"":1000,""13201"":313,""36"":2331,""40"":166,""43"":0,""241"":26801,""199"":35,""16"":178027,""12"":769,""449"":0,""636"":110170153,""11"":893510181,""238"":0,""14"":2540732448,""387"":""2b3431353530372e313530302d303038343131332e333833332b3030302e3137372f""}"
2026-07-18T09:34:27Z,862272088833183,Codec8E,2026-07-18 09:26:30.000 UTC,1784366790000,0,41.5508716,-8.4109566,178,60,7,36,0,"{""239"":1,""240"":1,""80"":1,""21"":5,""200"":0,""69"":1,""237"":2,""113"":100,""263"":1,""303"":1,""383"":3,""30"":0,""31"":41,""32"":47,""33"":254,""35"":30,""37"":42,""38"":228,""39"":28,""181"":17,""182"":14,""66"":14219,""24"":36,""206"":26,""67"":4075,""68"":0,""13"":47,""17"":-52,""18"":18,""19"":151,""15"":1000,""13201"":313,""36"":2146,""40"":1152,""43"":0,""241"":26801,""199"":72,""16"":178064,""12"":769,""449"":0,""636"":110170153,""11"":893510181,""238"":0,""14"":2540732448,""387"":""2b3431353530382e373136372d303038343130392e353636372b3030302e3137382f""}"
2026-07-18T09:34:27Z,862272088833183,Codec8E,2026-07-18 09:26:34.000 UTC,1784366794000,0,41.5511366,-8.4103583,178,60,7,47,0,"{""239"":1,""240"":1,""80"":1,""21"":5,""200"":0,""69"":1,""237"":2,""113"":100,""263"":1,""303"":1,""383"":3,""30"":0,""31"":58,""32"":47,""33"":253,""35"":136,""37"":54,""38"":226,""39"":29,""181"":17,""182"":14,""66"":14235,""24"":47,""206"":26,""67"":4079,""68"":0,""13"":47,""17"":-31,""18"":0,""19"":37,""15"":1000,""13201"":315,""36"":2666,""40"":1294,""43"":0,""241"":26801,""199"":129,""16"":178121,""12"":769,""449"":0,""636"":110170153,""11"":893510181,""238"":0,""14"":2540732448,""387"":""2b3431353531312e333636372d303038343130332e353833332b3030302e3137382f""}"
2026-07-18T09:34:27Z,862272088833183,Codec8E,2026-07-18 09:26:36.000 UTC,1784366796000,0,41.5513466,-8.4098550,179,61,7,53,255,"{""239"":1,""240"":1,""80"":1,""21"":5,""200"":0,""69"":1,""237"":2,""113"":100,""263"":1,""303"":1,""383"":3,""30"":0,""31"":58,""32"":47,""33"":253,""35"":136,""37"":54,""38"":226,""39"":29,""255"":53,""181"":17,""182"":14,""66"":14226,""24"":53,""206"":26,""67"":4079,""68"":0,""13"":47,""17"":26,""18"":64,""19"":110,""15"":1000,""13201"":315,""36"":2666,""40"":1294,""43"":0,""241"":26801,""199"":177,""16"":178169,""12"":769,""449"":0,""636"":110136875,""11"":893510181,""238"":0,""14"":2540732448,""387"":""2b3431353531332e343636372d303038343039382e353530302b3030302e3137392f""}"
2026-07-18T09:34:27Z,862272088833183,Codec8E,2026-07-18 09:26:43.000 UTC,1784366803000,0,41.5517916,-8.4087450,179,64,8,61,0,"{""239"":1,""240"":1,""80"":1,""21"":5,""200"":0,""69"":1,""237"":2,""113"":100,""263"":1,""303"":1,""383"":3,""30"":0,""31"":37,""32"":48,""33"":247,""35"":26,""37"":62,""38"":226,""39"":30,""181"":15,""182"":12,""66"":14243,""24"":61,""206"":26,""67"":4079,""68"":0,""13"":47,""17"":76,""18"":-18,""19"":109,""15"":1000,""13201"":316,""36"":2296,""40"":172,""43"":0,""241"":26801,""199"":282,""16"":178274,""12"":769,""449"":0,""636"":110170154,""11"":893510181,""238"":0,""14"":2540732448,""387"":""2b3431353531372e393136372d303038343038372e343530302b3030302e3137392f""}"
2026-07-18T09:34:28Z,862272088833183,Codec8E,2026-07-18 09:26:49.000 UTC,1784366809000,0,41.5522683,-8.4076366,179,59,8,65,0,"{""239"":1,""240"":1,""80"":1,""21"":5,""200"":0,""69"":1,""237"":2,""113"":100,""263"":1,""303"":1,""383"":3,""30"":0,""31"":7,""32"":48,""33"":21,""35"":84,""37"":62,""38"":240,""39"":31,""181"":15,""182"":12,""66"":14239,""24"":65,""206"":26,""67"":4079,""68"":0,""13"":47,""17"":101,""18"":28,""19"":31,""15"":1000,""13201"":317,""36"":2256,""40"":1641,""43"":0,""241"":26801,""199"":388,""16"":178380,""12"":769,""449"":0,""636"":110136875,""11"":893510181,""238"":0,""14"":2540732448,""387"":""2b3431353532322e363833332d303038343037362e333636372b3030302e3137392f""}"
2026-07-18T09:34:28Z,862272088833183,Codec8E,2026-07-18 09:26:55.000 UTC,1784366815000,0,41.5527266,-8.4065416,180,60,8,61,0,"{""239"":1,""240"":1,""80"":1,""21"":5,""200"":0,""69"":1,""237"":2,""113"":100,""263"":1,""303"":1,""383"":3,""30"":0,""31"":47,""32"":49,""33"":248,""35"":53,""37"":62,""38"":240,""39"":31,""181"":15,""182"":12,""66"":14257,""24"":61,""206"":26,""67"":4079,""68"":0,""13"":47,""17"":11,""18"":32,""19"":19,""15"":1000,""13201"":317,""36"":2313,""40"":805,""43"":0,""241"":26801,""199"":493,""16"":178485,""12"":769,""449"":0,""636"":110136874,""11"":893510181,""238"":0,""14"":2540732448,""387"":""2b3431353532372e323636372d303038343036352e343136372b3030302e3138302f""}"
2026-07-18T09:34:28Z,862272088833183,Codec8E,2026-07-18 09:27:01.000 UTC,1784366821000,0,41.5531800,-8.4054233,178,63,8,64,0,"{""239"":1,""240"":1,""80"":1,""21"":5,""200"":0,""69"":1,""237"":2,""113"":100,""263"":1,""303"":1,""383"":3,""30"":0,""31"":5,""32"":49,""33"":0,""35"":18,""37"":66,""38"":233,""39"":31,""181"":15,""182"":12,""66"":14235,""24"":64,""206"":26,""67"":4078,""68"":0,""13"":47,""17"":82,""18"":76,""19"":13,""15"":1000,""13201"":318,""36"":1541,""40"":191,""43"":0,""241"":26801,""199"":599,""16"":178591,""12"":769,""449"":0,""636"":110136874,""11"":893510181,""238"":0,""14"":2540732448,""387"":""2b3431353533312e383030302d303038343035342e323333332b3030302e3137382f""}"
2026-07-18T09:34:28Z,862272088833183,Codec8E,2026-07-18 09:27:07.000 UTC,1784366827000,0,41.5536950,-8.4041599,176,61,8,70,0,"{""239"":1,""240"":1,""80"":1,""21"":5,""200"":0,""69"":1,""237"":2,""113"":100,""263"":1,""303"":1,""383"":3,""30"":0,""31"":24,""32"":50,""33"":253,""35"":80,""37"":70,""38"":243,""39"":32,""181"":15,""182"":12,""66"":14234,""24"":70,""206"":26,""67"":4079,""68"":0,""13"":47,""17"":118,""18"":39,""19"":130,""15"":1000,""13201"":318,""36"":1846,""40"":316,""43"":0,""241"":26801,""199"":718,""16"":178710,""12"":769,""449"":0,""636"":110136874,""11"":893510181,""238"":0,""14"":2540732448,""387"":""2b3431353533362e393530302d303038343034312e363030302b3030302e3137362f""}"
2026-07-18T09:34:29Z,862272088833183,Codec8E,2026-07-18 09:27:13.000 UTC,1784366833000,0,41.5542000,-8.4029216,174,62,8,70,0,"{""239"":1,""240"":1,""80"":1,""21"":5,""200"":0,""69"":1,""237"":2,""113"":100,""263"":1,""303"":1,""383"":3,""30"":0,""31"":3,""32"":50,""33"":0,""35"":62,""37"":68,""38"":242,""39"":31,""181"":15,""182"":12,""66"":14232,""24"":70,""206"":26,""67"":4078,""68"":0,""13"":47,""17"":6,""18"":29,""19"":10,""15"":1000,""13201"":319,""36"":1790,""40"":1019,""43"":0,""241"":26801,""199"":836,""16"":178828,""12"":769,""449"":0,""636"":110136874,""11"":893510181,""238"":0,""14"":2540732448,""387"":""2b3431353534322e303030302d303038343032392e323136372b3030302e3137342f""}"
2026-07-18T09:34:29Z,862272088833183,Codec8E,2026-07-18 09:27:19.000 UTC,1784366839000,0,41.5547116,-8.4017083,173,59,8,68,0,"{""239"":1,""240"":1,""80"":1,""21"":5,""200"":0,""69"":1,""237"":2,""113"":100,""263"":1,""303"":1,""383"":3,""30"":0,""31"":17,""32"":50,""33"":3,""35"":53,""37"":67,""38"":244,""39"":31,""181"":15,""182"":12,""66"":14213,""24"":68,""206"":26,""67"":4079,""68"":0,""13"":47,""17"":186,""18"":-40,""19"":-156,""15"":1000,""13201"":319,""36"":1760,""40"":86,""43"":0,""241"":26801,""199"":951,""16"":178943,""12"":769,""449"":0,""636"":110136873,""11"":893510181,""238"":0,""14"":2540732448,""387"":""2b3431353534372e313136372d303038343031372e303833332b3030302e3137332f""}"
2026-07-18T09:34:29Z,862272088833183,Codec8E,2026-07-18 09:27:23.000 UTC,1784366843000,0,41.5549799,-8.4010850,172,62,8,54,0,"{""239"":1,""240"":1,""80"":1,""21"":5,""200"":0,""69"":1,""237"":2,""113"":100,""263"":1,""303"":1,""383"":3,""30"":0,""31"":17,""32"":50,""33"":3,""35"":53,""37"":67,""38"":244,""39"":31,""181"":15,""182"":12,""66"":14183,""24"":54,""206"":26,""67"":4079,""68"":0,""13"":47,""17"":180,""18"":454,""19"":67,""15"":1000,""13201"":319,""36"":1760,""40"":86,""43"":0,""241"":26801,""199"":1011,""16"":179003,""12"":769,""449"":0,""636"":110136873,""11"":893510181,""238"":0,""14"":2540732448,""387"":""2b3431353534392e383030302d303038343031302e383530302b3030302e3137322f""}"
2026-07-18T09:34:29Z,862272088833183,Codec8E,2026-07-18 09:27:23.010 UTC,1784366843010,0,41.5549833,-8.4009833,172,83,7,48,255,"{""239"":1,""240"":1,""80"":1,""21"":5,""200"":0,""69"":1,""237"":2,""113"":100,""263"":1,""303"":1,""383"":3,""30"":0,""31"":5,""32"":50,""33"":249,""35"":50,""37"":36,""38"":243,""39"":31,""255"":48,""181"":17,""182"":14,""66"":14218,""24"":48,""206"":26,""67"":4078,""68"":0,""13"":47,""17"":89,""18"":293,""19"":-38,""15"":1000,""13201"":319,""36"":999,""40"":147,""43"":0,""241"":26801,""199"":1020,""16"":179012,""12"":769,""449"":0,""636"":110136873,""11"":893510181,""238"":0,""14"":2540732448,""387"":""2b3431353534392e383333332d303038343030392e383333332b3030302e3137322f""}"
2026-07-18T09:34:29Z,862272088833183,Codec8E,2026-07-18 09:27:23.020 UTC,1784366843020,0,41.5549833,-8.4009833,172,83,7,48,253,"{""239"":1,""240"":1,""80"":1,""21"":5,""200"":0,""69"":1,""237"":2,""113"":100,""263"":1,""303"":1,""383"":3,""30"":0,""31"":5,""32"":50,""33"":249,""35"":50,""37"":36,""38"":243,""39"":31,""253"":3,""254"":31,""181"":17,""182"":14,""66"":14218,""24"":48,""206"":26,""67"":4078,""68"":0,""13"":47,""17"":89,""18"":293,""19"":-38,""15"":1000,""13201"":319,""36"":999,""40"":147,""43"":0,""241"":26801,""199"":1020,""16"":179012,""12"":769,""449"":0,""636"":110136873,""11"":893510181,""238"":0,""14"":2540732448,""387"":""2b3431353534392e383333332d303038343030392e383333332b3030302e3137322f""}"
2026-07-18T09:34:29Z,862272088833183,Codec8E,2026-07-18 09:27:24.000 UTC,1784366844000,0,41.5549483,-8.4009100,171,107,7,41,253,"{""239"":1,""240"":1,""80"":1,""21"":5,""200"":0,""69"":1,""237"":2,""113"":100,""263"":1,""303"":1,""383"":3,""30"":0,""31"":5,""32"":50,""33"":249,""35"":50,""37"":36,""38"":243,""39"":31,""253"":3,""254"":34,""181"":17,""182"":14,""66"":14225,""24"":41,""206"":26,""67"":4078,""68"":0,""13"":47,""17"":25,""18"":135,""19"":116,""15"":1000,""13201"":319,""36"":999,""40"":147,""43"":0,""241"":26801,""199"":1027,""16"":179019,""12"":769,""449"":0,""636"":110136873,""11"":893510181,""238"":0,""14"":2540732448,""387"":""2b3431353534392e343833332d303038343030392e313030302b3030302e3137312f""}"
2026-07-18T09:34:29Z,862272088833183,Codec8E,2026-07-18 09:27:26.000 UTC,1784366846000,0,41.5549049,-8.4008500,171,118,8,36,0,"{""239"":1,""240"":1,""80"":1,""21"":5,""200"":0,""69"":1,""237"":2,""113"":100,""263"":1,""303"":1,""383"":3,""30"":0,""31"":5,""32"":50,""33"":249,""35"":50,""37"":36,""38"":243,""39"":31,""181"":15,""182"":12,""66"":14230,""24"":36,""206"":26,""67"":4078,""68"":0,""13"":47,""17"":26,""18"":32,""19"":215,""15"":1000,""13201"":319,""36"":999,""40"":147,""43"":0,""241"":26801,""199"":1034,""16"":179026,""12"":769,""449"":0,""636"":110136873,""11"":893510181,""238"":0,""14"":2540732448,""387"":""2b3431353534392e303530302d303038343030382e353030302b3030302e3137312f""}"
2026-07-18T09:34:29Z,862272088833183,Codec8E,2026-07-18 09:27:27.000 UTC,1784366847000,0,41.5548450,-8.4007983,171,135,8,33,0,"{""239"":1,""240"":1,""80"":1,""21"":5,""200"":0,""69"":1,""237"":2,""113"":100,""263"":1,""303"":1,""383"":3,""30"":0,""31"":5,""32"":50,""33"":249,""35"":50,""37"":36,""38"":243,""39"":31,""181"":15,""182"":12,""66"":14255,""24"":33,""206"":26,""67"":4079,""68"":0,""13"":47,""17"":-65,""18"":22,""19"":135,""15"":333,""13201"":319,""36"":999,""40"":147,""43"":0,""241"":26801,""199"":1042,""16"":179034,""12"":769,""449"":0,""636"":110136873,""11"":893510181,""238"":0,""14"":2540732448,""387"":""2b3431353534382e343530302d303038343030372e393833332b3030302e3137312f""}"
2026-07-18T09:34:30Z,862272088833183,Codec8E,2026-07-18 09:27:28.000 UTC,1784366848000,0,41.5547600,-8.4007533,170,146,8,32,0,"{""239"":1,""240"":1,""80"":1,""21"":5,""200"":0,""69"":1,""237"":2,""113"":100,""263"":1,""303"":1,""383"":3,""30"":0,""31"":10,""32"":50,""33"":0,""35"":100,""37"":28,""38"":243,""39"":32,""181"":15,""182"":12,""66"":14229,""24"":32,""206"":26,""67"":4078,""68"":0,""13"":47,""17"":-15,""18"":31,""19"":38,""15"":333,""13201"":319,""36"":1901,""40"":802,""43"":0,""241"":26801,""199"":1052,""16"":179044,""12"":769,""449"":0,""636"":110136873,""11"":893510181,""238"":0,""14"":2540732448,""387"":""2b3431353534372e363030302d303038343030372e353333332b3030302e3137302f""}"
2026-07-18T09:34:30Z,862272088833183,Codec8E,2026-07-18 09:27:37.000 UTC,1784366857000,0,41.5541016,-8.4003150,169,159,8,26,0,"{""239"":1,""240"":1,""80"":1,""21"":5,""200"":0,""69"":1,""237"":2,""113"":100,""263"":1,""303"":1,""383"":3,""30"":0,""31"":32,""32"":50,""33"":254,""35"":59,""37"":38,""38"":237,""39"":31,""181"":15,""182"":12,""66"":14220,""24"":26,""206"":26,""67"":4079,""68"":0,""13"":47,""17"":-57,""18"":118,""19"":183,""15"":333,""13201"":320,""36"":2491,""40"":88,""43"":0,""241"":26801,""199"":1134,""16"":179126,""12"":769,""449"":0,""636"":110136873,""11"":893510181,""238"":0,""14"":2540732448,""387"":""2b3431353534312e303136372d303038343030332e313530302b3030302e3136392f""}"
2026-07-18T09:34:30Z,862272088833183,Codec8E,2026-07-18 09:27:47.000 UTC,1784366867000,0,41.5533383,-8.3999116,169,167,7,37,0,"{""239"":1,""240"":1,""80"":1,""21"":5,""200"":0,""69"":1,""237"":2,""113"":100,""263"":1,""303"":1,""383"":3,""30"":0,""31"":58,""32"":51,""33"":249,""35"":99,""37"":43,""38"":234,""39"":33,""181"":16,""182"":14,""66"":14251,""24"":37,""206"":26,""67"":4079,""68"":0,""13"":47,""17"":122,""18"":-19,""19"":35,""15"":333,""13201"":320,""36"":2658,""40"":627,""43"":0,""241"":26801,""199"":1225,""16"":179217,""12"":769,""449"":0,""636"":110377514,""11"":893510181,""238"":0,""14"":2540732448,""387"":""2b3431353533332e333833332d303038333939392e313136372b3030302e3136392f""}"
2026-07-18T09:34:30Z,862272088833183,Codec8E,2026-07-18 09:27:51.000 UTC,1784366871000,0,41.5529266,-8.3997666,168,155,7,40,0,"{""239"":1,""240"":1,""80"":1,""21"":5,""200"":0,""69"":1,""237"":2,""113"":100,""263"":1,""303"":1,""383"":3,""30"":0,""31"":16,""32"":51,""33"":251,""35"":25,""37"":40,""38"":244,""39"":32,""181"":16,""182"":14,""66"":14249,""24"":40,""206"":26,""67"":4079,""68"":0,""13"":47,""17"":-35,""18"":-436,""19"":-33,""15"":333,""13201"":320,""36"":2071,""40"":211,""43"":0,""241"":26801,""199"":1273,""16"":179265,""12"":769,""449"":0,""636"":110377514,""11"":893510181,""238"":0,""14"":2540732448,""387"":""2b3431353532392e323636372d303038333939372e363636372b3030302e3136382f""}"
2026-07-18T10:56:48Z,862272088833183,Codec8E,2026-07-18 09:27:52.000 UTC,1784366872000,0,41.5528600,-8.3996850,168,139,7,40,0,"{""239"":1,""240"":1,""80"":1,""21"":5,""200"":0,""69"":1,""237"":2,""113"":100,""263"":1,""303"":1,""383"":3,""30"":0,""31"":16,""32"":51,""33"":251,""35"":25,""37"":40,""38"":244,""39"":32,""181"":16,""182"":14,""66"":14244,""24"":40,""206"":26,""67"":4078,""68"":0,""13"":47,""17"":-34,""18"":-325,""19"":62,""15"":333,""13201"":320,""36"":2071,""40"":211,""43"":0,""241"":26801,""199"":1283,""16"":179275,""12"":769,""449"":0,""636"":110377514,""11"":893510181,""238"":0,""14"":2540732448,""387"":""2b3431353532382e363030302d303038333939362e383530302b3030302e3136382f""}"
2026-07-18T10:56:48Z,862272088833183,Codec8E,2026-07-18 09:27:55.000 UTC,1784366875000,0,41.5527683,-8.3993816,168,100,7,37,0,"{""239"":1,""240"":1,""80"":1,""21"":5,""200"":0,""69"":1,""237"":2,""113"":100,""263"":1,""303"":1,""383"":3,""30"":0,""31"":16,""32"":51,""33"":251,""35"":25,""37"":40,""38"":244,""39"":32,""181"":25,""182"":14,""66"":14243,""24"":37,""206"":26,""67"":4079,""68"":0,""13"":47,""17"":12,""18"":45,""19"":166,""15"":333,""13201"":320,""36"":2071,""40"":211,""43"":0,""241"":26801,""199"":1315,""16"":179307,""12"":769,""449"":0,""636"":110344243,""11"":893510181,""238"":0,""14"":2540732448,""387"":""2b3431353532372e363833332d303038333939332e383136372b3030302e3136382f""}"
2026-07-18T10:56:48Z,862272088833183,Codec8E,2026-07-18 09:27:55.010 UTC,1784366875010,0,41.5527683,-8.3993816,168,100,7,37,253,"{""239"":1,""240"":1,""80"":1,""21"":5,""200"":0,""69"":1,""237"":2,""113"":100,""263"":1,""303"":1,""383"":3,""30"":0,""31"":16,""32"":51,""33"":251,""35"":25,""37"":40,""38"":244,""39"":32,""253"":3,""254"":55,""181"":25,""182"":14,""66"":14241,""24"":37,""206"":26,""67"":4079,""68"":0,""13"":47,""17"":12,""18"":45,""19"":166,""15"":333,""13201"":320,""36"":2071,""40"":211,""43"":0,""241"":26801,""199"":1315,""16"":179307,""12"":769,""449"":0,""636"":110344243,""11"":893510181,""238"":0,""14"":2540732448,""387"":""2b3431353532372e363833332d303038333939332e383136372b3030302e3136382f""}"
2026-07-18T10:56:48Z,862272088833183,Codec8E,2026-07-18 09:27:56.000 UTC,1784366876000,0,41.5528366,-8.3992416,168,76,7,37,0,"{""239"":1,""240"":1,""80"":1,""21"":5,""200"":0,""69"":1,""237"":2,""113"":100,""263"":1,""303"":1,""383"":3,""30"":0,""31"":19,""32"":51,""33"":19,""35"":106,""37"":38,""38"":244,""39"":34,""181"":25,""182"":14,""66"":14232,""24"":37,""206"":26,""67"":4077,""68"":0,""13"":47,""17"":21,""18"":54,""19"":163,""15"":333,""13201"":321,""36"":1933,""40"":1725,""43"":0,""241"":26801,""199"":1329,""16"":179321,""12"":769,""449"":0,""636"":110344243,""11"":893510181,""238"":0,""14"":2540732448,""387"":""2b3431353532382e333636372d303038333939322e343136372b3030302e3136382f""}"
2026-07-18T10:56:48Z,862272088833183,Codec8E,2026-07-18 09:27:56.010 UTC,1784366876010,0,41.5528366,-8.3992416,168,76,7,37,253,"{""239"":1,""240"":1,""80"":1,""21"":5,""200"":0,""69"":1,""237"":2,""113"":100,""263"":1,""303"":1,""383"":3,""30"":0,""31"":19,""32"":51,""33"":19,""35"":106,""37"":38,""38"":244,""39"":34,""253"":3,""254"":40,""181"":25,""182"":14,""66"":14232,""24"":37,""206"":26,""67"":4077,""68"":0,""13"":47,""17"":2,""18"":106,""19"":146,""15"":333,""13201"":321,""36"":1933,""40"":1725,""43"":0,""241"":26801,""199"":1329,""16"":179321,""12"":769,""449"":0,""636"":110344243,""11"":893510181,""238"":0,""14"":2540732448,""387"":""2b3431353532382e333636372d303038333939322e343136372b3030302e3136382f""}"
2026-07-18T10:56:48Z,862272088833183,Codec8E,2026-07-18 09:28:01.000 UTC,1784366881000,0,41.5530516,-8.3983999,168,79,6,48,0,"{""239"":1,""240"":1,""80"":1,""21"":5,""200"":0,""69"":1,""237"":2,""113"":100,""263"":1,""303"":1,""383"":3,""30"":0,""31"":54,""32"":51,""33"":250,""35"":113,""37"":54,""38"":240,""39"":34,""181"":17,""182"":15,""66"":14227,""24"":48,""206"":26,""67"":4079,""68"":0,""13"":47,""17"":31,""18"":-8,""19"":44,""15"":333,""13201"":322,""36"":2643,""40"":1838,""43"":0,""241"":26801,""199"":1403,""16"":179395,""12"":769,""449"":0,""636"":110159923,""11"":893510181,""238"":0,""14"":2540732448,""387"":""2b3431353533302e353136372d303038333938342e303030302b3030302e3136382f""}"
2026-07-18T10:56:48Z,862272088833183,Codec8E,2026-07-18 09:28:03.000 UTC,1784366883000,0,41.5530883,-8.3979900,168,86,7,52,255,"{""239"":1,""240"":1,""80"":1,""21"":5,""200"":0,""69"":1,""237"":2,""113"":100,""263"":1,""303"":1,""383"":3,""30"":0,""31"":54,""32"":51,""33"":250,""35"":113,""37"":54,""38"":240,""39"":34,""255"":52,""181"":17,""182"":14,""66"":14236,""24"":52,""206"":26,""67"":4078,""68"":0,""13"":47,""17"":27,""18"":140,""19"":96,""15"":333,""13201"":322,""36"":2643,""40"":1838,""43"":0,""241"":26801,""199"":1437,""16"":179429,""12"":769,""449"":0,""636"":110377524,""11"":893510181,""238"":0,""14"":2540732448,""387"":""2b3431353533302e383833332d303038333937392e393030302b3030302e3136382f""}"
2026-07-18T10:56:48Z,862272088833183,Codec8E,2026-07-18 09:28:10.000 UTC,1784366890000,0,41.5531016,-8.3965966,168,88,7,57,0,"{""239"":1,""240"":1,""80"":1,""21"":5,""200"":0,""69"":1,""237"":2,""113"":100,""263"":1,""303"":1,""383"":3,""30"":0,""31"":32,""32"":52,""33"":252,""35"":109,""37"":57,""38"":245,""39"":35,""181"":16,""182"":14,""66"":14256,""24"":57,""206"":26,""67"":4079,""68"":0,""13"":47,""17"":59,""18"":56,""19"":8,""15"":333,""13201"":322,""36"":2085,""40"":1052,""43"":0,""241"":26801,""199"":1553,""16"":179545,""12"":769,""449"":0,""636"":110344243,""11"":893510181,""238"":0,""14"":2540732448,""387"":""2b3431353533312e303136372d303038333936352e393636372b3030302e3136382f""}"
2026-07-18T10:56:50Z,862272088833183,Codec8E,2026-07-18 09:28:17.000 UTC,1784366897000,0,41.5530866,-8.3954450,168,99,6,45,0,"{""239"":1,""240"":1,""80"":1,""21"":5,""200"":0,""69"":1,""237"":2,""113"":100,""263"":1,""303"":1,""383"":3,""30"":0,""31"":27,""32"":52,""33"":247,""35"":16,""37"":52,""38"":231,""39"":34,""181"":22,""182"":20,""66"":14209,""24"":45,""206"":26,""67"":4079,""68"":0,""13"":47,""17"":138,""18"":287,""19"":10,""15"":333,""13201"":322,""36"":1940,""40"":83,""43"":0,""241"":26801,""199"":1649,""16"":179641,""12"":769,""449"":0,""636"":110590005,""11"":893510181,""238"":0,""14"":2540732448,""387"":""2b3431353533302e383636372d303038333935342e343530302b3030302e3136382f""}"
2026-07-18T10:56:50Z,862272088833183,Codec8E,2026-07-18 09:28:17.010 UTC,1784366897010,0,41.5530866,-8.3954450,168,99,6,45,255,"{""239"":1,""240"":1,""80"":1,""21"":5,""200"":0,""69"":1,""237"":2,""113"":100,""263"":1,""303"":1,""383"":3,""30"":0,""31"":27,""32"":52,""33"":247,""35"":16,""37"":52,""38"":231,""39"":34,""255"":45,""181"":22,""182"":20,""66"":14211,""24"":45,""206"":26,""67"":4079,""68"":0,""13"":47,""17"":1,""18"":229,""19"":-52,""15"":333,""13201"":322,""36"":1940,""40"":83,""43"":0,""241"":26801,""199"":1649,""16"":179641,""12"":769,""449"":0,""636"":110590005,""11"":893510181,""238"":0,""14"":2540732448,""387"":""2b3431353533302e383636372d303038333935342e343530302b3030302e3136382f""}"
2026-07-18T10:56:50Z,862272088833183,Codec8E,2026-07-18 09:28:19.000 UTC,1784366899000,0,41.5530349,-8.3952700,169,120,8,38,0,"{""239"":1,""240"":1,""80"":1,""21"":5,""200"":0,""69"":1,""237"":2,""113"":100,""263"":1,""303"":1,""383"":3,""30"":0,""31"":6,""32"":53,""33"":239,""35"":54,""37"":31,""38"":237,""39"":34,""181"":17,""182"":15,""66"":14257,""24"":38,""206"":26,""67"":4078,""68"":0,""13"":47,""17"":15,""18"":-288,""19"":-83,""15"":333,""13201"":322,""36"":1205,""40"":375,""43"":0,""241"":26801,""199"":1665,""16"":179657,""12"":769,""449"":0,""636"":110590005,""11"":893510181,""238"":0,""14"":2540732448,""387"":""2b3431353533302e333530302d303038333935322e373030302b3030302e3136392f""}"
2026-07-18T10:56:50Z,862272088833183,Codec8E,2026-07-18 09:28:21.000 UTC,1784366901000,0,41.5530250,-8.3951433,169,103,8,31,0,"{""239"":1,""240"":1,""80"":1,""21"":5,""200"":0,""69"":1,""237"":2,""113"":100,""263"":1,""303"":1,""383"":3,""30"":0,""31"":6,""32"":53,""33"":239,""35"":54,""37"":31,""38"":237,""39"":34,""181"":17,""182"":15,""66"":14243,""24"":31,""206"":26,""67"":4078,""68"":0,""13"":47,""17"":-24,""18"":-404,""19"":23,""15"":333,""13201"":322,""36"":1205,""40"":375,""43"":0,""241"":26801,""199"":1676,""16"":179668,""12"":769,""449"":0,""636"":110590005,""11"":893510181,""238"":0,""14"":2540732448,""387"":""2b3431353533302e323530302d303038333935312e343333332b3030302e3136392f""}"
2026-07-18T10:56:50Z,862272088833183,Codec8E,2026-07-18 09:28:22.000 UTC,1784366902000,0,41.5530466,-8.3950850,169,81,8,28,0,"{""239"":1,""240"":1,""80"":1,""21"":5,""200"":0,""69"":1,""237"":2,""113"":100,""263"":1,""303"":1,""383"":3,""30"":0,""31"":6,""32"":53,""33"":239,""35"":54,""37"":31,""38"":237,""39"":34,""181"":22,""182"":15,""66"":14216,""24"":28,""206"":26,""67"":4078,""68"":0,""13"":47,""17"":-54,""18"":-307,""19"":45,""15"":333,""13201"":322,""36"":1205,""40"":375,""43"":0,""241"":26801,""199"":1681,""16"":179673,""12"":769,""449"":0,""636"":110590005,""11"":893510181,""238"":0,""14"":2540732448,""387"":""2b3431353533302e343636372d303038333935302e383530302b3030302e3136392f""}"
2026-07-18T10:56:50Z,862272088833183,Codec8E,2026-07-18 09:28:25.000 UTC,1784366905000,0,41.5531933,-8.3949983,170,54,9,21,0,"{""239"":1,""240"":1,""80"":1,""21"":5,""200"":0,""69"":1,""237"":2,""113"":100,""263"":1,""303"":1,""383"":3,""30"":0,""31"":5,""32"":53,""33"":0,""35"":88,""37"":21,""38"":241,""39"":34,""181"":20,""182"":13,""66"":14206,""24"":21,""206"":26,""67"":4079,""68"":0,""13"":47,""17"":0,""18"":112,""19"":106,""15"":333,""13201"":323,""36"":1529,""40"":838,""43"":0,""241"":26801,""199"":1702,""16"":179694,""12"":769,""449"":0,""636"":110136884,""11"":893510181,""238"":0,""14"":2540732448,""387"":""2b3431353533312e393333332d303038333934392e393833332b3030302e3137302f""}"
2026-07-18T10:56:50Z,862272088833183,Codec8E,2026-07-18 09:28:27.000 UTC,1784366907000,0,41.5533383,-8.3949866,171,18,9,20,0,"{""239"":1,""240"":1,""80"":1,""21"":5,""200"":0,""69"":1,""237"":2,""113"":100,""263"":1,""303"":1,""383"":3,""30"":0,""31"":5,""32"":53,""33"":0,""35"":88,""37"":21,""38"":241,""39"":34,""181"":20,""182"":13,""66"":14230,""24"":20,""206"":26,""67"":4079,""68"":0,""13"":47,""17"":39,""18"":106,""19"":143,""15"":333,""13201"":324,""36"":1529,""40"":838,""43"":0,""241"":26801,""199"":1718,""16"":179710,""12"":769,""449"":0,""636"":110136884,""11"":893510181,""238"":0,""14"":2540732448,""387"":""2b3431353533332e333833332d303038333934392e383636372b3030302e3137312f""}"
2026-07-18T10:56:50Z,862272088833183,Codec8E,2026-07-18 09:28:29.000 UTC,1784366909000,0,41.5535583,-8.3949716,170,6,9,25,0,"{""239"":1,""240"":1,""80"":1,""21"":5,""200"":0,""69"":1,""237"":2,""113"":100,""263"":1,""303"":1,""383"":3,""30"":0,""31"":42,""32"":53,""33"":0,""35"":57,""37"":33,""38"":242,""39"":35,""181"":15,""182"":12,""66"":14233,""24"":25,""206"":26,""67"":4079,""68"":0,""13"":47,""17"":108,""18"":120,""19"":18,""15"":333,""13201"":324,""36"":1674,""40"":1036,""43"":0,""241"":26801,""199"":1742,""16"":179734,""12"":769,""449"":0,""636"":110136884,""11"":893510181,""238"":0,""14"":2540732448,""387"":""2b3431353533352e353833332d303038333934392e373136372b3030302e3137302f""}"
2026-07-18T10:56:51Z,862272088833183,Codec8E,2026-07-18 09:28:39.000 UTC,1784366919000,0,41.5543400,-8.3949616,169,29,8,21,0,"{""239"":1,""240"":1,""80"":1,""21"":5,""200"":0,""69"":1,""237"":2,""113"":100,""263"":1,""303"":1,""383"":3,""30"":0,""31"":4,""32"":53,""33"":0,""35"":27,""37"":19,""38"":243,""39"":34,""181"":16,""182"":14,""66"":14215,""24"":21,""206"":26,""67"":4079,""68"":0,""13"":47,""17"":0,""18"":147,""19"":16,""15"":333,""13201"":324,""36"":753,""40"":147,""43"":0,""241"":26801,""199"":1830,""16"":179822,""12"":769,""449"":0,""636"":110590005,""11"":893510181,""238"":0,""14"":2540732448,""387"":""2b3431353534332e343030302d303038333934392e363136372b3030302e3136392f""}"
2026-07-18T10:56:51Z,862272088833183,Codec8E,2026-07-18 09:28:41.000 UTC,1784366921000,0,41.5543566,-8.3948983,168,57,8,16,0,"{""239"":1,""240"":1,""80"":1,""21"":5,""200"":0,""69"":1,""237"":2,""113"":100,""263"":1,""303"":1,""383"":3,""30"":0,""31"":4,""32"":53,""33"":0,""35"":27,""37"":19,""38"":243,""39"":34,""181"":16,""182"":14,""66"":14208,""24"":16,""206"":26,""67"":4079,""68"":0,""13"":47,""17"":144,""18"":115,""19"":120,""15"":333,""13201"":324,""36"":753,""40"":147,""43"":0,""241"":26801,""199"":1835,""16"":179827,""12"":769,""449"":0,""636"":110590005,""11"":893510181,""238"":0,""14"":2540732448,""387"":""2b3431353534332e353636372d303038333934382e393833332b3030302e3136382f""}"
2026-07-18T10:56:51Z,862272088833183,Codec8E,2026-07-18 09:28:42.000 UTC,1784366922000,0,41.5543566,-8.3948533,168,78,8,14,0,"{""239"":1,""240"":1,""80"":1,""21"":5,""200"":0,""69"":1,""237"":2,""113"":100,""263"":1,""303"":1,""383"":3,""30"":0,""31"":4,""32"":53,""33"":0,""35"":27,""37"":19,""38"":243,""39"":34,""181"":16,""182"":14,""66"":14221,""24"":14,""206"":26,""67"":4078,""68"":0,""13"":47,""17"":-79,""18"":78,""19"":111,""15"":333,""13201"":324,""36"":753,""40"":147,""43"":0,""241"":26801,""199"":1839,""16"":179831,""12"":769,""449"":0,""636"":110590005,""11"":893510181,""238"":0,""14"":2540732448,""387"":""2b3431353534332e353636372d303038333934382e353333332b3030302e3136382f""}"
2026-07-18T10:56:51Z,862272088833183,Codec8E,2026-07-18 09:28:44.000 UTC,1784366924000,0,41.5543400,-8.3947366,167,92,8,15,0,"{""239"":1,""240"":1,""80"":1,""21"":5,""200"":0,""69"":1,""237"":2,""113"":100,""263"":1,""303"":1,""383"":3,""30"":0,""31"":20,""32"":53,""33"":254,""35"":48,""37"":15,""38"":237,""39"":35,""181"":16,""182"":14,""66"":14233,""24"":15,""206"":26,""67"":4079,""68"":0,""13"":47,""17"":-31,""18"":170,""19"":61,""15"":333,""13201"":324,""36"":2043,""40"":894,""43"":0,""241"":26801,""199"":1849,""16"":179841,""12"":769,""449"":0,""636"":110162484,""11"":893510181,""238"":0,""14"":2540732448,""387"":""2b3431353534332e343030302d303038333934372e333636372b3030302e3136372f""}"
2026-07-18T10:56:51Z,862272088833183,Codec8E,2026-07-18 09:28:46.000 UTC,1784366926000,0,41.5543283,-8.3945683,167,103,8,17,0,"{""239"":1,""240"":1,""80"":1,""21"":5,""200"":0,""69"":1,""237"":2,""113"":100,""263"":1,""303"":1,""383"":3,""30"":0,""31"":20,""32"":53,""33"":254,""35"":48,""37"":15,""38"":237,""39"":35,""181"":16,""182"":14,""66"":14241,""24"":17,""206"":26,""67"":4079,""68"":0,""13"":47,""17"":-3,""18"":289,""19"":31,""15"":333,""13201"":324,""36"":2043,""40"":894,""43"":0,""241"":26801,""199"":1863,""16"":179855,""12"":769,""449"":0,""636"":110162484,""11"":893510181,""238"":0,""14"":2540732448,""387"":""2b3431353534332e323833332d303038333934352e363833332b3030302e3136372f""}"
2026-07-18T10:56:51Z,862272088833183,Codec8E,2026-07-18 09:28:47.000 UTC,1784366927000,0,41.5543149,-8.3945149,167,117,8,16,0,"{""239"":1,""240"":1,""80"":1,""21"":5,""200"":0,""69"":1,""237"":2,""113"":100,""263"":1,""303"":1,""383"":3,""30"":0,""31"":20,""32"":53,""33"":254,""35"":48,""37"":15,""38"":237,""39"":35,""181"":16,""182"":14,""66"":14226,""24"":16,""206"":26,""67"":4078,""68"":0,""13"":47,""17"":-72,""18"":265,""19"":83,""15"":333,""13201"":324,""36"":2043,""40"":894,""43"":0,""241"":26801,""199"":1868,""16"":179860,""12"":769,""449"":0,""636"":110162484,""11"":893510181,""238"":0,""14"":2540732448,""387"":""2b3431353534332e313530302d303038333934352e313530302b3030302e3136372f""}"
2026-07-18T10:56:51Z,862272088833183,Codec8E,2026-07-18 09:28:48.000 UTC,1784366928000,0,41.5542466,-8.3944983,167,166,8,15,0,"{""239"":1,""240"":1,""80"":1,""21"":5,""200"":0,""69"":1,""237"":2,""113"":100,""263"":1,""303"":1,""383"":3,""30"":0,""31"":25,""32"":54,""33"":252,""35"":39,""37"":19,""38"":229,""39"":35,""181"":24,""182"":14,""66"":14211,""24"":15,""206"":26,""67"":4079,""68"":0,""13"":47,""17"":105,""18"":-7,""19"":130,""15"":333,""13201"":325,""36"":2463,""40"":752,""43"":0,""241"":26801,""199"":1875,""16"":179867,""12"":769,""449"":0,""636"":110590005,""11"":893510181,""238"":0,""14"":2540732448,""387"":""2b3431353534322e343636372d303038333934342e393833332b3030302e3136372f""}"
2026-07-18T10:56:51Z,862272088833183,Codec8E,2026-07-18 09:28:49.000 UTC,1784366929000,0,41.5541949,-8.3944983,166,185,8,16,0,"{""239"":1,""240"":1,""80"":1,""21"":5,""200"":0,""69"":1,""237"":2,""113"":100,""263"":1,""303"":1,""383"":3,""30"":0,""31"":25,""32"":54,""33"":252,""35"":39,""37"":19,""38"":229,""39"":35,""181"":16,""182"":14,""66"":14216,""24"":16,""206"":26,""67"":4078,""68"":0,""13"":47,""17"":26,""18"":86,""19"":303,""15"":333,""13201"":325,""36"":2463,""40"":752,""43"":0,""241"":26801,""199"":1881,""16"":179873,""12"":769,""449"":0,""636"":110590005,""11"":893510181,""238"":0,""14"":2540732448,""387"":""2b3431353534312e393530302d303038333934342e393833332b3030302e3136362f""}"
2026-07-18T11:44:43Z,862272088833183,Codec8E,2026-07-18 09:28:59.000 UTC,1784366939000,0,41.5535666,-8.3945483,164,175,8,23,0,"{""239"":1,""240"":1,""80"":1,""21"":5,""200"":0,""69"":1,""237"":2,""113"":100,""263"":1,""303"":1,""383"":3,""30"":0,""31"":43,""32"":54,""33"":250,""35"":64,""37"":26,""38"":232,""39"":36,""181"":16,""182"":14,""66"":14245,""24"":23,""206"":26,""67"":4078,""68"":0,""13"":47,""17"":272,""18"":-226,""19"":266,""15"":333,""13201"":325,""36"":2521,""40"":277,""43"":0,""241"":26801,""199"":1952,""16"":179944,""12"":769,""449"":0,""636"":110590005,""11"":893510181,""238"":0,""14"":2540732448,""387"":""2b3431353533352e363636372d303038333934352e343833332b3030302e3136342f""}"
2026-07-18T11:44:43Z,862272088833183,Codec8E,2026-07-18 09:29:00.000 UTC,1784366940000,0,41.5535450,-8.3944933,165,152,8,21,0,"{""239"":1,""240"":1,""80"":1,""21"":5,""200"":0,""69"":1,""237"":2,""113"":100,""263"":1,""303"":1,""383"":3,""30"":0,""31"":43,""32"":54,""33"":250,""35"":64,""37"":26,""38"":232,""39"":36,""181"":16,""182"":14,""66"":14245,""24"":21,""206"":26,""67"":4078,""68"":0,""13"":47,""17"":253,""18"":-16,""19"":371,""15"":333,""13201"":325,""36"":2521,""40"":277,""43"":0,""241"":26801,""199"":1957,""16"":179949,""12"":769,""449"":0,""636"":110590005,""11"":893510181,""238"":0,""14"":2540732448,""387"":""2b3431353533352e343530302d303038333934342e393333332b3030302e3136352f""}"
2026-07-18T11:44:43Z,862272088833183,Codec8E,2026-07-18 09:29:01.000 UTC,1784366941000,0,41.5535266,-8.3944333,165,136,9,20,0,"{""239"":1,""240"":1,""80"":1,""21"":5,""200"":0,""69"":1,""237"":2,""113"":100,""263"":1,""303"":1,""383"":3,""30"":0,""31"":9,""32"":55,""33"":246,""35"":75,""37"":20,""38"":244,""39"":36,""181"":15,""182"":12,""66"":14235,""24"":20,""206"":26,""67"":4078,""68"":0,""13"":47,""17"":80,""18"":71,""19"":198,""15"":333,""13201"":325,""36"":1945,""40"":1094,""43"":0,""241"":26801,""199"":1962,""16"":179954,""12"":769,""449"":0,""636"":110590005,""11"":893510181,""238"":0,""14"":2540732448,""387"":""2b3431353533352e323636372d303038333934342e333333332b3030302e3136352f""}"
2026-07-18T11:44:43Z,862272088833183,Codec8E,2026-07-18 09:29:02.000 UTC,1784366942000,0,41.5535133,-8.3943550,165,118,9,20,0,"{""239"":1,""240"":1,""80"":1,""21"":4,""200"":0,""69"":1,""237"":2,""113"":100,""263"":1,""303"":1,""383"":3,""30"":0,""31"":9,""32"":55,""33"":246,""35"":75,""37"":20,""38"":244,""39"":36,""181"":15,""182"":12,""66"":14232,""24"":20,""206"":26,""67"":4079,""68"":0,""13"":47,""17"":378,""18"":161,""19"":378,""15"":333,""13201"":325,""36"":1945,""40"":1094,""43"":0,""241"":26801,""199"":1969,""16"":179961,""12"":769,""449"":0,""636"":110590005,""11"":893510181,""238"":0,""14"":2540732448,""387"":""2b3431353533352e313333332d303038333934332e353530302b3030302e3136352f""}"
2026-07-18T11:44:43Z,862272088833183,Codec8E,2026-07-18 09:29:03.000 UTC,1784366943000,0,41.5535033,-8.3942750,165,106,9,21,0,"{""239"":1,""240"":1,""80"":1,""21"":4,""200"":0,""69"":1,""237"":2,""113"":100,""263"":1,""303"":1,""383"":3,""30"":0,""31"":9,""32"":55,""33"":246,""35"":75,""37"":20,""38"":244,""39"":36,""181"":15,""182"":12,""66"":14235,""24"":21,""206"":26,""67"":4078,""68"":0,""13"":47,""17"":207,""18"":229,""19"":177,""15"":333,""13201"":325,""36"":1945,""40"":1094,""43"":0,""241"":26801,""199"":1976,""16"":179968,""12"":769,""449"":0,""636"":110590005,""11"":893510181,""238"":0,""14"":2540732448,""387"":""2b3431353533352e303333332d303038333934322e373530302b3030302e3136352f""}"
2026-07-18T11:44:43Z,862272088833183,Codec8E,2026-07-18 09:29:06.000 UTC,1784366946000,0,41.5534550,-8.3940600,166,127,9,21,0,"{""239"":1,""240"":1,""80"":1,""21"":4,""200"":0,""69"":1,""237"":2,""113"":100,""263"":1,""303"":1,""383"":3,""30"":0,""31"":34,""32"":55,""33"":249,""35"":59,""37"":20,""38"":242,""39"":37,""181"":15,""182"":12,""66"":14230,""24"":21,""206"":26,""67"":4079,""68"":0,""13"":47,""17"":259,""18"":236,""19"":344,""15"":333,""13201"":325,""36"":1913,""40"":800,""43"":0,""241"":26801,""199"":1995,""16"":179987,""12"":769,""449"":0,""636"":110590005,""11"":893510181,""238"":0,""14"":2540732448,""387"":""2b3431353533342e353530302d303038333934302e363030302b3030302e3136362f""}"
2026-07-18T11:44:43Z,862272088833183,Codec8E,2026-07-18 09:29:07.000 UTC,1784366947000,0,41.5534149,-8.3940116,166,141,9,21,0,"{""239"":1,""240"":1,""80"":1,""21"":4,""200"":0,""69"":1,""237"":2,""113"":100,""263"":1,""303"":1,""383"":3,""30"":0,""31"":34,""32"":55,""33"":249,""35"":59,""37"":20,""38"":242,""39"":37,""181"":15,""182"":12,""66"":14232,""24"":21,""206"":26,""67"":4079,""68"":0,""13"":47,""17"":260,""18"":49,""19"":387,""15"":333,""13201"":326,""36"":1913,""40"":800,""43"":0,""241"":26801,""199"":2001,""16"":179993,""12"":769,""449"":0,""636"":110590005,""11"":893510181,""238"":0,""14"":2540732448,""387"":""2b3431353533342e313530302d303038333934302e313136372b3030302e3136362f""}"
2026-07-18T11:44:43Z,862272088833183,Codec8E,2026-07-18 09:29:09.000 UTC,1784366949000,0,41.5533133,-8.3939316,166,152,9,22,0,"{""239"":1,""240"":1,""80"":1,""21"":4,""200"":0,""69"":1,""237"":2,""113"":100,""263"":1,""303"":1,""383"":3,""30"":0,""31"":34,""32"":55,""33"":249,""35"":59,""37"":20,""38"":242,""39"":37,""181"":15,""182"":12,""66"":14241,""24"":22,""206"":26,""67"":4079,""68"":0,""13"":47,""17"":60,""18"":66,""19"":142,""15"":333,""13201"":326,""36"":1913,""40"":800,""43"":0,""241"":26801,""199"":2014,""16"":180006,""12"":769,""449"":0,""636"":110400563,""11"":893510181,""238"":0,""14"":2540732448,""387"":""2b3431353533332e313333332d303038333933392e333136372b3030302e3136362f""}"
2026-07-18T11:44:43Z,862272088833183,Codec8E,2026-07-18 09:29:12.000 UTC,1784366952000,0,41.5531999,-8.3938350,166,141,9,19,0,"{""239"":1,""240"":1,""80"":1,""21"":4,""200"":0,""69"":1,""237"":2,""113"":100,""263"":1,""303"":1,""383"":3,""30"":0,""31"":28,""32"":55,""33"":249,""35"":75,""37"":22,""38"":235,""39"":36,""181"":15,""182"":12,""66"":14210,""24"":19,""206"":26,""67"":4079,""68"":0,""13"":47,""17"":283,""18"":-52,""19"":244,""15"":333,""13201"":326,""36"":2046,""40"":247,""43"":0,""241"":26801,""199"":2029,""16"":180021,""12"":769,""449"":0,""636"":110400563,""11"":893510181,""238"":0,""14"":2540732448,""387"":""2b3431353533322e303030302d303038333933382e333530302b3030302e3136362f""}"
2026-07-18T11:44:43Z,862272088833183,Codec8E,2026-07-18 09:29:14.000 UTC,1784366954000,0,41.5531650,-8.3937766,167,119,9,16,0,"{""239"":1,""240"":1,""80"":1,""21"":4,""200"":0,""69"":1,""237"":2,""113"":100,""263"":1,""303"":1,""383"":3,""30"":0,""31"":28,""32"":55,""33"":249,""35"":75,""37"":22,""38"":235,""39"":36,""181"":15,""182"":12,""66"":14251,""24"":16,""206"":26,""67"":4076,""68"":0,""13"":47,""17"":228,""18"":-271,""19"":555,""15"":333,""13201"":326,""36"":2046,""40"":247,""43"":0,""241"":26801,""199"":2035,""16"":180027,""12"":769,""449"":0,""636"":110590005,""11"":893510181,""238"":0,""14"":2540732448,""387"":""2b3431353533312e363530302d303038333933372e373636372b3030302e3136372f""}"
2026-07-18T11:44:43Z,862272088833183,Codec8E,2026-07-18 09:29:15.000 UTC,1784366955000,0,41.5531533,-8.3937383,167,101,9,15,0,"{""239"":1,""240"":1,""80"":1,""21"":4,""200"":0,""69"":1,""237"":2,""113"":100,""263"":1,""303"":1,""383"":3,""30"":0,""31"":10,""32"":56,""33"":249,""35"":66,""37"":13,""38"":241,""39"":37,""181"":15,""182"":12,""66"":14241,""24"":15,""206"":26,""67"":4079,""68"":0,""13"":47,""17"":168,""18"":-145,""19"":389,""15"":333,""13201"":326,""36"":1916,""40"":1038,""43"":0,""241"":26801,""199"":2039,""16"":180031,""12"":769,""449"":0,""636"":110590005,""11"":893510181,""238"":0,""14"":2540732448,""387"":""2b3431353533312e353333332d303038333933372e333833332b3030302e3136372f""}"
2026-07-18T11:44:43Z,862272088833183,Codec8E,2026-07-18 09:29:16.000 UTC,1784366956000,0,41.5531550,-8.3936900,167,80,9,15,0,"{""239"":1,""240"":1,""80"":1,""21"":4,""200"":0,""69"":1,""237"":2,""113"":100,""263"":1,""303"":1,""383"":3,""30"":0,""31"":10,""32"":56,""33"":249,""35"":66,""37"":13,""38"":241,""39"":37,""181"":15,""182"":12,""66"":14238,""24"":15,""206"":26,""67"":4079,""68"":0,""13"":47,""17"":229,""18"":63,""19"":404,""15"":333,""13201"":326,""36"":1916,""40"":1038,""43"":0,""241"":26801,""199"":2043,""16"":180035,""12"":769,""449"":0,""636"":110590005,""11"":893510181,""238"":0,""14"":2540732448,""387"":""2b3431353533312e353530302d303038333933362e393030302b3030302e3136372f""}"
2026-07-18T11:44:44Z,862272088833183,Codec8E,2026-07-18 09:29:17.000 UTC,1784366957000,0,41.5531700,-8.3936366,167,66,9,15,0,"{""239"":1,""240"":1,""80"":1,""21"":4,""200"":0,""69"":1,""237"":2,""113"":100,""263"":1,""303"":1,""383"":3,""30"":0,""31"":10,""32"":56,""33"":249,""35"":66,""37"":13,""38"":241,""39"":37,""181"":20,""182"":13,""66"":14245,""24"":15,""206"":26,""67"":4078,""68"":0,""13"":47,""17"":81,""18"":-104,""19"":384,""15"":333,""13201"":326,""36"":1916,""40"":1038,""43"":0,""241"":26801,""199"":2047,""16"":180039,""12"":769,""449"":0,""636"":110590005,""11"":893510181,""238"":0,""14"":2540732448,""387"":""2b3431353533312e373030302d303038333933362e333636372b3030302e3136372f""}"
2026-07-18T11:44:44Z,862272088833183,Codec8E,2026-07-18 09:29:29.000 UTC,1784366969000,0,41.5533266,-8.3932533,180,72,9,5,0,"{""239"":1,""240"":1,""80"":1,""21"":4,""200"":0,""69"":1,""237"":2,""113"":100,""263"":1,""303"":1,""383"":3,""30"":0,""31"":9,""32"":57,""33"":246,""35"":35,""37"":0,""38"":247,""39"":37,""181"":15,""182"":12,""66"":13380,""24"":5,""206"":26,""67"":4079,""68"":0,""13"":47,""17"":-60,""18"":41,""19"":42,""15"":333,""13201"":326,""36"":936,""40"":136,""43"":0,""241"":26801,""199"":2093,""16"":180085,""12"":769,""449"":0,""636"":110162484,""11"":893510181,""238"":0,""14"":2540732448,""387"":""2b3431353533332e323636372d303038333933322e353333332b3030302e3138302f""}"
2026-07-18T11:44:44Z,862272088833183,Codec8E,2026-07-18 09:29:31.000 UTC,1784366971000,0,41.5533216,-8.3932566,180,72,9,2,239,"{""239"":0,""240"":1,""80"":1,""21"":4,""200"":0,""69"":1,""237"":2,""113"":100,""263"":1,""303"":1,""383"":3,""30"":0,""31"":9,""32"":57,""33"":246,""35"":35,""37"":0,""38"":247,""39"":37,""181"":15,""182"":12,""66"":13105,""24"":2,""206"":26,""67"":4079,""68"":0,""13"":47,""17"":-70,""18"":42,""19"":54,""15"":333,""13201"":326,""36"":936,""40"":136,""43"":0,""241"":26801,""199"":2093,""16"":180085,""12"":769,""449"":0,""636"":110162484,""11"":893510181,""238"":0,""14"":2540732448,""387"":""2b3431353533332e323136372d303038333933322e353636372b3030302e3138302f""}"
2026-07-18T11:44:44Z,862272088833183,Codec8E,2026-07-18 09:29:32.000 UTC,1784366972000,0,41.5533616,-8.3932833,181,332,9,6,303,"{""239"":0,""240"":1,""80"":1,""21"":5,""200"":0,""69"":1,""237"":2,""113"":100,""263"":1,""303"":0,""383"":3,""30"":0,""31"":9,""32"":57,""33"":246,""35"":35,""37"":0,""38"":247,""39"":37,""181"":19,""182"":13,""66"":13062,""24"":6,""206"":26,""67"":4076,""68"":0,""13"":47,""17"":-65,""18"":42,""19"":53,""15"":333,""13201"":326,""36"":936,""40"":136,""43"":0,""241"":26801,""199"":2098,""16"":180090,""12"":769,""449"":0,""636"":110162484,""11"":893510181,""238"":0,""14"":2540732448,""387"":""2b3431353533332e363136372d303038333933322e383333332b3030302e3138312f""}"
2026-07-18T11:44:44Z,862272088833183,Codec8E,2026-07-18 09:29:43.000 UTC,1784366983000,0,41.5533266,-8.3932616,184,329,10,0,303,"{""239"":0,""240"":1,""80"":1,""21"":5,""200"":0,""69"":1,""237"":2,""113"":100,""263"":1,""303"":1,""383"":3,""30"":0,""31"":32,""32"":58,""33"":255,""35"":78,""37"":0,""38"":252,""39"":37,""181"":13,""182"":10,""66"":12957,""24"":0,""206"":26,""67"":4079,""68"":0,""13"":47,""17"":-66,""18"":36,""19"":49,""15"":333,""13201"":328,""36"":0,""40"":125,""43"":0,""241"":26801,""199"":2101,""16"":180093,""12"":769,""449"":0,""636"":110359603,""11"":893510181,""238"":0,""14"":2540732448,""387"":""2b3431353533332e323636372d303038333933322e363136372b3030302e3138342f""}"
2026-07-18T11:44:44Z,862272088833183,Codec8E,2026-07-18 09:29:53.000 UTC,1784366993000,0,41.5533266,-8.3932616,184,329,10,0,303,"{""239"":0,""240"":1,""80"":1,""21"":5,""200"":0,""69"":1,""237"":2,""113"":100,""263"":1,""303"":0,""383"":3,""181"":13,""182"":10,""66"":12965,""24"":0,""206"":26,""67"":4075,""68"":0,""13"":47,""17"":-46,""18"":41,""19"":45,""15"":333,""13201"":328,""241"":26801,""199"":2101,""16"":180093,""12"":769,""449"":0,""636"":110359603,""11"":893510181,""238"":0,""14"":2540732448,""387"":""2b3431353533332e323636372d303038333933322e363136372b3030302e3138342f""}"
2026-07-18T11:44:44Z,862272088833183,Codec8E,2026-07-18 09:30:52.000 UTC,1784367052000,0,41.5533266,-8.3932616,184,329,13,0,240,"{""239"":0,""240"":0,""80"":0,""21"":5,""200"":0,""69"":1,""237"":2,""113"":100,""263"":1,""303"":0,""383"":3,""181"":11,""182"":8,""66"":12896,""24"":0,""206"":26,""67"":4075,""68"":0,""13"":47,""17"":-67,""18"":26,""19"":51,""15"":1000,""13201"":326,""241"":26801,""199"":0,""16"":180093,""12"":769,""449"":0,""636"":110359603,""11"":893510181,""238"":0,""14"":2540732448,""387"":""2b3431353533332e323636372d303038333933322e363136372b3030302e3138342f""}"
2026-07-18T11:44:44Z,862272088833183,Codec8E,2026-07-18 09:31:22.000 UTC,1784367082000,0,41.5533266,-8.3932616,184,329,14,0,303,"{""239"":0,""240"":0,""80"":0,""21"":5,""200"":0,""69"":1,""237"":2,""113"":100,""263"":1,""303"":1,""383"":3,""181"":11,""182"":7,""66"":12885,""24"":0,""206"":26,""67"":4075,""68"":0,""13"":47,""17"":-62,""18"":30,""19"":50,""15"":1000,""13201"":323,""241"":26801,""199"":0,""16"":180093,""12"":769,""449"":0,""636"":110359603,""11"":893510181,""238"":0,""14"":2540732448,""387"":""2b3431353533332e323636372d303038333933322e363136372b3030302e3138342f""}"
2026-07-18T11:44:44Z,862272088833183,Codec8E,2026-07-18 09:31:23.000 UTC,1784367083000,0,41.5533266,-8.3932616,184,329,14,0,303,"{""239"":0,""240"":0,""80"":0,""21"":5,""200"":0,""69"":1,""237"":2,""113"":100,""263"":1,""303"":0,""383"":3,""181"":11,""182"":7,""66"":12852,""24"":0,""206"":26,""67"":4075,""68"":0,""13"":47,""17"":-59,""18"":27,""19"":38,""15"":1000,""13201"":323,""241"":26801,""199"":0,""16"":180093,""12"":769,""449"":0,""636"":110359603,""11"":893510181,""238"":0,""14"":2540732448,""387"":""2b3431353533332e323636372d303038333933322e363136372b3030302e3138342f""}"
2026-07-18T11:44:46Z,862272088833183,Codec8E,2026-07-18 09:31:29.000 UTC,1784367089000,0,41.5533266,-8.3932616,184,329,14,0,303,"{""239"":0,""240"":0,""80"":0,""21"":5,""200"":0,""69"":1,""237"":2,""113"":100,""263"":1,""303"":1,""383"":3,""181"":11,""182"":7,""66"":12853,""24"":0,""206"":26,""67"":4075,""68"":0,""13"":47,""17"":-56,""18"":40,""19"":38,""15"":1000,""13201"":325,""241"":26801,""199"":0,""16"":180093,""12"":769,""449"":0,""636"":110157365,""11"":893510181,""238"":0,""14"":2540732448,""387"":""2b3431353533332e323636372d303038333933322e363136372b3030302e3138342f""}"
2026-07-18T11:44:46Z,862272088833183,Codec8E,2026-07-18 09:31:30.000 UTC,1784367090000,0,41.5533266,-8.3932616,184,329,14,0,303,"{""239"":0,""240"":0,""80"":0,""21"":5,""200"":0,""69"":1,""237"":2,""113"":100,""263"":1,""303"":0,""383"":3,""181"":11,""182"":7,""66"":12803,""24"":0,""206"":26,""67"":4075,""68"":0,""13"":47,""17"":-66,""18"":27,""19"":34,""15"":1000,""13201"":326,""241"":26801,""199"":0,""16"":180093,""12"":769,""449"":0,""636"":110157365,""11"":893510181,""238"":0,""14"":2540732448,""387"":""2b3431353533332e323636372d303038333933322e363136372b3030302e3138342f""}"
2026-07-18T11:44:46Z,862272088833183,Codec8E,2026-07-18 09:31:54.000 UTC,1784367114000,0,41.5533266,-8.3932616,184,329,13,0,303,"{""239"":0,""240"":0,""80"":0,""21"":5,""200"":0,""69"":1,""237"":2,""113"":100,""263"":1,""303"":1,""383"":3,""30"":0,""31"":9,""32"":63,""33"":0,""35"":26,""37"":0,""38"":243,""39"":36,""181"":11,""182"":8,""66"":12401,""24"":0,""206"":26,""67"":4079,""68"":0,""13"":47,""17"":-9,""18"":107,""19"":52,""15"":1000,""13201"":325,""36"":739,""40"":94,""43"":0,""241"":26801,""199"":0,""16"":180093,""12"":769,""449"":0,""636"":110359603,""11"":893510181,""238"":0,""14"":2540732448,""387"":""2b3431353533332e323636372d303038333933322e363136372b3030302e3138342f""}"
2026-07-18T11:44:46Z,862272088833183,Codec8E,2026-07-18 09:31:55.000 UTC,1784367115000,0,41.5533266,-8.3932616,184,329,13,0,240,"{""239"":0,""240"":1,""80"":1,""21"":5,""200"":0,""69"":1,""237"":2,""113"":100,""263"":1,""303"":1,""383"":3,""30"":0,""31"":9,""32"":63,""33"":0,""35"":26,""37"":0,""38"":243,""39"":36,""181"":11,""182"":8,""66"":12409,""24"":0,""206"":26,""67"":4079,""68"":0,""13"":47,""17"":-56,""18"":75,""19"":73,""15"":1000,""13201"":325,""36"":739,""40"":94,""43"":0,""241"":26801,""199"":0,""16"":180093,""12"":769,""449"":0,""636"":110359603,""11"":893510181,""238"":0,""14"":2540732448,""387"":""2b3431353533332e323636372d303038333933322e363136372b3030302e3138342f""}"
2026-07-18T11:44:46Z,862272088833183,Codec8E,2026-07-18 09:31:58.000 UTC,1784367118000,0,41.5533400,-8.3933116,192,247,13,2,239,"{""239"":1,""240"":1,""80"":1,""21"":5,""200"":0,""69"":1,""237"":2,""113"":100,""263"":1,""303"":1,""383"":3,""30"":0,""31"":11,""32"":62,""33"":0,""35"":32,""37"":3,""38"":243,""39"":37,""181"":11,""182"":8,""66"":14178,""24"":2,""206"":26,""67"":4079,""68"":0,""13"":47,""17"":-62,""18"":99,""19"":105,""15"":1000,""13201"":326,""36"":781,""40"":155,""43"":0,""241"":26801,""199"":0,""16"":180093,""12"":769,""449"":0,""636"":110359603,""11"":893510181,""238"":0,""14"":2540732448,""387"":""2b3431353533332e343030302d303038333933332e313136372b3030302e3139322f""}"
2026-07-18T11:46:42Z,862272088833183,Codec8E,2026-07-18 09:32:10.000 UTC,1784367130000,0,41.5532016,-8.3935333,192,230,14,6,0,"{""239"":1,""240"":1,""80"":1,""21"":5,""200"":0,""69"":1,""237"":2,""113"":100,""263"":1,""303"":1,""383"":3,""30"":0,""31"":14,""32"":62,""33"":0,""35"":39,""37"":7,""38"":1,""39"":37,""181"":11,""182"":7,""66"":14245,""24"":6,""206"":26,""67"":4079,""68"":0,""13"":47,""17"":-137,""18"":42,""19"":263,""15"":1000,""13201"":328,""36"":935,""40"":175,""43"":0,""241"":26801,""199"":13,""16"":180118,""12"":769,""449"":0,""636"":110159923,""11"":893510181,""238"":0,""14"":2540732448,""387"":""2b3431353533322e303136372d303038333933352e333333332b3030302e3139322f""}"
2026-07-18T11:46:42Z,862272088833183,Codec8E,2026-07-18 09:32:37.000 UTC,1784367157000,0,41.5531433,-8.3938416,198,306,14,6,0,"{""239"":1,""240"":1,""80"":1,""21"":4,""200"":0,""69"":1,""237"":2,""113"":100,""263"":1,""303"":1,""383"":3,""30"":0,""31"":13,""32"":63,""33"":0,""35"":39,""37"":6,""38"":0,""39"":38,""181"":15,""182"":8,""66"":14253,""24"":6,""206"":26,""67"":4079,""68"":0,""13"":46,""17"":71,""18"":100,""19"":-40,""15"":1000,""13201"":329,""36"":952,""40"":175,""43"":0,""241"":26801,""199"":42,""16"":180147,""12"":770,""449"":0,""636"":110589965,""11"":893510181,""238"":0,""14"":2540732448,""387"":""2b3431353533312e343333332d303038333933382e343136372b3030302e3139382f""}"
2026-07-18T11:46:42Z,862272088833183,Codec8E,2026-07-18 09:32:38.000 UTC,1784367158000,0,41.5531633,-8.3938700,199,323,14,7,0,"{""239"":1,""240"":1,""80"":1,""21"":4,""200"":0,""69"":1,""237"":2,""113"":100,""263"":1,""303"":1,""383"":3,""30"":0,""31"":13,""32"":63,""33"":0,""35"":39,""37"":6,""38"":0,""39"":38,""181"":15,""182"":8,""66"":14292,""24"":7,""206"":26,""67"":4078,""68"":0,""13"":46,""17"":24,""18"":20,""19"":110,""15"":1000,""13201"":329,""36"":952,""40"":175,""43"":0,""241"":26801,""199"":45,""16"":180150,""12"":770,""449"":0,""636"":110589965,""11"":893510181,""238"":0,""14"":2540732448,""387"":""2b3431353533312e363333332d303038333933382e373030302b3030302e3139392f""}"
2026-07-18T11:46:42Z,862272088833183,Codec8E,2026-07-18 09:32:41.000 UTC,1784367161000,0,41.5532749,-8.3939483,199,333,14,12,0,"{""239"":1,""240"":1,""80"":1,""21"":4,""200"":0,""69"":1,""237"":2,""113"":100,""263"":1,""303"":1,""383"":3,""30"":0,""31"":14,""32"":63,""33"":0,""35"":31,""37"":14,""38"":6,""39"":38,""181"":15,""182"":8,""66"":14288,""24"":12,""206"":26,""67"":4079,""68"":0,""13"":46,""17"":350,""18"":-69,""19"":44,""15"":1000,""13201"":329,""36"":1276,""40"":105,""43"":0,""241"":26801,""199"":59,""16"":180164,""12"":770,""449"":0,""636"":110589965,""11"":893510181,""238"":0,""14"":2540732448,""387"":""2b3431353533322e373530302d303038333933392e343833332b3030302e3139392f""}"
2026-07-18T11:46:43Z,862272088833183,Codec8E,2026-07-18 09:32:44.000 UTC,1784367164000,0,41.5533683,-8.3940333,201,299,14,12,0,"{""239"":1,""240"":1,""80"":1,""21"":4,""200"":0,""69"":1,""237"":2,""113"":100,""263"":1,""303"":1,""383"":3,""30"":0,""31"":14,""32"":63,""33"":0,""35"":31,""37"":14,""38"":6,""39"":38,""181"":15,""182"":8,""66"":14255,""24"":12,""206"":26,""67"":4079,""68"":0,""13"":46,""17"":139,""18"":-96,""19"":-107,""15"":1000,""13201"":329,""36"":1276,""40"":105,""43"":0,""241"":26801,""199"":72,""16"":180177,""12"":770,""449"":0,""636"":110590015,""11"":893510181,""238"":0,""14"":2540732448,""387"":""2b3431353533332e363833332d303038333934302e333333332b3030302e3230312f""}"
2026-07-18T11:46:43Z,862272088833183,Codec8E,2026-07-18 09:32:45.000 UTC,1784367165000,0,41.5533750,-8.3940616,200,267,14,11,0,"{""239"":1,""240"":1,""80"":1,""21"":4,""200"":0,""69"":1,""237"":2,""113"":100,""263"":1,""303"":1,""383"":3,""30"":0,""31"":5,""32"":64,""33"":0,""35"":32,""37"":10,""38"":246,""39"":38,""181"":15,""182"":8,""66"":14256,""24"":11,""206"":26,""67"":4079,""68"":0,""13"":46,""17"":36,""18"":-313,""19"":-48,""15"":1000,""13201"":329,""36"":834,""40"":133,""43"":0,""241"":26801,""199"":72,""16"":180177,""12"":770,""449"":0,""636"":110590015,""11"":893510181,""238"":0,""14"":2540732448,""387"":""2b3431353533332e373530302d303038333934302e363136372b3030302e3230302f""}"
2026-07-18T11:46:43Z,862272088833183,Codec8E,2026-07-18 09:32:46.000 UTC,1784367166000,0,41.5533666,-8.3940866,199,228,14,10,0,"{""239"":1,""240"":1,""80"":1,""21"":4,""200"":0,""69"":1,""237"":2,""113"":100,""263"":1,""303"":1,""383"":3,""30"":0,""31"":5,""32"":64,""33"":0,""35"":32,""37"":10,""38"":246,""39"":38,""181"":15,""182"":8,""66"":14267,""24"":10,""206"":26,""67"":4077,""68"":0,""13"":46,""17"":161,""18"":-99,""19"":64,""15"":1000,""13201"":329,""36"":834,""40"":133,""43"":0,""241"":26801,""199"":77,""16"":180182,""12"":770,""449"":0,""636"":110590015,""11"":893510181,""238"":0,""14"":2540732448,""387"":""2b3431353533332e363636372d303038333934302e383636372b3030302e3139392f""}"
2026-07-18T11:46:43Z,862272088833183,Codec8E,2026-07-18 09:32:47.000 UTC,1784367167000,0,41.5533383,-8.3941116,199,208,14,11,0,"{""239"":1,""240"":1,""80"":1,""21"":4,""200"":0,""69"":1,""237"":2,""113"":100,""263"":1,""303"":1,""383"":3,""30"":0,""31"":5,""32"":64,""33"":0,""35"":32,""37"":10,""38"":246,""39"":38,""181"":15,""182"":8,""66"":14306,""24"":11,""206"":26,""67"":4078,""68"":0,""13"":46,""17"":166,""18"":-53,""19"":167,""15"":1000,""13201"":329,""36"":834,""40"":133,""43"":0,""241"":26801,""199"":81,""16"":180186,""12"":770,""449"":0,""636"":110590015,""11"":893510181,""238"":0,""14"":2540732448,""387"":""2b3431353533332e333833332d303038333934312e313136372b3030302e3139392f""}"
2026-07-18T11:46:43Z,862272088833183,Codec8E,2026-07-18 09:32:49.000 UTC,1784367169000,0,41.5532633,-8.3941450,199,197,14,14,0,"{""239"":1,""240"":1,""80"":1,""21"":4,""200"":0,""69"":1,""237"":2,""113"":100,""263"":1,""303"":1,""383"":3,""30"":0,""31"":12,""32"":64,""33"":0,""35"":19,""37"":14,""38"":230,""39"":38,""181"":11,""182"":7,""66"":14298,""24"":14,""206"":26,""67"":4079,""68"":0,""13"":46,""17"":41,""18"":-143,""19"":72,""15"":1000,""13201"":330,""36"":1753,""40"":661,""43"":0,""241"":26801,""199"":89,""16"":180194,""12"":770,""449"":0,""636"":110590015,""11"":893510181,""238"":0,""14"":2540732448,""387"":""2b3431353533322e363333332d303038333934312e343530302b3030302e3139392f""}"
2026-07-18T11:46:43Z,862272088833183,Codec8E,2026-07-18 09:32:53.000 UTC,1784367173000,0,41.5530549,-8.3942699,197,209,13,20,0,"{""239"":1,""240"":1,""80"":1,""21"":4,""200"":0,""69"":1,""237"":2,""113"":100,""263"":1,""303"":1,""383"":3,""30"":0,""31"":12,""32"":64,""33"":0,""35"":19,""37"":14,""38"":230,""39"":38,""181"":16,""182"":8,""66"":14302,""24"":20,""206"":26,""67"":4079,""68"":0,""13"":46,""17"":135,""18"":134,""19"":242,""15"":1000,""13201"":331,""36"":1753,""40"":661,""43"":0,""241"":26801,""199"":115,""16"":180220,""12"":770,""449"":0,""636"":110590015,""11"":893510181,""238"":0,""14"":2540732448,""387"":""2b3431353533302e353530302d303038333934322e373030302b3030302e3139372f""}"
2026-07-18T11:46:43Z,862272088833183,Codec8E,2026-07-18 09:32:56.000 UTC,1784367176000,0,41.5528883,-8.3944466,196,219,11,25,0,"{""239"":1,""240"":1,""80"":1,""21"":4,""200"":0,""69"":1,""237"":2,""113"":100,""263"":1,""303"":1,""383"":3,""30"":0,""31"":12,""32"":64,""33"":0,""35"":18,""37"":25,""38"":226,""39"":39,""181"":12,""182"":9,""66"":14326,""24"":25,""206"":26,""67"":4079,""68"":0,""13"":46,""17"":158,""18"":120,""19"":324,""15"":1000,""13201"":331,""36"":2334,""40"":266,""43"":0,""241"":26801,""199"":139,""16"":180244,""12"":770,""449"":0,""636"":110590015,""11"":893510181,""238"":0,""14"":2540732448,""387"":""2b3431353532382e383833332d303038333934342e343636372b3030302e3139362f""}"
2026-07-18T11:46:43Z,862272088833183,Codec8E,2026-07-18 09:32:58.000 UTC,1784367178000,0,41.5528849,-8.3947283,195,253,12,27,0,"{""239"":1,""240"":1,""80"":1,""21"":4,""200"":0,""69"":1,""237"":2,""113"":100,""263"":1,""303"":1,""383"":3,""30"":0,""31"":6,""32"":63,""33"":0,""35"":17,""37"":28,""38"":231,""39"":39,""181"":17,""182"":8,""66"":14320,""24"":27,""206"":26,""67"":4079,""68"":0,""13"":46,""17"":247,""18"":336,""19"":-89,""15"":1000,""13201"":331,""36"":1923,""40"":130,""43"":0,""241"":26801,""199"":164,""16"":180269,""12"":770,""449"":0,""636"":110590015,""11"":893510181,""238"":0,""14"":2540732448,""387"":""2b3431353532382e383530302d303038333934372e323833332b3030302e3139352f""}"
2026-07-18T11:46:45Z,862272088833183,Codec8E,2026-07-18 09:33:00.000 UTC,1784367180000,0,41.5529433,-8.3949283,194,272,13,27,0,"{""239"":1,""240"":1,""80"":1,""21"":4,""200"":0,""69"":1,""237"":2,""113"":100,""263"":1,""303"":1,""383"":3,""30"":0,""31"":6,""32"":63,""33"":0,""35"":17,""37"":28,""38"":231,""39"":39,""181"":17,""182"":8,""66"":14296,""24"":27,""206"":26,""67"":4079,""68"":0,""13"":46,""17"":119,""18"":102,""19"":-224,""15"":1000,""13201"":331,""36"":1923,""40"":130,""43"":0,""241"":26801,""199"":183,""16"":180288,""12"":770,""449"":0,""636"":110590015,""11"":893510181,""238"":0,""14"":2540732448,""387"":""2b3431353532392e343333332d303038333934392e323833332b3030302e3139342f""}"
2026-07-18T11:46:45Z,862272088833183,Codec8E,2026-07-18 09:33:02.000 UTC,1784367182000,0,41.5529616,-8.3950866,191,288,13,23,0,"{""239"":1,""240"":1,""80"":1,""21"":5,""200"":0,""69"":1,""237"":2,""113"":100,""263"":1,""303"":1,""383"":3,""30"":0,""31"":6,""32"":63,""33"":0,""35"":17,""37"":28,""38"":231,""39"":39,""181"":17,""182"":8,""66"":14271,""24"":23,""206"":26,""67"":4079,""68"":0,""13"":46,""17"":91,""18"":215,""19"":-55,""15"":1000,""13201"":331,""36"":1923,""40"":130,""43"":0,""241"":26801,""199"":196,""16"":180301,""12"":770,""449"":0,""636"":110590015,""11"":893510181,""238"":0,""14"":2540732448,""387"":""2b3431353532392e363136372d303038333935302e383636372b3030302e3139312f""}"
2026-07-18T11:46:45Z,862272088833183,Codec8E,2026-07-18 09:33:03.000 UTC,1784367183000,0,41.5529366,-8.3951199,191,308,13,20,0,"{""239"":1,""240"":1,""80"":1,""21"":5,""200"":0,""69"":1,""237"":2,""113"":100,""263"":1,""303"":1,""383"":3,""30"":0,""31"":3,""32"":63,""33"":0,""35"":16,""37"":15,""38"":243,""39"":39,""181"":17,""182"":8,""66"":14323,""24"":20,""206"":26,""67"":4079,""68"":0,""13"":46,""17"":-27,""18"":241,""19"":11,""15"":1000,""13201"":331,""36"":871,""40"":127,""43"":0,""241"":26801,""199"":200,""16"":180305,""12"":770,""449"":0,""636"":110590015,""11"":893510181,""238"":0,""14"":2540732448,""387"":""2b3431353532392e333636372d303038333935312e323030302b3030302e3139312f""}"
2026-07-18T11:46:45Z,862272088833183,Codec8E,2026-07-18 09:33:04.000 UTC,1784367184000,0,41.5529649,-8.3951466,191,331,13,19,0,"{""239"":1,""240"":1,""80"":1,""21"":5,""200"":0,""69"":1,""237"":2,""113"":100,""263"":1,""303"":1,""383"":3,""30"":0,""31"":3,""32"":63,""33"":0,""35"":16,""37"":15,""38"":243,""39"":39,""181"":17,""182"":8,""66"":14310,""24"":19,""206"":26,""67"":4079,""68"":0,""13"":46,""17"":28,""18"":270,""19"":124,""15"":1000,""13201"":331,""36"":871,""40"":127,""43"":0,""241"":26801,""199"":204,""16"":180309,""12"":770,""449"":0,""636"":110590015,""11"":893510181,""238"":0,""14"":2540732448,""387"":""2b3431353532392e363530302d303038333935312e343636372b3030302e3139312f""}"
2026-07-18T11:48:42Z,862272088833183,Codec8E,2026-07-18 09:33:05.000 UTC,1784367185000,0,41.5529933,-8.3951600,191,353,13,18,0,"{""239"":1,""240"":1,""80"":1,""21"":5,""200"":0,""69"":1,""237"":2,""113"":100,""263"":1,""303"":1,""383"":3,""30"":0,""31"":3,""32"":63,""33"":0,""35"":16,""37"":15,""38"":243,""39"":39,""181"":17,""182"":8,""66"":14305,""24"":18,""206"":26,""67"":4079,""68"":0,""13"":46,""17"":-22,""18"":54,""19"":167,""15"":1000,""13201"":331,""36"":871,""40"":127,""43"":0,""241"":26801,""199"":207,""16"":180312,""12"":770,""449"":0,""636"":110590015,""11"":893510181,""238"":0,""14"":2540732448,""387"":""2b3431353532392e393333332d303038333935312e363030302b3030302e3139312f""}"
2026-07-18T11:48:42Z,862272088833183,Codec8E,2026-07-18 09:33:06.000 UTC,1784367186000,0,41.5530316,-8.3951566,192,9,13,18,0,"{""239"":1,""240"":1,""80"":1,""21"":5,""200"":0,""69"":1,""237"":2,""113"":100,""263"":1,""303"":1,""383"":3,""30"":0,""31"":3,""32"":63,""33"":0,""35"":16,""37"":15,""38"":243,""39"":39,""181"":11,""182"":8,""66"":14280,""24"":18,""206"":26,""67"":4079,""68"":0,""13"":46,""17"":131,""18"":-12,""19"":63,""15"":1000,""13201"":332,""36"":871,""40"":127,""43"":0,""241"":26801,""199"":211,""16"":180316,""12"":770,""449"":0,""636"":110590015,""11"":893510181,""238"":0,""14"":2540732448,""387"":""2b3431353533302e333136372d303038333935312e353636372b3030302e3139322f""}"
2026-07-18T11:48:42Z,862272088833183,Codec8E,2026-07-18 09:33:10.000 UTC,1784367190000,0,41.5533133,-8.3951050,193,358,12,27,0,"{""239"":1,""240"":1,""80"":1,""21"":5,""200"":0,""69"":1,""237"":2,""113"":100,""263"":1,""303"":1,""383"":3,""30"":0,""31"":22,""32"":63,""33"":0,""35"":94,""37"":24,""38"":229,""39"":39,""181"":17,""182"":9,""66"":14308,""24"":27,""206"":26,""67"":4079,""68"":0,""13"":46,""17"":-43,""18"":91,""19"":93,""15"":1000,""13201"":332,""36"":2168,""40"":261,""43"":0,""241"":26801,""199"":243,""16"":180348,""12"":770,""449"":0,""636"":110590015,""11"":893510181,""238"":0,""14"":2540732448,""387"":""2b3431353533332e313333332d303038333935312e303530302b3030302e3139332f""}"
2026-07-18T11:48:42Z,862272088833183,Codec8E,2026-07-18 09:33:14.000 UTC,1784367194000,0,41.5537366,-8.3950400,192,5,14,39,0,"{""239"":1,""240"":1,""80"":1,""21"":5,""200"":0,""69"":1,""237"":2,""113"":100,""263"":1,""303"":1,""383"":3,""30"":0,""31"":39,""32"":62,""33"":0,""35"":101,""37"":38,""38"":241,""39"":39,""181"":11,""182"":7,""66"":14312,""24"":39,""206"":26,""67"":4079,""68"":0,""13"":46,""17"":-27,""18"":42,""19"":56,""15"":1000,""13201"":332,""36"":2521,""40"":1105,""43"":0,""241"":26801,""199"":291,""16"":180396,""12"":770,""449"":0,""636"":110590015,""11"":893510181,""238"":0,""14"":2540732448,""387"":""2b3431353533372e333636372d303038333935302e343030302b3030302e3139322f""}"
2026-07-18T11:48:42Z,862272088833183,Codec8E,2026-07-18 09:33:19.000 UTC,1784367199000,0,41.5544049,-8.3949533,189,7,13,49,0,"{""239"":1,""240"":1,""80"":1,""21"":5,""200"":0,""69"":1,""237"":2,""113"":100,""263"":1,""303"":1,""383"":3,""30"":0,""31"":28,""32"":62,""33"":253,""35"":58,""37"":49,""38"":235,""39"":39,""181"":11,""182"":8,""66"":14314,""24"":49,""206"":26,""67"":4079,""68"":0,""13"":46,""17"":-239,""18"":11,""19"":112,""15"":1000,""13201"":332,""36"":2472,""40"":263,""43"":0,""241"":26801,""199"":366,""16"":180471,""12"":770,""449"":0,""636"":110590015,""11"":893510181,""238"":0,""14"":2540732448,""387"":""2b3431353534342e303530302d303038333934392e353333332b3030302e3138392f""}"
2026-07-18T11:48:42Z,862272088833183,Codec8E,2026-07-18 09:33:20.000 UTC,1784367200000,0,41.5546983,-8.3949433,194,5,13,52,255,"{""239"":1,""240"":1,""80"":1,""21"":5,""200"":0,""69"":1,""237"":2,""113"":100,""263"":1,""303"":1,""383"":3,""30"":0,""31"":28,""32"":62,""33"":253,""35"":58,""37"":49,""38"":235,""39"":39,""255"":52,""181"":11,""182"":8,""66"":14315,""24"":52,""206"":26,""67"":4076,""68"":0,""13"":46,""17"":-5,""18"":32,""19"":33,""15"":1000,""13201"":332,""36"":2472,""40"":263,""43"":0,""241"":26801,""199"":399,""16"":180504,""12"":770,""449"":0,""636"":110590015,""11"":893510181,""238"":0,""14"":2540732448,""387"":""2b3431353534362e393833332d303038333934392e343333332b3030302e3139342f""}"
2026-07-18T11:48:42Z,862272088833183,Codec8E,2026-07-18 09:33:27.000 UTC,1784367207000,0,41.5556183,-8.3947649,190,5,14,58,0,"{""239"":1,""240"":1,""80"":1,""21"":5,""200"":0,""69"":1,""237"":2,""113"":100,""263"":1,""303"":1,""383"":3,""30"":0,""31"":19,""32"":62,""33"":248,""35"":17,""37"":58,""38"":222,""39"":40,""181"":11,""182"":7,""66"":14297,""24"":58,""206"":26,""67"":4079,""68"":0,""13"":46,""17"":297,""18"":-186,""19"":-59,""15"":1000,""13201"":332,""36"":2958,""40"":150,""43"":0,""241"":26801,""199"":502,""16"":180607,""12"":770,""449"":0,""636"":110590015,""11"":893510181,""238"":0,""14"":2540732448,""387"":""2b3431353535362e313833332d303038333934372e363530302b3030302e3139302f""}"
2026-07-18T11:48:42Z,862272088833183,Codec8E,2026-07-18 09:33:32.000 UTC,1784367212000,0,41.5561983,-8.3948883,190,343,8,51,0,"{""239"":1,""240"":1,""80"":1,""21"":5,""200"":0,""69"":1,""237"":99,""113"":100,""263"":1,""303"":1,""383"":3,""30"":0,""31"":3,""32"":61,""33"":0,""35"":16,""37"":50,""38"":224,""39"":41,""181"":15,""182"":12,""66"":14305,""24"":51,""206"":0,""67"":4079,""68"":0,""13"":46,""17"":44,""18"":-421,""19"":-26,""15"":1000,""13201"":333,""36"":2596,""40"":258,""43"":0,""241"":26801,""199"":573,""16"":180678,""12"":770,""449"":0,""636"":0,""11"":893510181,""238"":0,""14"":2540732448,""387"":""2b3431353536312e393833332d303038333934382e383833332b3030302e3139302f""}"
2026-07-18T11:48:43Z,862272088833183,Codec8E,2026-07-18 09:33:32.010 UTC,1784367212010,0,41.5562783,-8.3950450,190,316,7,51,253,"{""239"":1,""240"":1,""80"":1,""21"":5,""200"":0,""69"":1,""237"":99,""113"":100,""263"":1,""303"":1,""383"":3,""30"":0,""31"":3,""32"":61,""33"":0,""35"":16,""37"":50,""38"":224,""39"":41,""253"":3,""254"":45,""181"":15,""182"":12,""66"":14324,""24"":51,""206"":0,""67"":4078,""68"":0,""13"":46,""17"":38,""18"":-316,""19"":29,""15"":1000,""13201"":333,""36"":2596,""40"":258,""43"":0,""241"":26801,""199"":588,""16"":180693,""12"":770,""449"":0,""636"":0,""11"":893510181,""238"":0,""14"":2540732448,""387"":""2b3431353536322e373833332d303038333935302e343530302b3030302e3139302f""}"
2026-07-18T11:48:43Z,862272088833183,Codec8E,2026-07-18 09:33:34.000 UTC,1784367214000,0,41.5563466,-8.3952016,191,306,9,50,0,"{""239"":1,""240"":1,""80"":1,""21"":5,""200"":0,""69"":1,""237"":99,""113"":100,""263"":1,""303"":1,""383"":3,""30"":0,""31"":3,""32"":61,""33"":0,""35"":16,""37"":50,""38"":224,""39"":41,""181"":14,""182"":11,""66"":14317,""24"":50,""206"":0,""67"":4078,""68"":0,""13"":46,""17"":-1,""18"":-234,""19"":-1,""15"":1000,""13201"":332,""36"":2596,""40"":258,""43"":0,""241"":0,""199"":603,""16"":180708,""12"":770,""449"":0,""636"":0,""11"":893510181,""238"":0,""14"":2540732448,""387"":""2b3431353536332e343636372d303038333935322e303136372b3030302e3139312f""}"
2026-07-18T11:48:43Z,862272088833183,Codec8E,2026-07-18 09:33:34.010 UTC,1784367214010,0,41.5563299,-8.3953883,191,280,8,48,255,"{""239"":1,""240"":1,""80"":1,""21"":0,""200"":0,""69"":1,""237"":99,""113"":100,""263"":1,""303"":1,""383"":3,""30"":0,""31"":19,""32"":61,""33"":254,""35"":34,""37"":45,""38"":230,""39"":40,""255"":48,""181"":14,""182"":11,""66"":14314,""24"":48,""206"":0,""67"":4077,""68"":0,""13"":46,""17"":-6,""18"":-204,""19"":-10,""15"":1000,""13201"":332,""36"":2359,""40"":280,""43"":0,""241"":0,""199"":619,""16"":180724,""12"":770,""449"":0,""636"":0,""11"":893510181,""238"":0,""14"":2540732448,""387"":""2b3431353536332e333030302d303038333935332e383833332b3030302e3139312f""}"
2026-07-18T11:48:43Z,862272088833183,Codec8E,2026-07-18 09:33:34.020 UTC,1784367214020,0,41.5563299,-8.3953883,191,280,8,48,253,"{""239"":1,""240"":1,""80"":1,""21"":0,""200"":0,""69"":1,""237"":99,""113"":100,""263"":1,""303"":1,""383"":3,""30"":0,""31"":19,""32"":61,""33"":254,""35"":34,""37"":45,""38"":230,""39"":40,""253"":3,""254"":43,""181"":14,""182"":11,""66"":14313,""24"":48,""206"":0,""67"":4077,""68"":0,""13"":46,""17"":21,""18"":-214,""19"":-46,""15"":1000,""13201"":332,""36"":2359,""40"":280,""43"":0,""241"":0,""199"":619,""16"":180724,""12"":770,""449"":0,""636"":0,""11"":893510181,""238"":0,""14"":2540732448,""387"":""2b3431353536332e333030302d303038333935332e383833332b3030302e3139312f""}"
2026-07-18T11:48:43Z,862272088833183,Codec8E,2026-07-18 09:33:37.000 UTC,1784367217000,0,41.5562383,-8.3957466,190,261,12,45,0,"{""239"":1,""240"":1,""80"":1,""21"":0,""200"":0,""69"":1,""237"":2,""113"":100,""263"":1,""303"":1,""383"":3,""30"":0,""31"":19,""32"":61,""33"":254,""35"":34,""37"":45,""38"":230,""39"":40,""181"":11,""182"":8,""66"":14297,""24"":45,""206"":26,""67"":4078,""68"":0,""13"":46,""17"":104,""18"":-21,""19"":-196,""15"":1000,""13201"":333,""36"":2359,""40"":280,""43"":0,""241"":0,""199"":652,""16"":180757,""12"":770,""449"":0,""636"":110377483,""11"":893510181,""238"":0,""14"":2540732448,""387"":""2b3431353536322e333833332d303038333935372e343636372b3030302e3139302f""}"
2026-07-18T11:48:43Z,862272088833183,Codec8E,2026-07-18 09:33:40.000 UTC,1784367220000,0,41.5561966,-8.3959049,192,254,12,31,0,"{""239"":1,""240"":1,""80"":1,""21"":5,""200"":0,""69"":1,""237"":2,""113"":100,""263"":1,""303"":1,""383"":3,""30"":0,""31"":3,""32"":60,""33"":0,""35"":16,""37"":22,""38"":243,""39"":40,""181"":11,""182"":8,""66"":14263,""24"":31,""206"":26,""67"":4079,""68"":0,""13"":46,""17"":-3,""18"":18,""19"":-27,""15"":1000,""13201"":334,""36"":1212,""40"":125,""43"":0,""241"":26801,""199"":667,""16"":180772,""12"":770,""449"":0,""636"":110377483,""11"":893510181,""238"":0,""14"":2540732448,""387"":""2b3431353536312e393636372d303038333935392e303530302b3030302e3139322f""}"
2026-07-18T11:48:43Z,862272088833183,Codec8E,2026-07-18 09:33:42.000 UTC,1784367222000,0,41.5562116,-8.3959566,191,258,13,19,0,"{""239"":1,""240"":1,""80"":1,""21"":5,""200"":0,""69"":1,""237"":2,""113"":100,""263"":1,""303"":1,""383"":3,""30"":0,""31"":3,""32"":60,""33"":0,""35"":16,""37"":22,""38"":243,""39"":40,""181"":17,""182"":8,""66"":14309,""24"":19,""206"":26,""67"":4077,""68"":0,""13"":46,""17"":-110,""18"":44,""19"":178,""15"":1000,""13201"":334,""36"":1212,""40"":125,""43"":0,""241"":26801,""199"":671,""16"":180776,""12"":770,""449"":0,""636"":110377483,""11"":893510181,""238"":0,""14"":2540732448,""387"":""2b3431353536322e313136372d303038333935392e353636372b3030302e3139312f""}"
2026-07-18T11:48:43Z,862272088833183,Codec8E,2026-07-18 09:33:46.000 UTC,1784367226000,0,41.5562250,-8.3961183,186,279,14,15,0,"{""239"":1,""240"":1,""80"":1,""21"":5,""200"":0,""69"":1,""237"":2,""113"":100,""263"":1,""303"":1,""383"":3,""30"":0,""31"":11,""32"":60,""33"":254,""35"":62,""37"":2,""38"":244,""39"":40,""181"":15,""182"":8,""66"":14302,""24"":15,""206"":26,""67"":4079,""68"":0,""13"":46,""17"":-77,""18"":78,""19"":100,""15"":1000,""13201"":334,""36"":1958,""40"":1041,""43"":0,""241"":26801,""199"":686,""16"":180791,""12"":770,""449"":0,""636"":110377483,""11"":893510181,""238"":0,""14"":2540732448,""387"":""2b3431353536322e323530302d303038333936312e313833332b3030302e3138362f""}"
2026-07-18T11:48:45Z,862272088833183,Codec8E,2026-07-18 09:33:50.000 UTC,1784367230000,0,41.5563033,-8.3965183,180,283,13,25,0,"{""239"":1,""240"":1,""80"":1,""21"":5,""200"":0,""69"":1,""237"":2,""113"":100,""263"":1,""303"":1,""383"":3,""30"":0,""31"":44,""32"":60,""33"":0,""35"":90,""37"":28,""38"":233,""39"":40,""181"":17,""182"":8,""66"":14326,""24"":25,""206"":26,""67"":4079,""68"":0,""13"":46,""17"":7,""18"":25,""19"":-35,""15"":1000,""13201"":334,""36"":2665,""40"":180,""43"":0,""241"":26801,""199"":720,""16"":180825,""12"":770,""449"":0,""636"":110590015,""11"":893510181,""238"":0,""14"":2540732448,""387"":""2b3431353536332e303333332d303038333936352e313833332b3030302e3138302f""}"
2026-07-18T11:48:45Z,862272088833183,Codec8E,2026-07-18 09:33:58.000 UTC,1784367238000,0,41.5563883,-8.3970516,181,282,14,15,0,"{""239"":1,""240"":1,""80"":1,""21"":5,""200"":0,""69"":1,""237"":2,""113"":100,""263"":1,""303"":1,""383"":3,""30"":0,""31"":3,""32"":60,""33"":0,""35"":17,""37"":10,""38"":243,""39"":40,""181"":15,""182"":8,""66"":14311,""24"":15,""206"":26,""67"":4079,""68"":0,""13"":46,""17"":63,""18"":25,""19"":-145,""15"":1000,""13201"":333,""36"":871,""40"":311,""43"":0,""241"":26801,""199"":763,""16"":180868,""12"":770,""449"":0,""636"":110590015,""11"":893510181,""238"":0,""14"":2540732448,""387"":""2b3431353536332e383833332d303038333937302e353136372b3030302e3138312f""}"
2026-07-18T11:48:45Z,862272088833183,Codec8E,2026-07-18 09:34:02.000 UTC,1784367242000,0,41.5564016,-8.3970833,180,289,13,5,0,"{""239"":1,""240"":1,""80"":1,""21"":5,""200"":0,""69"":1,""237"":2,""113"":100,""263"":1,""303"":1,""383"":3,""30"":0,""31"":10,""32"":60,""33"":249,""35"":30,""37"":0,""38"":244,""39"":40,""181"":11,""182"":8,""66"":14308,""24"":5,""206"":26,""67"":4079,""68"":0,""13"":46,""17"":-130,""18"":112,""19"":226,""15"":1000,""13201"":334,""36"":1145,""40"":575,""43"":0,""241"":26801,""199"":767,""16"":180872,""12"":770,""449"":0,""636"":110590015,""11"":893510181,""238"":0,""14"":2540732448,""387"":""2b3431353536342e303136372d303038333937302e383333332b3030302e3138302f""}"
2026-07-18T11:48:45Z,862272088833183,Codec8E,2026-07-18 09:34:06.000 UTC,1784367246000,0,41.5564583,-8.3971466,178,330,14,7,0,"{""239"":1,""240"":1,""80"":1,""21"":5,""200"":0,""69"":1,""237"":2,""113"":100,""263"":1,""303"":1,""383"":3,""30"":0,""31"":10,""32"":60,""33"":249,""35"":30,""37"":0,""38"":244,""39"":40,""181"":11,""182"":7,""66"":14318,""24"":7,""206"":26,""67"":4079,""68"":0,""13"":46,""17"":-74,""18"":78,""19"":104,""15"":1000,""13201"":333,""36"":1145,""40"":575,""43"":0,""241"":26801,""199"":777,""16"":180882,""12"":770,""449"":0,""636"":110590015,""11"":893510181,""238"":0,""14"":2540732448,""387"":""2b3431353536342e353833332d303038333937312e343636372b3030302e3137382f""}"
2026-07-18T11:48:45Z,862272088833183,Codec8E,2026-07-18 09:34:07.000 UTC,1784367247000,0,41.5565033,-8.3971699,179,342,13,10,0,"{""239"":1,""240"":1,""80"":1,""21"":5,""200"":0,""69"":1,""237"":2,""113"":100,""263"":1,""303"":1,""383"":3,""30"":0,""31"":17,""32"":60,""33"":247,""35"":41,""37"":14,""38"":240,""39"":40,""181"":11,""182"":8,""66"":14329,""24"":10,""206"":26,""67"":4078,""68"":0,""13"":46,""17"":16,""18"":-1,""19"":-17,""15"":1000,""13201"":334,""36"":1670,""40"":933,""43"":0,""241"":26801,""199"":782,""16"":180887,""12"":770,""449"":0,""636"":110590015,""11"":893510181,""238"":0,""14"":2540732448,""387"":""2b3431353536352e303333332d303038333937312e373030302b3030302e3137392f""}"
2026-07-18T11:48:45Z,862272088833183,Codec8E,2026-07-18 09:34:11.000 UTC,1784367251000,0,41.5566966,-8.3972983,181,321,14,18,0,"{""239"":1,""240"":1,""80"":1,""21"":5,""200"":0,""69"":1,""237"":2,""113"":100,""263"":1,""303"":1,""383"":3,""30"":0,""31"":17,""32"":60,""33"":247,""35"":41,""37"":14,""38"":240,""39"":40,""181"":15,""182"":8,""66"":14325,""24"":18,""206"":26,""67"":4079,""68"":0,""13"":46,""17"":-41,""18"":-182,""19"":30,""15"":1000,""13201"":334,""36"":1670,""40"":933,""43"":0,""241"":26801,""199"":806,""16"":180911,""12"":770,""449"":0,""636"":110590015,""11"":893510181,""238"":0,""14"":2540732448,""387"":""2b3431353536362e393636372d303038333937322e393833332b3030302e3138312f""}"
2026-07-18T11:48:45Z,862272088833183,Codec8E,2026-07-18 09:34:12.000 UTC,1784367252000,0,41.5567416,-8.3973650,182,310,14,20,0,"{""239"":1,""240"":1,""80"":1,""21"":5,""200"":0,""69"":1,""237"":2,""113"":100,""263"":1,""303"":1,""383"":3,""30"":0,""31"":11,""32"":60,""33"":253,""35"":38,""37"":22,""38"":235,""39"":40,""181"":15,""182"":8,""66"":14344,""24"":20,""206"":26,""67"":4079,""68"":0,""13"":46,""17"":-79,""18"":-185,""19"":53,""15"":1000,""13201"":334,""36"":2116,""40"":522,""43"":0,""241"":26801,""199"":814,""16"":180919,""12"":770,""449"":0,""636"":110590015,""11"":893510181,""238"":0,""14"":2540732448,""387"":""2b3431353536372e343136372d303038333937332e363530302b3030302e3138322f""}"
2026-07-18T11:48:45Z,862272088833183,Codec8E,2026-07-18 09:34:13.000 UTC,1784367253000,0,41.5567750,-8.3974516,182,291,14,22,0,"{""239"":1,""240"":1,""80"":1,""21"":5,""200"":0,""69"":1,""237"":2,""113"":100,""263"":1,""303"":1,""383"":3,""30"":0,""31"":11,""32"":60,""33"":253,""35"":38,""37"":22,""38"":235,""39"":40,""181"":15,""182"":8,""66"":14309,""24"":22,""206"":26,""67"":4079,""68"":0,""13"":46,""17"":-26,""18"":-162,""19"":-43,""15"":1000,""13201"":334,""36"":2116,""40"":522,""43"":0,""241"":26801,""199"":822,""16"":180927,""12"":770,""449"":0,""636"":110590015,""11"":893510181,""238"":0,""14"":2540732448,""387"":""2b3431353536372e373530302d303038333937342e353136372b3030302e3138322f""}"
2026-07-18T11:48:45Z,862272088833183,Codec8E,2026-07-18 09:34:14.000 UTC,1784367254000,0,41.5567866,-8.3975499,183,279,13,23,0,"{""239"":1,""240"":1,""80"":1,""21"":5,""200"":0,""69"":1,""237"":2,""113"":100,""263"":1,""303"":1,""383"":3,""30"":0,""31"":11,""32"":60,""33"":253,""35"":38,""37"":22,""38"":235,""39"":40,""181"":17,""182"":8,""66"":14314,""24"":23,""206"":26,""67"":4079,""68"":0,""13"":46,""17"":9,""18"":-226,""19"":54,""15"":1000,""13201"":334,""36"":2116,""40"":522,""43"":0,""241"":26801,""199"":830,""16"":180935,""12"":770,""449"":0,""636"":110590015,""11"":893510181,""238"":0,""14"":2540732448,""387"":""2b3431353536372e383636372d303038333937352e353030302b3030302e3138332f""}"
2026-07-18T11:48:45Z,862272088833183,Codec8E,2026-07-18 09:34:15.000 UTC,1784367255000,0,41.5567783,-8.3976433,183,261,13,24,0,"{""239"":1,""240"":1,""80"":1,""21"":5,""200"":0,""69"":1,""237"":2,""113"":100,""263"":1,""303"":1,""383"":3,""30"":0,""31"":11,""32"":60,""33"":253,""35"":38,""37"":22,""38"":235,""39"":40,""181"":17,""182"":8,""66"":14316,""24"":24,""206"":26,""67"":4079,""68"":0,""13"":46,""17"":9,""18"":-230,""19"":56,""15"":1000,""13201"":334,""36"":2116,""40"":522,""43"":0,""241"":26801,""199"":838,""16"":180943,""12"":770,""449"":0,""636"":110590015,""11"":893510181,""238"":0,""14"":2540732448,""387"":""2b3431353536372e373833332d303038333937362e343333332b3030302e3138332f""}"
2026-07-18T11:48:45Z,862272088833183,Codec8E,2026-07-18 09:34:16.000 UTC,1784367256000,0,41.5567483,-8.3977316,184,244,13,25,0,"{""239"":1,""240"":1,""80"":1,""21"":5,""200"":0,""69"":1,""237"":2,""113"":100,""263"":1,""303"":1,""383"":3,""30"":0,""31"":24,""32"":60,""33"":0,""35"":33,""37"":26,""38"":239,""39"":40,""181"":11,""182"":8,""66"":14334,""24"":25,""206"":26,""67"":4079,""68"":0,""13"":46,""17"":-22,""18"":-188,""19"":-13,""15"":1000,""13201"":334,""36"":1804,""40"":588,""43"":0,""241"":26801,""199"":846,""16"":180951,""12"":770,""449"":0,""636"":110590015,""11"":893510181,""238"":0,""14"":2540732448,""387"":""2b3431353536372e343833332d303038333937372e333136372b3030302e3138342f""}"
2026-07-18T11:48:45Z,862272088833183,Codec8E,2026-07-18 09:34:18.000 UTC,1784367258000,0,41.5566633,-8.3978916,183,226,13,26,0,"{""239"":1,""240"":1,""80"":1,""21"":5,""200"":0,""69"":1,""237"":2,""113"":100,""263"":1,""303"":1,""383"":3,""30"":0,""31"":24,""32"":60,""33"":0,""35"":33,""37"":26,""38"":239,""39"":40,""181"":11,""182"":8,""66"":14338,""24"":26,""206"":26,""67"":4079,""68"":0,""13"":46,""17"":14,""18"":106,""19"":10,""15"":1000,""13201"":334,""36"":1804,""40"":588,""43"":0,""241"":26801,""199"":863,""16"":180968,""12"":770,""449"":0,""636"":110590015,""11"":893510181,""238"":0,""14"":2540732448,""387"":""2b3431353536362e363333332d303038333937382e393136372b3030302e3138332f""}"
2026-07-18T11:50:43Z,862272088833183,Codec8E,2026-07-18 09:34:19.000 UTC,1784367259000,0,41.5565983,-8.3979450,182,214,13,27,0,"{""239"":1,""240"":1,""80"":1,""21"":5,""200"":0,""69"":1,""237"":2,""113"":100,""263"":1,""303"":1,""383"":3,""30"":0,""31"":24,""32"":60,""33"":0,""35"":33,""37"":26,""38"":239,""39"":40,""181"":17,""182"":8,""66"":14329,""24"":27,""206"":26,""67"":4079,""68"":0,""13"":46,""17"":16,""18"":164,""19"":60,""15"":1000,""13201"":334,""36"":1804,""40"":588,""43"":0,""241"":26801,""199"":871,""16"":180976,""12"":770,""449"":0,""636"":110590015,""11"":893510181,""238"":0,""14"":2540732448,""387"":""2b3431353536352e393833332d303038333937392e343530302b3030302e3138322f""}"
2026-07-18T11:50:43Z,862272088833183,Codec8E,2026-07-18 09:34:22.000 UTC,1784367262000,0,41.5564100,-8.3981749,181,229,13,31,0,"{""239"":1,""240"":1,""80"":1,""21"":5,""200"":0,""69"":1,""237"":2,""113"":100,""263"":1,""303"":1,""383"":3,""30"":0,""31"":7,""32"":61,""33"":0,""35"":26,""37"":31,""38"":241,""39"":40,""181"":11,""182"":8,""66"":14321,""24"":31,""206"":26,""67"":4079,""68"":0,""13"":46,""17"":18,""18"":69,""19"":-5,""15"":1000,""13201"":334,""36"":2035,""40"":680,""43"":0,""241"":26801,""199"":900,""16"":181005,""12"":770,""449"":0,""636"":110590015,""11"":893510181,""238"":0,""14"":2540732448,""387"":""2b3431353536342e313030302d303038333938312e373530302b3030302e3138312f""}"
2026-07-18T11:50:43Z,862272088833183,Codec8E,2026-07-18 09:34:24.000 UTC,1784367264000,0,41.5562650,-8.3983700,182,242,13,34,0,"{""239"":1,""240"":1,""80"":1,""21"":5,""200"":0,""69"":1,""237"":2,""113"":100,""263"":1,""303"":1,""383"":3,""30"":0,""31"":7,""32"":61,""33"":0,""35"":26,""37"":31,""38"":241,""39"":40,""181"":11,""182"":8,""66"":14302,""24"":34,""206"":26,""67"":4076,""68"":0,""13"":46,""17"":-15,""18"":0,""19"":157,""15"":1000,""13201"":335,""36"":2035,""40"":680,""43"":0,""241"":26801,""199"":923,""16"":181028,""12"":770,""449"":0,""636"":110590015,""11"":893510181,""238"":0,""14"":2540732448,""387"":""2b3431353536322e363530302d303038333938332e373030302b3030302e3138322f""}"
2026-07-18T11:50:43Z,862272088833183,Codec8E,2026-07-18 09:34:29.000 UTC,1784367269000,0,41.5560016,-8.3990566,181,241,13,44,0,"{""239"":1,""240"":1,""80"":1,""21"":5,""200"":0,""69"":1,""237"":2,""113"":100,""263"":1,""303"":1,""383"":3,""30"":0,""31"":26,""32"":61,""33"":0,""35"":45,""37"":38,""38"":242,""39"":41,""181"":11,""182"":8,""66"":14282,""24"":44,""206"":26,""67"":4077,""68"":0,""13"":46,""17"":41,""18"":65,""19"":132,""15"":1000,""13201"":335,""36"":1920,""40"":1511,""43"":0,""241"":26801,""199"":987,""16"":181092,""12"":770,""449"":0,""636"":110590015,""11"":893510181,""238"":0,""14"":2540732448,""387"":""2b3431353536302e303136372d303038333939302e353636372b3030302e3138312f""}"
2026-07-18T11:50:44Z,862272088833183,Codec8E,2026-07-18 09:34:37.000 UTC,1784367277000,0,41.5555166,-8.4002300,169,241,14,51,0,"{""239"":1,""240"":1,""80"":1,""21"":5,""200"":0,""69"":1,""237"":2,""113"":100,""263"":1,""303"":1,""383"":3,""30"":0,""31"":36,""32"":61,""33"":246,""35"":48,""37"":51,""38"":241,""39"":40,""181"":11,""182"":7,""66"":14315,""24"":51,""206"":26,""67"":4079,""68"":0,""13"":46,""17"":56,""18"":-8,""19"":21,""15"":333,""13201"":335,""36"":1868,""40"":280,""43"":0,""241"":26801,""199"":1099,""16"":181204,""12"":770,""449"":0,""636"":110590015,""11"":893510181,""238"":0,""14"":2540732448,""387"":""2b3431353535352e313636372d303038343030322e333030302b3030302e3136392f""}"
2026-07-18T11:50:44Z,862272088833183,Codec8E,2026-07-18 09:34:43.000 UTC,1784367283000,0,41.5550866,-8.4012549,168,242,12,53,255,"{""239"":1,""240"":1,""80"":1,""21"":5,""200"":0,""69"":1,""237"":2,""113"":100,""263"":1,""303"":1,""383"":3,""30"":0,""31"":43,""32"":61,""33"":1,""35"":113,""37"":52,""38"":243,""39"":41,""255"":53,""181"":11,""182"":8,""66"":14322,""24"":53,""206"":26,""67"":4079,""68"":0,""13"":46,""17"":0,""18"":-33,""19"":63,""15"":333,""13201"":335,""36"":1919,""40"":1569,""43"":0,""241"":26801,""199"":1197,""16"":181302,""12"":770,""449"":0,""636"":110344253,""11"":893510181,""238"":0,""14"":2540732448,""387"":""2b3431353535302e383636372d303038343031322e353530302b3030302e3136382f""}"
2026-07-18T11:50:44Z,862272088833183,Codec8E,2026-07-18 09:34:50.000 UTC,1784367290000,0,41.5546266,-8.4023633,173,240,13,58,0,"{""239"":1,""240"":1,""80"":1,""21"":5,""200"":0,""69"":1,""237"":2,""113"":100,""263"":1,""303"":1,""383"":3,""30"":0,""31"":30,""32"":61,""33"":0,""35"":19,""37"":60,""38"":236,""39"":40,""181"":11,""182"":8,""66"":14314,""24"":58,""206"":26,""67"":4079,""68"":0,""13"":46,""17"":16,""18"":-17,""19"":-16,""15"":333,""13201"":335,""36"":1467,""40"":180,""43"":0,""241"":26801,""199"":1302,""16"":181407,""12"":770,""449"":0,""636"":110344253,""11"":893510181,""238"":0,""14"":2540732448,""387"":""2b3431353534362e323636372d303038343032332e363333332b3030302e3137332f""}"
2026-07-18T11:50:44Z,862272088833183,Codec8E,2026-07-18 09:34:57.000 UTC,1784367297000,0,41.5541550,-8.4034850,170,241,14,54,0,"{""239"":1,""240"":1,""80"":1,""21"":5,""200"":0,""69"":1,""237"":2,""113"":100,""263"":1,""303"":1,""383"":3,""30"":0,""31"":9,""32"":61,""33"":1,""35"":28,""37"":52,""38"":240,""39"":40,""181"":11,""182"":7,""66"":14318,""24"":54,""206"":26,""67"":4079,""68"":0,""13"":46,""17"":-2,""18"":-15,""19"":25,""15"":333,""13201"":336,""36"":1386,""40"":222,""43"":0,""241"":26801,""199"":1410,""16"":181515,""12"":770,""449"":0,""636"":110590015,""11"":893510181,""238"":0,""14"":2540732448,""387"":""2b3431353534312e353530302d303038343033342e383530302b3030302e3137302f""}"
2026-07-18T11:50:44Z,862272088833183,Codec8E,2026-07-18 09:35:05.000 UTC,1784367305000,0,41.5536666,-8.4046483,169,241,14,50,0,"{""239"":1,""240"":1,""80"":1,""21"":3,""200"":0,""69"":1,""237"":2,""113"":100,""263"":1,""303"":1,""383"":3,""30"":0,""31"":22,""32"":61,""33"":6,""35"":51,""37"":52,""38"":239,""39"":40,""181"":15,""182"":8,""66"":14293,""24"":50,""206"":26,""67"":4079,""68"":0,""13"":46,""17"":99,""18"":-44,""19"":96,""15"":333,""13201"":336,""36"":1372,""40"":83,""43"":0,""241"":26801,""199"":1521,""16"":181626,""12"":770,""449"":0,""636"":110344253,""11"":893510181,""238"":0,""14"":2540732448,""387"":""2b3431353533362e363636372d303038343034362e343833332b3030302e3136392f""}"
2026-07-18T11:50:44Z,862272088833183,Codec8E,2026-07-18 09:35:06.000 UTC,1784367306000,0,41.5535316,-8.4049516,169,242,14,48,255,"{""239"":1,""240"":1,""80"":1,""21"":3,""200"":0,""69"":1,""237"":2,""113"":100,""263"":1,""303"":1,""383"":3,""30"":0,""31"":4,""32"":61,""33"":255,""35"":36,""37"":48,""38"":237,""39"":40,""255"":48,""181"":15,""182"":8,""66"":14318,""24"":48,""206"":26,""67"":4079,""68"":0,""13"":46,""17"":34,""18"":-9,""19"":-27,""15"":333,""13201"":335,""36"":837,""40"":91,""43"":0,""241"":26801,""199"":1551,""16"":181656,""12"":770,""449"":0,""636"":110136843,""11"":893510181,""238"":0,""14"":2540732448,""387"":""2b3431353533352e333136372d303038343034392e353136372b3030302e3136392f""}"
2026-07-18T11:50:44Z,862272088833183,Codec8E,2026-07-18 09:35:16.000 UTC,1784367316000,0,41.5530833,-8.4061350,180,253,14,40,0,"{""239"":1,""240"":1,""80"":1,""21"":3,""200"":0,""69"":1,""237"":2,""113"":100,""263"":1,""303"":1,""383"":3,""30"":0,""31"":9,""32"":60,""33"":2,""35"":16,""37"":40,""38"":240,""39"":40,""181"":11,""182"":7,""66"":14289,""24"":40,""206"":26,""67"":4079,""68"":0,""13"":46,""17"":-39,""18"":212,""19"":-26,""15"":333,""13201"":336,""36"":1514,""40"":113,""43"":0,""241"":26801,""199"":1664,""16"":181769,""12"":770,""449"":0,""636"":110136883,""11"":893510181,""238"":0,""14"":2540732448,""387"":""2b3431353533302e383333332d303038343036312e333530302b3030302e3138302f""}"
2026-07-18T11:50:44Z,862272088833183,Codec8E,2026-07-18 09:35:17.000 UTC,1784367317000,0,41.5530983,-8.4062666,181,264,14,38,0,"{""239"":1,""240"":1,""80"":1,""21"":3,""200"":0,""69"":1,""237"":2,""113"":100,""263"":1,""303"":1,""383"":3,""30"":0,""31"":9,""32"":60,""33"":2,""35"":16,""37"":40,""38"":240,""39"":40,""181"":11,""182"":7,""66"":14324,""24"":38,""206"":26,""67"":4079,""68"":0,""13"":46,""17"":29,""18"":236,""19"":55,""15"":333,""13201"":336,""36"":1514,""40"":113,""43"":0,""241"":26801,""199"":1675,""16"":181780,""12"":770,""449"":0,""636"":110136883,""11"":893510181,""238"":0,""14"":2540732448,""387"":""2b3431353533302e393833332d303038343036322e363636372b3030302e3138312f""}"
2026-07-18T11:50:44Z,862272088833183,Codec8E,2026-07-18 09:35:18.000 UTC,1784367318000,0,41.5531233,-8.4063616,179,275,14,36,0,"{""239"":1,""240"":1,""80"":1,""21"":3,""200"":0,""69"":1,""237"":2,""113"":100,""263"":1,""303"":1,""383"":3,""30"":0,""31"":9,""32"":60,""33"":2,""35"":16,""37"":40,""38"":240,""39"":40,""181"":15,""182"":8,""66"":14300,""24"":36,""206"":26,""67"":4079,""68"":0,""13"":46,""17"":-16,""18"":278,""19"":7,""15"":333,""13201"":336,""36"":1514,""40"":113,""43"":0,""241"":26801,""199"":1683,""16"":181788,""12"":770,""449"":0,""636"":110136883,""11"":893510181,""238"":0,""14"":2540732448,""387"":""2b3431353533312e323333332d303038343036332e363136372b3030302e3137392f""}"
2026-07-18T11:50:44Z,862272088833183,Codec8E,2026-07-18 09:35:19.000 UTC,1784367319000,0,41.5531550,-8.4064483,178,289,14,34,0,"{""239"":1,""240"":1,""80"":1,""21"":3,""200"":0,""69"":1,""237"":2,""113"":100,""263"":1,""303"":1,""383"":3,""30"":0,""31"":9,""32"":60,""33"":2,""35"":16,""37"":40,""38"":240,""39"":40,""181"":11,""182"":7,""66"":14301,""24"":34,""206"":26,""67"":4079,""68"":0,""13"":46,""17"":76,""18"":268,""19"":15,""15"":333,""13201"":336,""36"":1514,""40"":113,""43"":0,""241"":26801,""199"":1691,""16"":181796,""12"":770,""449"":0,""636"":110136884,""11"":893510181,""238"":0,""14"":2540732448,""387"":""2b3431353533312e353530302d303038343036342e343833332b3030302e3137382f""}"
2026-07-18T11:50:44Z,862272088833183,Codec8E,2026-07-18 09:35:20.000 UTC,1784367320000,0,41.5531916,-8.4065300,178,304,13,33,0,"{""239"":1,""240"":1,""80"":1,""21"":3,""200"":0,""69"":1,""237"":2,""113"":100,""263"":1,""303"":1,""383"":3,""30"":0,""31"":29,""32"":60,""33"":255,""35"":68,""37"":31,""38"":241,""39"":40,""181"":18,""182"":8,""66"":14299,""24"":33,""206"":26,""67"":4079,""68"":0,""13"":46,""17"":-2,""18"":185,""19"":39,""15"":333,""13201"":336,""36"":1534,""40"":747,""43"":0,""241"":26801,""199"":1699,""16"":181804,""12"":770,""449"":0,""636"":110136884,""11"":893510181,""238"":0,""14"":2540732448,""387"":""2b3431353533312e393136372d303038343036352e333030302b3030302e3137382f""}"
2026-07-18T11:50:44Z,862272088833183,Codec8E,2026-07-18 09:35:21.000 UTC,1784367321000,0,41.5532583,-8.4065766,178,319,12,32,0,"{""239"":1,""240"":1,""80"":1,""21"":3,""200"":0,""69"":1,""237"":2,""113"":100,""263"":1,""303"":1,""383"":3,""30"":0,""31"":29,""32"":60,""33"":255,""35"":68,""37"":31,""38"":241,""39"":40,""181"":12,""182"":8,""66"":14316,""24"":32,""206"":26,""67"":4078,""68"":0,""13"":46,""17"":3,""18"":179,""19"":70,""15"":333,""13201"":336,""36"":1534,""40"":747,""43"":0,""241"":26801,""199"":1708,""16"":181813,""12"":770,""449"":0,""636"":110136884,""11"":893510181,""238"":0,""14"":2540732448,""387"":""2b3431353533322e353833332d303038343036352e373636372b3030302e3137382f""}"
2026-07-18T11:52:42Z,862272088833183,Codec8E,2026-07-18 09:35:22.000 UTC,1784367322000,0,41.5533300,-8.4066150,178,334,13,32,0,"{""239"":1,""240"":1,""80"":1,""21"":3,""200"":0,""69"":1,""237"":2,""113"":100,""263"":1,""303"":1,""383"":3,""30"":0,""31"":29,""32"":60,""33"":255,""35"":68,""37"":31,""38"":241,""39"":40,""181"":18,""182"":8,""66"":14312,""24"":32,""206"":26,""67"":4079,""68"":0,""13"":46,""17"":33,""18"":109,""19"":16,""15"":333,""13201"":336,""36"":1534,""40"":747,""43"":0,""241"":26801,""199"":1716,""16"":181821,""12"":770,""449"":0,""636"":110136884,""11"":893510181,""238"":0,""14"":2540732448,""387"":""2b3431353533332e333030302d303038343036362e313530302b3030302e3137382f""}"
2026-07-18T11:52:42Z,862272088833183,Codec8E,2026-07-18 09:35:24.000 UTC,1784367324000,0,41.5535100,-8.4066666,178,348,13,34,0,"{""239"":1,""240"":1,""80"":1,""21"":3,""200"":0,""69"":1,""237"":2,""113"":100,""263"":1,""303"":1,""383"":3,""30"":0,""31"":29,""32"":60,""33"":255,""35"":68,""37"":31,""38"":241,""39"":40,""181"":18,""182"":8,""66"":14310,""24"":34,""206"":26,""67"":4079,""68"":0,""13"":46,""17"":20,""18"":37,""19"":47,""15"":333,""13201"":336,""36"":1534,""40"":747,""43"":0,""241"":26801,""199"":1737,""16"":181842,""12"":770,""449"":0,""636"":110136884,""11"":893510181,""238"":0,""14"":2540732448,""387"":""2b3431353533352e313030302d303038343036362e363636372b3030302e3137382f""}"
2026-07-18T11:52:42Z,862272088833183,Codec8E,2026-07-18 09:35:36.000 UTC,1784367336000,0,41.5544366,-8.4067716,184,351,13,35,0,"{""239"":1,""240"":1,""80"":1,""21"":5,""200"":0,""69"":1,""237"":2,""113"":100,""263"":1,""303"":1,""383"":3,""30"":0,""31"":42,""32"":59,""33"":0,""35"":110,""37"":30,""38"":246,""39"":41,""181"":11,""182"":8,""66"":14329,""24"":35,""206"":26,""67"":4079,""68"":0,""13"":46,""17"":45,""18"":36,""19"":22,""15"":333,""13201"":336,""36"":1979,""40"":2013,""43"":0,""241"":26801,""199"":1840,""16"":181945,""12"":770,""449"":0,""636"":110136883,""11"":893510181,""238"":0,""14"":2540732448,""387"":""2b3431353534342e333636372d303038343036372e373136372b3030302e3138342f""}"
2026-07-18T11:52:42Z,862272088833183,Codec8E,2026-07-18 09:35:42.000 UTC,1784367342000,0,41.5550999,-8.4069200,192,347,13,47,0,"{""239"":1,""240"":1,""80"":1,""21"":5,""200"":0,""69"":1,""237"":2,""113"":100,""263"":1,""303"":1,""383"":3,""30"":0,""31"":45,""32"":59,""33"":247,""35"":20,""37"":42,""38"":237,""39"":41,""181"":11,""182"":8,""66"":14304,""24"":47,""206"":26,""67"":4079,""68"":0,""13"":46,""17"":68,""18"":26,""19"":4,""15"":333,""13201"":337,""36"":2795,""40"":1069,""43"":0,""241"":26801,""199"":1915,""16"":182020,""12"":770,""449"":0,""636"":110136883,""11"":893510181,""238"":0,""14"":2540732448,""387"":""2b3431353535312e303030302d303038343036392e323030302b3030302e3139322f""}"
2026-07-18T11:52:43Z,862272088833183,Codec8E,2026-07-18 09:35:43.000 UTC,1784367343000,0,41.5554283,-8.4070133,194,354,12,52,255,"{""239"":1,""240"":1,""80"":1,""21"":5,""200"":0,""69"":1,""237"":2,""113"":100,""263"":1,""303"":1,""383"":3,""30"":0,""31"":50,""32"":59,""33"":255,""35"":119,""37"":55,""38"":240,""39"":41,""255"":52,""181"":12,""182"":9,""66"":14300,""24"":52,""206"":26,""67"":4077,""68"":0,""13"":46,""17"":-26,""18"":68,""19"":137,""15"":333,""13201"":336,""36"":3576,""40"":238,""43"":0,""241"":26801,""199"":1953,""16"":182058,""12"":770,""449"":0,""636"":110136883,""11"":893510181,""238"":0,""14"":2540732448,""387"":""2b3431353535342e323833332d303038343037302e313333332b3030302e3139342f""}"
2026-07-18T11:52:43Z,862272088833183,Codec8E,2026-07-18 09:35:50.000 UTC,1784367350000,0,41.5563366,-8.4070583,197,356,13,60,0,"{""239"":1,""240"":1,""80"":1,""21"":5,""200"":0,""69"":1,""237"":2,""113"":100,""263"":1,""303"":1,""383"":3,""30"":0,""31"":62,""32"":59,""33"":254,""35"":76,""37"":62,""38"":227,""39"":41,""181"":11,""182"":8,""66"":14321,""24"":60,""206"":26,""67"":4079,""68"":0,""13"":46,""17"":33,""18"":35,""19"":116,""15"":333,""13201"":338,""36"":2803,""40"":225,""43"":0,""241"":26801,""199"":2054,""16"":182159,""12"":770,""449"":0,""636"":110136883,""11"":893510181,""238"":0,""14"":2540732448,""387"":""2b3431353536332e333636372d303038343037302e353833332b3030302e3139372f""}"
2026-07-18T11:52:43Z,862272088833183,Codec8E,2026-07-18 09:35:56.000 UTC,1784367356000,0,41.5573483,-8.4071683,196,356,11,66,0,"{""239"":1,""240"":1,""80"":1,""21"":5,""200"":0,""69"":1,""237"":2,""113"":100,""263"":1,""303"":1,""383"":3,""30"":0,""31"":41,""32"":60,""33"":255,""35"":122,""37"":63,""38"":247,""39"":42,""181"":18,""182"":9,""66"":14336,""24"":66,""206"":26,""67"":4079,""68"":0,""13"":46,""17"":0,""18"":28,""19"":54,""15"":400,""13201"":338,""36"":2293,""40"":1977,""43"":0,""241"":26801,""199"":2167,""16"":182272,""12"":770,""449"":0,""636"":110136883,""11"":893510181,""238"":0,""14"":2540732448,""387"":""2b3431353537332e343833332d303038343037312e363833332b3030302e3139362f""}"
2026-07-18T11:52:43Z,862272088833183,Codec8E,2026-07-18 09:36:02.000 UTC,1784367362000,0,41.5583899,-8.4073016,197,355,12,67,0,"{""239"":1,""240"":1,""80"":1,""21"":5,""200"":0,""69"":1,""237"":2,""113"":100,""263"":1,""303"":1,""383"":3,""30"":0,""31"":22,""32"":60,""33"":0,""35"":35,""37"":66,""38"":240,""39"":42,""181"":17,""182"":8,""66"":14329,""24"":67,""206"":26,""67"":4079,""68"":0,""13"":46,""17"":-20,""18"":3,""19"":23,""15"":400,""13201"":338,""36"":2420,""40"":1508,""43"":0,""241"":26801,""199"":2284,""16"":182389,""12"":770,""449"":0,""636"":110136883,""11"":893510181,""238"":0,""14"":2540732448,""387"":""2b3431353538332e393030302d303038343037332e303136372b3030302e3139372f""}"
2026-07-18T11:52:44Z,862272088833183,Codec8E,2026-07-18 09:36:08.000 UTC,1784367368000,0,41.5593933,-8.4073916,201,355,13,68,0,"{""239"":1,""240"":1,""80"":1,""21"":5,""200"":0,""69"":1,""237"":2,""113"":100,""263"":1,""303"":1,""383"":3,""30"":0,""31"":15,""32"":60,""33"":246,""35"":68,""37"":68,""38"":240,""39"":43,""181"":16,""182"":8,""66"":14310,""24"":68,""206"":26,""67"":4079,""68"":0,""13"":46,""17"":0,""18"":20,""19"":-37,""15"":400,""13201"":338,""36"":2486,""40"":788,""43"":0,""241"":26801,""199"":2395,""16"":182500,""12"":770,""449"":0,""636"":110136883,""11"":893510181,""238"":0,""14"":2540732448,""387"":""2b3431353539332e393333332d303038343037332e393136372b3030302e3230312f""}"
2026-07-18T11:52:44Z,862272088833183,Codec8E,2026-07-18 09:36:14.000 UTC,1784367374000,0,41.5603200,-8.4074833,203,359,13,61,0,"{""239"":1,""240"":1,""80"":1,""21"":5,""200"":0,""69"":1,""237"":2,""113"":100,""263"":1,""303"":1,""383"":3,""30"":0,""31"":47,""32"":61,""33"":249,""35"":26,""37"":63,""38"":227,""39"":43,""181"":11,""182"":8,""66"":14316,""24"":61,""206"":26,""67"":4079,""68"":0,""13"":46,""17"":-26,""18"":-6,""19"":54,""15"":400,""13201"":338,""36"":2290,""40"":1158,""43"":0,""241"":26801,""199"":2499,""16"":182604,""12"":770,""449"":0,""636"":110162485,""11"":893510181,""238"":0,""14"":2540732448,""387"":""2b3431353630332e323030302d303038343037342e383333332b3030302e3230332f""}"
2026-07-18T11:52:44Z,862272088833183,Codec8E,2026-07-18 09:36:20.000 UTC,1784367380000,0,41.5612850,-8.4074833,200,0,13,65,0,"{""239"":1,""240"":1,""80"":1,""21"":5,""200"":0,""69"":1,""237"":2,""113"":100,""263"":1,""303"":1,""383"":3,""30"":0,""31"":16,""32"":61,""33"":254,""35"":84,""37"":64,""38"":225,""39"":42,""181"":11,""182"":8,""66"":14323,""24"":65,""206"":26,""67"":4079,""68"":0,""13"":46,""17"":90,""18"":-97,""19"":78,""15"":400,""13201"":338,""36"":2379,""40"":755,""43"":0,""241"":26801,""199"":2606,""16"":182711,""12"":770,""449"":0,""636"":110136883,""11"":893510181,""238"":0,""14"":2540732448,""387"":""2b3431353631322e383530302d303038343037342e383333332b3030302e3230302f""}"
2026-07-18T11:52:44Z,862272088833183,Codec8E,2026-07-18 09:36:24.000 UTC,1784367384000,0,41.5619300,-8.4075683,199,346,13,64,0,"{""239"":1,""240"":1,""80"":1,""21"":5,""200"":0,""69"":1,""237"":2,""113"":100,""263"":1,""303"":1,""383"":3,""30"":0,""31"":14,""32"":61,""33"":255,""35"":64,""37"":62,""38"":238,""39"":43,""181"":11,""182"":8,""66"":14321,""24"":64,""206"":26,""67"":4077,""68"":0,""13"":46,""17"":70,""18"":-119,""19"":-6,""15"":400,""13201"":339,""36"":2290,""40"":719,""43"":0,""241"":26801,""199"":2679,""16"":182784,""12"":770,""449"":0,""636"":110136883,""11"":893510181,""238"":0,""14"":2540732448,""387"":""2b3431353631392e333030302d303038343037352e363833332b3030302e3139392f""}"
2026-07-18T11:52:45Z,862272088833183,Codec8E,2026-07-18 09:36:25.000 UTC,1784367385000,0,41.5620750,-8.4076466,198,335,13,64,0,"{""239"":1,""240"":1,""80"":1,""21"":5,""200"":0,""69"":1,""237"":2,""113"":100,""263"":1,""303"":1,""383"":3,""30"":0,""31"":14,""32"":61,""33"":255,""35"":64,""37"":62,""38"":238,""39"":43,""181"":11,""182"":8,""66"":14325,""24"":64,""206"":26,""67"":4078,""68"":0,""13"":46,""17"":10,""18"":-150,""19"":-35,""15"":400,""13201"":339,""36"":2290,""40"":719,""43"":0,""241"":26801,""199"":2696,""16"":182801,""12"":770,""449"":0,""636"":110136883,""11"":893510181,""238"":0,""14"":2540732448,""387"":""2b3431353632302e373530302d303038343037362e343636372b3030302e3139382f""}"
2026-07-18T11:52:45Z,862272088833183,Codec8E,2026-07-18 09:36:27.000 UTC,1784367387000,0,41.5623283,-8.4078833,197,321,13,62,0,"{""239"":1,""240"":1,""80"":1,""21"":5,""200"":0,""69"":1,""237"":2,""113"":100,""263"":1,""303"":1,""383"":3,""30"":0,""31"":14,""32"":61,""33"":255,""35"":64,""37"":62,""38"":238,""39"":43,""181"":11,""182"":8,""66"":14302,""24"":62,""206"":26,""67"":4079,""68"":0,""13"":46,""17"":37,""18"":-101,""19"":27,""15"":400,""13201"":339,""36"":2290,""40"":719,""43"":0,""241"":26801,""199"":2730,""16"":182835,""12"":770,""449"":0,""636"":110136883,""11"":893510181,""238"":0,""14"":2540732448,""387"":""2b3431353632332e323833332d303038343037382e383333332b3030302e3139372f""}"
2026-07-18T11:52:45Z,862272088833183,Codec8E,2026-07-18 09:36:28.000 UTC,1784367388000,0,41.5623916,-8.4080733,194,309,13,61,0,"{""239"":1,""240"":1,""80"":1,""21"":5,""200"":0,""69"":1,""237"":2,""113"":100,""263"":1,""303"":1,""383"":3,""30"":0,""31"":14,""32"":61,""33"":255,""35"":64,""37"":62,""38"":238,""39"":43,""181"":11,""182"":8,""66"":14315,""24"":61,""206"":26,""67"":4078,""68"":0,""13"":46,""17"":154,""18"":-85,""19"":-203,""15"":400,""13201"":339,""36"":2290,""40"":719,""43"":0,""241"":26801,""199"":2748,""16"":182853,""12"":770,""449"":0,""636"":110136883,""11"":893510181,""238"":0,""14"":2540732448,""387"":""2b3431353632332e393136372d303038343038302e373333332b3030302e3139342f""}"
2026-07-18T11:52:45Z,862272088833183,Codec8E,2026-07-18 09:36:30.000 UTC,1784367390000,0,41.5625450,-8.4084283,196,298,13,58,0,"{""239"":1,""240"":1,""80"":1,""21"":5,""200"":0,""69"":1,""237"":2,""113"":100,""263"":1,""303"":1,""383"":3,""30"":0,""31"":4,""32"":61,""33"":0,""35"":31,""37"":56,""38"":236,""39"":43,""181"":11,""182"":8,""66"":14302,""24"":58,""206"":26,""67"":4079,""68"":0,""13"":46,""17"":0,""18"":-34,""19"":24,""15"":400,""13201"":339,""36"":2074,""40"":105,""43"":0,""241"":26801,""199"":2782,""16"":182887,""12"":770,""449"":0,""636"":110136883,""11"":893510181,""238"":0,""14"":2540732448,""387"":""2b3431353632352e343530302d303038343038342e323833332b3030302e3139362f""}"
2026-07-18T11:52:45Z,862272088833183,Codec8E,2026-07-18 09:36:32.000 UTC,1784367392000,0,41.5626033,-8.4087216,190,285,13,52,0,"{""239"":1,""240"":1,""80"":1,""21"":5,""200"":0,""69"":1,""237"":2,""113"":100,""263"":1,""303"":1,""383"":3,""30"":0,""31"":4,""32"":61,""33"":0,""35"":31,""37"":56,""38"":236,""39"":43,""181"":11,""182"":8,""66"":14290,""24"":52,""206"":26,""67"":4079,""68"":0,""13"":46,""17"":-33,""18"":-37,""19"":129,""15"":400,""13201"":339,""36"":2074,""40"":105,""43"":0,""241"":26801,""199"":2808,""16"":182913,""12"":770,""449"":0,""636"":110136883,""11"":893510181,""238"":0,""14"":2540732448,""387"":""2b3431353632362e303333332d303038343038372e323136372b3030302e3139302f""}"
2026-07-18T11:52:45Z,862272088833183,Codec8E,2026-07-18 09:36:34.000 UTC,1784367394000,0,41.5626116,-8.4090500,190,273,12,49,0,"{""239"":1,""240"":1,""80"":1,""21"":5,""200"":0,""69"":1,""237"":2,""113"":100,""263"":1,""303"":1,""383"":3,""30"":0,""31"":4,""32"":61,""33"":0,""35"":31,""37"":56,""38"":236,""39"":43,""181"":12,""182"":9,""66"":14289,""24"":49,""206"":26,""67"":4077,""68"":0,""13"":46,""17"":-47,""18"":-62,""19"":42,""15"":400,""13201"":339,""36"":2074,""40"":105,""43"":0,""241"":26801,""199"":2835,""16"":182940,""12"":770,""449"":0,""636"":110136883,""11"":893510181,""238"":0,""14"":2540732448,""387"":""2b3431353632362e313136372d303038343039302e353030302b3030302e3139302f""}"
2026-07-18T11:52:45Z,862272088833183,Codec8E,2026-07-18 09:36:35.000 UTC,1784367395000,0,41.5626000,-8.4092033,191,267,11,48,255,"{""239"":1,""240"":1,""80"":1,""21"":5,""200"":0,""69"":1,""237"":2,""113"":100,""263"":1,""303"":1,""383"":3,""30"":0,""31"":29,""32"":61,""33"":19,""35"":106,""37"":46,""38"":245,""39"":43,""255"":48,""181"":12,""182"":9,""66"":14313,""24"":48,""206"":26,""67"":4079,""68"":0,""13"":46,""17"":-54,""18"":-6,""19"":121,""15"":400,""13201"":339,""36"":1693,""40"":261,""43"":0,""241"":26801,""199"":2848,""16"":182953,""12"":770,""449"":0,""636"":110136883,""11"":893510181,""238"":0,""14"":2540732448,""387"":""2b3431353632362e303030302d303038343039322e303333332b3030302e3139312f""}"
2026-07-18T11:52:45Z,862272088833183,Codec8E,2026-07-18 09:36:41.000 UTC,1784367401000,0,41.5624850,-8.4102383,193,260,11,52,255,"{""239"":1,""240"":1,""80"":1,""21"":5,""200"":0,""69"":1,""237"":2,""113"":100,""263"":1,""303"":1,""383"":3,""30"":0,""31"":55,""32"":61,""33"":7,""35"":140,""37"":52,""38"":247,""39"":45,""255"":52,""181"":12,""182"":9,""66"":14308,""24"":52,""206"":26,""67"":4079,""68"":0,""13"":46,""17"":13,""18"":10,""19"":29,""15"":400,""13201"":339,""36"":2611,""40"":2383,""43"":0,""241"":26801,""199"":2935,""16"":183040,""12"":770,""449"":0,""636"":110136883,""11"":893510181,""238"":0,""14"":2540732448,""387"":""2b3431353632342e383530302d303038343130322e333833332b3030302e3139332f""}"
2026-07-18T11:52:46Z,862272088833183,Codec8E,2026-07-18 09:36:48.000 UTC,1784367408000,0,41.5623133,-8.4114800,196,259,11,54,0,"{""239"":1,""240"":1,""80"":1,""21"":5,""200"":0,""69"":1,""237"":2,""113"":100,""263"":1,""303"":1,""383"":3,""30"":0,""31"":4,""32"":61,""33"":0,""35"":36,""37"":51,""38"":246,""39"":45,""181"":14,""182"":11,""66"":14308,""24"":54,""206"":26,""67"":4079,""68"":0,""13"":46,""17"":-66,""18"":-49,""19"":80,""15"":500,""13201"":339,""36"":1882,""40"":1344,""43"":0,""241"":26801,""199"":3040,""16"":183145,""12"":770,""449"":0,""636"":110357044,""11"":893510181,""238"":0,""14"":2540732448,""387"":""2b3431353632332e313333332d303038343131342e383030302b3030302e3139362f""}"
2026-07-18T11:52:46Z,862272088833183,Codec8E,2026-07-18 09:36:52.000 UTC,1784367412000,0,41.5622083,-8.4123466,197,259,11,64,0,"{""239"":1,""240"":1,""80"":1,""21"":5,""200"":0,""69"":1,""237"":2,""113"":100,""263"":1,""303"":1,""383"":3,""30"":0,""31"":58,""32"":61,""33"":249,""35"":110,""37"":55,""38"":248,""39"":46,""181"":12,""182"":9,""66"":14307,""24"":64,""206"":26,""67"":4079,""68"":0,""13"":46,""17"":12,""18"":6,""19"":134,""15"":500,""13201"":339,""36"":2753,""40"":2675,""43"":0,""241"":26801,""199"":3113,""16"":183218,""12"":770,""449"":0,""636"":110357043,""11"":893510181,""238"":0,""14"":2540732448,""387"":""2b3431353632322e303833332d303038343132332e343636372b3030302e3139372f""}"
2026-07-18T11:52:46Z,862272088833183,Codec8E,2026-07-18 09:36:57.000 UTC,1784367417000,0,41.5621083,-8.4136466,193,261,12,75,0,"{""239"":1,""240"":1,""80"":1,""21"":5,""200"":0,""69"":1,""237"":2,""113"":100,""263"":1,""303"":1,""383"":3,""30"":0,""31"":67,""32"":61,""33"":0,""35"":114,""37"":72,""38"":221,""39"":47,""181"":12,""182"":8,""66"":14312,""24"":75,""206"":26,""67"":4079,""68"":0,""13"":46,""17"":44,""18"":58,""19"":10,""15"":500,""13201"":339,""36"":3557,""40"":1797,""43"":0,""241"":26801,""199"":3222,""16"":183327,""12"":770,""449"":0,""636"":110357045,""11"":893510181,""238"":0,""14"":2540732448,""387"":""2b3431353632312e303833332d303038343133362e343636372b3030302e3139332f""}"
2026-07-18T11:52:46Z,862272088833183,Codec8E,2026-07-18 09:37:02.000 UTC,1784367422000,0,41.5619450,-8.4150533,188,262,13,82,0,"{""239"":1,""240"":1,""80"":1,""21"":5,""200"":0,""69"":1,""237"":2,""113"":100,""263"":1,""303"":1,""383"":3,""30"":0,""31"":4,""32"":62,""33"":0,""35"":17,""37"":80,""38"":222,""39"":47,""181"":11,""182"":8,""66"":14273,""24"":82,""206"":26,""67"":4079,""68"":0,""13"":46,""17"":84,""18"":-15,""19"":-47,""15"":500,""13201"":341,""36"":2928,""40"":138,""43"":0,""241"":26801,""199"":3341,""16"":183446,""12"":770,""449"":0,""636"":110357045,""11"":893510181,""238"":0,""14"":2540732448,""387"":""2b3431353631392e343530302d303038343135302e353333332b3030302e3138382f""}"
2026-07-18T11:52:46Z,862272088833183,Codec8E,2026-07-18 09:37:07.000 UTC,1784367427000,0,41.5618983,-8.4163166,187,267,13,74,0,"{""239"":1,""240"":1,""80"":1,""21"":5,""200"":0,""69"":1,""237"":2,""113"":100,""263"":1,""303"":1,""383"":3,""30"":0,""31"":3,""32"":62,""33"":0,""35"":15,""37"":69,""38"":224,""39"":47,""181"":11,""182"":8,""66"":14290,""24"":74,""206"":26,""67"":4079,""68"":0,""13"":46,""17"":-35,""18"":-10,""19"":-37,""15"":500,""13201"":341,""36"":2534,""40"":116,""43"":0,""241"":26801,""199"":3446,""16"":183551,""12"":770,""449"":0,""636"":110357045,""11"":893510181,""238"":0,""14"":2540732448,""387"":""2b3431353631382e393833332d303038343136332e313636372b3030302e3138372f""}"
2026-07-18T11:52:46Z,862272088833183,Codec8E,2026-07-18 09:37:11.000 UTC,1784367431000,0,41.5617883,-8.4171533,185,257,13,67,0,"{""239"":1,""240"":1,""80"":1,""21"":5,""200"":0,""69"":1,""237"":2,""113"":100,""263"":1,""303"":1,""383"":3,""30"":0,""31"":3,""32"":62,""33"":0,""35"":16,""37"":61,""38"":228,""39"":46,""181"":11,""182"":8,""66"":14299,""24"":67,""206"":26,""67"":4079,""68"":0,""13"":46,""17"":265,""18"":64,""19"":-55,""15"":500,""13201"":341,""36"":2252,""40"":94,""43"":0,""241"":26801,""199"":3517,""16"":183622,""12"":770,""449"":0,""636"":110357045,""11"":893510181,""238"":0,""14"":2540732448,""387"":""2b3431353631372e383833332d303038343137312e353333332b3030302e3138352f""}"
2026-07-18T11:52:46Z,862272088833183,Codec8E,2026-07-18 09:37:14.000 UTC,1784367434000,0,41.5617150,-8.4176700,184,263,13,56,0,"{""239"":1,""240"":1,""80"":1,""21"":5,""200"":0,""69"":1,""237"":2,""113"":100,""263"":1,""303"":1,""383"":3,""30"":0,""31"":3,""32"":62,""33"":0,""35"":16,""37"":61,""38"":228,""39"":46,""181"":16,""182"":8,""66"":14286,""24"":56,""206"":26,""67"":4079,""68"":0,""13"":46,""17"":29,""18"":169,""19"":1,""15"":500,""13201"":341,""36"":2252,""40"":94,""43"":0,""241"":26801,""199"":3561,""16"":183666,""12"":770,""449"":0,""636"":110357045,""11"":893510181,""238"":0,""14"":2540732448,""387"":""2b3431353631372e313530302d303038343137362e373030302b3030302e3138342f""}"
2026-07-18T11:52:46Z,862272088833183,Codec8E,2026-07-18 09:37:16.000 UTC,1784367436000,0,41.5617283,-8.4179333,184,276,13,48,0,"{""239"":1,""240"":1,""80"":1,""21"":5,""200"":0,""69"":1,""237"":2,""113"":100,""263"":1,""303"":1,""383"":3,""30"":0,""31"":3,""32"":61,""33"":0,""35"":16,""37"":40,""38"":240,""39"":46,""181"":11,""182"":8,""66"":14269,""24"":48,""206"":26,""67"":4079,""68"":0,""13"":46,""17"":22,""18"":218,""19"":-27,""15"":500,""13201"":341,""36"":1485,""40"":66,""43"":0,""241"":26801,""199"":3583,""16"":183688,""12"":770,""449"":0,""636"":110357045,""11"":893510181,""238"":0,""14"":2540732448,""387"":""2b3431353631372e323833332d303038343137392e333333332b3030302e3138342f""}"
2026-07-18T11:54:43Z,862272088833183,Codec8E,2026-07-18 09:37:16.010 UTC,1784367436010,0,41.5617283,-8.4179333,184,276,13,48,255,"{""239"":1,""240"":1,""80"":1,""21"":5,""200"":0,""69"":1,""237"":2,""113"":100,""263"":1,""303"":1,""383"":3,""30"":0,""31"":3,""32"":61,""33"":0,""35"":16,""37"":40,""38"":240,""39"":46,""255"":48,""181"":11,""182"":8,""66"":14268,""24"":48,""206"":26,""67"":4079,""68"":0,""13"":46,""17"":-5,""18"":259,""19"":-64,""15"":500,""13201"":341,""36"":1485,""40"":66,""43"":0,""241"":26801,""199"":3583,""16"":183688,""12"":770,""449"":0,""636"":110357045,""11"":893510181,""238"":0,""14"":2540732448,""387"":""2b3431353631372e323833332d303038343137392e333333332b3030302e3138342f""}"
2026-07-18T11:54:43Z,862272088833183,Codec8E,2026-07-18 09:37:17.000 UTC,1784367437000,0,41.5617416,-8.4180300,185,287,13,45,0,"{""239"":1,""240"":1,""80"":1,""21"":5,""200"":0,""69"":1,""237"":2,""113"":100,""263"":1,""303"":1,""383"":3,""30"":0,""31"":3,""32"":61,""33"":0,""35"":16,""37"":40,""38"":240,""39"":46,""181"":16,""182"":8,""66"":14280,""24"":45,""206"":26,""67"":4078,""68"":0,""13"":46,""17"":31,""18"":193,""19"":-19,""15"":500,""13201"":341,""36"":1485,""40"":66,""43"":0,""241"":26801,""199"":3591,""16"":183696,""12"":770,""449"":0,""636"":110357045,""11"":893510181,""238"":0,""14"":2540732448,""387"":""2b3431353631372e343136372d303038343138302e333030302b3030302e3138352f""}"
2026-07-18T11:54:43Z,862272088833183,Codec8E,2026-07-18 09:37:18.000 UTC,1784367438000,0,41.5617900,-8.4181150,186,299,13,42,0,"{""239"":1,""240"":1,""80"":1,""21"":5,""200"":0,""69"":1,""237"":2,""113"":100,""263"":1,""303"":1,""383"":3,""30"":0,""31"":3,""32"":61,""33"":0,""35"":16,""37"":40,""38"":240,""39"":46,""181"":11,""182"":8,""66"":14304,""24"":42,""206"":26,""67"":4079,""68"":0,""13"":46,""17"":28,""18"":153,""19"":-24,""15"":500,""13201"":341,""36"":1485,""40"":66,""43"":0,""241"":26801,""199"":3600,""16"":183705,""12"":770,""449"":0,""636"":110357045,""11"":893510181,""238"":0,""14"":2540732448,""387"":""2b3431353631372e393030302d303038343138312e313530302b3030302e3138362f""}"
2026-07-18T11:54:43Z,862272088833183,Codec8E,2026-07-18 09:37:19.000 UTC,1784367439000,0,41.5618383,-8.4181766,186,310,13,39,0,"{""239"":1,""240"":1,""80"":1,""21"":5,""200"":0,""69"":1,""237"":2,""113"":100,""263"":1,""303"":1,""383"":3,""30"":0,""31"":3,""32"":61,""33"":0,""35"":16,""37"":40,""38"":240,""39"":46,""181"":11,""182"":8,""66"":14325,""24"":39,""206"":26,""67"":4079,""68"":0,""13"":46,""17"":14,""18"":137,""19"":33,""15"":500,""13201"":341,""36"":1485,""40"":66,""43"":0,""241"":26801,""199"":3608,""16"":183713,""12"":770,""449"":0,""636"":110357045,""11"":893510181,""238"":0,""14"":2540732448,""387"":""2b3431353631382e333833332d303038343138312e373636372b3030302e3138362f""}"
2026-07-18T11:54:44Z,862272088833183,Codec8E,2026-07-18 09:37:20.000 UTC,1784367440000,0,41.5618983,-8.4182366,187,322,13,36,0,"{""239"":1,""240"":1,""80"":1,""21"":5,""200"":0,""69"":1,""237"":2,""113"":100,""263"":1,""303"":1,""383"":3,""30"":0,""31"":3,""32"":61,""33"":0,""35"":16,""37"":40,""38"":240,""39"":46,""181"":16,""182"":8,""66"":14342,""24"":36,""206"":26,""67"":4079,""68"":0,""13"":46,""17"":10,""18"":77,""19"":55,""15"":500,""13201"":341,""36"":1485,""40"":66,""43"":0,""241"":26801,""199"":3616,""16"":183721,""12"":770,""449"":0,""636"":110357045,""11"":893510181,""238"":0,""14"":2540732448,""387"":""2b3431353631382e393833332d303038343138322e333636372b3030302e3138372f""}"
2026-07-18T11:54:44Z,862272088833183,Codec8E,2026-07-18 09:37:22.000 UTC,1784367442000,0,41.5620350,-8.4183233,189,336,13,34,0,"{""239"":1,""240"":1,""80"":1,""21"":5,""200"":0,""69"":1,""237"":2,""113"":100,""263"":1,""303"":1,""383"":3,""30"":0,""31"":12,""32"":61,""33"":21,""35"":18,""37"":30,""38"":237,""39"":45,""181"":16,""182"":8,""66"":14318,""24"":34,""206"":26,""67"":4078,""68"":0,""13"":46,""17"":35,""18"":26,""19"":167,""15"":500,""13201"":341,""36"":1496,""40"":786,""43"":0,""241"":26801,""199"":3633,""16"":183738,""12"":770,""449"":0,""636"":110357045,""11"":893510181,""238"":0,""14"":2540732448,""387"":""2b3431353632302e333530302d303038343138332e323333332b3030302e3138392f""}"
2026-07-18T11:54:44Z,862272088833183,Codec8E,2026-07-18 09:37:25.000 UTC,1784367445000,0,41.5623483,-8.4184166,188,346,13,39,0,"{""239"":1,""240"":1,""80"":1,""21"":5,""200"":0,""69"":1,""237"":2,""113"":100,""263"":1,""303"":1,""383"":3,""30"":0,""31"":47,""32"":61,""33"":255,""35"":116,""37"":42,""38"":240,""39"":46,""181"":11,""182"":8,""66"":14337,""24"":39,""206"":26,""67"":4079,""68"":0,""13"":46,""17"":21,""18"":81,""19"":126,""15"":500,""13201"":341,""36"":2042,""40"":630,""43"":0,""241"":26801,""199"":3669,""16"":183774,""12"":770,""449"":0,""636"":110154803,""11"":893510181,""238"":0,""14"":2540732448,""387"":""2b3431353632332e343833332d303038343138342e313636372b3030302e3138382f""}"
2026-07-18T11:54:44Z,862272088833183,Codec8E,2026-07-18 09:37:29.000 UTC,1784367449000,0,41.5628983,-8.4185066,186,354,13,52,0,"{""239"":1,""240"":1,""80"":1,""21"":5,""200"":0,""69"":1,""237"":2,""113"":100,""263"":1,""303"":1,""383"":3,""30"":0,""31"":47,""32"":61,""33"":255,""35"":116,""37"":42,""38"":240,""39"":46,""181"":16,""182"":8,""66"":14301,""24"":52,""206"":26,""67"":4079,""68"":0,""13"":46,""17"":52,""18"":126,""19"":-49,""15"":500,""13201"":341,""36"":2042,""40"":630,""43"":0,""241"":26801,""199"":3730,""16"":183835,""12"":770,""449"":0,""636"":110154803,""11"":893510181,""238"":0,""14"":2540732448,""387"":""2b3431353632382e393833332d303038343138352e303636372b3030302e3138362f""}"
2026-07-18T11:54:44Z,862272088833183,Codec8E,2026-07-18 09:37:29.010 UTC,1784367449010,0,41.5628983,-8.4185066,186,354,13,52,255,"{""239"":1,""240"":1,""80"":1,""21"":5,""200"":0,""69"":1,""237"":2,""113"":100,""263"":1,""303"":1,""383"":3,""30"":0,""31"":47,""32"":61,""33"":255,""35"":116,""37"":42,""38"":240,""39"":46,""255"":52,""181"":16,""182"":8,""66"":14301,""24"":52,""206"":26,""67"":4079,""68"":0,""13"":46,""17"":-3,""18"":157,""19"":-29,""15"":500,""13201"":341,""36"":2042,""40"":630,""43"":0,""241"":26801,""199"":3730,""16"":183835,""12"":770,""449"":0,""636"":110154803,""11"":893510181,""238"":0,""14"":2540732448,""387"":""2b3431353632382e393833332d303038343138352e303636372b3030302e3138362f""}"
2026-07-18T11:54:44Z,862272088833183,Codec8E,2026-07-18 09:37:32.000 UTC,1784367452000,0,41.5634183,-8.4185383,184,357,13,62,0,"{""239"":1,""240"":1,""80"":1,""21"":5,""200"":0,""69"":1,""237"":2,""113"":100,""263"":1,""303"":1,""383"":3,""30"":0,""31"":57,""32"":61,""33"":253,""35"":129,""37"":60,""38"":241,""39"":48,""181"":16,""182"":8,""66"":14317,""24"":62,""206"":26,""67"":4079,""68"":0,""13"":46,""17"":-9,""18"":12,""19"":79,""15"":500,""13201"":341,""36"":2976,""40"":297,""43"":0,""241"":26801,""199"":3788,""16"":183893,""12"":770,""449"":0,""636"":110154803,""11"":893510181,""238"":0,""14"":2540732448,""387"":""2b3431353633342e313833332d303038343138352e333833332b3030302e3138342f""}"
2026-07-18T11:54:44Z,862272088833183,Codec8E,2026-07-18 09:37:36.000 UTC,1784367456000,0,41.5641700,-8.4186483,184,349,13,74,0,"{""239"":1,""240"":1,""80"":1,""21"":5,""200"":0,""69"":1,""237"":2,""113"":100,""263"":1,""303"":1,""383"":3,""30"":0,""31"":52,""32"":61,""33"":0,""35"":137,""37"":74,""38"":222,""39"":48,""181"":16,""182"":8,""66"":14305,""24"":74,""206"":26,""67"":4077,""68"":0,""13"":46,""17"":36,""18"":-80,""19"":8,""15"":500,""13201"":342,""36"":2686,""40"":800,""43"":0,""241"":26801,""199"":3872,""16"":183977,""12"":770,""449"":0,""636"":110154803,""11"":893510181,""238"":0,""14"":2540732448,""387"":""2b3431353634312e373030302d303038343138362e343833332b3030302e3138342f""}"
2026-07-18T11:54:44Z,862272088833183,Codec8E,2026-07-18 09:37:40.000 UTC,1784367460000,0,41.5649949,-8.4189616,181,335,12,82,0,"{""239"":1,""240"":1,""80"":1,""21"":5,""200"":0,""69"":1,""237"":2,""113"":100,""263"":1,""303"":1,""383"":3,""30"":0,""31"":52,""32"":61,""33"":254,""35"":95,""37"":84,""38"":240,""39"":48,""181"":11,""182"":8,""66"":14333,""24"":82,""206"":26,""67"":4079,""68"":0,""13"":46,""17"":60,""18"":-99,""19"":-12,""15"":500,""13201"":342,""36"":2182,""40"":886,""43"":0,""241"":26801,""199"":3968,""16"":184073,""12"":770,""449"":0,""636"":110154803,""11"":893510181,""238"":0,""14"":2540732448,""387"":""2b3431353634392e393530302d303038343138392e363136372b3030302e3138312f""}"
2026-07-18T11:54:46Z,862272088833183,Codec8E,2026-07-18 09:37:43.000 UTC,1784367463000,0,41.5655316,-8.4194550,175,324,12,85,0,"{""239"":1,""240"":1,""80"":1,""21"":5,""200"":0,""69"":1,""237"":2,""113"":100,""263"":1,""303"":1,""383"":3,""30"":0,""31"":52,""32"":61,""33"":254,""35"":95,""37"":84,""38"":240,""39"":48,""181"":11,""182"":8,""66"":14319,""24"":85,""206"":26,""67"":4079,""68"":0,""13"":46,""17"":64,""18"":34,""19"":-23,""15"":500,""13201"":342,""36"":2182,""40"":886,""43"":0,""241"":26801,""199"":4040,""16"":184145,""12"":770,""449"":0,""636"":110154803,""11"":893510181,""238"":0,""14"":2540732448,""387"":""2b3431353635352e333136372d303038343139342e353530302b3030302e3137352f""}"
2026-07-18T11:54:46Z,862272088833183,Codec8E,2026-07-18 09:37:48.000 UTC,1784367468000,0,41.5663900,-8.4203499,173,322,13,86,0,"{""239"":1,""240"":1,""80"":1,""21"":5,""200"":0,""69"":1,""237"":2,""113"":100,""263"":1,""303"":1,""383"":3,""30"":0,""31"":13,""32"":61,""33"":3,""35"":16,""37"":85,""38"":227,""39"":47,""181"":11,""182"":8,""66"":14312,""24"":86,""206"":26,""67"":4079,""68"":0,""13"":46,""17"":103,""18"":42,""19"":28,""15"":571,""13201"":342,""36"":2218,""40"":616,""43"":0,""241"":26801,""199"":4161,""16"":184266,""12"":770,""449"":0,""636"":110154803,""11"":893510181,""238"":0,""14"":2540732448,""387"":""2b3431353636332e393030302d303038343230332e353030302b3030302e3137332f""}"
2026-07-18T11:54:46Z,862272088833183,Codec8E,2026-07-18 09:37:53.000 UTC,1784367473000,0,41.5672900,-8.4211600,164,330,12,87,0,"{""239"":1,""240"":1,""80"":1,""21"":5,""200"":0,""69"":1,""237"":2,""113"":100,""263"":1,""303"":1,""383"":3,""30"":0,""31"":13,""32"":61,""33"":7,""35"":31,""37"":86,""38"":227,""39"":47,""181"":11,""182"":8,""66"":14320,""24"":87,""206"":26,""67"":4079,""68"":0,""13"":46,""17"":61,""18"":107,""19"":0,""15"":571,""13201"":342,""36"":2231,""40"":283,""43"":0,""241"":26801,""199"":4282,""16"":184387,""12"":770,""449"":0,""636"":4960266,""11"":893510181,""238"":0,""14"":2540732448,""387"":""2b3431353637322e393030302d303038343231312e363030302b3030302e3136342f""}"
2026-07-18T11:54:46Z,862272088833183,Codec8E,2026-07-18 09:37:57.000 UTC,1784367477000,0,41.5681000,-8.4216116,159,342,11,88,0,"{""239"":1,""240"":1,""80"":1,""21"":5,""200"":0,""69"":1,""237"":2,""113"":100,""263"":1,""303"":1,""383"":3,""30"":0,""31"":10,""32"":61,""33"":2,""35"":30,""37"":88,""38"":228,""39"":47,""181"":17,""182"":9,""66"":14344,""24"":88,""206"":26,""67"":4079,""68"":0,""13"":46,""17"":49,""18"":-91,""19"":-61,""15"":571,""13201"":342,""36"":2305,""40"":255,""43"":0,""241"":26801,""199"":4380,""16"":184485,""12"":770,""449"":0,""636"":4960266,""11"":893510181,""238"":0,""14"":2540732448,""387"":""2b3431353638312e303030302d303038343231362e313136372b3030302e3135392f""}"
2026-07-18T11:54:46Z,862272088833183,Codec8E,2026-07-18 09:38:00.000 UTC,1784367480000,0,41.5687816,-8.4219183,153,332,12,90,0,"{""239"":1,""240"":1,""80"":1,""21"":5,""200"":0,""69"":1,""237"":2,""113"":100,""263"":1,""303"":1,""383"":3,""30"":0,""31"":10,""32"":61,""33"":2,""35"":30,""37"":88,""38"":228,""39"":47,""181"":17,""182"":8,""66"":14349,""24"":90,""206"":26,""67"":4077,""68"":0,""13"":46,""17"":30,""18"":-174,""19"":4,""15"":571,""13201"":342,""36"":2305,""40"":255,""43"":0,""241"":26801,""199"":4460,""16"":184565,""12"":770,""449"":0,""636"":4960266,""11"":893510181,""238"":0,""14"":2540732448,""387"":""2b3431353638372e383136372d303038343231392e313833332b3030302e3135332f""}"
2026-07-18T11:54:46Z,862272088833183,Codec8E,2026-07-18 09:38:02.000 UTC,1784367482000,0,41.5691716,-8.4222816,151,321,12,91,0,"{""239"":1,""240"":1,""80"":1,""21"":5,""200"":0,""69"":1,""237"":2,""113"":100,""263"":1,""303"":1,""383"":3,""30"":0,""31"":7,""32"":61,""33"":5,""35"":24,""37"":92,""38"":225,""39"":47,""181"":11,""182"":8,""66"":14327,""24"":91,""206"":26,""67"":4079,""68"":0,""13"":46,""17"":96,""18"":-181,""19"":0,""15"":571,""13201"":342,""36"":2404,""40"":238,""43"":0,""241"":26801,""199"":4513,""16"":184618,""12"":770,""449"":0,""636"":4960266,""11"":893510181,""238"":0,""14"":2540732448,""387"":""2b3431353639312e373136372d303038343232322e383136372b3030302e3135312f""}"
2026-07-18T11:54:46Z,862272088833183,Codec8E,2026-07-18 09:38:04.000 UTC,1784367484000,0,41.5695049,-8.4227416,147,311,12,92,0,"{""239"":1,""240"":1,""80"":1,""21"":4,""200"":0,""69"":1,""237"":2,""113"":100,""263"":1,""303"":1,""383"":3,""30"":0,""31"":7,""32"":61,""33"":5,""35"":24,""37"":92,""38"":225,""39"":47,""181"":11,""182"":8,""66"":14331,""24"":92,""206"":26,""67"":4078,""68"":0,""13"":46,""17"":36,""18"":-160,""19"":-46,""15"":571,""13201"":342,""36"":2404,""40"":238,""43"":0,""241"":26801,""199"":4566,""16"":184671,""12"":770,""449"":0,""636"":110482484,""11"":893510181,""238"":0,""14"":2540732448,""387"":""2b3431353639352e303530302d303038343232372e343136372b3030302e3134372f""}"
2026-07-18T11:54:46Z,862272088833183,Codec8E,2026-07-18 09:38:06.000 UTC,1784367486000,0,41.5698049,-8.4232400,144,301,12,93,0,"{""239"":1,""240"":1,""80"":1,""21"":4,""200"":0,""69"":1,""237"":2,""113"":100,""263"":1,""303"":1,""383"":3,""30"":0,""31"":7,""32"":60,""33"":10,""35"":24,""37"":94,""38"":225,""39"":47,""181"":17,""182"":8,""66"":14338,""24"":93,""206"":26,""67"":4077,""68"":0,""13"":46,""17"":78,""18"":-22,""19"":-9,""15"":571,""13201"":342,""36"":2457,""40"":405,""43"":0,""241"":26801,""199"":4619,""16"":184724,""12"":770,""449"":0,""636"":110482484,""11"":893510181,""238"":0,""14"":2540732448,""387"":""2b3431353639382e303530302d303038343233322e343030302b3030302e3134342f""}"
2026-07-18T11:54:47Z,862272088833183,Codec8E,2026-07-18 09:38:10.000 UTC,1784367490000,0,41.5703083,-8.4244116,136,299,13,97,0,"{""239"":1,""240"":1,""80"":1,""21"":4,""200"":0,""69"":1,""237"":2,""113"":100,""263"":1,""303"":1,""383"":3,""30"":0,""31"":7,""32"":60,""33"":10,""35"":24,""37"":94,""38"":225,""39"":47,""181"":16,""182"":8,""66"":14329,""24"":97,""206"":26,""67"":4079,""68"":0,""13"":46,""17"":45,""18"":36,""19"":-10,""15"":571,""13201"":342,""36"":2457,""40"":405,""43"":0,""241"":26801,""199"":4732,""16"":184837,""12"":770,""449"":0,""636"":110482484,""11"":893510181,""238"":0,""14"":2540732448,""387"":""2b3431353730332e303833332d303038343234342e313136372b3030302e3133362f""}"
2026-07-18T11:54:47Z,862272088833183,Codec8E,2026-07-18 09:38:14.000 UTC,1784367494000,0,41.5707983,-8.4255633,129,298,13,99,0,"{""239"":1,""240"":1,""80"":1,""21"":4,""200"":0,""69"":1,""237"":2,""113"":100,""263"":1,""303"":1,""383"":3,""30"":0,""31"":16,""32"":60,""33"":15,""35"":31,""37"":98,""38"":224,""39"":47,""181"":16,""182"":8,""66"":14318,""24"":99,""206"":26,""67"":4079,""68"":0,""13"":46,""17"":56,""18"":25,""19"":-52,""15"":571,""13201"":343,""36"":2539,""40"":194,""43"":0,""241"":26801,""199"":4842,""16"":184947,""12"":770,""449"":0,""636"":110482484,""11"":893510181,""238"":0,""14"":2540732448,""387"":""2b3431353730372e393833332d303038343235352e363333332b3030302e3132392f""}"
2026-07-18T11:54:47Z,862272088833183,Codec8E,2026-07-18 09:38:18.000 UTC,1784367498000,0,41.5712816,-8.4267483,124,300,12,100,0,"{""239"":1,""240"":1,""80"":1,""21"":4,""200"":0,""69"":1,""237"":2,""113"":100,""263"":1,""303"":1,""383"":3,""30"":0,""31"":6,""32"":59,""33"":12,""35"":22,""37"":99,""38"":223,""39"":47,""181"":17,""182"":8,""66"":14338,""24"":100,""206"":26,""67"":4079,""68"":0,""13"":46,""17"":38,""18"":81,""19"":-80,""15"":571,""13201"":343,""36"":2579,""40"":227,""43"":0,""241"":26801,""199"":4954,""16"":185059,""12"":770,""449"":0,""636"":110482494,""11"":893510181,""238"":0,""14"":2540732448,""387"":""2b3431353731322e383136372d303038343236372e343833332b3030302e3132342f""}"
2026-07-18T11:54:47Z,862272088833183,Codec8E,2026-07-18 09:38:22.000 UTC,1784367502000,0,41.5718600,-8.4278549,118,306,13,100,0,"{""239"":1,""240"":1,""80"":1,""21"":4,""200"":0,""69"":1,""237"":2,""113"":100,""263"":1,""303"":1,""383"":3,""30"":0,""31"":7,""32"":59,""33"":12,""35"":21,""37"":100,""38"":223,""39"":47,""181"":11,""182"":8,""66"":14328,""24"":100,""206"":26,""67"":4079,""68"":0,""13"":46,""17"":165,""18"":145,""19"":54,""15"":714,""13201"":342,""36"":2597,""40"":219,""43"":0,""241"":26801,""199"":5066,""16"":185171,""12"":770,""449"":0,""636"":110482494,""11"":893510181,""238"":0,""14"":2540732448,""387"":""2b3431353731382e363030302d303038343237382e353530302b3030302e3131382f""}"
2026-07-18T11:56:44Z,862272088833183,Codec8E,2026-07-18 09:38:26.000 UTC,1784367506000,0,41.5725183,-8.4288266,109,317,12,101,0,"{""239"":1,""240"":1,""80"":1,""21"":4,""200"":0,""69"":1,""237"":2,""113"":100,""263"":1,""303"":1,""383"":3,""30"":0,""31"":6,""32"":58,""33"":12,""35"":18,""37"":100,""38"":223,""39"":47,""181"":11,""182"":8,""66"":14321,""24"":101,""206"":26,""67"":4079,""68"":0,""13"":46,""17"":121,""18"":94,""19"":20,""15"":714,""13201"":343,""36"":2593,""40"":172,""43"":0,""241"":26801,""199"":5176,""16"":185281,""12"":770,""449"":0,""636"":110482495,""11"":893510181,""238"":0,""14"":2540732448,""387"":""2b3431353732352e313833332d303038343238382e323636372b3030302e3130392f""}"
2026-07-18T11:56:44Z,862272088833183,Codec8E,2026-07-18 09:38:30.000 UTC,1784367510000,0,41.5733116,-8.4296850,98,326,13,101,0,"{""239"":1,""240"":1,""80"":1,""21"":4,""200"":0,""69"":1,""237"":2,""113"":100,""263"":1,""303"":1,""383"":3,""30"":0,""31"":3,""32"":58,""33"":12,""35"":15,""37"":99,""38"":223,""39"":47,""181"":16,""182"":8,""66"":14337,""24"":101,""206"":26,""67"":4079,""68"":0,""13"":46,""17"":-1,""18"":-26,""19"":-21,""15"":714,""13201"":343,""36"":2585,""40"":113,""43"":0,""241"":26801,""199"":5289,""16"":185394,""12"":770,""449"":0,""636"":110482495,""11"":893510181,""238"":0,""14"":2540732448,""387"":""2b3431353733332e313136372d303038343239362e383530302b3030302e3039382f""}"
2026-07-18T11:56:44Z,862272088833183,Codec8E,2026-07-18 09:38:34.000 UTC,1784367514000,0,41.5741600,-8.4303750,90,327,13,100,0,"{""239"":1,""240"":1,""80"":1,""21"":5,""200"":0,""69"":1,""237"":2,""113"":100,""263"":1,""303"":1,""383"":3,""30"":0,""31"":3,""32"":57,""33"":12,""35"":15,""37"":97,""38"":224,""39"":47,""181"":11,""182"":8,""66"":14319,""24"":100,""206"":26,""67"":4079,""68"":0,""13"":46,""17"":47,""18"":14,""19"":-28,""15"":714,""13201"":343,""36"":2528,""40"":113,""43"":0,""241"":26801,""199"":5399,""16"":185504,""12"":770,""449"":0,""636"":110482495,""11"":893510181,""238"":0,""14"":2540732448,""387"":""2b3431353734312e363030302d303038343330332e373530302b3030302e3039302f""}"
2026-07-18T11:56:44Z,862272088833183,Codec8E,2026-07-18 09:38:38.000 UTC,1784367518000,0,41.5749666,-8.4310999,84,326,13,98,0,"{""239"":1,""240"":1,""80"":1,""21"":5,""200"":0,""69"":1,""237"":2,""113"":100,""263"":1,""303"":1,""383"":3,""30"":0,""31"":3,""32"":56,""33"":12,""35"":15,""37"":96,""38"":224,""39"":47,""181"":11,""182"":8,""66"":14329,""24"":98,""206"":26,""67"":4079,""68"":0,""13"":46,""17"":78,""18"":42,""19"":-64,""15"":714,""13201"":343,""36"":2486,""40"":111,""43"":0,""241"":26801,""199"":5507,""16"":185612,""12"":770,""449"":0,""636"":110482495,""11"":893510181,""238"":0,""14"":2540732448,""387"":""2b3431353734392e363636372d303038343331312e303030302b3030302e3038342f""}"
2026-07-18T11:56:45Z,862272088833183,Codec8E,2026-07-18 09:38:42.000 UTC,1784367522000,0,41.5757616,-8.4317983,77,326,13,96,0,"{""239"":1,""240"":1,""80"":1,""21"":5,""200"":0,""69"":1,""237"":2,""113"":100,""263"":1,""303"":1,""383"":3,""30"":0,""31"":3,""32"":56,""33"":12,""35"":15,""37"":96,""38"":224,""39"":47,""181"":16,""182"":8,""66"":14327,""24"":96,""206"":26,""67"":4079,""68"":0,""13"":46,""17"":136,""18"":15,""19"":-4,""15"":714,""13201"":343,""36"":2486,""40"":111,""43"":0,""241"":26801,""199"":5613,""16"":185718,""12"":770,""449"":0,""636"":110482495,""11"":893510181,""238"":0,""14"":2540732448,""387"":""2b3431353735372e363136372d303038343331372e393833332b3030302e3037372f""}"
2026-07-18T11:56:45Z,862272088833183,Codec8E,2026-07-18 09:38:46.000 UTC,1784367526000,0,41.5765499,-8.4325066,74,327,13,94,0,"{""239"":1,""240"":1,""80"":1,""21"":5,""200"":0,""69"":1,""237"":2,""113"":100,""263"":1,""303"":1,""383"":3,""30"":0,""31"":3,""32"":56,""33"":12,""35"":15,""37"":93,""38"":225,""39"":47,""181"":16,""182"":8,""66"":14307,""24"":94,""206"":26,""67"":4079,""68"":0,""13"":46,""17"":66,""18"":39,""19"":-16,""15"":714,""13201"":344,""36"":2453,""40"":108,""43"":0,""241"":26801,""199"":5719,""16"":185824,""12"":770,""449"":0,""636"":110482495,""11"":893510181,""238"":0,""14"":2540732448,""387"":""2b3431353736352e353030302d303038343332352e303636372b3030302e3037342f""}"
2026-07-18T11:56:45Z,862272088833183,Codec8E,2026-07-18 09:38:50.000 UTC,1784367530000,0,41.5773533,-8.4330566,73,334,13,91,0,"{""239"":1,""240"":1,""80"":1,""21"":5,""200"":0,""69"":1,""237"":2,""113"":100,""263"":1,""303"":1,""383"":3,""30"":0,""31"":7,""32"":55,""33"":12,""35"":17,""37"":91,""38"":225,""39"":46,""181"":11,""182"":8,""66"":14320,""24"":91,""206"":26,""67"":4079,""68"":0,""13"":46,""17"":64,""18"":41,""19"":77,""15"":714,""13201"":344,""36"":2379,""40"":202,""43"":0,""241"":26801,""199"":5819,""16"":185924,""12"":770,""449"":0,""636"":110482495,""11"":893510181,""238"":0,""14"":2540732448,""387"":""2b3431353737332e353333332d303038343333302e353636372b3030302e3037332f""}"
2026-07-18T11:56:45Z,862272088833183,Codec8E,2026-07-18 09:38:54.000 UTC,1784367534000,0,41.5782083,-8.4334616,78,343,13,90,0,"{""239"":1,""240"":1,""80"":1,""21"":5,""200"":0,""69"":1,""237"":2,""113"":100,""263"":1,""303"":1,""383"":3,""30"":0,""31"":20,""32"":55,""33"":33,""35"":47,""37"":88,""38"":242,""39"":46,""181"":16,""182"":8,""66"":14339,""24"":90,""206"":26,""67"":4079,""68"":0,""13"":46,""17"":50,""18"":10,""19"":53,""15"":714,""13201"":344,""36"":2311,""40"":855,""43"":0,""241"":26801,""199"":5920,""16"":186025,""12"":770,""449"":0,""636"":110482495,""11"":893510181,""238"":0,""14"":2540732448,""387"":""2b3431353738322e303833332d303038343333342e363136372b3030302e3037382f""}"
2026-07-18T11:56:45Z,862272088833183,Codec8E,2026-07-18 09:38:59.000 UTC,1784367539000,0,41.5792400,-8.4338733,83,344,13,87,0,"{""239"":1,""240"":1,""80"":1,""21"":5,""200"":0,""69"":1,""237"":2,""113"":100,""263"":1,""303"":1,""383"":3,""30"":0,""31"":27,""32"":54,""33"":248,""35"":91,""37"":88,""38"":232,""39"":45,""181"":16,""182"":8,""66"":14338,""24"":87,""206"":26,""67"":4079,""68"":0,""13"":46,""17"":25,""18"":4,""19"":11,""15"":714,""13201"":343,""36"":2297,""40"":213,""43"":0,""241"":26801,""199"":6041,""16"":186146,""12"":770,""449"":0,""636"":110482495,""11"":893510181,""238"":0,""14"":2540732448,""387"":""2b3431353739322e343030302d303038343333382e373333332b3030302e3038332f""}"
2026-07-18T11:56:45Z,862272088833183,Codec8E,2026-07-18 09:39:04.000 UTC,1784367544000,0,41.5801916,-8.4342249,85,344,13,82,0,"{""239"":1,""240"":1,""80"":1,""21"":3,""200"":0,""69"":1,""237"":2,""113"":100,""263"":1,""303"":1,""383"":3,""30"":0,""31"":20,""32"":54,""33"":0,""35"":62,""37"":81,""38"":241,""39"":45,""181"":11,""182"":8,""66"":14316,""24"":82,""206"":26,""67"":4079,""68"":0,""13"":46,""17"":4,""18"":-71,""19"":45,""15"":857,""13201"":344,""36"":2119,""40"":1277,""43"":0,""241"":26801,""199"":6151,""16"":186256,""12"":770,""449"":0,""636"":110482495,""11"":893510181,""238"":0,""14"":2540732448,""387"":""2b3431353830312e393136372d303038343334322e323530302b3030302e3038352f""}"
2026-07-18T11:56:45Z,862272088833183,Codec8E,2026-07-18 09:39:09.000 UTC,1784367549000,0,41.5811883,-8.4345816,89,344,13,80,0,"{""239"":1,""240"":1,""80"":1,""21"":3,""200"":0,""69"":1,""237"":2,""113"":100,""263"":1,""303"":1,""383"":3,""30"":0,""31"":53,""32"":54,""33"":246,""35"":112,""37"":80,""38"":242,""39"":45,""181"":16,""182"":8,""66"":14321,""24"":80,""206"":26,""67"":4079,""68"":0,""13"":46,""17"":4,""18"":-12,""19"":102,""15"":857,""13201"":344,""36"":2088,""40"":1172,""43"":0,""241"":26801,""199"":6265,""16"":186370,""12"":770,""449"":0,""636"":110482495,""11"":893510181,""238"":0,""14"":2540732448,""387"":""2b3431353831312e383833332d303038343334352e383136372b3030302e3038392f""}"
2026-07-18T11:56:45Z,862272088833183,Codec8E,2026-07-18 09:39:14.000 UTC,1784367554000,0,41.5821483,-8.4349150,97,344,13,80,0,"{""239"":1,""240"":1,""80"":1,""21"":3,""200"":0,""69"":1,""237"":2,""113"":100,""263"":1,""303"":1,""383"":3,""30"":0,""31"":44,""32"":54,""33"":249,""35"":117,""37"":79,""38"":243,""39"":45,""181"":11,""182"":8,""66"":14318,""24"":80,""206"":26,""67"":4078,""68"":0,""13"":46,""17"":33,""18"":10,""19"":74,""15"":857,""13201"":345,""36"":2064,""40"":1405,""43"":0,""241"":26801,""199"":6376,""16"":186481,""12"":770,""449"":0,""636"":110482493,""11"":893510181,""238"":0,""14"":2540732448,""387"":""2b3431353832312e343833332d303038343334392e313530302b3030302e3039372f""}"
2026-07-18T11:56:46Z,862272088833183,Codec8E,2026-07-18 09:39:19.000 UTC,1784367559000,0,41.5831199,-8.4353000,100,344,13,81,0,"{""239"":1,""240"":1,""80"":1,""21"":3,""200"":0,""69"":1,""237"":2,""113"":100,""263"":1,""303"":1,""383"":3,""30"":0,""31"":52,""32"":55,""33"":250,""35"":115,""37"":79,""38"":242,""39"":45,""181"":11,""182"":8,""66"":14317,""24"":81,""206"":26,""67"":4079,""68"":0,""13"":46,""17"":-50,""18"":-8,""19"":16,""15"":857,""13201"":344,""36"":2063,""40"":1402,""43"":0,""241"":26801,""199"":6488,""16"":186593,""12"":770,""449"":0,""636"":110188085,""11"":893510181,""238"":0,""14"":2540732448,""387"":""2b3431353833312e323030302d303038343335332e303030302b3030302e3130302f""}"
2026-07-18T11:56:46Z,862272088833183,Codec8E,2026-07-18 09:39:24.000 UTC,1784367564000,0,41.5841366,-8.4356650,99,344,13,81,0,"{""239"":1,""240"":1,""80"":1,""21"":3,""200"":0,""69"":1,""237"":2,""113"":100,""263"":1,""303"":1,""383"":3,""30"":0,""31"":43,""32"":56,""33"":253,""35"":63,""37"":81,""38"":238,""39"":45,""181"":16,""182"":8,""66"":14339,""24"":81,""206"":26,""67"":4079,""68"":0,""13"":46,""17"":5,""18"":-3,""19"":-5,""15"":857,""13201"":344,""36"":2119,""40"":658,""43"":0,""241"":26801,""199"":6605,""16"":186710,""12"":770,""449"":0,""636"":110188085,""11"":893510181,""238"":0,""14"":2540732448,""387"":""2b3431353834312e333636372d303038343335362e363530302b3030302e3039392f""}"
2026-07-18T11:56:46Z,862272088833183,Codec8E,2026-07-18 09:39:29.000 UTC,1784367569000,0,41.5851383,-8.4360266,93,345,13,82,0,"{""239"":1,""240"":1,""80"":1,""21"":3,""200"":0,""69"":1,""237"":2,""113"":100,""263"":1,""303"":1,""383"":3,""30"":0,""31"":25,""32"":56,""33"":250,""35"":59,""37"":81,""38"":237,""39"":45,""181"":16,""182"":8,""66"":14354,""24"":82,""206"":26,""67"":4079,""68"":0,""13"":46,""17"":85,""18"":16,""19"":-20,""15"":857,""13201"":344,""36"":2133,""40"":430,""43"":0,""241"":26801,""199"":6721,""16"":186826,""12"":770,""449"":0,""636"":110531134,""11"":893510181,""238"":0,""14"":2540732448,""387"":""2b3431353835312e333833332d303038343336302e323636372b3030302e3039332f""}"
2026-07-18T11:56:46Z,862272088833183,Codec8E,2026-07-18 09:39:34.000 UTC,1784367574000,0,41.5861649,-8.4363800,86,344,13,84,0,"{""239"":1,""240"":1,""80"":1,""21"":4,""200"":0,""69"":1,""237"":2,""113"":100,""263"":1,""303"":1,""383"":3,""30"":0,""31"":14,""32"":56,""33"":247,""35"":35,""37"":84,""38"":231,""39"":45,""181"":16,""182"":8,""66"":14355,""24"":84,""206"":26,""67"":4079,""68"":0,""13"":46,""17"":78,""18"":14,""19"":6,""15"":857,""13201"":344,""36"":2188,""40"":211,""43"":0,""241"":26801,""199"":6838,""16"":186943,""12"":770,""449"":0,""636"":110531134,""11"":893510181,""238"":0,""14"":2540732448,""387"":""2b3431353836312e363530302d303038343336332e383030302b3030302e3038362f""}"
2026-07-18T11:56:46Z,862272088833183,Codec8E,2026-07-18 09:39:39.000 UTC,1784367579000,0,41.5871883,-8.4367516,81,345,13,84,0,"{""239"":1,""240"":1,""80"":1,""21"":4,""200"":0,""69"":1,""237"":2,""113"":100,""263"":1,""303"":1,""383"":3,""30"":0,""31"":6,""32"":56,""33"":0,""35"":21,""37"":84,""38"":227,""39"":45,""181"":16,""182"":8,""66"":14328,""24"":84,""206"":26,""67"":4079,""68"":0,""13"":46,""17"":46,""18"":-31,""19"":-30,""15"":857,""13201"":345,""36"":2186,""40"":116,""43"":0,""241"":26801,""199"":6956,""16"":187061,""12"":770,""449"":0,""636"":110531134,""11"":893510181,""238"":0,""14"":2540732448,""387"":""2b3431353837312e383833332d303038343336372e353136372b3030302e3038312f""}"
2026-07-18T11:56:46Z,862272088833183,Codec8E,2026-07-18 09:39:44.000 UTC,1784367584000,0,41.5882050,-8.4371183,74,345,15,84,0,"{""239"":1,""240"":1,""80"":1,""21"":4,""200"":0,""69"":1,""237"":2,""113"":100,""263"":1,""303"":1,""383"":3,""30"":0,""31"":3,""32"":56,""33"":0,""35"":17,""37"":82,""38"":228,""39"":45,""181"":12,""182"":7,""66"":14314,""24"":84,""206"":26,""67"":4079,""68"":0,""13"":46,""17"":118,""18"":52,""19"":-58,""15"":1000,""13201"":345,""36"":2175,""40"":97,""43"":0,""241"":26801,""199"":7073,""16"":187178,""12"":770,""449"":0,""636"":110531134,""11"":893510181,""238"":0,""14"":2540732448,""387"":""2b3431353838322e303530302d303038343337312e313833332b3030302e3037342f""}"
2026-07-18T11:56:46Z,862272088833183,Codec8E,2026-07-18 09:39:49.000 UTC,1784367589000,0,41.5891466,-8.4374383,74,344,15,76,0,"{""239"":1,""240"":1,""80"":1,""21"":4,""200"":0,""69"":1,""237"":2,""113"":100,""263"":1,""303"":1,""383"":3,""30"":0,""31"":3,""32"":56,""33"":0,""35"":16,""37"":80,""38"":229,""39"":45,""181"":12,""182"":7,""66"":14298,""24"":76,""206"":26,""67"":4079,""68"":0,""13"":46,""17"":204,""18"":46,""19"":-156,""15"":1000,""13201"":345,""36"":2110,""40"":88,""43"":0,""241"":26801,""199"":7181,""16"":187286,""12"":770,""449"":0,""636"":110531134,""11"":893510181,""238"":0,""14"":2540732448,""387"":""2b3431353839312e343636372d303038343337342e333833332b3030302e3037342f""}"
2026-07-18T11:56:46Z,862272088833183,Codec8E,2026-07-18 09:39:52.000 UTC,1784367592000,0,41.5895700,-8.4375766,70,351,15,64,0,"{""239"":1,""240"":1,""80"":1,""21"":4,""200"":0,""69"":1,""237"":2,""113"":100,""263"":1,""303"":1,""383"":3,""30"":0,""31"":3,""32"":56,""33"":0,""35"":15,""37"":61,""38"":237,""39"":45,""181"":10,""182"":7,""66"":14241,""24"":64,""206"":26,""67"":4079,""68"":0,""13"":46,""17"":158,""18"":376,""19"":-141,""15"":1000,""13201"":345,""36"":1639,""40"":97,""43"":0,""241"":26801,""199"":7230,""16"":187335,""12"":770,""449"":0,""636"":110531084,""11"":893510181,""238"":0,""14"":2540732448,""387"":""2b3431353839352e373030302d303038343337352e373636372b3030302e3037302f""}"
2026-07-18T11:56:48Z,862272088833183,Codec8E,2026-07-18 09:39:53.000 UTC,1784367593000,0,41.5896549,-8.4375900,71,3,15,58,0,"{""239"":1,""240"":1,""80"":1,""21"":4,""200"":0,""69"":1,""237"":2,""113"":100,""263"":1,""303"":1,""383"":3,""30"":0,""31"":3,""32"":56,""33"":0,""35"":15,""37"":61,""38"":237,""39"":45,""181"":10,""182"":7,""66"":14277,""24"":58,""206"":26,""67"":4079,""68"":0,""13"":46,""17"":148,""18"":321,""19"":-118,""15"":1000,""13201"":345,""36"":1639,""40"":97,""43"":0,""241"":26801,""199"":7240,""16"":187345,""12"":770,""449"":0,""636"":110531084,""11"":893510181,""238"":0,""14"":2540732448,""387"":""2b3431353839362e353530302d303038343337352e393030302b3030302e3037312f""}"
2026-07-18T11:56:48Z,862272088833183,Codec8E,2026-07-18 09:39:54.000 UTC,1784367594000,0,41.5897766,-8.4375783,71,18,15,52,0,"{""239"":1,""240"":1,""80"":1,""21"":4,""200"":0,""69"":1,""237"":2,""113"":100,""263"":1,""303"":1,""383"":3,""30"":0,""31"":3,""32"":56,""33"":0,""35"":15,""37"":61,""38"":237,""39"":45,""181"":10,""182"":7,""66"":14282,""24"":52,""206"":26,""67"":4079,""68"":0,""13"":46,""17"":170,""18"":362,""19"":-85,""15"":1000,""13201"":345,""36"":1639,""40"":97,""43"":0,""241"":26801,""199"":7253,""16"":187358,""12"":770,""449"":0,""636"":110531084,""11"":893510181,""238"":0,""14"":2540732448,""387"":""2b3431353839372e373636372d303038343337352e373833332b3030302e3037312f""}"
2026-07-18T11:56:48Z,862272088833183,Codec8E,2026-07-18 09:39:54.010 UTC,1784367594010,0,41.5898316,-8.4374833,69,46,15,48,255,"{""239"":1,""240"":1,""80"":1,""21"":4,""200"":0,""69"":1,""237"":2,""113"":100,""263"":1,""303"":1,""383"":3,""30"":0,""31"":3,""32"":56,""33"":0,""35"":15,""37"":61,""38"":237,""39"":45,""255"":48,""181"":10,""182"":7,""66"":14285,""24"":48,""206"":26,""67"":4079,""68"":0,""13"":46,""17"":25,""18"":236,""19"":-87,""15"":1000,""13201"":345,""36"":1639,""40"":97,""43"":0,""241"":26801,""199"":7263,""16"":187368,""12"":770,""449"":0,""636"":110531084,""11"":893510181,""238"":0,""14"":2540732448,""387"":""2b3431353839382e333136372d303038343337342e383333332b3030302e3036392f""}"
2026-07-18T11:56:48Z,862272088833183,Codec8E,2026-07-18 09:39:54.020 UTC,1784367594020,0,41.5898316,-8.4374833,69,46,15,48,253,"{""239"":1,""240"":1,""80"":1,""21"":4,""200"":0,""69"":1,""237"":2,""113"":100,""263"":1,""303"":1,""383"":3,""30"":0,""31"":3,""32"":56,""33"":0,""35"":15,""37"":61,""38"":237,""39"":45,""253"":3,""254"":43,""181"":10,""182"":7,""66"":14285,""24"":48,""206"":26,""67"":4079,""68"":0,""13"":46,""17"":25,""18"":236,""19"":-87,""15"":1000,""13201"":345,""36"":1639,""40"":97,""43"":0,""241"":26801,""199"":7263,""16"":187368,""12"":770,""449"":0,""636"":110531084,""11"":893510181,""238"":0,""14"":2540732448,""387"":""2b3431353839382e333136372d303038343337342e383333332b3030302e3036392f""}"
2026-07-18T11:58:43Z,862272088833183,Codec8E,2026-07-18 09:39:56.000 UTC,1784367596000,0,41.5898749,-8.4373766,68,56,15,44,0,"{""239"":1,""240"":1,""80"":1,""21"":4,""200"":0,""69"":1,""237"":2,""113"":100,""263"":1,""303"":1,""383"":3,""30"":0,""31"":10,""32"":55,""33"":21,""35"":29,""37"":33,""38"":252,""39"":45,""181"":10,""182"":7,""66"":14284,""24"":44,""206"":26,""67"":4078,""68"":0,""13"":46,""17"":50,""18"":8,""19"":-129,""15"":1000,""13201"":345,""36"":921,""40"":127,""43"":0,""241"":26801,""199"":7273,""16"":187378,""12"":770,""449"":0,""636"":110531084,""11"":893510181,""238"":0,""14"":2540732448,""387"":""2b3431353839382e373530302d303038343337332e373636372b3030302e3036382f""}"
2026-07-18T11:58:43Z,862272088833183,Codec8E,2026-07-18 09:39:57.000 UTC,1784367597000,0,41.5899016,-8.4372766,68,67,15,40,0,"{""239"":1,""240"":1,""80"":1,""21"":4,""200"":0,""69"":1,""237"":2,""113"":100,""263"":1,""303"":1,""383"":3,""30"":0,""31"":10,""32"":55,""33"":21,""35"":29,""37"":33,""38"":252,""39"":45,""181"":10,""182"":7,""66"":14284,""24"":40,""206"":26,""67"":4078,""68"":0,""13"":46,""17"":126,""18"":15,""19"":-145,""15"":1000,""13201"":345,""36"":921,""40"":127,""43"":0,""241"":26801,""199"":7282,""16"":187387,""12"":770,""449"":0,""636"":110531084,""11"":893510181,""238"":0,""14"":2540732448,""387"":""2b3431353839392e303136372d303038343337322e373636372b3030302e3036382f""}"
2026-07-18T11:58:43Z,862272088833183,Codec8E,2026-07-18 09:39:58.000 UTC,1784367598000,0,41.5899066,-8.4371999,68,78,15,35,0,"{""239"":1,""240"":1,""80"":1,""21"":4,""200"":0,""69"":1,""237"":2,""113"":100,""263"":1,""303"":1,""383"":3,""30"":0,""31"":10,""32"":55,""33"":21,""35"":29,""37"":33,""38"":252,""39"":45,""181"":12,""182"":7,""66"":14290,""24"":35,""206"":26,""67"":4077,""68"":0,""13"":46,""17"":131,""18"":51,""19"":-258,""15"":1000,""13201"":345,""36"":921,""40"":127,""43"":0,""241"":26801,""199"":7288,""16"":187393,""12"":770,""449"":0,""636"":110531084,""11"":893510181,""238"":0,""14"":2540732448,""387"":""2b3431353839392e303636372d303038343337322e303030302b3030302e3036382f""}"
2026-07-18T11:58:43Z,862272088833183,Codec8E,2026-07-18 09:40:00.000 UTC,1784367600000,0,41.5899083,-8.4370983,66,75,15,25,0,"{""239"":1,""240"":1,""80"":1,""21"":4,""200"":0,""69"":1,""237"":2,""113"":100,""263"":1,""303"":1,""383"":3,""30"":0,""31"":10,""32"":55,""33"":21,""35"":29,""37"":33,""38"":252,""39"":45,""181"":12,""182"":7,""66"":14299,""24"":25,""206"":26,""67"":4079,""68"":0,""13"":46,""17"":144,""18"":43,""19"":-232,""15"":1000,""13201"":345,""36"":921,""40"":127,""43"":0,""241"":26801,""199"":7297,""16"":187402,""12"":770,""449"":0,""636"":110531114,""11"":893510181,""238"":0,""14"":2540732448,""387"":""2b3431353839392e303833332d303038343337302e393833332b3030302e3036362f""}"
2026-07-18T11:58:44Z,862272088833183,Codec8E,2026-07-18 09:40:02.000 UTC,1784367602000,0,41.5898983,-8.4370800,65,75,15,15,0,"{""239"":1,""240"":1,""80"":1,""21"":4,""200"":0,""69"":1,""237"":2,""113"":100,""263"":1,""303"":1,""383"":3,""30"":0,""31"":10,""32"":55,""33"":21,""35"":32,""37"":8,""38"":0,""39"":44,""181"":10,""182"":7,""66"":14306,""24"":15,""206"":26,""67"":4079,""68"":0,""13"":46,""17"":-128,""18"":63,""19"":198,""15"":1000,""13201"":345,""36"":969,""40"":130,""43"":0,""241"":26801,""199"":7297,""16"":187402,""12"":770,""449"":0,""636"":110531114,""11"":893510181,""238"":0,""14"":2540732448,""387"":""2b3431353839382e393833332d303038343337302e383030302b3030302e3036352f""}"
2026-07-18T11:58:44Z,862272088833183,Codec8E,2026-07-18 09:40:05.000 UTC,1784367605000,0,41.5899066,-8.4370283,63,57,15,9,0,"{""239"":1,""240"":1,""80"":1,""21"":4,""200"":0,""69"":1,""237"":2,""113"":100,""263"":1,""303"":1,""383"":3,""30"":0,""31"":10,""32"":55,""33"":0,""35"":68,""37"":6,""38"":246,""39"":45,""181"":10,""182"":7,""66"":14332,""24"":9,""206"":26,""67"":4079,""68"":0,""13"":46,""17"":19,""18"":-145,""19"":95,""15"":1000,""13201"":345,""36"":1544,""40"":858,""43"":0,""241"":26801,""199"":7300,""16"":187405,""12"":770,""449"":0,""636"":110531114,""11"":893510181,""238"":0,""14"":2540732448,""387"":""2b3431353839392e303636372d303038343337302e323833332b3030302e3036332f""}"
2026-07-18T11:58:44Z,862272088833183,Codec8E,2026-07-18 09:40:06.000 UTC,1784367606000,0,41.5899316,-8.4369916,63,41,15,11,0,"{""239"":1,""240"":1,""80"":1,""21"":4,""200"":0,""69"":1,""237"":2,""113"":100,""263"":1,""303"":1,""383"":3,""30"":0,""31"":10,""32"":55,""33"":0,""35"":68,""37"":6,""38"":246,""39"":45,""181"":12,""182"":7,""66"":14334,""24"":11,""206"":26,""67"":4078,""68"":0,""13"":46,""17"":20,""18"":-168,""19"":74,""15"":1000,""13201"":345,""36"":1544,""40"":858,""43"":0,""241"":26801,""199"":7307,""16"":187412,""12"":770,""449"":0,""636"":110531114,""11"":893510181,""238"":0,""14"":2540732448,""387"":""2b3431353839392e333136372d303038343336392e393136372b3030302e3036332f""}"
2026-07-18T11:58:44Z,862272088833183,Codec8E,2026-07-18 09:40:07.000 UTC,1784367607000,0,41.5899699,-8.4369550,63,27,15,13,0,"{""239"":1,""240"":1,""80"":1,""21"":4,""200"":0,""69"":1,""237"":2,""113"":100,""263"":1,""303"":1,""383"":3,""30"":0,""31"":10,""32"":55,""33"":0,""35"":68,""37"":6,""38"":246,""39"":45,""181"":10,""182"":7,""66"":14349,""24"":13,""206"":26,""67"":4077,""68"":0,""13"":46,""17"":-38,""18"":-46,""19"":95,""15"":1000,""13201"":345,""36"":1544,""40"":858,""43"":0,""241"":26801,""199"":7312,""16"":187417,""12"":770,""449"":0,""636"":110531114,""11"":893510181,""238"":0,""14"":2540732448,""387"":""2b3431353839392e373030302d303038343336392e353530302b3030302e3036332f""}"
2026-07-18T11:58:44Z,862272088833183,Codec8E,2026-07-18 09:40:08.000 UTC,1784367608000,0,41.5900316,-8.4369383,63,7,15,15,0,"{""239"":1,""240"":1,""80"":1,""21"":4,""200"":0,""69"":1,""237"":2,""113"":100,""263"":1,""303"":1,""383"":3,""30"":0,""31"":10,""32"":55,""33"":0,""35"":68,""37"":6,""38"":246,""39"":45,""181"":12,""182"":7,""66"":14317,""24"":15,""206"":26,""67"":4079,""68"":0,""13"":46,""17"":64,""18"":-31,""19"":21,""15"":1000,""13201"":345,""36"":1544,""40"":858,""43"":0,""241"":26801,""199"":7319,""16"":187424,""12"":770,""449"":0,""636"":110531114,""11"":893510181,""238"":0,""14"":2540732448,""387"":""2b3431353930302e333136372d303038343336392e333833332b3030302e3036332f""}"
2026-07-18T11:58:44Z,862272088833183,Codec8E,2026-07-18 09:40:10.000 UTC,1784367610000,0,41.5901866,-8.4369583,62,350,15,22,0,"{""239"":1,""240"":1,""80"":1,""21"":4,""200"":0,""69"":1,""237"":2,""113"":100,""263"":1,""303"":1,""383"":3,""30"":0,""31"":26,""32"":55,""33"":252,""35"":70,""37"":27,""38"":221,""39"":44,""181"":12,""182"":7,""66"":14337,""24"":22,""206"":26,""67"":4079,""68"":0,""13"":46,""17"":42,""18"":12,""19"":24,""15"":1000,""13201"":345,""36"":3478,""40"":786,""43"":0,""241"":26801,""199"":7336,""16"":187441,""12"":770,""449"":0,""636"":110531114,""11"":893510181,""238"":0,""14"":2540732448,""387"":""2b3431353930312e383636372d303038343336392e353833332b3030302e3036322f""}"
2026-07-18T11:58:44Z,862272088833183,Codec8E,2026-07-18 09:40:14.000 UTC,1784367614000,0,41.5905683,-8.4370483,62,346,15,33,0,"{""239"":1,""240"":1,""80"":1,""21"":4,""200"":0,""69"":1,""237"":2,""113"":100,""263"":1,""303"":1,""383"":3,""30"":0,""31"":4,""32"":55,""33"":3,""35"":82,""37"":39,""38"":241,""39"":45,""181"":10,""182"":7,""66"":14327,""24"":33,""206"":26,""67"":4079,""68"":0,""13"":46,""17"":62,""18"":-111,""19"":60,""15"":1000,""13201"":345,""36"":2882,""40"":1422,""43"":0,""241"":26801,""199"":7379,""16"":187484,""12"":770,""449"":0,""636"":110531114,""11"":893510181,""238"":0,""14"":2540732448,""387"":""2b3431353930352e363833332d303038343337302e343833332b3030302e3036322f""}"
2026-07-18T11:58:44Z,862272088833183,Codec8E,2026-07-18 09:40:16.000 UTC,1784367616000,0,41.5907866,-8.4371433,63,335,14,38,0,"{""239"":1,""240"":1,""80"":1,""21"":4,""200"":0,""69"":1,""237"":2,""113"":100,""263"":1,""303"":1,""383"":3,""30"":0,""31"":4,""32"":55,""33"":3,""35"":82,""37"":39,""38"":241,""39"":45,""181"":10,""182"":7,""66"":14321,""24"":38,""206"":26,""67"":4079,""68"":0,""13"":46,""17"":77,""18"":-103,""19"":38,""15"":1000,""13201"":346,""36"":2882,""40"":1422,""43"":0,""241"":26801,""199"":7405,""16"":187510,""12"":770,""449"":0,""636"":110531114,""11"":893510181,""238"":0,""14"":2540732448,""387"":""2b3431353930372e383636372d303038343337312e343333332b3030302e3036332f""}"
2026-07-18T11:58:46Z,862272088833183,Codec8E,2026-07-18 09:40:18.000 UTC,1784367618000,0,41.5909733,-8.4373283,61,316,14,43,0,"{""239"":1,""240"":1,""80"":1,""21"":4,""200"":0,""69"":1,""237"":2,""113"":100,""263"":1,""303"":1,""383"":3,""30"":0,""31"":4,""32"":55,""33"":3,""35"":82,""37"":39,""38"":241,""39"":45,""181"":10,""182"":7,""66"":14331,""24"":43,""206"":26,""67"":4079,""68"":0,""13"":46,""17"":37,""18"":-208,""19"":58,""15"":1000,""13201"":346,""36"":2882,""40"":1422,""43"":0,""241"":26801,""199"":7431,""16"":187536,""12"":770,""449"":0,""636"":110531114,""11"":893510181,""238"":0,""14"":2540732448,""387"":""2b3431353930392e373333332d303038343337332e323833332b3030302e3036312f""}"
2026-07-18T11:58:46Z,862272088833183,Codec8E,2026-07-18 09:40:19.000 UTC,1784367619000,0,41.5910266,-8.4375850,64,302,15,45,0,"{""239"":1,""240"":1,""80"":1,""21"":4,""200"":0,""69"":1,""237"":2,""113"":100,""263"":1,""303"":1,""383"":3,""30"":0,""31"":20,""32"":55,""33"":251,""35"":47,""37"":51,""38"":233,""39"":44,""181"":10,""182"":7,""66"":14305,""24"":45,""206"":26,""67"":4078,""68"":0,""13"":46,""17"":-3,""18"":-121,""19"":101,""15"":1000,""13201"":345,""36"":3405,""40"":169,""43"":0,""241"":26801,""199"":7453,""16"":187558,""12"":770,""449"":0,""636"":110531114,""11"":893510181,""238"":0,""14"":2540732448,""387"":""2b3431353931302e323636372d303038343337352e383530302b3030302e3036342f""}"
2026-07-18T11:58:46Z,862272088833183,Codec8E,2026-07-18 09:40:21.000 UTC,1784367621000,0,41.5911366,-8.4379600,60,286,15,50,0,"{""239"":1,""240"":1,""80"":1,""21"":4,""200"":0,""69"":1,""237"":2,""113"":100,""263"":1,""303"":1,""383"":3,""30"":0,""31"":20,""32"":55,""33"":251,""35"":47,""37"":51,""38"":233,""39"":44,""181"":10,""182"":7,""66"":14339,""24"":50,""206"":26,""67"":4077,""68"":0,""13"":46,""17"":51,""18"":98,""19"":29,""15"":1000,""13201"":345,""36"":3405,""40"":169,""43"":0,""241"":26801,""199"":7487,""16"":187592,""12"":770,""449"":0,""636"":110531113,""11"":893510181,""238"":0,""14"":2540732448,""387"":""2b3431353931312e333636372d303038343337392e363030302b3030302e3036302f""}"
2026-07-18T11:58:46Z,862272088833183,Codec8E,2026-07-18 09:40:21.010 UTC,1784367621010,0,41.5911466,-8.4381250,62,283,14,52,255,"{""239"":1,""240"":1,""80"":1,""21"":4,""200"":0,""69"":1,""237"":2,""113"":100,""263"":1,""303"":1,""383"":3,""30"":0,""31"":20,""32"":55,""33"":251,""35"":47,""37"":51,""38"":233,""39"":44,""255"":52,""181"":11,""182"":7,""66"":14340,""24"":52,""206"":26,""67"":4078,""68"":0,""13"":46,""17"":116,""18"":66,""19"":2,""15"":1000,""13201"":345,""36"":3405,""40"":169,""43"":0,""241"":26801,""199"":7501,""16"":187606,""12"":770,""449"":0,""636"":110531113,""11"":893510181,""238"":0,""14"":2540732448,""387"":""2b3431353931312e343636372d303038343338312e323530302b3030302e3036322f""}"
2026-07-18T11:58:46Z,862272088833183,Codec8E,2026-07-18 09:40:26.000 UTC,1784367626000,0,41.5913383,-8.4388250,59,293,14,56,0,"{""239"":1,""240"":1,""80"":1,""21"":4,""200"":0,""69"":1,""237"":2,""113"":100,""263"":1,""303"":1,""383"":3,""30"":0,""31"":41,""32"":56,""33"":250,""35"":72,""37"":60,""38"":222,""39"":44,""181"":11,""182"":7,""66"":14302,""24"":56,""206"":26,""67"":4079,""68"":0,""13"":46,""17"":11,""18"":-217,""19"":17,""15"":1000,""13201"":346,""36"":2972,""40"":255,""43"":0,""241"":26801,""199"":7563,""16"":187668,""12"":770,""449"":0,""636"":110531113,""11"":893510181,""238"":0,""14"":2540732448,""387"":""2b3431353931332e333833332d303038343338382e323530302b3030302e3035392f""}"
2026-07-18T11:58:46Z,862272088833183,Codec8E,2026-07-18 09:40:30.000 UTC,1784367630000,0,41.5916716,-8.4395300,55,278,13,58,0,"{""239"":1,""240"":1,""80"":1,""21"":4,""200"":0,""69"":1,""237"":2,""113"":100,""263"":1,""303"":1,""383"":3,""30"":0,""31"":9,""32"":56,""33"":21,""35"":26,""37"":57,""38"":236,""39"":45,""181"":11,""182"":8,""66"":14330,""24"":58,""206"":26,""67"":4079,""68"":0,""13"":46,""17"":33,""18"":2,""19"":56,""15"":1000,""13201"":346,""36"":2879,""40"":1111,""43"":0,""241"":26801,""199"":7633,""16"":187738,""12"":770,""449"":0,""636"":110531113,""11"":893510181,""238"":0,""14"":2540732448,""387"":""2b3431353931362e373136372d303038343339352e333030302b3030302e3035352f""}"
2026-07-18T11:58:46Z,862272088833183,Codec8E,2026-07-18 09:40:36.000 UTC,1784367636000,0,41.5918133,-8.4408566,47,290,13,62,0,"{""239"":1,""240"":1,""80"":1,""21"":4,""200"":0,""69"":1,""237"":2,""113"":100,""263"":1,""303"":1,""383"":3,""30"":0,""31"":30,""32"":56,""33"":249,""35"":72,""37"":63,""38"":235,""39"":45,""181"":11,""182"":8,""66"":14324,""24"":62,""206"":26,""67"":4079,""68"":0,""13"":46,""17"":204,""18"":42,""19"":170,""15"":1000,""13201"":346,""36"":3146,""40"":527,""43"":0,""241"":26801,""199"":7745,""16"":187850,""12"":770,""449"":0,""636"":110531113,""11"":893510181,""238"":0,""14"":2540732448,""387"":""2b3431353931382e313333332d303038343430382e353636372b3030302e3034372f""}"
2026-07-18T11:58:46Z,862272088833183,Codec8E,2026-07-18 09:40:42.000 UTC,1784367642000,0,41.5920750,-8.4420433,44,285,13,62,0,"{""239"":1,""240"":1,""80"":1,""21"":4,""200"":0,""69"":1,""237"":2,""113"":100,""263"":1,""303"":1,""383"":3,""30"":0,""31"":16,""32"":56,""33"":249,""35"":37,""37"":61,""38"":234,""39"":45,""181"":11,""182"":8,""66"":14322,""24"":62,""206"":26,""67"":4079,""68"":0,""13"":46,""17"":68,""18"":33,""19"":-9,""15"":1000,""13201"":346,""36"":3093,""40"":383,""43"":0,""241"":26801,""199"":7848,""16"":187953,""12"":770,""449"":0,""636"":110531113,""11"":893510181,""238"":0,""14"":2540732448,""387"":""2b3431353932302e373530302d303038343432302e343333332b3030302e3034342f""}"
2026-07-18T11:58:47Z,862272088833183,Codec8E,2026-07-18 09:40:48.000 UTC,1784367648000,0,41.5923600,-8.4432500,39,286,15,61,0,"{""239"":1,""240"":1,""80"":1,""21"":4,""200"":0,""69"":1,""237"":2,""113"":100,""263"":1,""303"":1,""383"":3,""30"":0,""31"":5,""32"":56,""33"":0,""35"":23,""37"":61,""38"":239,""39"":45,""181"":10,""182"":7,""66"":14334,""24"":61,""206"":26,""67"":4079,""68"":0,""13"":46,""17"":35,""18"":-4,""19"":3,""15"":1000,""13201"":346,""36"":3079,""40"":300,""43"":0,""241"":26801,""199"":7953,""16"":188058,""12"":770,""449"":0,""636"":110531113,""11"":893510181,""238"":0,""14"":2540732448,""387"":""2b3431353932332e363030302d303038343433322e353030302b3030302e3033392f""}"
2026-07-18T11:58:47Z,862272088833183,Codec8E,2026-07-18 09:40:55.000 UTC,1784367655000,0,41.5925933,-8.4444399,48,283,14,52,0,"{""239"":1,""240"":1,""80"":1,""21"":4,""200"":0,""69"":1,""237"":2,""113"":100,""263"":1,""303"":1,""383"":3,""30"":0,""31"":7,""32"":56,""33"":0,""35"":27,""37"":57,""38"":222,""39"":45,""181"":11,""182"":7,""66"":14342,""24"":52,""206"":26,""67"":4079,""68"":0,""13"":46,""17"":58,""18"":23,""19"":96,""15"":888,""13201"":347,""36"":2914,""40"":225,""43"":0,""241"":26801,""199"":8057,""16"":188162,""12"":770,""449"":0,""636"":110531113,""11"":893510181,""238"":0,""14"":2540732448,""387"":""2b3431353932352e393333332d303038343434342e343030302b3030302e3034382f""}"
2026-07-18T11:58:47Z,862272088833183,Codec8E,2026-07-18 09:40:57.000 UTC,1784367657000,0,41.5926716,-8.4448933,54,283,14,47,255,"{""239"":1,""240"":1,""80"":1,""21"":4,""200"":0,""69"":1,""237"":2,""113"":100,""263"":1,""303"":1,""383"":3,""30"":0,""31"":13,""32"":56,""33"":254,""35"":105,""37"":49,""38"":231,""39"":45,""255"":47,""181"":11,""182"":7,""66"":14342,""24"":47,""206"":26,""67"":4077,""68"":0,""13"":46,""17"":92,""18"":-67,""19"":163,""15"":888,""13201"":347,""36"":2464,""40"":422,""43"":0,""241"":26801,""199"":8095,""16"":188200,""12"":770,""449"":0,""636"":110531113,""11"":893510181,""238"":0,""14"":2540732448,""387"":""2b3431353932362e373136372d303038343434382e393333332b3030302e3035342f""}"
2026-07-18T11:58:47Z,862272088833183,Codec8E,2026-07-18 09:41:00.000 UTC,1784367660000,0,41.5927233,-8.4451783,58,271,14,44,0,"{""239"":1,""240"":1,""80"":1,""21"":4,""200"":0,""69"":1,""237"":2,""113"":100,""263"":1,""303"":1,""383"":3,""30"":0,""31"":42,""32"":56,""33"":253,""35"":72,""37"":42,""38"":239,""39"":45,""181"":11,""182"":7,""66"":14328,""24"":44,""206"":26,""67"":4079,""68"":0,""13"":46,""17"":-52,""18"":-213,""19"":59,""15"":888,""13201"":346,""36"":2118,""40"":844,""43"":0,""241"":26801,""199"":8120,""16"":188225,""12"":770,""449"":0,""636"":110531113,""11"":893510181,""238"":0,""14"":2540732448,""387"":""2b3431353932372e323333332d303038343435312e373833332b3030302e3035382f""}"
2026-07-18T13:02:44Z,862272088833183,Codec8E,2026-07-18 09:41:01.000 UTC,1784367661000,0,41.5926983,-8.4453183,56,260,14,43,0,"{""239"":1,""240"":1,""80"":1,""21"":4,""200"":0,""69"":1,""237"":2,""113"":100,""263"":1,""303"":1,""383"":3,""30"":0,""31"":42,""32"":56,""33"":253,""35"":72,""37"":42,""38"":239,""39"":45,""181"":11,""182"":7,""66"":14329,""24"":43,""206"":26,""67"":4079,""68"":0,""13"":46,""17"":-6,""18"":-157,""19"":118,""15"":888,""13201"":346,""36"":2118,""40"":844,""43"":0,""241"":26801,""199"":8132,""16"":188237,""12"":770,""449"":0,""636"":110531113,""11"":893510181,""238"":0,""14"":2540732448,""387"":""2b3431353932362e393833332d303038343435332e313833332b3030302e3035362f""}"
2026-07-18T13:02:44Z,862272088833183,Codec8E,2026-07-18 09:41:02.000 UTC,1784367662000,0,41.5926566,-8.4454100,57,248,14,43,0,"{""239"":1,""240"":1,""80"":1,""21"":4,""200"":0,""69"":1,""237"":2,""113"":100,""263"":1,""303"":1,""383"":3,""30"":0,""31"":42,""32"":56,""33"":253,""35"":72,""37"":42,""38"":239,""39"":45,""181"":11,""182"":7,""66"":14295,""24"":43,""206"":26,""67"":4079,""68"":0,""13"":46,""17"":-17,""18"":-145,""19"":57,""15"":888,""13201"":346,""36"":2118,""40"":844,""43"":0,""241"":26801,""199"":8141,""16"":188246,""12"":770,""449"":0,""636"":110531113,""11"":893510181,""238"":0,""14"":2540732448,""387"":""2b3431353932362e353636372d303038343435342e313030302b3030302e3035372f""}"
2026-07-18T13:02:44Z,862272088833183,Codec8E,2026-07-18 09:41:03.000 UTC,1784367663000,0,41.5926083,-8.4455416,56,236,14,43,0,"{""239"":1,""240"":1,""80"":1,""21"":5,""200"":0,""69"":1,""237"":2,""113"":100,""263"":1,""303"":1,""383"":3,""30"":0,""31"":42,""32"":56,""33"":253,""35"":72,""37"":42,""38"":239,""39"":45,""181"":11,""182"":7,""66"":14305,""24"":43,""206"":26,""67"":4078,""68"":0,""13"":46,""17"":27,""18"":-178,""19"":77,""15"":888,""13201"":346,""36"":2118,""40"":844,""43"":0,""241"":26801,""199"":8153,""16"":188258,""12"":770,""449"":0,""636"":110531113,""11"":893510181,""238"":0,""14"":2540732448,""387"":""2b3431353932362e303833332d303038343435352e343136372b3030302e3035362f""}"
2026-07-18T13:02:44Z,862272088833183,Codec8E,2026-07-18 09:41:05.000 UTC,1784367665000,0,41.5924533,-8.4457833,57,217,15,43,0,"{""239"":1,""240"":1,""80"":1,""21"":5,""200"":0,""69"":1,""237"":2,""113"":100,""263"":1,""303"":1,""383"":3,""30"":0,""31"":35,""32"":57,""33"":249,""35"":90,""37"":44,""38"":240,""39"":45,""181"":10,""182"":7,""66"":14296,""24"":43,""206"":26,""67"":4079,""68"":0,""13"":46,""17"":-28,""18"":-80,""19"":21,""15"":888,""13201"":347,""36"":2230,""40"":791,""43"":0,""241"":26801,""199"":8180,""16"":188285,""12"":770,""449"":0,""636"":110531113,""11"":893510181,""238"":0,""14"":2540732448,""387"":""2b3431353932342e353333332d303038343435372e383333332b3030302e3035372f""}"
2026-07-18T13:02:46Z,862272088833183,Codec8E,2026-07-18 09:41:06.000 UTC,1784367666000,0,41.5923400,-8.4458633,58,207,15,44,0,"{""239"":1,""240"":1,""80"":1,""21"":5,""200"":0,""69"":1,""237"":2,""113"":100,""263"":1,""303"":1,""383"":3,""30"":0,""31"":35,""32"":57,""33"":249,""35"":90,""37"":44,""38"":240,""39"":45,""181"":10,""182"":7,""66"":14316,""24"":44,""206"":26,""67"":4079,""68"":0,""13"":46,""17"":163,""18"":-107,""19"":48,""15"":888,""13201"":347,""36"":2230,""40"":791,""43"":0,""241"":26801,""199"":8194,""16"":188299,""12"":770,""449"":0,""636"":110531113,""11"":893510181,""238"":0,""14"":2540732448,""387"":""2b3431353932332e343030302d303038343435382e363333332b3030302e3035382f""}"
2026-07-18T13:02:46Z,862272088833183,Codec8E,2026-07-18 09:41:09.000 UTC,1784367669000,0,41.5920016,-8.4459933,57,197,15,45,0,"{""239"":1,""240"":1,""80"":1,""21"":5,""200"":0,""69"":1,""237"":2,""113"":100,""263"":1,""303"":1,""383"":3,""30"":0,""31"":35,""32"":57,""33"":249,""35"":90,""37"":44,""38"":240,""39"":45,""181"":10,""182"":7,""66"":14315,""24"":45,""206"":26,""67"":4079,""68"":0,""13"":46,""17"":58,""18"":-17,""19"":-58,""15"":888,""13201"":347,""36"":2230,""40"":791,""43"":0,""241"":26801,""199"":8233,""16"":188338,""12"":770,""449"":0,""636"":110531113,""11"":893510181,""238"":0,""14"":2540732448,""387"":""2b3431353932302e303136372d303038343435392e393333332b3030302e3035372f""}"
2026-07-18T13:02:46Z,862272088833183,Codec8E,2026-07-18 09:41:18.000 UTC,1784367678000,0,41.5910850,-8.4463583,60,198,15,44,0,"{""239"":1,""240"":1,""80"":1,""21"":5,""200"":0,""69"":1,""237"":2,""113"":100,""263"":1,""303"":1,""383"":3,""30"":0,""31"":14,""32"":57,""33"":21,""35"":83,""37"":39,""38"":241,""39"":45,""181"":10,""182"":7,""66"":14342,""24"":44,""206"":26,""67"":4079,""68"":0,""13"":46,""17"":-17,""18"":11,""19"":79,""15"":888,""13201"":347,""36"":1975,""40"":1100,""43"":0,""241"":26801,""199"":8340,""16"":188445,""12"":770,""449"":0,""636"":110531113,""11"":893510181,""238"":0,""14"":2540732448,""387"":""2b3431353931302e383530302d303038343436332e353833332b3030302e3036302f""}"
2026-07-18T13:02:46Z,862272088833183,Codec8E,2026-07-18 09:41:26.000 UTC,1784367686000,0,41.5901600,-8.4467849,64,198,14,48,0,"{""239"":1,""240"":1,""80"":1,""21"":5,""200"":0,""69"":1,""237"":2,""113"":100,""263"":1,""303"":1,""383"":3,""30"":0,""31"":18,""32"":58,""33"":250,""35"":68,""37"":49,""38"":230,""39"":45,""181"":13,""182"":7,""66"":14352,""24"":48,""206"":26,""67"":4079,""68"":0,""13"":46,""17"":54,""18"":-11,""19"":81,""15"":888,""13201"":346,""36"":2458,""40"":222,""43"":0,""241"":26801,""199"":8449,""16"":188554,""12"":770,""449"":0,""636"":110531115,""11"":893510181,""238"":0,""14"":2540732448,""387"":""2b3431353930312e363030302d303038343436372e383530302b3030302e3036342f""}"
2026-07-18T13:02:47Z,862272088833183,Codec8E,2026-07-18 09:41:32.000 UTC,1784367692000,0,41.5896016,-8.4470366,65,190,15,35,0,"{""239"":1,""240"":1,""80"":1,""21"":5,""200"":0,""69"":1,""237"":2,""113"":100,""263"":1,""303"":1,""383"":3,""30"":0,""31"":4,""32"":58,""33"":254,""35"":36,""37"":44,""38"":237,""39"":45,""181"":12,""182"":7,""66"":14277,""24"":35,""206"":26,""67"":4079,""68"":0,""13"":46,""17"":18,""18"":31,""19"":-75,""15"":888,""13201"":346,""36"":2260,""40"":113,""43"":0,""241"":26801,""199"":8515,""16"":188620,""12"":770,""449"":0,""636"":110531115,""11"":893510181,""238"":0,""14"":2540732448,""387"":""2b3431353839362e303136372d303038343437302e333636372b3030302e3036352f""}"
2026-07-18T13:02:47Z,862272088833183,Codec8E,2026-07-18 09:41:34.000 UTC,1784367694000,0,41.5895799,-8.4470550,65,186,15,21,0,"{""239"":1,""240"":1,""80"":1,""21"":5,""200"":0,""69"":1,""237"":2,""113"":100,""263"":1,""303"":1,""383"":3,""30"":0,""31"":3,""32"":59,""33"":0,""35"":29,""37"":8,""38"":250,""39"":45,""181"":12,""182"":7,""66"":14288,""24"":21,""206"":26,""67"":4079,""68"":0,""13"":46,""17"":-25,""18"":38,""19"":-11,""15"":888,""13201"":346,""36"":813,""40"":125,""43"":0,""241"":26801,""199"":8517,""16"":188622,""12"":770,""449"":0,""636"":110531115,""11"":893510181,""238"":0,""14"":2540732448,""387"":""2b3431353839352e383030302d303038343437302e353530302b3030302e3036352f""}"
2026-07-18T13:02:47Z,862272088833183,Codec8E,2026-07-18 09:41:36.000 UTC,1784367696000,0,41.5895833,-8.4470566,65,186,14,11,0,"{""239"":1,""240"":1,""80"":1,""21"":5,""200"":0,""69"":1,""237"":2,""113"":100,""263"":1,""303"":1,""383"":3,""30"":0,""31"":3,""32"":59,""33"":0,""35"":29,""37"":8,""38"":250,""39"":45,""181"":11,""182"":7,""66"":14316,""24"":11,""206"":26,""67"":4079,""68"":0,""13"":46,""17"":-100,""18"":32,""19"":139,""15"":888,""13201"":347,""36"":813,""40"":125,""43"":0,""241"":26801,""199"":8517,""16"":188622,""12"":770,""449"":0,""636"":110531115,""11"":893510181,""238"":0,""14"":2540732448,""387"":""2b3431353839352e383333332d303038343437302e353636372b3030302e3036352f""}"
2026-07-18T13:02:47Z,862272088833183,Codec8E,2026-07-18 09:41:40.000 UTC,1784367700000,0,41.5895349,-8.4470733,66,197,15,6,0,"{""239"":1,""240"":1,""80"":1,""21"":5,""200"":0,""69"":1,""237"":2,""113"":100,""263"":1,""303"":1,""383"":3,""30"":0,""31"":10,""32"":59,""33"":21,""35"":30,""37"":0,""38"":243,""39"":45,""181"":10,""182"":7,""66"":14314,""24"":6,""206"":26,""67"":4079,""68"":0,""13"":46,""17"":97,""18"":22,""19"":41,""15"":888,""13201"":347,""36"":1723,""40"":669,""43"":0,""241"":26801,""199"":8523,""16"":188628,""12"":770,""449"":0,""636"":110531115,""11"":893510181,""238"":0,""14"":2540732448,""387"":""2b3431353839352e333530302d303038343437302e373333332b3030302e3036362f""}"
2026-07-18T13:02:47Z,862272088833183,Codec8E,2026-07-18 09:41:44.000 UTC,1784367704000,0,41.5892716,-8.4471716,66,189,15,18,0,"{""239"":1,""240"":1,""80"":1,""21"":5,""200"":0,""69"":1,""237"":2,""113"":100,""263"":1,""303"":1,""383"":3,""30"":0,""31"":49,""32"":59,""33"":254,""35"":119,""37"":27,""38"":237,""39"":45,""181"":12,""182"":7,""66"":14305,""24"":18,""206"":26,""67"":4079,""68"":0,""13"":46,""17"":308,""18"":-237,""19"":100,""15"":888,""13201"":348,""36"":3498,""40"":241,""43"":0,""241"":26801,""199"":8553,""16"":188658,""12"":770,""449"":0,""636"":110531115,""11"":893510181,""238"":0,""14"":2540732448,""387"":""2b3431353839322e373136372d303038343437312e373136372b3030302e3036362f""}"
2026-07-18T13:02:47Z,862272088833183,Codec8E,2026-07-18 09:41:45.000 UTC,1784367705000,0,41.5891933,-8.4471649,66,179,14,22,0,"{""239"":1,""240"":1,""80"":1,""21"":5,""200"":0,""69"":1,""237"":2,""113"":100,""263"":1,""303"":1,""383"":3,""30"":0,""31"":49,""32"":59,""33"":254,""35"":119,""37"":27,""38"":237,""39"":45,""181"":11,""182"":7,""66"":14324,""24"":22,""206"":26,""67"":4079,""68"":0,""13"":46,""17"":182,""18"":-141,""19"":49,""15"":888,""13201"":348,""36"":3498,""40"":241,""43"":0,""241"":26801,""199"":8562,""16"":188667,""12"":770,""449"":0,""636"":110531115,""11"":893510181,""238"":0,""14"":2540732448,""387"":""2b3431353839312e393333332d303038343437312e363530302b3030302e3036362f""}"
2026-07-18T13:02:47Z,862272088833183,Codec8E,2026-07-18 09:41:46.000 UTC,1784367706000,0,41.5891149,-8.4471416,66,168,14,24,0,"{""239"":1,""240"":1,""80"":1,""21"":5,""200"":0,""69"":1,""237"":2,""113"":100,""263"":1,""303"":1,""383"":3,""30"":0,""31"":49,""32"":59,""33"":254,""35"":119,""37"":27,""38"":237,""39"":45,""181"":11,""182"":7,""66"":14305,""24"":24,""206"":26,""67"":4079,""68"":0,""13"":46,""17"":-18,""18"":-137,""19"":48,""15"":888,""13201"":348,""36"":3498,""40"":241,""43"":0,""241"":26801,""199"":8571,""16"":188676,""12"":770,""449"":0,""636"":110531115,""11"":893510181,""238"":0,""14"":2540732448,""387"":""2b3431353839312e313530302d303038343437312e343136372b3030302e3036362f""}"
2026-07-18T13:02:47Z,862272088833183,Codec8E,2026-07-18 09:41:47.000 UTC,1784367707000,0,41.5890483,-8.4470966,66,154,14,25,0,"{""239"":1,""240"":1,""80"":1,""21"":5,""200"":0,""69"":1,""237"":2,""113"":100,""263"":1,""303"":1,""383"":3,""30"":0,""31"":9,""32"":59,""33"":0,""35"":24,""37"":26,""38"":225,""39"":45,""181"":15,""182"":8,""66"":14306,""24"":25,""206"":26,""67"":4079,""68"":0,""13"":46,""17"":-95,""18"":43,""19"":83,""15"":888,""13201"":347,""36"":2517,""40"":477,""43"":0,""241"":26801,""199"":8579,""16"":188684,""12"":770,""449"":0,""636"":110531114,""11"":893510181,""238"":0,""14"":2540732448,""387"":""2b3431353839302e343833332d303038343437302e393636372b3030302e3036362f""}"
2026-07-18T13:02:48Z,862272088833183,Codec8E,2026-07-18 09:41:48.000 UTC,1784367708000,0,41.5890000,-8.4470366,67,142,15,26,0,"{""239"":1,""240"":1,""80"":1,""21"":5,""200"":0,""69"":1,""237"":2,""113"":100,""263"":1,""303"":1,""383"":3,""30"":0,""31"":9,""32"":59,""33"":0,""35"":24,""37"":26,""38"":225,""39"":45,""181"":12,""182"":7,""66"":14340,""24"":26,""206"":26,""67"":4079,""68"":0,""13"":46,""17"":-29,""18"":132,""19"":249,""15"":888,""13201"":347,""36"":2517,""40"":477,""43"":0,""241"":26801,""199"":8586,""16"":188691,""12"":770,""449"":0,""636"":110531114,""11"":893510181,""238"":0,""14"":2540732448,""387"":""2b3431353839302e303030302d303038343437302e333636372b3030302e3036372f""}"
2026-07-18T13:02:48Z,862272088833183,Codec8E,2026-07-18 09:41:52.000 UTC,1784367712000,0,41.5887899,-8.4467150,68,127,15,30,0,"{""239"":1,""240"":1,""80"":1,""21"":5,""200"":0,""69"":1,""237"":2,""113"":100,""263"":1,""303"":1,""383"":3,""30"":0,""31"":41,""32"":60,""33"":0,""35"":49,""37"":31,""38"":239,""39"":45,""181"":12,""182"":7,""66"":14344,""24"":30,""206"":26,""67"":4079,""68"":0,""13"":46,""17"":-72,""18"":-385,""19"":41,""15"":888,""13201"":347,""36"":2627,""40"":291,""43"":0,""241"":26801,""199"":8622,""16"":188727,""12"":770,""449"":0,""636"":110531114,""11"":893510181,""238"":0,""14"":2540732448,""387"":""2b3431353838372e393030302d303038343436372e313530302b3030302e3036382f""}"
2026-07-18T13:02:48Z,862272088833183,Codec8E,2026-07-18 09:41:53.000 UTC,1784367713000,0,41.5887516,-8.4466133,69,114,15,30,0,"{""239"":1,""240"":1,""80"":1,""21"":5,""200"":0,""69"":1,""237"":2,""113"":100,""263"":1,""303"":1,""383"":3,""30"":0,""31"":41,""32"":60,""33"":0,""35"":49,""37"":31,""38"":239,""39"":45,""181"":12,""182"":7,""66"":14328,""24"":30,""206"":26,""67"":4079,""68"":0,""13"":46,""17"":-46,""18"":-336,""19"":73,""15"":888,""13201"":347,""36"":2627,""40"":291,""43"":0,""241"":26801,""199"":8631,""16"":188736,""12"":770,""449"":0,""636"":110531114,""11"":893510181,""238"":0,""14"":2540732448,""387"":""2b3431353838372e353136372d303038343436362e313333332b3030302e3036392f""}"
2026-07-18T13:02:48Z,862272088833183,Codec8E,2026-07-18 09:41:53.010 UTC,1784367713010,0,41.5887400,-8.4464999,70,94,15,30,253,"{""239"":1,""240"":1,""80"":1,""21"":5,""200"":0,""69"":1,""237"":2,""113"":100,""263"":1,""303"":1,""383"":3,""30"":0,""31"":41,""32"":60,""33"":0,""35"":49,""37"":31,""38"":239,""39"":45,""253"":3,""254"":34,""181"":12,""182"":7,""66"":14325,""24"":30,""206"":26,""67"":4079,""68"":0,""13"":46,""17"":-94,""18"":-177,""19"":112,""15"":888,""13201"":347,""36"":2627,""40"":291,""43"":0,""241"":26801,""199"":8641,""16"":188746,""12"":770,""449"":0,""636"":110531114,""11"":893510181,""238"":0,""14"":2540732448,""387"":""2b3431353838372e343030302d303038343436352e303030302b3030302e3037302f""}"
2026-07-18T13:02:49Z,862272088833183,Codec8E,2026-07-18 09:41:54.000 UTC,1784367714000,0,41.5887616,-8.4463833,70,76,15,31,253,"{""239"":1,""240"":1,""80"":1,""21"":5,""200"":0,""69"":1,""237"":2,""113"":100,""263"":1,""303"":1,""383"":3,""30"":0,""31"":41,""32"":60,""33"":0,""35"":49,""37"":31,""38"":239,""39"":45,""253"":3,""254"":30,""181"":12,""182"":7,""66"":14318,""24"":31,""206"":26,""67"":4079,""68"":0,""13"":46,""17"":-22,""18"":-2,""19"":114,""15"":888,""13201"":347,""36"":2627,""40"":291,""43"":0,""241"":26801,""199"":8651,""16"":188756,""12"":770,""449"":0,""636"":110531114,""11"":893510181,""238"":0,""14"":2540732448,""387"":""2b3431353838372e363136372d303038343436332e383333332b3030302e3037302f""}"
2026-07-18T13:02:49Z,862272088833183,Codec8E,2026-07-18 09:41:56.000 UTC,1784367716000,0,41.5888116,-8.4462566,70,63,15,33,0,"{""239"":1,""240"":1,""80"":1,""21"":5,""200"":0,""69"":1,""237"":2,""113"":100,""263"":1,""303"":1,""383"":3,""30"":0,""31"":30,""32"":60,""33"":255,""35"":94,""37"":38,""38"":238,""39"":45,""181"":12,""182"":7,""66"":14309,""24"":33,""206"":26,""67"":4079,""68"":0,""13"":46,""17"":16,""18"":23,""19"":-7,""15"":888,""13201"":347,""36"":2525,""40"":725,""43"":0,""241"":26801,""199"":8663,""16"":188768,""12"":770,""449"":0,""636"":110531114,""11"":893510181,""238"":0,""14"":2540732448,""387"":""2b3431353838382e313136372d303038343436322e353636372b3030302e3037302f""}"
2026-07-18T13:02:49Z,862272088833183,Codec8E,2026-07-18 09:42:05.000 UTC,1784367725000,0,41.5892516,-8.4451833,69,64,15,32,0,"{""239"":1,""240"":1,""80"":1,""21"":5,""200"":0,""69"":1,""237"":2,""113"":100,""263"":1,""303"":1,""383"":3,""30"":0,""31"":6,""32"":60,""33"":255,""35"":20,""37"":40,""38"":238,""39"":45,""181"":12,""182"":7,""66"":14269,""24"":32,""206"":26,""67"":4079,""68"":0,""13"":46,""17"":55,""18"":187,""19"":-58,""15"":888,""13201"":348,""36"":2704,""40"":119,""43"":0,""241"":26801,""199"":8765,""16"":188870,""12"":770,""449"":0,""636"":110531114,""11"":893510181,""238"":0,""14"":2540732448,""387"":""2b3431353839322e353136372d303038343435312e383333332b3030302e3036392f""}"
2026-07-18T13:02:49Z,862272088833183,Codec8E,2026-07-18 09:42:07.000 UTC,1784367727000,0,41.5892749,-8.4450750,72,80,15,26,0,"{""239"":1,""240"":1,""80"":1,""21"":5,""200"":0,""69"":1,""237"":2,""113"":100,""263"":1,""303"":1,""383"":3,""30"":0,""31"":3,""32"":60,""33"":0,""35"":16,""37"":26,""38"":237,""39"":46,""181"":10,""182"":7,""66"":14273,""24"":26,""206"":26,""67"":4079,""68"":0,""13"":46,""17"":220,""18"":-7,""19"":-114,""15"":888,""13201"":347,""36"":1845,""40"":91,""43"":0,""241"":26801,""199"":8774,""16"":188879,""12"":770,""449"":0,""636"":110531114,""11"":893510181,""238"":0,""14"":2540732448,""387"":""2b3431353839322e373530302d303038343435302e373530302b3030302e3037322f""}"
2026-07-18T14:57:20Z,862272088833183,Codec8E,2026-07-18 09:42:08.000 UTC,1784367728000,0,41.5892599,-8.4450416,73,100,15,22,0,"{""239"":1,""240"":1,""80"":1,""21"":5,""200"":0,""69"":1,""237"":2,""113"":100,""263"":1,""303"":1,""383"":3,""30"":0,""31"":3,""32"":60,""33"":0,""35"":16,""37"":26,""38"":237,""39"":46,""181"":12,""182"":7,""66"":14256,""24"":22,""206"":26,""67"":4079,""68"":0,""13"":46,""17"":118,""18"":-70,""19"":-242,""15"":888,""13201"":347,""36"":1845,""40"":91,""43"":0,""241"":26801,""199"":8777,""16"":188882,""12"":770,""449"":0,""636"":110531114,""11"":893510181,""238"":0,""14"":2540732448,""387"":""2b3431353839322e363030302d303038343435302e343136372b3030302e3037332f""}"
2026-07-18T14:57:20Z,862272088833183,Codec8E,2026-07-18 09:42:09.000 UTC,1784367729000,0,41.5892300,-8.4450366,73,122,14,18,0,"{""239"":1,""240"":1,""80"":1,""21"":5,""200"":0,""69"":1,""237"":2,""113"":100,""263"":1,""303"":1,""383"":3,""30"":0,""31"":3,""32"":60,""33"":0,""35"":16,""37"":26,""38"":237,""39"":46,""181"":10,""182"":7,""66"":14276,""24"":18,""206"":26,""67"":4079,""68"":0,""13"":46,""17"":50,""18"":32,""19"":-46,""15"":888,""13201"":347,""36"":1845,""40"":91,""43"":0,""241"":26801,""199"":8781,""16"":188886,""12"":770,""449"":0,""636"":110531114,""11"":893510181,""238"":0,""14"":2540732448,""387"":""2b3431353839322e333030302d303038343435302e333636372b3030302e3037332f""}"
2026-07-18T14:57:20Z,862272088833183,Codec8E,2026-07-18 09:42:12.000 UTC,1784367732000,0,41.5892083,-8.4450466,75,122,15,8,0,"{""239"":1,""240"":1,""80"":1,""21"":5,""200"":0,""69"":1,""237"":2,""113"":100,""263"":1,""303"":1,""383"":3,""30"":0,""31"":10,""32"":60,""33"":23,""35"":31,""37"":8,""38"":254,""39"":46,""181"":10,""182"":7,""66"":14271,""24"":8,""206"":26,""67"":4079,""68"":0,""13"":46,""17"":-22,""18"":27,""19"":-19,""15"":888,""13201"":347,""36"":915,""40"":130,""43"":0,""241"":26801,""199"":8784,""16"":188889,""12"":770,""449"":0,""636"":110531114,""11"":893510181,""238"":0,""14"":2540732448,""387"":""2b3431353839322e303833332d303038343435302e343636372b3030302e3037352f""}"
2026-07-18T14:57:20Z,862272088833183,Codec8E,2026-07-18 09:42:16.000 UTC,1784367736000,0,41.5892100,-8.4450500,75,122,14,1,303,"{""239"":1,""240"":1,""80"":1,""21"":5,""200"":0,""69"":1,""237"":2,""113"":100,""263"":1,""303"":0,""383"":3,""30"":0,""31"":10,""32"":60,""33"":23,""35"":31,""37"":0,""38"":0,""39"":45,""181"":11,""182"":7,""66"":13156,""24"":1,""206"":26,""67"":4079,""68"":0,""13"":46,""17"":-36,""18"":29,""19"":-11,""15"":888,""13201"":348,""36"":955,""40"":141,""43"":0,""241"":26801,""199"":8784,""16"":188889,""12"":770,""449"":0,""636"":110531114,""11"":893510181,""238"":0,""14"":2540732448,""387"":""2b3431353839322e313030302d303038343435302e353030302b3030302e3037352f""}"
2026-07-18T14:57:20Z,862272088833183,Codec8E,2026-07-18 09:42:17.000 UTC,1784367737000,0,41.5892100,-8.4450500,75,122,15,1,239,"{""239"":0,""240"":1,""80"":1,""21"":5,""200"":0,""69"":1,""237"":2,""113"":100,""263"":1,""303"":0,""383"":3,""30"":0,""31"":10,""32"":60,""33"":23,""35"":31,""37"":0,""38"":0,""39"":45,""181"":10,""182"":7,""66"":13087,""24"":1,""206"":26,""67"":4077,""68"":0,""13"":46,""17"":-27,""18"":39,""19"":3,""15"":888,""13201"":348,""36"":955,""40"":141,""43"":0,""241"":26801,""199"":8784,""16"":188889,""12"":770,""449"":0,""636"":110531114,""11"":893510181,""238"":0,""14"":2540732448,""387"":""2b3431353839322e313030302d303038343435302e353030302b3030302e3037352f""}"
2026-07-18T14:57:20Z,862272088833183,Codec8E,2026-07-18 09:42:23.000 UTC,1784367743000,0,41.5892100,-8.4450500,75,122,15,0,303,"{""239"":0,""240"":1,""80"":1,""21"":5,""200"":0,""69"":1,""237"":2,""113"":100,""263"":1,""303"":1,""383"":3,""30"":0,""31"":16,""32"":61,""33"":2,""35"":67,""37"":0,""38"":251,""39"":45,""181"":10,""182"":7,""66"":13112,""24"":0,""206"":26,""67"":4079,""68"":0,""13"":46,""17"":-21,""18"":18,""19"":19,""15"":888,""13201"":348,""36"":245,""40"":119,""43"":0,""241"":26801,""199"":8784,""16"":188889,""12"":770,""449"":0,""636"":110531114,""11"":893510181,""238"":0,""14"":2540732448,""387"":""2b3431353839322e313030302d303038343435302e353030302b3030302e3037352f""}"
2026-07-18T14:57:20Z,862272088833183,Codec8E,2026-07-18 09:42:28.000 UTC,1784367748000,0,41.5892100,-8.4450500,75,122,15,0,303,"{""239"":0,""240"":1,""80"":1,""21"":5,""200"":0,""69"":1,""237"":2,""113"":100,""263"":1,""303"":0,""383"":3,""30"":0,""31"":27,""32"":61,""33"":2,""35"":67,""37"":0,""38"":251,""39"":45,""181"":10,""182"":7,""66"":12982,""24"":0,""206"":26,""67"":4079,""68"":0,""13"":46,""17"":-29,""18"":28,""19"":1,""15"":888,""13201"":348,""36"":0,""40"":119,""43"":0,""241"":26801,""199"":8784,""16"":188889,""12"":770,""449"":0,""636"":110531114,""11"":893510181,""238"":0,""14"":2540732448,""387"":""2b3431353839322e313030302d303038343435302e353030302b3030302e3037352f""}"
2026-07-18T14:57:20Z,862272088833183,Codec8E,2026-07-18 09:42:38.000 UTC,1784367758000,0,41.5892100,-8.4450500,75,122,16,0,303,"{""239"":0,""240"":1,""80"":1,""21"":5,""200"":0,""69"":1,""237"":2,""113"":100,""263"":1,""303"":1,""383"":3,""181"":9,""182"":6,""66"":12985,""24"":0,""206"":26,""67"":4075,""68"":0,""13"":46,""17"":-38,""18"":24,""19"":-5,""15"":888,""13201"":349,""241"":26801,""199"":8784,""16"":188889,""12"":770,""449"":0,""636"":110531114,""11"":893510181,""238"":0,""14"":2540732448,""387"":""2b3431353839322e313030302d303038343435302e353030302b3030302e3037352f""}"
2026-07-18T14:57:20Z,862272088833183,Codec8E,2026-07-18 09:42:43.000 UTC,1784367763000,0,41.5892100,-8.4450500,75,122,16,0,303,"{""239"":0,""240"":1,""80"":1,""21"":5,""200"":0,""69"":1,""237"":2,""113"":100,""263"":1,""303"":0,""383"":3,""181"":9,""182"":6,""66"":12950,""24"":0,""206"":26,""67"":4075,""68"":0,""13"":46,""17"":-31,""18"":16,""19"":-7,""15"":888,""13201"":349,""241"":26801,""199"":8784,""16"":188889,""12"":770,""449"":0,""636"":110531114,""11"":893510181,""238"":0,""14"":2540732448,""387"":""2b3431353839322e313030302d303038343435302e353030302b3030302e3037352f""}"
2026-07-18T14:57:21Z,862272088833183,Codec8E,2026-07-18 09:42:47.000 UTC,1784367767000,0,41.5892100,-8.4450500,75,122,16,0,303,"{""239"":0,""240"":1,""80"":1,""21"":5,""200"":0,""69"":1,""237"":2,""113"":100,""263"":1,""303"":1,""383"":3,""181"":9,""182"":6,""66"":12981,""24"":0,""206"":26,""67"":4075,""68"":0,""13"":46,""17"":-37,""18"":29,""19"":-8,""15"":888,""13201"":349,""241"":26801,""199"":8784,""16"":188889,""12"":770,""449"":0,""636"":110531114,""11"":893510181,""238"":0,""14"":2540732448,""387"":""2b3431353839322e313030302d303038343435302e353030302b3030302e3037352f""}"
2026-07-18T14:57:21Z,862272088833183,Codec8E,2026-07-18 09:42:53.000 UTC,1784367773000,0,41.5892100,-8.4450500,75,122,16,0,303,"{""239"":0,""240"":1,""80"":1,""21"":5,""200"":0,""69"":1,""237"":2,""113"":100,""263"":1,""303"":0,""383"":3,""181"":9,""182"":6,""66"":12867,""24"":0,""206"":26,""67"":4075,""68"":0,""13"":46,""17"":-37,""18"":29,""19"":-9,""15"":888,""13201"":349,""241"":26801,""199"":8784,""16"":188889,""12"":770,""449"":0,""636"":110531114,""11"":893510181,""238"":0,""14"":2540732448,""387"":""2b3431353839322e313030302d303038343435302e353030302b3030302e3037352f""}"
2026-07-18T14:57:21Z,862272088833183,Codec8E,2026-07-18 09:43:52.000 UTC,1784367832000,0,41.5892100,-8.4450500,75,122,17,0,240,"{""239"":0,""240"":0,""80"":0,""21"":5,""200"":0,""69"":1,""237"":2,""113"":100,""263"":1,""303"":0,""383"":3,""181"":9,""182"":6,""66"":12937,""24"":0,""206"":26,""67"":4075,""68"":0,""13"":46,""17"":-34,""18"":25,""19"":9,""15"":1000,""13201"":345,""241"":26801,""199"":0,""16"":188889,""12"":770,""449"":0,""636"":110531114,""11"":893510181,""238"":0,""14"":2540732448,""387"":""2b3431353839322e313030302d303038343435302e353030302b3030302e3037352f""}"
2026-07-18T14:57:21Z,862272088833183,Codec8E,2026-07-18 10:43:52.000 UTC,1784371432000,0,41.5892100,-8.4450500,77,122,18,0,0,"{""239"":0,""240"":0,""80"":0,""21"":5,""200"":0,""69"":1,""237"":2,""113"":100,""263"":1,""303"":0,""383"":3,""181"":8,""182"":6,""66"":12723,""24"":0,""206"":26,""67"":4075,""68"":0,""13"":46,""17"":-33,""18"":25,""19"":10,""15"":1000,""13201"":360,""241"":26801,""199"":0,""16"":188889,""12"":770,""449"":0,""636"":110531114,""11"":893510181,""238"":0,""14"":2540732448,""387"":""2b3431353839322e313030302d303038343435302e353030302b3030302e3037372f""}"
2026-07-18T14:57:21Z,862272088833183,Codec8E,2026-07-18 11:43:52.000 UTC,1784375032000,0,41.5892100,-8.4450500,93,122,15,0,0,"{""239"":0,""240"":0,""80"":0,""21"":5,""200"":0,""69"":1,""237"":2,""113"":100,""263"":1,""303"":0,""383"":3,""181"":10,""182"":7,""66"":12723,""24"":0,""206"":26,""67"":4075,""68"":0,""13"":46,""17"":-20,""18"":29,""19"":1,""15"":1000,""13201"":363,""241"":26801,""199"":0,""16"":188889,""12"":770,""449"":0,""636"":110531134,""11"":893510181,""238"":0,""14"":2540732448,""387"":""2b3431353839322e313030302d303038343435302e353030302b3030302e3039332f""}"
2026-07-18T14:57:22Z,862272088833183,Codec8E,2026-07-18 11:58:52.000 UTC,1784375932000,0,41.5892100,-8.4450500,0,0,0,0,303,"{""239"":0,""240"":0,""80"":0,""21"":5,""200"":3,""69"":3,""237"":2,""113"":100,""263"":1,""303"":1,""383"":3,""66"":12671,""206"":26,""67"":4076,""68"":0,""17"":-34,""18"":26,""19"":-13,""13201"":347,""241"":26801,""16"":188889,""12"":770,""449"":0,""636"":110531134,""11"":893510181,""238"":0,""14"":2540732448,""387"":""2b3431353839322e313030302d303038343435302e353030302b3030302e3030302f""}"
2026-07-18T14:57:22Z,862272088833183,Codec8E,2026-07-18 11:58:53.000 UTC,1784375933000,0,41.5892100,-8.4450500,0,0,0,0,303,"{""239"":0,""240"":0,""80"":0,""21"":5,""200"":3,""69"":3,""237"":2,""113"":100,""263"":1,""303"":0,""383"":3,""66"":12641,""206"":26,""67"":4076,""68"":0,""17"":-36,""18"":23,""19"":-11,""13201"":347,""241"":26801,""16"":188889,""12"":770,""449"":0,""636"":110531134,""11"":893510181,""238"":0,""14"":2540732448,""387"":""2b3431353839322e313030302d303038343435302e353030302b3030302e3030302f""}"
2026-07-18T14:57:22Z,862272088833183,Codec8E,2026-07-18 11:58:55.000 UTC,1784375935000,0,41.5892100,-8.4450500,0,0,0,0,303,"{""239"":0,""240"":0,""80"":0,""21"":5,""200"":3,""69"":3,""237"":2,""113"":100,""263"":1,""303"":1,""383"":3,""66"":12662,""206"":26,""67"":4076,""68"":0,""17"":-20,""18"":53,""19"":-4,""13201"":347,""241"":26801,""16"":188889,""12"":770,""449"":0,""636"":110531134,""11"":893510181,""238"":0,""14"":2540732448,""387"":""2b3431353839322e313030302d303038343435302e353030302b3030302e3030302f""}"
2026-07-18T14:57:22Z,862272088833183,Codec8E,2026-07-18 11:58:57.000 UTC,1784375937000,0,41.5892100,-8.4450500,0,0,0,0,240,"{""239"":0,""240"":1,""80"":1,""21"":5,""200"":0,""69"":2,""237"":2,""113"":100,""263"":1,""303"":1,""383"":3,""181"":0,""182"":0,""66"":12601,""24"":0,""206"":26,""67"":4075,""68"":0,""13"":46,""17"":-26,""18"":55,""19"":0,""15"":1000,""13201"":347,""241"":26801,""199"":0,""16"":188889,""12"":770,""449"":0,""636"":110531134,""11"":893510181,""238"":0,""14"":2540732448,""387"":""2b3431353839322e313030302d303038343435302e353030302b3030302e3030302f""}"
2026-07-18T14:57:22Z,862272088833183,Codec8E,2026-07-18 11:59:00.000 UTC,1784375940000,0,41.5892033,-8.4449049,62,72,9,0,303,"{""239"":0,""240"":1,""80"":1,""21"":5,""200"":0,""69"":1,""237"":2,""113"":100,""263"":1,""303"":0,""383"":3,""181"":14,""182"":11,""66"":12350,""24"":0,""206"":26,""67"":4075,""68"":0,""13"":46,""17"":-26,""18"":37,""19"":-14,""15"":1000,""13201"":348,""241"":26801,""199"":0,""16"":188889,""12"":770,""449"":0,""636"":110531134,""11"":893510181,""238"":0,""14"":2540732448,""387"":""2b3431353839322e303333332d303038343434392e303530302b3030302e3036322f""}"
2026-07-18T14:57:24Z,862272088833183,Codec8E,2026-07-18 11:59:57.000 UTC,1784375997000,0,41.5892016,-8.4451233,68,40,14,0,303,"{""239"":0,""240"":1,""80"":1,""21"":5,""200"":0,""69"":1,""237"":2,""113"":100,""263"":1,""303"":1,""383"":3,""30"":0,""31"":12,""32"":37,""33"":0,""35"":34,""37"":0,""38"":251,""39"":35,""181"":14,""182"":8,""66"":12228,""24"":0,""206"":26,""67"":4077,""68"":0,""13"":46,""17"":-30,""18"":39,""19"":1,""15"":1000,""13201"":353,""36"":1040,""40"":155,""43"":0,""241"":26801,""199"":0,""16"":188889,""12"":770,""449"":0,""636"":110531134,""11"":893510181,""238"":0,""14"":2540732448,""387"":""2b3431353839322e303136372d303038343435312e323333332b3030302e3036382f""}"
2026-07-18T14:57:24Z,862272088833183,Codec8E,2026-07-18 12:00:02.000 UTC,1784376002000,0,41.5892016,-8.4451233,68,40,14,0,303,"{""239"":0,""240"":1,""80"":1,""21"":5,""200"":0,""69"":1,""237"":2,""113"":100,""263"":1,""303"":0,""383"":3,""30"":0,""31"":11,""32"":37,""33"":0,""35"":33,""37"":0,""38"":249,""39"":35,""181"":12,""182"":7,""66"":12244,""24"":0,""206"":26,""67"":4079,""68"":0,""13"":46,""17"":78,""18"":16,""19"":-175,""15"":1000,""13201"":354,""36"":1056,""40"":211,""43"":0,""241"":26801,""199"":0,""16"":188889,""12"":770,""449"":0,""636"":110531134,""11"":893510181,""238"":0,""14"":2540732448,""387"":""2b3431353839322e303136372d303038343435312e323333332b3030302e3036382f""}"
2026-07-18T14:57:24Z,862272088833183,Codec8E,2026-07-18 12:00:04.000 UTC,1784376004000,0,41.5892016,-8.4451233,68,40,14,0,303,"{""239"":0,""240"":1,""80"":1,""21"":5,""200"":0,""69"":1,""237"":2,""113"":100,""263"":1,""303"":1,""383"":3,""30"":0,""31"":11,""32"":37,""33"":0,""35"":33,""37"":0,""38"":249,""39"":35,""181"":12,""182"":7,""66"":12226,""24"":0,""206"":26,""67"":4077,""68"":0,""13"":46,""17"":2,""18"":29,""19"":8,""15"":1000,""13201"":354,""36"":1056,""40"":211,""43"":0,""241"":26801,""199"":0,""16"":188889,""12"":770,""449"":0,""636"":110531134,""11"":893510181,""238"":0,""14"":2540732448,""387"":""2b3431353839322e303136372d303038343435312e323333332b3030302e3036382f""}"
2026-07-18T14:57:24Z,862272088833183,Codec8E,2026-07-18 12:00:17.000 UTC,1784376017000,0,41.5891883,-8.4452849,70,249,14,9,0,"{""239"":0,""240"":1,""80"":1,""21"":5,""200"":0,""69"":1,""237"":2,""113"":100,""263"":1,""303"":1,""383"":3,""30"":0,""31"":34,""32"":38,""33"":0,""35"":84,""37"":12,""38"":244,""39"":34,""181"":13,""182"":8,""66"":12651,""24"":9,""206"":26,""67"":4079,""68"":0,""13"":46,""17"":-5,""18"":47,""19"":58,""15"":1000,""13201"":354,""36"":1401,""40"":1413,""43"":0,""241"":26801,""199"":0,""16"":188909,""12"":770,""449"":0,""636"":110531134,""11"":893510181,""238"":0,""14"":2540732448,""387"":""2b3431353839312e383833332d303038343435322e383530302b3030302e3037302f""}"
2026-07-18T14:59:09Z,862272088833183,Codec8E,2026-07-18 12:00:19.000 UTC,1784376019000,0,41.5891483,-8.4454416,70,247,15,16,239,"{""239"":1,""240"":1,""80"":1,""21"":5,""200"":0,""69"":1,""237"":2,""113"":100,""263"":1,""303"":1,""383"":3,""30"":0,""31"":34,""32"":38,""33"":0,""35"":84,""37"":12,""38"":244,""39"":34,""181"":10,""182"":7,""66"":14209,""24"":16,""206"":26,""67"":4077,""68"":0,""13"":46,""17"":27,""18"":41,""19"":234,""15"":1000,""13201"":355,""36"":1401,""40"":1413,""43"":0,""241"":26801,""199"":7,""16"":188923,""12"":770,""449"":0,""636"":110531134,""11"":893510181,""238"":0,""14"":2540732448,""387"":""2b3431353839312e343833332d303038343435342e343136372b3030302e3037302f""}"
2026-07-18T14:59:09Z,862272088833183,Codec8E,2026-07-18 12:00:22.000 UTC,1784376022000,0,41.5890416,-8.4457483,70,243,14,28,0,"{""239"":1,""240"":1,""80"":1,""21"":5,""200"":0,""69"":1,""237"":2,""113"":100,""263"":1,""303"":1,""383"":3,""30"":0,""31"":30,""32"":39,""33"":0,""35"":109,""37"":31,""38"":238,""39"":33,""181"":13,""182"":8,""66"":14238,""24"":28,""206"":26,""67"":4079,""68"":0,""13"":46,""17"":128,""18"":5,""19"":181,""15"":1000,""13201"":355,""36"":2795,""40"":277,""43"":0,""241"":26801,""199"":35,""16"":188951,""12"":770,""449"":0,""636"":110531134,""11"":893510181,""238"":0,""14"":2540732448,""387"":""2b3431353839302e343136372d303038343435372e343833332b3030302e3037302f""}"
2026-07-18T14:59:09Z,862272088833183,Codec8E,2026-07-18 12:00:26.000 UTC,1784376026000,0,41.5888350,-8.4462416,70,237,14,38,0,"{""239"":1,""240"":1,""80"":1,""21"":5,""200"":0,""69"":1,""237"":2,""113"":100,""263"":1,""303"":1,""383"":3,""30"":0,""31"":41,""32"":39,""33"":0,""35"":101,""37"":43,""38"":238,""39"":33,""181"":12,""182"":8,""66"":14264,""24"":38,""206"":26,""67"":4079,""68"":0,""13"":46,""17"":61,""18"":242,""19"":6,""15"":1000,""13201"":356,""36"":2803,""40"":680,""43"":0,""241"":26801,""199"":82,""16"":188998,""12"":770,""449"":0,""636"":110531134,""11"":893510181,""238"":0,""14"":2540732448,""387"":""2b3431353838382e333530302d303038343436322e343136372b3030302e3037302f""}"
2026-07-18T14:59:09Z,862272088833183,Codec8E,2026-07-18 12:00:28.000 UTC,1784376028000,0,41.5887566,-8.4464849,70,255,15,39,0,"{""239"":1,""240"":1,""80"":1,""21"":5,""200"":0,""69"":1,""237"":2,""113"":100,""263"":1,""303"":1,""383"":3,""30"":0,""31"":41,""32"":39,""33"":0,""35"":101,""37"":43,""38"":238,""39"":33,""181"":13,""182"":8,""66"":14257,""24"":39,""206"":26,""67"":4079,""68"":0,""13"":46,""17"":20,""18"":412,""19"":-100,""15"":1000,""13201"":356,""36"":2803,""40"":680,""43"":0,""241"":26801,""199"":104,""16"":189020,""12"":770,""449"":0,""636"":110531134,""11"":893510181,""238"":0,""14"":2540732448,""387"":""2b3431353838372e353636372d303038343436342e383530302b3030302e3037302f""}"
2026-07-18T15:39:18Z,862272088833183,Codec8E,2026-07-18 12:00:29.000 UTC,1784376029000,0,41.5887416,-8.4466249,69,265,15,39,0,"{""239"":1,""240"":1,""80"":1,""21"":5,""200"":0,""69"":1,""237"":2,""113"":100,""263"":1,""303"":1,""383"":3,""30"":0,""31"":41,""32"":39,""33"":0,""35"":101,""37"":43,""38"":238,""39"":33,""181"":13,""182"":8,""66"":14269,""24"":39,""206"":26,""67"":4078,""68"":0,""13"":46,""17"":224,""18"":406,""19"":28,""15"":1000,""13201"":356,""36"":2803,""40"":680,""43"":0,""241"":26801,""199"":116,""16"":189032,""12"":770,""449"":0,""636"":110531134,""11"":893510181,""238"":0,""14"":2540732448,""387"":""2b3431353838372e343136372d303038343436362e323530302b3030302e3036392f""}"
2026-07-18T15:39:18Z,862272088833183,Codec8E,2026-07-18 12:00:30.000 UTC,1784376030000,0,41.5887516,-8.4467600,68,275,15,40,0,"{""239"":1,""240"":1,""80"":1,""21"":5,""200"":0,""69"":1,""237"":2,""113"":100,""263"":1,""303"":1,""383"":3,""30"":0,""31"":41,""32"":39,""33"":0,""35"":101,""37"":43,""38"":238,""39"":33,""181"":13,""182"":8,""66"":14267,""24"":40,""206"":26,""67"":4078,""68"":0,""13"":46,""17"":206,""18"":365,""19"":47,""15"":1000,""13201"":356,""36"":2803,""40"":680,""43"":0,""241"":26801,""199"":127,""16"":189043,""12"":770,""449"":0,""636"":110531134,""11"":893510181,""238"":0,""14"":2540732448,""387"":""2b3431353838372e353136372d303038343436372e363030302b3030302e3036382f""}"
2026-07-18T15:39:18Z,862272088833183,Codec8E,2026-07-18 12:00:31.000 UTC,1784376031000,0,41.5888033,-8.4468516,67,294,15,38,0,"{""239"":1,""240"":1,""80"":1,""21"":5,""200"":0,""69"":1,""237"":2,""113"":100,""263"":1,""303"":1,""383"":3,""30"":0,""31"":4,""32"":40,""33"":0,""35"":16,""37"":36,""38"":227,""39"":34,""181"":11,""182"":7,""66"":14277,""24"":38,""206"":26,""67"":4076,""68"":0,""13"":46,""17"":17,""18"":56,""19"":-20,""15"":1000,""13201"":357,""36"":2343,""40"":297,""43"":0,""241"":26801,""199"":137,""16"":189053,""12"":770,""449"":0,""636"":110531134,""11"":893510181,""238"":0,""14"":2540732448,""387"":""2b3431353838382e303333332d303038343436382e353136372b3030302e3036372f""}"
2026-07-18T15:39:18Z,862272088833183,Codec8E,2026-07-18 12:00:32.000 UTC,1784376032000,0,41.5888733,-8.4469216,67,313,15,37,0,"{""239"":1,""240"":1,""80"":1,""21"":5,""200"":0,""69"":1,""237"":2,""113"":100,""263"":1,""303"":1,""383"":3,""30"":0,""31"":4,""32"":40,""33"":0,""35"":16,""37"":36,""38"":227,""39"":34,""181"":12,""182"":8,""66"":14281,""24"":37,""206"":26,""67"":4076,""68"":0,""13"":46,""17"":116,""18"":23,""19"":-156,""15"":1000,""13201"":357,""36"":2343,""40"":297,""43"":0,""241"":26801,""199"":146,""16"":189062,""12"":770,""449"":0,""636"":110531134,""11"":893510181,""238"":0,""14"":2540732448,""387"":""2b3431353838382e373333332d303038343436392e323136372b3030302e3036372f""}"
2026-07-18T15:39:19Z,862272088833183,Codec8E,2026-07-18 12:00:32.010 UTC,1784376032010,0,41.5888733,-8.4469216,67,313,15,37,253,"{""239"":1,""240"":1,""80"":1,""21"":5,""200"":0,""69"":1,""237"":2,""113"":100,""263"":1,""303"":1,""383"":3,""30"":0,""31"":4,""32"":40,""33"":0,""35"":16,""37"":36,""38"":227,""39"":34,""253"":3,""254"":32,""181"":13,""182"":8,""66"":14274,""24"":37,""206"":26,""67"":4076,""68"":0,""13"":46,""17"":240,""18"":75,""19"":-288,""15"":1000,""13201"":357,""36"":2343,""40"":297,""43"":0,""241"":26801,""199"":146,""16"":189062,""12"":770,""449"":0,""636"":110531134,""11"":893510181,""238"":0,""14"":2540732448,""387"":""2b3431353838382e373333332d303038343436392e323136372b3030302e3036372f""}"
2026-07-18T15:39:19Z,862272088833183,Codec8E,2026-07-18 12:00:35.000 UTC,1784376035000,0,41.5890000,-8.4470783,65,321,15,25,0,"{""239"":1,""240"":1,""80"":1,""21"":5,""200"":0,""69"":1,""237"":2,""113"":100,""263"":1,""303"":1,""383"":3,""30"":0,""31"":12,""32"":40,""33"":0,""35"":17,""37"":25,""38"":6,""39"":34,""181"":13,""182"":8,""66"":14235,""24"":25,""206"":26,""67"":4079,""68"":0,""13"":46,""17"":13,""18"":70,""19"":-10,""15"":1000,""13201"":357,""36"":1835,""40"":147,""43"":0,""241"":26801,""199"":166,""16"":189082,""12"":770,""449"":0,""636"":110531134,""11"":893510181,""238"":0,""14"":2540732448,""387"":""2b3431353839302e303030302d303038343437302e373833332b3030302e3036352f""}"
2026-07-18T15:39:19Z,862272088833183,Codec8E,2026-07-18 12:00:38.000 UTC,1784376038000,0,41.5890450,-8.4471300,65,312,15,15,0,"{""239"":1,""240"":1,""80"":1,""21"":5,""200"":0,""69"":1,""237"":2,""113"":100,""263"":1,""303"":1,""383"":3,""30"":0,""31"":12,""32"":40,""33"":0,""35"":17,""37"":25,""38"":6,""39"":34,""181"":10,""182"":7,""66"":14285,""24"":15,""206"":26,""67"":4077,""68"":0,""13"":46,""17"":-62,""18"":133,""19"":168,""15"":1000,""13201"":357,""36"":1835,""40"":147,""43"":0,""241"":26801,""199"":170,""16"":189086,""12"":770,""449"":0,""636"":110531134,""11"":893510181,""238"":0,""14"":2540732448,""387"":""2b3431353839302e343530302d303038343437312e333030302b3030302e3036352f""}"
2026-07-18T15:39:19Z,862272088833183,Codec8E,2026-07-18 12:00:40.000 UTC,1784376040000,0,41.5891016,-8.4471933,64,329,15,15,0,"{""239"":1,""240"":1,""80"":1,""21"":5,""200"":0,""69"":1,""237"":2,""113"":100,""263"":1,""303"":1,""383"":3,""30"":0,""31"":11,""32"":40,""33"":8,""35"":58,""37"":10,""38"":248,""39"":34,""181"":10,""182"":7,""66"":14295,""24"":15,""206"":26,""67"":4078,""68"":0,""13"":46,""17"":176,""18"":138,""19"":221,""15"":1000,""13201"":358,""36"":1464,""40"":516,""43"":0,""241"":26801,""199"":181,""16"":189097,""12"":770,""449"":0,""636"":110531134,""11"":893510181,""238"":0,""14"":2540732448,""387"":""2b3431353839312e303136372d303038343437312e393333332b3030302e3036342f""}"
2026-07-18T15:39:19Z,862272088833183,Codec8E,2026-07-18 12:00:42.000 UTC,1784376042000,0,41.5891883,-8.4472266,64,348,15,16,0,"{""239"":1,""240"":1,""80"":1,""21"":5,""200"":0,""69"":1,""237"":2,""113"":100,""263"":1,""303"":1,""383"":3,""30"":0,""31"":11,""32"":40,""33"":8,""35"":58,""37"":10,""38"":248,""39"":34,""181"":10,""182"":7,""66"":14286,""24"":16,""206"":26,""67"":4079,""68"":0,""13"":46,""17"":-8,""18"":57,""19"":-13,""15"":1000,""13201"":358,""36"":1464,""40"":516,""43"":0,""241"":26801,""199"":191,""16"":189107,""12"":770,""449"":0,""636"":110531134,""11"":893510181,""238"":0,""14"":2540732448,""387"":""2b3431353839312e383833332d303038343437322e323636372b3030302e3036342f""}"
2026-07-18T15:39:19Z,862272088833183,Codec8E,2026-07-18 12:00:43.000 UTC,1784376043000,0,41.5892483,-8.4472166,65,2,15,18,0,"{""239"":1,""240"":1,""80"":1,""21"":5,""200"":0,""69"":1,""237"":2,""113"":100,""263"":1,""303"":1,""383"":3,""30"":0,""31"":11,""32"":40,""33"":8,""35"":58,""37"":10,""38"":248,""39"":34,""181"":10,""182"":7,""66"":14284,""24"":18,""206"":26,""67"":4079,""68"":0,""13"":46,""17"":-47,""18"":12,""19"":169,""15"":1000,""13201"":359,""36"":1464,""40"":516,""43"":0,""241"":26801,""199"":197,""16"":189113,""12"":770,""449"":0,""636"":110531134,""11"":893510181,""238"":0,""14"":2540732448,""387"":""2b3431353839322e343833332d303038343437322e313636372b3030302e3036352f""}"
2026-07-18T15:39:19Z,862272088833183,Codec8E,2026-07-18 12:00:44.000 UTC,1784376044000,0,41.5893249,-8.4471800,66,13,15,21,0,"{""239"":1,""240"":1,""80"":1,""21"":5,""200"":0,""69"":1,""237"":2,""113"":100,""263"":1,""303"":1,""383"":3,""30"":0,""31"":26,""32"":41,""33"":253,""35"":101,""37"":28,""38"":239,""39"":34,""181"":10,""182"":7,""66"":14288,""24"":21,""206"":26,""67"":4079,""68"":0,""13"":46,""17"":-32,""18"":3,""19"":344,""15"":1000,""13201"":359,""36"":3568,""40"":2327,""43"":0,""241"":26801,""199"":206,""16"":189122,""12"":770,""449"":0,""636"":110531134,""11"":893510181,""238"":0,""14"":2540732448,""387"":""2b3431353839332e323530302d303038343437312e383030302b3030302e3036362f""}"
2026-07-18T15:39:19Z,862272088833183,Codec8E,2026-07-18 12:00:47.000 UTC,1784376047000,0,41.5896349,-8.4470200,67,17,15,33,0,"{""239"":1,""240"":1,""80"":1,""21"":5,""200"":0,""69"":1,""237"":2,""113"":100,""263"":1,""303"":1,""383"":3,""30"":0,""31"":26,""32"":41,""33"":253,""35"":101,""37"":28,""38"":239,""39"":34,""181"":12,""182"":8,""66"":14245,""24"":33,""206"":26,""67"":4078,""68"":0,""13"":46,""17"":60,""18"":22,""19"":64,""15"":1000,""13201"":359,""36"":3568,""40"":2327,""43"":0,""241"":26801,""199"":243,""16"":189159,""12"":770,""449"":0,""636"":110531134,""11"":893510181,""238"":0,""14"":2540732448,""387"":""2b3431353839362e333530302d303038343437302e323030302b3030302e3036372f""}"
2026-07-18T15:39:20Z,862272088833183,Codec8E,2026-07-18 12:00:50.000 UTC,1784376050000,0,41.5900166,-8.4468383,67,18,15,45,0,"{""239"":1,""240"":1,""80"":1,""21"":5,""200"":0,""69"":1,""237"":2,""113"":100,""263"":1,""303"":1,""383"":3,""30"":0,""31"":38,""32"":41,""33"":0,""35"":111,""37"":48,""38"":237,""39"":33,""181"":11,""182"":7,""66"":14294,""24"":45,""206"":26,""67"":4079,""68"":0,""13"":46,""17"":93,""18"":50,""19"":181,""15"":1000,""13201"":359,""36"":3114,""40"":430,""43"":0,""241"":26801,""199"":288,""16"":189204,""12"":770,""449"":0,""636"":110531134,""11"":893510181,""238"":0,""14"":2540732448,""387"":""2b3431353930302e313636372d303038343436382e333833332b3030302e3036372f""}"
2026-07-18T15:39:20Z,862272088833183,Codec8E,2026-07-18 12:00:52.000 UTC,1784376052000,0,41.5903050,-8.4467016,68,19,15,52,255,"{""239"":1,""240"":1,""80"":1,""21"":5,""200"":0,""69"":1,""237"":2,""113"":100,""263"":1,""303"":1,""383"":3,""30"":0,""31"":38,""32"":41,""33"":0,""35"":111,""37"":48,""38"":237,""39"":33,""255"":52,""181"":10,""182"":7,""66"":14291,""24"":52,""206"":26,""67"":4079,""68"":0,""13"":46,""17"":-62,""18"":35,""19"":114,""15"":1000,""13201"":359,""36"":3114,""40"":430,""43"":0,""241"":26801,""199"":322,""16"":189238,""12"":770,""449"":0,""636"":110531134,""11"":893510181,""238"":0,""14"":2540732448,""387"":""2b3431353930332e303530302d303038343436372e303136372b3030302e3036382f""}"
2026-07-18T15:39:20Z,862272088833183,Codec8E,2026-07-18 12:00:56.000 UTC,1784376056000,0,41.5909650,-8.4463866,68,20,14,64,0,"{""239"":1,""240"":1,""80"":1,""21"":5,""200"":0,""69"":1,""237"":2,""113"":100,""263"":1,""303"":1,""383"":3,""30"":0,""31"":59,""32"":42,""33"":245,""35"":125,""37"":62,""38"":239,""39"":34,""181"":11,""182"":8,""66"":14315,""24"":64,""206"":26,""67"":4079,""68"":0,""13"":46,""17"":76,""18"":-30,""19"":92,""15"":1000,""13201"":360,""36"":3070,""40"":2269,""43"":0,""241"":26801,""199"":400,""16"":189316,""12"":770,""449"":0,""636"":110531134,""11"":893510181,""238"":0,""14"":2540732448,""387"":""2b3431353930392e363530302d303038343436332e383636372b3030302e3036382f""}"
2026-07-18T15:39:20Z,862272088833183,Codec8E,2026-07-18 12:01:01.000 UTC,1784376061000,0,41.5918700,-8.4459833,65,17,15,72,0,"{""239"":1,""240"":1,""80"":1,""21"":5,""200"":0,""69"":1,""237"":2,""113"":100,""263"":1,""303"":1,""383"":3,""30"":0,""31"":27,""32"":42,""33"":249,""35"":116,""37"":72,""38"":240,""39"":34,""181"":11,""182"":7,""66"":14308,""24"":72,""206"":26,""67"":4079,""68"":0,""13"":46,""17"":137,""18"":113,""19"":-116,""15"":1000,""13201"":360,""36"":2581,""40"":1361,""43"":0,""241"":26801,""199"":506,""16"":189422,""12"":770,""449"":0,""636"":110531134,""11"":893510181,""238"":0,""14"":2540732448,""387"":""2b3431353931382e373030302d303038343435392e383333332b3030302e3036352f""}"
2026-07-18T15:39:20Z,862272088833183,Codec8E,2026-07-18 12:01:04.000 UTC,1784376064000,0,41.5923650,-8.4457150,63,31,15,70,0,"{""239"":1,""240"":1,""80"":1,""21"":5,""200"":0,""69"":1,""237"":2,""113"":100,""263"":1,""303"":1,""383"":3,""30"":0,""31"":11,""32"":43,""33"":245,""35"":26,""37"":73,""38"":223,""39"":35,""181"":10,""182"":7,""66"":14252,""24"":70,""206"":26,""67"":4079,""68"":0,""13"":46,""17"":106,""18"":351,""19"":-82,""15"":1000,""13201"":360,""36"":2661,""40"":130,""43"":0,""241"":26801,""199"":566,""16"":189482,""12"":770,""449"":0,""636"":110531134,""11"":893510181,""238"":0,""14"":2540732448,""387"":""2b3431353932332e363530302d303038343435372e313530302b3030302e3036332f""}"
2026-07-18T15:39:20Z,862272088833183,Codec8E,2026-07-18 12:01:06.000 UTC,1784376066000,0,41.5925766,-8.4454100,62,51,15,66,0,"{""239"":1,""240"":1,""80"":1,""21"":5,""200"":0,""69"":1,""237"":2,""113"":100,""263"":1,""303"":1,""383"":3,""30"":0,""31"":11,""32"":43,""33"":245,""35"":26,""37"":73,""38"":223,""39"":35,""181"":10,""182"":7,""66"":14290,""24"":66,""206"":26,""67"":4079,""68"":0,""13"":46,""17"":-49,""18"":508,""19"":-82,""15"":1000,""13201"":360,""36"":2661,""40"":130,""43"":0,""241"":26801,""199"":601,""16"":189517,""12"":770,""449"":0,""636"":110531134,""11"":893510181,""238"":0,""14"":2540732448,""387"":""2b3431353932352e373636372d303038343435342e313030302b3030302e3036322f""}"
2026-07-18T15:39:20Z,862272088833183,Codec8E,2026-07-18 12:01:08.000 UTC,1784376068000,0,41.5926666,-8.4450150,62,74,14,62,0,"{""239"":1,""240"":1,""80"":1,""21"":5,""200"":0,""69"":1,""237"":2,""113"":100,""263"":1,""303"":1,""383"":3,""30"":0,""31"":3,""32"":44,""33"":0,""35"":16,""37"":61,""38"":228,""39"":36,""181"":11,""182"":8,""66"":14327,""24"":62,""206"":26,""67"":4079,""68"":0,""13"":46,""17"":-32,""18"":266,""19"":-53,""15"":1000,""13201"":360,""36"":2256,""40"":261,""43"":0,""241"":26801,""199"":635,""16"":189551,""12"":770,""449"":0,""636"":110531135,""11"":893510181,""238"":0,""14"":2540732448,""387"":""2b3431353932362e363636372d303038343435302e313530302b3030302e3036322f""}"
2026-07-18T15:39:20Z,862272088833183,Codec8E,2026-07-18 12:01:09.000 UTC,1784376069000,0,41.5926283,-8.4447866,62,91,14,62,0,"{""239"":1,""240"":1,""80"":1,""21"":5,""200"":0,""69"":1,""237"":2,""113"":100,""263"":1,""303"":1,""383"":3,""30"":0,""31"":3,""32"":44,""33"":0,""35"":16,""37"":61,""38"":228,""39"":36,""181"":11,""182"":8,""66"":14324,""24"":62,""206"":26,""67"":4079,""68"":0,""13"":46,""17"":-23,""18"":98,""19"":-10,""15"":1000,""13201"":360,""36"":2256,""40"":261,""43"":0,""241"":26801,""199"":655,""16"":189571,""12"":770,""449"":0,""636"":110531135,""11"":893510181,""238"":0,""14"":2540732448,""387"":""2b3431353932362e323833332d303038343434372e383636372b3030302e3036322f""}"
2026-07-18T15:39:21Z,862272088833183,Codec8E,2026-07-18 12:01:10.000 UTC,1784376070000,0,41.5925766,-8.4445700,62,103,14,62,0,"{""239"":1,""240"":1,""80"":1,""21"":5,""200"":0,""69"":1,""237"":2,""113"":100,""263"":1,""303"":1,""383"":3,""30"":0,""31"":3,""32"":44,""33"":0,""35"":16,""37"":61,""38"":228,""39"":36,""181"":11,""182"":8,""66"":14321,""24"":62,""206"":26,""67"":4077,""68"":0,""13"":46,""17"":-21,""18"":-5,""19"":44,""15"":1000,""13201"":360,""36"":2256,""40"":261,""43"":0,""241"":26801,""199"":674,""16"":189590,""12"":770,""449"":0,""636"":110531135,""11"":893510181,""238"":0,""14"":2540732448,""387"":""2b3431353932352e373636372d303038343434352e373030302b3030302e3036322f""}"
2026-07-18T15:39:21Z,862272088833183,Codec8E,2026-07-18 12:01:14.000 UTC,1784376074000,0,41.5923566,-8.4436266,58,106,13,72,0,"{""239"":1,""240"":1,""80"":1,""21"":5,""200"":0,""69"":1,""237"":2,""113"":100,""263"":1,""303"":1,""383"":3,""30"":0,""31"":24,""32"":44,""33"":2,""35"":69,""37"":64,""38"":240,""39"":36,""181"":11,""182"":8,""66"":14317,""24"":72,""206"":26,""67"":4079,""68"":0,""13"":46,""17"":57,""18"":23,""19"":-1,""15"":1000,""13201"":361,""36"":2309,""40"":1569,""43"":0,""241"":26801,""199"":756,""16"":189672,""12"":770,""449"":0,""636"":110531133,""11"":893510181,""238"":0,""14"":2540732448,""387"":""2b3431353932332e353636372d303038343433362e323636372b3030302e3035382f""}"
2026-07-18T15:39:21Z,862272088833183,Codec8E,2026-07-18 12:01:19.000 UTC,1784376079000,0,41.5920783,-8.4423766,54,106,13,76,0,"{""239"":1,""240"":1,""80"":1,""21"":5,""200"":0,""69"":1,""237"":2,""113"":100,""263"":1,""303"":1,""383"":3,""30"":0,""31"":41,""32"":44,""33"":253,""35"":89,""37"":79,""38"":235,""39"":36,""181"":11,""182"":8,""66"":14310,""24"":76,""206"":26,""67"":4079,""68"":0,""13"":46,""17"":178,""18"":54,""19"":158,""15"":1000,""13201"":361,""36"":2773,""40"":1108,""43"":0,""241"":26801,""199"":864,""16"":189780,""12"":770,""449"":0,""636"":110531133,""11"":893510181,""238"":0,""14"":2540732448,""387"":""2b3431353932302e373833332d303038343432332e373636372b3030302e3035342f""}"
2026-07-18T15:39:21Z,862272088833183,Codec8E,2026-07-18 12:01:24.000 UTC,1784376084000,0,41.5918183,-8.4411399,53,103,14,74,0,"{""239"":1,""240"":1,""80"":1,""21"":5,""200"":0,""69"":1,""237"":2,""113"":100,""263"":1,""303"":1,""383"":3,""30"":0,""31"":45,""32"":45,""33"":255,""35"":111,""37"":79,""38"":242,""39"":36,""181"":11,""182"":8,""66"":14324,""24"":74,""206"":26,""67"":4079,""68"":0,""13"":46,""17"":74,""18"":110,""19"":-31,""15"":1000,""13201"":362,""36"":2054,""40"":1366,""43"":0,""241"":26801,""199"":971,""16"":189887,""12"":770,""449"":0,""636"":110531133,""11"":893510181,""238"":0,""14"":2540732448,""387"":""2b3431353931382e313833332d303038343431312e343030302b3030302e3035332f""}"
2026-07-18T15:41:18Z,862272088833183,Codec8E,2026-07-18 12:01:29.000 UTC,1784376089000,0,41.5915116,-8.4399466,53,116,14,72,0,"{""239"":1,""240"":1,""80"":1,""21"":5,""200"":0,""69"":1,""237"":2,""113"":100,""263"":1,""303"":1,""383"":3,""30"":0,""31"":48,""32"":45,""33"":252,""35"":79,""37"":76,""38"":229,""39"":36,""181"":11,""182"":8,""66"":14298,""24"":72,""206"":26,""67"":4079,""68"":0,""13"":46,""17"":155,""18"":93,""19"":-168,""15"":1000,""13201"":362,""36"":2003,""40"":461,""43"":0,""241"":26801,""199"":1076,""16"":189992,""12"":770,""449"":0,""636"":110531133,""11"":893510181,""238"":0,""14"":2540732448,""387"":""2b3431353931352e313136372d303038343339392e343636372b3030302e3035332f""}"
2026-07-18T15:41:18Z,862272088833183,Codec8E,2026-07-18 12:01:32.000 UTC,1784376092000,0,41.5912766,-8.4394683,53,123,13,61,0,"{""239"":1,""240"":1,""80"":1,""21"":5,""200"":0,""69"":1,""237"":2,""113"":100,""263"":1,""303"":1,""383"":3,""30"":0,""31"":7,""32"":46,""33"":0,""35"":27,""37"":70,""38"":247,""39"":36,""181"":14,""182"":9,""66"":14266,""24"":61,""206"":26,""67"":4079,""68"":0,""13"":46,""17"":6,""18"":451,""19"":-156,""15"":500,""13201"":362,""36"":1857,""40"":72,""43"":0,""241"":26801,""199"":1124,""16"":190040,""12"":770,""449"":0,""636"":110531133,""11"":893510181,""238"":0,""14"":2540732448,""387"":""2b3431353931322e373636372d303038343339342e363833332b3030302e3035332f""}"
2026-07-18T15:41:18Z,862272088833183,Codec8E,2026-07-18 12:01:34.000 UTC,1784376094000,0,41.5911283,-8.4392650,52,140,14,53,0,"{""239"":1,""240"":1,""80"":1,""21"":5,""200"":0,""69"":1,""237"":2,""113"":100,""263"":1,""303"":1,""383"":3,""30"":0,""31"":7,""32"":46,""33"":0,""35"":27,""37"":70,""38"":247,""39"":36,""181"":11,""182"":8,""66"":14315,""24"":53,""206"":26,""67"":4079,""68"":0,""13"":46,""17"":37,""18"":289,""19"":24,""15"":500,""13201"":362,""36"":1857,""40"":72,""43"":0,""241"":26801,""199"":1147,""16"":190063,""12"":770,""449"":0,""636"":110531133,""11"":893510181,""238"":0,""14"":2540732448,""387"":""2b3431353931312e323833332d303038343339322e363530302b3030302e3035322f""}"
2026-07-18T15:41:18Z,862272088833183,Codec8E,2026-07-18 12:01:35.000 UTC,1784376095000,0,41.5910383,-8.4392083,52,151,14,49,0,"{""239"":1,""240"":1,""80"":1,""21"":5,""200"":0,""69"":1,""237"":2,""113"":100,""263"":1,""303"":1,""383"":3,""30"":0,""31"":9,""32"":47,""33"":247,""35"":33,""37"":45,""38"":229,""39"":36,""181"":11,""182"":8,""66"":14327,""24"":49,""206"":26,""67"":4079,""68"":0,""13"":46,""17"":59,""18"":47,""19"":171,""15"":500,""13201"":362,""36"":877,""40"":141,""43"":0,""241"":26801,""199"":1158,""16"":190074,""12"":770,""449"":0,""636"":110531133,""11"":893510181,""238"":0,""14"":2540732448,""387"":""2b3431353931302e333833332d303038343339322e303833332b3030302e3035322f""}"
2026-07-18T15:41:19Z,862272088833183,Codec8E,2026-07-18 12:01:36.000 UTC,1784376096000,0,41.5909449,-8.4391966,52,168,14,46,0,"{""239"":1,""240"":1,""80"":1,""21"":5,""200"":0,""69"":1,""237"":2,""113"":100,""263"":1,""303"":1,""383"":3,""30"":0,""31"":9,""32"":47,""33"":247,""35"":33,""37"":45,""38"":229,""39"":36,""181"":11,""182"":8,""66"":14328,""24"":46,""206"":26,""67"":4076,""68"":0,""13"":46,""17"":6,""18"":-31,""19"":152,""15"":500,""13201"":362,""36"":877,""40"":141,""43"":0,""241"":26801,""199"":1169,""16"":190085,""12"":770,""449"":0,""636"":110531133,""11"":893510181,""238"":0,""14"":2540732448,""387"":""2b3431353930392e343530302d303038343339312e393636372b3030302e3035322f""}"
2026-07-18T15:41:19Z,862272088833183,Codec8E,2026-07-18 12:01:36.010 UTC,1784376096010,0,41.5909449,-8.4391966,52,168,14,46,255,"{""239"":1,""240"":1,""80"":1,""21"":5,""200"":0,""69"":1,""237"":2,""113"":100,""263"":1,""303"":1,""383"":3,""30"":0,""31"":9,""32"":47,""33"":247,""35"":33,""37"":45,""38"":229,""39"":36,""255"":46,""181"":11,""182"":8,""66"":14338,""24"":46,""206"":26,""67"":4075,""68"":0,""13"":46,""17"":-54,""18"":-52,""19"":106,""15"":500,""13201"":362,""36"":877,""40"":141,""43"":0,""241"":26801,""199"":1169,""16"":190085,""12"":770,""449"":0,""636"":110531133,""11"":893510181,""238"":0,""14"":2540732448,""387"":""2b3431353930392e343530302d303038343339312e393636372b3030302e3035322f""}"
2026-07-18T15:41:19Z,862272088833183,Codec8E,2026-07-18 12:01:41.000 UTC,1784376101000,0,41.5903516,-8.4391066,53,157,14,49,0,"{""239"":1,""240"":1,""80"":1,""21"":5,""200"":0,""69"":1,""237"":2,""113"":100,""263"":1,""303"":1,""383"":3,""30"":0,""31"":48,""32"":47,""33"":253,""35"":125,""37"":45,""38"":246,""39"":38,""181"":11,""182"":8,""66"":14334,""24"":49,""206"":26,""67"":4079,""68"":0,""13"":46,""17"":-53,""18"":-6,""19"":136,""15"":500,""13201"":362,""36"":2249,""40"":2094,""43"":0,""241"":26801,""199"":1236,""16"":190152,""12"":770,""449"":0,""636"":110531133,""11"":893510181,""238"":0,""14"":2540732448,""387"":""2b3431353930332e353136372d303038343339312e303636372b3030302e3035332f""}"
2026-07-18T15:41:19Z,862272088833183,Codec8E,2026-07-18 12:01:42.000 UTC,1784376102000,0,41.5902183,-8.4390349,52,154,13,52,255,"{""239"":1,""240"":1,""80"":1,""21"":5,""200"":0,""69"":1,""237"":2,""113"":100,""263"":1,""303"":1,""383"":3,""30"":0,""31"":48,""32"":47,""33"":253,""35"":125,""37"":45,""38"":246,""39"":38,""255"":52,""181"":11,""182"":8,""66"":14338,""24"":52,""206"":26,""67"":4078,""68"":0,""13"":46,""17"":38,""18"":-98,""19"":-8,""15"":500,""13201"":362,""36"":2249,""40"":2094,""43"":0,""241"":26801,""199"":1252,""16"":190168,""12"":770,""449"":0,""636"":110531133,""11"":893510181,""238"":0,""14"":2540732448,""387"":""2b3431353930322e313833332d303038343339302e333530302b3030302e3035322f""}"
2026-07-18T15:41:20Z,862272088833183,Codec8E,2026-07-18 12:01:45.000 UTC,1784376105000,0,41.5898316,-8.4387283,53,142,13,56,0,"{""239"":1,""240"":1,""80"":1,""21"":5,""200"":0,""69"":1,""237"":2,""113"":100,""263"":1,""303"":1,""383"":3,""30"":0,""31"":69,""32"":47,""33"":247,""35"":140,""37"":57,""38"":243,""39"":39,""181"":11,""182"":8,""66"":14308,""24"":56,""206"":26,""67"":4079,""68"":0,""13"":46,""17"":105,""18"":-309,""19"":148,""15"":500,""13201"":364,""36"":2854,""40"":158,""43"":0,""241"":26801,""199"":1302,""16"":190218,""12"":770,""449"":0,""636"":110531133,""11"":893510181,""238"":0,""14"":2540732448,""387"":""2b3431353839382e333136372d303038343338372e323833332b3030302e3035332f""}"
2026-07-18T15:41:20Z,862272088833183,Codec8E,2026-07-18 12:01:47.000 UTC,1784376107000,0,41.5896416,-8.4384383,54,123,14,56,0,"{""239"":1,""240"":1,""80"":1,""21"":5,""200"":0,""69"":1,""237"":2,""113"":100,""263"":1,""303"":1,""383"":3,""30"":0,""31"":69,""32"":47,""33"":247,""35"":140,""37"":57,""38"":243,""39"":39,""181"":11,""182"":8,""66"":14310,""24"":56,""206"":26,""67"":4078,""68"":0,""13"":46,""17"":-18,""18"":96,""19"":129,""15"":500,""13201"":364,""36"":2854,""40"":158,""43"":0,""241"":26801,""199"":1334,""16"":190250,""12"":770,""449"":0,""636"":110531133,""11"":893510181,""238"":0,""14"":2540732448,""387"":""2b3431353839362e343136372d303038343338342e333833332b3030302e3035342f""}"
2026-07-18T15:41:20Z,862272088833183,Codec8E,2026-07-18 12:01:51.000 UTC,1784376111000,0,41.5893033,-8.4377866,56,146,14,57,0,"{""239"":1,""240"":1,""80"":1,""21"":3,""200"":0,""69"":1,""237"":2,""113"":100,""263"":1,""303"":1,""383"":3,""30"":0,""31"":45,""32"":47,""33"":251,""35"":114,""37"":57,""38"":243,""39"":39,""181"":13,""182"":8,""66"":14325,""24"":57,""206"":26,""67"":4079,""68"":0,""13"":46,""17"":77,""18"":121,""19"":163,""15"":500,""13201"":364,""36"":2102,""40"":1466,""43"":0,""241"":26801,""199"":1401,""16"":190317,""12"":770,""449"":0,""636"":110531133,""11"":893510181,""238"":0,""14"":2540732448,""387"":""2b3431353839332e303333332d303038343337372e383636372b3030302e3035362f""}"
2026-07-18T15:41:20Z,862272088833183,Codec8E,2026-07-18 12:01:51.010 UTC,1784376111010,0,41.5893033,-8.4377866,56,146,14,57,253,"{""239"":1,""240"":1,""80"":1,""21"":3,""200"":0,""69"":1,""237"":2,""113"":100,""263"":1,""303"":1,""383"":3,""30"":0,""31"":45,""32"":47,""33"":251,""35"":114,""37"":57,""38"":243,""39"":39,""253"":3,""254"":35,""181"":14,""182"":8,""66"":14323,""24"":57,""206"":26,""67"":4079,""68"":0,""13"":46,""17"":82,""18"":26,""19"":163,""15"":500,""13201"":364,""36"":2102,""40"":1466,""43"":0,""241"":26801,""199"":1401,""16"":190317,""12"":770,""449"":0,""636"":110531133,""11"":893510181,""238"":0,""14"":2540732448,""387"":""2b3431353839332e303333332d303038343337372e383636372b3030302e3035362f""}"
2026-07-18T15:41:21Z,862272088833183,Codec8E,2026-07-18 12:01:52.000 UTC,1784376112000,0,41.5891733,-8.4377116,57,158,15,56,0,"{""239"":1,""240"":1,""80"":1,""21"":3,""200"":0,""69"":1,""237"":2,""113"":100,""263"":1,""303"":1,""383"":3,""30"":0,""31"":45,""32"":47,""33"":251,""35"":114,""37"":57,""38"":243,""39"":39,""181"":12,""182"":7,""66"":14321,""24"":56,""206"":26,""67"":4079,""68"":0,""13"":46,""17"":38,""18"":-9,""19"":148,""15"":500,""13201"":364,""36"":2102,""40"":1466,""43"":0,""241"":26801,""199"":1416,""16"":190332,""12"":770,""449"":0,""636"":110531124,""11"":893510181,""238"":0,""14"":2540732448,""387"":""2b3431353839312e373333332d303038343337372e313136372b3030302e3035372f""}"
2026-07-18T15:41:21Z,862272088833183,Codec8E,2026-07-18 12:01:58.000 UTC,1784376118000,0,41.5882849,-8.4374150,64,164,15,61,0,"{""239"":1,""240"":1,""80"":1,""21"":3,""200"":0,""69"":1,""237"":2,""113"":100,""263"":1,""303"":1,""383"":3,""30"":0,""31"":61,""32"":49,""33"":249,""35"":136,""37"":61,""38"":248,""39"":40,""181"":12,""182"":8,""66"":14308,""24"":61,""206"":26,""67"":4079,""68"":0,""13"":46,""17"":-7,""18"":9,""19"":115,""15"":500,""13201"":363,""36"":2199,""40"":1950,""43"":0,""241"":26801,""199"":1518,""16"":190434,""12"":770,""449"":0,""636"":110531084,""11"":893510181,""238"":0,""14"":2540732448,""387"":""2b3431353838322e383530302d303038343337342e313530302b3030302e3036342f""}"
2026-07-18T15:41:21Z,862272088833183,Codec8E,2026-07-18 12:02:04.000 UTC,1784376124000,0,41.5872816,-8.4370433,73,163,15,69,0,"{""239"":1,""240"":1,""80"":1,""21"":3,""200"":0,""69"":1,""237"":2,""113"":100,""263"":1,""303"":1,""383"":3,""30"":0,""31"":68,""32"":49,""33"":248,""35"":143,""37"":67,""38"":245,""39"":41,""181"":11,""182"":7,""66"":14315,""24"":69,""206"":26,""67"":4078,""68"":0,""13"":46,""17"":60,""18"":-54,""19"":148,""15"":500,""13201"":364,""36"":2438,""40"":2108,""43"":0,""241"":26801,""199"":1634,""16"":190550,""12"":770,""449"":0,""636"":110531084,""11"":893510181,""238"":0,""14"":2540732448,""387"":""2b3431353837322e383136372d303038343337302e343333332b3030302e3037332f""}"
2026-07-18T15:41:21Z,862272088833183,Codec8E,2026-07-18 12:02:09.000 UTC,1784376129000,0,41.5863716,-8.4366883,79,164,15,74,0,"{""239"":1,""240"":1,""80"":1,""21"":3,""200"":0,""69"":1,""237"":2,""113"":100,""263"":1,""303"":1,""383"":3,""30"":0,""31"":66,""32"":50,""33"":248,""35"":141,""37"":73,""38"":243,""39"":43,""181"":13,""182"":8,""66"":14326,""24"":74,""206"":26,""67"":4079,""68"":0,""13"":46,""17"":-13,""18"":38,""19"":93,""15"":500,""13201"":365,""36"":2633,""40"":2297,""43"":0,""241"":26801,""199"":1739,""16"":190655,""12"":770,""449"":0,""636"":110531114,""11"":893510181,""238"":0,""14"":2540732448,""387"":""2b3431353836332e373136372d303038343336362e383833332b3030302e3037392f""}"
2026-07-18T15:41:21Z,862272088833183,Codec8E,2026-07-18 12:02:14.000 UTC,1784376134000,0,41.5854033,-8.4363300,84,164,15,79,0,"{""239"":1,""240"":1,""80"":1,""21"":3,""200"":0,""69"":1,""237"":2,""113"":100,""263"":1,""303"":1,""383"":3,""30"":0,""31"":65,""32"":50,""33"":251,""35"":140,""37"":78,""38"":244,""39"":45,""181"":13,""182"":8,""66"":14327,""24"":79,""206"":26,""67"":4079,""68"":0,""13"":46,""17"":9,""18"":28,""19"":54,""15"":500,""13201"":364,""36"":2815,""40"":2408,""43"":0,""241"":26801,""199"":1851,""16"":190767,""12"":770,""449"":0,""636"":110531114,""11"":893510181,""238"":0,""14"":2540732448,""387"":""2b3431353835342e303333332d303038343336332e333030302b3030302e3038342f""}"
2026-07-18T15:41:21Z,862272088833183,Codec8E,2026-07-18 12:02:19.000 UTC,1784376139000,0,41.5843683,-8.4359600,88,164,15,85,0,"{""239"":1,""240"":1,""80"":1,""21"":4,""200"":0,""69"":1,""237"":2,""113"":100,""263"":1,""303"":1,""383"":3,""30"":0,""31"":66,""32"":51,""33"":0,""35"":141,""37"":82,""38"":247,""39"":47,""181"":13,""182"":8,""66"":14322,""24"":85,""206"":26,""67"":4079,""68"":0,""13"":46,""17"":195,""18"":53,""19"":222,""15"":500,""13201"":365,""36"":2975,""40"":2566,""43"":0,""241"":26801,""199"":1970,""16"":190886,""12"":770,""449"":0,""636"":110531114,""11"":893510181,""238"":0,""14"":2540732448,""387"":""2b3431353834332e363833332d303038343335392e363030302b3030302e3038382f""}"
2026-07-18T15:41:21Z,862272088833183,Codec8E,2026-07-18 12:02:23.000 UTC,1784376143000,0,41.5834766,-8.4356400,89,165,14,90,0,"{""239"":1,""240"":1,""80"":1,""21"":4,""200"":0,""69"":1,""237"":2,""113"":100,""263"":1,""303"":1,""383"":3,""30"":0,""31"":66,""32"":52,""33"":250,""35"":143,""37"":87,""38"":246,""39"":49,""181"":14,""182"":8,""66"":14339,""24"":90,""206"":26,""67"":4079,""68"":0,""13"":46,""17"":-15,""18"":-27,""19"":76,""15"":500,""13201"":365,""36"":3167,""40"":2819,""43"":0,""241"":26801,""199"":2072,""16"":190988,""12"":770,""449"":0,""636"":110172723,""11"":893510181,""238"":0,""14"":2540732448,""387"":""2b3431353833342e373636372d303038343335362e343030302b3030302e3038392f""}"
2026-07-18T15:41:21Z,862272088833183,Codec8E,2026-07-18 12:02:27.000 UTC,1784376147000,0,41.5825433,-8.4353083,89,166,14,94,0,"{""239"":1,""240"":1,""80"":1,""21"":4,""200"":0,""69"":1,""237"":2,""113"":100,""263"":1,""303"":1,""383"":3,""30"":0,""31"":64,""32"":53,""33"":249,""35"":104,""37"":93,""38"":238,""39"":50,""181"":12,""182"":8,""66"":14339,""24"":94,""206"":26,""67"":4079,""68"":0,""13"":46,""17"":124,""18"":-57,""19"":48,""15"":500,""13201"":365,""36"":3390,""40"":1997,""43"":0,""241"":26801,""199"":2180,""16"":191096,""12"":770,""449"":0,""636"":110172723,""11"":893510181,""238"":0,""14"":2540732448,""387"":""2b3431353832352e343333332d303038343335332e303833332b3030302e3038392f""}"
2026-07-18T15:41:22Z,862272088833183,Codec8E,2026-07-18 12:02:31.000 UTC,1784376151000,0,41.5816366,-8.4350133,86,167,13,92,0,"{""239"":1,""240"":1,""80"":1,""21"":4,""200"":0,""69"":1,""237"":2,""113"":100,""263"":1,""303"":1,""383"":3,""30"":0,""31"":36,""32"":54,""33"":0,""35"":18,""37"":93,""38"":221,""39"":49,""181"":12,""182"":8,""66"":14315,""24"":92,""206"":26,""67"":4079,""68"":0,""13"":46,""17"":79,""18"":71,""19"":-107,""15"":500,""13201"":366,""36"":3382,""40"":169,""43"":0,""241"":26801,""199"":2284,""16"":191200,""12"":770,""449"":0,""636"":110172723,""11"":893510181,""238"":0,""14"":2540732448,""387"":""2b3431353831362e333636372d303038343335302e313333332b3030302e3038362f""}"
2026-07-18T15:41:22Z,862272088833183,Codec8E,2026-07-18 12:02:36.000 UTC,1784376156000,0,41.5805483,-8.4347766,84,170,13,88,0,"{""239"":1,""240"":1,""80"":1,""21"":4,""200"":0,""69"":1,""237"":2,""113"":100,""263"":1,""303"":1,""383"":3,""30"":0,""31"":3,""32"":54,""33"":0,""35"":16,""37"":87,""38"":228,""39"":48,""181"":14,""182"":8,""66"":14323,""24"":88,""206"":26,""67"":4079,""68"":0,""13"":46,""17"":192,""18"":76,""19"":26,""15"":500,""13201"":366,""36"":2731,""40"":97,""43"":0,""241"":26801,""199"":2406,""16"":191322,""12"":770,""449"":0,""636"":110172723,""11"":893510181,""238"":0,""14"":2540732448,""387"":""2b3431353830352e343833332d303038343334372e373636372b3030302e3038342f""}"
2026-07-18T15:41:22Z,862272088833183,Codec8E,2026-07-18 12:02:40.000 UTC,1784376160000,0,41.5798016,-8.4346083,87,167,15,75,0,"{""239"":1,""240"":1,""80"":1,""21"":4,""200"":0,""69"":1,""237"":2,""113"":100,""263"":1,""303"":1,""383"":3,""30"":0,""31"":3,""32"":55,""33"":0,""35"":15,""37"":81,""38"":228,""39"":46,""181"":11,""182"":7,""66"":14285,""24"":75,""206"":26,""67"":4077,""68"":0,""13"":46,""17"":243,""18"":111,""19"":-314,""15"":500,""13201"":366,""36"":2134,""40"":83,""43"":0,""241"":26801,""199"":2490,""16"":191406,""12"":770,""449"":0,""636"":110482483,""11"":893510181,""238"":0,""14"":2540732448,""387"":""2b3431353739382e303136372d303038343334362e303833332b3030302e3038372f""}"
2026-07-18T15:41:22Z,862272088833183,Codec8E,2026-07-18 12:02:42.000 UTC,1784376162000,0,41.5795699,-8.4345583,88,176,16,59,0,"{""239"":1,""240"":1,""80"":1,""21"":4,""200"":0,""69"":1,""237"":2,""113"":100,""263"":1,""303"":1,""383"":3,""30"":0,""31"":3,""32"":55,""33"":0,""35"":15,""37"":81,""38"":228,""39"":46,""181"":9,""182"":7,""66"":14258,""24"":59,""206"":26,""67"":4079,""68"":0,""13"":46,""17"":7,""18"":111,""19"":56,""15"":500,""13201"":366,""36"":2134,""40"":83,""43"":0,""241"":26801,""199"":2516,""16"":191432,""12"":770,""449"":0,""636"":110172723,""11"":893510181,""238"":0,""14"":2540732448,""387"":""2b3431353739352e373030302d303038343334352e353833332b3030302e3038382f""}"
2026-07-18T15:43:19Z,862272088833183,Codec8E,2026-07-18 12:02:44.000 UTC,1784376164000,0,41.5794083,-8.4345816,88,192,16,48,0,"{""239"":1,""240"":1,""80"":1,""21"":4,""200"":0,""69"":1,""237"":2,""113"":100,""263"":1,""303"":1,""383"":3,""30"":0,""31"":3,""32"":55,""33"":0,""35"":27,""37"":38,""38"":243,""39"":45,""181"":10,""182"":7,""66"":14303,""24"":48,""206"":26,""67"":4078,""68"":0,""13"":46,""17"":58,""18"":113,""19"":92,""15"":500,""13201"":367,""36"":727,""40"":375,""43"":0,""241"":26801,""199"":2534,""16"":191450,""12"":770,""449"":0,""636"":110482483,""11"":893510181,""238"":0,""14"":2540732448,""387"":""2b3431353739342e303833332d303038343334352e383136372b3030302e3038382f""}"
2026-07-18T15:43:19Z,862272088833183,Codec8E,2026-07-18 12:02:44.010 UTC,1784376164010,0,41.5794083,-8.4345816,88,192,16,48,255,"{""239"":1,""240"":1,""80"":1,""21"":4,""200"":0,""69"":1,""237"":2,""113"":100,""263"":1,""303"":1,""383"":3,""30"":0,""31"":3,""32"":55,""33"":0,""35"":27,""37"":38,""38"":243,""39"":45,""255"":48,""181"":11,""182"":7,""66"":14320,""24"":48,""206"":26,""67"":4078,""68"":0,""13"":46,""17"":-37,""18"":-39,""19"":98,""15"":500,""13201"":367,""36"":727,""40"":375,""43"":0,""241"":26801,""199"":2534,""16"":191450,""12"":770,""449"":0,""636"":110482483,""11"":893510181,""238"":0,""14"":2540732448,""387"":""2b3431353739342e303833332d303038343334352e383136372b3030302e3038382f""}"
2026-07-18T15:43:19Z,862272088833183,Codec8E,2026-07-18 12:02:49.000 UTC,1784376169000,0,41.5789150,-8.4347183,85,175,16,46,0,"{""239"":1,""240"":1,""80"":1,""21"":5,""200"":0,""69"":1,""237"":2,""113"":100,""263"":1,""303"":1,""383"":3,""30"":0,""31"":41,""32"":54,""33"":255,""35"":112,""37"":39,""38"":243,""39"":48,""181"":11,""182"":7,""66"":14314,""24"":46,""206"":26,""67"":4077,""68"":0,""13"":46,""17"":33,""18"":-236,""19"":27,""15"":500,""13201"":366,""36"":1977,""40"":1788,""43"":0,""241"":26801,""199"":2591,""16"":191507,""12"":770,""449"":0,""636"":110482483,""11"":893510181,""238"":0,""14"":2540732448,""387"":""2b3431353738392e313530302d303038343334372e313833332b3030302e3038352f""}"
2026-07-18T15:43:19Z,862272088833183,Codec8E,2026-07-18 12:02:50.000 UTC,1784376170000,0,41.5787900,-8.4346950,85,165,16,48,0,"{""239"":1,""240"":1,""80"":1,""21"":5,""200"":0,""69"":1,""237"":2,""113"":100,""263"":1,""303"":1,""383"":3,""30"":0,""31"":41,""32"":54,""33"":255,""35"":112,""37"":39,""38"":243,""39"":48,""181"":10,""182"":7,""66"":14316,""24"":48,""206"":26,""67"":4075,""68"":0,""13"":46,""17"":13,""18"":-230,""19"":-40,""15"":500,""13201"":366,""36"":1977,""40"":1788,""43"":0,""241"":26801,""199"":2605,""16"":191521,""12"":770,""449"":0,""636"":110482483,""11"":893510181,""238"":0,""14"":2540732448,""387"":""2b3431353738372e393030302d303038343334362e393530302b3030302e3038352f""}"
2026-07-18T15:43:20Z,862272088833183,Codec8E,2026-07-18 12:02:51.000 UTC,1784376171000,0,41.5786716,-8.4346333,84,155,16,49,0,"{""239"":1,""240"":1,""80"":1,""21"":5,""200"":0,""69"":1,""237"":2,""113"":100,""263"":1,""303"":1,""383"":3,""30"":0,""31"":41,""32"":54,""33"":255,""35"":112,""37"":39,""38"":243,""39"":48,""181"":9,""182"":7,""66"":14325,""24"":49,""206"":26,""67"":4075,""68"":0,""13"":46,""17"":14,""18"":-243,""19"":30,""15"":500,""13201"":366,""36"":1977,""40"":1788,""43"":0,""241"":26801,""199"":2619,""16"":191535,""12"":770,""449"":0,""636"":110482483,""11"":893510181,""238"":0,""14"":2540732448,""387"":""2b3431353738362e373136372d303038343334362e333333332b3030302e3038342f""}"
2026-07-18T15:43:20Z,862272088833183,Codec8E,2026-07-18 12:02:53.000 UTC,1784376173000,0,41.5784766,-8.4344200,84,135,16,50,0,"{""239"":1,""240"":1,""80"":1,""21"":5,""200"":0,""69"":1,""237"":2,""113"":100,""263"":1,""303"":1,""383"":3,""30"":0,""31"":38,""32"":54,""33"":249,""35"":26,""37"":51,""38"":223,""39"":47,""181"":9,""182"":7,""66"":14350,""24"":50,""206"":26,""67"":4079,""68"":0,""13"":46,""17"":65,""18"":-244,""19"":53,""15"":500,""13201"":367,""36"":2611,""40"":244,""43"":0,""241"":26801,""199"":2647,""16"":191563,""12"":770,""449"":0,""636"":110482483,""11"":893510181,""238"":0,""14"":2540732448,""387"":""2b3431353738342e373636372d303038343334342e323030302b3030302e3038342f""}"
2026-07-18T15:43:20Z,862272088833183,Codec8E,2026-07-18 12:02:54.000 UTC,1784376174000,0,41.5784016,-8.4342816,84,124,16,50,0,"{""239"":1,""240"":1,""80"":1,""21"":5,""200"":0,""69"":1,""237"":2,""113"":100,""263"":1,""303"":1,""383"":3,""30"":0,""31"":38,""32"":54,""33"":249,""35"":26,""37"":51,""38"":223,""39"":47,""181"":9,""182"":7,""66"":14326,""24"":50,""206"":26,""67"":4079,""68"":0,""13"":46,""17"":-17,""18"":-227,""19"":-6,""15"":500,""13201"":367,""36"":2611,""40"":244,""43"":0,""241"":26801,""199"":2661,""16"":191577,""12"":770,""449"":0,""636"":110482483,""11"":893510181,""238"":0,""14"":2540732448,""387"":""2b3431353738342e303136372d303038343334322e383136372b3030302e3038342f""}"
2026-07-18T15:43:20Z,862272088833183,Codec8E,2026-07-18 12:02:55.000 UTC,1784376175000,0,41.5783516,-8.4341233,85,112,16,49,0,"{""239"":1,""240"":1,""80"":1,""21"":5,""200"":0,""69"":1,""237"":2,""113"":100,""263"":1,""303"":1,""383"":3,""30"":0,""31"":38,""32"":54,""33"":249,""35"":26,""37"":51,""38"":223,""39"":47,""181"":9,""182"":7,""66"":14314,""24"":49,""206"":26,""67"":4079,""68"":0,""13"":46,""17"":-29,""18"":-248,""19"":25,""15"":500,""13201"":367,""36"":2611,""40"":244,""43"":0,""241"":26801,""199"":2676,""16"":191592,""12"":770,""449"":0,""636"":110482483,""11"":893510181,""238"":0,""14"":2540732448,""387"":""2b3431353738332e353136372d303038343334312e323333332b3030302e3038352f""}"
2026-07-18T15:43:20Z,862272088833183,Codec8E,2026-07-18 12:02:56.000 UTC,1784376176000,0,41.5783250,-8.4339616,84,100,16,49,0,"{""239"":1,""240"":1,""80"":1,""21"":5,""200"":0,""69"":1,""237"":2,""113"":100,""263"":1,""303"":1,""383"":3,""30"":0,""31"":38,""32"":54,""33"":249,""35"":26,""37"":51,""38"":223,""39"":47,""181"":9,""182"":7,""66"":14328,""24"":49,""206"":26,""67"":4075,""68"":0,""13"":46,""17"":71,""18"":-275,""19"":76,""15"":500,""13201"":367,""36"":2611,""40"":244,""43"":0,""241"":26801,""199"":2689,""16"":191605,""12"":770,""449"":0,""636"":110482483,""11"":893510181,""238"":0,""14"":2540732448,""387"":""2b3431353738332e323530302d303038343333392e363136372b3030302e3038342f""}"
2026-07-18T15:43:20Z,862272088833183,Codec8E,2026-07-18 12:02:57.000 UTC,1784376177000,0,41.5783183,-8.4337933,84,88,16,49,0,"{""239"":1,""240"":1,""80"":1,""21"":5,""200"":0,""69"":1,""237"":2,""113"":100,""263"":1,""303"":1,""383"":3,""30"":0,""31"":11,""32"":54,""33"":248,""35"":24,""37"":49,""38"":235,""39"":47,""181"":10,""182"":7,""66"":14313,""24"":49,""206"":26,""67"":4079,""68"":0,""13"":46,""17"":-87,""18"":-241,""19"":79,""15"":500,""13201"":367,""36"":2509,""40"":861,""43"":0,""241"":26801,""199"":2703,""16"":191619,""12"":770,""449"":0,""636"":110482483,""11"":893510181,""238"":0,""14"":2540732448,""387"":""2b3431353738332e313833332d303038343333372e393333332b3030302e3038342f""}"
2026-07-18T15:43:20Z,862272088833183,Codec8E,2026-07-18 12:02:58.000 UTC,1784376178000,0,41.5783400,-8.4336283,84,77,16,50,0,"{""239"":1,""240"":1,""80"":1,""21"":5,""200"":0,""69"":1,""237"":2,""113"":100,""263"":1,""303"":1,""383"":3,""30"":0,""31"":11,""32"":54,""33"":248,""35"":24,""37"":49,""38"":235,""39"":47,""181"":10,""182"":7,""66"":14333,""24"":50,""206"":26,""67"":4079,""68"":0,""13"":46,""17"":-51,""18"":-234,""19"":61,""15"":500,""13201"":367,""36"":2509,""40"":861,""43"":0,""241"":26801,""199"":2717,""16"":191633,""12"":770,""449"":0,""636"":110482483,""11"":893510181,""238"":0,""14"":2540732448,""387"":""2b3431353738332e343030302d303038343333362e323833332b3030302e3038342f""}"
2026-07-18T15:43:20Z,862272088833183,Codec8E,2026-07-18 12:02:59.000 UTC,1784376179000,0,41.5783900,-8.4334716,84,67,16,50,0,"{""239"":1,""240"":1,""80"":1,""21"":5,""200"":0,""69"":1,""237"":2,""113"":100,""263"":1,""303"":1,""383"":3,""30"":0,""31"":11,""32"":54,""33"":248,""35"":24,""37"":49,""38"":235,""39"":47,""181"":9,""182"":7,""66"":14322,""24"":50,""206"":26,""67"":4079,""68"":0,""13"":46,""17"":-3,""18"":-293,""19"":73,""15"":500,""13201"":367,""36"":2509,""40"":861,""43"":0,""241"":26801,""199"":2731,""16"":191647,""12"":770,""449"":0,""636"":110482485,""11"":893510181,""238"":0,""14"":2540732448,""387"":""2b3431353738332e393030302d303038343333342e373136372b3030302e3038342f""}"
2026-07-18T15:43:21Z,862272088833183,Codec8E,2026-07-18 12:03:00.000 UTC,1784376180000,0,41.5784616,-8.4333200,85,56,15,51,0,"{""239"":1,""240"":1,""80"":1,""21"":5,""200"":0,""69"":1,""237"":2,""113"":100,""263"":1,""303"":1,""383"":3,""30"":0,""31"":11,""32"":54,""33"":248,""35"":24,""37"":49,""38"":235,""39"":47,""181"":10,""182"":7,""66"":14333,""24"":51,""206"":26,""67"":4078,""68"":0,""13"":46,""17"":-18,""18"":-375,""19"":66,""15"":500,""13201"":367,""36"":2509,""40"":861,""43"":0,""241"":26801,""199"":2746,""16"":191662,""12"":770,""449"":0,""636"":110482485,""11"":893510181,""238"":0,""14"":2540732448,""387"":""2b3431353738342e363136372d303038343333332e323030302b3030302e3038352f""}"
2026-07-18T15:43:21Z,862272088833183,Codec8E,2026-07-18 12:03:01.000 UTC,1784376181000,0,41.5785516,-8.4331900,85,46,16,51,0,"{""239"":1,""240"":1,""80"":1,""21"":5,""200"":0,""69"":1,""237"":2,""113"":100,""263"":1,""303"":1,""383"":3,""30"":0,""31"":11,""32"":54,""33"":248,""35"":24,""37"":49,""38"":235,""39"":47,""181"":9,""182"":7,""66"":14307,""24"":51,""206"":26,""67"":4078,""68"":0,""13"":46,""17"":-44,""18"":-361,""19"":16,""15"":500,""13201"":367,""36"":2509,""40"":861,""43"":0,""241"":26801,""199"":2761,""16"":191677,""12"":770,""449"":0,""636"":110482485,""11"":893510181,""238"":0,""14"":2540732448,""387"":""2b3431353738352e353136372d303038343333312e393030302b3030302e3038352f""}"
2026-07-18T15:43:21Z,862272088833183,Codec8E,2026-07-18 12:03:02.000 UTC,1784376182000,0,41.5786616,-8.4330800,85,37,15,52,255,"{""239"":1,""240"":1,""80"":1,""21"":5,""200"":0,""69"":1,""237"":2,""113"":100,""263"":1,""303"":1,""383"":3,""30"":0,""31"":37,""32"":55,""33"":249,""35"":83,""37"":52,""38"":238,""39"":49,""255"":52,""181"":10,""182"":7,""66"":14320,""24"":52,""206"":26,""67"":4079,""68"":0,""13"":46,""17"":-21,""18"":-232,""19"":13,""15"":500,""13201"":367,""36"":2625,""40"":1030,""43"":0,""241"":26801,""199"":2776,""16"":191692,""12"":770,""449"":0,""636"":110482485,""11"":893510181,""238"":0,""14"":2540732448,""387"":""2b3431353738362e363136372d303038343333302e383030302b3030302e3038352f""}"
2026-07-18T15:43:21Z,862272088833183,Codec8E,2026-07-18 12:03:03.000 UTC,1784376183000,0,41.5787916,-8.4330200,85,17,15,52,0,"{""239"":1,""240"":1,""80"":1,""21"":5,""200"":0,""69"":1,""237"":2,""113"":100,""263"":1,""303"":1,""383"":3,""30"":0,""31"":37,""32"":55,""33"":249,""35"":83,""37"":52,""38"":238,""39"":49,""181"":11,""182"":7,""66"":14316,""24"":52,""206"":26,""67"":4079,""68"":0,""13"":46,""17"":-21,""18"":-165,""19"":26,""15"":500,""13201"":367,""36"":2625,""40"":1030,""43"":0,""241"":26801,""199"":2792,""16"":191708,""12"":770,""449"":0,""636"":110482485,""11"":893510181,""238"":0,""14"":2540732448,""387"":""2b3431353738372e393136372d303038343333302e323030302b3030302e3038352f""}"
2026-07-18T15:43:22Z,862272088833183,Codec8E,2026-07-18 12:03:03.010 UTC,1784376183010,0,41.5787916,-8.4330200,85,17,15,52,253,"{""239"":1,""240"":1,""80"":1,""21"":5,""200"":0,""69"":1,""237"":2,""113"":100,""263"":1,""303"":1,""383"":3,""30"":0,""31"":37,""32"":55,""33"":249,""35"":83,""37"":52,""38"":238,""39"":49,""253"":3,""254"":34,""181"":12,""182"":7,""66"":14316,""24"":52,""206"":26,""67"":4078,""68"":0,""13"":46,""17"":-18,""18"":83,""19"":-1,""15"":500,""13201"":367,""36"":2625,""40"":1030,""43"":0,""241"":26801,""199"":2792,""16"":191708,""12"":770,""449"":0,""636"":110482485,""11"":893510181,""238"":0,""14"":2540732448,""387"":""2b3431353738372e393136372d303038343333302e323030302b3030302e3038352f""}"
2026-07-18T15:43:22Z,862272088833183,Codec8E,2026-07-18 12:03:07.000 UTC,1784376187000,0,41.5792983,-8.4328050,86,29,16,52,0,"{""239"":1,""240"":1,""80"":1,""21"":5,""200"":0,""69"":1,""237"":2,""113"":100,""263"":1,""303"":1,""383"":3,""30"":0,""31"":21,""32"":55,""33"":252,""35"":50,""37"":51,""38"":237,""39"":49,""181"":11,""182"":7,""66"":14322,""24"":52,""206"":26,""67"":4079,""68"":0,""13"":46,""17"":31,""18"":341,""19"":81,""15"":500,""13201"":368,""36"":2581,""40"":1247,""43"":0,""241"":26801,""199"":2851,""16"":191767,""12"":770,""449"":0,""636"":110482485,""11"":893510181,""238"":0,""14"":2540732448,""387"":""2b3431353739322e393833332d303038343332382e303530302b3030302e3038362f""}"
2026-07-18T15:43:22Z,862272088833183,Codec8E,2026-07-18 12:03:08.000 UTC,1784376188000,0,41.5794049,-8.4326933,86,39,16,53,0,"{""239"":1,""240"":1,""80"":1,""21"":5,""200"":0,""69"":1,""237"":2,""113"":100,""263"":1,""303"":1,""383"":3,""30"":0,""31"":21,""32"":55,""33"":252,""35"":50,""37"":51,""38"":237,""39"":49,""181"":10,""182"":7,""66"":14304,""24"":53,""206"":26,""67"":4078,""68"":0,""13"":46,""17"":-48,""18"":262,""19"":101,""15"":500,""13201"":368,""36"":2581,""40"":1247,""43"":0,""241"":26801,""199"":2866,""16"":191782,""12"":770,""449"":0,""636"":110482485,""11"":893510181,""238"":0,""14"":2540732448,""387"":""2b3431353739342e303530302d303038343332362e393333332b3030302e3038362f""}"
2026-07-18T15:43:22Z,862272088833183,Codec8E,2026-07-18 12:03:09.000 UTC,1784376189000,0,41.5794933,-8.4325433,87,49,16,54,0,"{""239"":1,""240"":1,""80"":1,""21"":5,""200"":0,""69"":1,""237"":2,""113"":100,""263"":1,""303"":1,""383"":3,""30"":0,""31"":21,""32"":55,""33"":252,""35"":50,""37"":51,""38"":237,""39"":49,""181"":9,""182"":7,""66"":14319,""24"":54,""206"":26,""67"":4077,""68"":0,""13"":46,""17"":-23,""18"":281,""19"":72,""15"":500,""13201"":368,""36"":2581,""40"":1247,""43"":0,""241"":26801,""199"":2882,""16"":191798,""12"":770,""449"":0,""636"":110482473,""11"":893510181,""238"":0,""14"":2540732448,""387"":""2b3431353739342e393333332d303038343332352e343333332b3030302e3038372f""}"
2026-07-18T15:43:23Z,862272088833183,Codec8E,2026-07-18 12:03:10.000 UTC,1784376190000,0,41.5795666,-8.4323683,88,59,16,55,0,"{""239"":1,""240"":1,""80"":1,""21"":5,""200"":0,""69"":1,""237"":2,""113"":100,""263"":1,""303"":1,""383"":3,""30"":0,""31"":21,""32"":55,""33"":252,""35"":50,""37"":51,""38"":237,""39"":49,""181"":9,""182"":7,""66"":14313,""24"":55,""206"":26,""67"":4075,""68"":0,""13"":46,""17"":21,""18"":153,""19"":79,""15"":500,""13201"":368,""36"":2581,""40"":1247,""43"":0,""241"":26801,""199"":2899,""16"":191815,""12"":770,""449"":0,""636"":110482473,""11"":893510181,""238"":0,""14"":2540732448,""387"":""2b3431353739352e363636372d303038343332332e363833332b3030302e3038382f""}"
2026-07-18T15:43:23Z,862272088833183,Codec8E,2026-07-18 12:03:16.000 UTC,1784376196000,0,41.5799716,-8.4312783,93,63,16,59,0,"{""239"":1,""240"":1,""80"":1,""21"":5,""200"":0,""69"":1,""237"":2,""113"":100,""263"":1,""303"":1,""383"":3,""30"":0,""31"":49,""32"":55,""33"":249,""35"":17,""37"":58,""38"":243,""39"":50,""181"":11,""182"":7,""66"":14343,""24"":59,""206"":26,""67"":4079,""68"":0,""13"":46,""17"":59,""18"":-11,""19"":108,""15"":500,""13201"":368,""36"":2369,""40"":1438,""43"":0,""241"":26801,""199"":3000,""16"":191916,""12"":770,""449"":0,""636"":110513163,""11"":893510181,""238"":0,""14"":2540732448,""387"":""2b3431353739392e373136372d303038343331322e373833332b3030302e3039332f""}"
2026-07-18T15:43:23Z,862272088833183,Codec8E,2026-07-18 12:03:22.000 UTC,1784376202000,0,41.5803500,-8.4301516,100,72,16,60,0,"{""239"":1,""240"":1,""80"":1,""21"":5,""200"":0,""69"":1,""237"":2,""113"":100,""263"":1,""303"":1,""383"":3,""30"":0,""31"":56,""32"":56,""33"":247,""35"":124,""37"":61,""38"":241,""39"":51,""181"":11,""182"":7,""66"":14336,""24"":60,""206"":26,""67"":4079,""68"":0,""13"":46,""17"":24,""18"":90,""19"":-2,""15"":500,""13201"":368,""36"":2207,""40"":1391,""43"":0,""241"":26801,""199"":3102,""16"":192018,""12"":770,""449"":0,""636"":110513163,""11"":893510181,""238"":0,""14"":2540732448,""387"":""2b3431353830332e353030302d303038343330312e353136372b3030302e3130302f""}"
2026-07-18T15:43:23Z,862272088833183,Codec8E,2026-07-18 12:03:25.000 UTC,1784376205000,0,41.5804416,-8.4295983,101,83,16,56,0,"{""239"":1,""240"":1,""80"":1,""21"":5,""200"":0,""69"":1,""237"":2,""113"":100,""263"":1,""303"":1,""383"":3,""30"":0,""31"":10,""32"":57,""33"":0,""35"":16,""37"":56,""38"":229,""39"":49,""181"":9,""182"":7,""66"":14327,""24"":56,""206"":26,""67"":4079,""68"":0,""13"":46,""17"":10,""18"":213,""19"":-26,""15"":500,""13201"":369,""36"":2048,""40"":83,""43"":0,""241"":26801,""199"":3150,""16"":192066,""12"":770,""449"":0,""636"":110513203,""11"":893510181,""238"":0,""14"":2540732448,""387"":""2b3431353830342e343136372d303038343239352e393833332b3030302e3130312f""}"
2026-07-18T15:45:18Z,862272088833183,Codec8E,2026-07-18 12:03:27.000 UTC,1784376207000,0,41.5804383,-8.4292550,101,97,15,54,0,"{""239"":1,""240"":1,""80"":1,""21"":5,""200"":0,""69"":1,""237"":2,""113"":100,""263"":1,""303"":1,""383"":3,""30"":0,""31"":10,""32"":57,""33"":0,""35"":16,""37"":56,""38"":229,""39"":49,""181"":11,""182"":7,""66"":14330,""24"":54,""206"":26,""67"":4079,""68"":0,""13"":46,""17"":56,""18"":119,""19"":-16,""15"":500,""13201"":369,""36"":2048,""40"":83,""43"":0,""241"":26801,""199"":3178,""16"":192094,""12"":770,""449"":0,""636"":110482483,""11"":893510181,""238"":0,""14"":2540732448,""387"":""2b3431353830342e333833332d303038343239322e353530302b3030302e3130312f""}"
2026-07-18T15:45:18Z,862272088833183,Codec8E,2026-07-18 12:03:30.000 UTC,1784376210000,0,41.5803366,-8.4287816,102,109,15,50,0,"{""239"":1,""240"":1,""80"":1,""21"":5,""200"":0,""69"":1,""237"":2,""113"":100,""263"":1,""303"":1,""383"":3,""30"":0,""31"":3,""32"":57,""33"":0,""35"":14,""37"":50,""38"":231,""39"":48,""181"":10,""182"":7,""66"":14292,""24"":50,""206"":26,""67"":4079,""68"":0,""13"":46,""17"":58,""18"":84,""19"":-113,""15"":500,""13201"":369,""36"":1824,""40"":75,""43"":0,""241"":26801,""199"":3219,""16"":192135,""12"":770,""449"":0,""636"":110482483,""11"":893510181,""238"":0,""14"":2540732448,""387"":""2b3431353830332e333636372d303038343238372e383136372b3030302e3130322f""}"
2026-07-18T15:45:18Z,862272088833183,Codec8E,2026-07-18 12:03:31.000 UTC,1784376211000,0,41.5802983,-8.4286500,102,111,15,48,255,"{""239"":1,""240"":1,""80"":1,""21"":5,""200"":0,""69"":1,""237"":2,""113"":100,""263"":1,""303"":1,""383"":3,""30"":0,""31"":3,""32"":57,""33"":0,""35"":14,""37"":50,""38"":231,""39"":48,""255"":48,""181"":10,""182"":7,""66"":14259,""24"":48,""206"":26,""67"":4079,""68"":0,""13"":46,""17"":24,""18"":112,""19"":12,""15"":500,""13201"":369,""36"":1824,""40"":75,""43"":0,""241"":26801,""199"":3231,""16"":192147,""12"":770,""449"":0,""636"":110513203,""11"":893510181,""238"":0,""14"":2540732448,""387"":""2b3431353830322e393833332d303038343238362e353030302b3030302e3130322f""}"
2026-07-18T15:45:18Z,862272088833183,Codec8E,2026-07-18 12:03:33.000 UTC,1784376213000,0,41.5802016,-8.4284416,102,123,15,42,0,"{""239"":1,""240"":1,""80"":1,""21"":5,""200"":0,""69"":1,""237"":2,""113"":100,""263"":1,""303"":1,""383"":3,""30"":0,""31"":3,""32"":57,""33"":0,""35"":14,""37"":50,""38"":231,""39"":48,""181"":11,""182"":7,""66"":14275,""24"":42,""206"":26,""67"":4078,""68"":0,""13"":46,""17"":20,""18"":50,""19"":44,""15"":500,""13201"":369,""36"":1824,""40"":75,""43"":0,""241"":26801,""199"":3251,""16"":192167,""12"":770,""449"":0,""636"":110513203,""11"":893510181,""238"":0,""14"":2540732448,""387"":""2b3431353830322e303136372d303038343238342e343136372b3030302e3130322f""}"
2026-07-18T15:45:19Z,862272088833183,Codec8E,2026-07-18 12:03:36.000 UTC,1784376216000,0,41.5800183,-8.4281850,102,133,14,39,0,"{""239"":1,""240"":1,""80"":1,""21"":5,""200"":0,""69"":1,""237"":2,""113"":100,""263"":1,""303"":1,""383"":3,""30"":0,""31"":3,""32"":57,""33"":0,""35"":19,""37"":36,""38"":243,""39"":48,""181"":10,""182"":7,""66"":14331,""24"":39,""206"":26,""67"":4076,""68"":0,""13"":46,""17"":77,""18"":77,""19"":144,""15"":500,""13201"":369,""36"":744,""40"":97,""43"":0,""241"":26801,""199"":3281,""16"":192197,""12"":770,""449"":0,""636"":110482483,""11"":893510181,""238"":0,""14"":2540732448,""387"":""2b3431353830302e313833332d303038343238312e383530302b3030302e3130322f""}"
2026-07-18T15:45:19Z,862272088833183,Codec8E,2026-07-18 12:03:39.000 UTC,1784376219000,0,41.5797650,-8.4279183,102,145,15,42,0,"{""239"":1,""240"":1,""80"":1,""21"":5,""200"":0,""69"":1,""237"":2,""113"":100,""263"":1,""303"":1,""383"":3,""30"":0,""31"":40,""32"":57,""33"":0,""35"":111,""37"":40,""38"":240,""39"":49,""181"":11,""182"":7,""66"":14357,""24"":42,""206"":26,""67"":4077,""68"":0,""13"":46,""17"":2,""18"":125,""19"":84,""15"":500,""13201"":369,""36"":2011,""40"":1197,""43"":0,""241"":26801,""199"":3317,""16"":192233,""12"":770,""449"":0,""636"":110482483,""11"":893510181,""238"":0,""14"":2540732448,""387"":""2b3431353739372e363530302d303038343237392e313833332b3030302e3130322f""}"
2026-07-18T15:45:19Z,862272088833183,Codec8E,2026-07-18 12:03:41.000 UTC,1784376221000,0,41.5795500,-8.4277816,102,160,14,45,0,"{""239"":1,""240"":1,""80"":1,""21"":5,""200"":0,""69"":1,""237"":2,""113"":100,""263"":1,""303"":1,""383"":3,""30"":0,""31"":40,""32"":57,""33"":0,""35"":111,""37"":40,""38"":240,""39"":49,""181"":14,""182"":8,""66"":14347,""24"":45,""206"":26,""67"":4078,""68"":0,""13"":46,""17"":47,""18"":163,""19"":8,""15"":500,""13201"":369,""36"":2011,""40"":1197,""43"":0,""241"":26801,""199"":3343,""16"":192259,""12"":770,""449"":0,""636"":110482483,""11"":893510181,""238"":0,""14"":2540732448,""387"":""2b3431353739352e353030302d303038343237372e383136372b3030302e3130322f""}"
2026-07-18T15:45:19Z,862272088833183,Codec8E,2026-07-18 12:03:43.000 UTC,1784376223000,0,41.5793233,-8.4277050,100,171,14,45,0,"{""239"":1,""240"":1,""80"":1,""21"":5,""200"":0,""69"":1,""237"":2,""113"":100,""263"":1,""303"":1,""383"":3,""30"":0,""31"":38,""32"":57,""33"":249,""35"":62,""37"":49,""38"":225,""39"":49,""181"":12,""182"":8,""66"":14328,""24"":45,""206"":26,""67"":4079,""68"":0,""13"":46,""17"":54,""18"":98,""19"":4,""15"":500,""13201"":369,""36"":2427,""40"":205,""43"":0,""241"":26801,""199"":3369,""16"":192285,""12"":770,""449"":0,""636"":110482483,""11"":893510181,""238"":0,""14"":2540732448,""387"":""2b3431353739332e323333332d303038343237372e303530302b3030302e3130302f""}"
2026-07-18T15:47:18Z,862272088833183,Codec8E,2026-07-18 12:03:45.000 UTC,1784376225000,0,41.5791066,-8.4276899,99,181,15,44,0,"{""239"":1,""240"":1,""80"":1,""21"":5,""200"":0,""69"":1,""237"":2,""113"":100,""263"":1,""303"":1,""383"":3,""30"":0,""31"":38,""32"":57,""33"":249,""35"":62,""37"":49,""38"":225,""39"":49,""181"":10,""182"":7,""66"":14321,""24"":44,""206"":26,""67"":4079,""68"":0,""13"":46,""17"":7,""18"":131,""19"":-55,""15"":500,""13201"":369,""36"":2427,""40"":205,""43"":0,""241"":26801,""199"":3393,""16"":192309,""12"":770,""449"":0,""636"":110482483,""11"":893510181,""238"":0,""14"":2540732448,""387"":""2b3431353739312e303636372d303038343237362e393030302b3030302e3039392f""}"
2026-07-18T15:47:18Z,862272088833183,Codec8E,2026-07-18 12:03:48.000 UTC,1784376228000,0,41.5788133,-8.4277649,97,199,14,41,0,"{""239"":1,""240"":1,""80"":1,""21"":4,""200"":0,""69"":1,""237"":2,""113"":100,""263"":1,""303"":1,""383"":3,""30"":0,""31"":3,""32"":58,""33"":0,""35"":16,""37"":40,""38"":230,""39"":48,""181"":10,""182"":8,""66"":14316,""24"":41,""206"":26,""67"":4079,""68"":0,""13"":46,""17"":-7,""18"":108,""19"":122,""15"":500,""13201"":370,""36"":2048,""40"":244,""43"":0,""241"":26801,""199"":3427,""16"":192343,""12"":770,""449"":0,""636"":110482483,""11"":893510181,""238"":0,""14"":2540732448,""387"":""2b3431353738382e313333332d303038343237372e363530302b3030302e3039372f""}"
2026-07-18T15:47:18Z,862272088833183,Codec8E,2026-07-18 12:03:50.000 UTC,1784376230000,0,41.5786333,-8.4278916,95,210,14,41,0,"{""239"":1,""240"":1,""80"":1,""21"":4,""200"":0,""69"":1,""237"":2,""113"":100,""263"":1,""303"":1,""383"":3,""30"":0,""31"":3,""32"":58,""33"":0,""35"":16,""37"":40,""38"":230,""39"":48,""181"":10,""182"":8,""66"":14315,""24"":41,""206"":26,""67"":4078,""68"":0,""13"":46,""17"":-13,""18"":88,""19"":139,""15"":500,""13201"":370,""36"":2048,""40"":244,""43"":0,""241"":26801,""199"":3449,""16"":192365,""12"":770,""449"":0,""636"":110482483,""11"":893510181,""238"":0,""14"":2540732448,""387"":""2b3431353738362e333333332d303038343237382e393136372b3030302e3039352f""}"
2026-07-18T15:47:18Z,862272088833183,Codec8E,2026-07-18 12:03:52.000 UTC,1784376232000,0,41.5784449,-8.4281216,95,224,15,43,0,"{""239"":1,""240"":1,""80"":1,""21"":4,""200"":0,""69"":1,""237"":2,""113"":100,""263"":1,""303"":1,""383"":3,""30"":0,""31"":40,""32"":58,""33"":0,""35"":115,""37"":43,""38"":244,""39"":50,""181"":10,""182"":7,""66"":14290,""24"":43,""206"":26,""67"":4079,""68"":0,""13"":46,""17"":-50,""18"":175,""19"":74,""15"":500,""13201"":370,""36"":2159,""40"":1580,""43"":0,""241"":26801,""199"":3478,""16"":192394,""12"":770,""449"":0,""636"":110482483,""11"":893510181,""238"":0,""14"":2540732448,""387"":""2b3431353738342e343530302d303038343238312e323136372b3030302e3039352f""}"
2026-07-18T15:47:18Z,862272088833183,Codec8E,2026-07-18 12:03:54.000 UTC,1784376234000,0,41.5783000,-8.4284216,96,235,15,46,0,"{""239"":1,""240"":1,""80"":1,""21"":4,""200"":0,""69"":1,""237"":2,""113"":100,""263"":1,""303"":1,""383"":3,""30"":0,""31"":40,""32"":58,""33"":0,""35"":115,""37"":43,""38"":244,""39"":50,""181"":10,""182"":7,""66"":14336,""24"":46,""206"":26,""67"":4079,""68"":0,""13"":46,""17"":43,""18"":31,""19"":-7,""15"":500,""13201"":370,""36"":2159,""40"":1580,""43"":0,""241"":26801,""199"":3508,""16"":192424,""12"":770,""449"":0,""636"":110482483,""11"":893510181,""238"":0,""14"":2540732448,""387"":""2b3431353738332e303030302d303038343238342e323136372b3030302e3039362f""}"
2026-07-18T15:47:18Z,862272088833183,Codec8E,2026-07-18 12:04:01.000 UTC,1784376241000,0,41.5778250,-8.4294750,94,240,16,50,0,"{""239"":1,""240"":1,""80"":1,""21"":4,""200"":0,""69"":1,""237"":2,""113"":100,""263"":1,""303"":1,""383"":3,""30"":0,""31"":41,""32"":58,""33"":243,""35"":27,""37"":50,""38"":224,""39"":49,""181"":9,""182"":7,""66"":14347,""24"":50,""206"":26,""67"":4079,""68"":0,""13"":46,""17"":109,""18"":-24,""19"":-26,""15"":500,""13201"":369,""36"":2561,""40"":172,""43"":0,""241"":26801,""199"":3610,""16"":192526,""12"":770,""449"":0,""636"":110482483,""11"":893510181,""238"":0,""14"":2540732448,""387"":""2b3431353737382e323530302d303038343239342e373530302b3030302e3039342f""}"
2026-07-18T15:47:18Z,862272088833183,Codec8E,2026-07-18 12:04:09.000 UTC,1784376249000,0,41.5773783,-8.4305849,92,240,16,43,0,"{""239"":1,""240"":1,""80"":1,""21"":4,""200"":0,""69"":1,""237"":2,""113"":100,""263"":1,""303"":1,""383"":3,""30"":0,""31"":3,""32"":58,""33"":0,""35"":15,""37"":46,""38"":226,""39"":49,""181"":11,""182"":7,""66"":14323,""24"":43,""206"":26,""67"":4079,""68"":0,""13"":46,""17"":102,""18"":-4,""19"":-122,""15"":500,""13201"":369,""36"":2385,""40"":100,""43"":0,""241"":26801,""199"":3715,""16"":192631,""12"":770,""449"":0,""636"":110482483,""11"":893510181,""238"":0,""14"":2540732448,""387"":""2b3431353737332e373833332d303038343330352e383530302b3030302e3039322f""}"
2026-07-18T15:47:18Z,862272088833183,Codec8E,2026-07-18 12:04:12.000 UTC,1784376252000,0,41.5772783,-8.4308133,90,236,16,31,0,"{""239"":1,""240"":1,""80"":1,""21"":4,""200"":0,""69"":1,""237"":2,""113"":100,""263"":1,""303"":1,""383"":3,""30"":0,""31"":3,""32"":58,""33"":0,""35"":15,""37"":28,""38"":246,""39"":48,""181"":11,""182"":7,""66"":14270,""24"":31,""206"":26,""67"":4079,""68"":0,""13"":46,""17"":122,""18"":59,""19"":-190,""15"":500,""13201"":369,""36"":1506,""40"":127,""43"":0,""241"":26801,""199"":3737,""16"":192653,""12"":770,""449"":0,""636"":110482483,""11"":893510181,""238"":0,""14"":2540732448,""387"":""2b3431353737322e373833332d303038343330382e313333332b3030302e3039302f""}"
2026-07-18T15:47:19Z,862272088833183,Codec8E,2026-07-18 12:04:14.000 UTC,1784376254000,0,41.5772516,-8.4309100,90,258,16,22,0,"{""239"":1,""240"":1,""80"":1,""21"":4,""200"":0,""69"":1,""237"":2,""113"":100,""263"":1,""303"":1,""383"":3,""30"":0,""31"":3,""32"":58,""33"":0,""35"":15,""37"":28,""38"":246,""39"":48,""181"":10,""182"":7,""66"":14269,""24"":22,""206"":26,""67"":4079,""68"":0,""13"":46,""17"":139,""18"":63,""19"":-267,""15"":500,""13201"":369,""36"":1506,""40"":127,""43"":0,""241"":26801,""199"":3746,""16"":192662,""12"":770,""449"":0,""636"":110482483,""11"":893510181,""238"":0,""14"":2540732448,""387"":""2b3431353737322e353136372d303038343330392e313030302b3030302e3039302f""}"
2026-07-18T15:47:19Z,862272088833183,Codec8E,2026-07-18 12:04:15.000 UTC,1784376255000,0,41.5772616,-8.4309516,91,273,16,18,0,"{""239"":1,""240"":1,""80"":1,""21"":4,""200"":0,""69"":1,""237"":2,""113"":100,""263"":1,""303"":1,""383"":3,""30"":0,""31"":3,""32"":58,""33"":0,""35"":15,""37"":28,""38"":246,""39"":48,""181"":9,""182"":7,""66"":14272,""24"":18,""206"":26,""67"":4078,""68"":0,""13"":46,""17"":101,""18"":31,""19"":-183,""15"":500,""13201"":371,""36"":1506,""40"":127,""43"":0,""241"":26801,""199"":3750,""16"":192666,""12"":770,""449"":0,""636"":110482483,""11"":893510181,""238"":0,""14"":2540732448,""387"":""2b3431353737322e363136372d303038343330392e353136372b3030302e3039312f""}"
2026-07-18T15:47:19Z,862272088833183,Codec8E,2026-07-18 12:04:19.000 UTC,1784376259000,0,41.5772900,-8.4310400,89,286,16,9,0,"{""239"":1,""240"":1,""80"":1,""21"":4,""200"":0,""69"":1,""237"":2,""113"":100,""263"":1,""303"":1,""383"":3,""30"":0,""31"":10,""32"":58,""33"":21,""35"":31,""37"":10,""38"":253,""39"":47,""181"":9,""182"":7,""66"":14280,""24"":9,""206"":26,""67"":4079,""68"":0,""13"":46,""17"":80,""18"":-12,""19"":-208,""15"":500,""13201"":371,""36"":944,""40"":133,""43"":0,""241"":26801,""199"":3756,""16"":192672,""12"":770,""449"":0,""636"":110482483,""11"":893510181,""238"":0,""14"":2540732448,""387"":""2b3431353737322e393030302d303038343331302e343030302b3030302e3038392f""}"
2026-07-18T15:47:19Z,862272088833183,Codec8E,2026-07-18 12:04:20.000 UTC,1784376260000,0,41.5773033,-8.4310666,89,296,15,8,0,"{""239"":1,""240"":1,""80"":1,""21"":4,""200"":0,""69"":1,""237"":2,""113"":100,""263"":1,""303"":1,""383"":3,""30"":0,""31"":10,""32"":58,""33"":21,""35"":31,""37"":10,""38"":253,""39"":47,""181"":10,""182"":7,""66"":14276,""24"":8,""206"":26,""67"":4079,""68"":0,""13"":46,""17"":28,""18"":0,""19"":-126,""15"":500,""13201"":371,""36"":944,""40"":133,""43"":0,""241"":26801,""199"":3760,""16"":192676,""12"":770,""449"":0,""636"":110482483,""11"":893510181,""238"":0,""14"":2540732448,""387"":""2b3431353737332e303333332d303038343331302e363636372b3030302e3038392f""}"
2026-07-18T15:47:20Z,862272088833183,Codec8E,2026-07-18 12:04:21.000 UTC,1784376261000,0,41.5773083,-8.4310850,89,309,16,8,0,"{""239"":1,""240"":1,""80"":1,""21"":4,""200"":0,""69"":1,""237"":2,""113"":100,""263"":1,""303"":1,""383"":3,""30"":0,""31"":10,""32"":58,""33"":21,""35"":32,""37"":6,""38"":0,""39"":47,""181"":9,""182"":7,""66"":14270,""24"":8,""206"":26,""67"":4079,""68"":0,""13"":46,""17"":115,""18"":16,""19"":-202,""15"":500,""13201"":371,""36"":978,""40"":138,""43"":0,""241"":26801,""199"":3760,""16"":192676,""12"":770,""449"":0,""636"":110482483,""11"":893510181,""238"":0,""14"":2540732448,""387"":""2b3431353737332e303833332d303038343331302e383530302b3030302e3038392f""}"
2026-07-18T15:47:20Z,862272088833183,Codec8E,2026-07-18 12:04:37.000 UTC,1784376277000,0,41.5774800,-8.4311616,83,2,9,6,0,"{""239"":1,""240"":1,""80"":1,""21"":4,""200"":0,""69"":1,""237"":2,""113"":100,""263"":1,""303"":1,""383"":3,""30"":0,""31"":12,""32"":58,""33"":2,""35"":35,""37"":6,""38"":1,""39"":46,""181"":18,""182"":13,""66"":14331,""24"":6,""206"":26,""67"":4079,""68"":0,""13"":46,""17"":-102,""18"":39,""19"":119,""15"":500,""13201"":369,""36"":980,""40"":227,""43"":0,""241"":26801,""199"":3783,""16"":192699,""12"":770,""449"":0,""636"":110620724,""11"":893510181,""238"":0,""14"":2540732448,""387"":""2b3431353737342e383030302d303038343331312e363136372b3030302e3038332f""}"
2026-07-18T15:47:20Z,862272088833183,Codec8E,2026-07-18 12:05:07.000 UTC,1784376307000,0,41.5776016,-8.4311666,0,0,0,0,303,"{""239"":1,""240"":1,""80"":1,""21"":3,""200"":0,""69"":2,""237"":2,""113"":100,""263"":1,""303"":0,""383"":3,""30"":0,""31"":11,""32"":60,""33"":0,""35"":31,""37"":0,""38"":252,""39"":46,""181"":0,""182"":0,""66"":14290,""24"":0,""206"":26,""67"":4079,""68"":0,""13"":46,""17"":-28,""18"":28,""19"":-17,""15"":500,""13201"":369,""36"":901,""40"":138,""43"":0,""241"":26801,""199"":3798,""16"":192714,""12"":770,""449"":0,""636"":110620724,""11"":893510181,""238"":0,""14"":2540732448,""387"":""2b3431353737362e303136372d303038343331312e363636372b3030302e3030302f""}"
2026-07-18T15:47:20Z,862272088833183,Codec8E,2026-07-18 12:05:08.000 UTC,1784376308000,0,41.5776016,-8.4311666,0,0,0,0,303,"{""239"":1,""240"":1,""80"":1,""21"":3,""200"":0,""69"":2,""237"":2,""113"":100,""263"":1,""303"":1,""383"":3,""30"":0,""31"":11,""32"":60,""33"":0,""35"":31,""37"":0,""38"":252,""39"":46,""181"":0,""182"":0,""66"":14278,""24"":0,""206"":26,""67"":4076,""68"":0,""13"":46,""17"":-34,""18"":38,""19"":9,""15"":500,""13201"":369,""36"":901,""40"":138,""43"":0,""241"":26801,""199"":3798,""16"":192714,""12"":770,""449"":0,""636"":110620724,""11"":893510181,""238"":0,""14"":2540732448,""387"":""2b3431353737362e303136372d303038343331312e363636372b3030302e3030302f""}"
2026-07-18T15:47:20Z,862272088833183,Codec8E,2026-07-18 12:05:10.000 UTC,1784376310000,0,41.5776016,-8.4311666,0,0,0,0,303,"{""239"":1,""240"":1,""80"":1,""21"":3,""200"":0,""69"":2,""237"":2,""113"":100,""263"":1,""303"":0,""383"":3,""30"":0,""31"":11,""32"":60,""33"":0,""35"":31,""37"":0,""38"":252,""39"":46,""181"":0,""182"":0,""66"":14275,""24"":0,""206"":26,""67"":4075,""68"":0,""13"":46,""17"":-35,""18"":24,""19"":-4,""15"":500,""13201"":369,""36"":901,""40"":138,""43"":0,""241"":26801,""199"":3798,""16"":192714,""12"":770,""449"":0,""636"":110620724,""11"":893510181,""238"":0,""14"":2540732448,""387"":""2b3431353737362e303136372d303038343331312e363636372b3030302e3030302f""}"
2026-07-18T15:47:20Z,862272088833183,Codec8E,2026-07-18 12:05:25.000 UTC,1784376325000,0,41.5776016,-8.4311666,0,0,0,0,303,"{""239"":1,""240"":1,""80"":1,""21"":4,""200"":0,""69"":2,""237"":2,""113"":100,""263"":1,""303"":1,""383"":3,""30"":0,""31"":11,""32"":62,""33"":3,""35"":27,""37"":0,""38"":243,""39"":46,""181"":0,""182"":0,""66"":14280,""24"":0,""206"":26,""67"":4079,""68"":0,""13"":46,""17"":-38,""18"":24,""19"":7,""15"":500,""13201"":371,""36"":1087,""40"":272,""43"":0,""241"":26801,""199"":3798,""16"":192714,""12"":770,""449"":0,""636"":110620724,""11"":893510181,""238"":0,""14"":2540732448,""387"":""2b3431353737362e303136372d303038343331312e363636372b3030302e3030302f""}"
2026-07-18T15:47:20Z,862272088833183,Codec8E,2026-07-18 12:05:33.000 UTC,1784376333000,0,41.5776016,-8.4311666,0,0,0,0,303,"{""239"":1,""240"":1,""80"":1,""21"":4,""200"":0,""69"":2,""237"":2,""113"":100,""263"":1,""303"":0,""383"":3,""30"":0,""31"":12,""32"":63,""33"":0,""35"":33,""37"":0,""38"":249,""39"":46,""181"":0,""182"":0,""66"":14258,""24"":0,""206"":26,""67"":4079,""68"":0,""13"":46,""17"":-15,""18"":38,""19"":-12,""15"":500,""13201"":371,""36"":855,""40"":141,""43"":0,""241"":26801,""199"":3798,""16"":192714,""12"":770,""449"":0,""636"":110620724,""11"":893510181,""238"":0,""14"":2540732448,""387"":""2b3431353737362e303136372d303038343331312e363636372b3030302e3030302f""}"
2026-07-18T15:47:20Z,862272088833183,Codec8E,2026-07-18 12:05:41.000 UTC,1784376341000,0,41.5776016,-8.4311666,0,0,0,0,303,"{""239"":1,""240"":1,""80"":1,""21"":4,""200"":0,""69"":2,""237"":2,""113"":100,""263"":1,""303"":1,""383"":3,""30"":0,""31"":12,""32"":63,""33"":4,""35"":35,""37"":0,""38"":255,""39"":46,""181"":0,""182"":0,""66"":14311,""24"":0,""206"":26,""67"":4077,""68"":0,""13"":46,""17"":75,""18"":203,""19"":324,""15"":500,""13201"":372,""36"":908,""40"":150,""43"":0,""241"":26801,""199"":3798,""16"":192714,""12"":770,""449"":0,""636"":110620724,""11"":893510181,""238"":0,""14"":2540732448,""387"":""2b3431353737362e303136372d303038343331312e363636372b3030302e3030302f""}"
2026-07-18T15:47:21Z,862272088833183,Codec8E,2026-07-18 12:06:20.000 UTC,1784376380000,0,41.5776016,-8.4311666,0,0,0,0,303,"{""239"":1,""240"":1,""80"":1,""21"":4,""200"":0,""69"":2,""237"":2,""113"":100,""263"":1,""303"":0,""383"":3,""30"":0,""31"":11,""32"":65,""33"":0,""35"":33,""37"":0,""38"":254,""39"":47,""181"":0,""182"":0,""66"":12784,""24"":0,""206"":26,""67"":4079,""68"":0,""13"":46,""17"":-29,""18"":22,""19"":-19,""15"":500,""13201"":371,""36"":891,""40"":122,""43"":0,""241"":26801,""199"":3798,""16"":192714,""12"":770,""449"":0,""636"":110620723,""11"":893510181,""238"":0,""14"":2540732448,""387"":""2b3431353737362e303136372d303038343331312e363636372b3030302e3030302f""}"
2026-07-18T15:47:21Z,862272088833183,Codec8E,2026-07-18 12:06:22.000 UTC,1784376382000,0,41.5776016,-8.4311666,0,0,0,0,239,"{""239"":0,""240"":1,""80"":1,""21"":4,""200"":0,""69"":2,""237"":2,""113"":100,""263"":1,""303"":0,""383"":3,""30"":0,""31"":11,""32"":65,""33"":0,""35"":33,""37"":0,""38"":254,""39"":47,""181"":0,""182"":0,""66"":12800,""24"":0,""206"":26,""67"":4079,""68"":0,""13"":46,""17"":-26,""18"":22,""19"":-15,""15"":500,""13201"":371,""36"":891,""40"":122,""43"":0,""241"":26801,""199"":3798,""16"":192714,""12"":770,""449"":0,""636"":110620723,""11"":893510181,""238"":0,""14"":2540732448,""387"":""2b3431353737362e303136372d303038343331312e363636372b3030302e3030302f""}"
2026-07-18T15:47:21Z,862272088833183,Codec8E,2026-07-18 12:06:25.000 UTC,1784376385000,0,41.5776016,-8.4311666,0,0,0,0,303,"{""239"":0,""240"":1,""80"":1,""21"":4,""200"":0,""69"":2,""237"":2,""113"":100,""263"":1,""303"":1,""383"":3,""30"":0,""31"":11,""32"":65,""33"":0,""35"":33,""37"":0,""38"":254,""39"":47,""181"":0,""182"":0,""66"":12768,""24"":0,""206"":26,""67"":4076,""68"":0,""13"":46,""17"":-25,""18"":24,""19"":-25,""15"":500,""13201"":371,""36"":891,""40"":122,""43"":0,""241"":26801,""199"":3798,""16"":192714,""12"":770,""449"":0,""636"":110620723,""11"":893510181,""238"":0,""14"":2540732448,""387"":""2b3431353737362e303136372d303038343331312e363636372b3030302e3030302f""}"
2026-07-18T15:47:21Z,862272088833183,Codec8E,2026-07-18 12:06:31.000 UTC,1784376391000,0,41.5776016,-8.4311666,0,0,0,0,303,"{""239"":0,""240"":1,""80"":1,""21"":4,""200"":0,""69"":2,""237"":2,""113"":100,""263"":1,""303"":0,""383"":3,""181"":0,""182"":0,""66"":12682,""24"":0,""206"":26,""67"":4075,""68"":0,""13"":46,""17"":-17,""18"":2,""19"":0,""15"":500,""13201"":374,""241"":26801,""199"":3798,""16"":192714,""12"":770,""449"":0,""636"":110620723,""11"":893510181,""238"":0,""14"":2540732448,""387"":""2b3431353737362e303136372d303038343331312e363636372b3030302e3030302f""}"
2026-07-18T15:47:21Z,862272088833183,Codec8E,2026-07-18 12:06:32.000 UTC,1784376392000,0,41.5776016,-8.4311666,0,0,0,0,303,"{""239"":0,""240"":1,""80"":1,""21"":4,""200"":0,""69"":2,""237"":2,""113"":100,""263"":1,""303"":1,""383"":3,""181"":0,""182"":0,""66"":12680,""24"":0,""206"":26,""67"":4075,""68"":0,""13"":46,""17"":-27,""18"":22,""19"":-21,""15"":500,""13201"":374,""241"":26801,""199"":3798,""16"":192714,""12"":770,""449"":0,""636"":110620723,""11"":893510181,""238"":0,""14"":2540732448,""387"":""2b3431353737362e303136372d303038343331312e363636372b3030302e3030302f""}"
2026-07-18T15:47:22Z,862272088833183,Codec8E,2026-07-18 12:06:35.000 UTC,1784376395000,0,41.5776016,-8.4311666,0,0,0,0,303,"{""239"":0,""240"":1,""80"":1,""21"":4,""200"":0,""69"":2,""237"":2,""113"":100,""263"":1,""303"":0,""383"":3,""181"":0,""182"":0,""66"":12766,""24"":0,""206"":26,""67"":4075,""68"":0,""13"":46,""17"":-25,""18"":36,""19"":-19,""15"":500,""13201"":374,""241"":26801,""199"":3798,""16"":192714,""12"":770,""449"":0,""636"":110620723,""11"":893510181,""238"":0,""14"":2540732448,""387"":""2b3431353737362e303136372d303038343331312e363636372b3030302e3030302f""}"
2026-07-18T15:47:22Z,862272088833183,Codec8E,2026-07-18 12:06:44.000 UTC,1784376404000,0,41.5776016,-8.4311666,0,0,0,0,303,"{""239"":0,""240"":1,""80"":1,""21"":4,""200"":0,""69"":2,""237"":2,""113"":100,""263"":1,""303"":1,""383"":3,""181"":0,""182"":0,""66"":12809,""24"":0,""206"":26,""67"":4075,""68"":0,""13"":46,""17"":-27,""18"":22,""19"":-22,""15"":500,""13201"":374,""241"":26801,""199"":3798,""16"":192714,""12"":770,""449"":0,""636"":110620723,""11"":893510181,""238"":0,""14"":2540732448,""387"":""2b3431353737362e303136372d303038343331312e363636372b3030302e3030302f""}"
2026-07-18T15:47:22Z,862272088833183,Codec8E,2026-07-18 12:06:53.000 UTC,1784376413000,0,41.5776016,-8.4311666,0,0,0,0,303,"{""239"":0,""240"":1,""80"":1,""21"":4,""200"":0,""69"":2,""237"":2,""113"":100,""263"":1,""303"":0,""383"":3,""181"":0,""182"":0,""66"":12845,""24"":0,""206"":26,""67"":4075,""68"":0,""13"":46,""17"":-30,""18"":22,""19"":-19,""15"":500,""13201"":373,""241"":26801,""199"":3798,""16"":192714,""12"":770,""449"":0,""636"":110620723,""11"":893510181,""238"":0,""14"":2540732448,""387"":""2b3431353737362e303136372d303038343331312e363636372b3030302e3030302f""}"
2026-07-18T15:47:22Z,862272088833183,Codec8E,2026-07-18 12:06:58.000 UTC,1784376418000,0,41.5776016,-8.4311666,0,0,0,0,303,"{""239"":0,""240"":1,""80"":1,""21"":4,""200"":0,""69"":2,""237"":2,""113"":100,""263"":1,""303"":1,""383"":3,""181"":0,""182"":0,""66"":12832,""24"":0,""206"":26,""67"":4075,""68"":0,""13"":46,""17"":-26,""18"":38,""19"":-3,""15"":500,""13201"":372,""241"":26801,""199"":3798,""16"":192714,""12"":770,""449"":0,""636"":110620723,""11"":893510181,""238"":0,""14"":2540732448,""387"":""2b3431353737362e303136372d303038343331312e363636372b3030302e3030302f""}"
2026-07-18T15:47:22Z,862272088833183,Codec8E,2026-07-18 12:07:03.000 UTC,1784376423000,0,41.5776016,-8.4311666,0,0,0,0,303,"{""239"":0,""240"":1,""80"":1,""21"":4,""200"":0,""69"":2,""237"":2,""113"":100,""263"":1,""303"":0,""383"":3,""181"":0,""182"":0,""66"":12801,""24"":0,""206"":26,""67"":4075,""68"":0,""13"":46,""17"":-26,""18"":23,""19"":-13,""15"":500,""13201"":373,""241"":26801,""199"":3798,""16"":192714,""12"":770,""449"":0,""636"":110620723,""11"":893510181,""238"":0,""14"":2540732448,""387"":""2b3431353737362e303136372d303038343331312e363636372b3030302e3030302f""}"
2026-07-18T15:49:19Z,862272088833183,Codec8E,2026-07-18 12:08:02.000 UTC,1784376482000,0,41.5776016,-8.4311666,0,0,0,0,240,"{""239"":0,""240"":0,""80"":0,""21"":4,""200"":0,""69"":2,""237"":2,""113"":100,""263"":1,""303"":0,""383"":3,""181"":0,""182"":0,""66"":12853,""24"":0,""206"":26,""67"":4075,""68"":0,""13"":46,""17"":-35,""18"":22,""19"":-17,""15"":1000,""13201"":372,""241"":26801,""199"":0,""16"":192714,""12"":770,""449"":0,""636"":110620723,""11"":893510181,""238"":0,""14"":2540732448,""387"":""2b3431353737362e303136372d303038343331312e363636372b3030302e3030302f""}"
2026-07-18T15:49:19Z,862272088833183,Codec8E,2026-07-18 12:59:50.000 UTC,1784379590000,0,41.5776016,-8.4311666,0,0,0,0,303,"{""239"":0,""240"":0,""80"":0,""21"":4,""200"":0,""69"":2,""237"":2,""113"":100,""263"":1,""303"":1,""383"":3,""181"":0,""182"":0,""66"":12647,""24"":0,""206"":26,""67"":4075,""68"":0,""13"":46,""17"":4,""18"":56,""19"":-12,""15"":1000,""13201"":389,""241"":26801,""199"":0,""16"":192714,""12"":770,""449"":0,""636"":110620723,""11"":893510181,""238"":0,""14"":2540732448,""387"":""2b3431353737362e303136372d303038343331312e363636372b3030302e3030302f""}"
2026-07-18T15:49:19Z,862272088833183,Codec8E,2026-07-18 12:59:52.000 UTC,1784379592000,0,41.5776016,-8.4311666,0,0,0,0,303,"{""239"":0,""240"":0,""80"":0,""21"":4,""200"":0,""69"":2,""237"":2,""113"":100,""263"":1,""303"":0,""383"":3,""181"":0,""182"":0,""66"":12614,""24"":0,""206"":26,""67"":4075,""68"":0,""13"":46,""17"":-29,""18"":22,""19"":-19,""15"":1000,""13201"":389,""241"":26801,""199"":0,""16"":192714,""12"":770,""449"":0,""636"":110620723,""11"":893510181,""238"":0,""14"":2540732448,""387"":""2b3431353737362e303136372d303038343331312e363636372b3030302e3030302f""}"
2026-07-18T15:49:19Z,862272088833183,Codec8E,2026-07-18 13:00:03.000 UTC,1784379603000,0,41.5776016,-8.4311666,0,0,0,0,303,"{""239"":0,""240"":0,""80"":0,""21"":3,""200"":0,""69"":2,""237"":2,""113"":100,""263"":1,""303"":1,""383"":3,""181"":0,""182"":0,""66"":11807,""24"":0,""206"":26,""67"":4075,""68"":0,""13"":46,""17"":-15,""18"":26,""19"":-14,""15"":1000,""13201"":391,""241"":26801,""199"":0,""16"":192714,""12"":770,""449"":0,""636"":110620723,""11"":893510181,""238"":0,""14"":2540732448,""387"":""2b3431353737362e303136372d303038343331312e363636372b3030302e3030302f""}"
2026-07-18T15:49:19Z,862272088833183,Codec8E,2026-07-18 13:00:05.000 UTC,1784379605000,0,41.5776016,-8.4311666,0,0,0,0,303,"{""239"":0,""240"":0,""80"":0,""21"":3,""200"":0,""69"":2,""237"":2,""113"":100,""263"":1,""303"":0,""383"":3,""181"":0,""182"":0,""66"":11820,""24"":0,""206"":26,""67"":4078,""68"":0,""13"":46,""17"":-35,""18"":23,""19"":1,""15"":1000,""13201"":389,""241"":26801,""199"":0,""16"":192714,""12"":770,""449"":0,""636"":110620723,""11"":893510181,""238"":0,""14"":2540732448,""387"":""2b3431353737362e303136372d303038343331312e363636372b3030302e3030302f""}"
2026-07-18T15:49:20Z,862272088833183,Codec8E,2026-07-18 13:00:11.000 UTC,1784379611000,0,41.5776016,-8.4311666,0,0,0,0,239,"{""239"":1,""240"":0,""80"":0,""21"":3,""200"":0,""69"":2,""237"":2,""113"":100,""263"":1,""303"":0,""383"":3,""181"":0,""182"":0,""66"":14040,""24"":0,""206"":26,""67"":4079,""68"":0,""13"":43,""17"":-28,""18"":18,""19"":-20,""15"":1000,""13201"":389,""241"":26801,""199"":0,""16"":192714,""12"":771,""449"":0,""636"":110620723,""11"":893510181,""238"":0,""14"":2540732448,""387"":""2b3431353737362e303136372d303038343331312e363636372b3030302e3030302f""}"
2026-07-18T15:49:20Z,862272088833183,Codec8E,2026-07-18 13:00:24.000 UTC,1784379624000,0,41.5776016,-8.4311666,0,0,0,0,303,"{""239"":1,""240"":0,""80"":0,""21"":4,""200"":0,""69"":2,""237"":2,""113"":100,""263"":1,""303"":1,""383"":3,""30"":0,""31"":13,""32"":52,""33"":0,""35"":34,""37"":0,""38"":243,""39"":52,""181"":0,""182"":0,""66"":14154,""24"":0,""206"":26,""67"":4079,""68"":0,""13"":43,""17"":-43,""18"":151,""19"":122,""15"":1000,""13201"":392,""36"":1270,""40"":258,""43"":0,""241"":26801,""199"":0,""16"":192714,""12"":774,""449"":0,""636"":110620723,""11"":893510181,""238"":0,""14"":2540732448,""387"":""2b3431353737362e303136372d303038343331312e363636372b3030302e3030302f""}"
2026-07-18T15:49:20Z,862272088833183,Codec8E,2026-07-18 13:00:26.000 UTC,1784379626000,0,41.5776016,-8.4311666,0,0,0,0,240,"{""239"":1,""240"":1,""80"":1,""21"":4,""200"":0,""69"":2,""237"":2,""113"":100,""263"":1,""303"":1,""383"":3,""30"":0,""31"":10,""32"":51,""33"":0,""35"":36,""37"":0,""38"":243,""39"":52,""181"":0,""182"":0,""66"":14152,""24"":0,""206"":26,""67"":4078,""68"":0,""13"":43,""17"":-90,""18"":96,""19"":87,""15"":1000,""13201"":392,""36"":1054,""40"":669,""43"":0,""241"":26801,""199"":0,""16"":192714,""12"":774,""449"":0,""636"":110620723,""11"":893510181,""238"":0,""14"":2540732448,""387"":""2b3431353737362e303136372d303038343331312e363636372b3030302e3030302f""}"
2026-07-18T15:49:20Z,862272088833183,Codec8E,2026-07-18 13:00:46.000 UTC,1784379646000,0,41.5776016,-8.4311666,0,0,0,0,303,"{""239"":1,""240"":1,""80"":1,""21"":5,""200"":0,""69"":2,""237"":2,""113"":0,""263"":1,""303"":1,""383"":3,""181"":0,""182"":0,""66"":14160,""24"":0,""206"":26,""67"":0,""68"":0,""13"":43,""17"":-75,""18"":248,""19"":72,""15"":0,""13201"":394,""241"":26801,""199"":0,""16"":192714,""12"":774,""449"":0,""636"":110620684,""11"":893510181,""238"":0,""14"":2540732448,""387"":""2b3431353737362e303136372d303038343331312e363636372b3030302e3030302f""}"
2026-07-18T15:49:20Z,862272088833183,Codec8E,2026-07-18 13:04:03.000 UTC,1784379843000,0,41.5620233,-8.4187216,195,192,10,48,0,"{""239"":1,""240"":1,""80"":1,""21"":5,""200"":0,""69"":1,""237"":2,""113"":96,""263"":1,""303"":1,""383"":3,""30"":0,""31"":21,""32"":66,""33"":1,""35"":18,""37"":62,""38"":227,""39"":46,""181"":15,""182"":12,""66"":14108,""24"":48,""206"":26,""67"":4121,""68"":43,""13"":43,""17"":54,""18"":-17,""19"":-42,""15"":0,""13201"":406,""36"":2303,""40"":119,""43"":0,""241"":26801,""199"":0,""16"":192714,""12"":774,""449"":0,""636"":110154803,""389"":0,""11"":893510181,""238"":0,""14"":2540732448,""387"":""2b3431353632302e323333332d303038343138372e323136372b3030302e3139352f""}"
2026-07-18T15:49:20Z,862272088833183,Codec8E,2026-07-18 13:04:05.000 UTC,1784379845000,0,41.5618983,-8.4187633,196,193,10,38,0,"{""239"":1,""240"":1,""80"":1,""21"":5,""200"":0,""69"":1,""237"":2,""113"":96,""263"":1,""303"":1,""383"":3,""30"":0,""31"":4,""32"":66,""33"":3,""35"":19,""37"":31,""38"":243,""39"":47,""181"":23,""182"":15,""66"":14116,""24"":38,""206"":26,""67"":4121,""68"":43,""13"":43,""17"":106,""18"":-20,""19"":-143,""15"":1000,""13201"":406,""36"":799,""40"":141,""43"":0,""241"":26801,""199"":14,""16"":192728,""12"":774,""449"":0,""636"":110154803,""389"":0,""11"":893510181,""238"":0,""14"":2540732448,""387"":""2b3431353631382e393833332d303038343138372e363333332b3030302e3139362f""}"
2026-07-18T15:49:20Z,862272088833183,Codec8E,2026-07-18 13:04:07.000 UTC,1784379847000,0,41.5618100,-8.4187983,196,195,10,28,0,"{""239"":1,""240"":1,""80"":1,""21"":5,""200"":0,""69"":1,""237"":2,""113"":96,""263"":1,""303"":1,""383"":3,""30"":0,""31"":4,""32"":66,""33"":3,""35"":19,""37"":31,""38"":243,""39"":47,""181"":23,""182"":15,""66"":14145,""24"":28,""206"":26,""67"":4121,""68"":42,""13"":43,""17"":81,""18"":-6,""19"":-164,""15"":1000,""13201"":406,""36"":799,""40"":141,""43"":0,""241"":26801,""199"":24,""16"":192738,""12"":774,""449"":0,""636"":110154803,""389"":0,""11"":893510181,""238"":0,""14"":2540732448,""387"":""2b3431353631382e313030302d303038343138372e393833332b3030302e3139362f""}"
2026-07-18T15:49:20Z,862272088833183,Codec8E,2026-07-18 13:04:10.000 UTC,1784379850000,0,41.5617533,-8.4188233,197,202,10,16,0,"{""239"":1,""240"":1,""80"":1,""21"":5,""200"":0,""69"":1,""237"":2,""113"":96,""263"":1,""303"":1,""383"":3,""30"":0,""31"":12,""32"":66,""33"":25,""35"":35,""37"":10,""38"":0,""39"":47,""181"":23,""182"":15,""66"":14150,""24"":16,""206"":26,""67"":4121,""68"":42,""13"":43,""17"":54,""18"":-9,""19"":-127,""15"":1000,""13201"":406,""36"":915,""40"":152,""43"":0,""241"":26801,""199"":31,""16"":192745,""12"":774,""449"":0,""636"":110154803,""389"":0,""11"":893510181,""238"":0,""14"":2540732448,""387"":""2b3431353631372e353333332d303038343138382e323333332b3030302e3139372f""}"
2026-07-18T15:49:20Z,862272088833183,Codec8E,2026-07-18 13:04:13.000 UTC,1784379853000,0,41.5617350,-8.4188416,197,202,10,6,0,"{""239"":1,""240"":1,""80"":1,""21"":5,""200"":0,""69"":1,""237"":2,""113"":96,""263"":1,""303"":1,""383"":3,""30"":0,""31"":12,""32"":66,""33"":25,""35"":35,""37"":10,""38"":0,""39"":47,""181"":15,""182"":12,""66"":14188,""24"":6,""206"":26,""67"":4121,""68"":42,""13"":43,""17"":-158,""18"":-4,""19"":244,""15"":1000,""13201"":406,""36"":915,""40"":152,""43"":0,""241"":26801,""199"":33,""16"":192747,""12"":774,""449"":0,""636"":110154803,""389"":0,""11"":893510181,""238"":0,""14"":2540732448,""387"":""2b3431353631372e333530302d303038343138382e343136372b3030302e3139372f""}"
2026-07-18T15:49:22Z,862272088833183,Codec8E,2026-07-18 13:04:17.000 UTC,1784379857000,0,41.5615783,-8.4189283,197,201,10,16,0,"{""239"":1,""240"":1,""80"":1,""21"":5,""200"":0,""69"":1,""237"":2,""113"":96,""263"":1,""303"":1,""383"":3,""30"":0,""31"":14,""32"":66,""33"":7,""35"":38,""37"":0,""38"":244,""39"":47,""181"":23,""182"":15,""66"":14183,""24"":16,""206"":26,""67"":4121,""68"":42,""13"":43,""17"":-49,""18"":-93,""19"":145,""15"":1000,""13201"":407,""36"":901,""40"":705,""43"":0,""241"":26801,""199"":52,""16"":192766,""12"":774,""449"":0,""636"":110357045,""389"":0,""11"":893510181,""238"":0,""14"":2540732448,""387"":""2b3431353631352e373833332d303038343138392e323833332b3030302e3139372f""}"
2026-07-18T15:49:22Z,862272088833183,Codec8E,2026-07-18 13:04:19.000 UTC,1784379859000,0,41.5613933,-8.4190250,197,197,10,27,0,"{""239"":1,""240"":1,""80"":1,""21"":5,""200"":0,""69"":1,""237"":2,""113"":96,""263"":1,""303"":1,""383"":3,""30"":0,""31"":48,""32"":67,""33"":7,""35"":130,""37"":31,""38"":233,""39"":45,""181"":24,""182"":15,""66"":14169,""24"":27,""206"":26,""67"":4121,""68"":42,""13"":43,""17"":71,""18"":-32,""19"":78,""15"":1000,""13201"":407,""36"":3899,""40"":2480,""43"":0,""241"":26801,""199"":74,""16"":192788,""12"":774,""449"":0,""636"":110154803,""389"":0,""11"":893510181,""238"":0,""14"":2540732448,""387"":""2b3431353631332e393333332d303038343139302e323530302b3030302e3139372f""}"
2026-07-18T15:49:22Z,862272088833183,Codec8E,2026-07-18 13:04:22.000 UTC,1784379862000,0,41.5610416,-8.4191233,196,190,10,39,0,"{""239"":1,""240"":1,""80"":1,""21"":5,""200"":0,""69"":1,""237"":2,""113"":96,""263"":1,""303"":1,""383"":3,""30"":0,""31"":48,""32"":67,""33"":7,""35"":130,""37"":31,""38"":233,""39"":45,""181"":23,""182"":15,""66"":14190,""24"":39,""206"":26,""67"":4123,""68"":42,""13"":43,""17"":6,""18"":34,""19"":-49,""15"":1000,""13201"":407,""36"":3899,""40"":2480,""43"":0,""241"":26801,""199"":114,""16"":192828,""12"":774,""449"":0,""636"":110154803,""389"":0,""11"":893510181,""238"":0,""14"":2540732448,""387"":""2b3431353631302e343136372d303038343139312e323333332b3030302e3139362f""}"
2026-07-18T15:49:22Z,862272088833183,Codec8E,2026-07-18 13:04:26.000 UTC,1784379866000,0,41.5605833,-8.4191900,197,176,10,43,0,"{""239"":1,""240"":1,""80"":1,""21"":5,""200"":0,""69"":1,""237"":2,""113"":96,""263"":1,""303"":1,""383"":3,""30"":0,""31"":7,""32"":67,""33"":253,""35"":119,""37"":50,""38"":230,""39"":44,""181"":23,""182"":15,""66"":14190,""24"":43,""206"":26,""67"":4124,""68"":41,""13"":43,""17"":-76,""18"":-53,""19"":80,""15"":1000,""13201"":407,""36"":3272,""40"":261,""43"":0,""241"":26801,""199"":166,""16"":192880,""12"":774,""449"":0,""636"":110154803,""389"":0,""11"":893510181,""238"":0,""14"":2540732448,""387"":""2b3431353630352e383333332d303038343139312e393030302b3030302e3139372f""}"
2026-07-18T15:49:22Z,862272088833183,Codec8E,2026-07-18 13:04:28.000 UTC,1784379868000,0,41.5603666,-8.4191383,198,165,10,43,0,"{""239"":1,""240"":1,""80"":1,""21"":5,""200"":0,""69"":1,""237"":2,""113"":96,""263"":1,""303"":1,""383"":3,""30"":0,""31"":7,""32"":67,""33"":252,""35"":64,""37"":43,""38"":238,""39"":45,""181"":17,""182"":13,""66"":14201,""24"":43,""206"":26,""67"":4125,""68"":41,""13"":43,""17"":89,""18"":-24,""19"":33,""15"":1000,""13201"":407,""36"":2898,""40"":530,""43"":0,""241"":26801,""199"":190,""16"":192904,""12"":774,""449"":0,""636"":110154803,""389"":0,""11"":893510181,""238"":0,""14"":2540732448,""387"":""2b3431353630332e363636372d303038343139312e333833332b3030302e3139382f""}"
2026-07-18T15:49:22Z,862272088833183,Codec8E,2026-07-18 13:04:33.000 UTC,1784379873000,0,41.5598683,-8.4188883,199,155,9,42,0,"{""239"":1,""240"":1,""80"":1,""21"":5,""200"":0,""69"":1,""237"":2,""113"":96,""263"":1,""303"":1,""383"":3,""30"":0,""31"":14,""32"":68,""33"":1,""35"":51,""37"":42,""38"":240,""39"":45,""181"":16,""182"":13,""66"":14191,""24"":42,""206"":26,""67"":4126,""68"":41,""13"":43,""17"":224,""18"":201,""19"":648,""15"":1000,""13201"":407,""36"":2781,""40"":916,""43"":0,""241"":26801,""199"":249,""16"":192963,""12"":774,""449"":0,""636"":110154813,""389"":0,""11"":893510181,""238"":0,""14"":2540732448,""387"":""2b3431353539382e363833332d303038343138382e383833332b3030302e3139392f""}"
2026-07-18T15:49:22Z,862272088833183,Codec8E,2026-07-18 13:04:40.000 UTC,1784379880000,0,41.5592266,-8.4185733,202,165,10,41,0,"{""239"":1,""240"":1,""80"":1,""21"":5,""200"":0,""69"":1,""237"":2,""113"":96,""263"":1,""303"":1,""383"":3,""30"":0,""31"":9,""32"":68,""33"":0,""35"":17,""37"":36,""38"":240,""39"":46,""181"":15,""182"":12,""66"":14204,""24"":41,""206"":26,""67"":4126,""68"":41,""13"":43,""17"":17,""18"":-34,""19"":46,""15"":1000,""13201"":408,""36"":1835,""40"":1047,""43"":0,""241"":26801,""199"":325,""16"":193039,""12"":774,""449"":0,""636"":110154813,""389"":0,""11"":893510181,""238"":0,""14"":2540732448,""387"":""2b3431353539322e323636372d303038343138352e373333332b3030302e3230322f""}"
2026-07-18T15:49:22Z,862272088833183,Codec8E,2026-07-18 13:04:45.000 UTC,1784379885000,0,41.5587750,-8.4182966,204,154,10,39,0,"{""239"":1,""240"":1,""80"":1,""21"":5,""200"":0,""69"":1,""237"":2,""113"":96,""263"":1,""303"":1,""383"":3,""30"":0,""31"":53,""32"":68,""33"":1,""35"":122,""37"":42,""38"":242,""39"":44,""181"":15,""182"":12,""66"":14195,""24"":39,""206"":26,""67"":4126,""68"":41,""13"":43,""17"":3,""18"":-15,""19"":32,""15"":1000,""13201"":408,""36"":2073,""40"":286,""43"":0,""241"":26801,""199"":381,""16"":193095,""12"":774,""449"":0,""636"":110154813,""389"":0,""11"":893510181,""238"":0,""14"":2540732448,""387"":""2b3431353538372e373530302d303038343138322e393636372b3030302e3230342f""}"
2026-07-18T15:49:23Z,862272088833183,Codec8E,2026-07-18 13:04:52.000 UTC,1784379892000,0,41.5581966,-8.4179750,207,164,10,35,0,"{""239"":1,""240"":1,""80"":1,""21"":5,""200"":0,""69"":1,""237"":2,""113"":96,""263"":1,""303"":1,""383"":3,""30"":0,""31"":27,""32"":69,""33"":4,""35"":33,""37"":36,""38"":235,""39"":44,""181"":15,""182"":12,""66"":14193,""24"":35,""206"":26,""67"":4126,""68"":40,""13"":43,""17"":262,""18"":78,""19"":5,""15"":1000,""13201"":408,""36"":1817,""40"":677,""43"":0,""241"":26801,""199"":450,""16"":193164,""12"":774,""449"":0,""636"":110154813,""389"":0,""11"":893510181,""238"":0,""14"":2540732448,""387"":""2b3431353538312e393636372d303038343137392e373530302b3030302e3230372f""}"
2026-07-18T15:49:23Z,862272088833183,Codec8E,2026-07-18 13:04:54.000 UTC,1784379894000,0,41.5580333,-8.4179516,208,174,10,34,0,"{""239"":1,""240"":1,""80"":1,""21"":5,""200"":0,""69"":1,""237"":2,""113"":96,""263"":1,""303"":1,""383"":3,""30"":0,""31"":27,""32"":69,""33"":4,""35"":33,""37"":36,""38"":235,""39"":44,""181"":15,""182"":12,""66"":14178,""24"":34,""206"":26,""67"":4126,""68"":40,""13"":43,""17"":333,""18"":244,""19"":182,""15"":1000,""13201"":408,""36"":1817,""40"":677,""43"":0,""241"":26801,""199"":469,""16"":193183,""12"":774,""449"":0,""636"":110154813,""389"":0,""11"":893510181,""238"":0,""14"":2540732448,""387"":""2b3431353538302e333333332d303038343137392e353136372b3030302e3230382f""}"
2026-07-18T15:49:23Z,862272088833183,Codec8E,2026-07-18 13:04:59.000 UTC,1784379899000,0,41.5576483,-8.4179116,209,163,10,31,0,"{""239"":1,""240"":1,""80"":1,""21"":5,""200"":0,""69"":1,""237"":2,""113"":96,""263"":1,""303"":1,""383"":3,""30"":0,""31"":16,""32"":69,""33"":253,""35"":78,""37"":32,""38"":233,""39"":44,""181"":15,""182"":12,""66"":14200,""24"":31,""206"":26,""67"":4126,""68"":40,""13"":43,""17"":1,""18"":-146,""19"":40,""15"":1000,""13201"":408,""36"":1647,""40"":822,""43"":0,""241"":26801,""199"":512,""16"":193226,""12"":774,""449"":0,""636"":110154813,""389"":0,""11"":893510181,""238"":0,""14"":2540732448,""387"":""2b3431353537362e343833332d303038343137392e313136372b3030302e3230392f""}"
2026-07-18T15:49:23Z,862272088833183,Codec8E,2026-07-18 13:05:01.000 UTC,1784379901000,0,41.5575350,-8.4178183,210,139,10,30,0,"{""239"":1,""240"":1,""80"":1,""21"":5,""200"":0,""69"":1,""237"":2,""113"":96,""263"":1,""303"":1,""383"":3,""30"":0,""31"":48,""32"":69,""33"":0,""35"":98,""37"":33,""38"":240,""39"":44,""181"":17,""182"":13,""66"":14187,""24"":30,""206"":26,""67"":4126,""68"":40,""13"":43,""17"":-29,""18"":-36,""19"":-7,""15"":1000,""13201"":408,""36"":2205,""40"":511,""43"":0,""241"":26801,""199"":527,""16"":193241,""12"":774,""449"":0,""636"":110154813,""389"":0,""11"":893510181,""238"":0,""14"":2540732448,""387"":""2b3431353537352e333530302d303038343137382e313833332b3030302e3231302f""}"
2026-07-18T15:51:20Z,862272088833183,Codec8E,2026-07-18 13:05:02.000 UTC,1784379902000,0,41.5575016,-8.4177583,210,127,10,28,0,"{""239"":1,""240"":1,""80"":1,""21"":5,""200"":0,""69"":1,""237"":2,""113"":96,""263"":1,""303"":1,""383"":3,""30"":0,""31"":48,""32"":69,""33"":0,""35"":98,""37"":33,""38"":240,""39"":44,""181"":15,""182"":12,""66"":14184,""24"":28,""206"":26,""67"":4126,""68"":40,""13"":43,""17"":135,""18"":75,""19"":-244,""15"":1000,""13201"":408,""36"":2205,""40"":511,""43"":0,""241"":26801,""199"":533,""16"":193247,""12"":774,""449"":0,""636"":110154813,""389"":0,""11"":893510181,""238"":0,""14"":2540732448,""387"":""2b3431353537352e303136372d303038343137372e353833332b3030302e3231302f""}"
2026-07-18T15:51:20Z,862272088833183,Codec8E,2026-07-18 13:05:03.000 UTC,1784379903000,0,41.5574850,-8.4177083,211,116,10,25,0,"{""239"":1,""240"":1,""80"":1,""21"":5,""200"":0,""69"":1,""237"":2,""113"":96,""263"":1,""303"":1,""383"":3,""30"":0,""31"":48,""32"":69,""33"":0,""35"":98,""37"":33,""38"":240,""39"":44,""181"":21,""182"":14,""66"":14137,""24"":25,""206"":26,""67"":4126,""68"":40,""13"":43,""17"":-12,""18"":90,""19"":-10,""15"":1000,""13201"":408,""36"":2205,""40"":511,""43"":0,""241"":26801,""199"":537,""16"":193251,""12"":774,""449"":0,""636"":110154813,""389"":0,""11"":893510181,""238"":0,""14"":2540732448,""387"":""2b3431353537342e383530302d303038343137372e303833332b3030302e3231312f""}"
2026-07-18T15:51:20Z,862272088833183,Codec8E,2026-07-18 13:05:06.000 UTC,1784379906000,0,41.5574566,-8.4176249,212,116,10,15,0,"{""239"":1,""240"":1,""80"":1,""21"":5,""200"":0,""69"":1,""237"":2,""113"":96,""263"":1,""303"":1,""383"":3,""30"":0,""31"":40,""32"":69,""33"":253,""35"":24,""37"":19,""38"":243,""39"":44,""181"":15,""182"":12,""66"":14177,""24"":15,""206"":26,""67"":4126,""68"":40,""13"":43,""17"":0,""18"":105,""19"":146,""15"":1000,""13201"":409,""36"":1394,""40"":141,""43"":0,""241"":26801,""199"":545,""16"":193259,""12"":774,""449"":0,""636"":110154813,""389"":0,""11"":893510181,""238"":0,""14"":2540732448,""387"":""2b3431353537342e353636372d303038343137362e323530302b3030302e3231322f""}"
2026-07-18T15:51:20Z,862272088833183,Codec8E,2026-07-18 13:05:07.000 UTC,1784379907000,0,41.5574483,-8.4176033,212,128,10,13,0,"{""239"":1,""240"":1,""80"":1,""21"":5,""200"":0,""69"":1,""237"":2,""113"":96,""263"":1,""303"":1,""383"":3,""30"":0,""31"":40,""32"":69,""33"":253,""35"":24,""37"":19,""38"":243,""39"":44,""181"":15,""182"":12,""66"":14188,""24"":13,""206"":26,""67"":4126,""68"":40,""13"":43,""17"":73,""18"":109,""19"":135,""15"":1000,""13201"":410,""36"":1394,""40"":141,""43"":0,""241"":26801,""199"":545,""16"":193259,""12"":774,""449"":0,""636"":110154813,""389"":0,""11"":893510181,""238"":0,""14"":2540732448,""387"":""2b3431353537342e343833332d303038343137362e303333332b3030302e3231322f""}"
2026-07-18T15:51:21Z,862272088833183,Codec8E,2026-07-18 13:05:09.000 UTC,1784379909000,0,41.5574133,-8.4175400,213,139,10,13,0,"{""239"":1,""240"":1,""80"":1,""21"":5,""200"":0,""69"":1,""237"":2,""113"":96,""263"":1,""303"":1,""383"":3,""30"":0,""31"":13,""32"":69,""33"":3,""35"":47,""37"":6,""38"":246,""39"":45,""181"":15,""182"":12,""66"":14188,""24"":13,""206"":26,""67"":4126,""68"":40,""13"":43,""17"":270,""18"":262,""19"":497,""15"":1000,""13201"":410,""36"":1488,""40"":769,""43"":0,""241"":26801,""199"":554,""16"":193268,""12"":774,""449"":0,""636"":110154813,""389"":0,""11"":893510181,""238"":0,""14"":2540732448,""387"":""2b3431353537342e313333332d303038343137352e343030302b3030302e3231332f""}"
2026-07-18T15:51:21Z,862272088833183,Codec8E,2026-07-18 13:05:10.000 UTC,1784379910000,0,41.5573833,-8.4175133,213,158,9,13,0,"{""239"":1,""240"":1,""80"":1,""21"":5,""200"":0,""69"":1,""237"":2,""113"":96,""263"":1,""303"":1,""383"":3,""30"":0,""31"":13,""32"":69,""33"":3,""35"":47,""37"":6,""38"":246,""39"":45,""181"":16,""182"":13,""66"":14191,""24"":13,""206"":26,""67"":4126,""68"":40,""13"":43,""17"":165,""18"":292,""19"":293,""15"":1000,""13201"":410,""36"":1488,""40"":769,""43"":0,""241"":26801,""199"":558,""16"":193272,""12"":774,""449"":0,""636"":110154813,""389"":0,""11"":893510181,""238"":0,""14"":2540732448,""387"":""2b3431353537332e383333332d303038343137352e313333332b3030302e3231332f""}"
2026-07-18T15:51:21Z,862272088833183,Codec8E,2026-07-18 13:05:13.000 UTC,1784379913000,0,41.5572233,-8.4174516,214,168,10,18,0,"{""239"":1,""240"":1,""80"":1,""21"":5,""200"":0,""69"":1,""237"":2,""113"":96,""263"":1,""303"":1,""383"":3,""30"":0,""31"":43,""32"":70,""33"":0,""35"":94,""37"":21,""38"":238,""39"":44,""181"":15,""182"":12,""66"":14194,""24"":18,""206"":26,""67"":4127,""68"":39,""13"":43,""17"":204,""18"":-5,""19"":118,""15"":1000,""13201"":410,""36"":2732,""40"":1722,""43"":0,""241"":26801,""199"":576,""16"":193290,""12"":774,""449"":0,""636"":110154813,""389"":0,""11"":893510181,""238"":0,""14"":2540732448,""387"":""2b3431353537322e323333332d303038343137342e353136372b3030302e3231342f""}"
2026-07-18T15:51:21Z,862272088833183,Codec8E,2026-07-18 13:05:19.000 UTC,1784379919000,0,41.5567983,-8.4172900,217,164,10,29,0,"{""239"":1,""240"":1,""80"":1,""21"":5,""200"":0,""69"":1,""237"":2,""113"":97,""263"":1,""303"":1,""383"":3,""30"":0,""31"":16,""32"":70,""33"":0,""35"":92,""37"":27,""38"":240,""39"":44,""181"":15,""182"":12,""66"":14184,""24"":29,""206"":26,""67"":4129,""68"":39,""13"":43,""17"":135,""18"":-72,""19"":-24,""15"":1000,""13201"":410,""36"":2518,""40"":1744,""43"":0,""241"":26801,""199"":625,""16"":193339,""12"":774,""449"":0,""636"":110154815,""389"":0,""11"":893510181,""238"":0,""14"":2540732448,""387"":""2b3431353536372e393833332d303038343137322e393030302b3030302e3231372f""}"
2026-07-18T15:51:21Z,862272088833183,Codec8E,2026-07-18 13:05:24.000 UTC,1784379924000,0,41.5562999,-8.4171033,219,168,10,39,0,"{""239"":1,""240"":1,""80"":1,""21"":5,""200"":0,""69"":1,""237"":2,""113"":97,""263"":1,""303"":1,""383"":3,""30"":0,""31"":38,""32"":70,""33"":0,""35"":59,""37"":39,""38"":237,""39"":44,""181"":15,""182"":12,""66"":14209,""24"":39,""206"":26,""67"":4130,""68"":39,""13"":43,""17"":237,""18"":90,""19"":111,""15"":1000,""13201"":410,""36"":2789,""40"":477,""43"":0,""241"":26801,""199"":683,""16"":193397,""12"":774,""449"":0,""636"":110154815,""389"":0,""11"":893510181,""238"":0,""14"":2540732448,""387"":""2b3431353536332e303030302d303038343137312e303333332b3030302e3231392f""}"
2026-07-18T15:51:21Z,862272088833183,Codec8E,2026-07-18 13:05:33.000 UTC,1784379933000,0,41.5553766,-8.4168616,221,169,10,41,0,"{""239"":1,""240"":1,""80"":1,""21"":5,""200"":0,""69"":1,""237"":2,""113"":97,""263"":1,""303"":1,""383"":3,""30"":0,""31"":3,""32"":71,""33"":0,""35"":16,""37"":39,""38"":223,""39"":47,""181"":15,""182"":12,""66"":14184,""24"":41,""206"":26,""67"":4131,""68"":39,""13"":43,""17"":134,""18"":99,""19"":53,""15"":1000,""13201"":410,""36"":2615,""40"":138,""43"":0,""241"":26801,""199"":788,""16"":193502,""12"":774,""449"":0,""636"":110154815,""389"":0,""11"":893510181,""238"":0,""14"":2540732448,""387"":""2b3431353535332e373636372d303038343136382e363136372b3030302e3232312f""}"
2026-07-18T15:51:21Z,862272088833183,Codec8E,2026-07-18 13:05:38.000 UTC,1784379938000,0,41.5548433,-8.4168083,222,179,9,42,0,"{""239"":1,""240"":1,""80"":1,""21"":5,""200"":0,""69"":1,""237"":2,""113"":97,""263"":1,""303"":1,""383"":3,""30"":0,""31"":5,""32"":71,""33"":7,""35"":28,""37"":42,""38"":243,""39"":47,""181"":16,""182"":13,""66"":14202,""24"":42,""206"":26,""67"":4131,""68"":38,""13"":43,""17"":313,""18"":132,""19"":317,""15"":1000,""13201"":410,""36"":955,""40"":113,""43"":0,""241"":26801,""199"":848,""16"":193562,""12"":774,""449"":0,""636"":110656573,""389"":0,""11"":893510181,""238"":0,""14"":2540732448,""387"":""2b3431353534382e343333332d303038343136382e303833332b3030302e3232322f""}"
2026-07-18T15:51:21Z,862272088833183,Codec8E,2026-07-18 13:05:47.000 UTC,1784379947000,0,41.5538350,-8.4168650,223,180,10,43,0,"{""239"":1,""240"":1,""80"":1,""21"":5,""200"":0,""69"":1,""237"":2,""113"":97,""263"":1,""303"":1,""383"":3,""30"":0,""31"":7,""32"":70,""33"":0,""35"":20,""37"":42,""38"":239,""39"":47,""181"":15,""182"":12,""66"":14182,""24"":43,""206"":26,""67"":4131,""68"":38,""13"":43,""17"":270,""18"":61,""19"":19,""15"":1000,""13201"":410,""36"":1494,""40"":133,""43"":0,""241"":26801,""199"":960,""16"":193674,""12"":774,""449"":0,""636"":110656573,""389"":0,""11"":893510181,""238"":0,""14"":2540732448,""387"":""2b3431353533382e333530302d303038343136382e363530302b3030302e3232332f""}"
2026-07-18T15:51:22Z,862272088833183,Codec8E,2026-07-18 13:05:56.000 UTC,1784379956000,0,41.5530333,-8.4167966,226,180,9,32,0,"{""239"":1,""240"":1,""80"":1,""21"":5,""200"":0,""69"":1,""237"":2,""113"":97,""263"":1,""303"":1,""383"":3,""30"":0,""31"":11,""32"":69,""33"":22,""35"":33,""37"":24,""38"":252,""39"":47,""181"":24,""182"":17,""66"":14143,""24"":32,""206"":26,""67"":4131,""68"":38,""13"":43,""17"":82,""18"":144,""19"":-2,""15"":1000,""13201"":410,""36"":884,""40"":150,""43"":0,""241"":26801,""199"":1050,""16"":193764,""12"":774,""449"":0,""636"":110656575,""389"":0,""11"":893510181,""238"":0,""14"":2540732448,""387"":""2b3431353533302e333333332d303038343136372e393636372b3030302e3232362f""}"
2026-07-18T15:51:22Z,862272088833183,Codec8E,2026-07-18 13:05:58.000 UTC,1784379958000,0,41.5529966,-8.4167966,226,187,9,22,0,"{""239"":1,""240"":1,""80"":1,""21"":5,""200"":0,""69"":1,""237"":2,""113"":97,""263"":1,""303"":1,""383"":3,""30"":0,""31"":11,""32"":69,""33"":22,""35"":33,""37"":24,""38"":252,""39"":47,""181"":19,""182"":15,""66"":14137,""24"":22,""206"":26,""67"":4131,""68"":37,""13"":43,""17"":20,""18"":-10,""19"":39,""15"":1000,""13201"":410,""36"":884,""40"":150,""43"":0,""241"":26801,""199"":1054,""16"":193768,""12"":774,""449"":0,""636"":110656575,""389"":0,""11"":893510181,""238"":0,""14"":2540732448,""387"":""2b3431353532392e393636372d303038343136372e393636372b3030302e3232362f""}"
2026-07-18T15:51:22Z,862272088833183,Codec8E,2026-07-18 13:06:01.000 UTC,1784379961000,0,41.5529183,-8.4168316,227,198,10,15,0,"{""239"":1,""240"":1,""80"":1,""21"":5,""200"":0,""69"":1,""237"":2,""113"":97,""263"":1,""303"":1,""383"":3,""30"":0,""31"":13,""32"":69,""33"":6,""35"":38,""37"":7,""38"":245,""39"":46,""181"":13,""182"":10,""66"":14195,""24"":15,""206"":26,""67"":4131,""68"":37,""13"":43,""17"":46,""18"":115,""19"":227,""15"":1000,""13201"":410,""36"":881,""40"":752,""43"":0,""241"":26801,""199"":1064,""16"":193778,""12"":774,""449"":0,""636"":110656575,""389"":0,""11"":893510181,""238"":0,""14"":2540732448,""387"":""2b3431353532392e313833332d303038343136382e333136372b3030302e3232372f""}"
2026-07-18T15:51:22Z,862272088833183,Codec8E,2026-07-18 13:06:03.000 UTC,1784379963000,0,41.5528200,-8.4168633,228,183,10,15,0,"{""239"":1,""240"":1,""80"":1,""21"":5,""200"":0,""69"":1,""237"":2,""113"":97,""263"":1,""303"":1,""383"":3,""30"":0,""31"":13,""32"":69,""33"":6,""35"":38,""37"":7,""38"":245,""39"":46,""181"":13,""182"":10,""66"":14193,""24"":15,""206"":26,""67"":4131,""68"":37,""13"":43,""17"":234,""18"":-9,""19"":351,""15"":1000,""13201"":410,""36"":881,""40"":752,""43"":0,""241"":26801,""199"":1075,""16"":193789,""12"":774,""449"":0,""636"":110656575,""389"":0,""11"":893510181,""238"":0,""14"":2540732448,""387"":""2b3431353532382e323030302d303038343136382e363333332b3030302e3232382f""}"
2026-07-18T15:51:23Z,862272088833183,Codec8E,2026-07-18 13:06:17.000 UTC,1784379977000,0,41.5519033,-8.4170883,226,195,11,23,0,"{""239"":1,""240"":1,""80"":1,""21"":5,""200"":0,""69"":1,""237"":2,""113"":97,""263"":1,""303"":1,""383"":3,""30"":0,""31"":4,""32"":69,""33"":0,""35"":17,""37"":19,""38"":243,""39"":47,""181"":12,""182"":9,""66"":14193,""24"":23,""206"":26,""67"":4132,""68"":37,""13"":43,""17"":90,""18"":314,""19"":413,""15"":1000,""13201"":410,""36"":1874,""40"":277,""43"":0,""241"":26801,""199"":1179,""16"":193893,""12"":774,""449"":0,""636"":110656575,""389"":0,""11"":893510181,""238"":0,""14"":2540732448,""387"":""2b3431353531392e303333332d303038343137302e383833332b3030302e3232362f""}"
2026-07-18T15:51:23Z,862272088833183,Codec8E,2026-07-18 13:06:20.000 UTC,1784379980000,0,41.5516500,-8.4172433,224,208,11,29,0,"{""239"":1,""240"":1,""80"":1,""21"":5,""200"":0,""69"":1,""237"":2,""113"":97,""263"":1,""303"":1,""383"":3,""30"":0,""31"":36,""32"":68,""33"":254,""35"":68,""37"":31,""38"":235,""39"":45,""181"":12,""182"":9,""66"":14197,""24"":29,""206"":26,""67"":4132,""68"":36,""13"":43,""17"":20,""18"":178,""19"":97,""15"":1000,""13201"":410,""36"":2866,""40"":686,""43"":0,""241"":26801,""199"":1211,""16"":193925,""12"":774,""449"":0,""636"":110656575,""389"":0,""11"":893510181,""238"":0,""14"":2540732448,""387"":""2b3431353531362e353030302d303038343137322e343333332b3030302e3232342f""}"
2026-07-18T15:51:23Z,862272088833183,Codec8E,2026-07-18 13:06:22.000 UTC,1784379982000,0,41.5515066,-8.4173766,223,219,11,31,0,"{""239"":1,""240"":1,""80"":1,""21"":5,""200"":0,""69"":1,""237"":2,""113"":97,""263"":1,""303"":1,""383"":3,""30"":0,""31"":36,""32"":68,""33"":254,""35"":68,""37"":31,""38"":235,""39"":45,""181"":12,""182"":9,""66"":14190,""24"":31,""206"":26,""67"":4133,""68"":36,""13"":43,""17"":-5,""18"":3,""19"":209,""15"":1000,""13201"":410,""36"":2866,""40"":686,""43"":0,""241"":26801,""199"":1230,""16"":193944,""12"":774,""449"":0,""636"":110656575,""389"":0,""11"":893510181,""238"":0,""14"":2540732448,""387"":""2b3431353531352e303636372d303038343137332e373636372b3030302e3232332f""}"
2026-07-18T15:51:23Z,862272088833183,Codec8E,2026-07-18 13:06:33.000 UTC,1784379993000,0,41.5507750,-8.4182883,221,231,10,36,0,"{""239"":1,""240"":1,""80"":1,""21"":5,""200"":0,""69"":1,""237"":2,""113"":98,""263"":1,""303"":1,""383"":3,""30"":0,""31"":16,""32"":69,""33"":253,""35"":60,""37"":36,""38"":238,""39"":44,""181"":13,""182"":10,""66"":14173,""24"":36,""206"":26,""67"":4135,""68"":36,""13"":43,""17"":372,""18"":52,""19"":305,""15"":1000,""13201"":411,""36"":2377,""40"":772,""43"":0,""241"":26801,""199"":1342,""16"":194056,""12"":774,""449"":0,""636"":110656575,""389"":0,""11"":893510181,""238"":0,""14"":2540732448,""387"":""2b3431353530372e373530302d303038343138322e383833332b3030302e3232312f""}"
2026-07-18T15:51:24Z,862272088833183,Codec8E,2026-07-18 13:06:42.000 UTC,1784380002000,0,41.5501833,-8.4193299,219,232,11,42,0,"{""239"":1,""240"":1,""80"":1,""21"":4,""200"":0,""69"":1,""237"":2,""113"":98,""263"":1,""303"":1,""383"":3,""30"":0,""31"":7,""32"":68,""33"":1,""35"":26,""37"":40,""38"":228,""39"":45,""181"":12,""182"":9,""66"":14169,""24"":42,""206"":26,""67"":4134,""68"":36,""13"":43,""17"":188,""18"":115,""19"":159,""15"":1000,""13201"":411,""36"":2075,""40"":113,""43"":0,""241"":26801,""199"":1451,""16"":194165,""12"":774,""449"":0,""636"":110359613,""389"":0,""11"":893510181,""238"":0,""14"":2540732448,""387"":""2b3431353530312e383333332d303038343139332e333030302b3030302e3231392f""}"
2026-07-18T15:51:24Z,862272088833183,Codec8E,2026-07-18 13:06:52.000 UTC,1784380012000,0,41.5496250,-8.4203550,217,234,11,39,0,"{""239"":1,""240"":1,""80"":1,""21"":4,""200"":0,""69"":1,""237"":2,""113"":98,""263"":1,""303"":1,""383"":3,""30"":0,""31"":22,""32"":68,""33"":5,""35"":44,""37"":38,""38"":234,""39"":44,""181"":12,""182"":9,""66"":14187,""24"":39,""206"":26,""67"":4135,""68"":35,""13"":43,""17"":314,""18"":38,""19"":123,""15"":1000,""13201"":412,""36"":1946,""40"":266,""43"":0,""241"":26801,""199"":1556,""16"":194270,""12"":774,""449"":0,""636"":110359613,""389"":0,""11"":893510181,""238"":0,""14"":2540732448,""387"":""2b3431353439362e323530302d303038343230332e353530302b3030302e3231372f""}"
2026-07-18T15:51:24Z,862272088833183,Codec8E,2026-07-18 13:07:03.000 UTC,1784380023000,0,41.5491466,-8.4215216,215,240,11,35,0,"{""239"":1,""240"":1,""80"":1,""21"":4,""200"":0,""69"":1,""237"":2,""113"":98,""263"":1,""303"":1,""383"":3,""30"":0,""31"":7,""32"":68,""33"":5,""35"":20,""37"":33,""38"":234,""39"":45,""181"":17,""182"":10,""66"":14157,""24"":35,""206"":26,""67"":4135,""68"":35,""13"":43,""17"":90,""18"":59,""19"":-109,""15"":1000,""13201"":413,""36"":1706,""40"":194,""43"":0,""241"":26801,""199"":1669,""16"":194383,""12"":774,""449"":0,""636"":110359613,""389"":0,""11"":893510181,""238"":0,""14"":2540732448,""387"":""2b3431353439312e343636372d303038343231352e323136372b3030302e3231352f""}"
2026-07-18T15:51:24Z,862272088833183,Codec8E,2026-07-18 13:07:06.000 UTC,1784380026000,0,41.5490633,-8.4217583,215,224,10,29,0,"{""239"":1,""240"":1,""80"":1,""21"":4,""200"":0,""69"":1,""237"":2,""113"":98,""263"":1,""303"":1,""383"":3,""30"":0,""31"":10,""32"":68,""33"":28,""35"":16,""37"":32,""38"":236,""39"":46,""181"":20,""182"":11,""66"":14139,""24"":29,""206"":26,""67"":4135,""68"":35,""13"":43,""17"":92,""18"":0,""19"":-50,""15"":1000,""13201"":413,""36"":1700,""40"":108,""43"":0,""241"":26801,""199"":1691,""16"":194405,""12"":774,""449"":0,""636"":110359613,""389"":0,""11"":893510181,""238"":0,""14"":2540732448,""387"":""2b3431353439302e363333332d303038343231372e353833332b3030302e3231352f""}"
2026-07-18T15:53:21Z,862272088833183,Codec8E,2026-07-18 13:07:07.000 UTC,1784380027000,0,41.5490433,-8.4218016,215,209,11,25,0,"{""239"":1,""240"":1,""80"":1,""21"":4,""200"":0,""69"":1,""237"":2,""113"":98,""263"":1,""303"":1,""383"":3,""30"":0,""31"":10,""32"":68,""33"":28,""35"":16,""37"":32,""38"":236,""39"":46,""181"":14,""182"":9,""66"":14137,""24"":25,""206"":26,""67"":4135,""68"":35,""13"":43,""17"":12,""18"":-187,""19"":-36,""15"":1000,""13201"":413,""36"":1700,""40"":108,""43"":0,""241"":26801,""199"":1695,""16"":194409,""12"":774,""449"":0,""636"":110359613,""389"":0,""11"":893510181,""238"":0,""14"":2540732448,""387"":""2b3431353439302e343333332d303038343231382e303136372b3030302e3231352f""}"
2026-07-18T15:53:21Z,862272088833183,Codec8E,2026-07-18 13:07:08.000 UTC,1784380028000,0,41.5490166,-8.4218183,216,198,11,23,0,"{""239"":1,""240"":1,""80"":1,""21"":4,""200"":0,""69"":1,""237"":2,""113"":98,""263"":1,""303"":1,""383"":3,""30"":0,""31"":10,""32"":68,""33"":28,""35"":16,""37"":32,""38"":236,""39"":46,""181"":12,""182"":9,""66"":14176,""24"":23,""206"":26,""67"":4135,""68"":35,""13"":43,""17"":60,""18"":-44,""19"":-5,""15"":1000,""13201"":413,""36"":1700,""40"":108,""43"":0,""241"":26801,""199"":1698,""16"":194412,""12"":774,""449"":0,""636"":110359613,""389"":0,""11"":893510181,""238"":0,""14"":2540732448,""387"":""2b3431353439302e313636372d303038343231382e313833332b3030302e3231362f""}"
2026-07-18T15:53:21Z,862272088833183,Codec8E,2026-07-18 13:07:09.000 UTC,1784380029000,0,41.5489816,-8.4218216,216,183,11,21,0,"{""239"":1,""240"":1,""80"":1,""21"":4,""200"":0,""69"":1,""237"":2,""113"":98,""263"":1,""303"":1,""383"":3,""30"":0,""31"":12,""32"":67,""33"":28,""35"":28,""37"":14,""38"":243,""39"":46,""181"":12,""182"":9,""66"":14180,""24"":21,""206"":26,""67"":4135,""68"":35,""13"":43,""17"":-30,""18"":99,""19"":13,""15"":1000,""13201"":413,""36"":825,""40"":172,""43"":0,""241"":26801,""199"":1702,""16"":194416,""12"":774,""449"":0,""636"":110359613,""389"":0,""11"":893510181,""238"":0,""14"":2540732448,""387"":""2b3431353438392e383136372d303038343231382e323136372b3030302e3231362f""}"
2026-07-18T15:53:21Z,862272088833183,Codec8E,2026-07-18 13:07:11.000 UTC,1784380031000,0,41.5489016,-8.4218033,216,168,11,18,0,"{""239"":1,""240"":1,""80"":1,""21"":4,""200"":0,""69"":1,""237"":2,""113"":98,""263"":1,""303"":1,""383"":3,""30"":0,""31"":12,""32"":67,""33"":28,""35"":28,""37"":14,""38"":243,""39"":46,""181"":12,""182"":9,""66"":14196,""24"":18,""206"":26,""67"":4135,""68"":35,""13"":43,""17"":-41,""18"":53,""19"":78,""15"":1000,""13201"":413,""36"":825,""40"":172,""43"":0,""241"":26801,""199"":1711,""16"":194425,""12"":774,""449"":0,""636"":110359613,""389"":0,""11"":893510181,""238"":0,""14"":2540732448,""387"":""2b3431353438392e303136372d303038343231382e303333332b3030302e3231362f""}"
2026-07-18T15:53:21Z,862272088833183,Codec8E,2026-07-18 13:07:13.000 UTC,1784380033000,0,41.5487916,-8.4217450,216,158,11,19,0,"{""239"":1,""240"":1,""80"":1,""21"":4,""200"":0,""69"":1,""237"":2,""113"":98,""263"":1,""303"":1,""383"":3,""30"":0,""31"":12,""32"":67,""33"":28,""35"":28,""37"":14,""38"":243,""39"":46,""181"":18,""182"":10,""66"":14183,""24"":19,""206"":26,""67"":4135,""68"":35,""13"":43,""17"":46,""18"":47,""19"":107,""15"":1000,""13201"":413,""36"":825,""40"":172,""43"":0,""241"":26801,""199"":1724,""16"":194438,""12"":774,""449"":0,""636"":110380093,""389"":0,""11"":893510181,""238"":0,""14"":2540732448,""387"":""2b3431353438372e393136372d303038343231372e343530302b3030302e3231362f""}"
2026-07-18T15:53:21Z,862272088833183,Codec8E,2026-07-18 13:07:18.000 UTC,1784380038000,0,41.5483266,-8.4214333,216,156,11,30,0,"{""239"":1,""240"":1,""80"":1,""21"":4,""200"":0,""69"":1,""237"":2,""113"":98,""263"":1,""303"":1,""383"":3,""30"":0,""31"":9,""32"":67,""33"":247,""35"":26,""37"":34,""38"":226,""39"":44,""181"":12,""182"":9,""66"":14164,""24"":30,""206"":26,""67"":4136,""68"":35,""13"":43,""17"":192,""18"":4,""19"":-231,""15"":1000,""13201"":413,""36"":2311,""40"":144,""43"":0,""241"":26801,""199"":1782,""16"":194496,""12"":774,""449"":0,""636"":110380093,""389"":0,""11"":893510181,""238"":0,""14"":2540732448,""387"":""2b3431353438332e323636372d303038343231342e333333332b3030302e3231362f""}"
2026-07-18T15:53:21Z,862272088833183,Codec8E,2026-07-18 13:07:24.000 UTC,1784380044000,0,41.5480216,-8.4212266,214,149,11,18,0,"{""239"":1,""240"":1,""80"":1,""21"":4,""200"":0,""69"":1,""237"":2,""113"":98,""263"":1,""303"":1,""383"":3,""30"":0,""31"":4,""32"":67,""33"":0,""35"":18,""37"":18,""38"":245,""39"":46,""181"":13,""182"":9,""66"":14137,""24"":18,""206"":26,""67"":4138,""68"":34,""13"":43,""17"":82,""18"":26,""19"":-174,""15"":1000,""13201"":414,""36"":999,""40"":144,""43"":0,""241"":26801,""199"":1820,""16"":194534,""12"":774,""449"":0,""636"":110380093,""389"":0,""11"":893510181,""238"":0,""14"":2540732448,""387"":""2b3431353438302e323136372d303038343231322e323636372b3030302e3231342f""}"
2026-07-18T15:53:21Z,862272088833183,Codec8E,2026-07-18 13:07:28.000 UTC,1784380048000,0,41.5479816,-8.4211966,213,151,11,7,0,"{""239"":1,""240"":1,""80"":1,""21"":4,""200"":0,""69"":1,""237"":2,""113"":98,""263"":1,""303"":1,""383"":3,""30"":0,""31"":12,""32"":67,""33"":21,""35"":36,""37"":6,""38"":1,""39"":46,""181"":12,""182"":9,""66"":14137,""24"":7,""206"":26,""67"":4140,""68"":34,""13"":43,""17"":-3,""18"":27,""19"":-46,""15"":1000,""13201"":414,""36"":904,""40"":152,""43"":0,""241"":26801,""199"":1823,""16"":194537,""12"":774,""449"":0,""636"":110380093,""389"":0,""11"":893510181,""238"":0,""14"":2540732448,""387"":""2b3431353437392e383136372d303038343231312e393636372b3030302e3231332f""}"
2026-07-18T15:53:22Z,862272088833183,Codec8E,2026-07-18 13:07:35.000 UTC,1784380055000,0,41.5478683,-8.4211383,213,164,11,9,0,"{""239"":1,""240"":1,""80"":1,""21"":4,""200"":0,""69"":1,""237"":2,""113"":99,""263"":1,""303"":1,""383"":3,""30"":0,""31"":13,""32"":67,""33"":11,""35"":34,""37"":0,""38"":239,""39"":45,""181"":12,""182"":9,""66"":14199,""24"":9,""206"":26,""67"":4140,""68"":34,""13"":43,""17"":16,""18"":16,""19"":23,""15"":1000,""13201"":415,""36"":1017,""40"":575,""43"":0,""241"":26801,""199"":1839,""16"":194553,""12"":774,""449"":0,""636"":110380093,""389"":0,""11"":893510181,""238"":0,""14"":2540732448,""387"":""2b3431353437382e363833332d303038343231312e333833332b3030302e3231332f""}"
2026-07-18T15:53:22Z,862272088833183,Codec8E,2026-07-18 13:07:40.000 UTC,1784380060000,0,41.5476033,-8.4209466,211,149,11,18,0,"{""239"":1,""240"":1,""80"":1,""21"":4,""200"":0,""69"":1,""237"":2,""113"":99,""263"":1,""303"":1,""383"":3,""30"":0,""31"":28,""32"":67,""33"":253,""35"":51,""37"":18,""38"":236,""39"":44,""181"":12,""182"":9,""66"":14169,""24"":18,""206"":26,""67"":4140,""68"":34,""13"":43,""17"":90,""18"":-206,""19"":56,""15"":1000,""13201"":414,""36"":2260,""40"":158,""43"":0,""241"":26801,""199"":1873,""16"":194587,""12"":774,""449"":0,""636"":110380093,""389"":0,""11"":893510181,""238"":0,""14"":2540732448,""387"":""2b3431353437362e303333332d303038343230392e343636372b3030302e3231312f""}"
2026-07-18T15:53:22Z,862272088833183,Codec8E,2026-07-18 13:07:41.000 UTC,1784380061000,0,41.5475666,-8.4209066,211,132,11,18,0,"{""239"":1,""240"":1,""80"":1,""21"":4,""200"":0,""69"":1,""237"":2,""113"":99,""263"":1,""303"":1,""383"":3,""30"":0,""31"":7,""32"":67,""33"":0,""35"":18,""37"":19,""38"":245,""39"":45,""181"":12,""182"":9,""66"":14200,""24"":18,""206"":26,""67"":4140,""68"":34,""13"":43,""17"":-22,""18"":-183,""19"":50,""15"":1000,""13201"":414,""36"":1912,""40"":272,""43"":0,""241"":26801,""199"":1878,""16"":194592,""12"":774,""449"":0,""636"":110380093,""389"":0,""11"":893510181,""238"":0,""14"":2540732448,""387"":""2b3431353437352e363636372d303038343230392e303636372b3030302e3231312f""}"
2026-07-18T15:53:22Z,862272088833183,Codec8E,2026-07-18 13:07:42.000 UTC,1784380062000,0,41.5475433,-8.4208633,211,115,11,17,0,"{""239"":1,""240"":1,""80"":1,""21"":4,""200"":0,""69"":1,""237"":2,""113"":99,""263"":1,""303"":1,""383"":3,""30"":0,""31"":7,""32"":67,""33"":0,""35"":18,""37"":19,""38"":245,""39"":45,""181"":16,""182"":10,""66"":14193,""24"":17,""206"":26,""67"":4140,""68"":34,""13"":43,""17"":-25,""18"":-284,""19"":104,""15"":1000,""13201"":414,""36"":1912,""40"":272,""43"":0,""241"":26801,""199"":1882,""16"":194596,""12"":774,""449"":0,""636"":110380093,""389"":0,""11"":893510181,""238"":0,""14"":2540732448,""387"":""2b3431353437352e343333332d303038343230382e363333332b3030302e3231312f""}"
2026-07-18T15:53:22Z,862272088833183,Codec8E,2026-07-18 13:07:43.000 UTC,1784380063000,0,41.5475333,-8.4208166,211,104,11,16,0,"{""239"":1,""240"":1,""80"":1,""21"":4,""200"":0,""69"":1,""237"":2,""113"":99,""263"":1,""303"":1,""383"":3,""30"":0,""31"":7,""32"":67,""33"":0,""35"":18,""37"":19,""38"":245,""39"":45,""181"":18,""182"":10,""66"":14197,""24"":16,""206"":26,""67"":4138,""68"":34,""13"":43,""17"":-76,""18"":-34,""19"":165,""15"":1000,""13201"":415,""36"":1912,""40"":272,""43"":0,""241"":26801,""199"":1886,""16"":194600,""12"":774,""449"":0,""636"":110380093,""389"":0,""11"":893510181,""238"":0,""14"":2540732448,""387"":""2b3431353437352e333333332d303038343230382e313636372b3030302e3231312f""}"
2026-07-18T15:53:22Z,862272088833183,Codec8E,2026-07-18 13:07:44.000 UTC,1784380064000,0,41.5475483,-8.4207333,210,86,11,16,0,"{""239"":1,""240"":1,""80"":1,""21"":4,""200"":0,""69"":1,""237"":2,""113"":99,""263"":1,""303"":1,""383"":3,""30"":0,""31"":7,""32"":67,""33"":0,""35"":18,""37"":19,""38"":245,""39"":45,""181"":18,""182"":10,""66"":14193,""24"":16,""206"":26,""67"":4140,""68"":34,""13"":43,""17"":-77,""18"":10,""19"":152,""15"":1000,""13201"":415,""36"":1912,""40"":272,""43"":0,""241"":26801,""199"":1893,""16"":194607,""12"":774,""449"":0,""636"":110380093,""389"":0,""11"":893510181,""238"":0,""14"":2540732448,""387"":""2b3431353437352e343833332d303038343230372e333333332b3030302e3231302f""}"
2026-07-18T15:53:22Z,862272088833183,Codec8E,2026-07-18 13:07:46.000 UTC,1784380066000,0,41.5475966,-8.4205450,209,73,11,19,0,"{""239"":1,""240"":1,""80"":1,""21"":4,""200"":0,""69"":1,""237"":2,""113"":99,""263"":1,""303"":1,""383"":3,""30"":0,""31"":27,""32"":68,""33"":20,""35"":76,""37"":26,""38"":238,""39"":44,""181"":14,""182"":9,""66"":14200,""24"":19,""206"":26,""67"":4140,""68"":33,""13"":43,""17"":9,""18"":31,""19"":112,""15"":1000,""13201"":415,""36"":2413,""40"":972,""43"":0,""241"":26801,""199"":1910,""16"":194624,""12"":774,""449"":0,""636"":110380093,""389"":0,""11"":893510181,""238"":0,""14"":2540732448,""387"":""2b3431353437352e393636372d303038343230352e343530302b3030302e3230392f""}"
2026-07-18T15:53:22Z,862272088833183,Codec8E,2026-07-18 13:07:56.000 UTC,1784380076000,0,41.5478049,-8.4197699,210,62,11,22,0,"{""239"":1,""240"":1,""80"":1,""21"":4,""200"":0,""69"":1,""237"":2,""113"":99,""263"":1,""303"":1,""383"":3,""30"":0,""31"":11,""32"":68,""33"":21,""35"":43,""37"":15,""38"":242,""39"":44,""181"":12,""182"":9,""66"":14182,""24"":22,""206"":26,""67"":4140,""68"":33,""13"":43,""17"":194,""18"":239,""19"":204,""15"":1000,""13201"":415,""36"":1457,""40"":1163,""43"":0,""241"":26801,""199"":1979,""16"":194693,""12"":774,""449"":0,""636"":110380093,""389"":0,""11"":893510181,""238"":0,""14"":2540732448,""387"":""2b3431353437382e303530302d303038343139372e373030302b3030302e3231302f""}"
2026-07-18T15:53:23Z,862272088833183,Codec8E,2026-07-18 13:08:00.000 UTC,1784380080000,0,41.5479800,-8.4194033,209,47,11,27,0,"{""239"":1,""240"":1,""80"":1,""21"":4,""200"":0,""69"":1,""237"":2,""113"":99,""263"":1,""303"":1,""383"":3,""30"":0,""31"":43,""32"":68,""33"":254,""35"":91,""37"":32,""38"":230,""39"":43,""181"":12,""182"":9,""66"":14186,""24"":27,""206"":26,""67"":4140,""68"":33,""13"":43,""17"":274,""18"":-2,""19"":390,""15"":1000,""13201"":415,""36"":3005,""40"":1333,""43"":0,""241"":26801,""199"":2015,""16"":194729,""12"":774,""449"":0,""636"":110380093,""389"":0,""11"":893510181,""238"":0,""14"":2540732448,""387"":""2b3431353437392e383030302d303038343139342e303333332b3030302e3230392f""}"
2026-07-18T15:53:23Z,862272088833183,Codec8E,2026-07-18 13:08:06.000 UTC,1784380086000,0,41.5484500,-8.4188400,205,38,11,37,0,"{""239"":1,""240"":1,""80"":1,""21"":4,""200"":0,""69"":1,""237"":2,""113"":99,""263"":1,""303"":1,""383"":3,""30"":0,""31"":43,""32"":69,""33"":255,""35"":22,""37"":38,""38"":241,""39"":43,""181"":12,""182"":9,""66"":14184,""24"":37,""206"":26,""67"":4140,""68"":33,""13"":43,""17"":304,""18"":-10,""19"":91,""15"":1000,""13201"":415,""36"":2214,""40"":1191,""43"":0,""241"":26801,""199"":2085,""16"":194799,""12"":774,""449"":0,""636"":110380093,""389"":0,""11"":893510181,""238"":0,""14"":2540732448,""387"":""2b3431353438342e353030302d303038343138382e343030302b3030302e3230352f""}"
2026-07-18T15:53:23Z,862272088833183,Codec8E,2026-07-18 13:08:12.000 UTC,1784380092000,0,41.5488549,-8.4183733,204,26,11,31,0,"{""239"":1,""240"":1,""80"":1,""21"":5,""200"":0,""69"":1,""237"":2,""113"":99,""263"":1,""303"":1,""383"":3,""30"":0,""31"":43,""32"":69,""33"":0,""35"":61,""37"":42,""38"":228,""39"":43,""181"":16,""182"":10,""66"":14126,""24"":31,""206"":26,""67"":4140,""68"":33,""13"":43,""17"":285,""18"":-175,""19"":101,""15"":1000,""13201"":416,""36"":2122,""40"":113,""43"":0,""241"":26801,""199"":2145,""16"":194859,""12"":774,""449"":0,""636"":110380093,""389"":0,""11"":893510181,""238"":0,""14"":2540732448,""387"":""2b3431353438382e353530302d303038343138332e373333332b3030302e3230342f""}"
2026-07-18T15:53:23Z,862272088833183,Codec8E,2026-07-18 13:08:13.000 UTC,1784380093000,0,41.5488983,-8.4183683,203,3,11,27,0,"{""239"":1,""240"":1,""80"":1,""21"":5,""200"":0,""69"":1,""237"":2,""113"":99,""263"":1,""303"":1,""383"":3,""30"":0,""31"":4,""32"":69,""33"":0,""35"":26,""37"":21,""38"":253,""39"":44,""181"":18,""182"":10,""66"":14160,""24"":27,""206"":26,""67"":4140,""68"":33,""13"":43,""17"":112,""18"":22,""19"":263,""15"":1000,""13201"":416,""36"":791,""40"":208,""43"":0,""241"":26801,""199"":2150,""16"":194864,""12"":774,""449"":0,""636"":110380093,""389"":0,""11"":893510181,""238"":0,""14"":2540732448,""387"":""2b3431353438382e393833332d303038343138332e363833332b3030302e3230332f""}"
2026-07-18T15:53:23Z,862272088833183,Codec8E,2026-07-18 13:08:14.000 UTC,1784380094000,0,41.5489366,-8.4183850,203,349,11,24,0,"{""239"":1,""240"":1,""80"":1,""21"":5,""200"":0,""69"":1,""237"":2,""113"":99,""263"":1,""303"":1,""383"":3,""30"":0,""31"":4,""32"":69,""33"":0,""35"":26,""37"":21,""38"":253,""39"":44,""181"":14,""182"":9,""66"":14195,""24"":24,""206"":26,""67"":4140,""68"":32,""13"":43,""17"":-43,""18"":10,""19"":158,""15"":1000,""13201"":416,""36"":791,""40"":208,""43"":0,""241"":26801,""199"":2154,""16"":194868,""12"":774,""449"":0,""636"":110380093,""389"":0,""11"":893510181,""238"":0,""14"":2540732448,""387"":""2b3431353438392e333636372d303038343138332e383530302b3030302e3230332f""}"
2026-07-18T15:53:23Z,862272088833183,Codec8E,2026-07-18 13:08:15.000 UTC,1784380095000,0,41.5489683,-8.4184166,203,327,11,22,0,"{""239"":1,""240"":1,""80"":1,""21"":5,""200"":0,""69"":1,""237"":2,""113"":99,""263"":1,""303"":1,""383"":3,""30"":0,""31"":4,""32"":69,""33"":0,""35"":26,""37"":21,""38"":253,""39"":44,""181"":12,""182"":9,""66"":14183,""24"":22,""206"":26,""67"":4140,""68"":32,""13"":43,""17"":0,""18"":57,""19"":290,""15"":1000,""13201"":416,""36"":791,""40"":208,""43"":0,""241"":26801,""199"":2159,""16"":194873,""12"":774,""449"":0,""636"":110380093,""389"":0,""11"":893510181,""238"":0,""14"":2540732448,""387"":""2b3431353438392e363833332d303038343138342e313636372b3030302e3230332f""}"
2026-07-18T15:53:23Z,862272088833183,Codec8E,2026-07-18 13:08:16.000 UTC,1784380096000,0,41.5489999,-8.4184583,203,314,11,20,0,"{""239"":1,""240"":1,""80"":1,""21"":5,""200"":0,""69"":1,""237"":2,""113"":99,""263"":1,""303"":1,""383"":3,""30"":0,""31"":4,""32"":69,""33"":0,""35"":26,""37"":21,""38"":253,""39"":44,""181"":12,""182"":9,""66"":14190,""24"":20,""206"":26,""67"":4140,""68"":32,""13"":43,""17"":244,""18"":171,""19"":18,""15"":1000,""13201"":416,""36"":791,""40"":208,""43"":0,""241"":26801,""199"":2164,""16"":194878,""12"":774,""449"":0,""636"":110380093,""389"":0,""11"":893510181,""238"":0,""14"":2540732448,""387"":""2b3431353439302e303030302d303038343138342e353833332b3030302e3230332f""}"
2026-07-18T15:53:23Z,862272088833183,Codec8E,2026-07-18 13:08:18.000 UTC,1784380098000,0,41.5490566,-8.4185650,203,300,11,20,0,"{""239"":1,""240"":1,""80"":1,""21"":5,""200"":0,""69"":1,""237"":2,""113"":99,""263"":1,""303"":1,""383"":3,""30"":0,""31"":16,""32"":69,""33"":19,""35"":95,""37"":21,""38"":240,""39"":44,""181"":12,""182"":9,""66"":14201,""24"":20,""206"":26,""67"":4140,""68"":32,""13"":43,""17"":73,""18"":38,""19"":124,""15"":1000,""13201"":415,""36"":1957,""40"":283,""43"":0,""241"":26801,""199"":2174,""16"":194888,""12"":774,""449"":0,""636"":110218803,""389"":0,""11"":893510181,""238"":0,""14"":2540732448,""387"":""2b3431353439302e353636372d303038343138352e363530302b3030302e3230332f""}"
2026-07-18T15:55:20Z,862272088833183,Codec8E,2026-07-18 13:08:24.000 UTC,1784380104000,0,41.5491949,-8.4189433,204,284,11,19,0,"{""239"":1,""240"":1,""80"":1,""21"":5,""200"":0,""69"":1,""237"":2,""113"":99,""263"":1,""303"":1,""383"":3,""30"":0,""31"":10,""32"":69,""33"":247,""35"":30,""37"":22,""38"":228,""39"":44,""181"":12,""182"":9,""66"":14188,""24"":19,""206"":26,""67"":4140,""68"":32,""13"":43,""17"":241,""18"":-72,""19"":54,""15"":1000,""13201"":415,""36"":2116,""40"":175,""43"":0,""241"":26801,""199"":2210,""16"":194924,""12"":774,""449"":0,""636"":110218803,""389"":0,""11"":893510181,""238"":0,""14"":2540732448,""387"":""2b3431353439312e393530302d303038343138392e343333332b3030302e3230342f""}"
2026-07-18T15:55:20Z,862272088833183,Codec8E,2026-07-18 13:08:25.000 UTC,1784380105000,0,41.5491866,-8.4190016,204,256,11,18,0,"{""239"":1,""240"":1,""80"":1,""21"":5,""200"":0,""69"":1,""237"":2,""113"":99,""263"":1,""303"":1,""383"":3,""30"":0,""31"":10,""32"":69,""33"":247,""35"":30,""37"":22,""38"":228,""39"":44,""181"":12,""182"":9,""66"":14190,""24"":18,""206"":26,""67"":4140,""68"":32,""13"":43,""17"":145,""18"":-77,""19"":113,""15"":1000,""13201"":415,""36"":2116,""40"":175,""43"":0,""241"":26801,""199"":2215,""16"":194929,""12"":774,""449"":0,""636"":110218803,""389"":0,""11"":893510181,""238"":0,""14"":2540732448,""387"":""2b3431353439312e383636372d303038343139302e303136372b3030302e3230342f""}"
2026-07-18T15:55:20Z,862272088833183,Codec8E,2026-07-18 13:08:26.000 UTC,1784380106000,0,41.5491633,-8.4190566,204,238,11,18,0,"{""239"":1,""240"":1,""80"":1,""21"":5,""200"":0,""69"":1,""237"":2,""113"":99,""263"":1,""303"":1,""383"":3,""30"":0,""31"":10,""32"":69,""33"":247,""35"":30,""37"":22,""38"":228,""39"":44,""181"":12,""182"":9,""66"":14194,""24"":18,""206"":26,""67"":4140,""68"":32,""13"":43,""17"":15,""18"":-23,""19"":-23,""15"":1000,""13201"":416,""36"":2116,""40"":175,""43"":0,""241"":26801,""199"":2220,""16"":194934,""12"":774,""449"":0,""636"":110218803,""389"":0,""11"":893510181,""238"":0,""14"":2540732448,""387"":""2b3431353439312e363333332d303038343139302e353636372b3030302e3230342f""}"
2026-07-18T15:55:20Z,862272088833183,Codec8E,2026-07-18 13:08:29.000 UTC,1784380109000,0,41.5490866,-8.4191933,203,225,11,16,0,"{""239"":1,""240"":1,""80"":1,""21"":5,""200"":0,""69"":1,""237"":2,""113"":99,""263"":1,""303"":1,""383"":3,""30"":0,""31"":9,""32"":69,""33"":0,""35"":24,""37"":18,""38"":255,""39"":45,""181"":12,""182"":9,""66"":14144,""24"":16,""206"":26,""67"":4143,""68"":32,""13"":43,""17"":256,""18"":-39,""19"":-459,""15"":1000,""13201"":416,""36"":1782,""40"":122,""43"":0,""241"":26801,""199"":2234,""16"":194948,""12"":774,""449"":0,""636"":110218803,""389"":0,""11"":893510181,""238"":0,""14"":2540732448,""387"":""2b3431353439302e383636372d303038343139312e393333332b3030302e3230332f""}"
2026-07-18T15:55:21Z,862272088833183,Codec8E,2026-07-18 13:08:30.000 UTC,1784380110000,0,41.5490733,-8.4192216,203,215,11,14,0,"{""239"":1,""240"":1,""80"":1,""21"":5,""200"":0,""69"":1,""237"":2,""113"":99,""263"":1,""303"":1,""383"":3,""30"":0,""31"":9,""32"":69,""33"":0,""35"":24,""37"":18,""38"":255,""39"":45,""181"":12,""182"":9,""66"":14146,""24"":14,""206"":26,""67"":4142,""68"":32,""13"":43,""17"":-27,""18"":-23,""19"":-2,""15"":1000,""13201"":416,""36"":1782,""40"":122,""43"":0,""241"":26801,""199"":2237,""16"":194951,""12"":774,""449"":0,""636"":110218803,""389"":0,""11"":893510181,""238"":0,""14"":2540732448,""387"":""2b3431353439302e373333332d303038343139322e323136372b3030302e3230332f""}"
2026-07-18T15:55:21Z,862272088833183,Codec8E,2026-07-18 13:08:34.000 UTC,1784380114000,0,41.5490916,-8.4192333,203,215,11,4,0,"{""239"":1,""240"":1,""80"":1,""21"":5,""200"":0,""69"":1,""237"":2,""113"":100,""263"":1,""303"":1,""383"":3,""30"":0,""31"":4,""32"":69,""33"":21,""35"":39,""37"":8,""38"":250,""39"":45,""181"":12,""182"":9,""66"":14110,""24"":4,""206"":26,""67"":4142,""68"":32,""13"":43,""17"":-84,""18"":-20,""19"":101,""15"":1000,""13201"":416,""36"":933,""40"":152,""43"":0,""241"":26801,""199"":2237,""16"":194951,""12"":774,""449"":0,""636"":110218803,""389"":0,""11"":893510181,""238"":0,""14"":2540732448,""387"":""2b3431353439302e393136372d303038343139322e333333332b3030302e3230332f""}"
2026-07-18T15:55:21Z,862272088833183,Codec8E,2026-07-18 13:08:55.000 UTC,1784380135000,0,41.5490916,-8.4192333,203,215,11,0,303,"{""239"":1,""240"":1,""80"":1,""21"":5,""200"":0,""69"":1,""237"":2,""113"":100,""263"":1,""303"":0,""383"":3,""30"":0,""31"":12,""32"":69,""33"":254,""35"":33,""37"":0,""38"":254,""39"":45,""181"":12,""182"":9,""66"":14148,""24"":0,""206"":26,""67"":4142,""68"":31,""13"":43,""17"":-21,""18"":36,""19"":-32,""15"":1000,""13201"":415,""36"":831,""40"":138,""43"":0,""241"":26801,""199"":2237,""16"":194951,""12"":778,""449"":0,""636"":110218803,""389"":0,""11"":893510181,""238"":0,""14"":2540732448,""387"":""2b3431353439302e393136372d303038343139322e333333332b3030302e3230332f""}"
2026-07-18T15:55:21Z,862272088833183,Codec8E,2026-07-18 13:08:58.000 UTC,1784380138000,0,41.5490916,-8.4192333,203,215,11,0,239,"{""239"":0,""240"":1,""80"":1,""21"":5,""200"":0,""69"":1,""237"":2,""113"":100,""263"":1,""303"":0,""383"":3,""30"":0,""31"":13,""32"":70,""33"":1,""35"":36,""37"":0,""38"":1,""39"":45,""181"":12,""182"":9,""66"":12945,""24"":0,""206"":26,""67"":4144,""68"":31,""13"":43,""17"":-16,""18"":25,""19"":-17,""15"":1000,""13201"":415,""36"":897,""40"":125,""43"":0,""241"":26801,""199"":2237,""16"":194951,""12"":779,""449"":0,""636"":110218803,""389"":0,""11"":893510181,""238"":0,""14"":2540732448,""387"":""2b3431353439302e393136372d303038343139322e333333332b3030302e3230332f""}"
2026-07-18T15:55:21Z,862272088833183,Codec8E,2026-07-18 13:09:09.000 UTC,1784380149000,0,41.5490350,-8.4193183,203,75,12,0,303,"{""239"":0,""240"":1,""80"":1,""21"":5,""200"":0,""69"":1,""237"":2,""113"":100,""263"":1,""303"":1,""383"":3,""181"":11,""182"":8,""66"":12588,""24"":0,""206"":26,""67"":4145,""68"":31,""13"":43,""17"":-26,""18"":24,""19"":-23,""15"":1000,""13201"":416,""241"":26801,""199"":2237,""16"":194951,""12"":779,""449"":0,""636"":110218803,""11"":893510181,""238"":0,""14"":2540732448,""387"":""2b3431353439302e333530302d303038343139332e313833332b3030302e3230332f""}"
2026-07-18T15:55:21Z,862272088833183,Codec8E,2026-07-18 13:09:15.000 UTC,1784380155000,0,41.5490350,-8.4193183,203,75,11,0,303,"{""239"":0,""240"":1,""80"":1,""21"":5,""200"":0,""69"":1,""237"":2,""113"":100,""263"":1,""303"":0,""383"":3,""181"":12,""182"":8,""66"":12590,""24"":0,""206"":26,""67"":4145,""68"":30,""13"":43,""17"":-18,""18"":30,""19"":-34,""15"":1000,""13201"":418,""241"":26801,""199"":2237,""16"":194951,""12"":779,""449"":0,""636"":110218803,""11"":893510181,""238"":0,""14"":2540732448,""387"":""2b3431353439302e333530302d303038343139332e313833332b3030302e3230332f""}"
2026-07-18T15:55:21Z,862272088833183,Codec8E,2026-07-18 13:09:23.000 UTC,1784380163000,0,41.5490350,-8.4193183,203,75,11,0,303,"{""239"":0,""240"":1,""80"":1,""21"":5,""200"":0,""69"":1,""237"":2,""113"":100,""263"":1,""303"":1,""383"":3,""181"":12,""182"":8,""66"":12604,""24"":0,""206"":26,""67"":4145,""68"":30,""13"":43,""17"":-15,""18"":26,""19"":-31,""15"":1000,""13201"":417,""241"":26801,""199"":2237,""16"":194951,""12"":779,""449"":0,""636"":110218803,""11"":893510181,""238"":0,""14"":2540732448,""387"":""2b3431353439302e333530302d303038343139332e313833332b3030302e3230332f""}"
2026-07-18T15:55:21Z,862272088833183,Codec8E,2026-07-18 13:09:31.000 UTC,1784380171000,0,41.5490350,-8.4193183,203,75,11,0,303,"{""239"":0,""240"":1,""80"":1,""21"":5,""200"":0,""69"":1,""237"":2,""113"":100,""263"":1,""303"":0,""383"":3,""181"":12,""182"":8,""66"":12723,""24"":0,""206"":26,""67"":4145,""68"":30,""13"":43,""17"":-22,""18"":28,""19"":-20,""15"":1000,""13201"":417,""241"":26801,""199"":2237,""16"":194951,""12"":779,""449"":0,""636"":110218803,""11"":893510181,""238"":0,""14"":2540732448,""387"":""2b3431353439302e333530302d303038343139332e313833332b3030302e3230332f""}"
2026-07-18T15:55:21Z,862272088833183,Codec8E,2026-07-18 13:09:40.000 UTC,1784380180000,0,41.5490350,-8.4193183,203,75,11,0,303,"{""239"":0,""240"":1,""80"":1,""21"":5,""200"":0,""69"":1,""237"":2,""113"":100,""263"":1,""303"":1,""383"":3,""181"":12,""182"":8,""66"":12764,""24"":0,""206"":26,""67"":4145,""68"":29,""13"":43,""17"":-25,""18"":26,""19"":-9,""15"":1000,""13201"":416,""241"":26801,""199"":2237,""16"":194951,""12"":779,""449"":0,""636"":110218803,""11"":893510181,""238"":0,""14"":2540732448,""387"":""2b3431353439302e333530302d303038343139332e313833332b3030302e3230332f""}"
2026-07-18T15:55:22Z,862272088833183,Codec8E,2026-07-18 13:09:45.000 UTC,1784380185000,0,41.5490350,-8.4193183,203,75,10,0,303,"{""239"":0,""240"":1,""80"":1,""21"":5,""200"":0,""69"":1,""237"":2,""113"":100,""263"":1,""303"":0,""383"":3,""181"":12,""182"":8,""66"":12737,""24"":0,""206"":26,""67"":4145,""68"":30,""13"":43,""17"":-17,""18"":23,""19"":-13,""15"":1000,""13201"":416,""241"":26801,""199"":2237,""16"":194951,""12"":779,""449"":0,""636"":110218803,""11"":893510181,""238"":0,""14"":2540732448,""387"":""2b3431353439302e333530302d303038343139332e313833332b3030302e3230332f""}"
2026-07-18T15:55:22Z,862272088833183,Codec8E,2026-07-18 13:10:44.000 UTC,1784380244000,0,41.5490350,-8.4193183,203,75,10,0,240,"{""239"":0,""240"":0,""80"":0,""21"":5,""200"":0,""69"":1,""237"":2,""113"":100,""263"":1,""303"":0,""383"":3,""181"":12,""182"":9,""66"":12807,""24"":0,""206"":26,""67"":4149,""68"":27,""13"":43,""17"":-26,""18"":24,""19"":-22,""15"":1000,""13201"":413,""241"":26801,""199"":0,""16"":194951,""12"":779,""449"":0,""636"":110218803,""11"":893510181,""238"":0,""14"":2540732448,""387"":""2b3431353439302e333530302d303038343139332e313833332b3030302e3230332f""}"
2026-07-18T15:55:22Z,862272088833183,Codec8E,2026-07-18 13:29:32.000 UTC,1784381372000,0,41.5490350,-8.4193183,199,75,14,0,303,"{""239"":0,""240"":0,""80"":0,""21"":5,""200"":0,""69"":1,""237"":2,""113"":100,""263"":1,""303"":1,""383"":3,""181"":11,""182"":8,""66"":12723,""24"":0,""206"":26,""67"":4135,""68"":0,""13"":43,""17"":-14,""18"":38,""19"":-22,""15"":1000,""13201"":408,""241"":26801,""199"":0,""16"":194951,""12"":779,""449"":0,""636"":110218803,""11"":893510181,""238"":0,""14"":2540732448,""387"":""2b3431353439302e333530302d303038343139332e313833332b3030302e3139392f""}"
2026-07-18T15:55:22Z,862272088833183,Codec8E,2026-07-18 13:29:34.000 UTC,1784381374000,0,41.5491166,-8.4193699,199,163,14,0,240,"{""239"":0,""240"":1,""80"":1,""21"":5,""200"":0,""69"":1,""237"":2,""113"":100,""263"":1,""303"":1,""383"":3,""181"":10,""182"":7,""66"":12587,""24"":0,""206"":26,""67"":4135,""68"":0,""13"":43,""17"":-19,""18"":23,""19"":-34,""15"":1000,""13201"":408,""241"":26801,""199"":0,""16"":194951,""12"":779,""449"":0,""636"":110218803,""11"":893510181,""238"":0,""14"":2540732448,""387"":""2b3431353439312e313636372d303038343139332e373030302b3030302e3139392f""}"
2026-07-18T15:55:22Z,862272088833183,Codec8E,2026-07-18 13:29:35.000 UTC,1784381375000,0,41.5491166,-8.4193699,199,163,14,0,303,"{""239"":0,""240"":1,""80"":1,""21"":5,""200"":0,""69"":1,""237"":2,""113"":100,""263"":1,""303"":0,""383"":3,""181"":10,""182"":7,""66"":11971,""24"":0,""206"":26,""67"":4135,""68"":0,""13"":43,""17"":-9,""18"":36,""19"":-29,""15"":1000,""13201"":408,""241"":26801,""199"":0,""16"":194951,""12"":779,""449"":0,""636"":110218803,""11"":893510181,""238"":0,""14"":2540732448,""387"":""2b3431353439312e313636372d303038343139332e373030302b3030302e3139392f""}"
2026-07-18T15:55:23Z,862272088833183,Codec8E,2026-07-18 13:29:38.000 UTC,1784381378000,0,41.5491166,-8.4193699,199,163,14,0,303,"{""239"":0,""240"":1,""80"":1,""21"":5,""200"":0,""69"":1,""237"":2,""113"":100,""263"":1,""303"":1,""383"":3,""181"":10,""182"":7,""66"":13979,""24"":0,""206"":26,""67"":4135,""68"":0,""13"":43,""17"":-2,""18"":12,""19"":-17,""15"":1000,""13201"":407,""241"":26801,""199"":0,""16"":194951,""12"":779,""449"":0,""636"":110218803,""11"":893510181,""238"":0,""14"":2540732448,""387"":""2b3431353439312e313636372d303038343139332e373030302b3030302e3139392f""}"
2026-07-18T15:55:23Z,862272088833183,Codec8E,2026-07-18 13:29:40.000 UTC,1784381380000,0,41.5491166,-8.4193699,199,163,14,0,239,"{""239"":1,""240"":1,""80"":1,""21"":5,""200"":0,""69"":1,""237"":2,""113"":100,""263"":1,""303"":1,""383"":3,""181"":10,""182"":7,""66"":14115,""24"":0,""206"":26,""67"":4135,""68"":0,""13"":43,""17"":1,""18"":64,""19"":-23,""15"":1000,""13201"":407,""241"":26801,""199"":0,""16"":194951,""12"":779,""449"":0,""636"":110218803,""11"":893510181,""238"":0,""14"":2540732448,""387"":""2b3431353439312e313636372d303038343139332e373030302b3030302e3139392f""}"
2026-07-18T15:55:23Z,862272088833183,Codec8E,2026-07-18 13:29:51.000 UTC,1784381391000,0,41.5490299,-8.4194516,198,224,13,6,0,"{""239"":1,""240"":1,""80"":1,""21"":5,""200"":0,""69"":1,""237"":2,""113"":100,""263"":1,""303"":1,""383"":3,""30"":0,""31"":29,""32"":70,""33"":0,""35"":38,""37"":0,""38"":249,""39"":57,""181"":11,""182"":8,""66"":14265,""24"":6,""206"":26,""67"":4135,""68"":0,""13"":43,""17"":-41,""18"":14,""19"":74,""15"":1000,""13201"":410,""36"":615,""40"":350,""43"":0,""241"":26801,""199"":0,""16"":194971,""12"":782,""449"":0,""636"":110218803,""11"":893510181,""238"":0,""14"":2540732448,""387"":""2b3431353439302e333030302d303038343139342e353136372b3030302e3139382f""}"
2026-07-18T15:55:23Z,862272088833183,Codec8E,2026-07-18 13:29:55.000 UTC,1784381395000,0,41.5488616,-8.4195816,195,216,14,16,0,"{""239"":1,""240"":1,""80"":1,""21"":5,""200"":0,""69"":1,""237"":2,""113"":100,""263"":1,""303"":1,""383"":3,""30"":0,""31"":35,""32"":66,""33"":0,""35"":63,""37"":16,""38"":237,""39"":54,""181"":13,""182"":8,""66"":14280,""24"":16,""206"":26,""67"":4135,""68"":0,""13"":43,""17"":168,""18"":-33,""19"":31,""15"":1000,""13201"":410,""36"":2160,""40"":863,""43"":0,""241"":26801,""199"":22,""16"":194993,""12"":782,""449"":0,""636"":110218803,""11"":893510181,""238"":0,""14"":2540732448,""387"":""2b3431353438382e363136372d303038343139352e383136372b3030302e3139352f""}"
2026-07-18T15:55:23Z,862272088833183,Codec8E,2026-07-18 13:30:07.000 UTC,1784381407000,0,41.5484583,-8.4200283,186,205,13,15,0,"{""239"":1,""240"":1,""80"":1,""21"":5,""200"":0,""69"":1,""237"":2,""113"":100,""263"":1,""303"":1,""383"":3,""30"":0,""31"":7,""32"":65,""33"":0,""35"":29,""37"":15,""38"":229,""39"":54,""181"":11,""182"":7,""66"":14274,""24"":15,""206"":26,""67"":4135,""68"":0,""13"":43,""17"":8,""18"":-77,""19"":94,""15"":1000,""13201"":411,""36"":2108,""40"":272,""43"":0,""241"":26801,""199"":80,""16"":195051,""12"":782,""449"":0,""636"":110218803,""11"":893510181,""238"":0,""14"":2540732448,""387"":""2b3431353438342e353833332d303038343230302e323833332b3030302e3138362f""}"
2026-07-18T15:55:24Z,862272088833183,Codec8E,2026-07-18 13:30:08.000 UTC,1784381408000,0,41.5484366,-8.4200383,186,188,13,14,0,"{""239"":1,""240"":1,""80"":1,""21"":5,""200"":0,""69"":1,""237"":2,""113"":100,""263"":1,""303"":1,""383"":3,""30"":0,""31"":7,""32"":65,""33"":0,""35"":29,""37"":15,""38"":229,""39"":54,""181"":11,""182"":7,""66"":14277,""24"":14,""206"":26,""67"":4135,""68"":0,""13"":43,""17"":99,""18"":48,""19"":111,""15"":1000,""13201"":411,""36"":2108,""40"":272,""43"":0,""241"":26801,""199"":83,""16"":195054,""12"":782,""449"":0,""636"":110218803,""11"":893510181,""238"":0,""14"":2540732448,""387"":""2b3431353438342e333636372d303038343230302e333833332b3030302e3138362f""}"
2026-07-18T15:55:24Z,862272088833183,Codec8E,2026-07-18 13:30:10.000 UTC,1784381410000,0,41.5483716,-8.4200316,185,170,13,13,0,"{""239"":1,""240"":1,""80"":1,""21"":5,""200"":0,""69"":1,""237"":2,""113"":100,""263"":1,""303"":1,""383"":3,""30"":0,""31"":7,""32"":65,""33"":0,""35"":29,""37"":15,""38"":229,""39"":54,""181"":11,""182"":7,""66"":14249,""24"":13,""206"":26,""67"":4135,""68"":0,""13"":43,""17"":86,""18"":67,""19"":46,""15"":1000,""13201"":412,""36"":2108,""40"":272,""43"":0,""241"":26801,""199"":90,""16"":195061,""12"":782,""449"":0,""636"":110218803,""11"":893510181,""238"":0,""14"":2540732448,""387"":""2b3431353438332e373136372d303038343230302e333136372b3030302e3138352f""}"
2026-07-18T15:55:24Z,862272088833183,Codec8E,2026-07-18 13:30:12.000 UTC,1784381412000,0,41.5482650,-8.4199583,184,152,13,16,0,"{""239"":1,""240"":1,""80"":1,""21"":5,""200"":0,""69"":1,""237"":2,""113"":100,""263"":1,""303"":1,""383"":3,""30"":0,""31"":17,""32"":65,""33"":0,""35"":48,""37"":18,""38"":239,""39"":51,""181"":11,""182"":7,""66"":14275,""24"":16,""206"":26,""67"":4135,""68"":0,""13"":43,""17"":-3,""18"":-16,""19"":123,""15"":1000,""13201"":411,""36"":2320,""40"":569,""43"":0,""241"":26801,""199"":104,""16"":195075,""12"":782,""449"":0,""636"":110218803,""11"":893510181,""238"":0,""14"":2540732448,""387"":""2b3431353438322e363530302d303038343139392e353833332b3030302e3138342f""}"
2026-07-18T15:55:24Z,862272088833183,Codec8E,2026-07-18 13:30:20.000 UTC,1784381420000,0,41.5478233,-8.4196416,182,108,13,17,0,"{""239"":1,""240"":1,""80"":1,""21"":5,""200"":0,""69"":1,""237"":2,""113"":100,""263"":1,""303"":1,""383"":3,""30"":0,""31"":4,""32"":65,""33"":0,""35"":33,""37"":15,""38"":253,""39"":53,""181"":14,""182"":8,""66"":14282,""24"":17,""206"":26,""67"":4135,""68"":0,""13"":43,""17"":35,""18"":-39,""19"":332,""15"":1000,""13201"":412,""36"":1536,""40"":1208,""43"":0,""241"":26801,""199"":160,""16"":195131,""12"":782,""449"":0,""636"":110218803,""11"":893510181,""238"":0,""14"":2540732448,""387"":""2b3431353437382e323333332d303038343139362e343136372b3030302e3138322f""}"
2026-07-18T15:57:21Z,862272088833183,Codec8E,2026-07-18 13:30:21.000 UTC,1784381421000,0,41.5478166,-8.4196033,182,98,13,15,0,"{""239"":1,""240"":1,""80"":1,""21"":5,""200"":0,""69"":1,""237"":2,""113"":100,""263"":1,""303"":1,""383"":3,""30"":0,""31"":4,""32"":65,""33"":0,""35"":33,""37"":15,""38"":253,""39"":53,""181"":15,""182"":8,""66"":14295,""24"":15,""206"":26,""67"":4135,""68"":0,""13"":43,""17"":-5,""18"":94,""19"":241,""15"":1000,""13201"":412,""36"":1536,""40"":1208,""43"":0,""241"":26801,""199"":164,""16"":195135,""12"":782,""449"":0,""636"":110218803,""11"":893510181,""238"":0,""14"":2540732448,""387"":""2b3431353437382e313636372d303038343139362e303333332b3030302e3138322f""}"
2026-07-18T15:57:21Z,862272088833183,Codec8E,2026-07-18 13:30:22.000 UTC,1784381422000,0,41.5478316,-8.4195500,182,87,13,15,0,"{""239"":1,""240"":1,""80"":1,""21"":5,""200"":0,""69"":1,""237"":2,""113"":100,""263"":1,""303"":1,""383"":3,""30"":0,""31"":4,""32"":65,""33"":0,""35"":33,""37"":15,""38"":253,""39"":53,""181"":12,""182"":7,""66"":14262,""24"":15,""206"":26,""67"":4135,""68"":0,""13"":43,""17"":269,""18"":46,""19"":111,""15"":1000,""13201"":412,""36"":1536,""40"":1208,""43"":0,""241"":26801,""199"":168,""16"":195139,""12"":782,""449"":0,""636"":110218803,""11"":893510181,""238"":0,""14"":2540732448,""387"":""2b3431353437382e333136372d303038343139352e353030302b3030302e3138322f""}"
2026-07-18T15:57:21Z,862272088833183,Codec8E,2026-07-18 13:30:23.000 UTC,1784381423000,0,41.5478566,-8.4194849,182,75,13,15,0,"{""239"":1,""240"":1,""80"":1,""21"":5,""200"":0,""69"":1,""237"":2,""113"":100,""263"":1,""303"":1,""383"":3,""30"":0,""31"":4,""32"":65,""33"":0,""35"":33,""37"":15,""38"":253,""39"":53,""181"":11,""182"":7,""66"":14282,""24"":15,""206"":26,""67"":4135,""68"":0,""13"":43,""17"":156,""18"":-94,""19"":255,""15"":1000,""13201"":412,""36"":1536,""40"":1208,""43"":0,""241"":26801,""199"":174,""16"":195145,""12"":782,""449"":0,""636"":110218803,""11"":893510181,""238"":0,""14"":2540732448,""387"":""2b3431353437382e353636372d303038343139342e383530302b3030302e3138322f""}"
2026-07-18T15:57:21Z,862272088833183,Codec8E,2026-07-18 13:30:24.000 UTC,1784381424000,0,41.5479333,-8.4193566,183,63,12,18,0,"{""239"":1,""240"":1,""80"":1,""21"":5,""200"":0,""69"":1,""237"":2,""113"":100,""263"":1,""303"":1,""383"":3,""30"":0,""31"":4,""32"":65,""33"":0,""35"":33,""37"":15,""38"":253,""39"":53,""181"":14,""182"":8,""66"":14290,""24"":18,""206"":26,""67"":4135,""68"":0,""13"":43,""17"":304,""18"":92,""19"":311,""15"":1000,""13201"":412,""36"":1536,""40"":1208,""43"":0,""241"":26801,""199"":188,""16"":195159,""12"":782,""449"":0,""636"":110218803,""11"":893510181,""238"":0,""14"":2540732448,""387"":""2b3431353437392e333333332d303038343139332e353636372b3030302e3138332f""}"
2026-07-18T15:57:21Z,862272088833183,Codec8E,2026-07-18 13:30:26.000 UTC,1784381426000,0,41.5480616,-8.4191650,182,46,11,23,0,"{""239"":1,""240"":1,""80"":1,""21"":5,""200"":0,""69"":1,""237"":2,""113"":100,""263"":1,""303"":1,""383"":3,""30"":0,""31"":54,""32"":64,""33"":246,""35"":118,""37"":37,""38"":241,""39"":48,""181"":16,""182"":9,""66"":14282,""24"":23,""206"":26,""67"":4135,""68"":0,""13"":43,""17"":27,""18"":-20,""19"":195,""15"":1000,""13201"":412,""36"":3200,""40"":1725,""43"":0,""241"":26801,""199"":209,""16"":195180,""12"":782,""449"":0,""636"":110218803,""11"":893510181,""238"":0,""14"":2540732448,""387"":""2b3431353438302e363136372d303038343139312e363530302b3030302e3138322f""}"
2026-07-18T15:57:21Z,862272088833183,Codec8E,2026-07-18 13:30:29.000 UTC,1784381429000,0,41.5483833,-8.4187800,181,40,11,36,0,"{""239"":1,""240"":1,""80"":1,""21"":5,""200"":0,""69"":1,""237"":2,""113"":100,""263"":1,""303"":1,""383"":3,""30"":0,""31"":52,""32"":64,""33"":253,""35"":95,""37"":48,""38"":233,""39"":47,""181"":12,""182"":9,""66"":14261,""24"":36,""206"":26,""67"":4135,""68"":0,""13"":43,""17"":161,""18"":33,""19"":374,""15"":1000,""13201"":412,""36"":2949,""40"":1391,""43"":0,""241"":26801,""199"":257,""16"":195228,""12"":782,""449"":0,""636"":110218803,""11"":893510181,""238"":0,""14"":2540732448,""387"":""2b3431353438332e383333332d303038343138372e383030302b3030302e3138312f""}"
2026-07-18T15:57:21Z,862272088833183,Codec8E,2026-07-18 13:30:34.000 UTC,1784381434000,0,41.5489600,-8.4182100,182,36,12,46,0,"{""239"":1,""240"":1,""80"":1,""21"":5,""200"":0,""69"":1,""237"":2,""113"":100,""263"":1,""303"":1,""383"":3,""30"":0,""31"":47,""32"":64,""33"":249,""35"":53,""37"":50,""38"":234,""39"":47,""181"":12,""182"":8,""66"":14286,""24"":46,""206"":26,""67"":4135,""68"":0,""13"":43,""17"":131,""18"":-56,""19"":234,""15"":1000,""13201"":413,""36"":2512,""40"":561,""43"":0,""241"":26801,""199"":337,""16"":195308,""12"":782,""449"":0,""636"":110218803,""11"":893510181,""238"":0,""14"":2540732448,""387"":""2b3431353438392e363030302d303038343138322e313030302b3030302e3138322f""}"
2026-07-18T15:57:21Z,862272088833183,Codec8E,2026-07-18 13:30:40.000 UTC,1784381440000,0,41.5495400,-8.4175800,187,53,13,46,0,"{""239"":1,""240"":1,""80"":1,""21"":5,""200"":0,""69"":1,""237"":2,""113"":100,""263"":1,""303"":1,""383"":3,""30"":0,""31"":35,""32"":65,""33"":252,""35"":62,""37"":49,""38"":225,""39"":47,""181"":11,""182"":7,""66"":14260,""24"":46,""206"":26,""67"":4135,""68"":0,""13"":43,""17"":519,""18"":233,""19"":267,""15"":1000,""13201"":414,""36"":2474,""40"":222,""43"":0,""241"":26801,""199"":421,""16"":195392,""12"":782,""449"":0,""636"":110218803,""11"":893510181,""238"":0,""14"":2540732448,""387"":""2b3431353439352e343030302d303038343137352e383030302b3030302e3138372f""}"
2026-07-18T15:57:22Z,862272088833183,Codec8E,2026-07-18 13:30:45.000 UTC,1784381445000,0,41.5497700,-8.4170450,187,60,12,36,0,"{""239"":1,""240"":1,""80"":1,""21"":5,""200"":0,""69"":1,""237"":2,""113"":100,""263"":1,""303"":1,""383"":3,""30"":0,""31"":4,""32"":65,""33"":0,""35"":17,""37"":39,""38"":231,""39"":49,""181"":11,""182"":8,""66"":14190,""24"":36,""206"":26,""67"":4135,""68"":0,""13"":43,""17"":237,""18"":51,""19"":95,""15"":1000,""13201"":414,""36"":2009,""40"":88,""43"":0,""241"":26801,""199"":473,""16"":195444,""12"":782,""449"":0,""636"":110170165,""11"":893510181,""238"":0,""14"":2540732448,""387"":""2b3431353439372e373030302d303038343137302e343530302b3030302e3138372f""}"
2026-07-18T15:57:22Z,862272088833183,Codec8E,2026-07-18 13:30:49.000 UTC,1784381449000,0,41.5498716,-8.4168033,189,62,12,25,0,"{""239"":1,""240"":1,""80"":1,""21"":5,""200"":0,""69"":1,""237"":2,""113"":100,""263"":1,""303"":1,""383"":3,""30"":0,""31"":3,""32"":64,""33"":0,""35"":34,""37"":20,""38"":243,""39"":51,""181"":11,""182"":8,""66"":14269,""24"":25,""206"":26,""67"":4135,""68"":0,""13"":43,""17"":-31,""18"":5,""19"":227,""15"":1000,""13201"":415,""36"":834,""40"":116,""43"":0,""241"":26801,""199"":496,""16"":195467,""12"":782,""449"":0,""636"":110170163,""11"":893510181,""238"":0,""14"":2540732448,""387"":""2b3431353439382e373136372d303038343136382e303333332b3030302e3138392f""}"
2026-07-18T15:57:22Z,862272088833183,Codec8E,2026-07-18 13:31:02.000 UTC,1784381462000,0,41.5503366,-8.4156750,189,62,13,31,0,"{""239"":1,""240"":1,""80"":1,""21"":5,""200"":0,""69"":1,""237"":2,""113"":100,""263"":1,""303"":1,""383"":3,""30"":0,""31"":38,""32"":64,""33"":250,""35"":41,""37"":34,""38"":226,""39"":47,""181"":11,""182"":7,""66"":14249,""24"":31,""206"":26,""67"":4135,""68"":0,""13"":43,""17"":185,""18"":-38,""19"":119,""15"":1000,""13201"":415,""36"":2276,""40"":116,""43"":0,""241"":26801,""199"":604,""16"":195575,""12"":782,""449"":0,""636"":110656565,""11"":893510181,""238"":0,""14"":2540732448,""387"":""2b3431353530332e333636372d303038343135362e373530302b3030302e3138392f""}"
2026-07-18T15:57:22Z,862272088833183,Codec8E,2026-07-18 13:31:08.000 UTC,1784381468000,0,41.5505383,-8.4152550,189,52,12,24,0,"{""239"":1,""240"":1,""80"":1,""21"":5,""200"":0,""69"":1,""237"":2,""113"":100,""263"":1,""303"":1,""383"":3,""30"":0,""31"":3,""32"":64,""33"":0,""35"":16,""37"":26,""38"":235,""39"":49,""181"":11,""182"":8,""66"":14267,""24"":24,""206"":26,""67"":4135,""68"":0,""13"":43,""17"":66,""18"":67,""19"":-13,""15"":1000,""13201"":415,""36"":1779,""40"":80,""43"":0,""241"":26801,""199"":646,""16"":195617,""12"":782,""449"":0,""636"":110656565,""11"":893510181,""238"":0,""14"":2540732448,""387"":""2b3431353530352e333833332d303038343135322e353530302b3030302e3138392f""}"
2026-07-18T15:57:22Z,862272088833183,Codec8E,2026-07-18 13:31:15.000 UTC,1784381475000,0,41.5507500,-8.4148199,189,66,14,24,0,"{""239"":1,""240"":1,""80"":1,""21"":5,""200"":0,""69"":1,""237"":2,""113"":100,""263"":1,""303"":1,""383"":3,""30"":0,""31"":43,""32"":64,""33"":252,""35"":25,""37"":26,""38"":227,""39"":48,""181"":10,""182"":7,""66"":14256,""24"":24,""206"":26,""67"":4135,""68"":0,""13"":43,""17"":265,""18"":37,""19"":-206,""15"":1000,""13201"":415,""36"":2563,""40"":91,""43"":0,""241"":26801,""199"":690,""16"":195661,""12"":782,""449"":0,""636"":110656565,""11"":893510181,""238"":0,""14"":2540732448,""387"":""2b3431353530372e353030302d303038343134382e323030302b3030302e3138392f""}"
2026-07-18T15:57:22Z,862272088833183,Codec8E,2026-07-18 13:31:19.000 UTC,1784381479000,0,41.5507616,-8.4147233,191,62,13,14,0,"{""239"":1,""240"":1,""80"":1,""21"":5,""200"":0,""69"":1,""237"":2,""113"":100,""263"":1,""303"":1,""383"":3,""30"":0,""31"":43,""32"":64,""33"":252,""35"":25,""37"":26,""38"":227,""39"":48,""181"":11,""182"":7,""66"":14271,""24"":14,""206"":26,""67"":4135,""68"":0,""13"":43,""17"":217,""18"":109,""19"":225,""15"":1000,""13201"":415,""36"":2563,""40"":91,""43"":0,""241"":26801,""199"":698,""16"":195669,""12"":782,""449"":0,""636"":110656565,""11"":893510181,""238"":0,""14"":2540732448,""387"":""2b3431353530372e363136372d303038343134372e323333332b3030302e3139312f""}"
2026-07-18T15:57:22Z,862272088833183,Codec8E,2026-07-18 13:31:25.000 UTC,1784381485000,0,41.5509149,-8.4142950,192,64,13,25,0,"{""239"":1,""240"":1,""80"":1,""21"":5,""200"":0,""69"":1,""237"":2,""113"":100,""263"":1,""303"":1,""383"":3,""30"":0,""31"":47,""32"":64,""33"":0,""35"":51,""37"":30,""38"":239,""39"":46,""181"":11,""182"":7,""66"":14273,""24"":25,""206"":26,""67"":4135,""68"":0,""13"":43,""17"":124,""18"":-25,""19"":111,""15"":1000,""13201"":416,""36"":2664,""40"":2191,""43"":0,""241"":26801,""199"":738,""16"":195709,""12"":782,""449"":0,""636"":110656565,""11"":893510181,""238"":0,""14"":2540732448,""387"":""2b3431353530392e313530302d303038343134322e393530302b3030302e3139322f""}"
2026-07-18T15:57:22Z,862272088833183,Codec8E,2026-07-18 13:31:30.000 UTC,1784381490000,0,41.5511450,-8.4137166,193,62,12,35,0,"{""239"":1,""240"":1,""80"":1,""21"":5,""200"":0,""69"":1,""237"":2,""113"":100,""263"":1,""303"":1,""383"":3,""30"":0,""31"":8,""32"":65,""33"":254,""35"":87,""37"":45,""38"":236,""39"":45,""181"":11,""182"":8,""66"":14284,""24"":35,""206"":26,""67"":4135,""68"":0,""13"":43,""17"":169,""18"":-116,""19"":147,""15"":1000,""13201"":416,""36"":2965,""40"":558,""43"":0,""241"":26801,""199"":792,""16"":195763,""12"":782,""449"":0,""636"":110656565,""11"":893510181,""238"":0,""14"":2540732448,""387"":""2b3431353531312e343530302d303038343133372e313636372b3030302e3139332f""}"
2026-07-18T15:57:23Z,862272088833183,Codec8E,2026-07-18 13:31:38.000 UTC,1784381498000,0,41.5514833,-8.4129500,194,61,13,24,0,"{""239"":1,""240"":1,""80"":1,""21"":5,""200"":0,""69"":1,""237"":2,""113"":100,""263"":1,""303"":1,""383"":3,""30"":0,""31"":3,""32"":65,""33"":0,""35"":17,""37"":20,""38"":243,""39"":49,""181"":11,""182"":7,""66"":14215,""24"":24,""206"":26,""67"":4135,""68"":0,""13"":43,""17"":99,""18"":43,""19"":-14,""15"":1000,""13201"":417,""36"":1433,""40"":125,""43"":0,""241"":26801,""199"":866,""16"":195837,""12"":782,""449"":0,""636"":110656565,""11"":893510181,""238"":0,""14"":2540732448,""387"":""2b3431353531342e383333332d303038343132392e353030302b3030302e3139342f""}"
2026-07-18T15:57:23Z,862272088833183,Codec8E,2026-07-18 13:31:40.000 UTC,1784381500000,0,41.5514983,-8.4128600,195,91,13,19,0,"{""239"":1,""240"":1,""80"":1,""21"":5,""200"":0,""69"":1,""237"":2,""113"":100,""263"":1,""303"":1,""383"":3,""30"":0,""31"":3,""32"":65,""33"":0,""35"":17,""37"":20,""38"":243,""39"":49,""181"":11,""182"":7,""66"":14266,""24"":19,""206"":26,""67"":4135,""68"":0,""13"":43,""17"":30,""18"":227,""19"":159,""15"":1000,""13201"":417,""36"":1433,""40"":125,""43"":0,""241"":26801,""199"":874,""16"":195845,""12"":782,""449"":0,""636"":110170163,""11"":893510181,""238"":0,""14"":2540732448,""387"":""2b3431353531342e393833332d303038343132382e363030302b3030302e3139352f""}"
2026-07-18T15:57:23Z,862272088833183,Codec8E,2026-07-18 13:31:41.000 UTC,1784381501000,0,41.5514966,-8.4127783,198,112,14,17,0,"{""239"":1,""240"":1,""80"":1,""21"":5,""200"":0,""69"":1,""237"":2,""113"":100,""263"":1,""303"":1,""383"":3,""30"":0,""31"":3,""32"":65,""33"":0,""35"":17,""37"":20,""38"":243,""39"":49,""181"":10,""182"":7,""66"":14288,""24"":17,""206"":26,""67"":4135,""68"":0,""13"":43,""17"":82,""18"":243,""19"":218,""15"":1000,""13201"":417,""36"":1433,""40"":125,""43"":0,""241"":26801,""199"":881,""16"":195852,""12"":782,""449"":0,""636"":110170163,""11"":893510181,""238"":0,""14"":2540732448,""387"":""2b3431353531342e393636372d303038343132372e373833332b3030302e3139382f""}"
2026-07-18T15:57:23Z,862272088833183,Codec8E,2026-07-18 13:31:42.000 UTC,1784381502000,0,41.5514733,-8.4127199,198,124,14,17,0,"{""239"":1,""240"":1,""80"":1,""21"":5,""200"":0,""69"":1,""237"":2,""113"":100,""263"":1,""303"":1,""383"":3,""30"":0,""31"":3,""32"":65,""33"":0,""35"":17,""37"":20,""38"":243,""39"":49,""181"":10,""182"":7,""66"":14285,""24"":17,""206"":26,""67"":4135,""68"":0,""13"":43,""17"":186,""18"":163,""19"":320,""15"":1000,""13201"":416,""36"":1433,""40"":125,""43"":0,""241"":26801,""199"":886,""16"":195857,""12"":782,""449"":0,""636"":110170163,""11"":893510181,""238"":0,""14"":2540732448,""387"":""2b3431353531342e373333332d303038343132372e323030302b3030302e3139382f""}"
2026-07-18T15:57:24Z,862272088833183,Codec8E,2026-07-18 13:31:43.000 UTC,1784381503000,0,41.5514316,-8.4126500,199,134,14,19,0,"{""239"":1,""240"":1,""80"":1,""21"":5,""200"":0,""69"":1,""237"":2,""113"":100,""263"":1,""303"":1,""383"":3,""30"":0,""31"":11,""32"":65,""33"":1,""35"":33,""37"":16,""38"":243,""39"":48,""181"":10,""182"":7,""66"":14289,""24"":19,""206"":26,""67"":4135,""68"":0,""13"":43,""17"":70,""18"":10,""19"":127,""15"":1000,""13201"":416,""36"":1423,""40"":1322,""43"":0,""241"":26801,""199"":894,""16"":195865,""12"":782,""449"":0,""636"":110170163,""11"":893510181,""238"":0,""14"":2540732448,""387"":""2b3431353531342e333136372d303038343132362e353030302b3030302e3139392f""}"
2026-07-18T15:57:24Z,862272088833183,Codec8E,2026-07-18 13:31:46.000 UTC,1784381506000,0,41.5512316,-8.4124349,197,144,14,28,0,"{""239"":1,""240"":1,""80"":1,""21"":5,""200"":0,""69"":1,""237"":2,""113"":100,""263"":1,""303"":1,""383"":3,""30"":0,""31"":11,""32"":65,""33"":1,""35"":33,""37"":16,""38"":243,""39"":48,""181"":11,""182"":7,""66"":14290,""24"":28,""206"":26,""67"":4135,""68"":0,""13"":43,""17"":129,""18"":71,""19"":367,""15"":1000,""13201"":416,""36"":1423,""40"":1322,""43"":0,""241"":26801,""199"":922,""16"":195893,""12"":782,""449"":0,""636"":110170163,""11"":893510181,""238"":0,""14"":2540732448,""387"":""2b3431353531322e333136372d303038343132342e333530302b3030302e3139372f""}"
2026-07-18T15:57:24Z,862272088833183,Codec8E,2026-07-18 13:31:49.000 UTC,1784381509000,0,41.5508966,-8.4121849,195,148,14,41,0,"{""239"":1,""240"":1,""80"":1,""21"":5,""200"":0,""69"":1,""237"":2,""113"":100,""263"":1,""303"":1,""383"":3,""30"":0,""31"":4,""32"":65,""33"":0,""35"":107,""37"":38,""38"":243,""39"":46,""181"":13,""182"":8,""66"":14258,""24"":41,""206"":26,""67"":4135,""68"":0,""13"":43,""17"":643,""18"":310,""19"":-251,""15"":1000,""13201"":417,""36"":2458,""40"":2575,""43"":0,""241"":26801,""199"":965,""16"":195936,""12"":782,""449"":0,""636"":110170163,""11"":893510181,""238"":0,""14"":2540732448,""387"":""2b3431353530382e393636372d303038343132312e383530302b3030302e3139352f""}"
2026-07-18T15:57:24Z,862272088833183,Codec8E,2026-07-18 13:31:55.000 UTC,1784381515000,0,41.5504983,-8.4118666,190,129,14,28,0,"{""239"":1,""240"":1,""80"":1,""21"":5,""200"":0,""69"":1,""237"":2,""113"":100,""263"":1,""303"":1,""383"":3,""30"":0,""31"":9,""32"":66,""33"":0,""35"":17,""37"":43,""38"":231,""39"":47,""181"":13,""182"":8,""66"":14273,""24"":28,""206"":26,""67"":4135,""68"":0,""13"":43,""17"":99,""18"":-104,""19"":76,""15"":1000,""13201"":418,""36"":2256,""40"":80,""43"":0,""241"":26801,""199"":1017,""16"":195988,""12"":782,""449"":0,""636"":110170163,""11"":893510181,""238"":0,""14"":2540732448,""387"":""2b3431353530342e393833332d303038343131382e363636372b3030302e3139302f""}"
2026-07-18T15:59:22Z,862272088833183,Codec8E,2026-07-18 13:31:56.000 UTC,1784381516000,0,41.5504833,-8.4118216,189,108,13,24,0,"{""239"":1,""240"":1,""80"":1,""21"":5,""200"":0,""69"":1,""237"":2,""113"":100,""263"":1,""303"":1,""383"":3,""30"":0,""31"":12,""32"":66,""33"":255,""35"":29,""37"":16,""38"":237,""39"":48,""181"":12,""182"":7,""66"":14268,""24"":24,""206"":26,""67"":4135,""68"":0,""13"":43,""17"":244,""18"":100,""19"":319,""15"":1000,""13201"":418,""36"":1524,""40"":155,""43"":0,""241"":26801,""199"":1021,""16"":195992,""12"":782,""449"":0,""636"":110170163,""11"":893510181,""238"":0,""14"":2540732448,""387"":""2b3431353530342e383333332d303038343131382e323136372b3030302e3138392f""}"
2026-07-18T15:59:22Z,862272088833183,Codec8E,2026-07-18 13:31:57.000 UTC,1784381517000,0,41.5504816,-8.4117783,188,94,13,21,0,"{""239"":1,""240"":1,""80"":1,""21"":5,""200"":0,""69"":1,""237"":2,""113"":100,""263"":1,""303"":1,""383"":3,""30"":0,""31"":12,""32"":66,""33"":255,""35"":29,""37"":16,""38"":237,""39"":48,""181"":11,""182"":7,""66"":14271,""24"":21,""206"":26,""67"":4135,""68"":0,""13"":43,""17"":-103,""18"":-163,""19"":231,""15"":1000,""13201"":418,""36"":1524,""40"":155,""43"":0,""241"":26801,""199"":1024,""16"":195995,""12"":782,""449"":0,""636"":110170163,""11"":893510181,""238"":0,""14"":2540732448,""387"":""2b3431353530342e383136372d303038343131372e373833332b3030302e3138382f""}"
2026-07-18T15:59:22Z,862272088833183,Codec8E,2026-07-18 13:31:58.000 UTC,1784381518000,0,41.5504950,-8.4117300,187,77,13,20,0,"{""239"":1,""240"":1,""80"":1,""21"":5,""200"":0,""69"":1,""237"":2,""113"":100,""263"":1,""303"":1,""383"":3,""30"":0,""31"":12,""32"":66,""33"":255,""35"":29,""37"":16,""38"":237,""39"":48,""181"":11,""182"":7,""66"":14285,""24"":20,""206"":26,""67"":4135,""68"":0,""13"":43,""17"":-126,""18"":-47,""19"":247,""15"":1000,""13201"":418,""36"":1524,""40"":155,""43"":0,""241"":26801,""199"":1029,""16"":196000,""12"":782,""449"":0,""636"":110170163,""11"":893510181,""238"":0,""14"":2540732448,""387"":""2b3431353530342e393530302d303038343131372e333030302b3030302e3138372f""}"
2026-07-18T15:59:22Z,862272088833183,Codec8E,2026-07-18 13:31:59.000 UTC,1784381519000,0,41.5505233,-8.4116600,186,63,13,20,0,"{""239"":1,""240"":1,""80"":1,""21"":5,""200"":0,""69"":1,""237"":2,""113"":100,""263"":1,""303"":1,""383"":3,""30"":0,""31"":12,""32"":66,""33"":255,""35"":29,""37"":16,""38"":237,""39"":48,""181"":11,""182"":7,""66"":14260,""24"":20,""206"":26,""67"":4135,""68"":0,""13"":43,""17"":-99,""18"":49,""19"":159,""15"":1000,""13201"":418,""36"":1524,""40"":155,""43"":0,""241"":26801,""199"":1035,""16"":196006,""12"":782,""449"":0,""636"":110170163,""11"":893510181,""238"":0,""14"":2540732448,""387"":""2b3431353530352e323333332d303038343131362e363030302b3030302e3138362f""}"
2026-07-18T15:59:23Z,862272088833183,Codec8E,2026-07-18 13:32:03.000 UTC,1784381523000,0,41.5506899,-8.4112633,182,65,13,30,0,"{""239"":1,""240"":1,""80"":1,""21"":5,""200"":0,""69"":1,""237"":2,""113"":100,""263"":1,""303"":1,""383"":3,""30"":0,""31"":32,""32"":66,""33"":1,""35"":113,""37"":25,""38"":234,""39"":47,""181"":11,""182"":7,""66"":14290,""24"":30,""206"":26,""67"":4135,""68"":0,""13"":43,""17"":-55,""18"":-12,""19"":148,""15"":1000,""13201"":418,""36"":3327,""40"":1661,""43"":0,""241"":26801,""199"":1073,""16"":196044,""12"":782,""449"":0,""636"":110170163,""11"":893510181,""238"":0,""14"":2540732448,""387"":""2b3431353530362e393030302d303038343131322e363333332b3030302e3138322f""}"
2026-07-18T15:59:23Z,862272088833183,Codec8E,2026-07-18 13:32:06.000 UTC,1784381526000,0,41.5509083,-8.4108650,181,59,13,40,0,"{""239"":1,""240"":1,""80"":1,""21"":5,""200"":0,""69"":1,""237"":2,""113"":100,""263"":1,""303"":1,""383"":3,""30"":0,""31"":54,""32"":66,""33"":0,""35"":92,""37"":39,""38"":243,""39"":45,""181"":11,""182"":7,""66"":14288,""24"":40,""206"":26,""67"":4135,""68"":0,""13"":43,""17"":-53,""18"":30,""19"":183,""15"":1000,""13201"":418,""36"":2576,""40"":2655,""43"":0,""241"":26801,""199"":1114,""16"":196085,""12"":782,""449"":0,""636"":110170163,""11"":893510181,""238"":0,""14"":2540732448,""387"":""2b3431353530392e303833332d303038343130382e363530302b3030302e3138312f""}"
2026-07-18T15:59:23Z,862272088833183,Codec8E,2026-07-18 13:32:08.000 UTC,1784381528000,0,41.5510733,-8.4104933,181,60,13,50,0,"{""239"":1,""240"":1,""80"":1,""21"":5,""200"":0,""69"":1,""237"":2,""113"":100,""263"":1,""303"":1,""383"":3,""30"":0,""31"":54,""32"":66,""33"":0,""35"":92,""37"":39,""38"":243,""39"":45,""181"":11,""182"":7,""66"":14278,""24"":50,""206"":26,""67"":4135,""68"":0,""13"":43,""17"":56,""18"":36,""19"":-1,""15"":1000,""13201"":418,""36"":2576,""40"":2655,""43"":0,""241"":26801,""199"":1150,""16"":196121,""12"":782,""449"":0,""636"":110170163,""11"":893510181,""238"":0,""14"":2540732448,""387"":""2b3431353531302e373333332d303038343130342e393333332b3030302e3138312f""}"
2026-07-18T15:59:23Z,862272088833183,Codec8E,2026-07-18 13:32:09.000 UTC,1784381529000,0,41.5511583,-8.4102983,180,61,13,54,255,"{""239"":1,""240"":1,""80"":1,""21"":5,""200"":0,""69"":1,""237"":2,""113"":100,""263"":1,""303"":1,""383"":3,""30"":0,""31"":54,""32"":66,""33"":0,""35"":92,""37"":39,""38"":243,""39"":45,""255"":54,""181"":14,""182"":8,""66"":14259,""24"":54,""206"":26,""67"":4135,""68"":0,""13"":43,""17"":-55,""18"":-10,""19"":88,""15"":1000,""13201"":418,""36"":2576,""40"":2655,""43"":0,""241"":26801,""199"":1169,""16"":196140,""12"":782,""449"":0,""636"":110170163,""11"":893510181,""238"":0,""14"":2540732448,""387"":""2b3431353531312e353833332d303038343130322e393833332b3030302e3138302f""}"
2026-07-18T15:59:24Z,862272088833183,Codec8E,2026-07-18 13:32:12.000 UTC,1784381532000,0,41.5514366,-8.4096750,179,61,13,65,0,"{""239"":1,""240"":1,""80"":1,""21"":5,""200"":0,""69"":1,""237"":2,""113"":100,""263"":1,""303"":1,""383"":3,""30"":0,""31"":67,""32"":66,""33"":245,""35"":144,""37"":64,""38"":221,""39"":45,""181"":12,""182"":7,""66"":14286,""24"":65,""206"":26,""67"":4135,""68"":0,""13"":43,""17"":-44,""18"":51,""19"":113,""15"":1000,""13201"":418,""36"":4250,""40"":2486,""43"":0,""241"":26801,""199"":1229,""16"":196200,""12"":782,""449"":0,""636"":110170163,""11"":893510181,""238"":0,""14"":2540732448,""387"":""2b3431353531342e333636372d303038343039362e373530302b3030302e3137392f""}"
2026-07-18T15:59:24Z,862272088833183,Codec8E,2026-07-18 13:32:15.000 UTC,1784381535000,0,41.5517199,-8.4089549,180,61,13,77,0,"{""239"":1,""240"":1,""80"":1,""21"":5,""200"":0,""69"":1,""237"":2,""113"":100,""263"":1,""303"":1,""383"":3,""30"":0,""31"":66,""32"":66,""33"":244,""35"":145,""37"":79,""38"":241,""39"":46,""181"":11,""182"":7,""66"":14267,""24"":77,""206"":26,""67"":4135,""68"":0,""13"":43,""17"":-95,""18"":10,""19"":104,""15"":1000,""13201"":418,""36"":3913,""40"":3519,""43"":0,""241"":26801,""199"":1297,""16"":196268,""12"":782,""449"":0,""636"":110170163,""11"":893510181,""238"":0,""14"":2540732448,""387"":""2b3431353531372e323030302d303038343038392e353530302b3030302e3138302f""}"
2026-07-18T15:59:24Z,862272088833183,Codec8E,2026-07-18 13:32:19.000 UTC,1784381539000,0,41.5521383,-8.4078766,181,60,13,87,0,"{""239"":1,""240"":1,""80"":1,""21"":5,""200"":0,""69"":1,""237"":2,""113"":100,""263"":1,""303"":1,""383"":3,""30"":0,""31"":28,""32"":67,""33"":0,""35"":142,""37"":90,""38"":242,""39"":47,""181"":11,""182"":7,""66"":14267,""24"":87,""206"":26,""67"":4135,""68"":0,""13"":43,""17"":382,""18"":-52,""19"":252,""15"":1000,""13201"":419,""36"":3260,""40"":2952,""43"":0,""241"":26801,""199"":1398,""16"":196369,""12"":782,""449"":0,""636"":110170164,""11"":893510181,""238"":0,""14"":2540732448,""387"":""2b3431353532312e333833332d303038343037382e373636372b3030302e3138312f""}"
2026-07-18T15:59:24Z,862272088833183,Codec8E,2026-07-18 13:32:23.000 UTC,1784381543000,0,41.5526066,-8.4067383,184,60,12,93,0,"{""239"":1,""240"":1,""80"":1,""21"":5,""200"":0,""69"":1,""237"":2,""113"":100,""263"":1,""303"":1,""383"":3,""30"":0,""31"":28,""32"":67,""33"":0,""35"":142,""37"":90,""38"":242,""39"":47,""181"":11,""182"":8,""66"":14256,""24"":93,""206"":26,""67"":4135,""68"":0,""13"":43,""17"":13,""18"":32,""19"":3,""15"":1000,""13201"":419,""36"":3260,""40"":2952,""43"":0,""241"":26801,""199"":1506,""16"":196477,""12"":782,""449"":0,""636"":110136885,""11"":893510181,""238"":0,""14"":2540732448,""387"":""2b3431353532362e303636372d303038343036372e333833332b3030302e3138342f""}"
2026-07-18T15:59:24Z,862272088833183,Codec8E,2026-07-18 13:32:27.000 UTC,1784381547000,0,41.5530483,-8.4055816,180,61,13,98,0,"{""239"":1,""240"":1,""80"":1,""21"":5,""200"":0,""69"":1,""237"":2,""113"":100,""263"":1,""303"":1,""383"":3,""30"":0,""31"":69,""32"":67,""33"":250,""35"":145,""37"":94,""38"":247,""39"":48,""181"":11,""182"":7,""66"":14277,""24"":98,""206"":26,""67"":4135,""68"":0,""13"":43,""17"":532,""18"":-37,""19"":322,""15"":1000,""13201"":419,""36"":3401,""40"":277,""43"":0,""241"":26801,""199"":1614,""16"":196585,""12"":782,""449"":0,""636"":110136884,""11"":893510181,""238"":0,""14"":2540732448,""387"":""2b3431353533302e343833332d303038343035352e383136372b3030302e3138302f""}"
2026-07-18T15:59:24Z,862272088833183,Codec8E,2026-07-18 13:32:31.000 UTC,1784381551000,0,41.5535816,-8.4043716,176,61,13,101,0,"{""239"":1,""240"":1,""80"":1,""21"":5,""200"":0,""69"":1,""237"":2,""113"":100,""263"":1,""303"":1,""383"":3,""30"":0,""31"":56,""32"":68,""33"":0,""35"":137,""37"":100,""38"":241,""39"":48,""181"":11,""182"":7,""66"":14301,""24"":101,""206"":26,""67"":4135,""68"":0,""13"":43,""17"":79,""18"":31,""19"":17,""15"":1000,""13201"":418,""36"":2614,""40"":1738,""43"":0,""241"":26801,""199"":1731,""16"":196702,""12"":782,""449"":0,""636"":110136883,""11"":893510181,""238"":0,""14"":2540732448,""387"":""2b3431353533352e383136372d303038343034332e373136372b3030302e3137362f""}"
2026-07-18T15:59:24Z,862272088833183,Codec8E,2026-07-18 13:32:35.000 UTC,1784381555000,0,41.5540483,-8.4031633,178,62,13,102,0,"{""239"":1,""240"":1,""80"":1,""21"":5,""200"":0,""69"":1,""237"":2,""113"":100,""263"":1,""303"":1,""383"":3,""30"":0,""31"":4,""32"":68,""33"":0,""35"":77,""37"":100,""38"":240,""39"":48,""181"":11,""182"":7,""66"":14301,""24"":102,""206"":26,""67"":4135,""68"":0,""13"":43,""17"":118,""18"":7,""19"":21,""15"":1000,""13201"":418,""36"":2623,""40"":1769,""43"":0,""241"":26801,""199"":1844,""16"":196815,""12"":782,""449"":0,""636"":110136883,""11"":893510181,""238"":0,""14"":2540732448,""387"":""2b3431353534302e343833332d303038343033312e363333332b3030302e3137382f""}"
2026-07-18T15:59:24Z,862272088833183,Codec8E,2026-07-18 13:32:39.000 UTC,1784381559000,0,41.5544816,-8.4020066,179,61,13,96,0,"{""239"":1,""240"":1,""80"":1,""21"":5,""200"":0,""69"":1,""237"":2,""113"":100,""263"":1,""303"":1,""383"":3,""30"":0,""31"":55,""32"":68,""33"":0,""35"":80,""37"":99,""38"":224,""39"":47,""181"":11,""182"":7,""66"":14294,""24"":96,""206"":26,""67"":4135,""68"":0,""13"":43,""17"":158,""18"":-49,""19"":-154,""15"":1000,""13201"":418,""36"":2575,""40"":147,""43"":0,""241"":26801,""199"":1951,""16"":196922,""12"":782,""449"":0,""636"":110136883,""11"":893510181,""238"":0,""14"":2540732448,""387"":""2b3431353534342e383136372d303038343032302e303636372b3030302e3137392f""}"
2026-07-18T15:59:25Z,862272088833183,Codec8E,2026-07-18 13:32:42.000 UTC,1784381562000,0,41.5547733,-8.4013766,180,59,13,80,0,"{""239"":1,""240"":1,""80"":1,""21"":5,""200"":0,""69"":1,""237"":2,""113"":100,""263"":1,""303"":1,""383"":3,""30"":0,""31"":3,""32"":68,""33"":0,""35"":17,""37"":79,""38"":233,""39"":48,""181"":11,""182"":7,""66"":14076,""24"":80,""206"":26,""67"":4135,""68"":0,""13"":43,""17"":216,""18"":109,""19"":-299,""15"":1000,""13201"":418,""36"":2138,""40"":77,""43"":0,""241"":26801,""199"":2013,""16"":196984,""12"":782,""449"":0,""636"":110136883,""11"":893510181,""238"":0,""14"":2540732448,""387"":""2b3431353534372e373333332d303038343031332e373636372b3030302e3138302f""}"
2026-07-18T15:59:25Z,862272088833183,Codec8E,2026-07-18 13:32:44.000 UTC,1784381564000,0,41.5548499,-8.4011033,181,72,13,63,0,"{""239"":1,""240"":1,""80"":1,""21"":5,""200"":0,""69"":1,""237"":2,""113"":100,""263"":1,""303"":1,""383"":3,""30"":0,""31"":3,""32"":68,""33"":0,""35"":17,""37"":79,""38"":233,""39"":48,""181"":11,""182"":7,""66"":14251,""24"":63,""206"":26,""67"":4135,""68"":0,""13"":43,""17"":313,""18"":637,""19"":-31,""15"":1000,""13201"":419,""36"":2138,""40"":77,""43"":0,""241"":26801,""199"":2037,""16"":197008,""12"":782,""449"":0,""636"":110136883,""11"":893510181,""238"":0,""14"":2540732448,""387"":""2b3431353534382e353030302d303038343031312e303333332b3030302e3138312f""}"
2026-07-18T15:59:25Z,862272088833183,Codec8E,2026-07-18 13:32:45.000 UTC,1784381565000,0,41.5548316,-8.4010016,181,94,13,55,0,"{""239"":1,""240"":1,""80"":1,""21"":5,""200"":0,""69"":1,""237"":2,""113"":100,""263"":1,""303"":1,""383"":3,""30"":0,""31"":3,""32"":68,""33"":0,""35"":17,""37"":79,""38"":233,""39"":48,""181"":11,""182"":7,""66"":14269,""24"":55,""206"":26,""67"":4135,""68"":0,""13"":43,""17"":79,""18"":513,""19"":107,""15"":1000,""13201"":419,""36"":2138,""40"":77,""43"":0,""241"":26801,""199"":2046,""16"":197017,""12"":782,""449"":0,""636"":110136883,""11"":893510181,""238"":0,""14"":2540732448,""387"":""2b3431353534382e333136372d303038343031302e303136372b3030302e3138312f""}"
2026-07-18T15:59:25Z,862272088833183,Codec8E,2026-07-18 13:32:45.010 UTC,1784381565010,0,41.5548316,-8.4010016,181,94,13,55,253,"{""239"":1,""240"":1,""80"":1,""21"":5,""200"":0,""69"":1,""237"":2,""113"":100,""263"":1,""303"":1,""383"":3,""30"":0,""31"":3,""32"":68,""33"":0,""35"":17,""37"":79,""38"":233,""39"":48,""253"":3,""254"":33,""181"":11,""182"":7,""66"":14271,""24"":55,""206"":26,""67"":4135,""68"":0,""13"":43,""17"":226,""18"":446,""19"":217,""15"":1000,""13201"":419,""36"":2138,""40"":77,""43"":0,""241"":26801,""199"":2046,""16"":197017,""12"":782,""449"":0,""636"":110136883,""11"":893510181,""238"":0,""14"":2540732448,""387"":""2b3431353534382e333136372d303038343031302e303136372b3030302e3138312f""}"
2026-07-18T15:59:25Z,862272088833183,Codec8E,2026-07-18 13:32:46.000 UTC,1784381566000,0,41.5547900,-8.4009233,183,123,13,48,0,"{""239"":1,""240"":1,""80"":1,""21"":5,""200"":0,""69"":1,""237"":2,""113"":100,""263"":1,""303"":1,""383"":3,""30"":0,""31"":3,""32"":68,""33"":0,""35"":17,""37"":79,""38"":233,""39"":48,""181"":11,""182"":7,""66"":14255,""24"":48,""206"":26,""67"":4135,""68"":0,""13"":43,""17"":68,""18"":66,""19"":129,""15"":1000,""13201"":420,""36"":2138,""40"":77,""43"":0,""241"":26801,""199"":2054,""16"":197025,""12"":782,""449"":0,""636"":110136883,""11"":893510181,""238"":0,""14"":2540732448,""387"":""2b3431353534372e393030302d303038343030392e323333332b3030302e3138332f""}"
2026-07-18T15:59:25Z,862272088833183,Codec8E,2026-07-18 13:32:46.010 UTC,1784381566010,0,41.5547900,-8.4009233,183,123,13,48,255,"{""239"":1,""240"":1,""80"":1,""21"":5,""200"":0,""69"":1,""237"":2,""113"":100,""263"":1,""303"":1,""383"":3,""30"":0,""31"":14,""32"":68,""33"":21,""35"":17,""37"":31,""38"":234,""39"":49,""255"":48,""181"":11,""182"":7,""66"":14252,""24"":48,""206"":26,""67"":4135,""68"":0,""13"":43,""17"":134,""18"":53,""19"":210,""15"":1000,""13201"":420,""36"":1999,""40"":1194,""43"":0,""241"":26801,""199"":2054,""16"":197025,""12"":782,""449"":0,""636"":110136883,""11"":893510181,""238"":0,""14"":2540732448,""387"":""2b3431353534372e393030302d303038343030392e323333332b3030302e3138332f""}"
2026-07-18T15:59:25Z,862272088833183,Codec8E,2026-07-18 13:32:46.020 UTC,1784381566020,0,41.5547900,-8.4009233,183,123,13,48,253,"{""239"":1,""240"":1,""80"":1,""21"":5,""200"":0,""69"":1,""237"":2,""113"":100,""263"":1,""303"":1,""383"":3,""30"":0,""31"":14,""32"":68,""33"":21,""35"":17,""37"":31,""38"":234,""39"":49,""253"":3,""254"":42,""181"":11,""182"":7,""66"":14252,""24"":48,""206"":26,""67"":4135,""68"":0,""13"":43,""17"":-3,""18"":66,""19"":153,""15"":1000,""13201"":420,""36"":1999,""40"":1194,""43"":0,""241"":26801,""199"":2054,""16"":197025,""12"":782,""449"":0,""636"":110136883,""11"":893510181,""238"":0,""14"":2540732448,""387"":""2b3431353534372e393030302d303038343030392e323333332b3030302e3138332f""}"
2026-07-18T15:59:25Z,862272088833183,Codec8E,2026-07-18 13:32:47.000 UTC,1784381567000,0,41.5547199,-8.4008683,183,143,13,44,0,"{""239"":1,""240"":1,""80"":1,""21"":5,""200"":0,""69"":1,""237"":2,""113"":100,""263"":1,""303"":1,""383"":3,""30"":0,""31"":14,""32"":68,""33"":21,""35"":17,""37"":31,""38"":234,""39"":49,""181"":11,""182"":7,""66"":14260,""24"":44,""206"":26,""67"":4135,""68"":0,""13"":43,""17"":-50,""18"":-18,""19"":258,""15"":1000,""13201"":420,""36"":1999,""40"":1194,""43"":0,""241"":26801,""199"":2063,""16"":197034,""12"":782,""449"":0,""636"":110136883,""11"":893510181,""238"":0,""14"":2540732448,""387"":""2b3431353534372e323030302d303038343030382e363833332b3030302e3138332f""}"
2026-07-18T16:01:20Z,862272088833183,Codec8E,2026-07-18 13:32:47.010 UTC,1784381567010,0,41.5547199,-8.4008683,183,143,13,44,253,"{""239"":1,""240"":1,""80"":1,""21"":5,""200"":0,""69"":1,""237"":2,""113"":100,""263"":1,""303"":1,""383"":3,""30"":0,""31"":14,""32"":68,""33"":21,""35"":17,""37"":31,""38"":234,""39"":49,""253"":3,""254"":31,""181"":11,""182"":7,""66"":14261,""24"":44,""206"":26,""67"":4135,""68"":0,""13"":43,""17"":-144,""18"":-37,""19"":168,""15"":1000,""13201"":420,""36"":1999,""40"":1194,""43"":0,""241"":26801,""199"":2063,""16"":197034,""12"":782,""449"":0,""636"":110136883,""11"":893510181,""238"":0,""14"":2540732448,""387"":""2b3431353534372e323030302d303038343030382e363833332b3030302e3138332f""}"
2026-07-18T16:01:20Z,862272088833183,Codec8E,2026-07-18 13:32:55.000 UTC,1784381575000,0,41.5540650,-8.4004433,183,149,12,31,0,"{""239"":1,""240"":1,""80"":1,""21"":5,""200"":0,""69"":1,""237"":2,""113"":100,""263"":1,""303"":1,""383"":3,""30"":0,""31"":56,""32"":67,""33"":6,""35"":24,""37"":39,""38"":243,""39"":47,""181"":11,""182"":8,""66"":14227,""24"":31,""206"":26,""67"":4135,""68"":0,""13"":43,""17"":129,""18"":-4,""19"":25,""15"":1000,""13201"":420,""36"":2101,""40"":700,""43"":0,""241"":26801,""199"":2144,""16"":197115,""12"":782,""449"":0,""636"":110590005,""11"":893510181,""238"":0,""14"":2540732448,""387"":""2b3431353534302e363530302d303038343030342e343333332b3030302e3138332f""}"
2026-07-18T16:01:20Z,862272088833183,Codec8E,2026-07-18 13:32:58.000 UTC,1784381578000,0,41.5539733,-8.4004000,186,152,13,20,0,"{""239"":1,""240"":1,""80"":1,""21"":5,""200"":0,""69"":1,""237"":2,""113"":100,""263"":1,""303"":1,""383"":3,""30"":0,""31"":4,""32"":67,""33"":2,""35"":19,""37"":19,""38"":246,""39"":47,""181"":11,""182"":7,""66"":14277,""24"":20,""206"":26,""67"":4135,""68"":0,""13"":43,""17"":-96,""18"":19,""19"":282,""15"":1000,""13201"":419,""36"":840,""40"":130,""43"":0,""241"":26801,""199"":2155,""16"":197126,""12"":782,""449"":0,""636"":110590005,""11"":893510181,""238"":0,""14"":2540732448,""387"":""2b3431353533392e373333332d303038343030342e303030302b3030302e3138362f""}"
2026-07-18T16:01:20Z,862272088833183,Codec8E,2026-07-18 13:33:03.000 UTC,1784381583000,0,41.5536166,-8.4001833,191,154,12,32,0,"{""239"":1,""240"":1,""80"":1,""21"":5,""200"":0,""69"":1,""237"":2,""113"":100,""263"":1,""303"":1,""383"":3,""30"":0,""31"":5,""32"":67,""33"":0,""35"":101,""37"":21,""38"":239,""39"":47,""181"":11,""182"":8,""66"":14278,""24"":32,""206"":26,""67"":4135,""68"":0,""13"":43,""17"":-44,""18"":188,""19"":176,""15"":1000,""13201"":420,""36"":2558,""40"":238,""43"":0,""241"":26801,""199"":2198,""16"":197169,""12"":782,""449"":0,""636"":110136883,""11"":893510181,""238"":0,""14"":2540732448,""387"":""2b3431353533362e313636372d303038343030312e383333332b3030302e3139312f""}"
2026-07-18T16:01:21Z,862272088833183,Codec8E,2026-07-18 13:33:06.000 UTC,1784381586000,0,41.5532449,-8.4000133,192,167,13,42,0,"{""239"":1,""240"":1,""80"":1,""21"":5,""200"":0,""69"":1,""237"":2,""113"":100,""263"":1,""303"":1,""383"":3,""30"":0,""31"":61,""32"":67,""33"":253,""35"":33,""37"":43,""38"":242,""39"":46,""181"":11,""182"":8,""66"":14283,""24"":42,""206"":26,""67"":4135,""68"":0,""13"":43,""17"":287,""18"":-68,""19"":154,""15"":1000,""13201"":419,""36"":2812,""40"":2175,""43"":0,""241"":26801,""199"":2242,""16"":197213,""12"":782,""449"":0,""636"":110136883,""11"":893510181,""238"":0,""14"":2540732448,""387"":""2b3431353533322e343530302d303038343030302e313333332b3030302e3139322f""}"
2026-07-18T16:01:21Z,862272088833183,Codec8E,2026-07-18 13:33:10.000 UTC,1784381590000,0,41.5527883,-8.3998133,197,152,12,44,0,"{""239"":1,""240"":1,""80"":1,""21"":5,""200"":0,""69"":1,""237"":2,""113"":100,""263"":1,""303"":1,""383"":3,""30"":0,""31"":4,""32"":67,""33"":0,""35"":17,""37"":46,""38"":226,""39"":47,""181"":11,""182"":8,""66"":14264,""24"":44,""206"":26,""67"":4135,""68"":0,""13"":43,""17"":74,""18"":-434,""19"":-24,""15"":1000,""13201"":420,""36"":2409,""40"":116,""43"":0,""241"":26801,""199"":2296,""16"":197267,""12"":782,""449"":0,""636"":110136883,""11"":893510181,""238"":0,""14"":2540732448,""387"":""2b3431353532372e383833332d303038333939382e313333332b3030302e3139372f""}"
2026-07-18T16:01:21Z,862272088833183,Codec8E,2026-07-18 13:33:12.000 UTC,1784381592000,0,41.5527200,-8.3995533,195,106,11,42,0,"{""239"":1,""240"":1,""80"":1,""21"":5,""200"":0,""69"":1,""237"":2,""113"":100,""263"":1,""303"":1,""383"":3,""30"":0,""31"":4,""32"":67,""33"":0,""35"":17,""37"":46,""38"":226,""39"":47,""181"":16,""182"":9,""66"":14273,""24"":42,""206"":26,""67"":4135,""68"":0,""13"":43,""17"":-134,""18"":-354,""19"":94,""15"":1000,""13201"":419,""36"":2409,""40"":116,""43"":0,""241"":26801,""199"":2323,""16"":197294,""12"":782,""449"":0,""636"":110377524,""11"":893510181,""238"":0,""14"":2540732448,""387"":""2b3431353532372e323030302d303038333939352e353333332b3030302e3139352f""}"
2026-07-18T16:01:21Z,862272088833183,Codec8E,2026-07-18 13:33:12.010 UTC,1784381592010,0,41.5527200,-8.3995533,195,106,11,42,253,"{""239"":1,""240"":1,""80"":1,""21"":5,""200"":0,""69"":1,""237"":2,""113"":100,""263"":1,""303"":1,""383"":3,""30"":0,""31"":4,""32"":67,""33"":0,""35"":17,""37"":46,""38"":226,""39"":47,""253"":3,""254"":68,""181"":17,""182"":9,""66"":14271,""24"":42,""206"":26,""67"":4135,""68"":0,""13"":43,""17"":68,""18"":-367,""19"":186,""15"":1000,""13201"":419,""36"":2409,""40"":116,""43"":0,""241"":26801,""199"":2323,""16"":197294,""12"":782,""449"":0,""636"":110377524,""11"":893510181,""238"":0,""14"":2540732448,""387"":""2b3431353532372e323030302d303038333939352e353333332b3030302e3139352f""}"
2026-07-18T16:01:21Z,862272088833183,Codec8E,2026-07-18 13:33:14.000 UTC,1784381594000,0,41.5527566,-8.3992849,194,73,11,41,0,"{""239"":1,""240"":1,""80"":1,""21"":5,""200"":0,""69"":1,""237"":2,""113"":100,""263"":1,""303"":1,""383"":3,""30"":0,""31"":3,""32"":68,""33"":255,""35"":100,""37"":38,""38"":242,""39"":47,""181"":16,""182"":9,""66"":14267,""24"":41,""206"":26,""67"":4135,""68"":0,""13"":43,""17"":-63,""18"":90,""19"":115,""15"":1000,""13201"":420,""36"":1973,""40"":1666,""43"":0,""241"":26801,""199"":2347,""16"":197318,""12"":782,""449"":0,""636"":110377524,""11"":893510181,""238"":0,""14"":2540732448,""387"":""2b3431353532372e353636372d303038333939322e383530302b3030302e3139342f""}"
2026-07-18T16:01:21Z,862272088833183,Codec8E,2026-07-18 13:33:14.010 UTC,1784381594010,0,41.5527566,-8.3992849,194,73,11,41,253,"{""239"":1,""240"":1,""80"":1,""21"":5,""200"":0,""69"":1,""237"":2,""113"":100,""263"":1,""303"":1,""383"":3,""30"":0,""31"":3,""32"":68,""33"":255,""35"":100,""37"":38,""38"":242,""39"":47,""253"":3,""254"":48,""181"":18,""182"":9,""66"":14275,""24"":41,""206"":26,""67"":4135,""68"":0,""13"":43,""17"":-60,""18"":71,""19"":183,""15"":1000,""13201"":420,""36"":1973,""40"":1666,""43"":0,""241"":26801,""199"":2347,""16"":197318,""12"":782,""449"":0,""636"":110377524,""11"":893510181,""238"":0,""14"":2540732448,""387"":""2b3431353532372e353636372d303038333939322e383530302b3030302e3139342f""}"
2026-07-18T16:01:21Z,862272088833183,Codec8E,2026-07-18 13:33:18.000 UTC,1784381598000,0,41.5529483,-8.3986150,193,76,11,51,0,"{""239"":1,""240"":1,""80"":1,""21"":5,""200"":0,""69"":1,""237"":2,""113"":100,""263"":1,""303"":1,""383"":3,""30"":0,""31"":3,""32"":68,""33"":255,""35"":100,""37"":38,""38"":242,""39"":47,""181"":12,""182"":9,""66"":14280,""24"":51,""206"":26,""67"":4135,""68"":0,""13"":43,""17"":128,""18"":188,""19"":143,""15"":1000,""13201"":420,""36"":1973,""40"":1666,""43"":0,""241"":26801,""199"":2406,""16"":197377,""12"":782,""449"":0,""636"":110377524,""11"":893510181,""238"":0,""14"":2540732448,""387"":""2b3431353532392e343833332d303038333938362e313530302b3030302e3139332f""}"
2026-07-18T16:01:21Z,862272088833183,Codec8E,2026-07-18 13:33:19.000 UTC,1784381599000,0,41.5529816,-8.3984100,193,80,11,54,255,"{""239"":1,""240"":1,""80"":1,""21"":5,""200"":0,""69"":1,""237"":2,""113"":100,""263"":1,""303"":1,""383"":3,""30"":0,""31"":64,""32"":68,""33"":0,""35"":143,""37"":57,""38"":242,""39"":46,""255"":54,""181"":12,""182"":9,""66"":14288,""24"":54,""206"":26,""67"":4135,""68"":0,""13"":43,""17"":21,""18"":18,""19"":99,""15"":1000,""13201"":420,""36"":2843,""40"":177,""43"":0,""241"":26801,""199"":2424,""16"":197395,""12"":782,""449"":0,""636"":110344243,""11"":893510181,""238"":0,""14"":2540732448,""387"":""2b3431353532392e383136372d303038333938342e313030302b3030302e3139332f""}"
2026-07-18T16:01:22Z,862272088833183,Codec8E,2026-07-18 13:33:24.000 UTC,1784381604000,0,41.5530600,-8.3973116,193,86,10,64,0,"{""239"":1,""240"":1,""80"":1,""21"":5,""200"":0,""69"":1,""237"":2,""113"":100,""263"":1,""303"":1,""383"":3,""30"":0,""31"":54,""32"":68,""33"":3,""35"":134,""37"":66,""38"":249,""39"":46,""181"":13,""182"":10,""66"":14275,""24"":64,""206"":26,""67"":4135,""68"":0,""13"":43,""17"":-18,""18"":120,""19"":-24,""15"":1000,""13201"":420,""36"":2384,""40"":1719,""43"":0,""241"":26801,""199"":2516,""16"":197487,""12"":782,""449"":0,""636"":110344243,""11"":893510181,""238"":0,""14"":2540732448,""387"":""2b3431353533302e363030302d303038333937332e313136372b3030302e3139332f""}"
2026-07-18T16:01:22Z,862272088833183,Codec8E,2026-07-18 13:33:30.000 UTC,1784381610000,0,41.5531283,-8.3960099,193,86,10,64,0,"{""239"":1,""240"":1,""80"":1,""21"":5,""200"":0,""69"":1,""237"":2,""113"":100,""263"":1,""303"":1,""383"":3,""30"":0,""31"":32,""32"":68,""33"":249,""35"":25,""37"":63,""38"":239,""39"":46,""181"":14,""182"":11,""66"":14284,""24"":64,""206"":26,""67"":4135,""68"":0,""13"":43,""17"":186,""18"":103,""19"":-137,""15"":1000,""13201"":420,""36"":2340,""40"":819,""43"":0,""241"":26801,""199"":2624,""16"":197595,""12"":782,""449"":0,""636"":110344243,""11"":893510181,""238"":0,""14"":2540732448,""387"":""2b3431353533312e323833332d303038333936302e313030302b3030302e3139332f""}"
2026-07-18T16:01:22Z,862272088833183,Codec8E,2026-07-18 13:33:34.000 UTC,1784381614000,0,41.5531016,-8.3953800,191,108,12,51,0,"{""239"":1,""240"":1,""80"":1,""21"":5,""200"":0,""69"":1,""237"":2,""113"":100,""263"":1,""303"":1,""383"":3,""30"":0,""31"":20,""32"":68,""33"":254,""35"":17,""37"":55,""38"":231,""39"":47,""181"":11,""182"":8,""66"":14251,""24"":51,""206"":26,""67"":4135,""68"":0,""13"":43,""17"":50,""18"":-236,""19"":-119,""15"":1000,""13201"":421,""36"":2074,""40"":88,""43"":0,""241"":26801,""199"":2677,""16"":197648,""12"":782,""449"":0,""636"":110344243,""11"":893510181,""238"":0,""14"":2540732448,""387"":""2b3431353533312e303136372d303038333935332e383030302b3030302e3139312f""}"
2026-07-18T16:01:22Z,862272088833183,Codec8E,2026-07-18 13:33:35.000 UTC,1784381615000,0,41.5530383,-8.3952899,195,119,13,46,0,"{""239"":1,""240"":1,""80"":1,""21"":5,""200"":0,""69"":1,""237"":2,""113"":100,""263"":1,""303"":1,""383"":3,""30"":0,""31"":20,""32"":68,""33"":254,""35"":17,""37"":55,""38"":231,""39"":47,""181"":11,""182"":7,""66"":14223,""24"":46,""206"":26,""67"":4135,""68"":0,""13"":43,""17"":35,""18"":-586,""19"":-86,""15"":1000,""13201"":421,""36"":2074,""40"":88,""43"":0,""241"":26801,""199"":2688,""16"":197659,""12"":782,""449"":0,""636"":110344243,""11"":893510181,""238"":0,""14"":2540732448,""387"":""2b3431353533302e333833332d303038333935322e393030302b3030302e3139352f""}"
2026-07-18T16:03:19Z,862272088833183,Codec8E,2026-07-18 13:33:35.010 UTC,1784381615010,0,41.5530383,-8.3952899,195,119,13,46,255,"{""239"":1,""240"":1,""80"":1,""21"":5,""200"":0,""69"":1,""237"":2,""113"":100,""263"":1,""303"":1,""383"":3,""30"":0,""31"":20,""32"":68,""33"":254,""35"":17,""37"":55,""38"":231,""39"":47,""255"":46,""181"":11,""182"":7,""66"":14221,""24"":46,""206"":26,""67"":4135,""68"":0,""13"":43,""17"":38,""18"":-571,""19"":-101,""15"":1000,""13201"":421,""36"":2074,""40"":88,""43"":0,""241"":26801,""199"":2688,""16"":197659,""12"":782,""449"":0,""636"":110344243,""11"":893510181,""238"":0,""14"":2540732448,""387"":""2b3431353533302e333833332d303038333935322e393030302b3030302e3139352f""}"
2026-07-18T16:03:19Z,862272088833183,Codec8E,2026-07-18 13:33:36.000 UTC,1784381616000,0,41.5530383,-8.3951933,197,108,13,42,0,"{""239"":1,""240"":1,""80"":1,""21"":5,""200"":0,""69"":1,""237"":2,""113"":100,""263"":1,""303"":1,""383"":3,""30"":0,""31"":20,""32"":68,""33"":254,""35"":17,""37"":55,""38"":231,""39"":47,""181"":11,""182"":7,""66"":14240,""24"":42,""206"":26,""67"":4135,""68"":0,""13"":43,""17"":33,""18"":-502,""19"":-52,""15"":1000,""13201"":421,""36"":2074,""40"":88,""43"":0,""241"":26801,""199"":2696,""16"":197667,""12"":782,""449"":0,""636"":110344243,""11"":893510181,""238"":0,""14"":2540732448,""387"":""2b3431353533302e333833332d303038333935312e393333332b3030302e3139372f""}"
2026-07-18T16:03:19Z,862272088833183,Codec8E,2026-07-18 13:33:37.000 UTC,1784381617000,0,41.5530549,-8.3951283,197,63,13,37,0,"{""239"":1,""240"":1,""80"":1,""21"":5,""200"":0,""69"":1,""237"":2,""113"":100,""263"":1,""303"":1,""383"":3,""30"":0,""31"":39,""32"":68,""33"":21,""35"":17,""37"":30,""38"":243,""39"":47,""181"":13,""182"":8,""66"":14302,""24"":37,""206"":26,""67"":4135,""68"":0,""13"":43,""17"":-2,""18"":-439,""19"":-49,""15"":1000,""13201"":421,""36"":954,""40"":300,""43"":0,""241"":26801,""199"":2701,""16"":197672,""12"":782,""449"":0,""636"":110590005,""11"":893510181,""238"":0,""14"":2540732448,""387"":""2b3431353533302e353530302d303038333935312e323833332b3030302e3139372f""}"
2026-07-18T16:03:19Z,862272088833183,Codec8E,2026-07-18 13:33:37.010 UTC,1784381617010,0,41.5530549,-8.3951283,197,63,13,37,253,"{""239"":1,""240"":1,""80"":1,""21"":5,""200"":0,""69"":1,""237"":2,""113"":100,""263"":1,""303"":1,""383"":3,""30"":0,""31"":39,""32"":68,""33"":21,""35"":17,""37"":30,""38"":243,""39"":47,""253"":3,""254"":64,""181"":14,""182"":8,""66"":14307,""24"":37,""206"":26,""67"":4135,""68"":0,""13"":43,""17"":-42,""18"":-313,""19"":-7,""15"":1000,""13201"":421,""36"":954,""40"":300,""43"":0,""241"":26801,""199"":2701,""16"":197672,""12"":782,""449"":0,""636"":110590005,""11"":893510181,""238"":0,""14"":2540732448,""387"":""2b3431353533302e353530302d303038333935312e323833332b3030302e3139372f""}"
2026-07-18T16:03:20Z,862272088833183,Codec8E,2026-07-18 13:33:39.000 UTC,1784381619000,0,41.5531666,-8.3950716,197,10,13,31,0,"{""239"":1,""240"":1,""80"":1,""21"":5,""200"":0,""69"":1,""237"":2,""113"":100,""263"":1,""303"":1,""383"":3,""30"":0,""31"":39,""32"":68,""33"":21,""35"":17,""37"":30,""38"":243,""39"":47,""181"":13,""182"":8,""66"":14302,""24"":31,""206"":26,""67"":4135,""68"":0,""13"":43,""17"":7,""18"":91,""19"":308,""15"":1000,""13201"":420,""36"":954,""40"":300,""43"":0,""241"":26801,""199"":2716,""16"":197687,""12"":782,""449"":0,""636"":110590005,""11"":893510181,""238"":0,""14"":2540732448,""387"":""2b3431353533312e363636372d303038333935302e373136372b3030302e3139372f""}"
2026-07-18T16:03:20Z,862272088833183,Codec8E,2026-07-18 13:33:39.010 UTC,1784381619010,0,41.5531666,-8.3950716,197,10,13,31,253,"{""239"":1,""240"":1,""80"":1,""21"":5,""200"":0,""69"":1,""237"":2,""113"":100,""263"":1,""303"":1,""383"":3,""30"":0,""31"":39,""32"":68,""33"":21,""35"":17,""37"":30,""38"":243,""39"":47,""253"":3,""254"":67,""181"":14,""182"":8,""66"":14303,""24"":31,""206"":26,""67"":4135,""68"":0,""13"":43,""17"":-13,""18"":154,""19"":288,""15"":1000,""13201"":420,""36"":954,""40"":300,""43"":0,""241"":26801,""199"":2716,""16"":197687,""12"":782,""449"":0,""636"":110590005,""11"":893510181,""238"":0,""14"":2540732448,""387"":""2b3431353533312e363636372d303038333935302e373136372b3030302e3139372f""}"
2026-07-18T16:03:20Z,862272088833183,Codec8E,2026-07-18 13:33:44.000 UTC,1784381624000,0,41.5537666,-8.3950683,197,6,13,44,0,"{""239"":1,""240"":1,""80"":1,""21"":4,""200"":0,""69"":1,""237"":2,""113"":100,""263"":1,""303"":1,""383"":3,""30"":0,""31"":8,""32"":68,""33"":0,""35"":102,""37"":34,""38"":240,""39"":47,""181"":11,""182"":7,""66"":14289,""24"":44,""206"":26,""67"":4135,""68"":0,""13"":43,""17"":56,""18"":48,""19"":-80,""15"":1000,""13201"":421,""36"":3031,""40"":2555,""43"":0,""241"":26801,""199"":2783,""16"":197754,""12"":782,""449"":0,""636"":110590005,""11"":893510181,""238"":0,""14"":2540732448,""387"":""2b3431353533372e363636372d303038333935302e363833332b3030302e3139372f""}"
2026-07-18T16:03:20Z,862272088833183,Codec8E,2026-07-18 13:33:49.000 UTC,1784381629000,0,41.5543933,-8.3949200,197,36,13,42,0,"{""239"":1,""240"":1,""80"":1,""21"":4,""200"":0,""69"":1,""237"":2,""113"":100,""263"":1,""303"":1,""383"":3,""30"":0,""31"":55,""32"":68,""33"":0,""35"":126,""37"":58,""38"":221,""39"":46,""181"":11,""182"":7,""66"":14222,""24"":42,""206"":26,""67"":4135,""68"":0,""13"":43,""17"":46,""18"":549,""19"":-107,""15"":1000,""13201"":421,""36"":3875,""40"":236,""43"":0,""241"":26801,""199"":2855,""16"":197826,""12"":782,""449"":0,""636"":110590005,""11"":893510181,""238"":0,""14"":2540732448,""387"":""2b3431353534332e393333332d303038333934392e323030302b3030302e3139372f""}"
2026-07-18T16:03:22Z,862272088833183,Codec8E,2026-07-18 13:33:49.010 UTC,1784381629010,0,41.5543933,-8.3949200,197,36,13,42,253,"{""239"":1,""240"":1,""80"":1,""21"":4,""200"":0,""69"":1,""237"":2,""113"":100,""263"":1,""303"":1,""383"":3,""30"":0,""31"":55,""32"":68,""33"":0,""35"":126,""37"":58,""38"":221,""39"":46,""253"":3,""254"":35,""181"":11,""182"":7,""66"":14216,""24"":42,""206"":26,""67"":4135,""68"":0,""13"":43,""17"":32,""18"":375,""19"":-52,""15"":1000,""13201"":421,""36"":3875,""40"":236,""43"":0,""241"":26801,""199"":2855,""16"":197826,""12"":782,""449"":0,""636"":110590005,""11"":893510181,""238"":0,""14"":2540732448,""387"":""2b3431353534332e393333332d303038333934392e323030302b3030302e3139372f""}"
2026-07-18T16:03:22Z,862272088833183,Codec8E,2026-07-18 13:33:50.000 UTC,1784381630000,0,41.5543900,-8.3948349,200,62,13,38,0,"{""239"":1,""240"":1,""80"":1,""21"":4,""200"":0,""69"":1,""237"":2,""113"":100,""263"":1,""303"":1,""383"":3,""30"":0,""31"":55,""32"":68,""33"":0,""35"":126,""37"":58,""38"":221,""39"":46,""181"":11,""182"":7,""66"":14244,""24"":38,""206"":26,""67"":4135,""68"":0,""13"":43,""17"":219,""18"":111,""19"":168,""15"":1000,""13201"":421,""36"":3875,""40"":236,""43"":0,""241"":26801,""199"":2862,""16"":197833,""12"":782,""449"":0,""636"":110590005,""11"":893510181,""238"":0,""14"":2540732448,""387"":""2b3431353534332e393030302d303038333934382e333530302b3030302e3230302f""}"
2026-07-18T16:03:22Z,862272088833183,Codec8E,2026-07-18 13:33:50.010 UTC,1784381630010,0,41.5543900,-8.3948349,200,62,13,38,253,"{""239"":1,""240"":1,""80"":1,""21"":4,""200"":0,""69"":1,""237"":2,""113"":100,""263"":1,""303"":1,""383"":3,""30"":0,""31"":4,""32"":68,""33"":0,""35"":17,""37"":28,""38"":226,""39"":48,""253"":3,""254"":39,""181"":11,""182"":7,""66"":14252,""24"":38,""206"":26,""67"":4135,""68"":0,""13"":43,""17"":-150,""18"":98,""19"":266,""15"":1000,""13201"":421,""36"":2323,""40"":958,""43"":0,""241"":26801,""199"":2862,""16"":197833,""12"":782,""449"":0,""636"":110590005,""11"":893510181,""238"":0,""14"":2540732448,""387"":""2b3431353534332e393030302d303038333934382e333530302b3030302e3230302f""}"
2026-07-18T16:03:22Z,862272088833183,Codec8E,2026-07-18 13:33:51.000 UTC,1784381631000,0,41.5543650,-8.3947533,201,86,13,35,0,"{""239"":1,""240"":1,""80"":1,""21"":4,""200"":0,""69"":1,""237"":2,""113"":100,""263"":1,""303"":1,""383"":3,""30"":0,""31"":4,""32"":68,""33"":0,""35"":17,""37"":28,""38"":226,""39"":48,""181"":11,""182"":7,""66"":14268,""24"":35,""206"":26,""67"":4135,""68"":0,""13"":43,""17"":-9,""18"":52,""19"":151,""15"":1000,""13201"":421,""36"":2323,""40"":958,""43"":0,""241"":26801,""199"":2869,""16"":197840,""12"":782,""449"":0,""636"":110162484,""11"":893510181,""238"":0,""14"":2540732448,""387"":""2b3431353534332e363530302d303038333934372e353333332b3030302e3230312f""}"
2026-07-18T16:03:23Z,862272088833183,Codec8E,2026-07-18 13:33:51.010 UTC,1784381631010,0,41.5543650,-8.3947533,201,86,13,35,253,"{""239"":1,""240"":1,""80"":1,""21"":4,""200"":0,""69"":1,""237"":2,""113"":100,""263"":1,""303"":1,""383"":3,""30"":0,""31"":4,""32"":68,""33"":0,""35"":17,""37"":28,""38"":226,""39"":48,""253"":3,""254"":36,""181"":11,""182"":7,""66"":14272,""24"":35,""206"":26,""67"":4135,""68"":0,""13"":43,""17"":4,""18"":133,""19"":81,""15"":1000,""13201"":421,""36"":2323,""40"":958,""43"":0,""241"":26801,""199"":2869,""16"":197840,""12"":782,""449"":0,""636"":110162484,""11"":893510181,""238"":0,""14"":2540732448,""387"":""2b3431353534332e363530302d303038333934372e353333332b3030302e3230312f""}"
2026-07-18T16:03:23Z,862272088833183,Codec8E,2026-07-18 13:33:52.000 UTC,1784381632000,0,41.5543400,-8.3946600,201,97,13,34,0,"{""239"":1,""240"":1,""80"":1,""21"":4,""200"":0,""69"":1,""237"":2,""113"":100,""263"":1,""303"":1,""383"":3,""30"":0,""31"":4,""32"":68,""33"":0,""35"":17,""37"":28,""38"":226,""39"":48,""181"":11,""182"":7,""66"":14303,""24"":34,""206"":26,""67"":4135,""68"":0,""13"":43,""17"":25,""18"":412,""19"":-54,""15"":1000,""13201"":421,""36"":2323,""40"":958,""43"":0,""241"":26801,""199"":2877,""16"":197848,""12"":782,""449"":0,""636"":110162484,""11"":893510181,""238"":0,""14"":2540732448,""387"":""2b3431353534332e343030302d303038333934362e363030302b3030302e3230312f""}"
2026-07-18T16:03:23Z,862272088833183,Codec8E,2026-07-18 13:33:54.000 UTC,1784381634000,0,41.5542783,-8.3945033,202,116,12,30,0,"{""239"":1,""240"":1,""80"":1,""21"":4,""200"":0,""69"":1,""237"":2,""113"":100,""263"":1,""303"":1,""383"":3,""30"":0,""31"":4,""32"":68,""33"":0,""35"":17,""37"":28,""38"":226,""39"":48,""181"":14,""182"":8,""66"":14299,""24"":30,""206"":26,""67"":4135,""68"":0,""13"":43,""17"":-71,""18"":412,""19"":96,""15"":1000,""13201"":421,""36"":2323,""40"":958,""43"":0,""241"":26801,""199"":2892,""16"":197863,""12"":782,""449"":0,""636"":110162484,""11"":893510181,""238"":0,""14"":2540732448,""387"":""2b3431353534322e373833332d303038333934352e303333332b3030302e3230322f""}"
2026-07-18T16:03:23Z,862272088833183,Codec8E,2026-07-18 13:33:55.000 UTC,1784381635000,0,41.5542350,-8.3944583,202,129,12,28,0,"{""239"":1,""240"":1,""80"":1,""21"":4,""200"":0,""69"":1,""237"":2,""113"":100,""263"":1,""303"":1,""383"":3,""30"":0,""31"":35,""32"":68,""33"":250,""35"":21,""37"":27,""38"":237,""39"":47,""181"":12,""182"":8,""66"":14288,""24"":28,""206"":26,""67"":4135,""68"":0,""13"":43,""17"":263,""18"":303,""19"":292,""15"":1000,""13201"":421,""36"":2458,""40"":1486,""43"":0,""241"":26801,""199"":2898,""16"":197869,""12"":782,""449"":0,""636"":110162484,""11"":893510181,""238"":0,""14"":2540732448,""387"":""2b3431353534322e333530302d303038333934342e353833332b3030302e3230322f""}"
2026-07-18T16:03:23Z,862272088833183,Codec8E,2026-07-18 13:33:56.000 UTC,1784381636000,0,41.5541816,-8.3944333,201,146,11,26,0,"{""239"":1,""240"":1,""80"":1,""21"":4,""200"":0,""69"":1,""237"":2,""113"":100,""263"":1,""303"":1,""383"":3,""30"":0,""31"":35,""32"":68,""33"":250,""35"":21,""37"":27,""38"":237,""39"":47,""181"":15,""182"":9,""66"":14288,""24"":26,""206"":26,""67"":4135,""68"":0,""13"":43,""17"":28,""18"":71,""19"":454,""15"":1000,""13201"":421,""36"":2458,""40"":1486,""43"":0,""241"":26801,""199"":2904,""16"":197875,""12"":782,""449"":0,""636"":110162484,""11"":893510181,""238"":0,""14"":2540732448,""387"":""2b3431353534312e383136372d303038333934342e333333332b3030302e3230312f""}"
2026-07-18T16:03:23Z,862272088833183,Codec8E,2026-07-18 13:33:57.000 UTC,1784381637000,0,41.5540783,-8.3944683,201,179,12,27,0,"{""239"":1,""240"":1,""80"":1,""21"":4,""200"":0,""69"":1,""237"":2,""113"":100,""263"":1,""303"":1,""383"":3,""30"":0,""31"":35,""32"":68,""33"":250,""35"":21,""37"":27,""38"":237,""39"":47,""181"":12,""182"":8,""66"":14275,""24"":27,""206"":26,""67"":4135,""68"":0,""13"":43,""17"":185,""18"":-15,""19"":180,""15"":1000,""13201"":421,""36"":2458,""40"":1486,""43"":0,""241"":26801,""199"":2916,""16"":197887,""12"":782,""449"":0,""636"":110162484,""11"":893510181,""238"":0,""14"":2540732448,""387"":""2b3431353534302e373833332d303038333934342e363833332b3030302e3230312f""}"
2026-07-18T16:03:23Z,862272088833183,Codec8E,2026-07-18 13:34:04.000 UTC,1784381644000,0,41.5534466,-8.3944766,201,137,12,30,0,"{""239"":1,""240"":1,""80"":1,""21"":4,""200"":0,""69"":1,""237"":2,""113"":100,""263"":1,""303"":1,""383"":3,""30"":0,""31"":5,""32"":69,""33"":0,""35"":17,""37"":25,""38"":246,""39"":47,""181"":14,""182"":8,""66"":14276,""24"":30,""206"":26,""67"":4135,""68"":0,""13"":43,""17"":-42,""18"":-24,""19"":429,""15"":1000,""13201"":421,""36"":2516,""40"":1375,""43"":0,""241"":26801,""199"":2988,""16"":197959,""12"":782,""449"":0,""636"":110162484,""11"":893510181,""238"":0,""14"":2540732448,""387"":""2b3431353533342e343636372d303038333934342e373636372b3030302e3230312f""}"
2026-07-18T16:03:23Z,862272088833183,Codec8E,2026-07-18 13:34:04.010 UTC,1784381644010,0,41.5534466,-8.3944766,201,137,12,30,253,"{""239"":1,""240"":1,""80"":1,""21"":4,""200"":0,""69"":1,""237"":2,""113"":100,""263"":1,""303"":1,""383"":3,""30"":0,""31"":5,""32"":69,""33"":0,""35"":17,""37"":25,""38"":246,""39"":47,""253"":3,""254"":57,""181"":15,""182"":8,""66"":14281,""24"":30,""206"":26,""67"":4135,""68"":0,""13"":43,""17"":82,""18"":34,""19"":351,""15"":1000,""13201"":421,""36"":2516,""40"":1375,""43"":0,""241"":26801,""199"":2988,""16"":197959,""12"":782,""449"":0,""636"":110162484,""11"":893510181,""238"":0,""14"":2540732448,""387"":""2b3431353533342e343636372d303038333934342e373636372b3030302e3230312f""}"
2026-07-18T16:03:24Z,862272088833183,Codec8E,2026-07-18 13:34:05.000 UTC,1784381645000,0,41.5534350,-8.3943849,201,118,11,28,0,"{""239"":1,""240"":1,""80"":1,""21"":4,""200"":0,""69"":1,""237"":2,""113"":100,""263"":1,""303"":1,""383"":3,""30"":0,""31"":5,""32"":69,""33"":0,""35"":17,""37"":25,""38"":246,""39"":47,""181"":13,""182"":8,""66"":14282,""24"":28,""206"":26,""67"":4135,""68"":0,""13"":43,""17"":111,""18"":404,""19"":208,""15"":1000,""13201"":421,""36"":2516,""40"":1375,""43"":0,""241"":26801,""199"":2996,""16"":197967,""12"":782,""449"":0,""636"":110162484,""11"":893510181,""238"":0,""14"":2540732448,""387"":""2b3431353533342e333530302d303038333934332e383530302b3030302e3230312f""}"
2026-07-18T16:03:24Z,862272088833183,Codec8E,2026-07-18 13:34:08.000 UTC,1784381648000,0,41.5533350,-8.3941666,203,130,12,28,0,"{""239"":1,""240"":1,""80"":1,""21"":4,""200"":0,""69"":1,""237"":2,""113"":100,""263"":1,""303"":1,""383"":3,""30"":0,""31"":5,""32"":69,""33"":0,""35"":17,""37"":25,""38"":246,""39"":47,""181"":11,""182"":8,""66"":14271,""24"":28,""206"":26,""67"":4135,""68"":0,""13"":43,""17"":152,""18"":206,""19"":282,""15"":1000,""13201"":421,""36"":2516,""40"":1375,""43"":0,""241"":26801,""199"":3018,""16"":197989,""12"":782,""449"":0,""636"":110162484,""11"":893510181,""238"":0,""14"":2540732448,""387"":""2b3431353533332e333530302d303038333934312e363636372b3030302e3230332f""}"
2026-07-18T16:03:24Z,862272088833183,Codec8E,2026-07-18 13:34:09.000 UTC,1784381649000,0,41.5532883,-8.3940950,203,140,13,28,0,"{""239"":1,""240"":1,""80"":1,""21"":4,""200"":0,""69"":1,""237"":2,""113"":100,""263"":1,""303"":1,""383"":3,""30"":0,""31"":61,""32"":69,""33"":0,""35"":97,""37"":26,""38"":243,""39"":46,""181"":11,""182"":7,""66"":14271,""24"":28,""206"":26,""67"":4135,""68"":0,""13"":43,""17"":334,""18"":358,""19"":407,""15"":230,""13201"":421,""36"":1723,""40"":1333,""43"":0,""241"":26801,""199"":3026,""16"":197997,""12"":782,""449"":0,""636"":110162484,""11"":893510181,""238"":0,""14"":2540732448,""387"":""2b3431353533322e383833332d303038333934302e393530302b3030302e3230332f""}"
2026-07-18T16:03:24Z,862272088833183,Codec8E,2026-07-18 13:34:11.000 UTC,1784381651000,0,41.5531633,-8.3940016,204,157,12,28,0,"{""239"":1,""240"":1,""80"":1,""21"":4,""200"":0,""69"":1,""237"":2,""113"":100,""263"":1,""303"":1,""383"":3,""30"":0,""31"":61,""32"":69,""33"":0,""35"":97,""37"":26,""38"":243,""39"":46,""181"":11,""182"":8,""66"":14275,""24"":28,""206"":26,""67"":4135,""68"":0,""13"":43,""17"":159,""18"":-233,""19"":91,""15"":230,""13201"":421,""36"":1723,""40"":1333,""43"":0,""241"":26801,""199"":3042,""16"":198013,""12"":782,""449"":0,""636"":110162484,""11"":893510181,""238"":0,""14"":2540732448,""387"":""2b3431353533312e363333332d303038333934302e303136372b3030302e3230342f""}"
2026-07-18T16:03:24Z,862272088833183,Codec8E,2026-07-18 13:34:13.000 UTC,1784381653000,0,41.5530300,-8.3939216,205,147,12,28,0,"{""239"":1,""240"":1,""80"":1,""21"":4,""200"":0,""69"":1,""237"":2,""113"":100,""263"":1,""303"":1,""383"":3,""30"":0,""31"":61,""32"":69,""33"":0,""35"":97,""37"":26,""38"":243,""39"":46,""181"":11,""182"":8,""66"":14288,""24"":28,""206"":26,""67"":4135,""68"":0,""13"":43,""17"":158,""18"":-68,""19"":290,""15"":230,""13201"":421,""36"":1723,""40"":1333,""43"":0,""241"":26801,""199"":3058,""16"":198029,""12"":782,""449"":0,""636"":110590005,""11"":893510181,""238"":0,""14"":2540732448,""387"":""2b3431353533302e333030302d303038333933392e323136372b3030302e3230352f""}"
2026-07-18T16:03:24Z,862272088833183,Codec8E,2026-07-18 13:34:14.000 UTC,1784381654000,0,41.5530183,-8.3938650,206,130,12,26,0,"{""239"":1,""240"":1,""80"":1,""21"":4,""200"":0,""69"":1,""237"":2,""113"":100,""263"":1,""303"":1,""383"":3,""30"":0,""31"":43,""32"":69,""33"":248,""35"":26,""37"":25,""38"":234,""39"":46,""181"":14,""182"":8,""66"":14290,""24"":26,""206"":26,""67"":4135,""68"":0,""13"":43,""17"":-5,""18"":-284,""19"":459,""15"":230,""13201"":421,""36"":1407,""40"":838,""43"":0,""241"":26801,""199"":3063,""16"":198034,""12"":782,""449"":0,""636"":110590005,""11"":893510181,""238"":0,""14"":2540732448,""387"":""2b3431353533302e313833332d303038333933382e363530302b3030302e3230362f""}"
2026-07-18T16:03:24Z,862272088833183,Codec8E,2026-07-18 13:34:15.000 UTC,1784381655000,0,41.5530183,-8.3938066,207,109,12,23,0,"{""239"":1,""240"":1,""80"":1,""21"":4,""200"":0,""69"":1,""237"":2,""113"":100,""263"":1,""303"":1,""383"":3,""30"":0,""31"":43,""32"":69,""33"":248,""35"":26,""37"":25,""38"":234,""39"":46,""181"":15,""182"":8,""66"":14280,""24"":23,""206"":26,""67"":4135,""68"":0,""13"":43,""17"":96,""18"":50,""19"":518,""15"":230,""13201"":421,""36"":1407,""40"":838,""43"":0,""241"":26801,""199"":3068,""16"":198039,""12"":782,""449"":0,""636"":110590005,""11"":893510181,""238"":0,""14"":2540732448,""387"":""2b3431353533302e313833332d303038333933382e303636372b3030302e3230372f""}"
2026-07-18T16:03:24Z,862272088833183,Codec8E,2026-07-18 13:34:16.000 UTC,1784381656000,0,41.5530583,-8.3937216,208,77,11,22,0,"{""239"":1,""240"":1,""80"":1,""21"":4,""200"":0,""69"":1,""237"":2,""113"":100,""263"":1,""303"":1,""383"":3,""30"":0,""31"":43,""32"":69,""33"":248,""35"":26,""37"":25,""38"":234,""39"":46,""181"":13,""182"":9,""66"":14290,""24"":22,""206"":26,""67"":4135,""68"":0,""13"":43,""17"":-124,""18"":55,""19"":612,""15"":230,""13201"":421,""36"":1407,""40"":838,""43"":0,""241"":26801,""199"":3076,""16"":198047,""12"":782,""449"":0,""636"":110590005,""11"":893510181,""238"":0,""14"":2540732448,""387"":""2b3431353533302e353833332d303038333933372e323136372b3030302e3230382f""}"
2026-07-18T16:05:30Z,862272088833183,Codec8E,2026-07-18 13:34:17.000 UTC,1784381657000,0,41.5530866,-8.3936483,208,67,12,22,0,"{""239"":1,""240"":1,""80"":1,""21"":4,""200"":0,""69"":1,""237"":2,""113"":100,""263"":1,""303"":1,""383"":3,""30"":0,""31"":43,""32"":69,""33"":248,""35"":26,""37"":25,""38"":234,""39"":46,""181"":11,""182"":8,""66"":14293,""24"":22,""206"":26,""67"":4135,""68"":0,""13"":43,""17"":52,""18"":62,""19"":420,""15"":230,""13201"":421,""36"":1407,""40"":838,""43"":0,""241"":26801,""199"":3083,""16"":198054,""12"":782,""449"":0,""636"":110590005,""11"":893510181,""238"":0,""14"":2540732448,""387"":""2b3431353533302e383636372d303038333933362e343833332b3030302e3230382f""}"
2026-07-18T16:05:30Z,862272088833183,Codec8E,2026-07-18 13:34:25.000 UTC,1784381665000,0,41.5532766,-8.3932616,210,62,11,12,0,"{""239"":1,""240"":1,""80"":1,""21"":4,""200"":0,""69"":1,""237"":2,""113"":100,""263"":1,""303"":1,""383"":3,""30"":0,""31"":38,""32"":69,""33"":248,""35"":19,""37"":15,""38"":252,""39"":46,""181"":12,""182"":9,""66"":14196,""24"":12,""206"":26,""67"":4135,""68"":0,""13"":43,""17"":-41,""18"":131,""19"":17,""15"":230,""13201"":422,""36"":1578,""40"":119,""43"":0,""241"":26801,""199"":3119,""16"":198090,""12"":782,""449"":0,""636"":110359613,""11"":893510181,""238"":0,""14"":2540732448,""387"":""2b3431353533322e373636372d303038333933322e363136372b3030302e3231302f""}"
2026-07-18T16:05:30Z,862272088833183,Codec8E,2026-07-18 13:34:30.000 UTC,1784381670000,0,41.5532749,-8.3932783,210,62,11,2,0,"{""239"":1,""240"":1,""80"":1,""21"":4,""200"":0,""69"":1,""237"":2,""113"":100,""263"":1,""303"":1,""383"":3,""30"":0,""31"":12,""32"":70,""33"":248,""35"":33,""37"":0,""38"":252,""39"":47,""181"":12,""182"":9,""66"":14241,""24"":2,""206"":26,""67"":4135,""68"":0,""13"":43,""17"":-57,""18"":127,""19"":33,""15"":230,""13201"":421,""36"":822,""40"":144,""43"":0,""241"":26801,""199"":3119,""16"":198090,""12"":782,""449"":0,""636"":110159913,""11"":893510181,""238"":0,""14"":2540732448,""387"":""2b3431353533322e373530302d303038333933322e373833332b3030302e3231302f""}"
2026-07-18T16:05:30Z,862272088833183,Codec8E,2026-07-18 13:34:33.000 UTC,1784381673000,0,41.5532749,-8.3932783,210,62,11,0,303,"{""239"":1,""240"":1,""80"":1,""21"":4,""200"":0,""69"":1,""237"":2,""113"":100,""263"":1,""303"":0,""383"":3,""30"":0,""31"":12,""32"":70,""33"":0,""35"":35,""37"":0,""38"":0,""39"":48,""181"":12,""182"":9,""66"":14255,""24"":0,""206"":26,""67"":4135,""68"":0,""13"":43,""17"":-52,""18"":120,""19"":26,""15"":230,""13201"":421,""36"":884,""40"":150,""43"":0,""241"":26801,""199"":3119,""16"":198090,""12"":782,""449"":0,""636"":110159913,""11"":893510181,""238"":0,""14"":2540732448,""387"":""2b3431353533322e373530302d303038333933322e373833332b3030302e3231302f""}"
2026-07-18T16:05:30Z,862272088833183,Codec8E,2026-07-18 13:34:39.000 UTC,1784381679000,0,41.5532749,-8.3932783,210,62,12,0,239,"{""239"":0,""240"":1,""80"":1,""21"":4,""200"":0,""69"":1,""237"":2,""113"":100,""263"":1,""303"":0,""383"":3,""30"":0,""31"":12,""32"":71,""33"":0,""35"":34,""37"":0,""38"":0,""39"":48,""181"":11,""182"":8,""66"":13099,""24"":0,""206"":26,""67"":4135,""68"":0,""13"":43,""17"":-68,""18"":115,""19"":44,""15"":230,""13201"":422,""36"":897,""40"":144,""43"":0,""241"":26801,""199"":3119,""16"":198090,""12"":783,""449"":0,""636"":110159913,""11"":893510181,""238"":0,""14"":2540732448,""387"":""2b3431353533322e373530302d303038333933322e373833332b3030302e3231302f""}"
2026-07-18T16:05:30Z,862272088833183,Codec8E,2026-07-18 13:34:40.000 UTC,1784381680000,0,41.5532749,-8.3932783,210,62,12,0,303,"{""239"":0,""240"":1,""80"":1,""21"":4,""200"":0,""69"":1,""237"":2,""113"":100,""263"":1,""303"":1,""383"":3,""30"":0,""31"":12,""32"":71,""33"":0,""35"":34,""37"":0,""38"":0,""39"":48,""181"":11,""182"":8,""66"":13040,""24"":0,""206"":26,""67"":4135,""68"":0,""13"":43,""17"":-56,""18"":114,""19"":33,""15"":230,""13201"":422,""36"":897,""40"":144,""43"":0,""241"":26801,""199"":3119,""16"":198090,""12"":783,""449"":0,""636"":110159913,""11"":893510181,""238"":0,""14"":2540732448,""387"":""2b3431353533322e373530302d303038333933322e373833332b3030302e3231302f""}"
2026-07-18T16:05:30Z,862272088833183,Codec8E,2026-07-18 13:36:00.000 UTC,1784381760000,0,41.5531800,-8.3933816,232,355,12,0,240,"{""239"":0,""240"":0,""80"":0,""21"":5,""200"":0,""69"":1,""237"":2,""113"":100,""263"":1,""303"":0,""383"":3,""181"":11,""182"":8,""66"":12865,""24"":0,""206"":26,""67"":4149,""68"":26,""13"":43,""17"":-55,""18"":105,""19"":39,""15"":1000,""13201"":420,""241"":26801,""199"":0,""16"":198090,""12"":783,""449"":0,""636"":110159923,""11"":893510181,""238"":0,""14"":2540732448,""387"":""2b3431353533312e383030302d303038333933332e383136372b3030302e3233322f""}"
2026-07-18T16:05:30Z,862272088833183,Codec8E,2026-07-18 14:36:00.000 UTC,1784385360000,0,41.5531800,-8.3933816,219,355,14,0,0,"{""239"":0,""240"":0,""80"":0,""21"":5,""200"":0,""69"":1,""237"":2,""113"":100,""263"":1,""303"":0,""383"":3,""181"":14,""182"":7,""66"":12719,""24"":0,""206"":26,""67"":4139,""68"":0,""13"":43,""17"":-64,""18"":115,""19"":29,""15"":1000,""13201"":464,""241"":26801,""199"":0,""16"":198090,""12"":783,""449"":0,""636"":110159923,""11"":893510181,""238"":0,""14"":2540732448,""387"":""2b3431353533312e383030302d303038333933332e383136372b3030302e3231392f""}"
2026-07-18T16:05:30Z,862272088833183,Codec8E,2026-07-18 15:36:00.000 UTC,1784388960000,0,41.5531800,-8.3933816,227,355,15,0,0,"{""239"":0,""240"":0,""80"":0,""21"":5,""200"":0,""69"":1,""237"":2,""113"":100,""263"":1,""303"":0,""383"":3,""181"":11,""182"":6,""66"":12682,""24"":0,""206"":26,""67"":4135,""68"":0,""13"":43,""17"":-71,""18"":114,""19"":35,""15"":1000,""13201"":463,""241"":26801,""199"":0,""16"":198090,""12"":783,""449"":0,""636"":110159923,""11"":893510181,""238"":0,""14"":2540732448,""387"":""2b3431353533312e383030302d303038333933332e383136372b3030302e3232372f""}"
2026-07-18T16:37:23Z,862272088833183,Codec8E,2026-07-18 16:36:00.000 UTC,1784392560000,0,41.5531800,-8.3933816,0,0,0,0,0,"{""239"":0,""240"":0,""80"":0,""21"":5,""200"":3,""69"":3,""237"":2,""113"":100,""263"":1,""303"":0,""383"":3,""66"":12723,""206"":26,""67"":4135,""68"":0,""17"":-75,""18"":115,""19"":38,""13201"":391,""241"":26801,""16"":198090,""12"":783,""449"":0,""636"":110159923,""11"":893510181,""238"":0,""14"":2540732448,""387"":""2b3431353533312e383030302d303038333933332e383136372b3030302e3030302f""}"
2026-07-18T17:37:38Z,862272088833183,Codec8E,2026-07-18 17:36:00.000 UTC,1784396160000,0,41.5531800,-8.3933816,0,0,0,0,0,"{""239"":0,""240"":0,""80"":0,""21"":5,""200"":3,""69"":3,""237"":2,""113"":100,""263"":1,""303"":0,""383"":3,""66"":12719,""206"":26,""67"":4135,""68"":0,""17"":-63,""18"":117,""19"":43,""13201"":381,""241"":26801,""16"":198090,""12"":783,""449"":0,""636"":110159923,""11"":893510181,""238"":0,""14"":2540732448,""387"":""2b3431353533312e383030302d303038333933332e383136372b3030302e3030302f""}"
2026-07-18T18:37:36Z,862272088833183,Codec8E,2026-07-18 18:36:00.000 UTC,1784399760000,0,41.5531800,-8.3933816,0,0,0,0,0,"{""239"":0,""240"":0,""80"":0,""21"":5,""200"":3,""69"":3,""237"":2,""113"":100,""263"":1,""303"":0,""383"":3,""66"":12690,""206"":26,""67"":4135,""68"":0,""17"":-64,""18"":115,""19"":43,""13201"":354,""241"":26801,""16"":198090,""12"":783,""449"":0,""636"":110159913,""11"":893510181,""238"":0,""14"":2540732448,""387"":""2b3431353533312e383030302d303038333933332e383136372b3030302e3030302f""}"
2026-07-18T19:13:40Z,862272088833183,Codec8E,2026-07-18 19:13:14.000 UTC,1784401994000,0,41.5531800,-8.3933816,0,0,0,0,303,"{""239"":0,""240"":0,""80"":0,""21"":5,""200"":3,""69"":3,""237"":2,""113"":100,""263"":1,""303"":1,""383"":3,""66"":12636,""206"":26,""67"":4135,""68"":0,""17"":-68,""18"":121,""19"":27,""13201"":342,""241"":26801,""16"":198090,""12"":783,""449"":0,""636"":110159923,""11"":893510181,""238"":0,""14"":2540732448,""387"":""2b3431353533312e383030302d303038333933332e383136372b3030302e3030302f""}"
2026-07-18T19:13:40Z,862272088833183,Codec8E,2026-07-18 19:13:15.000 UTC,1784401995000,0,41.5531800,-8.3933816,0,0,0,0,303,"{""239"":0,""240"":0,""80"":0,""21"":5,""200"":3,""69"":3,""237"":2,""113"":100,""263"":1,""303"":0,""383"":3,""66"":12636,""206"":26,""67"":4133,""68"":0,""17"":-53,""18"":137,""19"":30,""13201"":342,""241"":26801,""16"":198090,""12"":783,""449"":0,""636"":110159923,""11"":893510181,""238"":0,""14"":2540732448,""387"":""2b3431353533312e383030302d303038333933332e383136372b3030302e3030302f""}"
2026-07-18T19:14:34Z,862272088833183,Codec8E,2026-07-18 19:14:25.000 UTC,1784402065000,0,41.5531800,-8.3933816,0,0,0,0,239,"{""239"":1,""240"":0,""80"":0,""21"":4,""200"":0,""69"":2,""237"":2,""113"":100,""263"":1,""303"":0,""383"":3,""181"":0,""182"":0,""66"":14094,""24"":0,""206"":26,""67"":4134,""68"":0,""13"":43,""17"":-28,""18"":125,""19"":97,""15"":1000,""13201"":343,""241"":26801,""199"":0,""16"":198090,""12"":783,""449"":0,""636"":110159913,""11"":893510181,""238"":0,""14"":2540732448,""387"":""2b3431353533312e383030302d303038333933332e383136372b3030302e3030302f""}"
2026-07-18T19:14:34Z,862272088833183,Codec8E,2026-07-18 19:14:28.000 UTC,1784402068000,0,41.5531800,-8.3933816,0,0,0,0,303,"{""239"":1,""240"":0,""80"":0,""21"":4,""200"":0,""69"":2,""237"":2,""113"":100,""263"":1,""303"":1,""383"":3,""181"":0,""182"":0,""66"":14169,""24"":0,""206"":26,""67"":4133,""68"":0,""13"":43,""17"":-125,""18"":12,""19"":89,""15"":1000,""13201"":343,""241"":26801,""199"":0,""16"":198090,""12"":783,""449"":0,""636"":110159913,""11"":893510181,""238"":0,""14"":2540732448,""387"":""2b3431353533312e383030302d303038333933332e383136372b3030302e3030302f""}"
2026-07-18T19:14:34Z,862272088833183,Codec8E,2026-07-18 19:14:29.000 UTC,1784402069000,0,41.5531800,-8.3933816,0,0,0,0,240,"{""239"":1,""240"":1,""80"":1,""21"":4,""200"":0,""69"":2,""237"":2,""113"":100,""263"":1,""303"":1,""383"":3,""181"":0,""182"":0,""66"":14189,""24"":0,""206"":26,""67"":4135,""68"":0,""13"":43,""17"":-231,""18"":64,""19"":226,""15"":1000,""13201"":344,""241"":26801,""199"":0,""16"":198090,""12"":783,""449"":0,""636"":110159913,""11"":893510181,""238"":0,""14"":2540732448,""387"":""2b3431353533312e383030302d303038333933332e383136372b3030302e3030302f""}"
2026-07-18T19:15:37Z,862272088833183,Codec8E,2026-07-18 19:14:39.000 UTC,1784402079000,0,41.5533266,-8.3942366,257,230,6,6,0,"{""239"":1,""240"":1,""80"":1,""21"":5,""200"":0,""69"":1,""237"":2,""113"":100,""263"":1,""303"":1,""383"":3,""181"":23,""182"":21,""66"":14227,""24"":5,""206"":26,""67"":4135,""68"":0,""13"":43,""17"":-97,""18"":-127,""19"":264,""15"":1000,""13201"":349,""241"":26801,""199"":0,""16"":198090,""12"":783,""449"":0,""636"":110159913,""11"":893510181,""238"":0,""14"":2540732448,""387"":""2b3431353533332e373833332d303038333934322e333530302b3030302e3235392f""}"
2026-07-18T19:15:37Z,862272088833183,Codec8E,2026-07-18 19:14:46.000 UTC,1784402086000,0,41.5530333,-8.3939150,211,211,10,6,0,"{""239"":1,""240"":1,""80"":1,""21"":5,""200"":0,""69"":1,""237"":2,""113"":100,""263"":1,""303"":1,""383"":3,""181"":13,""182"":10,""66"":14231,""24"":6,""206"":26,""67"":4135,""68"":0,""13"":43,""17"":13,""18"":201,""19"":-2,""15"":1000,""13201"":351,""241"":26801,""199"":81,""16"":198171,""12"":783,""449"":0,""636"":110159913,""11"":893510181,""238"":0,""14"":2540732448,""387"":""2b3431353533302e333333332d303038333933392e313530302b3030302e3231312f""}"
2026-07-18T19:15:37Z,862272088833183,Codec8E,2026-07-18 19:15:01.000 UTC,1784402101000,0,41.5531600,-8.3939316,210,314,10,6,0,"{""239"":1,""240"":1,""80"":1,""21"":5,""200"":0,""69"":1,""237"":2,""113"":100,""263"":1,""303"":1,""383"":3,""181"":13,""182"":10,""66"":14304,""24"":6,""206"":26,""67"":4135,""68"":0,""13"":43,""17"":148,""18"":-143,""19"":-44,""15"":1000,""13201"":353,""241"":26801,""199"":95,""16"":198185,""12"":783,""449"":0,""636"":110377514,""11"":893510181,""238"":0,""14"":2540732448,""387"":""2b3431353533312e363030302d303038333933392e333136372b3030302e3231302f""}"
2026-07-18T19:15:37Z,862272088833183,Codec8E,2026-07-18 19:15:04.000 UTC,1784402104000,0,41.5532516,-8.3940399,211,302,9,10,0,"{""239"":1,""240"":1,""80"":1,""21"":5,""200"":0,""69"":1,""237"":2,""113"":100,""263"":1,""303"":1,""383"":3,""181"":13,""182"":11,""66"":14275,""24"":10,""206"":26,""67"":4135,""68"":0,""13"":43,""17"":231,""18"":-180,""19"":28,""15"":1000,""13201"":353,""241"":26801,""199"":109,""16"":198199,""12"":783,""449"":0,""636"":110377514,""11"":893510181,""238"":0,""14"":2540732448,""387"":""2b3431353533322e353136372d303038333934302e343030302b3030302e3231312f""}"
2026-07-18T19:15:37Z,862272088833183,Codec8E,2026-07-18 19:15:05.000 UTC,1784402105000,0,41.5532666,-8.3940833,211,276,9,11,0,"{""239"":1,""240"":1,""80"":1,""21"":4,""200"":0,""69"":1,""237"":2,""113"":100,""263"":1,""303"":1,""383"":3,""181"":19,""182"":11,""66"":14236,""24"":11,""206"":26,""67"":4135,""68"":0,""13"":43,""17"":293,""18"":-261,""19"":-80,""15"":1000,""13201"":353,""241"":26801,""199"":113,""16"":198203,""12"":783,""449"":0,""636"":110377514,""11"":893510181,""238"":0,""14"":2540732448,""387"":""2b3431353533322e363636372d303038333934302e383333332b3030302e3231312f""}"
2026-07-18T19:25:53Z,862272088833183,Codec8E,2026-07-18 19:15:06.000 UTC,1784402106000,0,41.5532683,-8.3941283,211,260,10,12,0,"{""239"":1,""240"":1,""80"":1,""21"":4,""200"":0,""69"":1,""237"":2,""113"":100,""263"":1,""303"":1,""383"":3,""30"":0,""31"":3,""32"":36,""33"":0,""35"":16,""37"":12,""38"":243,""39"":29,""181"":17,""182"":10,""66"":14256,""24"":12,""206"":26,""67"":4134,""68"":0,""13"":43,""17"":77,""18"":-115,""19"":83,""15"":1000,""13201"":353,""36"":1057,""40"":147,""43"":0,""241"":26801,""199"":117,""16"":198207,""12"":783,""449"":0,""636"":110377514,""389"":0,""11"":893510181,""238"":0,""14"":2540732448,""387"":""2b3431353533322e363833332d303038333934312e323833332b3030302e3231312f""}"
2026-07-18T19:25:53Z,862272088833183,Codec8E,2026-07-18 19:15:07.000 UTC,1784402107000,0,41.5532550,-8.3941599,211,231,10,12,0,"{""239"":1,""240"":1,""80"":1,""21"":4,""200"":0,""69"":1,""237"":2,""113"":100,""263"":1,""303"":1,""383"":3,""30"":0,""31"":3,""32"":36,""33"":0,""35"":16,""37"":12,""38"":243,""39"":29,""181"":13,""182"":10,""66"":14286,""24"":12,""206"":26,""67"":4135,""68"":0,""13"":43,""17"":44,""18"":-65,""19"":60,""15"":1000,""13201"":353,""36"":1057,""40"":147,""43"":0,""241"":26801,""199"":120,""16"":198210,""12"":783,""449"":0,""636"":110377514,""389"":0,""11"":893510181,""238"":0,""14"":2540732448,""387"":""2b3431353533322e353530302d303038333934312e363030302b3030302e3231312f""}"
2026-07-18T19:25:53Z,862272088833183,Codec8E,2026-07-18 19:15:08.000 UTC,1784402108000,0,41.5532266,-8.3941800,211,211,10,13,0,"{""239"":1,""240"":1,""80"":1,""21"":4,""200"":0,""69"":1,""237"":2,""113"":100,""263"":1,""303"":1,""383"":3,""30"":0,""31"":3,""32"":36,""33"":0,""35"":16,""37"":12,""38"":243,""39"":29,""181"":13,""182"":10,""66"":14303,""24"":13,""206"":26,""67"":4135,""68"":0,""13"":43,""17"":84,""18"":-109,""19"":72,""15"":1000,""13201"":353,""36"":1057,""40"":147,""43"":0,""241"":26801,""199"":123,""16"":198213,""12"":783,""449"":0,""636"":110377514,""389"":0,""11"":893510181,""238"":0,""14"":2540732448,""387"":""2b3431353533322e323636372d303038333934312e383030302b3030302e3231312f""}"
2026-07-18T19:25:53Z,862272088833183,Codec8E,2026-07-18 19:15:09.000 UTC,1784402109000,0,41.5531883,-8.3941966,211,200,11,14,0,"{""239"":1,""240"":1,""80"":1,""21"":4,""200"":0,""69"":1,""237"":2,""113"":100,""263"":1,""303"":1,""383"":3,""30"":0,""31"":3,""32"":36,""33"":0,""35"":16,""37"":12,""38"":243,""39"":29,""181"":12,""182"":9,""66"":14321,""24"":14,""206"":26,""67"":4135,""68"":0,""13"":43,""17"":12,""18"":-106,""19"":221,""15"":1000,""13201"":354,""36"":1057,""40"":147,""43"":0,""241"":26801,""199"":128,""16"":198218,""12"":783,""449"":0,""636"":110377514,""389"":0,""11"":893510181,""238"":0,""14"":2540732448,""387"":""2b3431353533312e383833332d303038333934312e393636372b3030302e3231312f""}"
2026-07-18T19:25:55Z,862272088833183,Codec8E,2026-07-18 19:15:12.000 UTC,1784402112000,0,41.5530150,-8.3943150,210,217,11,23,0,"{""239"":1,""240"":1,""80"":1,""21"":4,""200"":0,""69"":1,""237"":2,""113"":100,""263"":1,""303"":1,""383"":3,""30"":0,""31"":5,""32"":36,""33"":0,""35"":29,""37"":19,""38"":243,""39"":29,""181"":16,""182"":10,""66"":14334,""24"":23,""206"":26,""67"":4135,""68"":0,""13"":43,""17"":419,""18"":270,""19"":11,""15"":1000,""13201"":355,""36"":1734,""40"":1638,""43"":0,""241"":26801,""199"":149,""16"":198239,""12"":783,""449"":0,""636"":110377514,""389"":0,""11"":893510181,""238"":0,""14"":2540732448,""387"":""2b3431353533302e313530302d303038333934332e313530302b3030302e3231302f""}"
2026-07-18T19:25:55Z,862272088833183,Codec8E,2026-07-18 19:15:14.000 UTC,1784402114000,0,41.5529100,-8.3944850,210,228,11,28,0,"{""239"":1,""240"":1,""80"":1,""21"":4,""200"":0,""69"":1,""237"":2,""113"":100,""263"":1,""303"":1,""383"":3,""30"":0,""31"":5,""32"":36,""33"":0,""35"":29,""37"":19,""38"":243,""39"":29,""181"":16,""182"":10,""66"":14314,""24"":28,""206"":26,""67"":4135,""68"":0,""13"":43,""17"":232,""18"":304,""19"":19,""15"":1000,""13201"":355,""36"":1734,""40"":1638,""43"":0,""241"":26801,""199"":168,""16"":198258,""12"":783,""449"":0,""636"":110377514,""389"":0,""11"":893510181,""238"":0,""14"":2540732448,""387"":""2b3431353532392e313030302d303038333934342e383530302b3030302e3231302f""}"
2026-07-18T19:25:55Z,862272088833183,Codec8E,2026-07-18 19:15:16.000 UTC,1784402116000,0,41.5528849,-8.3947483,209,259,11,31,0,"{""239"":1,""240"":1,""80"":1,""21"":4,""200"":0,""69"":1,""237"":2,""113"":100,""263"":1,""303"":1,""383"":3,""30"":0,""31"":6,""32"":36,""33"":243,""35"":21,""37"":38,""38"":224,""39"":29,""181"":16,""182"":10,""66"":14282,""24"":31,""206"":26,""67"":4135,""68"":0,""13"":43,""17"":297,""18"":246,""19"":-61,""15"":1000,""13201"":355,""36"":3466,""40"":194,""43"":0,""241"":26801,""199"":191,""16"":198281,""12"":783,""449"":0,""636"":110377514,""389"":0,""11"":893510181,""238"":0,""14"":2540732448,""387"":""2b3431353532382e383530302d303038333934372e343833332b3030302e3230392f""}"
2026-07-18T19:25:55Z,862272088833183,Codec8E,2026-07-18 19:15:16.010 UTC,1784402116010,0,41.5528849,-8.3947483,209,259,11,31,253,"{""239"":1,""240"":1,""80"":1,""21"":4,""200"":0,""69"":1,""237"":2,""113"":100,""263"":1,""303"":1,""383"":3,""30"":0,""31"":6,""32"":36,""33"":243,""35"":21,""37"":38,""38"":224,""39"":29,""253"":3,""254"":39,""181"":16,""182"":10,""66"":14282,""24"":31,""206"":26,""67"":4135,""68"":0,""13"":43,""17"":297,""18"":246,""19"":-61,""15"":1000,""13201"":355,""36"":3466,""40"":194,""43"":0,""241"":26801,""199"":191,""16"":198281,""12"":783,""449"":0,""636"":110377514,""389"":0,""11"":893510181,""238"":0,""14"":2540732448,""387"":""2b3431353532382e383530302d303038333934372e343833332b3030302e3230392f""}"
2026-07-18T19:25:56Z,862272088833183,Codec8E,2026-07-18 19:15:17.000 UTC,1784402117000,0,41.5528999,-8.3948616,209,271,11,31,0,"{""239"":1,""240"":1,""80"":1,""21"":4,""200"":0,""69"":1,""237"":2,""113"":100,""263"":1,""303"":1,""383"":3,""30"":0,""31"":6,""32"":36,""33"":243,""35"":21,""37"":38,""38"":224,""39"":29,""181"":16,""182"":10,""66"":14297,""24"":31,""206"":26,""67"":4135,""68"":0,""13"":43,""17"":282,""18"":133,""19"":-68,""15"":1000,""13201"":355,""36"":3466,""40"":194,""43"":0,""241"":26801,""199"":201,""16"":198291,""12"":783,""449"":0,""636"":110377514,""389"":0,""11"":893510181,""238"":0,""14"":2540732448,""387"":""2b3431353532392e303030302d303038333934382e363136372b3030302e3230392f""}"
2026-07-18T19:25:56Z,862272088833183,Codec8E,2026-07-18 19:15:19.000 UTC,1784402119000,0,41.5529333,-8.3950400,211,281,11,28,0,"{""239"":1,""240"":1,""80"":1,""21"":4,""200"":0,""69"":1,""237"":2,""113"":100,""263"":1,""303"":1,""383"":3,""30"":0,""31"":6,""32"":36,""33"":243,""35"":21,""37"":38,""38"":224,""39"":29,""181"":16,""182"":10,""66"":14243,""24"":28,""206"":26,""67"":4135,""68"":0,""13"":43,""17"":75,""18"":178,""19"":-154,""15"":1000,""13201"":356,""36"":3466,""40"":194,""43"":0,""241"":26801,""199"":216,""16"":198306,""12"":783,""449"":0,""636"":110377514,""389"":0,""11"":893510181,""238"":0,""14"":2540732448,""387"":""2b3431353532392e333333332d303038333935302e343030302b3030302e3231312f""}"
2026-07-18T19:25:56Z,862272088833183,Codec8E,2026-07-18 19:15:21.000 UTC,1784402121000,0,41.5529799,-8.3951566,211,303,11,24,0,"{""239"":1,""240"":1,""80"":1,""21"":4,""200"":0,""69"":1,""237"":2,""113"":100,""263"":1,""303"":1,""383"":3,""30"":0,""31"":3,""32"":37,""33"":2,""35"":16,""37"":21,""38"":243,""39"":30,""181"":12,""182"":9,""66"":14307,""24"":24,""206"":26,""67"":4135,""68"":0,""13"":43,""17"":24,""18"":304,""19"":18,""15"":1000,""13201"":356,""36"":1279,""40"":144,""43"":0,""241"":26801,""199"":227,""16"":198317,""12"":783,""449"":0,""636"":110377514,""389"":0,""11"":893510181,""238"":0,""14"":2540732448,""387"":""2b3431353532392e383030302d303038333935312e353636372b3030302e3231312f""}"
2026-07-18T19:25:56Z,862272088833183,Codec8E,2026-07-18 19:15:22.000 UTC,1784402122000,0,41.5530166,-8.3951950,211,319,11,22,0,"{""239"":1,""240"":1,""80"":1,""21"":4,""200"":0,""69"":1,""237"":2,""113"":100,""263"":1,""303"":1,""383"":3,""30"":0,""31"":3,""32"":37,""33"":2,""35"":16,""37"":21,""38"":243,""39"":30,""181"":12,""182"":9,""66"":14318,""24"":22,""206"":26,""67"":4135,""68"":0,""13"":43,""17"":2,""18"":314,""19"":170,""15"":1000,""13201"":356,""36"":1279,""40"":144,""43"":0,""241"":26801,""199"":232,""16"":198322,""12"":783,""449"":0,""636"":110377514,""389"":0,""11"":893510181,""238"":0,""14"":2540732448,""387"":""2b3431353533302e313636372d303038333935312e393530302b3030302e3231312f""}"
2026-07-18T19:25:56Z,862272088833183,Codec8E,2026-07-18 19:15:24.000 UTC,1784402124000,0,41.5531416,-8.3952200,212,349,11,19,0,"{""239"":1,""240"":1,""80"":1,""21"":4,""200"":0,""69"":1,""237"":2,""113"":100,""263"":1,""303"":1,""383"":3,""30"":0,""31"":3,""32"":37,""33"":2,""35"":16,""37"":21,""38"":243,""39"":30,""181"":16,""182"":10,""66"":14336,""24"":19,""206"":26,""67"":4135,""68"":0,""13"":43,""17"":-86,""18"":-47,""19"":257,""15"":1000,""13201"":357,""36"":1279,""40"":144,""43"":0,""241"":26801,""199"":247,""16"":198337,""12"":783,""449"":0,""636"":110589995,""389"":0,""11"":893510181,""238"":0,""14"":2540732448,""387"":""2b3431353533312e343136372d303038333935322e323030302b3030302e3231322f""}"
2026-07-18T19:25:56Z,862272088833183,Codec8E,2026-07-18 19:15:26.000 UTC,1784402126000,0,41.5532966,-8.3951850,212,1,11,21,0,"{""239"":1,""240"":1,""80"":1,""21"":4,""200"":0,""69"":1,""237"":2,""113"":100,""263"":1,""303"":1,""383"":3,""30"":0,""31"":25,""32"":37,""33"":3,""35"":76,""37"":21,""38"":238,""39"":30,""181"":16,""182"":10,""66"":14326,""24"":21,""206"":26,""67"":4135,""68"":0,""13"":43,""17"":197,""18"":148,""19"":67,""15"":1000,""13201"":357,""36"":2503,""40"":511,""43"":0,""241"":26801,""199"":264,""16"":198354,""12"":783,""449"":0,""636"":110136873,""389"":0,""11"":893510181,""238"":0,""14"":2540732448,""387"":""2b3431353533322e393636372d303038333935312e383530302b3030302e3231322f""}"
2026-07-18T19:25:56Z,862272088833183,Codec8E,2026-07-18 19:15:29.000 UTC,1784402129000,0,41.5537050,-8.3950900,210,7,12,35,0,"{""239"":1,""240"":1,""80"":1,""21"":4,""200"":0,""69"":1,""237"":2,""113"":100,""263"":1,""303"":1,""383"":3,""30"":0,""31"":60,""32"":37,""33"":246,""35"":21,""37"":48,""38"":240,""39"":29,""181"":16,""182"":9,""66"":14282,""24"":35,""206"":26,""67"":4135,""68"":0,""13"":43,""17"":81,""18"":79,""19"":-10,""15"":1000,""13201"":357,""36"":3706,""40"":3227,""43"":0,""241"":26801,""199"":310,""16"":198400,""12"":783,""449"":0,""636"":110136873,""389"":0,""11"":893510181,""238"":0,""14"":2540732448,""387"":""2b3431353533372e303530302d303038333935302e393030302b3030302e3231302f""}"
2026-07-18T19:25:56Z,862272088833183,Codec8E,2026-07-18 19:15:31.000 UTC,1784402131000,0,41.5540150,-8.3950266,210,8,12,47,0,"{""239"":1,""240"":1,""80"":1,""21"":4,""200"":0,""69"":1,""237"":2,""113"":100,""263"":1,""303"":1,""383"":3,""30"":0,""31"":60,""32"":37,""33"":246,""35"":21,""37"":48,""38"":240,""39"":29,""181"":16,""182"":9,""66"":14321,""24"":47,""206"":26,""67"":4135,""68"":0,""13"":43,""17"":-47,""18"":47,""19"":127,""15"":1000,""13201"":358,""36"":3706,""40"":3227,""43"":0,""241"":26801,""199"":345,""16"":198435,""12"":783,""449"":0,""636"":110136873,""389"":0,""11"":893510181,""238"":0,""14"":2540732448,""387"":""2b3431353534302e313530302d303038333935302e323636372b3030302e3231302f""}"
2026-07-18T19:25:57Z,862272088833183,Codec8E,2026-07-18 19:15:32.000 UTC,1784402132000,0,41.5541833,-8.3949950,210,7,12,52,255,"{""239"":1,""240"":1,""80"":1,""21"":4,""200"":0,""69"":1,""237"":2,""113"":100,""263"":1,""303"":1,""383"":3,""30"":0,""31"":60,""32"":37,""33"":246,""35"":21,""37"":48,""38"":240,""39"":29,""255"":52,""181"":12,""182"":9,""66"":14327,""24"":52,""206"":26,""67"":4135,""68"":0,""13"":43,""17"":2,""18"":91,""19"":79,""15"":1000,""13201"":358,""36"":3706,""40"":3227,""43"":0,""241"":26801,""199"":364,""16"":198454,""12"":783,""449"":0,""636"":110136873,""389"":0,""11"":893510181,""238"":0,""14"":2540732448,""387"":""2b3431353534312e383333332d303038333934392e393530302b3030302e3231302f""}"
2026-07-18T19:25:57Z,862272088833183,Codec8E,2026-07-18 19:15:34.000 UTC,1784402134000,0,41.5545516,-8.3949216,209,8,12,62,0,"{""239"":1,""240"":1,""80"":1,""21"":4,""200"":0,""69"":1,""237"":2,""113"":100,""263"":1,""303"":1,""383"":3,""30"":0,""31"":5,""32"":37,""33"":255,""35"":135,""37"":68,""38"":240,""39"":30,""181"":12,""182"":9,""66"":14311,""24"":62,""206"":26,""67"":4135,""68"":0,""13"":43,""17"":205,""18"":-29,""19"":115,""15"":1000,""13201"":359,""36"":3380,""40"":2277,""43"":0,""241"":26801,""199"":405,""16"":198495,""12"":783,""449"":0,""636"":110589995,""389"":0,""11"":893510181,""238"":0,""14"":2540732448,""387"":""2b3431353534352e353136372d303038333934392e323136372b3030302e3230392f""}"
2026-07-18T19:25:57Z,862272088833183,Codec8E,2026-07-18 19:15:37.000 UTC,1784402137000,0,41.5551383,-8.3948249,207,6,12,72,0,"{""239"":1,""240"":1,""80"":1,""21"":5,""200"":0,""69"":1,""237"":2,""113"":100,""263"":1,""303"":1,""383"":3,""30"":0,""31"":5,""32"":37,""33"":255,""35"":135,""37"":68,""38"":240,""39"":30,""181"":13,""182"":9,""66"":14297,""24"":72,""206"":26,""67"":4135,""68"":0,""13"":43,""17"":151,""18"":92,""19"":-168,""15"":1000,""13201"":359,""36"":3380,""40"":2277,""43"":0,""241"":26801,""199"":471,""16"":198561,""12"":783,""449"":0,""636"":110162474,""389"":0,""11"":893510181,""238"":0,""14"":2540732448,""387"":""2b3431353535312e333833332d303038333934382e323530302b3030302e3230372f""}"
2026-07-18T19:25:57Z,862272088833183,Codec8E,2026-07-18 19:15:43.000 UTC,1784402143000,0,41.5561783,-8.3946600,204,7,11,69,0,"{""239"":1,""240"":1,""80"":1,""21"":5,""200"":0,""69"":1,""237"":2,""113"":100,""263"":1,""303"":1,""383"":3,""30"":0,""31"":3,""32"":39,""33"":0,""35"":15,""37"":58,""38"":228,""39"":31,""181"":13,""182"":9,""66"":14317,""24"":69,""206"":26,""67"":4135,""68"":0,""13"":43,""17"":54,""18"":-384,""19"":37,""15"":1000,""13201"":359,""36"":2197,""40"":100,""43"":0,""241"":26801,""199"":588,""16"":198678,""12"":783,""449"":0,""636"":110162474,""389"":0,""11"":893510181,""238"":0,""14"":2540732448,""387"":""2b3431353536312e373833332d303038333934362e363030302b3030302e3230342f""}"
2026-07-18T19:25:58Z,862272088833183,Codec8E,2026-07-18 19:15:45.000 UTC,1784402145000,0,41.5564049,-8.3947966,203,344,10,63,0,"{""239"":1,""240"":1,""80"":1,""21"":5,""200"":0,""69"":1,""237"":2,""113"":100,""263"":1,""303"":1,""383"":3,""30"":0,""31"":3,""32"":39,""33"":0,""35"":15,""37"":58,""38"":228,""39"":31,""181"":17,""182"":10,""66"":14327,""24"":63,""206"":26,""67"":4135,""68"":0,""13"":43,""17"":6,""18"":-324,""19"":32,""15"":1000,""13201"":359,""36"":2197,""40"":100,""43"":0,""241"":26801,""199"":618,""16"":198708,""12"":783,""449"":0,""636"":110162474,""389"":0,""11"":893510181,""238"":0,""14"":2540732448,""387"":""2b3431353536342e303530302d303038333934372e393636372b3030302e3230332f""}"
2026-07-18T19:25:58Z,862272088833183,Codec8E,2026-07-18 19:15:45.010 UTC,1784402145010,0,41.5564049,-8.3947966,203,344,10,63,253,"{""239"":1,""240"":1,""80"":1,""21"":5,""200"":0,""69"":1,""237"":2,""113"":100,""263"":1,""303"":1,""383"":3,""30"":0,""31"":3,""32"":39,""33"":0,""35"":15,""37"":58,""38"":228,""39"":31,""253"":3,""254"":33,""181"":17,""182"":10,""66"":14328,""24"":63,""206"":26,""67"":4135,""68"":0,""13"":43,""17"":-47,""18"":-324,""19"":5,""15"":1000,""13201"":359,""36"":2197,""40"":100,""43"":0,""241"":26801,""199"":618,""16"":198708,""12"":783,""449"":0,""636"":110162474,""389"":0,""11"":893510181,""238"":0,""14"":2540732448,""387"":""2b3431353536342e303530302d303038333934372e393636372b3030302e3230332f""}"
2026-07-18T19:25:58Z,862272088833183,Codec8E,2026-07-18 19:15:48.000 UTC,1784402148000,0,41.5566616,-8.3951083,201,323,9,54,0,"{""239"":1,""240"":1,""80"":1,""21"":5,""200"":0,""69"":1,""237"":2,""113"":100,""263"":1,""303"":1,""383"":3,""30"":0,""31"":13,""32"":40,""33"":6,""35"":57,""37"":49,""38"":254,""39"":31,""181"":19,""182"":11,""66"":14296,""24"":54,""206"":26,""67"":4135,""68"":0,""13"":43,""17"":223,""18"":-72,""19"":-291,""15"":1000,""13201"":360,""36"":1833,""40"":547,""43"":0,""241"":26801,""199"":659,""16"":198749,""12"":783,""449"":0,""636"":110162474,""389"":0,""11"":893510181,""238"":0,""14"":2540732448,""387"":""2b3431353536362e363136372d303038333935312e303833332b3030302e3230312f""}"
2026-07-18T19:25:58Z,862272088833183,Codec8E,2026-07-18 19:15:50.000 UTC,1784402150000,0,41.5565500,-8.3953833,199,266,9,42,0,"{""239"":1,""240"":1,""80"":1,""21"":5,""200"":0,""69"":1,""237"":2,""113"":100,""263"":1,""303"":1,""383"":3,""30"":0,""31"":13,""32"":40,""33"":6,""35"":57,""37"":49,""38"":254,""39"":31,""181"":22,""182"":13,""66"":14263,""24"":42,""206"":26,""67"":4135,""68"":0,""13"":43,""17"":-78,""18"":-23,""19"":-49,""15"":1000,""13201"":360,""36"":1833,""40"":547,""43"":0,""241"":26801,""199"":688,""16"":198778,""12"":783,""449"":0,""636"":110162474,""389"":0,""11"":893510181,""238"":0,""14"":2540732448,""387"":""2b3431353536352e353030302d303038333935332e383333332b3030302e3139392f""}"
2026-07-18T22:21:36Z,862272088833183,Codec8E,2026-07-18 19:15:50.010 UTC,1784402150010,0,41.5565500,-8.3953833,199,266,9,42,255,"{""239"":1,""240"":1,""80"":1,""21"":5,""200"":0,""69"":1,""237"":2,""113"":100,""263"":1,""303"":1,""383"":3,""30"":0,""31"":13,""32"":40,""33"":6,""35"":57,""37"":49,""38"":254,""39"":31,""255"":42,""181"":21,""182"":13,""66"":14261,""24"":42,""206"":26,""67"":4135,""68"":0,""13"":43,""17"":115,""18"":88,""19"":-23,""15"":1000,""13201"":360,""36"":1833,""40"":547,""43"":0,""241"":26801,""199"":688,""16"":198778,""12"":783,""449"":0,""636"":110162474,""389"":0,""11"":893510181,""238"":0,""14"":2540732448,""387"":""2b3431353536352e353030302d303038333935332e383333332b3030302e3139392f""}"
2026-07-18T22:21:36Z,862272088833183,Codec8E,2026-07-18 19:15:50.020 UTC,1784402150020,0,41.5565500,-8.3953833,199,266,9,42,253,"{""239"":1,""240"":1,""80"":1,""21"":5,""200"":0,""69"":1,""237"":2,""113"":100,""263"":1,""303"":1,""383"":3,""30"":0,""31"":13,""32"":40,""33"":6,""35"":57,""37"":49,""38"":254,""39"":31,""253"":3,""254"":63,""181"":21,""182"":13,""66"":14261,""24"":42,""206"":26,""67"":4135,""68"":0,""13"":43,""17"":115,""18"":88,""19"":-23,""15"":1000,""13201"":360,""36"":1833,""40"":547,""43"":0,""241"":26801,""199"":688,""16"":198778,""12"":783,""449"":0,""636"":110162474,""389"":0,""11"":893510181,""238"":0,""14"":2540732448,""387"":""2b3431353536352e353030302d303038333935332e383333332b3030302e3139392f""}"
2026-07-18T22:21:36Z,862272088833183,Codec8E,2026-07-18 19:15:52.000 UTC,1784402152000,0,41.5565066,-8.3955516,197,259,9,32,0,"{""239"":1,""240"":1,""80"":1,""21"":5,""200"":0,""69"":1,""237"":2,""113"":100,""263"":1,""303"":1,""383"":3,""30"":0,""31"":3,""32"":40,""33"":0,""35"":22,""37"":24,""38"":243,""39"":30,""181"":13,""182"":10,""66"":14314,""24"":32,""206"":26,""67"":4135,""68"":0,""13"":43,""17"":-38,""18"":139,""19"":204,""15"":1000,""13201"":361,""36"":805,""40"":419,""43"":0,""241"":26801,""199"":703,""16"":198793,""12"":783,""449"":0,""636"":110162474,""389"":0,""11"":893510181,""238"":0,""14"":2540732448,""387"":""2b3431353536352e303636372d303038333935352e353136372b3030302e3139372f""}"
2026-07-18T22:21:36Z,862272088833183,Codec8E,2026-07-18 19:15:57.000 UTC,1784402157000,0,41.5564333,-8.3961916,195,278,10,29,0,"{""239"":1,""240"":1,""80"":1,""21"":5,""200"":0,""69"":1,""237"":2,""113"":100,""263"":1,""303"":1,""383"":3,""30"":0,""31"":42,""32"":40,""33"":0,""35"":114,""37"":33,""38"":244,""39"":32,""181"":16,""182"":10,""66"":14316,""24"":29,""206"":26,""67"":4135,""68"":0,""13"":43,""17"":-3,""18"":21,""19"":191,""15"":1000,""13201"":362,""36"":2953,""40"":300,""43"":0,""241"":26801,""199"":759,""16"":198849,""12"":783,""449"":0,""636"":110377514,""389"":0,""11"":893510181,""238"":0,""14"":2540732448,""387"":""2b3431353536342e333333332d303038333936312e393136372b3030302e3139352f""}"
2026-07-18T22:21:38Z,862272088833183,Codec8E,2026-07-18 19:15:59.000 UTC,1784402159000,0,41.5564600,-8.3965733,193,281,10,39,0,"{""239"":1,""240"":1,""80"":1,""21"":5,""200"":0,""69"":1,""237"":2,""113"":100,""263"":1,""303"":1,""383"":3,""30"":0,""31"":42,""32"":40,""33"":0,""35"":114,""37"":33,""38"":244,""39"":32,""181"":12,""182"":10,""66"":14319,""24"":39,""206"":26,""67"":4135,""68"":0,""13"":43,""17"":273,""18"":50,""19"":-373,""15"":1000,""13201"":362,""36"":2953,""40"":300,""43"":0,""241"":26801,""199"":791,""16"":198881,""12"":783,""449"":0,""636"":110377514,""389"":0,""11"":893510181,""238"":0,""14"":2540732448,""387"":""2b3431353536342e363030302d303038333936352e373333332b3030302e3139332f""}"
2026-07-18T22:21:38Z,862272088833183,Codec8E,2026-07-18 19:16:02.000 UTC,1784402162000,0,41.5564983,-8.3969483,191,291,11,33,0,"{""239"":1,""240"":1,""80"":1,""21"":5,""200"":0,""69"":1,""237"":2,""113"":100,""263"":1,""303"":1,""383"":3,""30"":0,""31"":64,""32"":41,""33"":246,""35"":19,""37"":45,""38"":224,""39"":32,""181"":13,""182"":9,""66"":14278,""24"":33,""206"":26,""67"":4135,""68"":0,""13"":43,""17"":-10,""18"":67,""19"":-23,""15"":1000,""13201"":362,""36"":3200,""40"":88,""43"":0,""241"":26801,""199"":822,""16"":198912,""12"":783,""449"":0,""636"":110377514,""389"":0,""11"":893510181,""238"":0,""14"":2540732448,""387"":""2b3431353536342e393833332d303038333936392e343833332b3030302e3139312f""}"
2026-07-18T22:21:38Z,862272088833183,Codec8E,2026-07-18 19:16:04.000 UTC,1784402164000,0,41.5564783,-8.3970666,189,309,12,22,0,"{""239"":1,""240"":1,""80"":1,""21"":5,""200"":0,""69"":1,""237"":2,""113"":100,""263"":1,""303"":1,""383"":3,""30"":0,""31"":64,""32"":41,""33"":246,""35"":19,""37"":45,""38"":224,""39"":32,""181"":16,""182"":9,""66"":14321,""24"":22,""206"":26,""67"":4135,""68"":0,""13"":43,""17"":-74,""18"":219,""19"":164,""15"":1000,""13201"":362,""36"":3200,""40"":88,""43"":0,""241"":26801,""199"":832,""16"":198922,""12"":783,""449"":0,""636"":110589995,""389"":0,""11"":893510181,""238"":0,""14"":2540732448,""387"":""2b3431353536342e373833332d303038333937302e363636372b3030302e3138392f""}"
2026-07-18T22:21:38Z,862272088833183,Codec8E,2026-07-18 19:16:05.000 UTC,1784402165000,0,41.5564833,-8.3971116,189,319,12,19,0,"{""239"":1,""240"":1,""80"":1,""21"":5,""200"":0,""69"":1,""237"":2,""113"":100,""263"":1,""303"":1,""383"":3,""30"":0,""31"":64,""32"":41,""33"":246,""35"":19,""37"":45,""38"":224,""39"":32,""181"":13,""182"":9,""66"":14340,""24"":19,""206"":26,""67"":4135,""68"":0,""13"":43,""17"":-51,""18"":316,""19"":168,""15"":1000,""13201"":362,""36"":3200,""40"":88,""43"":0,""241"":26801,""199"":836,""16"":198926,""12"":783,""449"":0,""636"":110589995,""389"":0,""11"":893510181,""238"":0,""14"":2540732448,""387"":""2b3431353536342e383333332d303038333937312e313136372b3030302e3138392f""}"
2026-07-18T22:21:38Z,862272088833183,Codec8E,2026-07-18 19:16:06.000 UTC,1784402166000,0,41.5565083,-8.3971516,188,329,12,18,0,"{""239"":1,""240"":1,""80"":1,""21"":5,""200"":0,""69"":1,""237"":2,""113"":100,""263"":1,""303"":1,""383"":3,""30"":0,""31"":10,""32"":41,""33"":254,""35"":30,""37"":6,""38"":244,""39"":32,""181"":12,""182"":9,""66"":14347,""24"":18,""206"":26,""67"":4135,""68"":0,""13"":43,""17"":5,""18"":73,""19"":41,""15"":1000,""13201"":362,""36"":1642,""40"":1150,""43"":0,""241"":26801,""199"":841,""16"":198931,""12"":783,""449"":0,""636"":110589995,""389"":0,""11"":893510181,""238"":0,""14"":2540732448,""387"":""2b3431353536352e303833332d303038333937312e353136372b3030302e3138382f""}"
2026-07-18T22:21:38Z,862272088833183,Codec8E,2026-07-18 19:16:07.000 UTC,1784402167000,0,41.5565533,-8.3971583,187,344,12,19,0,"{""239"":1,""240"":1,""80"":1,""21"":5,""200"":0,""69"":1,""237"":2,""113"":100,""263"":1,""303"":1,""383"":3,""30"":0,""31"":10,""32"":41,""33"":254,""35"":30,""37"":6,""38"":244,""39"":32,""181"":15,""182"":9,""66"":14310,""24"":19,""206"":26,""67"":4135,""68"":0,""13"":43,""17"":-105,""18"":-214,""19"":97,""15"":1000,""13201"":363,""36"":1642,""40"":1150,""43"":0,""241"":26801,""199"":846,""16"":198936,""12"":783,""449"":0,""636"":110162474,""389"":0,""11"":893510181,""238"":0,""14"":2540732448,""387"":""2b3431353536352e353333332d303038333937312e353833332b3030302e3138372f""}"
2026-07-18T22:21:38Z,862272088833183,Codec8E,2026-07-18 19:16:09.000 UTC,1784402169000,0,41.5566800,-8.3972233,187,332,12,22,0,"{""239"":1,""240"":1,""80"":1,""21"":5,""200"":0,""69"":1,""237"":2,""113"":100,""263"":1,""303"":1,""383"":3,""30"":0,""31"":10,""32"":41,""33"":254,""35"":30,""37"":6,""38"":244,""39"":32,""181"":12,""182"":9,""66"":14325,""24"":22,""206"":26,""67"":4135,""68"":0,""13"":43,""17"":-27,""18"":-354,""19"":-72,""15"":1000,""13201"":363,""36"":1642,""40"":1150,""43"":0,""241"":26801,""199"":861,""16"":198951,""12"":783,""449"":0,""636"":110136873,""389"":0,""11"":893510181,""238"":0,""14"":2540732448,""387"":""2b3431353536362e383030302d303038333937322e323333332b3030302e3138372f""}"
2026-07-18T22:21:38Z,862272088833183,Codec8E,2026-07-18 19:16:10.000 UTC,1784402170000,0,41.5567083,-8.3973616,187,306,12,25,0,"{""239"":1,""240"":1,""80"":1,""21"":5,""200"":0,""69"":1,""237"":2,""113"":100,""263"":1,""303"":1,""383"":3,""30"":0,""31"":53,""32"":42,""33"":254,""35"":99,""37"":31,""38"":236,""39"":32,""181"":15,""182"":9,""66"":14321,""24"":25,""206"":26,""67"":4135,""68"":0,""13"":43,""17"":-76,""18"":-305,""19"":63,""15"":1000,""13201"":363,""36"":2893,""40"":241,""43"":0,""241"":26801,""199"":873,""16"":198963,""12"":783,""449"":0,""636"":110136873,""389"":0,""11"":893510181,""238"":0,""14"":2540732448,""387"":""2b3431353536372e303833332d303038333937332e363136372b3030302e3138372f""}"
2026-07-18T22:21:39Z,862272088833183,Codec8E,2026-07-18 19:16:11.000 UTC,1784402171000,0,41.5567716,-8.3974699,188,296,12,27,0,"{""239"":1,""240"":1,""80"":1,""21"":5,""200"":0,""69"":1,""237"":2,""113"":100,""263"":1,""303"":1,""383"":3,""30"":0,""31"":53,""32"":42,""33"":254,""35"":99,""37"":31,""38"":236,""39"":32,""181"":16,""182"":9,""66"":14327,""24"":27,""206"":26,""67"":4135,""68"":0,""13"":43,""17"":-23,""18"":-336,""19"":16,""15"":1000,""13201"":363,""36"":2893,""40"":241,""43"":0,""241"":26801,""199"":884,""16"":198974,""12"":783,""449"":0,""636"":110136873,""389"":0,""11"":893510181,""238"":0,""14"":2540732448,""387"":""2b3431353536372e373136372d303038333937342e373030302b3030302e3138382f""}"
2026-07-18T22:21:39Z,862272088833183,Codec8E,2026-07-18 19:16:13.000 UTC,1784402173000,0,41.5568216,-8.3977033,189,282,12,29,0,"{""239"":1,""240"":1,""80"":1,""21"":5,""200"":0,""69"":1,""237"":2,""113"":100,""263"":1,""303"":1,""383"":3,""30"":0,""31"":53,""32"":42,""33"":254,""35"":99,""37"":31,""38"":236,""39"":32,""181"":13,""182"":9,""66"":14329,""24"":29,""206"":26,""67"":4135,""68"":0,""13"":43,""17"":0,""18"":-262,""19"":-9,""15"":1000,""13201"":363,""36"":2893,""40"":241,""43"":0,""241"":26801,""199"":905,""16"":198995,""12"":783,""449"":0,""636"":110589995,""389"":0,""11"":893510181,""238"":0,""14"":2540732448,""387"":""2b3431353536382e323136372d303038333937372e303333332b3030302e3138392f""}"
2026-07-18T22:21:39Z,862272088833183,Codec8E,2026-07-18 19:16:14.000 UTC,1784402174000,0,41.5567550,-8.3978333,191,236,12,31,0,"{""239"":1,""240"":1,""80"":1,""21"":5,""200"":0,""69"":1,""237"":2,""113"":100,""263"":1,""303"":1,""383"":3,""30"":0,""31"":53,""32"":42,""33"":254,""35"":99,""37"":31,""38"":236,""39"":32,""181"":15,""182"":9,""66"":14325,""24"":31,""206"":26,""67"":4135,""68"":0,""13"":43,""17"":28,""18"":-60,""19"":-10,""15"":1000,""13201"":363,""36"":2893,""40"":241,""43"":0,""241"":26801,""199"":918,""16"":199008,""12"":783,""449"":0,""636"":110589995,""389"":0,""11"":893510181,""238"":0,""14"":2540732448,""387"":""2b3431353536372e353530302d303038333937382e333333332b3030302e3139312f""}"
2026-07-18T22:21:39Z,862272088833183,Codec8E,2026-07-18 19:16:14.010 UTC,1784402174010,0,41.5567550,-8.3978333,191,236,12,31,253,"{""239"":1,""240"":1,""80"":1,""21"":5,""200"":0,""69"":1,""237"":2,""113"":100,""263"":1,""303"":1,""383"":3,""30"":0,""31"":53,""32"":42,""33"":254,""35"":99,""37"":31,""38"":236,""39"":32,""253"":3,""254"":71,""181"":16,""182"":9,""66"":14325,""24"":31,""206"":26,""67"":4135,""68"":0,""13"":43,""17"":42,""18"":-21,""19"":-29,""15"":1000,""13201"":363,""36"":2893,""40"":241,""43"":0,""241"":26801,""199"":918,""16"":199008,""12"":783,""449"":0,""636"":110589995,""389"":0,""11"":893510181,""238"":0,""14"":2540732448,""387"":""2b3431353536372e353530302d303038333937382e333333332b3030302e3139312f""}"
2026-07-18T22:21:39Z,862272088833183,Codec8E,2026-07-18 19:16:15.000 UTC,1784402175000,0,41.5567016,-8.3979383,192,225,12,32,0,"{""239"":1,""240"":1,""80"":1,""21"":5,""200"":0,""69"":1,""237"":2,""113"":100,""263"":1,""303"":1,""383"":3,""30"":0,""31"":31,""32"":42,""33"":253,""35"":50,""37"":37,""38"":224,""39"":32,""181"":16,""182"":9,""66"":14338,""24"":32,""206"":26,""67"":4135,""68"":0,""13"":43,""17"":24,""18"":165,""19"":96,""15"":1000,""13201"":363,""36"":2518,""40"":108,""43"":0,""241"":26801,""199"":929,""16"":199019,""12"":783,""449"":0,""636"":110589995,""389"":0,""11"":893510181,""238"":0,""14"":2540732448,""387"":""2b3431353536372e303136372d303038333937392e333833332b3030302e3139322f""}"
2026-07-18T22:21:39Z,862272088833183,Codec8E,2026-07-18 19:16:20.000 UTC,1784402180000,0,41.5563850,-8.3984433,193,240,12,39,0,"{""239"":1,""240"":1,""80"":1,""21"":5,""200"":0,""69"":1,""237"":2,""113"":100,""263"":1,""303"":1,""383"":3,""30"":0,""31"":25,""32"":43,""33"":3,""35"":67,""37"":40,""38"":238,""39"":32,""181"":15,""182"":9,""66"":14305,""24"":39,""206"":26,""67"":4135,""68"":0,""13"":43,""17"":-24,""18"":0,""19"":60,""15"":1000,""13201"":365,""36"":2609,""40"":1180,""43"":0,""241"":26801,""199"":984,""16"":199074,""12"":783,""449"":0,""636"":110589995,""389"":0,""11"":893510181,""238"":0,""14"":2540732448,""387"":""2b3431353536332e383530302d303038333938342e343333332b3030302e3139332f""}"
2026-07-18T22:21:39Z,862272088833183,Codec8E,2026-07-18 19:16:25.000 UTC,1784402185000,0,41.5560933,-8.3992000,194,240,12,49,0,"{""239"":1,""240"":1,""80"":1,""21"":5,""200"":0,""69"":1,""237"":2,""113"":100,""263"":1,""303"":1,""383"":3,""30"":0,""31"":12,""32"":43,""33"":4,""35"":70,""37"":49,""38"":238,""39"":33,""181"":15,""182"":9,""66"":14335,""24"":49,""206"":26,""67"":4135,""68"":0,""13"":43,""17"":-62,""18"":-30,""19"":295,""15"":1000,""13201"":365,""36"":2426,""40"":1050,""43"":0,""241"":26801,""199"":1055,""16"":199145,""12"":783,""449"":0,""636"":110118954,""389"":0,""11"":893510181,""238"":0,""14"":2540732448,""387"":""2b3431353536302e393333332d303038333939322e303030302b3030302e3139342f""}"
2026-07-18T22:21:39Z,862272088833183,Codec8E,2026-07-18 19:16:27.000 UTC,1784402187000,0,41.5559566,-8.3995450,196,240,12,53,255,"{""239"":1,""240"":1,""80"":1,""21"":5,""200"":0,""69"":1,""237"":2,""113"":100,""263"":1,""303"":1,""383"":3,""30"":0,""31"":12,""32"":43,""33"":4,""35"":70,""37"":49,""38"":238,""39"":33,""255"":53,""181"":16,""182"":9,""66"":14329,""24"":53,""206"":26,""67"":4135,""68"":0,""13"":43,""17"":96,""18"":-4,""19"":146,""15"":200,""13201"":365,""36"":2426,""40"":1050,""43"":0,""241"":26801,""199"":1087,""16"":199177,""12"":783,""449"":0,""636"":110118954,""389"":0,""11"":893510181,""238"":0,""14"":2540732448,""387"":""2b3431353535392e353636372d303038333939352e343530302b3030302e3139362f""}"
2026-07-18T22:21:40Z,862272088833183,Codec8E,2026-07-18 19:16:32.000 UTC,1784402192000,0,41.5555566,-8.4004933,198,239,12,63,0,"{""239"":1,""240"":1,""80"":1,""21"":5,""200"":0,""69"":1,""237"":2,""113"":100,""263"":1,""303"":1,""383"":3,""30"":0,""31"":32,""32"":43,""33"":253,""35"":83,""37"":58,""38"":237,""39"":33,""181"":16,""182"":9,""66"":14343,""24"":63,""206"":26,""67"":4135,""68"":0,""13"":43,""17"":-25,""18"":-2,""19"":87,""15"":200,""13201"":365,""36"":2926,""40"":1616,""43"":0,""241"":26801,""199"":1178,""16"":199268,""12"":783,""449"":0,""636"":110377514,""389"":0,""11"":893510181,""238"":0,""14"":2540732448,""387"":""2b3431353535352e353636372d303038343030342e393333332b3030302e3139382f""}"
2026-07-18T22:21:40Z,862272088833183,Codec8E,2026-07-18 19:16:37.000 UTC,1784402197000,0,41.5550883,-8.4015866,200,239,12,73,0,"{""239"":1,""240"":1,""80"":1,""21"":5,""200"":0,""69"":1,""237"":2,""113"":100,""263"":1,""303"":1,""383"":3,""30"":0,""31"":25,""32"":44,""33"":253,""35"":119,""37"":68,""38"":243,""39"":34,""181"":16,""182"":9,""66"":14344,""24"":73,""206"":26,""67"":4135,""68"":0,""13"":43,""17"":62,""18"":28,""19"":-14,""15"":200,""13201"":365,""36"":2453,""40"":2080,""43"":0,""241"":26801,""199"":1282,""16"":199372,""12"":783,""449"":0,""636"":110136873,""389"":0,""11"":893510181,""238"":0,""14"":2540732448,""387"":""2b3431353535302e383833332d303038343031352e383636372b3030302e3230302f""}"
2026-07-18T22:21:40Z,862272088833183,Codec8E,2026-07-18 19:16:42.000 UTC,1784402202000,0,41.5546200,-8.4026433,199,240,12,72,0,"{""239"":1,""240"":1,""80"":1,""21"":5,""200"":0,""69"":1,""237"":2,""113"":100,""263"":1,""303"":1,""383"":3,""30"":0,""31"":3,""32"":45,""33"":21,""35"":15,""37"":69,""38"":232,""39"":34,""181"":12,""182"":9,""66"":14327,""24"":72,""206"":26,""67"":4135,""68"":0,""13"":43,""17"":38,""18"":57,""19"":20,""15"":200,""13201"":366,""36"":1829,""40"":88,""43"":0,""241"":26801,""199"":1384,""16"":199474,""12"":783,""449"":0,""636"":110136873,""389"":0,""11"":893510181,""238"":0,""14"":2540732448,""387"":""2b3431353534362e323030302d303038343032362e343333332b3030302e3139392f""}"
2026-07-18T22:21:40Z,862272088833183,Codec8E,2026-07-18 19:16:48.000 UTC,1784402208000,0,41.5541083,-8.4038550,198,240,12,70,0,"{""239"":1,""240"":1,""80"":1,""21"":5,""200"":0,""69"":1,""237"":2,""113"":100,""263"":1,""303"":1,""383"":3,""30"":0,""31"":31,""32"":46,""33"":19,""35"":94,""37"":68,""38"":242,""39"":34,""181"":12,""182"":9,""66"":14333,""24"":70,""206"":26,""67"":4135,""68"":0,""13"":43,""17"":39,""18"":1,""19"":54,""15"":200,""13201"":367,""36"":1775,""40"":1025,""43"":0,""241"":26801,""199"":1500,""16"":199590,""12"":783,""449"":0,""636"":110136873,""389"":0,""11"":893510181,""238"":0,""14"":2540732448,""387"":""2b3431353534312e303833332d303038343033382e353530302b3030302e3139382f""}"
2026-07-18T23:27:47Z,862272088833183,Codec8E,2026-07-18 19:16:54.000 UTC,1784402214000,0,41.5535700,-8.4050666,195,240,12,69,0,"{""239"":1,""240"":1,""80"":1,""21"":5,""200"":0,""69"":1,""237"":2,""113"":100,""263"":1,""303"":1,""383"":3,""30"":0,""31"":38,""32"":46,""33"":253,""35"":57,""37"":70,""38"":231,""39"":34,""181"":12,""182"":9,""66"":14336,""24"":69,""206"":26,""67"":4135,""68"":0,""13"":43,""17"":25,""18"":2,""19"":-5,""15"":200,""13201"":367,""36"":1858,""40"":163,""43"":0,""241"":26801,""199"":1617,""16"":199707,""12"":783,""449"":0,""636"":110136873,""389"":0,""11"":893510181,""238"":0,""14"":2540732448,""387"":""2b3431353533352e373030302d303038343035302e363636372b3030302e3139352f""}"
2026-07-18T23:27:47Z,862272088833183,Codec8E,2026-07-18 19:17:00.000 UTC,1784402220000,0,41.5531350,-8.4061933,199,243,12,63,0,"{""239"":1,""240"":1,""80"":1,""21"":5,""200"":0,""69"":1,""237"":2,""113"":100,""263"":1,""303"":1,""383"":3,""30"":0,""31"":7,""32"":47,""33"":0,""35"":31,""37"":64,""38"":249,""39"":34,""181"":12,""182"":9,""66"":14321,""24"":63,""206"":26,""67"":4135,""68"":0,""13"":43,""17"":-118,""18"":23,""19"":-66,""15"":200,""13201"":368,""36"":1710,""40"":941,""43"":0,""241"":26801,""199"":1723,""16"":199813,""12"":783,""449"":0,""636"":110136873,""389"":0,""11"":893510181,""238"":0,""14"":2540732448,""387"":""2b3431353533312e333530302d303038343036312e393333332b3030302e3139392f""}"
2026-07-18T23:27:47Z,862272088833183,Codec8E,2026-07-18 19:17:07.000 UTC,1784402227000,0,41.5527100,-8.4072883,205,239,12,54,0,"{""239"":1,""240"":1,""80"":1,""21"":5,""200"":0,""69"":1,""237"":2,""113"":100,""263"":1,""303"":1,""383"":3,""30"":0,""31"":9,""32"":47,""33"":0,""35"":46,""37"":51,""38"":242,""39"":34,""181"":13,""182"":9,""66"":14334,""24"":54,""206"":26,""67"":4135,""68"":0,""13"":43,""17"":4,""18"":-6,""19"":-2,""15"":200,""13201"":368,""36"":1357,""40"":613,""43"":0,""241"":26801,""199"":1826,""16"":199916,""12"":783,""449"":0,""636"":110136874,""389"":0,""11"":893510181,""238"":0,""14"":2540732448,""387"":""2b3431353532372e313030302d303038343037322e383833332b3030302e3230352f""}"
2026-07-18T23:27:47Z,862272088833183,Codec8E,2026-07-18 19:17:13.000 UTC,1784402233000,0,41.5522333,-8.4083533,203,240,11,63,0,"{""239"":1,""240"":1,""80"":1,""21"":5,""200"":0,""69"":1,""237"":2,""113"":100,""263"":1,""303"":1,""383"":3,""30"":0,""31"":38,""32"":48,""33"":250,""35"":47,""37"":57,""38"":237,""39"":34,""181"":12,""182"":9,""66"":14334,""24"":63,""206"":26,""67"":4135,""68"":0,""13"":43,""17"":-18,""18"":45,""19"":-19,""15"":200,""13201"":369,""36"":1482,""40"":425,""43"":0,""241"":26801,""199"":1929,""16"":200019,""12"":783,""449"":0,""636"":110170154,""389"":0,""11"":893510181,""238"":0,""14"":2540732448,""387"":""2b3431353532322e333333332d303038343038332e353333332b3030302e3230332f""}"
2026-07-18T23:27:48Z,862272088833183,Codec8E,2026-07-18 19:17:19.000 UTC,1784402239000,0,41.5517500,-8.4095350,201,240,12,67,0,"{""239"":1,""240"":1,""80"":1,""21"":5,""200"":0,""69"":1,""237"":2,""113"":100,""263"":1,""303"":1,""383"":3,""30"":0,""31"":21,""32"":48,""33"":253,""35"":94,""37"":66,""38"":243,""39"":34,""181"":12,""182"":9,""66"":14347,""24"":67,""206"":26,""67"":4135,""68"":0,""13"":43,""17"":18,""18"":-7,""19"":26,""15"":200,""13201"":369,""36"":1717,""40"":927,""43"":0,""241"":26801,""199"":2041,""16"":200131,""12"":783,""449"":0,""636"":110170153,""389"":0,""11"":893510181,""238"":0,""14"":2540732448,""387"":""2b3431353531372e353030302d303038343039352e333530302b3030302e3230312f""}"
2026-07-18T23:27:48Z,862272088833183,Codec8E,2026-07-18 19:17:25.000 UTC,1784402245000,0,41.5512583,-8.4106933,200,239,12,66,0,"{""239"":1,""240"":1,""80"":1,""21"":5,""200"":0,""69"":1,""237"":2,""113"":100,""263"":1,""303"":1,""383"":3,""30"":0,""31"":9,""32"":48,""33"":249,""35"":27,""37"":64,""38"":243,""39"":34,""181"":12,""182"":9,""66"":14323,""24"":66,""206"":26,""67"":4135,""68"":0,""13"":43,""17"":-9,""18"":35,""19"":-3,""15"":333,""13201"":370,""36"":1695,""40"":902,""43"":0,""241"":26801,""199"":2152,""16"":200242,""12"":783,""449"":0,""636"":110136875,""389"":0,""11"":893510181,""238"":0,""14"":2540732448,""387"":""2b3431353531322e353833332d303038343130362e393333332b3030302e3230302f""}"
2026-07-18T23:27:48Z,862272088833183,Codec8E,2026-07-18 19:17:31.000 UTC,1784402251000,0,41.5507866,-8.4118233,199,239,12,63,0,"{""239"":1,""240"":1,""80"":1,""21"":5,""200"":0,""69"":1,""237"":2,""113"":100,""263"":1,""303"":1,""383"":3,""30"":0,""31"":45,""32"":49,""33"":253,""35"":50,""37"":66,""38"":233,""39"":34,""181"":15,""182"":9,""66"":14302,""24"":63,""206"":26,""67"":4135,""68"":0,""13"":43,""17"":77,""18"":24,""19"":11,""15"":333,""13201"":370,""36"":1734,""40"":75,""43"":0,""241"":26801,""199"":2259,""16"":200349,""12"":783,""449"":0,""636"":110170153,""389"":0,""11"":893510181,""238"":0,""14"":2540732448,""387"":""2b3431353530372e383636372d303038343131382e323333332b3030302e3139392f""}"
2026-07-18T23:27:48Z,862272088833183,Codec8E,2026-07-18 19:17:38.000 UTC,1784402258000,0,41.5502566,-8.4130150,197,238,12,58,0,"{""239"":1,""240"":1,""80"":1,""21"":5,""200"":0,""69"":1,""237"":2,""113"":100,""263"":1,""303"":1,""383"":3,""30"":0,""31"":9,""32"":49,""33"":0,""35"":97,""37"":58,""38"":246,""39"":34,""181"":12,""182"":9,""66"":14322,""24"":58,""206"":26,""67"":4135,""68"":0,""13"":43,""17"":36,""18"":12,""19"":0,""15"":333,""13201"":370,""36"":1521,""40"":527,""43"":0,""241"":26801,""199"":2375,""16"":200465,""12"":783,""449"":0,""636"":110170153,""389"":0,""11"":893510181,""238"":0,""14"":2540732448,""387"":""2b3431353530322e353636372d303038343133302e313530302b3030302e3139372f""}"
2026-07-18T23:27:48Z,862272088833183,Codec8E,2026-07-18 19:17:45.000 UTC,1784402265000,0,41.5497816,-8.4141266,196,239,11,51,0,"{""239"":1,""240"":1,""80"":1,""21"":5,""200"":0,""69"":1,""237"":2,""113"":100,""263"":1,""303"":1,""383"":3,""30"":0,""31"":20,""32"":49,""33"":0,""35"":16,""37"":58,""38"":240,""39"":34,""181"":12,""182"":9,""66"":14277,""24"":51,""206"":26,""67"":4135,""68"":0,""13"":43,""17"":54,""18"":87,""19"":76,""15"":333,""13201"":371,""36"":1541,""40"":111,""43"":0,""241"":26801,""199"":2481,""16"":200571,""12"":783,""449"":0,""636"":110170153,""389"":0,""11"":893510181,""238"":0,""14"":2540732448,""387"":""2b3431353439372e383136372d303038343134312e323636372b3030302e3139362f""}"
2026-07-18T23:27:48Z,862272088833183,Codec8E,2026-07-18 19:17:47.000 UTC,1784402267000,0,41.5496749,-8.4143749,195,241,11,47,255,"{""239"":1,""240"":1,""80"":1,""21"":5,""200"":0,""69"":1,""237"":2,""113"":100,""263"":1,""303"":1,""383"":3,""30"":0,""31"":12,""32"":49,""33"":254,""35"":32,""37"":44,""38"":252,""39"":34,""255"":47,""181"":12,""182"":9,""66"":14298,""24"":47,""206"":26,""67"":4135,""68"":0,""13"":43,""17"":184,""18"":99,""19"":-4,""15"":333,""13201"":372,""36"":881,""40"":138,""43"":0,""241"":26801,""199"":2505,""16"":200595,""12"":783,""449"":0,""636"":110170153,""389"":0,""11"":893510181,""238"":0,""14"":2540732448,""387"":""2b3431353439362e373530302d303038343134332e373530302b3030302e3139352f""}"
2026-07-18T23:27:48Z,862272088833183,Codec8E,2026-07-18 19:17:52.000 UTC,1784402272000,0,41.5494550,-8.4149066,194,239,11,37,0,"{""239"":1,""240"":1,""80"":1,""21"":5,""200"":0,""69"":1,""237"":2,""113"":100,""263"":1,""303"":1,""383"":3,""30"":0,""31"":7,""32"":49,""33"":254,""35"":32,""37"":37,""38"":243,""39"":34,""181"":15,""182"":10,""66"":14281,""24"":37,""206"":26,""67"":4135,""68"":0,""13"":43,""17"":55,""18"":30,""19"":-72,""15"":333,""13201"":372,""36"":943,""40"":136,""43"":0,""241"":26801,""199"":2555,""16"":200645,""12"":783,""449"":0,""636"":110170153,""389"":0,""11"":893510181,""238"":0,""14"":2540732448,""387"":""2b3431353439342e353530302d303038343134392e303636372b3030302e3139342f""}"
2026-07-18T23:27:48Z,862272088833183,Codec8E,2026-07-18 19:17:57.000 UTC,1784402277000,0,41.5492950,-8.4152733,193,241,11,27,0,"{""239"":1,""240"":1,""80"":1,""21"":5,""200"":0,""69"":1,""237"":2,""113"":100,""263"":1,""303"":1,""383"":3,""30"":0,""31"":11,""32"":49,""33"":1,""35"":34,""37"":26,""38"":236,""39"":33,""181"":15,""182"":10,""66"":14274,""24"":27,""206"":26,""67"":4135,""68"":0,""13"":43,""17"":26,""18"":6,""19"":-66,""15"":333,""13201"":372,""36"":974,""40"":72,""43"":0,""241"":26801,""199"":2591,""16"":200681,""12"":783,""449"":0,""636"":110170153,""389"":0,""11"":893510181,""238"":0,""14"":2540732448,""387"":""2b3431353439322e393530302d303038343135322e373333332b3030302e3139332f""}"
2026-07-18T23:27:49Z,862272088833183,Codec8E,2026-07-18 19:18:12.000 UTC,1784402292000,0,41.5488433,-8.4163233,192,240,9,29,0,"{""239"":1,""240"":1,""80"":1,""21"":5,""200"":0,""69"":1,""237"":2,""113"":100,""263"":1,""303"":1,""383"":3,""30"":0,""31"":47,""32"":49,""33"":254,""35"":95,""37"":32,""38"":236,""39"":34,""181"":16,""182"":13,""66"":14329,""24"":29,""206"":26,""67"":4135,""68"":0,""13"":43,""17"":9,""18"":-46,""19"":82,""15"":333,""13201"":372,""36"":2947,""40"":166,""43"":0,""241"":26801,""199"":2693,""16"":200783,""12"":783,""449"":0,""636"":110170155,""389"":0,""11"":893510181,""238"":0,""14"":2540732448,""387"":""2b3431353438382e343333332d303038343136332e323333332b3030302e3139322f""}"
2026-07-18T23:27:49Z,862272088833183,Codec8E,2026-07-18 19:18:17.000 UTC,1784402297000,0,41.5485983,-8.4167466,192,229,11,34,0,"{""239"":1,""240"":1,""80"":1,""21"":5,""200"":0,""69"":1,""237"":2,""113"":100,""263"":1,""303"":1,""383"":3,""30"":0,""31"":35,""32"":50,""33"":255,""35"":97,""37"":32,""38"":234,""39"":34,""181"":13,""182"":10,""66"":14343,""24"":34,""206"":26,""67"":4135,""68"":0,""13"":43,""17"":-74,""18"":-42,""19"":107,""15"":333,""13201"":374,""36"":2128,""40"":761,""43"":0,""241"":26801,""199"":2738,""16"":200828,""12"":783,""449"":0,""636"":110170155,""389"":0,""11"":893510181,""238"":0,""14"":2540732448,""387"":""2b3431353438352e393833332d303038343136372e343636372b3030302e3139322f""}"
2026-07-18T23:27:49Z,862272088833183,Codec8E,2026-07-18 19:18:22.000 UTC,1784402302000,0,41.5481433,-8.4172516,193,221,11,44,0,"{""239"":1,""240"":1,""80"":1,""21"":5,""200"":0,""69"":1,""237"":2,""113"":100,""263"":1,""303"":1,""383"":3,""30"":0,""31"":43,""32"":50,""33"":249,""35"":117,""37"":39,""38"":242,""39"":35,""181"":14,""182"":11,""66"":14329,""24"":44,""206"":26,""67"":4135,""68"":0,""13"":43,""17"":45,""18"":-23,""19"":16,""15"":333,""13201"":374,""36"":2559,""40"":211,""43"":0,""241"":26801,""199"":2804,""16"":200894,""12"":783,""449"":0,""636"":110170155,""389"":0,""11"":893510181,""238"":0,""14"":2540732448,""387"":""2b3431353438312e343333332d303038343137322e353136372b3030302e3139332f""}"
2026-07-18T23:27:49Z,862272088833183,Codec8E,2026-07-18 19:18:25.000 UTC,1784402305000,0,41.5477883,-8.4176333,193,218,12,54,0,"{""239"":1,""240"":1,""80"":1,""21"":5,""200"":0,""69"":1,""237"":2,""113"":100,""263"":1,""303"":1,""383"":3,""30"":0,""31"":49,""32"":50,""33"":249,""35"":133,""37"":56,""38"":241,""39"":35,""181"":12,""182"":9,""66"":14302,""24"":54,""206"":26,""67"":4135,""68"":0,""13"":43,""17"":-59,""18"":-14,""19"":51,""15"":333,""13201"":374,""36"":2752,""40"":183,""43"":0,""241"":26801,""199"":2855,""16"":200945,""12"":783,""449"":0,""636"":110170155,""389"":0,""11"":893510181,""238"":0,""14"":2540732448,""387"":""2b3431353437372e383833332d303038343137362e333333332b3030302e3139332f""}"
2026-07-18T23:27:50Z,862272088833183,Codec8E,2026-07-18 19:18:25.010 UTC,1784402305010,0,41.5477883,-8.4176333,193,218,12,54,255,"{""239"":1,""240"":1,""80"":1,""21"":5,""200"":0,""69"":1,""237"":2,""113"":100,""263"":1,""303"":1,""383"":3,""30"":0,""31"":49,""32"":50,""33"":249,""35"":133,""37"":56,""38"":241,""39"":35,""255"":54,""181"":12,""182"":9,""66"":14301,""24"":54,""206"":26,""67"":4135,""68"":0,""13"":43,""17"":14,""18"":25,""19"":78,""15"":333,""13201"":374,""36"":2752,""40"":183,""43"":0,""241"":26801,""199"":2855,""16"":200945,""12"":783,""449"":0,""636"":110170155,""389"":0,""11"":893510181,""238"":0,""14"":2540732448,""387"":""2b3431353437372e383833332d303038343137362e333333332b3030302e3139332f""}"
2026-07-18T23:27:50Z,862272088833183,Codec8E,2026-07-18 19:18:30.000 UTC,1784402310000,0,41.5471233,-8.4182983,193,217,10,65,0,"{""239"":1,""240"":1,""80"":1,""21"":5,""200"":0,""69"":1,""237"":2,""113"":100,""263"":1,""303"":1,""383"":3,""30"":0,""31"":43,""32"":51,""33"":255,""35"":106,""37"":64,""38"":240,""39"":36,""181"":16,""182"":14,""66"":14302,""24"":65,""206"":26,""67"":4135,""68"":0,""13"":43,""17"":163,""18"":-23,""19"":-160,""15"":333,""13201"":375,""36"":2328,""40"":1397,""43"":0,""241"":26801,""199"":2947,""16"":201037,""12"":783,""449"":0,""636"":110374955,""389"":0,""11"":893510181,""238"":0,""14"":2540732448,""387"":""2b3431353437312e323333332d303038343138322e393833332b3030302e3139332f""}"
2026-07-18T23:27:50Z,862272088833183,Codec8E,2026-07-18 19:18:35.000 UTC,1784402315000,0,41.5466950,-8.4187433,193,215,11,55,0,"{""239"":1,""240"":1,""80"":1,""21"":5,""200"":0,""69"":1,""237"":2,""113"":100,""263"":1,""303"":1,""383"":3,""30"":0,""31"":4,""32"":52,""33"":0,""35"":16,""37"":56,""38"":231,""39"":35,""181"":15,""182"":11,""66"":14278,""24"":55,""206"":26,""67"":4135,""68"":0,""13"":43,""17"":117,""18"":468,""19"":-97,""15"":333,""13201"":375,""36"":2089,""40"":80,""43"":0,""241"":26801,""199"":3012,""16"":201102,""12"":783,""449"":0,""636"":110374955,""389"":0,""11"":893510181,""238"":0,""14"":2540732448,""387"":""2b3431353436362e393530302d303038343138372e343333332b3030302e3139332f""}"
2026-07-18T23:27:50Z,862272088833183,Codec8E,2026-07-18 19:18:37.000 UTC,1784402317000,0,41.5466233,-8.4188666,193,225,11,46,0,"{""239"":1,""240"":1,""80"":1,""21"":5,""200"":0,""69"":1,""237"":2,""113"":100,""263"":1,""303"":1,""383"":3,""30"":0,""31"":5,""32"":52,""33"":14,""35"":34,""37"":25,""38"":243,""39"":35,""181"":19,""182"":12,""66"":14323,""24"":46,""206"":26,""67"":4135,""68"":0,""13"":43,""17"":102,""18"":213,""19"":161,""15"":428,""13201"":375,""36"":911,""40"":158,""43"":0,""241"":26801,""199"":3025,""16"":201115,""12"":783,""449"":0,""636"":110374955,""389"":0,""11"":893510181,""238"":0,""14"":2540732448,""387"":""2b3431353436362e323333332d303038343138382e363636372b3030302e3139332f""}"
2026-07-18T23:27:51Z,862272088833183,Codec8E,2026-07-18 19:18:37.010 UTC,1784402317010,0,41.5466233,-8.4188666,193,225,11,46,255,"{""239"":1,""240"":1,""80"":1,""21"":5,""200"":0,""69"":1,""237"":2,""113"":100,""263"":1,""303"":1,""383"":3,""30"":0,""31"":5,""32"":52,""33"":14,""35"":34,""37"":25,""38"":243,""39"":35,""255"":46,""181"":19,""182"":12,""66"":14323,""24"":46,""206"":26,""67"":4135,""68"":0,""13"":43,""17"":225,""18"":223,""19"":187,""15"":428,""13201"":375,""36"":911,""40"":158,""43"":0,""241"":26801,""199"":3025,""16"":201115,""12"":783,""449"":0,""636"":110374955,""389"":0,""11"":893510181,""238"":0,""14"":2540732448,""387"":""2b3431353436362e323333332d303038343138382e363636372b3030302e3139332f""}"
2026-07-18T23:27:51Z,862272088833183,Codec8E,2026-07-18 19:18:39.000 UTC,1784402319000,0,41.5465800,-8.4190233,192,239,9,38,0,"{""239"":1,""240"":1,""80"":1,""21"":5,""200"":0,""69"":1,""237"":2,""113"":100,""263"":1,""303"":1,""383"":3,""30"":0,""31"":5,""32"":52,""33"":14,""35"":34,""37"":25,""38"":243,""39"":35,""181"":25,""182"":17,""66"":14339,""24"":38,""206"":26,""67"":4135,""68"":0,""13"":43,""17"":277,""18"":437,""19"":185,""15"":428,""13201"":375,""36"":911,""40"":158,""43"":0,""241"":26801,""199"":3039,""16"":201129,""12"":783,""449"":0,""636"":110374955,""389"":0,""11"":893510181,""238"":0,""14"":2540732448,""387"":""2b3431353436352e383030302d303038343139302e323333332b3030302e3139322f""}"
2026-07-18T23:27:51Z,862272088833183,Codec8E,2026-07-18 19:18:43.000 UTC,1784402323000,0,41.5465533,-8.4192683,192,252,8,29,0,"{""239"":1,""240"":1,""80"":1,""21"":5,""200"":0,""69"":1,""237"":2,""113"":100,""263"":1,""303"":1,""383"":3,""30"":0,""31"":38,""32"":52,""33"":0,""35"":103,""37"":31,""38"":242,""39"":36,""181"":18,""182"":16,""66"":14346,""24"":29,""206"":26,""67"":4135,""68"":0,""13"":43,""17"":55,""18"":-33,""19"":81,""15"":428,""13201"":375,""36"":2007,""40"":1663,""43"":0,""241"":26801,""199"":3063,""16"":201153,""12"":783,""449"":0,""636"":110218793,""389"":0,""11"":893510181,""238"":0,""14"":2540732448,""387"":""2b3431353436352e353333332d303038343139322e363833332b3030302e3139322f""}"
2026-07-18T23:27:51Z,862272088833183,Codec8E,2026-07-18 19:18:45.000 UTC,1784402325000,0,41.5465700,-8.4193916,192,265,9,25,0,"{""239"":1,""240"":1,""80"":1,""21"":5,""200"":0,""69"":1,""237"":2,""113"":100,""263"":1,""303"":1,""383"":3,""30"":0,""31"":38,""32"":52,""33"":0,""35"":103,""37"":31,""38"":242,""39"":36,""181"":41,""182"":24,""66"":14316,""24"":25,""206"":26,""67"":4135,""68"":0,""13"":43,""17"":67,""18"":123,""19"":478,""15"":428,""13201"":375,""36"":2007,""40"":1663,""43"":0,""241"":26801,""199"":3074,""16"":201164,""12"":783,""449"":0,""636"":110218793,""389"":0,""11"":893510181,""238"":0,""14"":2540732448,""387"":""2b3431353436352e373030302d303038343139332e393136372b3030302e3139322f""}"
2026-07-18T23:29:49Z,862272088833183,Codec8E,2026-07-18 19:18:47.000 UTC,1784402327000,0,41.5466450,-8.4195750,192,279,9,25,0,"{""239"":1,""240"":1,""80"":1,""21"":5,""200"":0,""69"":1,""237"":2,""113"":100,""263"":1,""303"":1,""383"":3,""30"":0,""31"":54,""32"":52,""33"":247,""35"":97,""37"":43,""38"":243,""39"":36,""181"":38,""182"":23,""66"":14309,""24"":25,""206"":26,""67"":4135,""68"":0,""13"":43,""17"":186,""18"":198,""19"":138,""15"":428,""13201"":376,""36"":2667,""40"":1522,""43"":0,""241"":26801,""199"":3091,""16"":201181,""12"":783,""449"":0,""636"":110218793,""389"":0,""11"":893510181,""238"":0,""14"":2540732448,""387"":""2b3431353436362e343530302d303038343139352e373530302b3030302e3139322f""}"
2026-07-18T23:29:49Z,862272088833183,Codec8E,2026-07-18 19:18:48.000 UTC,1784402328000,0,41.5469500,-8.4195633,192,325,9,28,0,"{""239"":1,""240"":1,""80"":1,""21"":5,""200"":0,""69"":1,""237"":2,""113"":100,""263"":1,""303"":1,""383"":3,""30"":0,""31"":54,""32"":52,""33"":247,""35"":97,""37"":43,""38"":243,""39"":36,""181"":40,""182"":24,""66"":14313,""24"":28,""206"":26,""67"":4135,""68"":0,""13"":43,""17"":149,""18"":86,""19"":-340,""15"":428,""13201"":376,""36"":2667,""40"":1522,""43"":0,""241"":26801,""199"":3125,""16"":201215,""12"":783,""449"":0,""636"":110218793,""389"":0,""11"":893510181,""238"":0,""14"":2540732448,""387"":""2b3431353436392e353030302d303038343139352e363333332b3030302e3139322f""}"
2026-07-18T23:29:49Z,862272088833183,Codec8E,2026-07-18 19:18:51.000 UTC,1784402331000,0,41.5472333,-8.4197533,191,335,9,34,0,"{""239"":1,""240"":1,""80"":1,""21"":5,""200"":0,""69"":1,""237"":2,""113"":100,""263"":1,""303"":1,""383"":3,""30"":0,""31"":53,""32"":52,""33"":250,""35"":15,""37"":44,""38"":229,""39"":36,""181"":21,""182"":16,""66"":14307,""24"":34,""206"":26,""67"":4135,""68"":0,""13"":43,""17"":685,""18"":413,""19"":177,""15"":428,""13201"":376,""36"":2256,""40"":75,""43"":0,""241"":26801,""199"":3161,""16"":201251,""12"":783,""449"":0,""636"":110218793,""389"":0,""11"":893510181,""238"":0,""14"":2540732448,""387"":""2b3431353437322e333333332d303038343139372e353333332b3030302e3139312f""}"
2026-07-18T23:29:49Z,862272088833183,Codec8E,2026-07-18 19:18:54.000 UTC,1784402334000,0,41.5476783,-8.4197233,190,345,11,34,0,"{""239"":1,""240"":1,""80"":1,""21"":5,""200"":0,""69"":1,""237"":2,""113"":100,""263"":1,""303"":1,""383"":3,""30"":0,""31"":53,""32"":52,""33"":250,""35"":15,""37"":44,""38"":229,""39"":36,""181"":13,""182"":9,""66"":14331,""24"":34,""206"":26,""67"":4135,""68"":0,""13"":43,""17"":101,""18"":181,""19"":390,""15"":428,""13201"":376,""36"":2256,""40"":75,""43"":0,""241"":26801,""199"":3211,""16"":201301,""12"":783,""449"":0,""636"":110218793,""389"":0,""11"":893510181,""238"":0,""14"":2540732448,""387"":""2b3431353437362e373833332d303038343139372e323333332b3030302e3139302f""}"
2026-07-18T23:29:50Z,862272088833183,Codec8E,2026-07-18 19:18:58.000 UTC,1784402338000,0,41.5478100,-8.4196800,191,355,10,27,0,"{""239"":1,""240"":1,""80"":1,""21"":5,""200"":0,""69"":1,""237"":2,""113"":100,""263"":1,""303"":1,""383"":3,""30"":0,""31"":10,""32"":53,""33"":21,""35"":31,""37"":20,""38"":242,""39"":37,""181"":17,""182"":10,""66"":14331,""24"":27,""206"":26,""67"":4135,""68"":0,""13"":43,""17"":56,""18"":-79,""19"":282,""15"":428,""13201"":376,""36"":1758,""40"":1647,""43"":0,""241"":26801,""199"":3227,""16"":201317,""12"":783,""449"":0,""636"":110218793,""389"":0,""11"":893510181,""238"":0,""14"":2540732448,""387"":""2b3431353437382e313030302d303038343139362e383030302b3030302e3139312f""}"
2026-07-18T23:29:50Z,862272088833183,Codec8E,2026-07-18 19:19:00.000 UTC,1784402340000,0,41.5478750,-8.4195616,192,15,11,24,0,"{""239"":1,""240"":1,""80"":1,""21"":5,""200"":0,""69"":1,""237"":2,""113"":100,""263"":1,""303"":1,""383"":3,""30"":0,""31"":64,""32"":53,""33"":0,""35"":49,""37"":40,""38"":241,""39"":39,""181"":15,""182"":10,""66"":14338,""24"":24,""206"":26,""67"":4135,""68"":0,""13"":43,""17"":230,""18"":120,""19"":202,""15"":428,""13201"":376,""36"":2628,""40"":2622,""43"":0,""241"":26801,""199"":3240,""16"":201330,""12"":783,""449"":0,""636"":110218793,""389"":0,""11"":893510181,""238"":0,""14"":2540732448,""387"":""2b3431353437382e373530302d303038343139352e363136372b3030302e3139322f""}"
2026-07-18T23:29:50Z,862272088833183,Codec8E,2026-07-18 19:19:03.000 UTC,1784402343000,0,41.5482100,-8.4192133,193,35,12,30,0,"{""239"":1,""240"":1,""80"":1,""21"":5,""200"":0,""69"":1,""237"":2,""113"":100,""263"":1,""303"":1,""383"":3,""30"":0,""31"":64,""32"":53,""33"":0,""35"":49,""37"":40,""38"":241,""39"":39,""181"":15,""182"":9,""66"":14353,""24"":30,""206"":26,""67"":4135,""68"":0,""13"":43,""17"":263,""18"":122,""19"":-7,""15"":428,""13201"":376,""36"":2628,""40"":2622,""43"":0,""241"":26801,""199"":3288,""16"":201378,""12"":783,""449"":0,""636"":110218793,""389"":0,""11"":893510181,""238"":0,""14"":2540732448,""387"":""2b3431353438322e313030302d303038343139322e313333332b3030302e3139332f""}"
2026-07-18T23:29:50Z,862272088833183,Codec8E,2026-07-18 19:19:03.010 UTC,1784402343010,0,41.5482100,-8.4192133,193,35,12,30,253,"{""239"":1,""240"":1,""80"":1,""21"":5,""200"":0,""69"":1,""237"":2,""113"":100,""263"":1,""303"":1,""383"":3,""30"":0,""31"":64,""32"":53,""33"":0,""35"":49,""37"":40,""38"":241,""39"":39,""253"":3,""254"":29,""181"":15,""182"":9,""66"":14330,""24"":30,""206"":26,""67"":4135,""68"":0,""13"":43,""17"":812,""18"":120,""19"":88,""15"":428,""13201"":376,""36"":2628,""40"":2622,""43"":0,""241"":26801,""199"":3288,""16"":201378,""12"":783,""449"":0,""636"":110218793,""389"":0,""11"":893510181,""238"":0,""14"":2540732448,""387"":""2b3431353438322e313030302d303038343139322e313333332b3030302e3139332f""}"
2026-07-18T23:29:50Z,862272088833183,Codec8E,2026-07-18 19:19:06.000 UTC,1784402346000,0,41.5485633,-8.4187133,195,38,11,40,0,"{""239"":1,""240"":1,""80"":1,""21"":5,""200"":0,""69"":1,""237"":2,""113"":100,""263"":1,""303"":1,""383"":3,""30"":0,""31"":4,""32"":53,""33"":5,""35"":114,""37"":52,""38"":230,""39"":38,""181"":15,""182"":9,""66"":14312,""24"":40,""206"":26,""67"":4135,""68"":0,""13"":43,""17"":241,""18"":-306,""19"":-32,""15"":428,""13201"":377,""36"":2592,""40"":144,""43"":0,""241"":26801,""199"":3345,""16"":201435,""12"":783,""449"":0,""636"":110218793,""389"":0,""11"":893510181,""238"":0,""14"":2540732448,""387"":""2b3431353438352e363333332d303038343138372e313333332b3030302e3139352f""}"
2026-07-18T23:29:50Z,862272088833183,Codec8E,2026-07-18 19:19:08.000 UTC,1784402348000,0,41.5486849,-8.4186350,195,8,10,36,0,"{""239"":1,""240"":1,""80"":1,""21"":5,""200"":0,""69"":1,""237"":2,""113"":100,""263"":1,""303"":1,""383"":3,""30"":0,""31"":4,""32"":53,""33"":5,""35"":114,""37"":52,""38"":230,""39"":38,""181"":17,""182"":11,""66"":14329,""24"":36,""206"":26,""67"":4135,""68"":0,""13"":43,""17"":328,""18"":-24,""19"":124,""15"":428,""13201"":377,""36"":2592,""40"":144,""43"":0,""241"":26801,""199"":3362,""16"":201452,""12"":783,""449"":0,""636"":110218793,""389"":0,""11"":893510181,""238"":0,""14"":2540732448,""387"":""2b3431353438362e383530302d303038343138362e333530302b3030302e3139352f""}"
2026-07-18T23:29:50Z,862272088833183,Codec8E,2026-07-18 19:19:08.010 UTC,1784402348010,0,41.5486849,-8.4186350,195,8,10,36,253,"{""239"":1,""240"":1,""80"":1,""21"":5,""200"":0,""69"":1,""237"":2,""113"":100,""263"":1,""303"":1,""383"":3,""30"":0,""31"":3,""32"":54,""33"":0,""35"":16,""37"":21,""38"":242,""39"":38,""253"":3,""254"":46,""181"":17,""182"":11,""66"":14342,""24"":36,""206"":26,""67"":4135,""68"":0,""13"":43,""17"":82,""18"":-97,""19"":145,""15"":428,""13201"":377,""36"":934,""40"":227,""43"":0,""241"":26801,""199"":3362,""16"":201452,""12"":783,""449"":0,""636"":110218793,""389"":0,""11"":893510181,""238"":0,""14"":2540732448,""387"":""2b3431353438362e383530302d303038343138362e333530302b3030302e3139352f""}"
2026-07-18T23:29:50Z,862272088833183,Codec8E,2026-07-18 19:19:09.000 UTC,1784402349000,0,41.5487666,-8.4186149,194,358,12,32,0,"{""239"":1,""240"":1,""80"":1,""21"":5,""200"":0,""69"":1,""237"":2,""113"":100,""263"":1,""303"":1,""383"":3,""30"":0,""31"":3,""32"":54,""33"":0,""35"":16,""37"":21,""38"":242,""39"":38,""181"":13,""182"":9,""66"":14349,""24"":32,""206"":26,""67"":4135,""68"":0,""13"":43,""17"":84,""18"":139,""19"":288,""15"":428,""13201"":377,""36"":934,""40"":227,""43"":0,""241"":26801,""199"":3371,""16"":201461,""12"":783,""449"":0,""636"":110218793,""389"":0,""11"":893510181,""238"":0,""14"":2540732448,""387"":""2b3431353438372e363636372d303038343138362e313530302b3030302e3139342f""}"
2026-07-18T23:29:51Z,862272088833183,Codec8E,2026-07-18 19:19:10.000 UTC,1784402350000,0,41.5488300,-8.4186233,194,345,12,29,0,"{""239"":1,""240"":1,""80"":1,""21"":5,""200"":0,""69"":1,""237"":2,""113"":100,""263"":1,""303"":1,""383"":3,""30"":0,""31"":3,""32"":54,""33"":0,""35"":16,""37"":21,""38"":242,""39"":38,""181"":15,""182"":9,""66"":14340,""24"":29,""206"":26,""67"":4135,""68"":0,""13"":43,""17"":-108,""18"":22,""19"":445,""15"":428,""13201"":377,""36"":934,""40"":227,""43"":0,""241"":26801,""199"":3378,""16"":201468,""12"":783,""449"":0,""636"":110218793,""389"":0,""11"":893510181,""238"":0,""14"":2540732448,""387"":""2b3431353438382e333030302d303038343138362e323333332b3030302e3139342f""}"
2026-07-18T23:29:51Z,862272088833183,Codec8E,2026-07-18 19:19:11.000 UTC,1784402351000,0,41.5488866,-8.4186633,194,334,12,26,0,"{""239"":1,""240"":1,""80"":1,""21"":5,""200"":0,""69"":1,""237"":2,""113"":100,""263"":1,""303"":1,""383"":3,""30"":0,""31"":3,""32"":54,""33"":0,""35"":16,""37"":21,""38"":242,""39"":38,""181"":12,""182"":9,""66"":14336,""24"":26,""206"":26,""67"":4135,""68"":0,""13"":43,""17"":82,""18"":220,""19"":362,""15"":428,""13201"":377,""36"":934,""40"":227,""43"":0,""241"":26801,""199"":3385,""16"":201475,""12"":783,""449"":0,""636"":110218793,""389"":0,""11"":893510181,""238"":0,""14"":2540732448,""387"":""2b3431353438382e383636372d303038343138362e363333332b3030302e3139342f""}"
2026-07-18T23:29:51Z,862272088833183,Codec8E,2026-07-18 19:19:15.000 UTC,1784402355000,0,41.5491499,-8.4188116,194,321,12,24,0,"{""239"":1,""240"":1,""80"":1,""21"":5,""200"":0,""69"":1,""237"":2,""113"":100,""263"":1,""303"":1,""383"":3,""30"":0,""31"":39,""32"":54,""33"":253,""35"":117,""37"":31,""38"":242,""39"":39,""181"":12,""182"":9,""66"":14297,""24"":24,""206"":26,""67"":4135,""68"":0,""13"":43,""17"":297,""18"":-254,""19"":-178,""15"":428,""13201"":377,""36"":2770,""40"":227,""43"":0,""241"":26801,""199"":3419,""16"":201509,""12"":783,""449"":0,""636"":110218793,""389"":0,""11"":893510181,""238"":0,""14"":2540732448,""387"":""2b3431353439312e353030302d303038343138382e313136372b3030302e3139342f""}"
2026-07-18T23:29:51Z,862272088833183,Codec8E,2026-07-18 19:19:17.000 UTC,1784402357000,0,41.5492366,-8.4190066,193,311,12,23,0,"{""239"":1,""240"":1,""80"":1,""21"":5,""200"":0,""69"":1,""237"":2,""113"":100,""263"":1,""303"":1,""383"":3,""30"":0,""31"":39,""32"":54,""33"":253,""35"":117,""37"":31,""38"":242,""39"":39,""181"":14,""182"":9,""66"":14299,""24"":23,""206"":26,""67"":4135,""68"":0,""13"":43,""17"":106,""18"":-33,""19"":108,""15"":428,""13201"":377,""36"":2770,""40"":227,""43"":0,""241"":26801,""199"":3438,""16"":201528,""12"":783,""449"":0,""636"":110218793,""389"":0,""11"":893510181,""238"":0,""14"":2540732448,""387"":""2b3431353439322e333636372d303038343139302e303636372b3030302e3139332f""}"
2026-07-18T23:29:51Z,862272088833183,Codec8E,2026-07-18 19:19:19.000 UTC,1784402359000,0,41.5492499,-8.4191850,193,285,12,21,0,"{""239"":1,""240"":1,""80"":1,""21"":5,""200"":0,""69"":1,""237"":2,""113"":100,""263"":1,""303"":1,""383"":3,""30"":0,""31"":3,""32"":54,""33"":0,""35"":16,""37"":24,""38"":235,""39"":38,""181"":15,""182"":9,""66"":14313,""24"":21,""206"":26,""67"":4135,""68"":0,""13"":43,""17"":169,""18"":-44,""19"":-232,""15"":428,""13201"":377,""36"":1703,""40"":72,""43"":0,""241"":26801,""199"":3454,""16"":201544,""12"":783,""449"":0,""636"":110218793,""389"":0,""11"":893510181,""238"":0,""14"":2540732448,""387"":""2b3431353439322e353030302d303038343139312e383530302b3030302e3139332f""}"
2026-07-18T23:29:51Z,862272088833183,Codec8E,2026-07-18 19:19:20.000 UTC,1784402360000,0,41.5492183,-8.4192533,193,266,12,20,0,"{""239"":1,""240"":1,""80"":1,""21"":5,""200"":0,""69"":1,""237"":2,""113"":100,""263"":1,""303"":1,""383"":3,""30"":0,""31"":3,""32"":54,""33"":0,""35"":16,""37"":24,""38"":235,""39"":38,""181"":13,""182"":9,""66"":14278,""24"":20,""206"":26,""67"":4135,""68"":0,""13"":43,""17"":60,""18"":55,""19"":41,""15"":428,""13201"":377,""36"":1703,""40"":72,""43"":0,""241"":26801,""199"":3461,""16"":201551,""12"":783,""449"":0,""636"":110218793,""389"":0,""11"":893510181,""238"":0,""14"":2540732448,""387"":""2b3431353439322e313833332d303038343139322e353333332b3030302e3139332f""}"
2026-07-18T23:29:51Z,862272088833183,Codec8E,2026-07-18 19:19:22.000 UTC,1784402362000,0,41.5491683,-8.4193250,194,243,12,15,0,"{""239"":1,""240"":1,""80"":1,""21"":5,""200"":0,""69"":1,""237"":2,""113"":100,""263"":1,""303"":1,""383"":3,""30"":0,""31"":11,""32"":55,""33"":21,""35"":28,""37"":13,""38"":250,""39"":38,""181"":12,""182"":9,""66"":14317,""24"":15,""206"":26,""67"":4135,""68"":0,""13"":43,""17"":9,""18"":-23,""19"":316,""15"":428,""13201"":377,""36"":933,""40"":125,""43"":0,""241"":26801,""199"":3469,""16"":201559,""12"":783,""449"":0,""636"":110218793,""389"":0,""11"":893510181,""238"":0,""14"":2540732448,""387"":""2b3431353439312e363833332d303038343139332e323530302b3030302e3139342f""}"
2026-07-18T23:29:51Z,862272088833183,Codec8E,2026-07-18 19:19:23.000 UTC,1784402363000,0,41.5491383,-8.4193549,194,226,12,14,0,"{""239"":1,""240"":1,""80"":1,""21"":5,""200"":0,""69"":1,""237"":2,""113"":100,""263"":1,""303"":1,""383"":3,""30"":0,""31"":11,""32"":55,""33"":21,""35"":28,""37"":13,""38"":250,""39"":38,""181"":12,""182"":9,""66"":14325,""24"":14,""206"":26,""67"":4135,""68"":0,""13"":43,""17"":134,""18"":63,""19"":41,""15"":428,""13201"":377,""36"":933,""40"":125,""43"":0,""241"":26801,""199"":3473,""16"":201563,""12"":783,""449"":0,""636"":110218793,""389"":0,""11"":893510181,""238"":0,""14"":2540732448,""387"":""2b3431353439312e333833332d303038343139332e353530302b3030302e3139342f""}"
2026-07-18T23:29:51Z,862272088833183,Codec8E,2026-07-18 19:19:25.000 UTC,1784402365000,0,41.5490766,-8.4194216,193,216,12,15,0,"{""239"":1,""240"":1,""80"":1,""21"":5,""200"":0,""69"":1,""237"":2,""113"":100,""263"":1,""303"":1,""383"":3,""30"":0,""31"":11,""32"":55,""33"":21,""35"":28,""37"":13,""38"":250,""39"":38,""181"":12,""182"":9,""66"":14354,""24"":15,""206"":26,""67"":4135,""68"":0,""13"":43,""17"":104,""18"":67,""19"":46,""15"":428,""13201"":377,""36"":933,""40"":125,""43"":0,""241"":26801,""199"":3482,""16"":201572,""12"":783,""449"":0,""636"":110218793,""389"":0,""11"":893510181,""238"":0,""14"":2540732448,""387"":""2b3431353439302e373636372d303038343139342e323136372b3030302e3139332f""}"
2026-07-18T23:29:51Z,862272088833183,Codec8E,2026-07-18 19:19:29.000 UTC,1784402369000,0,41.5489533,-8.4195549,191,204,12,15,0,"{""239"":1,""240"":1,""80"":1,""21"":5,""200"":0,""69"":1,""237"":2,""113"":100,""263"":1,""303"":1,""383"":3,""30"":0,""31"":23,""32"":55,""33"":0,""35"":45,""37"":19,""38"":231,""39"":38,""181"":12,""182"":9,""66"":14314,""24"":15,""206"":26,""67"":4135,""68"":0,""13"":43,""17"":183,""18"":-153,""19"":-148,""15"":428,""13201"":377,""36"":1698,""40"":83,""43"":0,""241"":26801,""199"":3500,""16"":201590,""12"":783,""449"":0,""636"":110218793,""389"":0,""11"":893510181,""238"":0,""14"":2540732448,""387"":""2b3431353438392e353333332d303038343139352e353530302b3030302e3139312f""}"
2026-07-18T23:29:51Z,862272088833183,Codec8E,2026-07-18 19:19:30.000 UTC,1784402370000,0,41.5489300,-8.4195583,190,181,12,13,0,"{""239"":1,""240"":1,""80"":1,""21"":5,""200"":0,""69"":1,""237"":2,""113"":100,""263"":1,""303"":1,""383"":3,""30"":0,""31"":23,""32"":55,""33"":0,""35"":45,""37"":19,""38"":231,""39"":38,""181"":12,""182"":9,""66"":14282,""24"":13,""206"":26,""67"":4135,""68"":0,""13"":43,""17"":36,""18"":66,""19"":-130,""15"":428,""13201"":377,""36"":1698,""40"":83,""43"":0,""241"":26801,""199"":3502,""16"":201592,""12"":783,""449"":0,""636"":110218793,""389"":0,""11"":893510181,""238"":0,""14"":2540732448,""387"":""2b3431353438392e333030302d303038343139352e353833332b3030302e3139302f""}"
2026-07-18T23:29:51Z,862272088833183,Codec8E,2026-07-18 19:19:34.000 UTC,1784402374000,0,41.5489183,-8.4195533,190,181,12,3,0,"{""239"":1,""240"":1,""80"":1,""21"":5,""200"":0,""69"":1,""237"":2,""113"":100,""263"":1,""303"":1,""383"":3,""30"":0,""31"":3,""32"":55,""33"":251,""35"":31,""37"":8,""38"":246,""39"":37,""181"":12,""182"":9,""66"":13721,""24"":3,""206"":26,""67"":4135,""68"":0,""13"":43,""17"":-7,""18"":21,""19"":-32,""15"":428,""13201"":378,""36"":843,""40"":130,""43"":0,""241"":26801,""199"":3502,""16"":201592,""12"":783,""449"":0,""636"":110218793,""389"":0,""11"":893510181,""238"":0,""14"":2540732448,""387"":""2b3431353438392e313833332d303038343139352e353333332b3030302e3139302f""}"
2026-07-18T23:31:49Z,862272088833183,Codec8E,2026-07-18 19:19:36.000 UTC,1784402376000,0,41.5489183,-8.4195533,190,181,12,2,239,"{""239"":0,""240"":1,""80"":1,""21"":5,""200"":0,""69"":1,""237"":2,""113"":100,""263"":1,""303"":1,""383"":3,""30"":0,""31"":3,""32"":55,""33"":251,""35"":31,""37"":8,""38"":246,""39"":37,""181"":12,""182"":9,""66"":13010,""24"":2,""206"":26,""67"":4135,""68"":0,""13"":43,""17"":-12,""18"":21,""19"":-34,""15"":428,""13201"":378,""36"":843,""40"":130,""43"":0,""241"":26801,""199"":3502,""16"":201592,""12"":783,""449"":0,""636"":110218793,""389"":0,""11"":893510181,""238"":0,""14"":2540732448,""387"":""2b3431353438392e313833332d303038343139352e353333332b3030302e3139302f""}"
2026-07-18T23:31:49Z,862272088833183,Codec8E,2026-07-18 19:19:37.000 UTC,1784402377000,0,41.5489183,-8.4195533,190,181,12,1,303,"{""239"":0,""240"":1,""80"":1,""21"":5,""200"":0,""69"":1,""237"":2,""113"":100,""263"":1,""303"":0,""383"":3,""30"":0,""31"":11,""32"":55,""33"":3,""35"":61,""37"":0,""38"":252,""39"":37,""181"":12,""182"":9,""66"":13024,""24"":1,""206"":26,""67"":4135,""68"":0,""13"":43,""17"":-7,""18"":24,""19"":-43,""15"":428,""13201"":378,""36"":300,""40"":116,""43"":0,""241"":26801,""199"":3502,""16"":201592,""12"":783,""449"":0,""636"":110218793,""389"":0,""11"":893510181,""238"":0,""14"":2540732448,""387"":""2b3431353438392e313833332d303038343139352e353333332b3030302e3139302f""}"
2026-07-18T23:31:49Z,862272088833183,Codec8E,2026-07-18 19:19:42.000 UTC,1784402382000,0,41.5489183,-8.4195533,190,181,13,0,303,"{""239"":0,""240"":1,""80"":1,""21"":5,""200"":0,""69"":1,""237"":2,""113"":100,""263"":1,""303"":1,""383"":3,""30"":0,""31"":24,""32"":55,""33"":3,""35"":61,""37"":0,""38"":252,""39"":37,""181"":11,""182"":8,""66"":13026,""24"":0,""206"":26,""67"":4135,""68"":0,""13"":43,""17"":-24,""18"":11,""19"":-43,""15"":428,""13201"":379,""36"":0,""40"":116,""43"":0,""241"":26801,""199"":3502,""16"":201592,""12"":783,""449"":0,""636"":110218793,""389"":0,""11"":893510181,""238"":0,""14"":2540732448,""387"":""2b3431353438392e313833332d303038343139352e353333332b3030302e3139302f""}"
2026-07-18T23:31:49Z,862272088833183,Codec8E,2026-07-18 19:19:47.000 UTC,1784402387000,0,41.5489183,-8.4195533,190,181,13,0,303,"{""239"":0,""240"":1,""80"":1,""21"":5,""200"":0,""69"":1,""237"":2,""113"":100,""263"":1,""303"":0,""383"":3,""30"":0,""31"":24,""32"":55,""33"":3,""35"":61,""37"":0,""38"":252,""39"":37,""181"":11,""182"":8,""66"":12939,""24"":0,""206"":26,""67"":4135,""68"":0,""13"":43,""17"":-20,""18"":16,""19"":-52,""15"":428,""13201"":379,""36"":0,""40"":116,""43"":0,""241"":26801,""199"":3502,""16"":201592,""12"":783,""449"":0,""636"":110218793,""389"":0,""11"":893510181,""238"":0,""14"":2540732448,""387"":""2b3431353438392e313833332d303038343139352e353333332b3030302e3139302f""}"
2026-07-18T23:31:50Z,862272088833183,Codec8E,2026-07-18 19:20:46.000 UTC,1784402446000,0,41.5489183,-8.4195533,190,181,14,0,240,"{""239"":0,""240"":0,""80"":0,""21"":5,""200"":0,""69"":1,""237"":2,""113"":100,""263"":1,""303"":0,""383"":3,""181"":10,""182"":7,""66"":12933,""24"":0,""206"":26,""67"":4135,""68"":0,""13"":43,""17"":-9,""18"":25,""19"":-42,""15"":1000,""13201"":377,""241"":26801,""199"":0,""16"":201592,""12"":783,""449"":0,""636"":110218793,""11"":893510181,""238"":0,""14"":2540732448,""387"":""2b3431353438392e313833332d303038343139352e353333332b3030302e3139302f""}"
2026-07-18T23:31:50Z,862272088833183,Codec8E,2026-07-18 19:23:53.000 UTC,1784402633000,0,41.5489183,-8.4195533,190,181,14,0,303,"{""239"":0,""240"":0,""80"":0,""21"":5,""200"":0,""69"":1,""237"":2,""113"":100,""263"":1,""303"":1,""383"":3,""181"":10,""182"":7,""66"":12825,""24"":0,""206"":26,""67"":4135,""68"":0,""13"":43,""17"":-21,""18"":17,""19"":-39,""15"":1000,""13201"":375,""241"":26801,""199"":0,""16"":201592,""12"":783,""449"":0,""636"":110218793,""11"":893510181,""238"":0,""14"":2540732448,""387"":""2b3431353438392e313833332d303038343139352e353333332b3030302e3139302f""}"
2026-07-18T23:31:50Z,862272088833183,Codec8E,2026-07-18 19:23:54.000 UTC,1784402634000,0,41.5489183,-8.4195533,190,181,14,0,240,"{""239"":0,""240"":1,""80"":1,""21"":5,""200"":0,""69"":1,""237"":2,""113"":100,""263"":1,""303"":1,""383"":3,""181"":11,""182"":8,""66"":12812,""24"":0,""206"":26,""67"":4134,""68"":0,""13"":43,""17"":-10,""18"":21,""19"":-43,""15"":1000,""13201"":375,""241"":26801,""199"":0,""16"":201592,""12"":783,""449"":0,""636"":110218793,""11"":893510181,""238"":0,""14"":2540732448,""387"":""2b3431353438392e313833332d303038343139352e353333332b3030302e3139302f""}"
2026-07-18T23:31:50Z,862272088833183,Codec8E,2026-07-18 19:23:56.000 UTC,1784402636000,0,41.5489183,-8.4195533,190,181,14,0,303,"{""239"":0,""240"":1,""80"":1,""21"":5,""200"":0,""69"":1,""237"":2,""113"":100,""263"":1,""303"":0,""383"":3,""181"":11,""182"":8,""66"":12809,""24"":0,""206"":26,""67"":4131,""68"":0,""13"":43,""17"":16,""18"":18,""19"":-57,""15"":1000,""13201"":375,""241"":26801,""199"":0,""16"":201592,""12"":783,""449"":0,""636"":110218793,""11"":893510181,""238"":0,""14"":2540732448,""387"":""2b3431353438392e313833332d303038343139352e353333332b3030302e3139302f""}"
2026-07-18T23:31:50Z,862272088833183,Codec8E,2026-07-18 19:24:01.000 UTC,1784402641000,0,41.5489183,-8.4195533,190,181,15,0,303,"{""239"":0,""240"":1,""80"":1,""21"":5,""200"":0,""69"":1,""237"":2,""113"":100,""263"":1,""303"":1,""383"":3,""181"":10,""182"":7,""66"":12812,""24"":0,""206"":26,""67"":4135,""68"":0,""13"":43,""17"":16,""18"":14,""19"":-29,""15"":1000,""13201"":376,""241"":26801,""199"":0,""16"":201592,""12"":783,""449"":0,""636"":110218793,""11"":893510181,""238"":0,""14"":2540732448,""387"":""2b3431353438392e313833332d303038343139352e353333332b3030302e3139302f""}"
2026-07-18T23:31:51Z,862272088833183,Codec8E,2026-07-18 19:24:08.000 UTC,1784402648000,0,41.5489183,-8.4195533,190,181,14,0,303,"{""239"":0,""240"":1,""80"":1,""21"":5,""200"":0,""69"":1,""237"":2,""113"":100,""263"":1,""303"":0,""383"":3,""181"":10,""182"":7,""66"":12179,""24"":0,""206"":26,""67"":4135,""68"":0,""13"":43,""17"":168,""18"":-2,""19"":-148,""15"":1000,""13201"":376,""241"":26801,""199"":0,""16"":201592,""12"":783,""449"":0,""636"":110218793,""11"":893510181,""238"":0,""14"":2540732448,""387"":""2b3431353438392e313833332d303038343139352e353333332b3030302e3139302f""}"
2026-07-18T23:31:51Z,862272088833183,Codec8E,2026-07-18 19:24:10.000 UTC,1784402650000,0,41.5489183,-8.4195533,190,181,15,0,303,"{""239"":0,""240"":1,""80"":1,""21"":5,""200"":0,""69"":1,""237"":2,""113"":100,""263"":1,""303"":1,""383"":3,""181"":10,""182"":7,""66"":12142,""24"":0,""206"":26,""67"":4135,""68"":0,""13"":43,""17"":-13,""18"":-14,""19"":20,""15"":1000,""13201"":376,""241"":26801,""199"":0,""16"":201592,""12"":783,""449"":0,""636"":110218793,""11"":893510181,""238"":0,""14"":2540732448,""387"":""2b3431353438392e313833332d303038343139352e353333332b3030302e3139302f""}"
2026-07-18T23:31:51Z,862272088833183,Codec8E,2026-07-18 19:24:15.000 UTC,1784402655000,0,41.5489183,-8.4195533,190,181,14,0,239,"{""239"":1,""240"":1,""80"":1,""21"":5,""200"":0,""69"":1,""237"":2,""113"":100,""263"":1,""303"":1,""383"":3,""181"":10,""182"":7,""66"":13978,""24"":0,""206"":26,""67"":4135,""68"":0,""13"":43,""17"":-12,""18"":7,""19"":-30,""15"":1000,""13201"":378,""241"":26801,""199"":0,""16"":201592,""12"":783,""449"":0,""636"":110218793,""11"":893510181,""238"":0,""14"":2540732448,""387"":""2b3431353438392e313833332d303038343139352e353333332b3030302e3139302f""}"
2026-07-18T23:31:51Z,862272088833183,Codec8E,2026-07-18 19:24:31.000 UTC,1784402671000,0,41.5488499,-8.4196549,192,220,14,6,0,"{""239"":1,""240"":1,""80"":1,""21"":5,""200"":0,""69"":1,""237"":2,""113"":100,""263"":1,""303"":1,""383"":3,""30"":0,""31"":26,""32"":59,""33"":0,""35"":21,""37"":0,""38"":242,""39"":40,""181"":13,""182"":8,""66"":14244,""24"":6,""206"":26,""67"":4135,""68"":0,""13"":42,""17"":112,""18"":-8,""19"":212,""15"":1000,""13201"":378,""36"":618,""40"":663,""43"":0,""241"":26801,""199"":0,""16"":201604,""12"":787,""449"":0,""636"":110218793,""11"":893510181,""238"":0,""14"":2540732448,""387"":""2b3431353438382e353030302d303038343139362e353530302b3030302e3139322f""}"
2026-07-18T23:31:51Z,862272088833183,Codec8E,2026-07-18 19:24:34.000 UTC,1784402674000,0,41.5486783,-8.4198233,191,218,14,17,0,"{""239"":1,""240"":1,""80"":1,""21"":5,""200"":0,""69"":1,""237"":2,""113"":100,""263"":1,""303"":1,""383"":3,""30"":0,""31"":32,""32"":59,""33"":0,""35"":76,""37"":21,""38"":232,""39"":41,""181"":12,""182"":8,""66"":14229,""24"":17,""206"":26,""67"":4135,""68"":0,""13"":42,""17"":263,""18"":-8,""19"":-62,""15"":1000,""13201"":377,""36"":2657,""40"":672,""43"":0,""241"":26801,""199"":24,""16"":201628,""12"":787,""449"":0,""636"":110218793,""11"":893510181,""238"":0,""14"":2540732448,""387"":""2b3431353438362e373833332d303038343139382e323333332b3030302e3139312f""}"
2026-07-18T23:31:52Z,862272088833183,Codec8E,2026-07-18 19:24:36.000 UTC,1784402676000,0,41.5485499,-8.4199283,190,207,14,20,0,"{""239"":1,""240"":1,""80"":1,""21"":5,""200"":0,""69"":1,""237"":2,""113"":100,""263"":1,""303"":1,""383"":3,""30"":0,""31"":32,""32"":59,""33"":0,""35"":76,""37"":21,""38"":232,""39"":41,""181"":14,""182"":8,""66"":14222,""24"":20,""206"":26,""67"":4135,""68"":0,""13"":42,""17"":280,""18"":-143,""19"":298,""15"":1000,""13201"":378,""36"":2657,""40"":672,""43"":0,""241"":26801,""199"":41,""16"":201645,""12"":787,""449"":0,""636"":110218793,""11"":893510181,""238"":0,""14"":2540732448,""387"":""2b3431353438352e353030302d303038343139392e323833332b3030302e3139302f""}"
2026-07-18T23:31:52Z,862272088833183,Codec8E,2026-07-18 19:24:37.000 UTC,1784402677000,0,41.5484916,-8.4199533,190,192,14,20,0,"{""239"":1,""240"":1,""80"":1,""21"":5,""200"":0,""69"":1,""237"":2,""113"":100,""263"":1,""303"":1,""383"":3,""30"":0,""31"":9,""32"":59,""33"":0,""35"":16,""37"":25,""38"":228,""39"":41,""181"":12,""182"":8,""66"":14258,""24"":20,""206"":26,""67"":4135,""68"":0,""13"":42,""17"":-105,""18"":-249,""19"":171,""15"":1000,""13201"":378,""36"":2422,""40"":102,""43"":0,""241"":26801,""199"":47,""16"":201651,""12"":787,""449"":0,""636"":110218793,""11"":893510181,""238"":0,""14"":2540732448,""387"":""2b3431353438342e393136372d303038343139392e353333332b3030302e3139302f""}"
2026-07-18T23:31:52Z,862272088833183,Codec8E,2026-07-18 19:24:39.000 UTC,1784402679000,0,41.5483716,-8.4199533,190,174,14,20,0,"{""239"":1,""240"":1,""80"":1,""21"":5,""200"":0,""69"":1,""237"":2,""113"":100,""263"":1,""303"":1,""383"":3,""30"":0,""31"":9,""32"":59,""33"":0,""35"":16,""37"":25,""38"":228,""39"":41,""181"":11,""182"":8,""66"":14243,""24"":20,""206"":26,""67"":4135,""68"":0,""13"":42,""17"":-68,""18"":210,""19"":265,""15"":1000,""13201"":379,""36"":2422,""40"":102,""43"":0,""241"":26801,""199"":61,""16"":201665,""12"":787,""449"":0,""636"":110218793,""11"":893510181,""238"":0,""14"":2540732448,""387"":""2b3431353438332e373136372d303038343139392e353333332b3030302e3139302f""}"
2026-07-18T23:31:52Z,862272088833183,Codec8E,2026-07-18 19:24:43.000 UTC,1784402683000,0,41.5481083,-8.4198449,189,160,15,24,0,"{""239"":1,""240"":1,""80"":1,""21"":5,""200"":0,""69"":1,""237"":99,""113"":100,""263"":1,""303"":1,""383"":3,""30"":0,""31"":27,""32"":59,""33"":0,""35"":91,""37"":28,""38"":238,""39"":41,""181"":10,""182"":7,""66"":14239,""24"":24,""206"":0,""67"":4135,""68"":0,""13"":42,""17"":188,""18"":32,""19"":-22,""15"":1000,""13201"":380,""36"":2547,""40"":516,""43"":0,""241"":26801,""199"":92,""16"":201696,""12"":787,""449"":0,""636"":0,""11"":893510181,""238"":0,""14"":2540732448,""387"":""2b3431353438312e303833332d303038343139382e343530302b3030302e3138392f""}"
2026-07-18T23:31:52Z,862272088833183,Codec8E,2026-07-18 19:24:46.000 UTC,1784402686000,0,41.5479633,-8.4197416,188,145,14,22,0,"{""239"":1,""240"":1,""80"":1,""21"":0,""200"":0,""69"":1,""237"":2,""113"":100,""263"":1,""303"":1,""383"":3,""30"":0,""31"":5,""32"":60,""33"":0,""35"":18,""37"":19,""38"":247,""39"":42,""181"":13,""182"":8,""66"":14235,""24"":22,""206"":26,""67"":4135,""68"":0,""13"":42,""17"":311,""18"":-486,""19"":357,""15"":1000,""13201"":380,""36"":1995,""40"":777,""43"":0,""241"":0,""199"":110,""16"":201714,""12"":787,""449"":0,""636"":110218763,""11"":893510181,""238"":0,""14"":2540732448,""387"":""2b3431353437392e363333332d303038343139372e343136372b3030302e3138382f""}"
2026-07-18T23:31:52Z,862272088833183,Codec8E,2026-07-18 19:24:50.000 UTC,1784402690000,0,41.5478033,-8.4195616,187,135,15,20,0,"{""239"":1,""240"":1,""80"":1,""21"":5,""200"":0,""69"":1,""237"":2,""113"":100,""263"":1,""303"":1,""383"":3,""30"":0,""31"":46,""32"":60,""33"":253,""35"":130,""37"":34,""38"":222,""39"":42,""181"":13,""182"":7,""66"":14234,""24"":20,""206"":26,""67"":4135,""68"":0,""13"":42,""17"":358,""18"":325,""19"":490,""15"":1000,""13201"":380,""36"":3108,""40"":1591,""43"":0,""241"":26801,""199"":134,""16"":201738,""12"":787,""449"":0,""636"":110218763,""11"":893510181,""238"":0,""14"":2540732448,""387"":""2b3431353437382e303333332d303038343139352e363136372b3030302e3138372f""}"
2026-07-18T23:31:52Z,862272088833183,Codec8E,2026-07-18 19:24:51.000 UTC,1784402691000,0,41.5478033,-8.4195033,187,121,13,19,0,"{""239"":1,""240"":1,""80"":1,""21"":5,""200"":0,""69"":1,""237"":2,""113"":100,""263"":1,""303"":1,""383"":3,""30"":0,""31"":46,""32"":60,""33"":253,""35"":130,""37"":34,""38"":222,""39"":42,""181"":11,""182"":8,""66"":14228,""24"":19,""206"":26,""67"":4135,""68"":0,""13"":42,""17"":2,""18"":33,""19"":156,""15"":1000,""13201"":380,""36"":3108,""40"":1591,""43"":0,""241"":26801,""199"":139,""16"":201743,""12"":787,""449"":0,""636"":110218763,""11"":893510181,""238"":0,""14"":2540732448,""387"":""2b3431353437382e303333332d303038343139352e303333332b3030302e3138372f""}"
2026-07-18T23:31:52Z,862272088833183,Codec8E,2026-07-18 19:24:52.000 UTC,1784402692000,0,41.5478516,-8.4194216,187,95,14,18,0,"{""239"":1,""240"":1,""80"":1,""21"":5,""200"":0,""69"":1,""237"":2,""113"":100,""263"":1,""303"":1,""383"":3,""30"":0,""31"":46,""32"":60,""33"":253,""35"":130,""37"":34,""38"":222,""39"":42,""181"":13,""182"":8,""66"":14241,""24"":18,""206"":26,""67"":4135,""68"":0,""13"":42,""17"":63,""18"":31,""19"":136,""15"":1000,""13201"":381,""36"":3108,""40"":1591,""43"":0,""241"":26801,""199"":147,""16"":201751,""12"":787,""449"":0,""636"":110218763,""11"":893510181,""238"":0,""14"":2540732448,""387"":""2b3431353437382e353136372d303038343139342e323136372b3030302e3138372f""}"
2026-07-18T23:31:53Z,862272088833183,Codec8E,2026-07-18 19:24:53.000 UTC,1784402693000,0,41.5479100,-8.4193266,187,76,13,18,0,"{""239"":1,""240"":1,""80"":1,""21"":5,""200"":0,""69"":1,""237"":2,""113"":100,""263"":1,""303"":1,""383"":3,""30"":0,""31"":46,""32"":60,""33"":253,""35"":130,""37"":34,""38"":222,""39"":42,""181"":13,""182"":8,""66"":14247,""24"":18,""206"":26,""67"":4135,""68"":0,""13"":42,""17"":579,""18"":233,""19"":255,""15"":1000,""13201"":381,""36"":3108,""40"":1591,""43"":0,""241"":26801,""199"":158,""16"":201762,""12"":787,""449"":0,""636"":110218763,""11"":893510181,""238"":0,""14"":2540732448,""387"":""2b3431353437392e313030302d303038343139332e323636372b3030302e3138372f""}"
2026-07-18T23:31:53Z,862272088833183,Codec8E,2026-07-18 19:24:54.000 UTC,1784402694000,0,41.5480466,-8.4191683,187,57,14,21,0,"{""239"":1,""240"":1,""80"":1,""21"":5,""200"":0,""69"":1,""237"":2,""113"":100,""263"":1,""303"":1,""383"":3,""30"":0,""31"":46,""32"":60,""33"":253,""35"":130,""37"":34,""38"":222,""39"":42,""181"":11,""182"":7,""66"":14219,""24"":21,""206"":26,""67"":4135,""68"":0,""13"":42,""17"":583,""18"":480,""19"":517,""15"":1000,""13201"":381,""36"":3108,""40"":1591,""43"":0,""241"":26801,""199"":178,""16"":201782,""12"":787,""449"":0,""636"":110218763,""11"":893510181,""238"":0,""14"":2540732448,""387"":""2b3431353438302e343636372d303038343139312e363833332b3030302e3138372f""}"
2026-07-18T23:31:53Z,862272088833183,Codec8E,2026-07-18 19:24:55.000 UTC,1784402695000,0,41.5481883,-8.4190200,187,46,14,25,0,"{""239"":1,""240"":1,""80"":1,""21"":5,""200"":0,""69"":1,""237"":2,""113"":100,""263"":1,""303"":1,""383"":3,""30"":0,""31"":63,""32"":60,""33"":249,""35"":113,""37"":49,""38"":223,""39"":42,""181"":12,""182"":7,""66"":14236,""24"":25,""206"":26,""67"":4135,""68"":0,""13"":42,""17"":240,""18"":22,""19"":209,""15"":1000,""13201"":381,""36"":3315,""40"":1283,""43"":0,""241"":26801,""199"":198,""16"":201802,""12"":787,""449"":0,""636"":110218763,""11"":893510181,""238"":0,""14"":2540732448,""387"":""2b3431353438312e383833332d303038343139302e323030302b3030302e3138372f""}"
2026-07-18T23:31:53Z,862272088833183,Codec8E,2026-07-18 19:24:57.000 UTC,1784402697000,0,41.5485133,-8.4186866,186,40,14,36,0,"{""239"":1,""240"":1,""80"":1,""21"":5,""200"":0,""69"":1,""237"":2,""113"":100,""263"":1,""303"":1,""383"":3,""30"":0,""31"":63,""32"":60,""33"":249,""35"":113,""37"":49,""38"":223,""39"":42,""181"":10,""182"":7,""66"":14247,""24"":36,""206"":26,""67"":4135,""68"":0,""13"":42,""17"":-131,""18"":35,""19"":85,""15"":1000,""13201"":381,""36"":3315,""40"":1283,""43"":0,""241"":26801,""199"":243,""16"":201847,""12"":787,""449"":0,""636"":110218763,""11"":893510181,""238"":0,""14"":2540732448,""387"":""2b3431353438352e313333332d303038343138362e383636372b3030302e3138362f""}"
2026-07-18T23:33:51Z,862272088833183,Codec8E,2026-07-18 19:25:01.000 UTC,1784402701000,0,41.5490366,-8.4181616,187,36,12,46,0,"{""239"":1,""240"":1,""80"":1,""21"":5,""200"":0,""69"":1,""237"":2,""113"":100,""263"":1,""303"":1,""383"":3,""30"":0,""31"":48,""32"":60,""33"":249,""35"":59,""37"":51,""38"":231,""39"":42,""181"":11,""182"":8,""66"":14264,""24"":46,""206"":26,""67"":4135,""68"":0,""13"":42,""17"":56,""18"":0,""19"":187,""15"":1000,""13201"":381,""36"":2574,""40"":694,""43"":0,""241"":26801,""199"":316,""16"":201920,""12"":787,""449"":0,""636"":110218763,""11"":893510181,""238"":0,""14"":2540732448,""387"":""2b3431353439302e333636372d303038343138312e363136372b3030302e3138372f""}"
2026-07-18T23:33:51Z,862272088833183,Codec8E,2026-07-18 19:25:06.000 UTC,1784402706000,0,41.5495666,-8.4175483,186,47,14,50,0,"{""239"":1,""240"":1,""80"":1,""21"":5,""200"":0,""69"":1,""237"":2,""113"":100,""263"":1,""303"":1,""383"":3,""30"":0,""31"":37,""32"":60,""33"":251,""35"":105,""37"":51,""38"":240,""39"":43,""181"":12,""182"":7,""66"":14258,""24"":50,""206"":26,""67"":4135,""68"":0,""13"":42,""17"":319,""18"":178,""19"":89,""15"":1000,""13201"":381,""36"":2565,""40"":1150,""43"":0,""241"":26801,""199"":394,""16"":201998,""12"":787,""449"":0,""636"":110218793,""11"":893510181,""238"":0,""14"":2540732448,""387"":""2b3431353439352e363636372d303038343137352e343833332b3030302e3138362f""}"
2026-07-18T23:33:51Z,862272088833183,Codec8E,2026-07-18 19:25:10.000 UTC,1784402710000,0,41.5498750,-8.4169583,187,58,13,51,0,"{""239"":1,""240"":1,""80"":1,""21"":5,""200"":0,""69"":1,""237"":2,""113"":100,""263"":1,""303"":1,""383"":3,""30"":0,""31"":7,""32"":60,""33"":0,""35"":63,""37"":50,""38"":239,""39"":43,""181"":11,""182"":8,""66"":14273,""24"":51,""206"":26,""67"":4135,""68"":0,""13"":42,""17"":233,""18"":427,""19"":159,""15"":1000,""13201"":381,""36"":2533,""40"":1330,""43"":0,""241"":26801,""199"":454,""16"":202058,""12"":787,""449"":0,""636"":110218793,""11"":893510181,""238"":0,""14"":2540732448,""387"":""2b3431353439382e373530302d303038343136392e353833332b3030302e3138372f""}"
2026-07-18T23:33:51Z,862272088833183,Codec8E,2026-07-18 19:25:15.000 UTC,1784402715000,0,41.5500383,-8.4163599,187,61,14,38,0,"{""239"":1,""240"":1,""80"":1,""21"":5,""200"":0,""69"":1,""237"":2,""113"":100,""263"":1,""303"":1,""383"":3,""30"":0,""31"":6,""32"":60,""33"":0,""35"":43,""37"":49,""38"":225,""39"":43,""181"":10,""182"":7,""66"":14200,""24"":38,""206"":26,""67"":4135,""68"":0,""13"":42,""17"":135,""18"":-47,""19"":-225,""15"":1000,""13201"":381,""36"":2517,""40"":111,""43"":0,""241"":26801,""199"":507,""16"":202111,""12"":787,""449"":0,""636"":110656555,""11"":893510181,""238"":0,""14"":2540732448,""387"":""2b3431353530302e333833332d303038343136332e363030302b3030302e3138372f""}"
2026-07-18T23:33:51Z,862272088833183,Codec8E,2026-07-18 19:25:17.000 UTC,1784402717000,0,41.5500499,-8.4163216,188,57,14,24,0,"{""239"":1,""240"":1,""80"":1,""21"":5,""200"":0,""69"":1,""237"":2,""113"":100,""263"":1,""303"":1,""383"":3,""30"":0,""31"":6,""32"":60,""33"":0,""35"":43,""37"":49,""38"":225,""39"":43,""181"":13,""182"":7,""66"":14215,""24"":24,""206"":26,""67"":4135,""68"":0,""13"":42,""17"":-26,""18"":19,""19"":-2,""15"":1000,""13201"":382,""36"":2517,""40"":111,""43"":0,""241"":26801,""199"":510,""16"":202114,""12"":787,""449"":0,""636"":110656555,""11"":893510181,""238"":0,""14"":2540732448,""387"":""2b3431353530302e353030302d303038343136332e323136372b3030302e3138382f""}"
2026-07-18T23:33:51Z,862272088833183,Codec8E,2026-07-18 19:25:19.000 UTC,1784402719000,0,41.5500466,-8.4163316,188,57,14,13,0,"{""239"":1,""240"":1,""80"":1,""21"":5,""200"":0,""69"":1,""237"":2,""113"":100,""263"":1,""303"":1,""383"":3,""30"":0,""31"":8,""32"":60,""33"":255,""35"":35,""37"":4,""38"":251,""39"":43,""181"":10,""182"":7,""66"":14210,""24"":13,""206"":26,""67"":4135,""68"":0,""13"":42,""17"":-17,""18"":25,""19"":-27,""15"":1000,""13201"":382,""36"":897,""40"":152,""43"":0,""241"":26801,""199"":510,""16"":202114,""12"":787,""449"":0,""636"":110656555,""11"":893510181,""238"":0,""14"":2540732448,""387"":""2b3431353530302e343636372d303038343136332e333136372b3030302e3138382f""}"
2026-07-18T23:33:51Z,862272088833183,Codec8E,2026-07-18 19:25:22.000 UTC,1784402722000,0,41.5500466,-8.4163333,188,57,14,3,303,"{""239"":1,""240"":1,""80"":1,""21"":5,""200"":0,""69"":1,""237"":2,""113"":100,""263"":1,""303"":0,""383"":3,""30"":0,""31"":13,""32"":60,""33"":3,""35"":36,""37"":0,""38"":255,""39"":42,""181"":10,""182"":7,""66"":14200,""24"":3,""206"":26,""67"":4135,""68"":0,""13"":42,""17"":-27,""18"":16,""19"":-22,""15"":1000,""13201"":382,""36"":950,""40"":161,""43"":0,""241"":26801,""199"":510,""16"":202114,""12"":787,""449"":0,""636"":110656555,""11"":893510181,""238"":0,""14"":2540732448,""387"":""2b3431353530302e343636372d303038343136332e333333332b3030302e3138382f""}"
2026-07-18T23:33:51Z,862272088833183,Codec8E,2026-07-18 19:26:21.000 UTC,1784402781000,0,41.5500466,-8.4163333,188,57,15,0,240,"{""239"":1,""240"":0,""80"":0,""21"":5,""200"":0,""69"":1,""237"":2,""113"":100,""263"":1,""303"":0,""383"":3,""30"":0,""31"":14,""32"":64,""33"":0,""35"":39,""37"":0,""38"":3,""39"":43,""181"":10,""182"":7,""66"":14182,""24"":0,""206"":26,""67"":4135,""68"":0,""13"":43,""17"":-26,""18"":16,""19"":-2,""15"":1000,""13201"":383,""36"":941,""40"":175,""43"":0,""241"":26801,""199"":510,""16"":202114,""12"":802,""449"":0,""636"":110656555,""11"":893510181,""238"":0,""14"":2540732448,""387"":""2b3431353530302e343636372d303038343136332e333333332b3030302e3138382f""}"
2026-07-18T23:33:52Z,862272088833183,Codec8E,2026-07-18 19:26:38.000 UTC,1784402798000,0,41.5500466,-8.4163333,188,69,16,1,303,"{""239"":1,""240"":0,""80"":0,""21"":5,""200"":0,""69"":1,""237"":2,""113"":100,""263"":1,""303"":1,""383"":3,""30"":0,""31"":13,""32"":66,""33"":0,""35"":27,""37"":0,""38"":241,""39"":43,""181"":9,""182"":6,""66"":14230,""24"":1,""206"":26,""67"":4135,""68"":0,""13"":43,""17"":-20,""18"":-11,""19"":325,""15"":1000,""13201"":383,""36"":861,""40"":158,""43"":0,""241"":26801,""199"":510,""16"":202114,""12"":806,""449"":0,""636"":110656565,""11"":893510181,""238"":0,""14"":2540732448,""387"":""2b3431353530302e343636372d303038343136332e333333332b3030302e3138382f""}"
2026-07-18T23:33:52Z,862272088833183,Codec8E,2026-07-18 19:26:40.000 UTC,1784402800000,0,41.5500600,-8.4163016,188,59,16,4,240,"{""239"":1,""240"":1,""80"":1,""21"":5,""200"":0,""69"":1,""237"":2,""113"":100,""263"":1,""303"":1,""383"":3,""30"":0,""31"":10,""32"":66,""33"":0,""35"":37,""37"":1,""38"":243,""39"":44,""181"":9,""182"":6,""66"":14215,""24"":4,""206"":26,""67"":4135,""68"":0,""13"":43,""17"":-20,""18"":11,""19"":122,""15"":1000,""13201"":383,""36"":1984,""40"":1172,""43"":0,""241"":26801,""199"":510,""16"":202114,""12"":806,""449"":0,""636"":110656565,""11"":893510181,""238"":0,""14"":2540732448,""387"":""2b3431353530302e363030302d303038343136332e303136372b3030302e3138382f""}"
2026-07-18T23:33:52Z,862272088833183,Codec8E,2026-07-18 19:26:43.000 UTC,1784402803000,0,41.5501483,-8.4161133,188,57,16,16,0,"{""239"":1,""240"":1,""80"":1,""21"":5,""200"":0,""69"":1,""237"":2,""113"":100,""263"":1,""303"":1,""383"":3,""30"":0,""31"":10,""32"":66,""33"":0,""35"":37,""37"":1,""38"":243,""39"":44,""181"":12,""182"":6,""66"":14217,""24"":16,""206"":26,""67"":4135,""68"":0,""13"":43,""17"":-66,""18"":105,""19"":329,""15"":1000,""13201"":383,""36"":1984,""40"":1172,""43"":0,""241"":26801,""199"":531,""16"":202135,""12"":806,""449"":0,""636"":110656565,""11"":893510181,""238"":0,""14"":2540732448,""387"":""2b3431353530312e343833332d303038343136312e313333332b3030302e3138382f""}"
2026-07-18T23:33:52Z,862272088833183,Codec8E,2026-07-18 19:26:46.000 UTC,1784402806000,0,41.5503000,-8.4157833,188,61,15,29,0,"{""239"":1,""240"":1,""80"":1,""21"":5,""200"":0,""69"":1,""237"":2,""113"":100,""263"":1,""303"":1,""383"":3,""30"":0,""31"":56,""32"":66,""33"":0,""35"":91,""37"":31,""38"":240,""39"":46,""181"":12,""182"":7,""66"":14230,""24"":29,""206"":26,""67"":4135,""68"":0,""13"":43,""17"":-33,""18"":-130,""19"":40,""15"":1000,""13201"":384,""36"":2839,""40"":394,""43"":0,""241"":26801,""199"":563,""16"":202167,""12"":806,""449"":0,""636"":110656565,""11"":893510181,""238"":0,""14"":2540732448,""387"":""2b3431353530332e303030302d303038343135372e383333332b3030302e3138382f""}"
2026-07-18T23:33:53Z,862272088833183,Codec8E,2026-07-18 19:26:49.000 UTC,1784402809000,0,41.5504816,-8.4153816,188,58,15,39,0,"{""239"":1,""240"":1,""80"":1,""21"":5,""200"":0,""69"":1,""237"":2,""113"":100,""263"":1,""303"":1,""383"":3,""30"":0,""31"":53,""32"":66,""33"":254,""35"":70,""37"":48,""38"":234,""39"":46,""181"":10,""182"":7,""66"":14234,""24"":39,""206"":26,""67"":4135,""68"":0,""13"":43,""17"":262,""18"":204,""19"":115,""15"":1000,""13201"":385,""36"":3194,""40"":388,""43"":0,""241"":26801,""199"":602,""16"":202206,""12"":806,""449"":0,""636"":110656565,""11"":893510181,""238"":0,""14"":2540732448,""387"":""2b3431353530342e383136372d303038343135332e383136372b3030302e3138382f""}"
2026-07-18T23:33:53Z,862272088833183,Codec8E,2026-07-18 19:26:57.000 UTC,1784402817000,0,41.5509833,-8.4141666,190,60,15,49,0,"{""239"":1,""240"":1,""80"":1,""21"":5,""200"":0,""69"":1,""237"":2,""113"":100,""263"":1,""303"":1,""383"":3,""30"":0,""31"":7,""32"":67,""33"":0,""35"":29,""37"":46,""38"":235,""39"":46,""181"":10,""182"":7,""66"":14237,""24"":49,""206"":26,""67"":4135,""68"":0,""13"":43,""17"":93,""18"":-21,""19"":73,""15"":1000,""13201"":385,""36"":3076,""40"":1997,""43"":0,""241"":26801,""199"":718,""16"":202322,""12"":806,""449"":0,""636"":110656565,""11"":893510181,""238"":0,""14"":2540732448,""387"":""2b3431353530392e383333332d303038343134312e363636372b3030302e3139302f""}"
2026-07-18T23:33:53Z,862272088833183,Codec8E,2026-07-18 19:26:59.000 UTC,1784402819000,0,41.5511316,-8.4138450,190,59,13,52,255,"{""239"":1,""240"":1,""80"":1,""21"":5,""200"":0,""69"":1,""237"":2,""113"":100,""263"":1,""303"":1,""383"":3,""30"":0,""31"":42,""32"":67,""33"":249,""35"":88,""37"":56,""38"":222,""39"":46,""255"":52,""181"":11,""182"":8,""66"":14232,""24"":52,""206"":26,""67"":4135,""68"":0,""13"":43,""17"":244,""18"":51,""19"":113,""15"":1000,""13201"":385,""36"":3778,""40"":1127,""43"":0,""241"":26801,""199"":749,""16"":202353,""12"":806,""449"":0,""636"":110170163,""11"":893510181,""238"":0,""14"":2540732448,""387"":""2b3431353531312e333136372d303038343133382e343530302b3030302e3139302f""}"
2026-07-18T23:33:53Z,862272088833183,Codec8E,2026-07-18 19:27:06.000 UTC,1784402826000,0,41.5516016,-8.4127833,192,55,16,48,0,"{""239"":1,""240"":1,""80"":1,""21"":5,""200"":0,""69"":1,""237"":2,""113"":100,""263"":1,""303"":1,""383"":3,""30"":0,""31"":34,""32"":67,""33"":247,""35"":31,""37"":57,""38"":222,""39"":46,""181"":9,""182"":6,""66"":14183,""24"":48,""206"":26,""67"":4135,""68"":0,""13"":43,""17"":533,""18"":359,""19"":110,""15"":1000,""13201"":385,""36"":2869,""40"":188,""43"":0,""241"":26801,""199"":852,""16"":202456,""12"":806,""449"":0,""636"":110170163,""11"":893510181,""238"":0,""14"":2540732448,""387"":""2b3431353531362e303136372d303038343132372e383333332b3030302e3139322f""}"
2026-07-18T23:33:54Z,862272088833183,Codec8E,2026-07-18 19:27:06.010 UTC,1784402826010,0,41.5516016,-8.4127833,192,55,16,48,255,"{""239"":1,""240"":1,""80"":1,""21"":5,""200"":0,""69"":1,""237"":2,""113"":100,""263"":1,""303"":1,""383"":3,""30"":0,""31"":34,""32"":67,""33"":247,""35"":31,""37"":57,""38"":222,""39"":46,""255"":48,""181"":9,""182"":6,""66"":14182,""24"":48,""206"":26,""67"":4135,""68"":0,""13"":43,""17"":240,""18"":420,""19"":69,""15"":1000,""13201"":386,""36"":2869,""40"":188,""43"":0,""241"":26801,""199"":852,""16"":202456,""12"":806,""449"":0,""636"":110170163,""11"":893510181,""238"":0,""14"":2540732448,""387"":""2b3431353531362e303136372d303038343132372e383333332b3030302e3139322f""}"
2026-07-18T23:33:54Z,862272088833183,Codec8E,2026-07-18 19:27:08.000 UTC,1784402828000,0,41.5516266,-8.4126266,194,72,15,39,0,"{""239"":1,""240"":1,""80"":1,""21"":5,""200"":0,""69"":1,""237"":2,""113"":100,""263"":1,""303"":1,""383"":3,""30"":0,""31"":5,""32"":66,""33"":0,""35"":20,""37"":24,""38"":243,""39"":46,""181"":10,""182"":7,""66"":14236,""24"":39,""206"":26,""67"":4135,""68"":0,""13"":43,""17"":222,""18"":279,""19"":34,""15"":1000,""13201"":386,""36"":975,""40"":113,""43"":0,""241"":26801,""199"":866,""16"":202470,""12"":806,""449"":0,""636"":110170163,""11"":893510181,""238"":0,""14"":2540732448,""387"":""2b3431353531362e323636372d303038343132362e323636372b3030302e3139342f""}"
2026-07-18T23:33:54Z,862272088833183,Codec8E,2026-07-18 19:27:09.000 UTC,1784402829000,0,41.5516200,-8.4125649,193,84,15,35,0,"{""239"":1,""240"":1,""80"":1,""21"":5,""200"":0,""69"":1,""237"":2,""113"":100,""263"":1,""303"":1,""383"":3,""30"":0,""31"":5,""32"":66,""33"":0,""35"":20,""37"":24,""38"":243,""39"":46,""181"":10,""182"":7,""66"":14234,""24"":35,""206"":26,""67"":4135,""68"":0,""13"":43,""17"":37,""18"":73,""19"":232,""15"":1000,""13201"":386,""36"":975,""40"":113,""43"":0,""241"":26801,""199"":871,""16"":202475,""12"":806,""449"":0,""636"":110170163,""11"":893510181,""238"":0,""14"":2540732448,""387"":""2b3431353531362e323030302d303038343132352e363530302b3030302e3139332f""}"
2026-07-18T23:33:54Z,862272088833183,Codec8E,2026-07-18 19:27:10.000 UTC,1784402830000,0,41.5515900,-8.4125116,193,101,15,31,0,"{""239"":1,""240"":1,""80"":1,""21"":5,""200"":0,""69"":1,""237"":2,""113"":100,""263"":1,""303"":1,""383"":3,""30"":0,""31"":5,""32"":66,""33"":0,""35"":20,""37"":24,""38"":243,""39"":46,""181"":10,""182"":7,""66"":14230,""24"":31,""206"":26,""67"":4135,""68"":0,""13"":43,""17"":-34,""18"":-64,""19"":197,""15"":1000,""13201"":386,""36"":975,""40"":113,""43"":0,""241"":26801,""199"":877,""16"":202481,""12"":806,""449"":0,""636"":110170163,""11"":893510181,""238"":0,""14"":2540732448,""387"":""2b3431353531352e393030302d303038343132352e313136372b3030302e3139332f""}"
2026-07-18T23:33:54Z,862272088833183,Codec8E,2026-07-18 19:27:11.000 UTC,1784402831000,0,41.5515499,-8.4124500,194,111,15,30,0,"{""239"":1,""240"":1,""80"":1,""21"":5,""200"":0,""69"":1,""237"":2,""113"":100,""263"":1,""303"":1,""383"":3,""30"":0,""31"":5,""32"":66,""33"":0,""35"":20,""37"":24,""38"":243,""39"":46,""181"":10,""182"":7,""66"":14217,""24"":30,""206"":26,""67"":4135,""68"":0,""13"":43,""17"":3,""18"":-16,""19"":199,""15"":1000,""13201"":386,""36"":975,""40"":113,""43"":0,""241"":26801,""199"":883,""16"":202487,""12"":806,""449"":0,""636"":110170163,""11"":893510181,""238"":0,""14"":2540732448,""387"":""2b3431353531352e353030302d303038343132342e353030302b3030302e3139342f""}"
2026-07-18T23:33:54Z,862272088833183,Codec8E,2026-07-18 19:27:12.000 UTC,1784402832000,0,41.5514416,-8.4124283,194,134,15,30,0,"{""239"":1,""240"":1,""80"":1,""21"":5,""200"":0,""69"":1,""237"":2,""113"":100,""263"":1,""303"":1,""383"":3,""30"":0,""31"":8,""32"":66,""33"":0,""35"":108,""37"":32,""38"":242,""39"":48,""181"":10,""182"":7,""66"":14218,""24"":30,""206"":26,""67"":4135,""68"":0,""13"":43,""17"":333,""18"":73,""19"":90,""15"":1000,""13201"":386,""36"":2773,""40"":3341,""43"":0,""241"":26801,""199"":896,""16"":202500,""12"":806,""449"":0,""636"":110170163,""11"":893510181,""238"":0,""14"":2540732448,""387"":""2b3431353531342e343136372d303038343132342e323833332b3030302e3139342f""}"
2026-07-18T23:33:54Z,862272088833183,Codec8E,2026-07-18 19:27:12.010 UTC,1784402832010,0,41.5514416,-8.4124283,194,134,15,30,253,"{""239"":1,""240"":1,""80"":1,""21"":5,""200"":0,""69"":1,""237"":2,""113"":100,""263"":1,""303"":1,""383"":3,""30"":0,""31"":8,""32"":66,""33"":0,""35"":108,""37"":32,""38"":242,""39"":48,""253"":3,""254"":39,""181"":10,""182"":7,""66"":14219,""24"":30,""206"":26,""67"":4135,""68"":0,""13"":43,""17"":216,""18"":10,""19"":-78,""15"":1000,""13201"":386,""36"":2773,""40"":3341,""43"":0,""241"":26801,""199"":896,""16"":202500,""12"":806,""449"":0,""636"":110170163,""11"":893510181,""238"":0,""14"":2540732448,""387"":""2b3431353531342e343136372d303038343132342e323833332b3030302e3139342f""}"
2026-07-18T23:33:54Z,862272088833183,Codec8E,2026-07-18 19:27:13.000 UTC,1784402833000,0,41.5513366,-8.4123799,194,145,15,31,0,"{""239"":1,""240"":1,""80"":1,""21"":5,""200"":0,""69"":1,""237"":2,""113"":100,""263"":1,""303"":1,""383"":3,""30"":0,""31"":8,""32"":66,""33"":0,""35"":108,""37"":32,""38"":242,""39"":48,""181"":10,""182"":7,""66"":14234,""24"":31,""206"":26,""67"":4135,""68"":0,""13"":43,""17"":299,""18"":111,""19"":183,""15"":1000,""13201"":386,""36"":2773,""40"":3341,""43"":0,""241"":26801,""199"":908,""16"":202512,""12"":806,""449"":0,""636"":110170163,""11"":893510181,""238"":0,""14"":2540732448,""387"":""2b3431353531332e333636372d303038343132332e383030302b3030302e3139342f""}"
2026-07-18T23:35:51Z,862272088833183,Codec8E,2026-07-18 19:27:16.000 UTC,1784402836000,0,41.5509166,-8.4121183,191,149,15,42,0,"{""239"":1,""240"":1,""80"":1,""21"":5,""200"":0,""69"":1,""237"":2,""113"":100,""263"":1,""303"":1,""383"":3,""30"":0,""31"":8,""32"":66,""33"":0,""35"":108,""37"":32,""38"":242,""39"":48,""181"":10,""182"":7,""66"":14204,""24"":42,""206"":26,""67"":4135,""68"":0,""13"":43,""17"":76,""18"":-136,""19"":-193,""15"":1000,""13201"":386,""36"":2773,""40"":3341,""43"":0,""241"":26801,""199"":959,""16"":202563,""12"":806,""449"":0,""636"":110170163,""11"":893510181,""238"":0,""14"":2540732448,""387"":""2b3431353530392e313636372d303038343132312e313833332b3030302e3139312f""}"
2026-07-18T23:35:51Z,862272088833183,Codec8E,2026-07-18 19:27:20.000 UTC,1784402840000,0,41.5505150,-8.4118283,192,132,15,37,0,"{""239"":1,""240"":1,""80"":1,""21"":5,""200"":0,""69"":1,""237"":2,""113"":100,""263"":1,""303"":1,""383"":3,""30"":0,""31"":23,""32"":66,""33"":249,""35"":22,""37"":52,""38"":221,""39"":48,""181"":10,""182"":7,""66"":14236,""24"":37,""206"":26,""67"":4135,""68"":0,""13"":43,""17"":215,""18"":-447,""19"":3,""15"":1000,""13201"":386,""36"":3498,""40"":211,""43"":0,""241"":26801,""199"":1011,""16"":202615,""12"":806,""449"":0,""636"":110170163,""11"":893510181,""238"":0,""14"":2540732448,""387"":""2b3431353530352e313530302d303038343131382e323833332b3030302e3139322f""}"
2026-07-18T23:35:51Z,862272088833183,Codec8E,2026-07-18 19:27:22.000 UTC,1784402842000,0,41.5504883,-8.4116766,192,112,15,31,0,"{""239"":1,""240"":1,""80"":1,""21"":5,""200"":0,""69"":1,""237"":2,""113"":100,""263"":1,""303"":1,""383"":3,""30"":0,""31"":5,""32"":66,""33"":0,""35"":19,""37"":27,""38"":232,""39"":48,""181"":10,""182"":7,""66"":14222,""24"":31,""206"":26,""67"":4135,""68"":0,""13"":43,""17"":19,""18"":-2,""19"":201,""15"":1000,""13201"":386,""36"":1944,""40"":894,""43"":0,""241"":26801,""199"":1024,""16"":202628,""12"":806,""449"":0,""636"":110170163,""11"":893510181,""238"":0,""14"":2540732448,""387"":""2b3431353530342e383833332d303038343131362e373636372b3030302e3139322f""}"
2026-07-18T23:35:51Z,862272088833183,Codec8E,2026-07-18 19:27:23.000 UTC,1784402843000,0,41.5505283,-8.4115633,192,84,16,30,0,"{""239"":1,""240"":1,""80"":1,""21"":5,""200"":0,""69"":1,""237"":2,""113"":100,""263"":1,""303"":1,""383"":3,""30"":0,""31"":5,""32"":66,""33"":0,""35"":19,""37"":27,""38"":232,""39"":48,""181"":9,""182"":6,""66"":14220,""24"":30,""206"":26,""67"":4135,""68"":0,""13"":43,""17"":-81,""18"":38,""19"":164,""15"":1000,""13201"":386,""36"":1944,""40"":894,""43"":0,""241"":26801,""199"":1034,""16"":202638,""12"":806,""449"":0,""636"":110170163,""11"":893510181,""238"":0,""14"":2540732448,""387"":""2b3431353530352e323833332d303038343131352e363333332b3030302e3139322f""}"
2026-07-18T23:35:52Z,862272088833183,Codec8E,2026-07-18 19:27:23.010 UTC,1784402843010,0,41.5505283,-8.4115633,192,84,16,30,253,"{""239"":1,""240"":1,""80"":1,""21"":5,""200"":0,""69"":1,""237"":2,""113"":100,""263"":1,""303"":1,""383"":3,""30"":0,""31"":5,""32"":66,""33"":0,""35"":19,""37"":27,""38"":232,""39"":48,""253"":3,""254"":46,""181"":9,""182"":6,""66"":14221,""24"":30,""206"":26,""67"":4135,""68"":0,""13"":43,""17"":2,""18"":50,""19"":210,""15"":1000,""13201"":386,""36"":1944,""40"":894,""43"":0,""241"":26801,""199"":1034,""16"":202638,""12"":806,""449"":0,""636"":110170163,""11"":893510181,""238"":0,""14"":2540732448,""387"":""2b3431353530352e323833332d303038343131352e363333332b3030302e3139322f""}"
2026-07-18T23:35:52Z,862272088833183,Codec8E,2026-07-18 19:27:24.000 UTC,1784402844000,0,41.5505999,-8.4114366,191,60,16,31,0,"{""239"":1,""240"":1,""80"":1,""21"":5,""200"":0,""69"":1,""237"":2,""113"":100,""263"":1,""303"":1,""383"":3,""30"":0,""31"":5,""32"":66,""33"":0,""35"":19,""37"":27,""38"":232,""39"":48,""181"":11,""182"":6,""66"":14217,""24"":31,""206"":26,""67"":4135,""68"":0,""13"":43,""17"":-55,""18"":46,""19"":135,""15"":333,""13201"":386,""36"":1944,""40"":894,""43"":0,""241"":26801,""199"":1048,""16"":202652,""12"":806,""449"":0,""636"":110170163,""11"":893510181,""238"":0,""14"":2540732448,""387"":""2b3431353530362e303030302d303038343131342e333636372b3030302e3139312f""}"
2026-07-18T23:35:52Z,862272088833183,Codec8E,2026-07-18 19:27:24.010 UTC,1784402844010,0,41.5505999,-8.4114366,191,60,16,31,253,"{""239"":1,""240"":1,""80"":1,""21"":5,""200"":0,""69"":1,""237"":2,""113"":100,""263"":1,""303"":1,""383"":3,""30"":0,""31"":5,""32"":66,""33"":0,""35"":19,""37"":27,""38"":232,""39"":48,""253"":3,""254"":40,""181"":12,""182"":6,""66"":14215,""24"":31,""206"":26,""67"":4135,""68"":0,""13"":43,""17"":15,""18"":92,""19"":208,""15"":333,""13201"":386,""36"":1944,""40"":894,""43"":0,""241"":26801,""199"":1048,""16"":202652,""12"":806,""449"":0,""636"":110170163,""11"":893510181,""238"":0,""14"":2540732448,""387"":""2b3431353530362e303030302d303038343131342e333636372b3030302e3139312f""}"
2026-07-18T23:35:52Z,862272088833183,Codec8E,2026-07-18 19:27:27.000 UTC,1784402847000,0,41.5508133,-8.4109866,191,60,15,42,0,"{""239"":1,""240"":1,""80"":1,""21"":5,""200"":0,""69"":1,""237"":2,""113"":100,""263"":1,""303"":1,""383"":3,""30"":0,""31"":53,""32"":66,""33"":0,""35"":135,""37"":42,""38"":246,""39"":49,""181"":10,""182"":7,""66"":14219,""24"":42,""206"":26,""67"":4135,""68"":0,""13"":43,""17"":-58,""18"":22,""19"":130,""15"":333,""13201"":386,""36"":2673,""40"":2836,""43"":0,""241"":26801,""199"":1092,""16"":202696,""12"":806,""449"":0,""636"":110170163,""11"":893510181,""238"":0,""14"":2540732448,""387"":""2b3431353530382e313333332d303038343130392e383636372b3030302e3139312f""}"
2026-07-18T23:35:53Z,862272088833183,Codec8E,2026-07-18 19:27:30.000 UTC,1784402850000,0,41.5510450,-8.4104733,190,60,15,52,0,"{""239"":1,""240"":1,""80"":1,""21"":5,""200"":0,""69"":1,""237"":2,""113"":100,""263"":1,""303"":1,""383"":3,""30"":0,""31"":53,""32"":66,""33"":0,""35"":135,""37"":42,""38"":246,""39"":49,""181"":10,""182"":7,""66"":14245,""24"":52,""206"":26,""67"":4135,""68"":0,""13"":43,""17"":-16,""18"":45,""19"":107,""15"":333,""13201"":387,""36"":2673,""40"":2836,""43"":0,""241"":26801,""199"":1142,""16"":202746,""12"":806,""449"":0,""636"":110136885,""11"":893510181,""238"":0,""14"":2540732448,""387"":""2b3431353531302e343530302d303038343130342e373333332b3030302e3139302f""}"
2026-07-18T23:35:53Z,862272088833183,Codec8E,2026-07-18 19:27:30.010 UTC,1784402850010,0,41.5510450,-8.4104733,190,60,15,52,255,"{""239"":1,""240"":1,""80"":1,""21"":5,""200"":0,""69"":1,""237"":2,""113"":100,""263"":1,""303"":1,""383"":3,""30"":0,""31"":42,""32"":66,""33"":3,""35"":137,""37"":57,""38"":248,""39"":50,""255"":52,""181"":10,""182"":7,""66"":14247,""24"":52,""206"":26,""67"":4135,""68"":0,""13"":43,""17"":-64,""18"":37,""19"":100,""15"":333,""13201"":387,""36"":2846,""40"":2691,""43"":0,""241"":26801,""199"":1142,""16"":202746,""12"":806,""449"":0,""636"":110136885,""11"":893510181,""238"":0,""14"":2540732448,""387"":""2b3431353531302e343530302d303038343130342e373333332b3030302e3139302f""}"
2026-07-18T23:35:53Z,862272088833183,Codec8E,2026-07-18 19:27:33.000 UTC,1784402853000,0,41.5512933,-8.4098816,188,61,15,62,0,"{""239"":1,""240"":1,""80"":1,""21"":5,""200"":0,""69"":1,""237"":2,""113"":100,""263"":1,""303"":1,""383"":3,""30"":0,""31"":42,""32"":66,""33"":3,""35"":137,""37"":57,""38"":248,""39"":50,""181"":10,""182"":7,""66"":14190,""24"":62,""206"":26,""67"":4135,""68"":0,""13"":43,""17"":-82,""18"":5,""19"":51,""15"":333,""13201"":387,""36"":2846,""40"":2691,""43"":0,""241"":26801,""199"":1199,""16"":202803,""12"":806,""449"":0,""636"":110170163,""11"":893510181,""238"":0,""14"":2540732448,""387"":""2b3431353531322e393333332d303038343039382e383136372b3030302e3138382f""}"
2026-07-18T23:35:53Z,862272088833183,Codec8E,2026-07-18 19:27:37.000 UTC,1784402857000,0,41.5516783,-8.4089983,187,60,15,73,0,"{""239"":1,""240"":1,""80"":1,""21"":5,""200"":0,""69"":1,""237"":2,""113"":100,""263"":1,""303"":1,""383"":3,""30"":0,""31"":25,""32"":66,""33"":0,""35"":123,""37"":70,""38"":246,""39"":51,""181"":10,""182"":7,""66"":14200,""24"":73,""206"":26,""67"":4135,""68"":0,""13"":43,""17"":-40,""18"":53,""19"":83,""15"":333,""13201"":387,""36"":2552,""40"":2311,""43"":0,""241"":26801,""199"":1284,""16"":202888,""12"":806,""449"":0,""636"":110170163,""11"":893510181,""238"":0,""14"":2540732448,""387"":""2b3431353531362e373833332d303038343038392e393833332b3030302e3138372f""}"
2026-07-18T23:35:53Z,862272088833183,Codec8E,2026-07-18 19:27:42.000 UTC,1784402862000,0,41.5522200,-8.4077616,185,59,15,83,0,"{""239"":1,""240"":1,""80"":1,""21"":5,""200"":0,""69"":1,""237"":2,""113"":100,""263"":1,""303"":1,""383"":3,""30"":0,""31"":64,""32"":66,""33"":253,""35"":138,""37"":82,""38"":222,""39"":49,""181"":10,""182"":7,""66"":14193,""24"":83,""206"":26,""67"":4135,""68"":0,""13"":43,""17"":222,""18"":1,""19"":178,""15"":333,""13201"":388,""36"":2988,""40"":1333,""43"":0,""241"":26801,""199"":1403,""16"":203007,""12"":806,""449"":0,""636"":110170164,""11"":893510181,""238"":0,""14"":2540732448,""387"":""2b3431353532322e323030302d303038343037372e363136372b3030302e3138352f""}"
2026-07-18T23:35:53Z,862272088833183,Codec8E,2026-07-18 19:27:47.000 UTC,1784402867000,0,41.5527433,-8.4065000,187,60,16,84,0,"{""239"":1,""240"":1,""80"":1,""21"":5,""200"":0,""69"":1,""237"":2,""113"":100,""263"":1,""303"":1,""383"":3,""30"":0,""31"":58,""32"":66,""33"":0,""35"":137,""37"":87,""38"":246,""39"":48,""181"":9,""182"":6,""66"":14231,""24"":84,""206"":26,""67"":4135,""68"":0,""13"":43,""17"":25,""18"":49,""19"":-45,""15"":333,""13201"":388,""36"":2282,""40"":1830,""43"":0,""241"":26801,""199"":1523,""16"":203127,""12"":806,""449"":0,""636"":110136885,""11"":893510181,""238"":0,""14"":2540732448,""387"":""2b3431353532372e343333332d303038343036352e303030302b3030302e3138372f""}"
2026-07-18T23:35:53Z,862272088833183,Codec8E,2026-07-18 19:27:52.000 UTC,1784402872000,0,41.5532749,-8.4052750,183,60,16,85,0,"{""239"":1,""240"":1,""80"":1,""21"":5,""200"":0,""69"":1,""237"":2,""113"":100,""263"":1,""303"":1,""383"":3,""30"":0,""31"":63,""32"":66,""33"":251,""35"":69,""37"":82,""38"":228,""39"":46,""181"":9,""182"":6,""66"":14208,""24"":85,""206"":26,""67"":4135,""68"":0,""13"":43,""17"":34,""18"":40,""19"":-24,""15"":333,""13201"":388,""36"":2160,""40"":147,""43"":0,""241"":26801,""199"":1641,""16"":203245,""12"":806,""449"":0,""636"":110136884,""11"":893510181,""238"":0,""14"":2540732448,""387"":""2b3431353533322e373530302d303038343035322e373530302b3030302e3138332f""}"
2026-07-18T23:35:53Z,862272088833183,Codec8E,2026-07-18 19:27:57.000 UTC,1784402877000,0,41.5537516,-8.4040050,184,61,16,84,0,"{""239"":1,""240"":1,""80"":1,""21"":5,""200"":0,""69"":1,""237"":2,""113"":100,""263"":1,""303"":1,""383"":3,""30"":0,""31"":10,""32"":67,""33"":20,""35"":92,""37"":87,""38"":242,""39"":45,""181"":9,""182"":6,""66"":14195,""24"":84,""206"":26,""67"":4135,""68"":0,""13"":43,""17"":75,""18"":-55,""19"":69,""15"":333,""13201"":388,""36"":2269,""40"":325,""43"":0,""241"":26801,""199"":1759,""16"":203363,""12"":806,""449"":0,""636"":110136883,""11"":893510181,""238"":0,""14"":2540732448,""387"":""2b3431353533372e353136372d303038343034302e303530302b3030302e3138342f""}"
2026-07-18T23:35:54Z,862272088833183,Codec8E,2026-07-18 19:28:02.000 UTC,1784402882000,0,41.5542683,-8.4028183,183,63,16,82,0,"{""239"":1,""240"":1,""80"":1,""21"":5,""200"":0,""69"":1,""237"":2,""113"":100,""263"":1,""303"":1,""383"":3,""30"":0,""31"":8,""32"":66,""33"":0,""35"":24,""37"":81,""38"":228,""39"":45,""181"":9,""182"":6,""66"":14193,""24"":82,""206"":26,""67"":4135,""68"":0,""13"":43,""17"":186,""18"":21,""19"":-147,""15"":333,""13201"":389,""36"":2117,""40"":1058,""43"":0,""241"":26801,""199"":1874,""16"":203478,""12"":806,""449"":0,""636"":110136883,""11"":893510181,""238"":0,""14"":2540732448,""387"":""2b3431353534322e363833332d303038343032382e313833332b3030302e3138332f""}"
2026-07-18T23:35:54Z,862272088833183,Codec8E,2026-07-18 19:28:06.000 UTC,1784402886000,0,41.5545533,-8.4020033,183,62,15,69,0,"{""239"":1,""240"":1,""80"":1,""21"":5,""200"":0,""69"":1,""237"":2,""113"":100,""263"":1,""303"":1,""383"":3,""30"":0,""31"":54,""32"":66,""33"":3,""35"":68,""37"":81,""38"":228,""39"":44,""181"":10,""182"":7,""66"":14156,""24"":69,""206"":26,""67"":4135,""68"":0,""13"":43,""17"":68,""18"":5,""19"":-32,""15"":333,""13201"":389,""36"":2121,""40"":152,""43"":0,""241"":26801,""199"":1949,""16"":203553,""12"":806,""449"":0,""636"":110136883,""11"":893510181,""238"":0,""14"":2540732448,""387"":""2b3431353534352e353333332d303038343032302e303333332b3030302e3138332f""}"
2026-07-18T23:35:54Z,862272088833183,Codec8E,2026-07-18 19:28:09.000 UTC,1784402889000,0,41.5547216,-8.4015750,184,60,15,56,0,"{""239"":1,""240"":1,""80"":1,""21"":5,""200"":0,""69"":1,""237"":2,""113"":100,""263"":1,""303"":1,""383"":3,""30"":0,""31"":5,""32"":66,""33"":0,""35"":20,""37"":58,""38"":2,""39"":45,""181"":10,""182"":7,""66"":14124,""24"":56,""206"":26,""67"":4135,""68"":0,""13"":43,""17"":36,""18"":3,""19"":-69,""15"":333,""13201"":389,""36"":1564,""40"":136,""43"":0,""241"":26801,""199"":1989,""16"":203593,""12"":806,""449"":0,""636"":110136883,""11"":893510181,""238"":0,""14"":2540732448,""387"":""2b3431353534372e323136372d303038343031352e373530302b3030302e3138342f""}"
2026-07-18T23:35:54Z,862272088833183,Codec8E,2026-07-18 19:28:12.000 UTC,1784402892000,0,41.5548533,-8.4012350,185,61,15,45,0,"{""239"":1,""240"":1,""80"":1,""21"":5,""200"":0,""69"":1,""237"":2,""113"":100,""263"":1,""303"":1,""383"":3,""30"":0,""31"":12,""32"":65,""33"":22,""35"":36,""37"":40,""38"":255,""39"":45,""181"":10,""182"":7,""66"":14169,""24"":45,""206"":26,""67"":4135,""68"":0,""13"":43,""17"":187,""18"":174,""19"":-253,""15"":333,""13201"":388,""36"":884,""40"":158,""43"":0,""241"":26801,""199"":2021,""16"":203625,""12"":806,""449"":0,""636"":110136883,""11"":893510181,""238"":0,""14"":2540732448,""387"":""2b3431353534382e353333332d303038343031322e333530302b3030302e3138352f""}"
2026-07-18T23:35:55Z,862272088833183,Codec8E,2026-07-18 19:28:12.010 UTC,1784402892010,0,41.5548533,-8.4012350,185,61,15,45,255,"{""239"":1,""240"":1,""80"":1,""21"":5,""200"":0,""69"":1,""237"":2,""113"":100,""263"":1,""303"":1,""383"":3,""30"":0,""31"":12,""32"":65,""33"":22,""35"":36,""37"":40,""38"":255,""39"":45,""255"":45,""181"":10,""182"":7,""66"":14173,""24"":45,""206"":26,""67"":4135,""68"":0,""13"":43,""17"":171,""18"":182,""19"":-278,""15"":333,""13201"":388,""36"":884,""40"":158,""43"":0,""241"":26801,""199"":2021,""16"":203625,""12"":806,""449"":0,""636"":110136883,""11"":893510181,""238"":0,""14"":2540732448,""387"":""2b3431353534382e353333332d303038343031322e333530302b3030302e3138352f""}"
2026-07-18T23:35:55Z,862272088833183,Codec8E,2026-07-18 19:28:14.000 UTC,1784402894000,0,41.5549049,-8.4010683,184,72,15,37,0,"{""239"":1,""240"":1,""80"":1,""21"":5,""200"":0,""69"":1,""237"":2,""113"":100,""263"":1,""303"":1,""383"":3,""30"":0,""31"":12,""32"":65,""33"":22,""35"":36,""37"":40,""38"":255,""39"":45,""181"":10,""182"":7,""66"":14149,""24"":37,""206"":26,""67"":4135,""68"":0,""13"":43,""17"":361,""18"":382,""19"":135,""15"":400,""13201"":389,""36"":884,""40"":158,""43"":0,""241"":26801,""199"":2036,""16"":203640,""12"":806,""449"":0,""636"":110136883,""11"":893510181,""238"":0,""14"":2540732448,""387"":""2b3431353534392e303530302d303038343031302e363833332b3030302e3138342f""}"
2026-07-18T23:35:55Z,862272088833183,Codec8E,2026-07-18 19:28:15.000 UTC,1784402895000,0,41.5549166,-8.4009983,183,85,15,33,0,"{""239"":1,""240"":1,""80"":1,""21"":5,""200"":0,""69"":1,""237"":2,""113"":100,""263"":1,""303"":1,""383"":3,""30"":0,""31"":12,""32"":65,""33"":22,""35"":36,""37"":40,""38"":255,""39"":45,""181"":10,""182"":7,""66"":14199,""24"":33,""206"":26,""67"":4135,""68"":0,""13"":43,""17"":62,""18"":190,""19"":1,""15"":400,""13201"":389,""36"":884,""40"":158,""43"":0,""241"":26801,""199"":2042,""16"":203646,""12"":806,""449"":0,""636"":110136883,""11"":893510181,""238"":0,""14"":2540732448,""387"":""2b3431353534392e313636372d303038343030392e393833332b3030302e3138332f""}"
2026-07-18T23:35:55Z,862272088833183,Codec8E,2026-07-18 19:28:16.000 UTC,1784402896000,0,41.5549033,-8.4009300,183,100,15,30,0,"{""239"":1,""240"":1,""80"":1,""21"":5,""200"":0,""69"":1,""237"":2,""113"":100,""263"":1,""303"":1,""383"":3,""30"":0,""31"":13,""32"":65,""33"":22,""35"":36,""37"":19,""38"":242,""39"":45,""181"":10,""182"":7,""66"":14177,""24"":30,""206"":26,""67"":4135,""68"":0,""13"":43,""17"":67,""18"":145,""19"":170,""15"":400,""13201"":389,""36"":953,""40"":561,""43"":0,""241"":26801,""199"":2048,""16"":203652,""12"":806,""449"":0,""636"":110136883,""11"":893510181,""238"":0,""14"":2540732448,""387"":""2b3431353534392e303333332d303038343030392e333030302b3030302e3138332f""}"
2026-07-18T23:37:53Z,862272088833183,Codec8E,2026-07-18 19:28:17.000 UTC,1784402897000,0,41.5548716,-8.4008783,183,118,15,28,0,"{""239"":1,""240"":1,""80"":1,""21"":5,""200"":0,""69"":1,""237"":2,""113"":100,""263"":1,""303"":1,""383"":3,""30"":0,""31"":13,""32"":65,""33"":22,""35"":36,""37"":19,""38"":242,""39"":45,""181"":12,""182"":7,""66"":14185,""24"":28,""206"":26,""67"":4135,""68"":0,""13"":43,""17"":-162,""18"":21,""19"":235,""15"":400,""13201"":389,""36"":953,""40"":561,""43"":0,""241"":26801,""199"":2053,""16"":203657,""12"":806,""449"":0,""636"":110136883,""11"":893510181,""238"":0,""14"":2540732448,""387"":""2b3431353534382e373136372d303038343030382e373833332b3030302e3138332f""}"
2026-07-18T23:37:53Z,862272088833183,Codec8E,2026-07-18 19:28:18.000 UTC,1784402898000,0,41.5548183,-8.4008266,182,133,15,27,0,"{""239"":1,""240"":1,""80"":1,""21"":5,""200"":0,""69"":1,""237"":2,""113"":100,""263"":1,""303"":1,""383"":3,""30"":0,""31"":13,""32"":65,""33"":22,""35"":36,""37"":19,""38"":242,""39"":45,""181"":10,""182"":7,""66"":14203,""24"":27,""206"":26,""67"":4135,""68"":0,""13"":43,""17"":-66,""18"":25,""19"":214,""15"":400,""13201"":389,""36"":953,""40"":561,""43"":0,""241"":26801,""199"":2061,""16"":203665,""12"":806,""449"":0,""636"":110136883,""11"":893510181,""238"":0,""14"":2540732448,""387"":""2b3431353534382e313833332d303038343030382e323636372b3030302e3138322f""}"
2026-07-18T23:37:53Z,862272088833183,Codec8E,2026-07-18 19:28:19.000 UTC,1784402899000,0,41.5547450,-8.4007866,182,143,15,27,0,"{""239"":1,""240"":1,""80"":1,""21"":5,""200"":0,""69"":1,""237"":2,""113"":100,""263"":1,""303"":1,""383"":3,""30"":0,""31"":13,""32"":65,""33"":22,""35"":36,""37"":19,""38"":242,""39"":45,""181"":12,""182"":7,""66"":14205,""24"":27,""206"":26,""67"":4135,""68"":0,""13"":43,""17"":-24,""18"":30,""19"":324,""15"":400,""13201"":389,""36"":953,""40"":561,""43"":0,""241"":26801,""199"":2069,""16"":203673,""12"":806,""449"":0,""636"":110136883,""11"":893510181,""238"":0,""14"":2540732448,""387"":""2b3431353534372e343530302d303038343030372e383636372b3030302e3138322f""}"
2026-07-18T23:37:53Z,862272088833183,Codec8E,2026-07-18 19:28:30.000 UTC,1784402910000,0,41.5540516,-8.4003750,179,152,16,17,0,"{""239"":1,""240"":1,""80"":1,""21"":5,""200"":0,""69"":1,""237"":2,""113"":100,""263"":1,""303"":1,""383"":3,""30"":0,""31"":14,""32"":65,""33"":21,""35"":36,""37"":9,""38"":244,""39"":44,""181"":12,""182"":6,""66"":14212,""24"":17,""206"":26,""67"":4135,""68"":0,""13"":43,""17"":-97,""18"":-13,""19"":105,""15"":400,""13201"":389,""36"":916,""40"":822,""43"":0,""241"":26801,""199"":2154,""16"":203758,""12"":806,""449"":0,""636"":110136883,""11"":893510181,""238"":0,""14"":2540732448,""387"":""2b3431353534302e353136372d303038343030332e373530302b3030302e3137392f""}"
2026-07-18T23:37:53Z,862272088833183,Codec8E,2026-07-18 19:28:40.000 UTC,1784402920000,0,41.5535016,-8.4000733,180,160,15,27,0,"{""239"":1,""240"":1,""80"":1,""21"":5,""200"":0,""69"":1,""237"":2,""113"":100,""263"":1,""303"":1,""383"":3,""30"":0,""31"":30,""32"":65,""33"":249,""35"":19,""37"":24,""38"":240,""39"":42,""181"":13,""182"":8,""66"":14230,""24"":27,""206"":26,""67"":4135,""68"":0,""13"":43,""17"":58,""18"":95,""19"":41,""15"":400,""13201"":389,""36"":2600,""40"":1938,""43"":0,""241"":26801,""199"":2220,""16"":203824,""12"":806,""449"":0,""636"":110377524,""11"":893510181,""238"":0,""14"":2540732448,""387"":""2b3431353533352e303136372d303038343030302e373333332b3030302e3138302f""}"
2026-07-18T23:37:53Z,862272088833183,Codec8E,2026-07-18 19:28:44.000 UTC,1784402924000,0,41.5531266,-8.3999400,181,173,15,35,0,"{""239"":1,""240"":1,""80"":1,""21"":5,""200"":0,""69"":1,""237"":2,""113"":100,""263"":1,""303"":1,""383"":3,""30"":0,""31"":50,""32"":65,""33"":0,""35"":61,""37"":39,""38"":235,""39"":41,""181"":11,""182"":7,""66"":14230,""24"":35,""206"":26,""67"":4135,""68"":0,""13"":43,""17"":101,""18"":135,""19"":37,""15"":400,""13201"":388,""36"":2564,""40"":538,""43"":0,""241"":26801,""199"":2264,""16"":203868,""12"":806,""449"":0,""636"":110377524,""11"":893510181,""238"":0,""14"":2540732448,""387"":""2b3431353533312e323636372d303038333939392e343030302b3030302e3138312f""}"
2026-07-18T23:37:53Z,862272088833183,Codec8E,2026-07-18 19:28:46.000 UTC,1784402926000,0,41.5529250,-8.3999416,180,184,15,37,0,"{""239"":1,""240"":1,""80"":1,""21"":5,""200"":0,""69"":1,""237"":2,""113"":100,""263"":1,""303"":1,""383"":3,""30"":0,""31"":50,""32"":65,""33"":0,""35"":61,""37"":39,""38"":235,""39"":41,""181"":12,""182"":7,""66"":14210,""24"":37,""206"":26,""67"":4135,""68"":0,""13"":43,""17"":56,""18"":36,""19"":-99,""15"":400,""13201"":388,""36"":2564,""40"":538,""43"":0,""241"":26801,""199"":2286,""16"":203890,""12"":806,""449"":0,""636"":110377524,""11"":893510181,""238"":0,""14"":2540732448,""387"":""2b3431353532392e323530302d303038333939392e343136372b3030302e3138302f""}"
2026-07-18T23:37:53Z,862272088833183,Codec8E,2026-07-18 19:28:51.000 UTC,1784402931000,0,41.5525833,-8.4000183,181,197,12,27,0,"{""239"":1,""240"":1,""80"":1,""21"":5,""200"":0,""69"":1,""237"":2,""113"":100,""263"":1,""303"":1,""383"":3,""30"":0,""31"":12,""32"":66,""33"":250,""35"":16,""37"":34,""38"":228,""39"":42,""181"":12,""182"":9,""66"":14113,""24"":27,""206"":26,""67"":4135,""68"":0,""13"":43,""17"":18,""18"":-1,""19"":-53,""15"":400,""13201"":390,""36"":2429,""40"":130,""43"":0,""241"":26801,""199"":2325,""16"":203929,""12"":806,""449"":0,""636"":110344243,""11"":893510181,""238"":0,""14"":2540732448,""387"":""2b3431353532352e383333332d303038343030302e313833332b3030302e3138312f""}"
2026-07-18T23:37:54Z,862272088833183,Codec8E,2026-07-18 19:28:54.000 UTC,1784402934000,0,41.5525350,-8.4000600,182,189,14,16,0,"{""239"":1,""240"":1,""80"":1,""21"":5,""200"":0,""69"":1,""237"":2,""113"":100,""263"":1,""303"":1,""383"":3,""30"":0,""31"":6,""32"":66,""33"":1,""35"":43,""37"":14,""38"":0,""39"":43,""181"":14,""182"":8,""66"":14154,""24"":16,""206"":26,""67"":4135,""68"":0,""13"":43,""17"":-24,""18"":13,""19"":-11,""15"":400,""13201"":390,""36"":941,""40"":158,""43"":0,""241"":26801,""199"":2331,""16"":203935,""12"":806,""449"":0,""636"":110377524,""11"":893510181,""238"":0,""14"":2540732448,""387"":""2b3431353532352e333530302d303038343030302e363030302b3030302e3138322f""}"
2026-07-18T23:37:54Z,862272088833183,Codec8E,2026-07-18 19:28:57.000 UTC,1784402937000,0,41.5525166,-8.4000833,183,220,14,10,0,"{""239"":1,""240"":1,""80"":1,""21"":5,""200"":0,""69"":1,""237"":2,""113"":100,""263"":1,""303"":1,""383"":3,""30"":0,""31"":6,""32"":66,""33"":1,""35"":43,""37"":14,""38"":0,""39"":43,""181"":11,""182"":8,""66"":14200,""24"":10,""206"":26,""67"":4135,""68"":0,""13"":43,""17"":-51,""18"":51,""19"":48,""15"":400,""13201"":389,""36"":941,""40"":158,""43"":0,""241"":26801,""199"":2334,""16"":203938,""12"":806,""449"":0,""636"":110377524,""11"":893510181,""238"":0,""14"":2540732448,""387"":""2b3431353532352e313636372d303038343030302e383333332b3030302e3138332f""}"
2026-07-18T23:37:54Z,862272088833183,Codec8E,2026-07-18 19:29:00.000 UTC,1784402940000,0,41.5524349,-8.4001816,183,209,14,12,0,"{""239"":1,""240"":1,""80"":1,""21"":5,""200"":0,""69"":1,""237"":2,""113"":100,""263"":1,""303"":1,""383"":3,""30"":0,""31"":13,""32"":66,""33"":22,""35"":91,""37"":7,""38"":245,""39"":43,""181"":11,""182"":8,""66"":14179,""24"":12,""206"":26,""67"":4135,""68"":0,""13"":43,""17"":57,""18"":-28,""19"":-131,""15"":400,""13201"":391,""36"":1885,""40"":730,""43"":0,""241"":26801,""199"":2346,""16"":203950,""12"":806,""449"":0,""636"":110377524,""11"":893510181,""238"":0,""14"":2540732448,""387"":""2b3431353532342e333530302d303038343030312e383136372b3030302e3138332f""}"
2026-07-18T23:37:54Z,862272088833183,Codec8E,2026-07-18 19:29:06.000 UTC,1784402946000,0,41.5524016,-8.4001900,184,205,14,2,0,"{""239"":1,""240"":1,""80"":1,""21"":5,""200"":0,""69"":1,""237"":2,""113"":100,""263"":1,""303"":1,""383"":3,""30"":0,""31"":5,""32"":66,""33"":0,""35"":27,""37"":3,""38"":1,""39"":43,""181"":10,""182"":7,""66"":14179,""24"":2,""206"":26,""67"":4135,""68"":0,""13"":43,""17"":-17,""18"":57,""19"":13,""15"":400,""13201"":391,""36"":813,""40"":213,""43"":0,""241"":26801,""199"":2349,""16"":203953,""12"":806,""449"":0,""636"":110136884,""11"":893510181,""238"":0,""14"":2540732448,""387"":""2b3431353532342e303136372d303038343030312e393030302b3030302e3138342f""}"
2026-07-18T23:37:54Z,862272088833183,Codec8E,2026-07-18 19:29:25.000 UTC,1784402965000,0,41.5524016,-8.4001900,184,205,14,0,303,"{""239"":1,""240"":1,""80"":1,""21"":5,""200"":0,""69"":1,""237"":2,""113"":100,""263"":1,""303"":0,""383"":3,""30"":0,""31"":13,""32"":67,""33"":7,""35"":39,""37"":0,""38"":249,""39"":42,""181"":11,""182"":8,""66"":14104,""24"":0,""206"":26,""67"":4135,""68"":0,""13"":43,""17"":-17,""18"":55,""19"":-10,""15"":400,""13201"":389,""36"":778,""40"":150,""43"":0,""241"":26801,""199"":2349,""16"":203953,""12"":811,""449"":0,""636"":110590005,""11"":893510181,""238"":0,""14"":2540732448,""387"":""2b3431353532342e303136372d303038343030312e393030302b3030302e3138342f""}"
2026-07-18T23:37:54Z,862272088833183,Codec8E,2026-07-18 19:29:28.000 UTC,1784402968000,0,41.5524016,-8.4001900,184,205,14,0,239,"{""239"":0,""240"":1,""80"":1,""21"":5,""200"":0,""69"":1,""237"":2,""113"":100,""263"":1,""303"":0,""383"":3,""30"":0,""31"":14,""32"":68,""33"":8,""35"":38,""37"":0,""38"":254,""39"":43,""181"":11,""182"":8,""66"":13025,""24"":0,""206"":26,""67"":4135,""68"":0,""13"":43,""17"":-26,""18"":64,""19"":-25,""15"":400,""13201"":388,""36"":901,""40"":166,""43"":0,""241"":26801,""199"":2349,""16"":203953,""12"":811,""449"":0,""636"":110344243,""11"":893510181,""238"":0,""14"":2540732448,""387"":""2b3431353532342e303136372d303038343030312e393030302b3030302e3138342f""}"
2026-07-18T23:37:54Z,862272088833183,Codec8E,2026-07-18 19:29:33.000 UTC,1784402973000,0,41.5524016,-8.4001900,184,205,15,0,303,"{""239"":0,""240"":1,""80"":1,""21"":5,""200"":0,""69"":1,""237"":2,""113"":100,""263"":1,""303"":1,""383"":3,""30"":0,""31"":16,""32"":68,""33"":13,""35"":86,""37"":0,""38"":243,""39"":43,""181"":10,""182"":7,""66"":12939,""24"":0,""206"":26,""67"":4135,""68"":0,""13"":43,""17"":-21,""18"":44,""19"":-31,""15"":400,""13201"":390,""36"":111,""40"":144,""43"":0,""241"":26801,""199"":2349,""16"":203953,""12"":811,""449"":0,""636"":110344243,""11"":893510181,""238"":0,""14"":2540732448,""387"":""2b3431353532342e303136372d303038343030312e393030302b3030302e3138342f""}"
2026-07-18T23:37:54Z,862272088833183,Codec8E,2026-07-18 19:29:39.000 UTC,1784402979000,0,41.5524016,-8.4001900,184,205,15,0,303,"{""239"":0,""240"":1,""80"":1,""21"":5,""200"":0,""69"":1,""237"":2,""113"":100,""263"":1,""303"":0,""383"":3,""30"":0,""31"":34,""32"":68,""33"":13,""35"":86,""37"":0,""38"":243,""39"":43,""181"":10,""182"":7,""66"":12844,""24"":0,""206"":26,""67"":4135,""68"":0,""13"":43,""17"":-21,""18"":45,""19"":-8,""15"":400,""13201"":391,""36"":0,""40"":144,""43"":0,""241"":26801,""199"":2349,""16"":203953,""12"":811,""449"":0,""636"":110344243,""11"":893510181,""238"":0,""14"":2540732448,""387"":""2b3431353532342e303136372d303038343030312e393030302b3030302e3138342f""}"
2026-07-18T23:37:55Z,862272088833183,Codec8E,2026-07-18 19:30:03.000 UTC,1784403003000,0,41.5524900,-8.4002166,185,352,16,0,303,"{""239"":0,""240"":1,""80"":1,""21"":5,""200"":0,""69"":1,""237"":2,""113"":100,""263"":1,""303"":1,""383"":3,""181"":9,""182"":6,""66"":12786,""24"":0,""206"":26,""67"":4135,""68"":0,""13"":43,""17"":-13,""18"":64,""19"":-2,""15"":400,""13201"":390,""241"":26801,""199"":2349,""16"":203953,""12"":811,""449"":0,""636"":110344243,""11"":893510181,""238"":0,""14"":2540732448,""387"":""2b3431353532342e393030302d303038343030322e313636372b3030302e3138352f""}"
2026-07-18T23:37:55Z,862272088833183,Codec8E,2026-07-18 19:30:08.000 UTC,1784403008000,0,41.5524900,-8.4002166,185,352,16,0,303,"{""239"":0,""240"":1,""80"":1,""21"":5,""200"":0,""69"":1,""237"":2,""113"":100,""263"":1,""303"":0,""383"":3,""181"":9,""182"":6,""66"":12860,""24"":0,""206"":26,""67"":4135,""68"":0,""13"":43,""17"":-19,""18"":44,""19"":-31,""15"":400,""13201"":390,""241"":26801,""199"":2349,""16"":203953,""12"":811,""449"":0,""636"":110590005,""11"":893510181,""238"":0,""14"":2540732448,""387"":""2b3431353532342e393030302d303038343030322e313636372b3030302e3138352f""}"
2026-07-18T23:37:55Z,862272088833183,Codec8E,2026-07-18 19:31:07.000 UTC,1784403067000,0,41.5524900,-8.4002166,185,352,15,0,240,"{""239"":0,""240"":0,""80"":0,""21"":5,""200"":0,""69"":1,""237"":2,""113"":100,""263"":1,""303"":0,""383"":3,""181"":10,""182"":7,""66"":12896,""24"":0,""206"":26,""67"":4135,""68"":0,""13"":43,""17"":-25,""18"":54,""19"":-24,""15"":1000,""13201"":388,""241"":26801,""199"":0,""16"":203953,""12"":811,""449"":0,""636"":110590005,""11"":893510181,""238"":0,""14"":2540732448,""387"":""2b3431353532342e393030302d303038343030322e313636372b3030302e3138352f""}"
2026-07-18T23:37:55Z,862272088833183,Codec8E,2026-07-18 20:12:06.000 UTC,1784405526000,0,41.5524900,-8.4002166,177,352,15,0,303,"{""239"":0,""240"":0,""80"":0,""21"":4,""200"":0,""69"":1,""237"":2,""113"":100,""263"":1,""303"":1,""383"":3,""181"":9,""182"":7,""66"":12723,""24"":0,""206"":26,""67"":4134,""68"":0,""13"":43,""17"":-26,""18"":53,""19"":-24,""15"":1000,""13201"":386,""241"":26801,""199"":0,""16"":203953,""12"":811,""449"":0,""636"":110590015,""11"":893510181,""238"":0,""14"":2540732448,""387"":""2b3431353532342e393030302d303038343030322e313636372b3030302e3137372f""}"
2026-07-18T23:37:55Z,862272088833183,Codec8E,2026-07-18 20:12:07.000 UTC,1784405527000,0,41.5524183,-8.4001900,177,3,15,0,240,"{""239"":0,""240"":1,""80"":1,""21"":4,""200"":0,""69"":1,""237"":2,""113"":100,""263"":1,""303"":1,""383"":3,""181"":10,""182"":7,""66"":12719,""24"":0,""206"":26,""67"":4132,""68"":0,""13"":43,""17"":-18,""18"":52,""19"":-29,""15"":1000,""13201"":386,""241"":26801,""199"":0,""16"":203953,""12"":811,""449"":0,""636"":110590015,""11"":893510181,""238"":0,""14"":2540732448,""387"":""2b3431353532342e313833332d303038343030312e393030302b3030302e3137372f""}"
2026-07-18T23:37:55Z,862272088833183,Codec8E,2026-07-18 20:12:09.000 UTC,1784405529000,0,41.5524183,-8.4001900,177,3,16,0,303,"{""239"":0,""240"":1,""80"":1,""21"":0,""200"":0,""69"":1,""237"":99,""113"":100,""263"":1,""303"":0,""383"":3,""181"":9,""182"":6,""66"":12706,""24"":0,""206"":0,""67"":4131,""68"":0,""13"":43,""17"":-26,""18"":48,""19"":-17,""15"":1000,""13201"":386,""241"":0,""199"":0,""16"":203953,""12"":811,""449"":0,""636"":0,""11"":893510181,""238"":0,""14"":2540732448,""387"":""2b3431353532342e313833332d303038343030312e393030302b3030302e3137372f""}"
2026-07-18T23:37:55Z,862272088833183,Codec8E,2026-07-18 20:12:31.000 UTC,1784405551000,0,41.5524183,-8.4001900,177,0,12,0,303,"{""239"":0,""240"":1,""80"":1,""21"":5,""200"":0,""69"":2,""237"":2,""113"":0,""263"":1,""303"":1,""383"":3,""181"":16,""182"":13,""66"":13013,""24"":0,""206"":26,""67"":4134,""68"":0,""13"":43,""17"":-60,""18"":75,""19"":112,""15"":0,""13201"":388,""241"":26801,""199"":0,""16"":203953,""12"":811,""449"":0,""636"":110589965,""11"":893510181,""238"":0,""14"":2540732448,""387"":""2b3431353532342e313833332d303038343030312e393030302b3030302e3137372f""}"
2026-07-18T23:37:55Z,862272088833183,Codec8E,2026-07-18 20:12:32.000 UTC,1784405552000,0,41.5524183,-8.4001900,177,0,10,0,239,"{""239"":1,""240"":1,""80"":1,""21"":5,""200"":0,""69"":2,""237"":2,""113"":0,""263"":1,""303"":1,""383"":3,""181"":14,""182"":11,""66"":14079,""24"":0,""206"":26,""67"":4135,""68"":0,""13"":43,""17"":-71,""18"":73,""19"":99,""15"":0,""13201"":388,""241"":26801,""199"":0,""16"":203953,""12"":811,""449"":0,""636"":110589965,""11"":893510181,""238"":0,""14"":2540732448,""387"":""2b3431353532342e313833332d303038343030312e393030302b3030302e3137372f""}"
2026-07-18T23:37:55Z,862272088833183,Codec8E,2026-07-18 20:12:38.000 UTC,1784405558000,0,41.5522033,-8.4003216,181,232,15,6,0,"{""239"":1,""240"":1,""80"":1,""21"":5,""200"":0,""69"":1,""237"":2,""113"":0,""263"":1,""303"":1,""383"":3,""181"":10,""182"":7,""66"":14153,""24"":6,""206"":26,""67"":4135,""68"":0,""13"":43,""17"":66,""18"":219,""19"":-7,""15"":0,""13201"":388,""241"":26801,""199"":0,""16"":203953,""12"":811,""449"":0,""636"":110590015,""11"":893510181,""238"":0,""14"":2540732448,""387"":""2b3431353532322e303333332d303038343030332e323136372b3030302e3138312f""}"
2026-07-18T23:37:55Z,862272088833183,Codec8E,2026-07-18 20:12:39.000 UTC,1784405559000,0,41.5521916,-8.4003783,182,256,15,8,0,"{""239"":1,""240"":1,""80"":1,""21"":5,""200"":0,""69"":1,""237"":2,""113"":0,""263"":1,""303"":1,""383"":3,""181"":11,""182"":7,""66"":14155,""24"":8,""206"":26,""67"":4134,""68"":0,""13"":43,""17"":57,""18"":-209,""19"":-81,""15"":1000,""13201"":389,""241"":26801,""199"":5,""16"":203958,""12"":811,""449"":0,""636"":110590015,""11"":893510181,""238"":0,""14"":2540732448,""387"":""2b3431353532312e393136372d303038343030332e373833332b3030302e3138322f""}"
2026-07-18T23:39:55Z,862272088833183,Codec8E,2026-07-18 20:12:42.000 UTC,1784405562000,0,41.5521116,-8.4004666,185,218,16,10,0,"{""239"":1,""240"":1,""80"":1,""21"":5,""200"":0,""69"":1,""237"":2,""113"":0,""263"":1,""303"":1,""383"":3,""181"":11,""182"":6,""66"":14186,""24"":10,""206"":26,""67"":4135,""68"":0,""13"":43,""17"":51,""18"":-221,""19"":-103,""15"":1000,""13201"":389,""241"":26801,""199"":19,""16"":203972,""12"":811,""449"":0,""636"":110590015,""11"":893510181,""238"":0,""14"":2540732448,""387"":""2b3431353532312e313136372d303038343030342e363636372b3030302e3138352f""}"
2026-07-18T23:39:55Z,862272088833183,Codec8E,2026-07-18 20:12:43.000 UTC,1784405563000,0,41.5520749,-8.4004599,185,174,17,10,0,"{""239"":1,""240"":1,""80"":1,""21"":5,""200"":0,""69"":1,""237"":2,""113"":0,""263"":1,""303"":1,""383"":3,""181"":10,""182"":6,""66"":14166,""24"":10,""206"":26,""67"":4136,""68"":0,""13"":43,""17"":72,""18"":-70,""19"":-147,""15"":1000,""13201"":389,""241"":26801,""199"":23,""16"":203976,""12"":811,""449"":0,""636"":110590015,""11"":893510181,""238"":0,""14"":2540732448,""387"":""2b3431353532302e373530302d303038343030342e363030302b3030302e3138352f""}"
2026-07-18T23:39:55Z,862272088833183,Codec8E,2026-07-18 20:12:44.000 UTC,1784405564000,0,41.5520533,-8.4004533,186,158,17,9,0,"{""239"":1,""240"":1,""80"":1,""21"":5,""200"":0,""69"":1,""237"":2,""113"":0,""263"":1,""303"":1,""383"":3,""181"":10,""182"":6,""66"":14102,""24"":9,""206"":26,""67"":4138,""68"":0,""13"":43,""17"":-31,""18"":0,""19"":-25,""15"":1000,""13201"":389,""241"":26801,""199"":23,""16"":203976,""12"":811,""449"":0,""636"":110590015,""11"":893510181,""238"":0,""14"":2540732448,""387"":""2b3431353532302e353333332d303038343030342e353333332b3030302e3138362f""}"
2026-07-18T23:39:55Z,862272088833183,Codec8E,2026-07-18 20:12:45.000 UTC,1784405565000,0,41.5520499,-8.4004366,186,99,16,7,0,"{""239"":1,""240"":1,""80"":1,""21"":5,""200"":0,""69"":1,""237"":2,""113"":0,""263"":1,""303"":1,""383"":3,""181"":9,""182"":6,""66"":13798,""24"":7,""206"":26,""67"":4140,""68"":28,""13"":43,""17"":-115,""18"":-99,""19"":233,""15"":1000,""13201"":390,""241"":26801,""199"":26,""16"":203979,""12"":811,""449"":0,""636"":110590015,""11"":893510181,""238"":0,""14"":2540732448,""387"":""2b3431353532302e353030302d303038343030342e333636372b3030302e3138362f""}"
2026-07-18T23:39:55Z,862272088833183,Codec8E,2026-07-18 20:12:47.000 UTC,1784405567000,0,41.5520550,-8.4004016,186,73,16,7,0,"{""239"":1,""240"":1,""80"":1,""21"":5,""200"":0,""69"":1,""237"":2,""113"":0,""263"":1,""303"":1,""383"":3,""181"":9,""182"":6,""66"":14161,""24"":7,""206"":26,""67"":4145,""68"":28,""13"":43,""17"":-89,""18"":-205,""19"":115,""15"":1000,""13201"":390,""241"":26801,""199"":29,""16"":203982,""12"":811,""449"":0,""636"":110590015,""11"":893510181,""238"":0,""14"":2540732448,""387"":""2b3431353532302e353530302d303038343030342e303136372b3030302e3138362f""}"
2026-07-18T23:39:56Z,862272088833183,Codec8E,2026-07-18 20:12:48.000 UTC,1784405568000,0,41.5520683,-8.4003649,186,55,16,9,0,"{""239"":1,""240"":1,""80"":1,""21"":5,""200"":0,""69"":1,""237"":2,""113"":100,""263"":1,""303"":1,""383"":3,""181"":10,""182"":6,""66"":14189,""24"":9,""206"":26,""67"":4145,""68"":28,""13"":43,""17"":-85,""18"":-18,""19"":179,""15"":1000,""13201"":390,""241"":26801,""199"":33,""16"":203986,""12"":811,""449"":0,""636"":110590015,""11"":893510181,""238"":0,""14"":2540732448,""387"":""2b3431353532302e363833332d303038343030332e363530302b3030302e3138362f""}"
2026-07-18T23:39:56Z,862272088833183,Codec8E,2026-07-18 20:12:49.000 UTC,1784405569000,0,41.5521016,-8.4003200,186,43,16,11,0,"{""239"":1,""240"":1,""80"":1,""21"":5,""200"":0,""69"":1,""237"":2,""113"":100,""263"":1,""303"":1,""383"":3,""181"":9,""182"":6,""66"":14176,""24"":11,""206"":26,""67"":4145,""68"":28,""13"":43,""17"":58,""18"":-76,""19"":64,""15"":1000,""13201"":390,""241"":26801,""199"":38,""16"":203991,""12"":811,""449"":0,""636"":110590015,""11"":893510181,""238"":0,""14"":2540732448,""387"":""2b3431353532312e303136372d303038343030332e323030302b3030302e3138362f""}"
2026-07-18T23:39:56Z,862272088833183,Codec8E,2026-07-18 20:12:52.000 UTC,1784405572000,0,41.5522700,-8.4001266,186,36,15,22,0,"{""239"":1,""240"":1,""80"":1,""21"":5,""200"":0,""69"":1,""237"":2,""113"":100,""263"":1,""303"":1,""383"":3,""181"":10,""182"":7,""66"":14195,""24"":22,""206"":26,""67"":4145,""68"":28,""13"":43,""17"":-134,""18"":65,""19"":214,""15"":1000,""13201"":391,""241"":26801,""199"":63,""16"":204016,""12"":811,""449"":0,""636"":110344253,""11"":893510181,""238"":0,""14"":2540732448,""387"":""2b3431353532322e373030302d303038343030312e323636372b3030302e3138362f""}"
2026-07-18T23:39:56Z,862272088833183,Codec8E,2026-07-18 20:12:55.000 UTC,1784405575000,0,41.5524916,-8.3998599,186,44,16,32,0,"{""239"":1,""240"":1,""80"":1,""21"":5,""200"":0,""69"":1,""237"":2,""113"":100,""263"":1,""303"":1,""383"":3,""30"":0,""31"":19,""32"":52,""33"":0,""35"":109,""37"":33,""38"":238,""39"":45,""181"":9,""182"":6,""66"":14174,""24"":32,""206"":26,""67"":4145,""68"":27,""13"":43,""17"":21,""18"":67,""19"":183,""15"":1000,""13201"":391,""36"":3060,""40"":286,""43"":0,""241"":26801,""199"":96,""16"":204049,""12"":811,""449"":0,""636"":110344253,""389"":0,""11"":893510181,""238"":0,""14"":2540732448,""387"":""2b3431353532342e393136372d303038333939382e363030302b3030302e3138362f""}"
2026-07-18T23:39:56Z,862272088833183,Codec8E,2026-07-18 20:12:58.000 UTC,1784405578000,0,41.5527166,-8.3994749,186,56,15,42,0,"{""239"":1,""240"":1,""80"":1,""21"":5,""200"":0,""69"":1,""237"":2,""113"":100,""263"":1,""303"":1,""383"":3,""30"":0,""31"":19,""32"":52,""33"":0,""35"":109,""37"":33,""38"":238,""39"":45,""181"":11,""182"":6,""66"":14208,""24"":42,""206"":26,""67"":4145,""68"":27,""13"":43,""17"":-63,""18"":152,""19"":84,""15"":1000,""13201"":391,""36"":3060,""40"":286,""43"":0,""241"":26801,""199"":136,""16"":204089,""12"":811,""449"":0,""636"":110344253,""389"":0,""11"":893510181,""238"":0,""14"":2540732448,""387"":""2b3431353532372e313636372d303038333939342e373530302b3030302e3138362f""}"
2026-07-18T23:39:57Z,862272088833183,Codec8E,2026-07-18 20:13:01.000 UTC,1784405581000,0,41.5529083,-8.3990033,185,67,15,49,0,"{""239"":1,""240"":1,""80"":1,""21"":5,""200"":0,""69"":1,""237"":2,""113"":100,""263"":1,""303"":1,""383"":3,""30"":0,""31"":49,""32"":52,""33"":0,""35"":114,""37"":49,""38"":221,""39"":43,""181"":9,""182"":6,""66"":14209,""24"":49,""206"":26,""67"":4146,""68"":26,""13"":43,""17"":15,""18"":154,""19"":134,""15"":1000,""13201"":391,""36"":3171,""40"":597,""43"":0,""241"":26801,""199"":181,""16"":204134,""12"":811,""449"":0,""636"":110344253,""389"":0,""11"":893510181,""238"":0,""14"":2540732448,""387"":""2b3431353532392e303833332d303038333939302e303333332b3030302e3138352f""}"
2026-07-18T23:39:57Z,862272088833183,Codec8E,2026-07-18 20:13:01.010 UTC,1784405581010,0,41.5529583,-8.3988250,186,73,17,52,255,"{""239"":1,""240"":1,""80"":1,""21"":5,""200"":0,""69"":1,""237"":2,""113"":100,""263"":1,""303"":1,""383"":3,""30"":0,""31"":49,""32"":52,""33"":0,""35"":114,""37"":49,""38"":221,""39"":43,""255"":52,""181"":9,""182"":6,""66"":14200,""24"":52,""206"":26,""67"":4146,""68"":27,""13"":43,""17"":100,""18"":107,""19"":139,""15"":1000,""13201"":391,""36"":3171,""40"":597,""43"":0,""241"":26801,""199"":197,""16"":204150,""12"":811,""449"":0,""636"":110344253,""389"":0,""11"":893510181,""238"":0,""14"":2540732448,""387"":""2b3431353532392e353833332d303038333938382e323530302b3030302e3138362f""}"
2026-07-18T23:39:57Z,862272088833183,Codec8E,2026-07-18 20:13:05.000 UTC,1784405585000,0,41.5530516,-8.3981950,185,83,17,59,0,"{""239"":1,""240"":1,""80"":1,""21"":5,""200"":0,""69"":1,""237"":2,""113"":100,""263"":1,""303"":1,""383"":3,""30"":0,""31"":53,""32"":53,""33"":249,""35"":124,""37"":57,""38"":240,""39"":43,""181"":9,""182"":6,""66"":14209,""24"":59,""206"":26,""67"":4149,""68"":26,""13"":43,""17"":54,""18"":59,""19"":118,""15"":1000,""13201"":392,""36"":2855,""40"":2111,""43"":0,""241"":26801,""199"":250,""16"":204203,""12"":811,""449"":0,""636"":110344253,""389"":0,""11"":893510181,""238"":0,""14"":2540732448,""387"":""2b3431353533302e353136372d303038333938312e393530302b3030302e3138352f""}"
2026-07-18T23:39:57Z,862272088833183,Codec8E,2026-07-18 20:13:11.000 UTC,1784405591000,0,41.5531200,-8.3968699,188,87,12,65,0,"{""239"":1,""240"":1,""80"":1,""21"":5,""200"":0,""69"":1,""237"":2,""113"":100,""263"":1,""303"":1,""383"":3,""30"":0,""31"":46,""32"":53,""33"":254,""35"":80,""37"":63,""38"":241,""39"":43,""181"":15,""182"":9,""66"":14200,""24"":65,""206"":26,""67"":4149,""68"":25,""13"":43,""17"":9,""18"":-27,""19"":91,""15"":1000,""13201"":391,""36"":2307,""40"":1655,""43"":0,""241"":26801,""199"":361,""16"":204314,""12"":811,""449"":0,""636"":110344253,""389"":0,""11"":893510181,""238"":0,""14"":2540732448,""387"":""2b3431353533312e323030302d303038333936382e373030302b3030302e3138382f""}"
2026-07-18T23:39:57Z,862272088833183,Codec8E,2026-07-18 20:13:17.000 UTC,1784405597000,0,41.5531433,-8.3955600,193,91,15,64,0,"{""239"":1,""240"":1,""80"":1,""21"":5,""200"":0,""69"":1,""237"":2,""113"":100,""263"":1,""303"":1,""383"":3,""30"":0,""31"":38,""32"":54,""33"":249,""35"":17,""37"":62,""38"":228,""39"":43,""181"":10,""182"":7,""66"":14180,""24"":64,""206"":26,""67"":4149,""68"":25,""13"":43,""17"":2,""18"":406,""19"":-66,""15"":1000,""13201"":392,""36"":2296,""40"":105,""43"":0,""241"":26801,""199"":470,""16"":204423,""12"":811,""449"":0,""636"":110344253,""389"":0,""11"":893510181,""238"":0,""14"":2540732448,""387"":""2b3431353533312e343333332d303038333935352e363030302b3030302e3139332f""}"
2026-07-18T23:39:57Z,862272088833183,Codec8E,2026-07-18 20:13:19.000 UTC,1784405599000,0,41.5530933,-8.3952883,195,103,16,56,0,"{""239"":1,""240"":1,""80"":1,""21"":5,""200"":0,""69"":1,""237"":2,""113"":100,""263"":1,""303"":1,""383"":3,""30"":0,""31"":38,""32"":54,""33"":249,""35"":17,""37"":62,""38"":228,""39"":43,""181"":9,""182"":6,""66"":14180,""24"":56,""206"":26,""67"":4149,""68"":25,""13"":43,""17"":53,""18"":-206,""19"":-78,""15"":1000,""13201"":392,""36"":2296,""40"":105,""43"":0,""241"":26801,""199"":493,""16"":204446,""12"":811,""449"":0,""636"":110344253,""389"":0,""11"":893510181,""238"":0,""14"":2540732448,""387"":""2b3431353533302e393333332d303038333935322e383833332b3030302e3139352f""}"
2026-07-18T23:39:57Z,862272088833183,Codec8E,2026-07-18 20:13:20.000 UTC,1784405600000,0,41.5530366,-8.3951633,197,91,16,43,255,"{""239"":1,""240"":1,""80"":1,""21"":5,""200"":0,""69"":1,""237"":2,""113"":100,""263"":1,""303"":1,""383"":3,""30"":0,""31"":38,""32"":54,""33"":249,""35"":17,""37"":62,""38"":228,""39"":43,""255"":43,""181"":9,""182"":6,""66"":14182,""24"":43,""206"":26,""67"":4149,""68"":25,""13"":43,""17"":50,""18"":-371,""19"":-33,""15"":1000,""13201"":392,""36"":2296,""40"":105,""43"":0,""241"":26801,""199"":506,""16"":204459,""12"":811,""449"":0,""636"":110590015,""389"":0,""11"":893510181,""238"":0,""14"":2540732448,""387"":""2b3431353533302e333636372d303038333935312e363333332b3030302e3139372f""}"
2026-07-18T23:39:57Z,862272088833183,Codec8E,2026-07-18 20:13:21.000 UTC,1784405601000,0,41.5530549,-8.3951033,197,65,16,38,253,"{""239"":1,""240"":1,""80"":1,""21"":5,""200"":0,""69"":1,""237"":2,""113"":100,""263"":1,""303"":1,""383"":3,""30"":0,""31"":8,""32"":55,""33"":0,""35"":38,""37"":30,""38"":246,""39"":45,""253"":3,""254"":39,""181"":10,""182"":6,""66"":14200,""24"":38,""206"":26,""67"":4149,""68"":25,""13"":43,""17"":-16,""18"":-326,""19"":-10,""15"":1000,""13201"":392,""36"":931,""40"":308,""43"":0,""241"":26801,""199"":511,""16"":204464,""12"":811,""449"":0,""636"":110590015,""389"":0,""11"":893510181,""238"":0,""14"":2540732448,""387"":""2b3431353533302e353530302d303038333935312e303333332b3030302e3139372f""}"
2026-07-18T23:39:58Z,862272088833183,Codec8E,2026-07-18 20:13:22.000 UTC,1784405602000,0,41.5530900,-8.3950483,198,42,16,34,253,"{""239"":1,""240"":1,""80"":1,""21"":5,""200"":0,""69"":1,""237"":2,""113"":100,""263"":1,""303"":1,""383"":3,""30"":0,""31"":8,""32"":55,""33"":0,""35"":38,""37"":30,""38"":246,""39"":45,""253"":3,""254"":35,""181"":10,""182"":6,""66"":14236,""24"":34,""206"":26,""67"":4149,""68"":24,""13"":43,""17"":-46,""18"":-297,""19"":87,""15"":1000,""13201"":392,""36"":931,""40"":308,""43"":0,""241"":26801,""199"":517,""16"":204470,""12"":811,""449"":0,""636"":110590015,""389"":0,""11"":893510181,""238"":0,""14"":2540732448,""387"":""2b3431353533302e393030302d303038333935302e343833332b3030302e3139382f""}"
2026-07-18T23:39:58Z,862272088833183,Codec8E,2026-07-18 20:13:23.000 UTC,1784405603000,0,41.5531416,-8.3950283,199,20,17,32,253,"{""239"":1,""240"":1,""80"":1,""21"":4,""200"":0,""69"":1,""237"":2,""113"":100,""263"":1,""303"":1,""383"":3,""30"":0,""31"":8,""32"":55,""33"":0,""35"":38,""37"":30,""38"":246,""39"":45,""253"":3,""254"":33,""181"":9,""182"":7,""66"":14202,""24"":32,""206"":26,""67"":4149,""68"":24,""13"":43,""17"":-39,""18"":-126,""19"":217,""15"":1000,""13201"":392,""36"":931,""40"":308,""43"":0,""241"":26801,""199"":523,""16"":204476,""12"":811,""449"":0,""636"":110590015,""389"":0,""11"":893510181,""238"":0,""14"":2540732448,""387"":""2b3431353533312e343136372d303038333935302e323833332b3030302e3139392f""}"
2026-07-18T23:39:58Z,862272088833183,Codec8E,2026-07-18 20:13:25.000 UTC,1784405605000,0,41.5532116,-8.3950266,199,5,14,31,0,"{""239"":1,""240"":1,""80"":1,""21"":4,""200"":0,""69"":1,""237"":2,""113"":100,""263"":1,""303"":1,""383"":3,""30"":0,""31"":8,""32"":55,""33"":0,""35"":38,""37"":30,""38"":246,""39"":45,""181"":10,""182"":7,""66"":14210,""24"":31,""206"":26,""67"":4149,""68"":24,""13"":43,""17"":22,""18"":164,""19"":136,""15"":1000,""13201"":393,""36"":931,""40"":308,""43"":0,""241"":26801,""199"":531,""16"":204484,""12"":811,""449"":0,""636"":110590015,""389"":0,""11"":893510181,""238"":0,""14"":2540732448,""387"":""2b3431353533322e313136372d303038333935302e323636372b3030302e3139392f""}"
2026-07-18T23:39:58Z,862272088833183,Codec8E,2026-07-18 20:13:30.000 UTC,1784405610000,0,41.5537633,-8.3950133,203,2,16,43,0,"{""239"":1,""240"":1,""80"":1,""21"":4,""200"":0,""69"":1,""237"":2,""113"":100,""263"":1,""303"":1,""383"":3,""30"":0,""31"":18,""32"":55,""33"":3,""35"":98,""37"":28,""38"":241,""39"":44,""181"":9,""182"":6,""66"":14218,""24"":43,""206"":26,""67"":4149,""68"":24,""13"":43,""17"":27,""18"":45,""19"":-38,""15"":1000,""13201"":393,""36"":1887,""40"":1436,""43"":0,""241"":26801,""199"":592,""16"":204545,""12"":811,""449"":0,""636"":110590015,""389"":0,""11"":893510181,""238"":0,""14"":2540732448,""387"":""2b3431353533372e363333332d303038333935302e313333332b3030302e3230332f""}"
2026-07-18T23:39:58Z,862272088833183,Codec8E,2026-07-18 20:13:36.000 UTC,1784405616000,0,41.5543533,-8.3949083,205,16,16,35,0,"{""239"":1,""240"":1,""80"":1,""21"":4,""200"":0,""69"":1,""237"":2,""113"":100,""263"":1,""303"":1,""383"":3,""30"":0,""31"":5,""32"":55,""33"":0,""35"":18,""37"":37,""38"":236,""39"":45,""181"":9,""182"":6,""66"":14006,""24"":35,""206"":26,""67"":4149,""68"":23,""13"":43,""17"":60,""18"":246,""19"":-119,""15"":1000,""13201"":394,""36"":1800,""40"":108,""43"":0,""241"":26801,""199"":659,""16"":204612,""12"":811,""449"":0,""636"":110590015,""389"":0,""11"":893510181,""238"":0,""14"":2540732448,""387"":""2b3431353534332e353333332d303038333934392e303833332b3030302e3230352f""}"
2026-07-18T23:39:58Z,862272088833183,Codec8E,2026-07-18 20:13:36.010 UTC,1784405616010,0,41.5543866,-8.3948500,205,35,14,31,253,"{""239"":1,""240"":1,""80"":1,""21"":4,""200"":0,""69"":1,""237"":2,""113"":100,""263"":1,""303"":1,""383"":3,""30"":0,""31"":5,""32"":55,""33"":0,""35"":18,""37"":37,""38"":236,""39"":45,""253"":3,""254"":36,""181"":10,""182"":6,""66"":14198,""24"":31,""206"":26,""67"":4149,""68"":23,""13"":43,""17"":60,""18"":233,""19"":-16,""15"":1000,""13201"":393,""36"":1800,""40"":108,""43"":0,""241"":26801,""199"":665,""16"":204618,""12"":811,""449"":0,""636"":110590015,""389"":0,""11"":893510181,""238"":0,""14"":2540732448,""387"":""2b3431353534332e383636372d303038333934382e353030302b3030302e3230352f""}"
2026-07-18T23:39:58Z,862272088833183,Codec8E,2026-07-18 20:13:38.000 UTC,1784405618000,0,41.5544033,-8.3947600,205,54,14,29,0,"{""239"":1,""240"":1,""80"":1,""21"":4,""200"":0,""69"":1,""237"":2,""113"":100,""263"":1,""303"":1,""383"":3,""30"":0,""31"":5,""32"":55,""33"":0,""35"":18,""37"":37,""38"":236,""39"":45,""181"":10,""182"":7,""66"":14180,""24"":29,""206"":26,""67"":4149,""68"":23,""13"":43,""17"":-55,""18"":111,""19"":66,""15"":1000,""13201"":393,""36"":1800,""40"":108,""43"":0,""241"":26801,""199"":673,""16"":204626,""12"":811,""449"":0,""636"":110590015,""389"":0,""11"":893510181,""238"":0,""14"":2540732448,""387"":""2b3431353534342e303333332d303038333934372e363030302b3030302e3230352f""}"
2026-07-18T23:39:58Z,862272088833183,Codec8E,2026-07-18 20:13:39.000 UTC,1784405619000,0,41.5543983,-8.3946499,205,77,16,27,0,"{""239"":1,""240"":1,""80"":1,""21"":4,""200"":0,""69"":1,""237"":2,""113"":100,""263"":1,""303"":1,""383"":3,""30"":0,""31"":5,""32"":55,""33"":0,""35"":18,""37"":37,""38"":236,""39"":45,""181"":9,""182"":6,""66"":14225,""24"":27,""206"":26,""67"":4149,""68"":23,""13"":43,""17"":-18,""18"":228,""19"":6,""15"":1000,""13201"":393,""36"":1800,""40"":108,""43"":0,""241"":26801,""199"":682,""16"":204635,""12"":811,""449"":0,""636"":110590015,""389"":0,""11"":893510181,""238"":0,""14"":2540732448,""387"":""2b3431353534332e393833332d303038333934362e353030302b3030302e3230352f""}"
2026-07-18T23:41:56Z,862272088833183,Codec8E,2026-07-18 20:13:41.000 UTC,1784405621000,0,41.5543566,-8.3944983,204,107,15,24,0,"{""239"":1,""240"":1,""80"":1,""21"":4,""200"":0,""69"":1,""237"":2,""113"":100,""263"":1,""303"":1,""383"":3,""30"":0,""31"":11,""32"":55,""33"":4,""35"":35,""37"":22,""38"":245,""39"":45,""181"":9,""182"":7,""66"":14187,""24"":24,""206"":26,""67"":4149,""68"":23,""13"":43,""17"":-15,""18"":440,""19"":80,""15"":1000,""13201"":394,""36"":1578,""40"":427,""43"":0,""241"":26801,""199"":696,""16"":204649,""12"":811,""449"":0,""636"":110590015,""389"":0,""11"":893510181,""238"":0,""14"":2540732448,""387"":""2b3431353534332e353636372d303038333934342e393833332b3030302e3230342f""}"
2026-07-18T23:41:56Z,862272088833183,Codec8E,2026-07-18 20:13:42.000 UTC,1784405622000,0,41.5543149,-8.3944516,204,126,16,22,0,"{""239"":1,""240"":1,""80"":1,""21"":4,""200"":0,""69"":1,""237"":2,""113"":100,""263"":1,""303"":1,""383"":3,""30"":0,""31"":11,""32"":55,""33"":4,""35"":35,""37"":22,""38"":245,""39"":45,""181"":9,""182"":6,""66"":14204,""24"":22,""206"":26,""67"":4149,""68"":23,""13"":43,""17"":-58,""18"":264,""19"":75,""15"":1000,""13201"":394,""36"":1578,""40"":427,""43"":0,""241"":26801,""199"":702,""16"":204655,""12"":811,""449"":0,""636"":110590015,""389"":0,""11"":893510181,""238"":0,""14"":2540732448,""387"":""2b3431353534332e313530302d303038333934342e353136372b3030302e3230342f""}"
2026-07-18T23:41:56Z,862272088833183,Codec8E,2026-07-18 20:13:43.000 UTC,1784405623000,0,41.5542616,-8.3944283,204,145,15,21,0,"{""239"":1,""240"":1,""80"":1,""21"":4,""200"":0,""69"":1,""237"":2,""113"":100,""263"":1,""303"":1,""383"":3,""30"":0,""31"":11,""32"":55,""33"":4,""35"":35,""37"":22,""38"":245,""39"":45,""181"":11,""182"":7,""66"":14215,""24"":21,""206"":26,""67"":4149,""68"":23,""13"":43,""17"":57,""18"":-71,""19"":71,""15"":1000,""13201"":394,""36"":1578,""40"":427,""43"":0,""241"":26801,""199"":708,""16"":204661,""12"":811,""449"":0,""636"":110590015,""389"":0,""11"":893510181,""238"":0,""14"":2540732448,""387"":""2b3431353534322e363136372d303038333934342e323833332b3030302e3230342f""}"
2026-07-18T23:41:56Z,862272088833183,Codec8E,2026-07-18 20:13:44.000 UTC,1784405624000,0,41.5541783,-8.3944516,204,177,15,21,0,"{""239"":1,""240"":1,""80"":1,""21"":4,""200"":0,""69"":1,""237"":2,""113"":100,""263"":1,""303"":1,""383"":3,""30"":0,""31"":27,""32"":55,""33"":3,""35"":101,""37"":22,""38"":246,""39"":43,""181"":10,""182"":6,""66"":14197,""24"":21,""206"":26,""67"":4149,""68"":23,""13"":43,""17"":54,""18"":38,""19"":239,""15"":1000,""13201"":394,""36"":1466,""40"":186,""43"":0,""241"":26801,""199"":717,""16"":204670,""12"":811,""449"":0,""636"":110590015,""389"":0,""11"":893510181,""238"":0,""14"":2540732448,""387"":""2b3431353534312e373833332d303038333934342e353136372b3030302e3230342f""}"
2026-07-18T23:41:56Z,862272088833183,Codec8E,2026-07-18 20:13:45.000 UTC,1784405625000,0,41.5541000,-8.3944900,204,188,15,22,0,"{""239"":1,""240"":1,""80"":1,""21"":4,""200"":0,""69"":1,""237"":2,""113"":100,""263"":1,""303"":1,""383"":3,""30"":0,""31"":27,""32"":55,""33"":3,""35"":101,""37"":22,""38"":246,""39"":43,""181"":11,""182"":7,""66"":14230,""24"":22,""206"":26,""67"":4149,""68"":23,""13"":43,""17"":248,""18"":276,""19"":313,""15"":1000,""13201"":394,""36"":1466,""40"":186,""43"":0,""241"":26801,""199"":727,""16"":204680,""12"":811,""449"":0,""636"":110590015,""389"":0,""11"":893510181,""238"":0,""14"":2540732448,""387"":""2b3431353534312e303030302d303038333934342e393030302b3030302e3230342f""}"
2026-07-18T23:41:56Z,862272088833183,Codec8E,2026-07-18 20:13:52.000 UTC,1784405632000,0,41.5535199,-8.3945749,204,173,14,29,0,"{""239"":1,""240"":1,""80"":1,""21"":4,""200"":0,""69"":1,""237"":2,""113"":100,""263"":1,""303"":1,""383"":3,""30"":0,""31"":49,""32"":56,""33"":254,""35"":117,""37"":31,""38"":243,""39"":42,""181"":11,""182"":7,""66"":14225,""24"":29,""206"":26,""67"":4149,""68"":22,""13"":43,""17"":138,""18"":40,""19"":173,""15"":1000,""13201"":394,""36"":2010,""40"":1361,""43"":0,""241"":26801,""199"":792,""16"":204745,""12"":811,""449"":0,""636"":110590015,""389"":0,""11"":893510181,""238"":0,""14"":2540732448,""387"":""2b3431353533352e323030302d303038333934352e373530302b3030302e3230342f""}"
2026-07-18T23:41:56Z,862272088833183,Codec8E,2026-07-18 20:13:53.000 UTC,1784405633000,0,41.5534616,-8.3945583,205,161,14,27,0,"{""239"":1,""240"":1,""80"":1,""21"":4,""200"":0,""69"":1,""237"":2,""113"":100,""263"":1,""303"":1,""383"":3,""30"":0,""31"":5,""32"":56,""33"":0,""35"":18,""37"":21,""38"":3,""39"":43,""181"":10,""182"":7,""66"":14168,""24"":27,""206"":26,""67"":4149,""68"":22,""13"":43,""17"":127,""18"":-88,""19"":46,""15"":1000,""13201"":394,""36"":1579,""40"":197,""43"":0,""241"":26801,""199"":798,""16"":204751,""12"":811,""449"":0,""636"":110590015,""389"":0,""11"":893510181,""238"":0,""14"":2540732448,""387"":""2b3431353533342e363136372d303038333934352e353833332b3030302e3230352f""}"
2026-07-18T23:41:56Z,862272088833183,Codec8E,2026-07-18 20:13:54.000 UTC,1784405634000,0,41.5534416,-8.3945016,206,137,15,24,0,"{""239"":1,""240"":1,""80"":1,""21"":4,""200"":0,""69"":1,""237"":2,""113"":100,""263"":1,""303"":1,""383"":3,""30"":0,""31"":5,""32"":56,""33"":0,""35"":18,""37"":21,""38"":3,""39"":43,""181"":10,""182"":7,""66"":14220,""24"":24,""206"":26,""67"":4149,""68"":22,""13"":43,""17"":-48,""18"":29,""19"":179,""15"":1000,""13201"":394,""36"":1579,""40"":197,""43"":0,""241"":26801,""199"":804,""16"":204757,""12"":811,""449"":0,""636"":110590015,""389"":0,""11"":893510181,""238"":0,""14"":2540732448,""387"":""2b3431353533342e343136372d303038333934352e303136372b3030302e3230362f""}"
2026-07-18T23:41:57Z,862272088833183,Codec8E,2026-07-18 20:13:55.000 UTC,1784405635000,0,41.5534283,-8.3944483,206,122,15,22,0,"{""239"":1,""240"":1,""80"":1,""21"":4,""200"":0,""69"":1,""237"":2,""113"":100,""263"":1,""303"":1,""383"":3,""30"":0,""31"":5,""32"":56,""33"":0,""35"":18,""37"":21,""38"":3,""39"":43,""181"":10,""182"":7,""66"":14192,""24"":22,""206"":26,""67"":4149,""68"":22,""13"":43,""17"":60,""18"":117,""19"":229,""15"":1000,""13201"":394,""36"":1579,""40"":197,""43"":0,""241"":26801,""199"":808,""16"":204761,""12"":811,""449"":0,""636"":110590015,""389"":0,""11"":893510181,""238"":0,""14"":2540732448,""387"":""2b3431353533342e323833332d303038333934342e343833332b3030302e3230362f""}"
2026-07-18T23:41:57Z,862272088833183,Codec8E,2026-07-18 20:13:57.000 UTC,1784405637000,0,41.5534066,-8.3943400,208,111,16,19,0,"{""239"":1,""240"":1,""80"":1,""21"":4,""200"":0,""69"":1,""237"":2,""113"":100,""263"":1,""303"":1,""383"":3,""30"":0,""31"":5,""32"":56,""33"":0,""35"":18,""37"":21,""38"":3,""39"":43,""181"":11,""182"":6,""66"":14210,""24"":19,""206"":26,""67"":4149,""68"":22,""13"":43,""17"":-73,""18"":49,""19"":280,""15"":1000,""13201"":394,""36"":1579,""40"":197,""43"":0,""241"":26801,""199"":818,""16"":204771,""12"":811,""449"":0,""636"":110590015,""389"":0,""11"":893510181,""238"":0,""14"":2540732448,""387"":""2b3431353533342e303636372d303038333934332e343030302b3030302e3230382f""}"
2026-07-18T23:41:57Z,862272088833183,Codec8E,2026-07-18 20:13:59.000 UTC,1784405639000,0,41.5533699,-8.3942316,209,122,15,19,0,"{""239"":1,""240"":1,""80"":1,""21"":4,""200"":0,""69"":1,""237"":2,""113"":100,""263"":1,""303"":1,""383"":3,""30"":0,""31"":10,""32"":56,""33"":254,""35"":99,""37"":14,""38"":247,""39"":43,""181"":10,""182"":6,""66"":14213,""24"":19,""206"":26,""67"":4149,""68"":22,""13"":43,""17"":70,""18"":311,""19"":341,""15"":1000,""13201"":394,""36"":1349,""40"":980,""43"":0,""241"":26801,""199"":828,""16"":204781,""12"":811,""449"":0,""636"":110590015,""389"":0,""11"":893510181,""238"":0,""14"":2540732448,""387"":""2b3431353533332e373030302d303038333934322e333136372b3030302e3230392f""}"
2026-07-18T23:41:57Z,862272088833183,Codec8E,2026-07-18 20:14:00.000 UTC,1784405640000,0,41.5533366,-8.3941766,209,133,16,19,0,"{""239"":1,""240"":1,""80"":1,""21"":4,""200"":0,""69"":1,""237"":2,""113"":100,""263"":1,""303"":1,""383"":3,""30"":0,""31"":10,""32"":56,""33"":254,""35"":99,""37"":14,""38"":247,""39"":43,""181"":11,""182"":6,""66"":14168,""24"":19,""206"":26,""67"":4150,""68"":21,""13"":43,""17"":407,""18"":107,""19"":352,""15"":1000,""13201"":394,""36"":1349,""40"":980,""43"":0,""241"":26801,""199"":833,""16"":204786,""12"":811,""449"":0,""636"":110590015,""389"":0,""11"":893510181,""238"":0,""14"":2540732448,""387"":""2b3431353533332e333636372d303038333934312e373636372b3030302e3230392f""}"
2026-07-18T23:41:58Z,862272088833183,Codec8E,2026-07-18 20:14:01.000 UTC,1784405641000,0,41.5532966,-8.3941283,209,143,15,20,0,"{""239"":1,""240"":1,""80"":1,""21"":4,""200"":0,""69"":1,""237"":2,""113"":100,""263"":1,""303"":1,""383"":3,""30"":0,""31"":10,""32"":56,""33"":254,""35"":99,""37"":14,""38"":247,""39"":43,""181"":9,""182"":6,""66"":14184,""24"":20,""206"":26,""67"":4149,""68"":21,""13"":43,""17"":268,""18"":146,""19"":-23,""15"":1000,""13201"":394,""36"":1349,""40"":980,""43"":0,""241"":26801,""199"":839,""16"":204792,""12"":811,""449"":0,""636"":110590015,""389"":0,""11"":893510181,""238"":0,""14"":2540732448,""387"":""2b3431353533322e393636372d303038333934312e323833332b3030302e3230392f""}"
2026-07-18T23:41:58Z,862272088833183,Codec8E,2026-07-18 20:14:03.000 UTC,1784405643000,0,41.5532116,-8.3940533,210,154,16,19,0,"{""239"":1,""240"":1,""80"":1,""21"":4,""200"":0,""69"":1,""237"":2,""113"":100,""263"":1,""303"":1,""383"":3,""30"":0,""31"":52,""32"":56,""33"":252,""35"":100,""37"":24,""38"":229,""39"":41,""181"":9,""182"":6,""66"":14211,""24"":19,""206"":26,""67"":4149,""68"":21,""13"":43,""17"":171,""18"":98,""19"":216,""15"":1000,""13201"":394,""36"":2170,""40"":230,""43"":0,""241"":26801,""199"":851,""16"":204804,""12"":811,""449"":0,""636"":110590015,""389"":0,""11"":893510181,""238"":0,""14"":2540732448,""387"":""2b3431353533322e313136372d303038333934302e353333332b3030302e3231302f""}"
2026-07-18T23:41:58Z,862272088833183,Codec8E,2026-07-18 20:14:07.000 UTC,1784405647000,0,41.5531016,-8.3939849,212,143,14,12,0,"{""239"":1,""240"":1,""80"":1,""21"":4,""200"":0,""69"":1,""237"":2,""113"":100,""263"":1,""303"":1,""383"":3,""30"":0,""31"":10,""32"":56,""33"":253,""35"":40,""37"":10,""38"":243,""39"":43,""181"":13,""182"":8,""66"":13588,""24"":12,""206"":26,""67"":4147,""68"":2,""13"":43,""17"":-131,""18"":-6,""19"":121,""15"":1000,""13201"":395,""36"":1062,""40"":108,""43"":0,""241"":26801,""199"":864,""16"":204817,""12"":811,""449"":0,""636"":110590015,""389"":0,""11"":893510181,""238"":0,""14"":2540732448,""387"":""2b3431353533312e303136372d303038333933392e383530302b3030302e3231322f""}"
2026-07-18T23:41:58Z,862272088833183,Codec8E,2026-07-18 20:14:12.000 UTC,1784405652000,0,41.5530950,-8.3939733,211,143,13,2,0,"{""239"":1,""240"":1,""80"":1,""21"":4,""200"":0,""69"":1,""237"":2,""113"":100,""263"":1,""303"":1,""383"":3,""30"":0,""31"":11,""32"":57,""33"":0,""35"":34,""37"":0,""38"":250,""39"":44,""181"":11,""182"":8,""66"":14164,""24"":2,""206"":26,""67"":4145,""68"":0,""13"":43,""17"":-94,""18"":1,""19"":69,""15"":1000,""13201"":395,""36"":916,""40"":152,""43"":0,""241"":26801,""199"":864,""16"":204817,""12"":811,""449"":0,""636"":110590015,""389"":0,""11"":893510181,""238"":0,""14"":2540732448,""387"":""2b3431353533302e393530302d303038333933392e373333332b3030302e3231312f""}"
2026-07-18T23:41:59Z,862272088833183,Codec8E,2026-07-18 20:14:13.000 UTC,1784405653000,0,41.5530950,-8.3939733,211,143,12,1,303,"{""239"":1,""240"":1,""80"":1,""21"":4,""200"":0,""69"":1,""237"":2,""113"":100,""263"":1,""303"":0,""383"":3,""30"":0,""31"":11,""32"":57,""33"":0,""35"":34,""37"":0,""38"":250,""39"":44,""181"":12,""182"":9,""66"":14186,""24"":1,""206"":26,""67"":4145,""68"":0,""13"":43,""17"":-96,""18"":11,""19"":64,""15"":1000,""13201"":395,""36"":916,""40"":152,""43"":0,""241"":26801,""199"":864,""16"":204817,""12"":811,""449"":0,""636"":110590015,""389"":0,""11"":893510181,""238"":0,""14"":2540732448,""387"":""2b3431353533302e393530302d303038333933392e373333332b3030302e3231312f""}"
2026-07-18T23:41:59Z,862272088833183,Codec8E,2026-07-18 20:14:26.000 UTC,1784405666000,0,41.5530950,-8.3939733,211,143,11,0,303,"{""239"":1,""240"":1,""80"":1,""21"":5,""200"":0,""69"":1,""237"":2,""113"":100,""263"":1,""303"":1,""383"":3,""30"":0,""31"":13,""32"":58,""33"":6,""35"":38,""37"":0,""38"":0,""39"":45,""181"":13,""182"":11,""66"":14209,""24"":0,""206"":26,""67"":4145,""68"":0,""13"":43,""17"":-167,""18"":-12,""19"":196,""15"":1000,""13201"":396,""36"":987,""40"":172,""43"":0,""241"":26801,""199"":864,""16"":204817,""12"":814,""449"":0,""636"":110590015,""389"":0,""11"":893510181,""238"":0,""14"":2540732448,""387"":""2b3431353533302e393530302d303038333933392e373333332b3030302e3231312f""}"
2026-07-18T23:41:59Z,862272088833183,Codec8E,2026-07-18 20:14:31.000 UTC,1784405671000,0,41.5530466,-8.3938833,211,119,13,6,0,"{""239"":1,""240"":1,""80"":1,""21"":5,""200"":0,""69"":1,""237"":2,""113"":100,""263"":1,""303"":1,""383"":3,""30"":0,""31"":30,""32"":58,""33"":253,""35"":92,""37"":7,""38"":246,""39"":43,""181"":12,""182"":8,""66"":14236,""24"":6,""206"":26,""67"":4145,""68"":0,""13"":43,""17"":81,""18"":-9,""19"":221,""15"":1000,""13201"":396,""36"":1409,""40"":566,""43"":0,""241"":26801,""199"":875,""16"":204828,""12"":814,""449"":0,""636"":110590015,""389"":0,""11"":893510181,""238"":0,""14"":2540732448,""387"":""2b3431353533302e343636372d303038333933382e383333332b3030302e3231312f""}"
2026-07-18T23:41:59Z,862272088833183,Codec8E,2026-07-18 20:14:32.000 UTC,1784405672000,0,41.5530450,-8.3938400,211,98,14,8,0,"{""239"":1,""240"":1,""80"":1,""21"":5,""200"":0,""69"":1,""237"":2,""113"":100,""263"":1,""303"":1,""383"":3,""30"":0,""31"":30,""32"":58,""33"":253,""35"":92,""37"":7,""38"":246,""39"":43,""181"":10,""182"":7,""66"":14228,""24"":8,""206"":26,""67"":4144,""68"":0,""13"":43,""17"":64,""18"":-27,""19"":157,""15"":1000,""13201"":396,""36"":1409,""40"":566,""43"":0,""241"":26801,""199"":879,""16"":204832,""12"":814,""449"":0,""636"":110590015,""389"":0,""11"":893510181,""238"":0,""14"":2540732448,""387"":""2b3431353533302e343530302d303038333933382e343030302b3030302e3231312f""}"
2026-07-18T23:41:59Z,862272088833183,Codec8E,2026-07-18 20:14:33.000 UTC,1784405673000,0,41.5530416,-8.3937933,210,85,14,9,0,"{""239"":1,""240"":1,""80"":1,""21"":5,""200"":0,""69"":1,""237"":2,""113"":100,""263"":1,""303"":1,""383"":3,""30"":0,""31"":30,""32"":58,""33"":253,""35"":92,""37"":7,""38"":246,""39"":43,""181"":10,""182"":7,""66"":14215,""24"":9,""206"":26,""67"":4144,""68"":0,""13"":43,""17"":64,""18"":-38,""19"":241,""15"":1000,""13201"":396,""36"":1409,""40"":566,""43"":0,""241"":26801,""199"":882,""16"":204835,""12"":814,""449"":0,""636"":110590015,""389"":0,""11"":893510181,""238"":0,""14"":2540732448,""387"":""2b3431353533302e343136372d303038333933372e393333332b3030302e3231302f""}"
2026-07-18T23:41:59Z,862272088833183,Codec8E,2026-07-18 20:14:34.000 UTC,1784405674000,0,41.5530499,-8.3937466,210,74,14,10,0,"{""239"":1,""240"":1,""80"":1,""21"":5,""200"":0,""69"":1,""237"":2,""113"":100,""263"":1,""303"":1,""383"":3,""30"":0,""31"":30,""32"":58,""33"":253,""35"":92,""37"":7,""38"":246,""39"":43,""181"":10,""182"":7,""66"":14169,""24"":10,""206"":26,""67"":4141,""68"":0,""13"":43,""17"":4,""18"":-22,""19"":91,""15"":1000,""13201"":396,""36"":1409,""40"":566,""43"":0,""241"":26801,""199"":886,""16"":204839,""12"":814,""449"":0,""636"":110590015,""389"":0,""11"":893510181,""238"":0,""14"":2540732448,""387"":""2b3431353533302e353030302d303038333933372e343636372b3030302e3231302f""}"
2026-07-18T23:41:59Z,862272088833183,Codec8E,2026-07-18 20:14:36.000 UTC,1784405676000,0,41.5530683,-8.3936683,210,63,15,10,0,"{""239"":1,""240"":1,""80"":1,""21"":5,""200"":0,""69"":1,""237"":2,""113"":100,""263"":1,""303"":1,""383"":3,""30"":0,""31"":32,""32"":58,""33"":246,""35"":86,""37"":12,""38"":244,""39"":42,""181"":12,""182"":7,""66"":14197,""24"":10,""206"":26,""67"":4141,""68"":0,""13"":43,""17"":60,""18"":88,""19"":297,""15"":1000,""13201"":396,""36"":1699,""40"":616,""43"":0,""241"":26801,""199"":893,""16"":204846,""12"":814,""449"":0,""636"":110590015,""389"":0,""11"":893510181,""238"":0,""14"":2540732448,""387"":""2b3431353533302e363833332d303038333933362e363833332b3030302e3231302f""}"
2026-07-18T23:41:59Z,862272088833183,Codec8E,2026-07-18 20:14:40.000 UTC,1784405680000,0,41.5531150,-8.3935500,211,53,15,9,0,"{""239"":1,""240"":1,""80"":1,""21"":5,""200"":0,""69"":1,""237"":2,""113"":100,""263"":1,""303"":1,""383"":3,""30"":0,""31"":33,""32"":59,""33"":0,""35"":78,""37"":8,""38"":248,""39"":41,""181"":12,""182"":7,""66"":14149,""24"":9,""206"":26,""67"":4144,""68"":0,""13"":43,""17"":51,""18"":48,""19"":-139,""15"":1000,""13201"":396,""36"":1084,""40"":377,""43"":0,""241"":26801,""199"":904,""16"":204857,""12"":814,""449"":0,""636"":110590015,""389"":0,""11"":893510181,""238"":0,""14"":2540732448,""387"":""2b3431353533312e313530302d303038333933352e353030302b3030302e3231312f""}"
2026-07-18T23:43:57Z,862272088833183,Codec8E,2026-07-18 20:14:47.000 UTC,1784405687000,0,41.5531233,-8.3935233,211,53,16,0,303,"{""239"":1,""240"":1,""80"":1,""21"":5,""200"":0,""69"":1,""237"":2,""113"":100,""263"":1,""303"":0,""383"":3,""30"":0,""31"":23,""32"":59,""33"":247,""35"":44,""37"":0,""38"":243,""39"":42,""181"":10,""182"":7,""66"":14185,""24"":0,""206"":26,""67"":4142,""68"":0,""13"":43,""17"":-127,""18"":40,""19"":120,""15"":1000,""13201"":397,""36"":654,""40"":152,""43"":0,""241"":26801,""199"":904,""16"":204857,""12"":814,""449"":0,""636"":110590015,""389"":0,""11"":893510181,""238"":0,""14"":2540732448,""387"":""2b3431353533312e323333332d303038333933352e323333332b3030302e3231312f""}"
2026-07-18T23:43:57Z,862272088833183,Codec8E,2026-07-18 20:15:00.000 UTC,1784405700000,0,41.5531233,-8.3935233,211,53,16,0,303,"{""239"":1,""240"":1,""80"":1,""21"":4,""200"":0,""69"":1,""237"":2,""113"":100,""263"":1,""303"":1,""383"":3,""30"":0,""31"":14,""32"":60,""33"":4,""35"":38,""37"":0,""38"":1,""39"":44,""181"":10,""182"":7,""66"":14221,""24"":0,""206"":26,""67"":4140,""68"":0,""13"":43,""17"":-196,""18"":64,""19"":317,""15"":1000,""13201"":396,""36"":965,""40"":177,""43"":0,""241"":26801,""199"":904,""16"":204857,""12"":817,""449"":0,""636"":110359613,""389"":0,""11"":893510181,""238"":0,""14"":2540732448,""387"":""2b3431353533312e323333332d303038333933352e323333332b3030302e3231312f""}"
2026-07-18T23:43:57Z,862272088833183,Codec8E,2026-07-18 20:15:10.000 UTC,1784405710000,0,41.5532250,-8.3933233,214,76,15,6,0,"{""239"":1,""240"":1,""80"":1,""21"":4,""200"":0,""69"":1,""237"":2,""113"":100,""263"":1,""303"":1,""383"":3,""30"":0,""31"":56,""32"":61,""33"":0,""35"":96,""37"":15,""38"":235,""39"":41,""181"":9,""182"":6,""66"":14167,""24"":6,""206"":26,""67"":4140,""68"":0,""13"":43,""17"":-62,""18"":117,""19"":48,""15"":1000,""13201"":397,""36"":2088,""40"":380,""43"":0,""241"":26801,""199"":925,""16"":204878,""12"":818,""449"":0,""636"":110359613,""389"":0,""11"":893510181,""238"":0,""14"":2540732448,""387"":""2b3431353533322e323530302d303038333933332e323333332b3030302e3231342f""}"
2026-07-18T23:43:57Z,862272088833183,Codec8E,2026-07-18 20:15:16.000 UTC,1784405716000,0,41.5532300,-8.3933266,214,76,16,1,239,"{""239"":0,""240"":1,""80"":1,""21"":4,""200"":0,""69"":1,""237"":2,""113"":100,""263"":1,""303"":1,""383"":3,""30"":0,""31"":12,""32"":62,""33"":0,""35"":35,""37"":0,""38"":255,""39"":42,""181"":9,""182"":6,""66"":12951,""24"":1,""206"":26,""67"":4140,""68"":0,""13"":43,""17"":53,""18"":-54,""19"":-44,""15"":1000,""13201"":397,""36"":891,""40"":122,""43"":0,""241"":26801,""199"":925,""16"":204878,""12"":818,""449"":0,""636"":110359613,""389"":0,""11"":893510181,""238"":0,""14"":2540732448,""387"":""2b3431353533322e333030302d303038333933332e323636372b3030302e3231342f""}"
2026-07-18T23:43:57Z,862272088833183,Codec8E,2026-07-18 20:15:34.000 UTC,1784405734000,0,41.5532300,-8.3933266,214,76,13,0,303,"{""239"":0,""240"":1,""80"":1,""21"":5,""200"":0,""69"":1,""237"":2,""113"":100,""263"":1,""303"":0,""383"":3,""30"":0,""31"":30,""32"":62,""33"":0,""35"":72,""37"":0,""38"":255,""39"":42,""181"":10,""182"":7,""66"":12848,""24"":0,""206"":26,""67"":4140,""68"":0,""13"":43,""17"":-66,""18"":122,""19"":46,""15"":1000,""13201"":396,""36"":0,""40"":122,""43"":0,""241"":26801,""199"":925,""16"":204878,""12"":818,""449"":0,""636"":110159923,""389"":0,""11"":893510181,""238"":0,""14"":2540732448,""387"":""2b3431353533322e333030302d303038333933332e323636372b3030302e3231342f""}"
2026-07-18T23:43:57Z,862272088833183,Codec8E,2026-07-18 20:15:51.000 UTC,1784405751000,0,41.5532300,-8.3933266,214,76,14,0,303,"{""239"":0,""240"":1,""80"":1,""21"":5,""200"":0,""69"":1,""237"":2,""113"":100,""263"":1,""303"":1,""383"":3,""181"":10,""182"":7,""66"":12843,""24"":0,""206"":26,""67"":4140,""68"":0,""13"":43,""17"":-56,""18"":132,""19"":38,""15"":1000,""13201"":398,""241"":26801,""199"":925,""16"":204878,""12"":818,""449"":0,""636"":110159923,""11"":893510181,""238"":0,""14"":2540732448,""387"":""2b3431353533322e333030302d303038333933332e323636372b3030302e3231342f""}"
2026-07-18T23:43:57Z,862272088833183,Codec8E,2026-07-18 20:15:57.000 UTC,1784405757000,0,41.5532300,-8.3933266,214,76,16,0,303,"{""239"":0,""240"":1,""80"":1,""21"":5,""200"":0,""69"":1,""237"":2,""113"":100,""263"":1,""303"":0,""383"":3,""181"":10,""182"":7,""66"":12806,""24"":0,""206"":26,""67"":4140,""68"":0,""13"":43,""17"":-61,""18"":121,""19"":40,""15"":1000,""13201"":397,""241"":26801,""199"":925,""16"":204878,""12"":818,""449"":0,""636"":110159923,""11"":893510181,""238"":0,""14"":2540732448,""387"":""2b3431353533322e333030302d303038333933332e323636372b3030302e3231342f""}"
2026-07-18T23:43:57Z,862272088833183,Codec8E,2026-07-18 20:16:56.000 UTC,1784405816000,0,41.5532300,-8.3933266,214,76,15,0,240,"{""239"":0,""240"":0,""80"":0,""21"":5,""200"":0,""69"":1,""237"":2,""113"":100,""263"":1,""303"":0,""383"":3,""181"":9,""182"":7,""66"":12853,""24"":0,""206"":26,""67"":4140,""68"":0,""13"":43,""17"":-68,""18"":121,""19"":27,""15"":1000,""13201"":395,""241"":26801,""199"":0,""16"":204878,""12"":818,""449"":0,""636"":110159923,""11"":893510181,""238"":0,""14"":2540732448,""387"":""2b3431353533322e333030302d303038333933332e323636372b3030302e3231342f""}"
2026-07-18T23:43:57Z,862272088833183,Codec8E,2026-07-18 21:07:06.000 UTC,1784408826000,0,41.5532300,-8.3933266,223,76,14,0,303,"{""239"":0,""240"":0,""80"":0,""21"":5,""200"":0,""69"":1,""237"":2,""113"":100,""263"":1,""303"":1,""383"":3,""181"":10,""182"":7,""66"":12676,""24"":0,""206"":26,""67"":4140,""68"":0,""13"":43,""17"":-58,""18"":122,""19"":47,""15"":1000,""13201"":383,""241"":26801,""199"":0,""16"":204878,""12"":818,""449"":0,""636"":110159913,""11"":893510181,""238"":0,""14"":2540732448,""387"":""2b3431353533322e333030302d303038333933332e323636372b3030302e3232332f""}"
2026-07-18T23:43:58Z,862272088833183,Codec8E,2026-07-18 21:07:08.000 UTC,1784408828000,0,41.5532766,-8.3932183,223,39,14,0,240,"{""239"":0,""240"":1,""80"":1,""21"":5,""200"":0,""69"":1,""237"":2,""113"":100,""263"":1,""303"":1,""383"":3,""181"":10,""182"":7,""66"":12657,""24"":0,""206"":26,""67"":4137,""68"":0,""13"":43,""17"":-82,""18"":115,""19"":48,""15"":1000,""13201"":383,""241"":26801,""199"":0,""16"":204878,""12"":818,""449"":0,""636"":110159913,""11"":893510181,""238"":0,""14"":2540732448,""387"":""2b3431353533322e373636372d303038333933322e313833332b3030302e3232332f""}"
2026-07-18T23:43:58Z,862272088833183,Codec8E,2026-07-18 21:07:31.000 UTC,1784408851000,0,41.5532766,-8.3932183,223,0,0,0,303,"{""239"":0,""240"":1,""80"":1,""21"":5,""200"":0,""69"":2,""237"":2,""113"":0,""263"":1,""303"":1,""383"":3,""181"":0,""182"":0,""66"":12254,""24"":0,""206"":26,""67"":4047,""68"":0,""13"":43,""17"":-11,""18"":216,""19"":68,""15"":0,""13201"":385,""241"":26801,""199"":0,""16"":204878,""12"":818,""449"":0,""636"":110162444,""11"":893510181,""238"":0,""14"":2540732448,""387"":""2b3431353533322e373636372d303038333933322e313833332b3030302e3232332f""}"
2026-07-18T23:43:58Z,862272088833183,Codec8E,2026-07-18 21:07:41.000 UTC,1784408861000,0,41.5531216,-8.3935783,219,243,15,11,0,"{""239"":0,""240"":1,""80"":1,""21"":5,""200"":0,""69"":1,""237"":2,""113"":0,""263"":1,""303"":1,""383"":3,""181"":13,""182"":6,""66"":12189,""24"":11,""206"":26,""67"":4140,""68"":0,""13"":43,""17"":-34,""18"":-147,""19"":344,""15"":0,""13201"":386,""241"":26801,""199"":0,""16"":204878,""12"":818,""449"":0,""636"":110162444,""11"":893510181,""238"":0,""14"":2540732448,""387"":""2b3431353533312e323136372d303038333933352e373833332b3030302e3231392f""}"
2026-07-18T23:43:58Z,862272088833183,Codec8E,2026-07-18 21:07:46.000 UTC,1784408866000,0,41.5530750,-8.3937700,213,261,14,12,0,"{""239"":0,""240"":1,""80"":1,""21"":5,""200"":0,""69"":1,""237"":2,""113"":0,""263"":1,""303"":1,""383"":3,""181"":15,""182"":7,""66"":12195,""24"":12,""206"":26,""67"":4145,""68"":24,""13"":43,""17"":-106,""18"":-27,""19"":313,""15"":0,""13201"":386,""241"":26801,""199"":0,""16"":204895,""12"":818,""449"":0,""636"":110590005,""11"":893510181,""238"":0,""14"":2540732448,""387"":""2b3431353533302e373530302d303038333933372e373030302b3030302e3231332f""}"
2026-07-18T23:43:58Z,862272088833183,Codec8E,2026-07-18 21:07:47.000 UTC,1784408867000,0,41.5530716,-8.3937983,214,271,15,10,0,"{""239"":0,""240"":1,""80"":1,""21"":5,""200"":0,""69"":1,""237"":2,""113"":0,""263"":1,""303"":1,""383"":3,""181"":13,""182"":6,""66"":12187,""24"":10,""206"":26,""67"":4147,""68"":24,""13"":43,""17"":-179,""18"":88,""19"":80,""15"":0,""13201"":386,""241"":26801,""199"":0,""16"":204895,""12"":818,""449"":0,""636"":110590005,""11"":893510181,""238"":0,""14"":2540732448,""387"":""2b3431353533302e373136372d303038333933372e393833332b3030302e3231342f""}"
2026-07-18T23:43:58Z,862272088833183,Codec8E,2026-07-18 21:07:48.000 UTC,1784408868000,0,41.5530666,-8.3938199,214,260,15,9,0,"{""239"":0,""240"":1,""80"":1,""21"":5,""200"":0,""69"":1,""237"":2,""113"":0,""263"":1,""303"":1,""383"":3,""181"":13,""182"":6,""66"":12202,""24"":9,""206"":26,""67"":4148,""68"":24,""13"":43,""17"":-26,""18"":154,""19"":-14,""15"":0,""13201"":386,""241"":26801,""199"":0,""16"":204899,""12"":818,""449"":0,""636"":110590005,""11"":893510181,""238"":0,""14"":2540732448,""387"":""2b3431353533302e363636372d303038333933382e323030302b3030302e3231342f""}"
2026-07-18T23:43:58Z,862272088833183,Codec8E,2026-07-18 21:07:50.000 UTC,1784408870000,0,41.5530483,-8.3938533,211,260,15,6,239,"{""239"":1,""240"":1,""80"":1,""21"":5,""200"":0,""69"":1,""237"":2,""113"":100,""263"":1,""303"":1,""383"":3,""181"":10,""182"":6,""66"":14123,""24"":6,""206"":26,""67"":4149,""68"":24,""13"":43,""17"":-16,""18"":89,""19"":31,""15"":1000,""13201"":387,""241"":26801,""199"":0,""16"":204902,""12"":818,""449"":0,""636"":110377524,""11"":893510181,""238"":0,""14"":2540732448,""387"":""2b3431353533302e343833332d303038333933382e353333332b3030302e3231312f""}"
2026-07-18T23:43:58Z,862272088833183,Codec8E,2026-07-18 21:08:05.000 UTC,1784408885000,0,41.5531700,-8.3939366,208,336,14,8,0,"{""239"":1,""240"":1,""80"":1,""21"":5,""200"":0,""69"":1,""237"":2,""113"":100,""263"":1,""303"":1,""383"":3,""30"":0,""31"":15,""32"":47,""33"":0,""35"":35,""37"":13,""38"":232,""39"":43,""181"":10,""182"":7,""66"":14175,""24"":8,""206"":26,""67"":4149,""68"":22,""13"":43,""17"":84,""18"":7,""19"":70,""15"":1000,""13201"":387,""36"":1563,""40"":191,""43"":0,""241"":26801,""199"":18,""16"":204920,""12"":819,""449"":0,""636"":110377524,""389"":0,""11"":893510181,""238"":0,""14"":2540732448,""387"":""2b3431353533312e373030302d303038333933392e333636372b3030302e3230382f""}"
2026-07-18T23:43:58Z,862272088833183,Codec8E,2026-07-18 21:08:08.000 UTC,1784408888000,0,41.5532816,-8.3940083,206,321,15,12,0,"{""239"":1,""240"":1,""80"":1,""21"":5,""200"":0,""69"":1,""237"":2,""113"":100,""263"":1,""303"":1,""383"":3,""30"":0,""31"":8,""32"":47,""33"":0,""35"":21,""37"":16,""38"":243,""39"":44,""181"":10,""182"":6,""66"":14168,""24"":12,""206"":26,""67"":4149,""68"":22,""13"":43,""17"":124,""18"":-250,""19"":17,""15"":1000,""13201"":387,""36"":730,""40"":158,""43"":0,""241"":26801,""199"":32,""16"":204934,""12"":819,""449"":0,""636"":110590005,""389"":0,""11"":893510181,""238"":0,""14"":2540732448,""387"":""2b3431353533322e383136372d303038333934302e303833332b3030302e3230362f""}"
2026-07-18T23:43:58Z,862272088833183,Codec8E,2026-07-18 21:08:09.000 UTC,1784408889000,0,41.5533033,-8.3940433,205,291,15,11,0,"{""239"":1,""240"":1,""80"":1,""21"":5,""200"":0,""69"":1,""237"":2,""113"":100,""263"":1,""303"":1,""383"":3,""30"":0,""31"":8,""32"":47,""33"":0,""35"":21,""37"":16,""38"":243,""39"":44,""181"":13,""182"":6,""66"":14176,""24"":11,""206"":26,""67"":4149,""68"":22,""13"":43,""17"":125,""18"":73,""19"":-117,""15"":1000,""13201"":387,""36"":730,""40"":158,""43"":0,""241"":26801,""199"":36,""16"":204938,""12"":819,""449"":0,""636"":110590005,""389"":0,""11"":893510181,""238"":0,""14"":2540732448,""387"":""2b3431353533332e303333332d303038333934302e343333332b3030302e3230352f""}"
2026-07-18T23:44:00Z,862272088833183,Codec8E,2026-07-18 21:08:10.000 UTC,1784408890000,0,41.5533066,-8.3940766,204,261,15,11,0,"{""239"":1,""240"":1,""80"":1,""21"":5,""200"":0,""69"":1,""237"":2,""113"":100,""263"":1,""303"":1,""383"":3,""30"":0,""31"":8,""32"":47,""33"":0,""35"":21,""37"":16,""38"":243,""39"":44,""181"":13,""182"":6,""66"":14180,""24"":11,""206"":26,""67"":4149,""68"":21,""13"":43,""17"":80,""18"":-183,""19"":-115,""15"":1000,""13201"":387,""36"":730,""40"":158,""43"":0,""241"":26801,""199"":39,""16"":204941,""12"":819,""449"":0,""636"":110590005,""389"":0,""11"":893510181,""238"":0,""14"":2540732448,""387"":""2b3431353533332e303636372d303038333934302e373636372b3030302e3230342f""}"
2026-07-18T23:44:00Z,862272088833183,Codec8E,2026-07-18 21:08:11.000 UTC,1784408891000,0,41.5533050,-8.3941100,203,231,15,11,0,"{""239"":1,""240"":1,""80"":1,""21"":5,""200"":0,""69"":1,""237"":2,""113"":100,""263"":1,""303"":1,""383"":3,""30"":0,""31"":8,""32"":47,""33"":0,""35"":21,""37"":16,""38"":243,""39"":44,""181"":10,""182"":6,""66"":14182,""24"":11,""206"":26,""67"":4149,""68"":21,""13"":43,""17"":69,""18"":-191,""19"":13,""15"":1000,""13201"":387,""36"":730,""40"":158,""43"":0,""241"":26801,""199"":42,""16"":204944,""12"":819,""449"":0,""636"":110590005,""389"":0,""11"":893510181,""238"":0,""14"":2540732448,""387"":""2b3431353533332e303530302d303038333934312e313030302b3030302e3230332f""}"
2026-07-18T23:44:00Z,862272088833183,Codec8E,2026-07-18 21:08:12.000 UTC,1784408892000,0,41.5532799,-8.3941333,203,208,15,11,0,"{""239"":1,""240"":1,""80"":1,""21"":5,""200"":0,""69"":1,""237"":2,""113"":100,""263"":1,""303"":1,""383"":3,""30"":0,""31"":8,""32"":47,""33"":0,""35"":21,""37"":16,""38"":243,""39"":44,""181"":10,""182"":6,""66"":14160,""24"":11,""206"":26,""67"":4149,""68"":21,""13"":43,""17"":254,""18"":-67,""19"":24,""15"":1000,""13201"":387,""36"":730,""40"":158,""43"":0,""241"":26801,""199"":45,""16"":204947,""12"":819,""449"":0,""636"":110590005,""389"":0,""11"":893510181,""238"":0,""14"":2540732448,""387"":""2b3431353533322e383030302d303038333934312e333333332b3030302e3230332f""}"
2026-07-18T23:44:00Z,862272088833183,Codec8E,2026-07-18 21:08:15.000 UTC,1784408895000,0,41.5531850,-8.3941983,202,195,16,13,0,"{""239"":1,""240"":1,""80"":1,""21"":5,""200"":0,""69"":1,""237"":2,""113"":100,""263"":1,""303"":1,""383"":3,""30"":0,""31"":13,""32"":47,""33"":0,""35"":38,""37"":12,""38"":243,""39"":44,""181"":9,""182"":6,""66"":14196,""24"":13,""206"":26,""67"":4150,""68"":21,""13"":43,""17"":142,""18"":-103,""19"":-6,""15"":1000,""13201"":388,""36"":978,""40"":163,""43"":0,""241"":26801,""199"":57,""16"":204959,""12"":819,""449"":0,""636"":110590005,""389"":0,""11"":893510181,""238"":0,""14"":2540732448,""387"":""2b3431353533312e383530302d303038333934312e393833332b3030302e3230322f""}"
2026-07-18T23:44:00Z,862272088833183,Codec8E,2026-07-18 21:08:22.000 UTC,1784408902000,0,41.5530950,-8.3942583,201,201,14,3,0,"{""239"":1,""240"":1,""80"":1,""21"":5,""200"":0,""69"":1,""237"":2,""113"":100,""263"":1,""303"":1,""383"":3,""30"":0,""31"":13,""32"":48,""33"":0,""35"":37,""37"":0,""38"":246,""39"":44,""181"":10,""182"":7,""66"":14188,""24"":3,""206"":26,""67"":4151,""68"":0,""13"":43,""17"":12,""18"":-47,""19"":-94,""15"":1000,""13201"":389,""36"":951,""40"":175,""43"":0,""241"":26801,""199"":68,""16"":204970,""12"":819,""449"":0,""636"":110590005,""389"":0,""11"":893510181,""238"":0,""14"":2540732448,""387"":""2b3431353533302e393530302d303038333934322e353833332b3030302e3230312f""}"
2026-07-18T23:44:00Z,862272088833183,Codec8E,2026-07-18 21:08:27.000 UTC,1784408907000,0,41.5530300,-8.3943366,200,215,15,6,0,"{""239"":1,""240"":1,""80"":1,""21"":5,""200"":0,""69"":1,""237"":2,""113"":100,""263"":1,""303"":1,""383"":3,""30"":0,""31"":13,""32"":48,""33"":0,""35"":56,""37"":8,""38"":239,""39"":43,""181"":12,""182"":6,""66"":14238,""24"":6,""206"":26,""67"":4145,""68"":0,""13"":43,""17"":12,""18"":-29,""19"":-65,""15"":1000,""13201"":388,""36"":1391,""40"":247,""43"":0,""241"":26801,""199"":78,""16"":204980,""12"":819,""449"":0,""636"":110590005,""389"":0,""11"":893510181,""238"":0,""14"":2540732448,""387"":""2b3431353533302e333030302d303038333934332e333636372b3030302e3230302f""}"
2026-07-18T23:44:00Z,862272088833183,Codec8E,2026-07-18 21:08:29.000 UTC,1784408909000,0,41.5529700,-8.3944050,200,228,14,11,0,"{""239"":1,""240"":1,""80"":1,""21"":5,""200"":0,""69"":1,""237"":2,""113"":100,""263"":1,""303"":1,""383"":3,""30"":0,""31"":13,""32"":48,""33"":0,""35"":56,""37"":8,""38"":239,""39"":43,""181"":10,""182"":7,""66"":14254,""24"":11,""206"":26,""67"":4145,""68"":0,""13"":43,""17"":183,""18"":23,""19"":175,""15"":1000,""13201"":389,""36"":1391,""40"":247,""43"":0,""241"":26801,""199"":87,""16"":204989,""12"":819,""449"":0,""636"":110590005,""389"":0,""11"":893510181,""238"":0,""14"":2540732448,""387"":""2b3431353532392e373030302d303038333934342e303530302b3030302e3230302f""}"
2026-07-18T23:44:00Z,862272088833183,Codec8E,2026-07-18 21:08:30.000 UTC,1784408910000,0,41.5529433,-8.3944633,200,238,15,14,0,"{""239"":1,""240"":1,""80"":1,""21"":5,""200"":0,""69"":1,""237"":2,""113"":100,""263"":1,""303"":1,""383"":3,""30"":0,""31"":13,""32"":48,""33"":0,""35"":56,""37"":8,""38"":239,""39"":43,""181"":10,""182"":6,""66"":14260,""24"":14,""206"":26,""67"":4145,""68"":0,""13"":43,""17"":373,""18"":237,""19"":177,""15"":1000,""13201"":389,""36"":1391,""40"":247,""43"":0,""241"":26801,""199"":92,""16"":204994,""12"":819,""449"":0,""636"":110590005,""389"":0,""11"":893510181,""238"":0,""14"":2540732448,""387"":""2b3431353532392e343333332d303038333934342e363333332b3030302e3230302f""}"
2026-07-18T23:45:58Z,862272088833183,Codec8E,2026-07-18 21:08:32.000 UTC,1784408912000,0,41.5529100,-8.3946216,200,252,15,19,0,"{""239"":1,""240"":1,""80"":1,""21"":5,""200"":0,""69"":1,""237"":2,""113"":100,""263"":1,""303"":1,""383"":3,""30"":0,""31"":7,""32"":48,""33"":0,""35"":36,""37"":22,""38"":231,""39"":42,""181"":12,""182"":6,""66"":14236,""24"":19,""206"":26,""67"":4145,""68"":0,""13"":43,""17"":211,""18"":166,""19"":-64,""15"":1000,""13201"":389,""36"":2701,""40"":458,""43"":0,""241"":26801,""199"":106,""16"":205008,""12"":819,""449"":0,""636"":110590005,""389"":0,""11"":893510181,""238"":0,""14"":2540732448,""387"":""2b3431353532392e313030302d303038333934362e323136372b3030302e3230302f""}"
2026-07-18T23:45:58Z,862272088833183,Codec8E,2026-07-18 21:08:34.000 UTC,1784408914000,0,41.5529133,-8.3947999,201,262,16,22,0,"{""239"":1,""240"":1,""80"":1,""21"":5,""200"":0,""69"":1,""237"":2,""113"":100,""263"":1,""303"":1,""383"":3,""30"":0,""31"":7,""32"":48,""33"":0,""35"":36,""37"":22,""38"":231,""39"":42,""181"":9,""182"":6,""66"":14244,""24"":22,""206"":26,""67"":4145,""68"":0,""13"":43,""17"":135,""18"":132,""19"":66,""15"":1000,""13201"":389,""36"":2701,""40"":458,""43"":0,""241"":26801,""199"":121,""16"":205023,""12"":819,""449"":0,""636"":110590005,""389"":0,""11"":893510181,""238"":0,""14"":2540732448,""387"":""2b3431353532392e313333332d303038333934382e303030302b3030302e3230312f""}"
2026-07-18T23:45:58Z,862272088833183,Codec8E,2026-07-18 21:08:36.000 UTC,1784408916000,0,41.5529250,-8.3949500,202,274,16,22,0,"{""239"":1,""240"":1,""80"":1,""21"":5,""200"":0,""69"":1,""237"":2,""113"":100,""263"":1,""303"":1,""383"":3,""30"":0,""31"":7,""32"":48,""33"":0,""35"":25,""37"":24,""38"":226,""39"":43,""181"":9,""182"":6,""66"":14233,""24"":22,""206"":26,""67"":4145,""68"":0,""13"":43,""17"":105,""18"":92,""19"":-78,""15"":1000,""13201"":389,""36"":2259,""40"":119,""43"":0,""241"":26801,""199"":134,""16"":205036,""12"":819,""449"":0,""636"":110590005,""389"":0,""11"":893510181,""238"":0,""14"":2540732448,""387"":""2b3431353532392e323530302d303038333934392e353030302b3030302e3230322f""}"
2026-07-18T23:45:58Z,862272088833183,Codec8E,2026-07-18 21:08:39.000 UTC,1784408919000,0,41.5529550,-8.3951466,203,296,16,19,0,"{""239"":1,""240"":1,""80"":1,""21"":5,""200"":0,""69"":1,""237"":2,""113"":100,""263"":1,""303"":1,""383"":3,""30"":0,""31"":7,""32"":48,""33"":0,""35"":25,""37"":24,""38"":226,""39"":43,""181"":12,""182"":6,""66"":14204,""24"":19,""206"":26,""67"":4145,""68"":0,""13"":43,""17"":32,""18"":240,""19"":9,""15"":1000,""13201"":389,""36"":2259,""40"":119,""43"":0,""241"":26801,""199"":150,""16"":205052,""12"":819,""449"":0,""636"":110590005,""389"":0,""11"":893510181,""238"":0,""14"":2540732448,""387"":""2b3431353532392e353530302d303038333935312e343636372b3030302e3230332f""}"
2026-07-18T23:45:58Z,862272088833183,Codec8E,2026-07-18 21:08:40.000 UTC,1784408920000,0,41.5529716,-8.3951916,203,315,16,18,0,"{""239"":1,""240"":1,""80"":1,""21"":5,""200"":0,""69"":1,""237"":2,""113"":100,""263"":1,""303"":1,""383"":3,""30"":0,""31"":4,""32"":48,""33"":0,""35"":18,""37"":15,""38"":243,""39"":44,""181"":12,""182"":6,""66"":14236,""24"":18,""206"":26,""67"":4145,""68"":0,""13"":43,""17"":-63,""18"":310,""19"":36,""15"":1000,""13201"":389,""36"":962,""40"":183,""43"":0,""241"":26801,""199"":155,""16"":205057,""12"":819,""449"":0,""636"":110590005,""389"":0,""11"":893510181,""238"":0,""14"":2540732448,""387"":""2b3431353532392e373136372d303038333935312e393136372b3030302e3230332f""}"
2026-07-18T23:45:58Z,862272088833183,Codec8E,2026-07-18 21:08:41.000 UTC,1784408921000,0,41.5530016,-8.3952183,202,339,16,17,0,"{""239"":1,""240"":1,""80"":1,""21"":5,""200"":0,""69"":1,""237"":2,""113"":100,""263"":1,""303"":1,""383"":3,""30"":0,""31"":4,""32"":48,""33"":0,""35"":18,""37"":15,""38"":243,""39"":44,""181"":12,""182"":6,""66"":14234,""24"":17,""206"":26,""67"":4145,""68"":0,""13"":43,""17"":2,""18"":256,""19"":133,""15"":1000,""13201"":389,""36"":962,""40"":183,""43"":0,""241"":26801,""199"":159,""16"":205061,""12"":819,""449"":0,""636"":110590005,""389"":0,""11"":893510181,""238"":0,""14"":2540732448,""387"":""2b3431353533302e303136372d303038333935322e313833332b3030302e3230322f""}"
2026-07-18T23:45:58Z,862272088833183,Codec8E,2026-07-18 21:08:42.000 UTC,1784408922000,0,41.5530399,-8.3952133,202,4,16,18,0,"{""239"":1,""240"":1,""80"":1,""21"":5,""200"":0,""69"":1,""237"":2,""113"":100,""263"":1,""303"":1,""383"":3,""30"":0,""31"":4,""32"":48,""33"":0,""35"":18,""37"":15,""38"":243,""39"":44,""181"":10,""182"":6,""66"":14245,""24"":18,""206"":26,""67"":4145,""68"":0,""13"":43,""17"":-9,""18"":-29,""19"":160,""15"":1000,""13201"":389,""36"":962,""40"":183,""43"":0,""241"":26801,""199"":163,""16"":205065,""12"":819,""449"":0,""636"":110590005,""389"":0,""11"":893510181,""238"":0,""14"":2540732448,""387"":""2b3431353533302e343030302d303038333935322e313333332b3030302e3230322f""}"
2026-07-18T23:45:58Z,862272088833183,Codec8E,2026-07-18 21:08:46.000 UTC,1784408926000,0,41.5533166,-8.3951400,203,2,16,28,0,"{""239"":1,""240"":1,""80"":1,""21"":5,""200"":0,""69"":1,""237"":2,""113"":100,""263"":1,""303"":1,""383"":3,""30"":0,""31"":43,""32"":48,""33"":0,""35"":109,""37"":28,""38"":231,""39"":41,""181"":12,""182"":6,""66"":14262,""24"":28,""206"":26,""67"":4145,""68"":0,""13"":43,""17"":-23,""18"":60,""19"":119,""15"":1000,""13201"":389,""36"":2658,""40"":547,""43"":0,""241"":26801,""199"":194,""16"":205096,""12"":819,""449"":0,""636"":110590005,""389"":0,""11"":893510181,""238"":0,""14"":2540732448,""387"":""2b3431353533332e313636372d303038333935312e343030302b3030302e3230332f""}"
2026-07-18T23:45:59Z,862272088833183,Codec8E,2026-07-18 21:08:51.000 UTC,1784408931000,0,41.5537833,-8.3950366,203,6,15,38,0,"{""239"":1,""240"":1,""80"":1,""21"":5,""200"":0,""69"":1,""237"":2,""113"":100,""263"":1,""303"":1,""383"":3,""30"":0,""31"":29,""32"":48,""33"":0,""35"":21,""37"":37,""38"":238,""39"":41,""181"":12,""182"":6,""66"":14269,""24"":38,""206"":26,""67"":4145,""68"":0,""13"":43,""17"":28,""18"":48,""19"":18,""15"":1000,""13201"":389,""36"":2847,""40"":1058,""43"":0,""241"":26801,""199"":247,""16"":205149,""12"":819,""449"":0,""636"":110590005,""389"":0,""11"":893510181,""238"":0,""14"":2540732448,""387"":""2b3431353533372e383333332d303038333935302e333636372b3030302e3230332f""}"
2026-07-18T23:45:59Z,862272088833183,Codec8E,2026-07-18 21:08:59.000 UTC,1784408939000,0,41.5547050,-8.3948833,199,5,15,45,0,"{""239"":1,""240"":1,""80"":1,""21"":5,""200"":0,""69"":1,""237"":2,""113"":100,""263"":1,""303"":1,""383"":3,""30"":0,""31"":7,""32"":49,""33"":0,""35"":15,""37"":44,""38"":231,""39"":41,""181"":13,""182"":6,""66"":14280,""24"":45,""206"":26,""67"":4145,""68"":0,""13"":43,""17"":-13,""18"":-4,""19"":4,""15"":1000,""13201"":389,""36"":2158,""40"":813,""43"":0,""241"":26801,""199"":350,""16"":205252,""12"":819,""449"":0,""636"":110590005,""389"":0,""11"":893510181,""238"":0,""14"":2540732448,""387"":""2b3431353534372e303530302d303038333934382e383333332b3030302e3139392f""}"
2026-07-18T23:45:59Z,862272088833183,Codec8E,2026-07-18 21:09:07.000 UTC,1784408947000,0,41.5557250,-8.3947600,191,6,15,50,0,"{""239"":1,""240"":1,""80"":1,""21"":5,""200"":0,""69"":1,""237"":2,""113"":100,""263"":1,""303"":1,""383"":3,""30"":0,""31"":23,""32"":49,""33"":0,""35"":27,""37"":50,""38"":225,""39"":41,""181"":10,""182"":6,""66"":14232,""24"":50,""206"":26,""67"":4145,""68"":0,""13"":43,""17"":238,""18"":-284,""19"":-32,""15"":1000,""13201"":389,""36"":2493,""40"":222,""43"":0,""241"":26801,""199"":464,""16"":205366,""12"":819,""449"":0,""636"":110377524,""389"":0,""11"":893510181,""238"":0,""14"":2540732448,""387"":""2b3431353535372e323530302d303038333934372e363030302b3030302e3139312f""}"
2026-07-18T23:45:59Z,862272088833183,Codec8E,2026-07-18 21:09:11.000 UTC,1784408951000,0,41.5562016,-8.3947933,188,350,11,48,0,"{""239"":1,""240"":1,""80"":1,""21"":5,""200"":0,""69"":1,""237"":2,""113"":100,""263"":1,""303"":1,""383"":3,""30"":0,""31"":4,""32"":49,""33"":0,""35"":17,""37"":51,""38"":224,""39"":42,""181"":12,""182"":8,""66"":14260,""24"":48,""206"":26,""67"":4145,""68"":0,""13"":43,""17"":27,""18"":-249,""19"":-47,""15"":1000,""13201"":391,""36"":2576,""40"":144,""43"":0,""241"":26801,""199"":518,""16"":205420,""12"":819,""449"":0,""636"":110377524,""389"":0,""11"":893510181,""238"":0,""14"":2540732448,""387"":""2b3431353536322e303136372d303038333934372e393333332b3030302e3138382f""}"
2026-07-18T23:45:59Z,862272088833183,Codec8E,2026-07-18 21:09:12.000 UTC,1784408952000,0,41.5563366,-8.3948900,186,331,11,44,253,"{""239"":1,""240"":1,""80"":1,""21"":5,""200"":0,""69"":1,""237"":2,""113"":100,""263"":1,""303"":1,""383"":3,""30"":0,""31"":4,""32"":49,""33"":0,""35"":20,""37"":44,""38"":227,""39"":43,""253"":3,""254"":40,""181"":12,""182"":9,""66"":14222,""24"":44,""206"":26,""67"":4145,""68"":0,""13"":43,""17"":14,""18"":-146,""19"":-4,""15"":1000,""13201"":390,""36"":2277,""40"":247,""43"":0,""241"":26801,""199"":543,""16"":205445,""12"":819,""449"":0,""636"":110377524,""389"":0,""11"":893510181,""238"":0,""14"":2540732448,""387"":""2b3431353536332e333636372d303038333934382e393030302b3030302e3138362f""}"
2026-07-18T23:45:59Z,862272088833183,Codec8E,2026-07-18 21:09:14.000 UTC,1784408954000,0,41.5563916,-8.3950233,185,316,13,41,0,"{""239"":1,""240"":1,""80"":1,""21"":5,""200"":0,""69"":1,""237"":2,""113"":100,""263"":1,""303"":1,""383"":3,""30"":0,""31"":4,""32"":49,""33"":0,""35"":20,""37"":44,""38"":227,""39"":43,""181"":11,""182"":7,""66"":14235,""24"":41,""206"":26,""67"":4144,""68"":0,""13"":43,""17"":-26,""18"":-208,""19"":41,""15"":1000,""13201"":390,""36"":2277,""40"":247,""43"":0,""241"":26801,""199"":556,""16"":205458,""12"":819,""449"":0,""636"":110377524,""389"":0,""11"":893510181,""238"":0,""14"":2540732448,""387"":""2b3431353536332e393136372d303038333935302e323333332b3030302e3138352f""}"
2026-07-18T23:45:59Z,862272088833183,Codec8E,2026-07-18 21:09:14.010 UTC,1784408954010,0,41.5563850,-8.3952399,185,292,13,41,253,"{""239"":1,""240"":1,""80"":1,""21"":5,""200"":0,""69"":1,""237"":2,""113"":100,""263"":1,""303"":1,""383"":3,""30"":0,""31"":4,""32"":49,""33"":0,""35"":20,""37"":44,""38"":227,""39"":43,""253"":3,""254"":40,""181"":11,""182"":7,""66"":14238,""24"":41,""206"":26,""67"":4144,""68"":0,""13"":43,""17"":-18,""18"":-141,""19"":10,""15"":1000,""13201"":391,""36"":2277,""40"":247,""43"":0,""241"":26801,""199"":574,""16"":205476,""12"":819,""449"":0,""636"":110377524,""389"":0,""11"":893510181,""238"":0,""14"":2540732448,""387"":""2b3431353536332e383530302d303038333935322e343030302b3030302e3138352f""}"
2026-07-18T23:45:59Z,862272088833183,Codec8E,2026-07-18 21:09:16.000 UTC,1784408956000,0,41.5563616,-8.3954049,184,279,11,40,0,"{""239"":1,""240"":1,""80"":1,""21"":5,""200"":0,""69"":1,""237"":2,""113"":100,""263"":1,""303"":1,""383"":3,""30"":0,""31"":4,""32"":49,""33"":0,""35"":20,""37"":44,""38"":227,""39"":43,""181"":11,""182"":8,""66"":14242,""24"":40,""206"":26,""67"":4142,""68"":0,""13"":43,""17"":62,""18"":-71,""19"":-147,""15"":1000,""13201"":391,""36"":2277,""40"":247,""43"":0,""241"":26801,""199"":588,""16"":205490,""12"":819,""449"":0,""636"":110377524,""389"":0,""11"":893510181,""238"":0,""14"":2540732448,""387"":""2b3431353536332e363136372d303038333935342e303530302b3030302e3138342f""}"
2026-07-18T23:46:00Z,862272088833183,Codec8E,2026-07-18 21:09:16.010 UTC,1784408956010,0,41.5562816,-8.3955833,183,257,13,38,253,"{""239"":1,""240"":1,""80"":1,""21"":5,""200"":0,""69"":1,""237"":2,""113"":100,""263"":1,""303"":1,""383"":3,""30"":0,""31"":9,""32"":49,""33"":0,""35"":84,""37"":38,""38"":238,""39"":41,""253"":3,""254"":34,""181"":11,""182"":7,""66"":14203,""24"":38,""206"":26,""67"":4143,""68"":0,""13"":43,""17"":247,""18"":-20,""19"":-309,""15"":1000,""13201"":391,""36"":1428,""40"":91,""43"":0,""241"":26801,""199"":605,""16"":205507,""12"":819,""449"":0,""636"":110377524,""389"":0,""11"":893510181,""238"":0,""14"":2540732448,""387"":""2b3431353536322e383136372d303038333935352e383333332b3030302e3138332f""}"
2026-07-18T23:46:00Z,862272088833183,Codec8E,2026-07-18 21:09:20.000 UTC,1784408960000,0,41.5562316,-8.3959466,181,265,14,28,0,"{""239"":1,""240"":1,""80"":1,""21"":5,""200"":0,""69"":1,""237"":2,""113"":100,""263"":1,""303"":1,""383"":3,""30"":0,""31"":9,""32"":49,""33"":0,""35"":84,""37"":38,""38"":238,""39"":41,""181"":10,""182"":7,""66"":14212,""24"":28,""206"":26,""67"":4145,""68"":0,""13"":43,""17"":-99,""18"":112,""19"":119,""15"":1000,""13201"":390,""36"":1428,""40"":91,""43"":0,""241"":26801,""199"":636,""16"":205538,""12"":819,""449"":0,""636"":110377524,""389"":0,""11"":893510181,""238"":0,""14"":2540732448,""387"":""2b3431353536322e333136372d303038333935392e343636372b3030302e3138312f""}"
2026-07-18T23:46:00Z,862272088833183,Codec8E,2026-07-18 21:09:24.000 UTC,1784408964000,0,41.5562399,-8.3962616,178,279,16,25,0,"{""239"":1,""240"":1,""80"":1,""21"":5,""200"":0,""69"":1,""237"":2,""113"":100,""263"":1,""303"":1,""383"":3,""30"":0,""31"":14,""32"":48,""33"":0,""35"":33,""37"":13,""38"":246,""39"":42,""181"":12,""182"":6,""66"":14226,""24"":25,""206"":26,""67"":4145,""68"":0,""13"":43,""17"":-50,""18"":15,""19"":127,""15"":1000,""13201"":391,""36"":1196,""40"":1008,""43"":0,""241"":26801,""199"":662,""16"":205564,""12"":819,""449"":0,""636"":110377524,""389"":0,""11"":893510181,""238"":0,""14"":2540732448,""387"":""2b3431353536322e343030302d303038333936322e363136372b3030302e3137382f""}"
2026-07-18T23:46:00Z,862272088833183,Codec8E,2026-07-18 21:09:28.000 UTC,1784408968000,0,41.5563149,-8.3967916,179,284,16,36,0,"{""239"":1,""240"":1,""80"":1,""21"":5,""200"":0,""69"":1,""237"":2,""113"":100,""263"":1,""303"":1,""383"":3,""30"":0,""31"":53,""32"":49,""33"":249,""35"":20,""37"":33,""38"":241,""39"":40,""181"":12,""182"":6,""66"":14242,""24"":36,""206"":26,""67"":4144,""68"":0,""13"":43,""17"":146,""18"":74,""19"":-193,""15"":1000,""13201"":391,""36"":2528,""40"":1966,""43"":0,""241"":26801,""199"":707,""16"":205609,""12"":819,""449"":0,""636"":110377524,""389"":0,""11"":893510181,""238"":0,""14"":2540732448,""387"":""2b3431353536332e313530302d303038333936372e393136372b3030302e3137392f""}"
2026-07-18T23:46:01Z,862272088833183,Codec8E,2026-07-18 21:09:31.000 UTC,1784408971000,0,41.5563933,-8.3971150,180,295,16,32,0,"{""239"":1,""240"":1,""80"":1,""21"":5,""200"":0,""69"":1,""237"":2,""113"":100,""263"":1,""303"":1,""383"":3,""30"":0,""31"":7,""32"":49,""33"":0,""35"":17,""37"":34,""38"":230,""39"":41,""181"":12,""182"":6,""66"":14180,""24"":32,""206"":26,""67"":4144,""68"":0,""13"":43,""17"":44,""18"":72,""19"":-172,""15"":1000,""13201"":391,""36"":2421,""40"":94,""43"":0,""241"":26801,""199"":735,""16"":205637,""12"":819,""449"":0,""636"":110590005,""389"":0,""11"":893510181,""238"":0,""14"":2540732448,""387"":""2b3431353536332e393333332d303038333937312e313530302b3030302e3138302f""}"
2026-07-18T23:46:01Z,862272088833183,Codec8E,2026-07-18 21:09:33.000 UTC,1784408973000,0,41.5564333,-8.3971900,181,319,16,23,0,"{""239"":1,""240"":1,""80"":1,""21"":5,""200"":0,""69"":1,""237"":2,""113"":100,""263"":1,""303"":1,""383"":3,""30"":0,""31"":7,""32"":49,""33"":0,""35"":17,""37"":34,""38"":230,""39"":41,""181"":12,""182"":6,""66"":14217,""24"":23,""206"":26,""67"":4144,""68"":0,""13"":43,""17"":-142,""18"":147,""19"":230,""15"":1000,""13201"":391,""36"":2421,""40"":94,""43"":0,""241"":26801,""199"":743,""16"":205645,""12"":819,""449"":0,""636"":110118964,""389"":0,""11"":893510181,""238"":0,""14"":2540732448,""387"":""2b3431353536342e333333332d303038333937312e393030302b3030302e3138312f""}"
2026-07-18T23:46:01Z,862272088833183,Codec8E,2026-07-18 21:09:35.000 UTC,1784408975000,0,41.5564950,-8.3972316,182,338,16,20,0,"{""239"":1,""240"":1,""80"":1,""21"":5,""200"":0,""69"":1,""237"":2,""113"":100,""263"":1,""303"":1,""383"":3,""30"":0,""31"":16,""32"":49,""33"":0,""35"":73,""37"":13,""38"":240,""39"":41,""181"":12,""182"":6,""66"":14228,""24"":20,""206"":26,""67"":4141,""68"":0,""13"":43,""17"":57,""18"":-82,""19"":-37,""15"":1000,""13201"":391,""36"":2403,""40"":2386,""43"":0,""241"":26801,""199"":751,""16"":205653,""12"":819,""449"":0,""636"":110118964,""389"":0,""11"":893510181,""238"":0,""14"":2540732448,""387"":""2b3431353536342e393530302d303038333937322e333136372b3030302e3138322f""}"
2026-07-18T23:46:01Z,862272088833183,Codec8E,2026-07-18 21:09:38.000 UTC,1784408978000,0,41.5566866,-8.3973416,182,326,16,24,0,"{""239"":1,""240"":1,""80"":1,""21"":5,""200"":0,""69"":1,""237"":2,""113"":100,""263"":1,""303"":1,""383"":3,""30"":0,""31"":16,""32"":49,""33"":0,""35"":73,""37"":13,""38"":240,""39"":41,""181"":12,""182"":6,""66"":14247,""24"":24,""206"":26,""67"":4145,""68"":0,""13"":43,""17"":-105,""18"":-272,""19"":160,""15"":1000,""13201"":391,""36"":2403,""40"":2386,""43"":0,""241"":26801,""199"":774,""16"":205676,""12"":819,""449"":0,""636"":110118964,""389"":0,""11"":893510181,""238"":0,""14"":2540732448,""387"":""2b3431353536362e383636372d303038333937332e343136372b3030302e3138322f""}"
2026-07-18T23:47:58Z,862272088833183,Codec8E,2026-07-18 21:09:39.000 UTC,1784408979000,0,41.5567316,-8.3974099,183,311,16,25,0,"{""239"":1,""240"":1,""80"":1,""21"":5,""200"":0,""69"":1,""237"":2,""113"":100,""263"":1,""303"":1,""383"":3,""30"":0,""31"":16,""32"":49,""33"":0,""35"":73,""37"":13,""38"":240,""39"":41,""181"":12,""182"":6,""66"":14256,""24"":25,""206"":26,""67"":4144,""68"":0,""13"":43,""17"":92,""18"":-311,""19"":49,""15"":1000,""13201"":391,""36"":2403,""40"":2386,""43"":0,""241"":26801,""199"":782,""16"":205684,""12"":819,""449"":0,""636"":110118964,""389"":0,""11"":893510181,""238"":0,""14"":2540732448,""387"":""2b3431353536372e333136372d303038333937342e313030302b3030302e3138332f""}"
2026-07-18T23:47:58Z,862272088833183,Codec8E,2026-07-18 21:09:40.000 UTC,1784408980000,0,41.5567583,-8.3975116,182,291,16,26,0,"{""239"":1,""240"":1,""80"":1,""21"":5,""200"":0,""69"":1,""237"":2,""113"":100,""263"":1,""303"":1,""383"":3,""30"":0,""31"":15,""32"":49,""33"":252,""35"":19,""37"":27,""38"":244,""39"":41,""181"":10,""182"":6,""66"":14234,""24"":26,""206"":26,""67"":4143,""68"":0,""13"":43,""17"":-62,""18"":-290,""19"":94,""15"":1000,""13201"":391,""36"":2555,""40"":163,""43"":0,""241"":26801,""199"":791,""16"":205693,""12"":819,""449"":0,""636"":110118964,""389"":0,""11"":893510181,""238"":0,""14"":2540732448,""387"":""2b3431353536372e353833332d303038333937352e313136372b3030302e3138322f""}"
2026-07-18T23:47:58Z,862272088833183,Codec8E,2026-07-18 21:09:41.000 UTC,1784408981000,0,41.5567499,-8.3976383,183,272,16,28,0,"{""239"":1,""240"":1,""80"":1,""21"":5,""200"":0,""69"":1,""237"":2,""113"":100,""263"":1,""303"":1,""383"":3,""30"":0,""31"":15,""32"":49,""33"":252,""35"":19,""37"":27,""38"":244,""39"":41,""181"":11,""182"":6,""66"":14230,""24"":28,""206"":26,""67"":4143,""68"":0,""13"":43,""17"":-75,""18"":-389,""19"":126,""15"":1000,""13201"":391,""36"":2555,""40"":163,""43"":0,""241"":26801,""199"":801,""16"":205703,""12"":819,""449"":0,""636"":110590005,""389"":0,""11"":893510181,""238"":0,""14"":2540732448,""387"":""2b3431353536372e353030302d303038333937362e333833332b3030302e3138332f""}"
2026-07-18T23:47:58Z,862272088833183,Codec8E,2026-07-18 21:09:42.000 UTC,1784408982000,0,41.5567233,-8.3977516,183,259,16,29,0,"{""239"":1,""240"":1,""80"":1,""21"":5,""200"":0,""69"":1,""237"":2,""113"":100,""263"":1,""303"":1,""383"":3,""30"":0,""31"":15,""32"":49,""33"":252,""35"":19,""37"":27,""38"":244,""39"":41,""181"":12,""182"":6,""66"":14243,""24"":29,""206"":26,""67"":4143,""68"":0,""13"":43,""17"":-28,""18"":-199,""19"":195,""15"":1000,""13201"":392,""36"":2555,""40"":163,""43"":0,""241"":26801,""199"":811,""16"":205713,""12"":819,""449"":0,""636"":110590005,""389"":0,""11"":893510181,""238"":0,""14"":2540732448,""387"":""2b3431353536372e323333332d303038333937372e353136372b3030302e3138332f""}"
2026-07-18T23:47:59Z,862272088833183,Codec8E,2026-07-18 21:09:43.000 UTC,1784408983000,0,41.5566500,-8.3978550,183,239,16,31,0,"{""239"":1,""240"":1,""80"":1,""21"":5,""200"":0,""69"":1,""237"":2,""113"":100,""263"":1,""303"":1,""383"":3,""30"":0,""31"":15,""32"":49,""33"":252,""35"":19,""37"":27,""38"":244,""39"":41,""181"":12,""182"":6,""66"":14264,""24"":31,""206"":26,""67"":4144,""68"":0,""13"":43,""17"":44,""18"":-6,""19"":6,""15"":1000,""13201"":392,""36"":2555,""40"":163,""43"":0,""241"":26801,""199"":823,""16"":205725,""12"":819,""449"":0,""636"":110590005,""389"":0,""11"":893510181,""238"":0,""14"":2540732448,""387"":""2b3431353536362e353030302d303038333937382e353530302b3030302e3138332f""}"
2026-07-18T23:47:59Z,862272088833183,Codec8E,2026-07-18 21:09:43.010 UTC,1784408983010,0,41.5566500,-8.3978550,183,239,16,31,253,"{""239"":1,""240"":1,""80"":1,""21"":5,""200"":0,""69"":1,""237"":2,""113"":100,""263"":1,""303"":1,""383"":3,""30"":0,""31"":15,""32"":49,""33"":252,""35"":19,""37"":27,""38"":244,""39"":41,""253"":3,""254"":34,""181"":12,""182"":6,""66"":14264,""24"":31,""206"":26,""67"":4144,""68"":0,""13"":43,""17"":44,""18"":-6,""19"":6,""15"":1000,""13201"":392,""36"":2555,""40"":163,""43"":0,""241"":26801,""199"":823,""16"":205725,""12"":819,""449"":0,""636"":110590005,""389"":0,""11"":893510181,""238"":0,""14"":2540732448,""387"":""2b3431353536362e353030302d303038333937382e353530302b3030302e3138332f""}"
2026-07-18T23:47:59Z,862272088833183,Codec8E,2026-07-18 21:09:44.000 UTC,1784408984000,0,41.5565450,-8.3979466,182,224,16,35,0,"{""239"":1,""240"":1,""80"":1,""21"":5,""200"":0,""69"":1,""237"":2,""113"":100,""263"":1,""303"":1,""383"":3,""30"":0,""31"":15,""32"":49,""33"":252,""35"":19,""37"":27,""38"":244,""39"":41,""181"":10,""182"":6,""66"":14262,""24"":35,""206"":26,""67"":4143,""68"":0,""13"":43,""17"":-42,""18"":345,""19"":77,""15"":1000,""13201"":392,""36"":2555,""40"":163,""43"":0,""241"":26801,""199"":837,""16"":205739,""12"":819,""449"":0,""636"":110590005,""389"":0,""11"":893510181,""238"":0,""14"":2540732448,""387"":""2b3431353536352e343530302d303038333937392e343636372b3030302e3138322f""}"
2026-07-18T23:47:59Z,862272088833183,Codec8E,2026-07-18 21:09:47.000 UTC,1784408987000,0,41.5562900,-8.3983333,181,240,16,44,0,"{""239"":1,""240"":1,""80"":1,""21"":5,""200"":0,""69"":1,""237"":2,""113"":100,""263"":1,""303"":1,""383"":3,""30"":0,""31"":48,""32"":49,""33"":250,""35"":126,""37"":43,""38"":240,""39"":39,""181"":11,""182"":6,""66"":14236,""24"":44,""206"":26,""67"":4144,""68"":0,""13"":43,""17"":10,""18"":-31,""19"":-6,""15"":1000,""13201"":392,""36"":2816,""40"":202,""43"":0,""241"":26801,""199"":880,""16"":205782,""12"":819,""449"":0,""636"":110136883,""389"":0,""11"":893510181,""238"":0,""14"":2540732448,""387"":""2b3431353536322e393030302d303038333938332e333333332b3030302e3138312f""}"
2026-07-18T23:47:59Z,862272088833183,Codec8E,2026-07-18 21:09:55.000 UTC,1784408995000,0,41.5557800,-8.3995083,182,238,16,49,0,"{""239"":1,""240"":1,""80"":1,""21"":5,""200"":0,""69"":1,""237"":2,""113"":100,""263"":1,""303"":1,""383"":3,""30"":0,""31"":7,""32"":50,""33"":0,""35"":23,""37"":46,""38"":225,""39"":41,""181"":12,""182"":6,""66"":14245,""24"":49,""206"":26,""67"":4144,""68"":0,""13"":43,""17"":-65,""18"":-135,""19"":91,""15"":1000,""13201"":392,""36"":2394,""40"":836,""43"":0,""241"":26801,""199"":993,""16"":205895,""12"":819,""449"":0,""636"":110377524,""389"":0,""11"":893510181,""238"":0,""14"":2540732448,""387"":""2b3431353535372e383030302d303038333939352e303833332b3030302e3138322f""}"
2026-07-18T23:47:59Z,862272088833183,Codec8E,2026-07-18 21:09:57.000 UTC,1784408997000,0,41.5556183,-8.3998316,182,236,16,54,255,"{""239"":1,""240"":1,""80"":1,""21"":5,""200"":0,""69"":1,""237"":2,""113"":100,""263"":1,""303"":1,""383"":3,""30"":0,""31"":7,""32"":50,""33"":0,""35"":23,""37"":46,""38"":225,""39"":41,""255"":54,""181"":9,""182"":6,""66"":14264,""24"":54,""206"":26,""67"":4142,""68"":0,""13"":43,""17"":48,""18"":110,""19"":115,""15"":1000,""13201"":392,""36"":2394,""40"":836,""43"":0,""241"":26801,""199"":1026,""16"":205928,""12"":819,""449"":0,""636"":110377524,""389"":0,""11"":893510181,""238"":0,""14"":2540732448,""387"":""2b3431353535362e313833332d303038333939382e333136372b3030302e3138322f""}"
2026-07-18T23:47:59Z,862272088833183,Codec8E,2026-07-18 21:10:02.000 UTC,1784409002000,0,41.5551800,-8.4008050,182,238,16,65,0,"{""239"":1,""240"":1,""80"":1,""21"":5,""200"":0,""69"":1,""237"":2,""113"":100,""263"":1,""303"":1,""383"":3,""30"":0,""31"":54,""32"":50,""33"":253,""35"":140,""37"":58,""38"":244,""39"":41,""181"":10,""182"":6,""66"":14239,""24"":65,""206"":26,""67"":4144,""68"":0,""13"":43,""17"":-22,""18"":10,""19"":61,""15"":200,""13201"":392,""36"":2904,""40"":2591,""43"":0,""241"":26801,""199"":1120,""16"":206022,""12"":819,""449"":0,""636"":110377524,""389"":0,""11"":893510181,""238"":0,""14"":2540732448,""387"":""2b3431353535312e383030302d303038343030382e303530302b3030302e3138322f""}"
2026-07-18T23:47:59Z,862272088833183,Codec8E,2026-07-18 21:10:07.000 UTC,1784409007000,0,41.5547050,-8.4019450,181,240,16,75,0,"{""239"":1,""240"":1,""80"":1,""21"":5,""200"":0,""69"":1,""237"":2,""113"":100,""263"":1,""303"":1,""383"":3,""30"":0,""31"":47,""32"":51,""33"":253,""35"":122,""37"":78,""38"":246,""39"":41,""181"":9,""182"":6,""66"":14250,""24"":75,""206"":26,""67"":4144,""68"":0,""13"":43,""17"":97,""18"":49,""19"":139,""15"":200,""13201"":392,""36"":2021,""40"":1600,""43"":0,""241"":26801,""199"":1229,""16"":206131,""12"":819,""449"":0,""636"":110377524,""389"":0,""11"":893510181,""238"":0,""14"":2540732448,""387"":""2b3431353534372e303530302d303038343031392e343530302b3030302e3138312f""}"
2026-07-18T23:48:01Z,862272088833183,Codec8E,2026-07-18 21:10:12.000 UTC,1784409012000,0,41.5541933,-8.4031566,181,239,15,81,0,"{""239"":1,""240"":1,""80"":1,""21"":5,""200"":0,""69"":1,""237"":2,""113"":100,""263"":1,""303"":1,""383"":3,""30"":0,""31"":59,""32"":51,""33"":246,""35"":119,""37"":82,""38"":228,""39"":41,""181"":10,""182"":6,""66"":14268,""24"":81,""206"":26,""67"":4144,""68"":0,""13"":43,""17"":124,""18"":2,""19"":-19,""15"":200,""13201"":392,""36"":2162,""40"":136,""43"":0,""241"":26801,""199"":1344,""16"":206246,""12"":819,""449"":0,""636"":110377524,""389"":0,""11"":893510181,""238"":0,""14"":2540732448,""387"":""2b3431353534312e393333332d303038343033312e353636372b3030302e3138312f""}"
2026-07-18T23:48:01Z,862272088833183,Codec8E,2026-07-18 21:10:17.000 UTC,1784409017000,0,41.5537183,-8.4042883,181,239,15,77,0,"{""239"":1,""240"":1,""80"":1,""21"":5,""200"":0,""69"":1,""237"":2,""113"":100,""263"":1,""303"":1,""383"":3,""30"":0,""31"":4,""32"":52,""33"":0,""35"":18,""37"":75,""38"":230,""39"":42,""181"":13,""182"":6,""66"":14223,""24"":77,""206"":26,""67"":4143,""68"":0,""13"":43,""17"":54,""18"":9,""19"":-14,""15"":200,""13201"":392,""36"":1981,""40"":105,""43"":0,""241"":26801,""199"":1452,""16"":206354,""12"":819,""449"":0,""636"":110377524,""389"":0,""11"":893510181,""238"":0,""14"":2540732448,""387"":""2b3431353533372e313833332d303038343034322e383833332b3030302e3138312f""}"
2026-07-18T23:48:01Z,862272088833183,Codec8E,2026-07-18 21:10:23.000 UTC,1784409023000,0,41.5532183,-8.4054766,180,241,14,68,0,"{""239"":1,""240"":1,""80"":1,""21"":5,""200"":0,""69"":1,""237"":2,""113"":100,""263"":1,""303"":1,""383"":3,""30"":0,""31"":4,""32"":52,""33"":0,""35"":17,""37"":67,""38"":233,""39"":42,""181"":11,""182"":7,""66"":14252,""24"":68,""206"":26,""67"":4142,""68"":0,""13"":43,""17"":114,""18"":83,""19"":123,""15"":200,""13201"":393,""36"":1778,""40"":97,""43"":0,""241"":26801,""199"":1566,""16"":206468,""12"":819,""449"":0,""636"":110377524,""389"":0,""11"":893510181,""238"":0,""14"":2540732448,""387"":""2b3431353533322e313833332d303038343035342e373636372b3030302e3138302f""}"
2026-07-18T23:48:01Z,862272088833183,Codec8E,2026-07-18 21:10:30.000 UTC,1784409030000,0,41.5527383,-8.4066700,185,239,15,57,0,"{""239"":1,""240"":1,""80"":1,""21"":5,""200"":0,""69"":1,""237"":2,""113"":100,""263"":1,""303"":1,""383"":3,""30"":0,""31"":50,""32"":52,""33"":247,""35"":18,""37"":54,""38"":238,""39"":42,""181"":11,""182"":6,""66"":14264,""24"":57,""206"":26,""67"":4144,""68"":0,""13"":43,""17"":33,""18"":49,""19"":-54,""15"":200,""13201"":393,""36"":1429,""40"":77,""43"":0,""241"":26801,""199"":1678,""16"":206580,""12"":819,""449"":0,""636"":110136883,""389"":0,""11"":893510181,""238"":0,""14"":2540732448,""387"":""2b3431353532372e333833332d303038343036362e373030302b3030302e3138352f""}"
2026-07-18T23:48:01Z,862272088833183,Codec8E,2026-07-18 21:10:38.000 UTC,1784409038000,0,41.5522449,-8.4078450,180,241,14,53,0,"{""239"":1,""240"":1,""80"":1,""21"":5,""200"":0,""69"":1,""237"":2,""113"":100,""263"":1,""303"":1,""383"":3,""30"":0,""31"":5,""32"":52,""33"":248,""35"":50,""37"":48,""38"":238,""39"":42,""181"":10,""182"":7,""66"":14254,""24"":53,""206"":26,""67"":4144,""68"":0,""13"":43,""17"":18,""18"":67,""19"":51,""15"":200,""13201"":392,""36"":1082,""40"":111,""43"":0,""241"":26801,""199"":1790,""16"":206692,""12"":819,""449"":0,""636"":110136884,""389"":0,""11"":893510181,""238"":0,""14"":2540732448,""387"":""2b3431353532322e343530302d303038343037382e343530302b3030302e3138302f""}"
2026-07-18T23:48:01Z,862272088833183,Codec8E,2026-07-18 21:10:44.000 UTC,1784409044000,0,41.5518000,-8.4089350,178,241,13,61,0,"{""239"":1,""240"":1,""80"":1,""21"":5,""200"":0,""69"":1,""237"":2,""113"":100,""263"":1,""303"":1,""383"":3,""30"":0,""31"":45,""32"":52,""33"":253,""35"":104,""37"":63,""38"":240,""39"":42,""181"":11,""182"":8,""66"":14271,""24"":61,""206"":26,""67"":4142,""68"":0,""13"":43,""17"":10,""18"":46,""19"":-29,""15"":200,""13201"":392,""36"":2291,""40"":1205,""43"":0,""241"":26801,""199"":1894,""16"":206796,""12"":819,""449"":0,""636"":110136885,""389"":0,""11"":893510181,""238"":0,""14"":2540732448,""387"":""2b3431353531382e303030302d303038343038392e333530302b3030302e3137382f""}"
2026-07-18T23:48:01Z,862272088833183,Codec8E,2026-07-18 21:10:50.000 UTC,1784409050000,0,41.5513416,-8.4100900,178,239,15,64,0,"{""239"":1,""240"":1,""80"":1,""21"":5,""200"":0,""69"":1,""237"":2,""113"":100,""263"":1,""303"":1,""383"":3,""30"":0,""31"":3,""32"":52,""33"":254,""35"":90,""37"":63,""38"":244,""39"":42,""181"":13,""182"":6,""66"":14251,""24"":64,""206"":26,""67"":4143,""68"":0,""13"":43,""17"":67,""18"":83,""19"":54,""15"":200,""13201"":392,""36"":1666,""40"":1133,""43"":0,""241"":26801,""199"":2002,""16"":206904,""12"":819,""449"":0,""636"":110170164,""389"":0,""11"":893510181,""238"":0,""14"":2540732448,""387"":""2b3431353531332e343136372d303038343130302e393030302b3030302e3137382f""}"
2026-07-18T23:48:01Z,862272088833183,Codec8E,2026-07-18 21:10:56.000 UTC,1784409056000,0,41.5508583,-8.4112833,180,238,16,66,0,"{""239"":1,""240"":1,""80"":1,""21"":5,""200"":0,""69"":1,""237"":2,""113"":100,""263"":1,""303"":1,""383"":3,""30"":0,""31"":54,""32"":52,""33"":251,""35"":115,""37"":68,""38"":244,""39"":43,""181"":9,""182"":6,""66"":14201,""24"":66,""206"":26,""67"":4143,""68"":0,""13"":43,""17"":219,""18"":66,""19"":-308,""15"":400,""13201"":394,""36"":1783,""40"":933,""43"":0,""241"":26801,""199"":2115,""16"":207017,""12"":819,""449"":0,""636"":110170164,""389"":0,""11"":893510181,""238"":0,""14"":2540732448,""387"":""2b3431353530382e353833332d303038343131322e383333332b3030302e3138302f""}"
2026-07-18T23:48:02Z,862272088833183,Codec8E,2026-07-18 21:10:59.000 UTC,1784409059000,0,41.5506983,-8.4116399,181,241,16,51,0,"{""239"":1,""240"":1,""80"":1,""21"":5,""200"":0,""69"":1,""237"":2,""113"":100,""263"":1,""303"":1,""383"":3,""30"":0,""31"":4,""32"":52,""33"":242,""35"":17,""37"":55,""38"":243,""39"":42,""181"":9,""182"":6,""66"":14200,""24"":51,""206"":26,""67"":4143,""68"":0,""13"":43,""17"":86,""18"":24,""19"":-128,""15"":400,""13201"":394,""36"":1435,""40"":155,""43"":0,""241"":26801,""199"":2150,""16"":207052,""12"":819,""449"":0,""636"":110170164,""389"":0,""11"":893510181,""238"":0,""14"":2540732448,""387"":""2b3431353530362e393833332d303038343131362e343030302b3030302e3138312f""}"
2026-07-18T23:48:02Z,862272088833183,Codec8E,2026-07-18 21:11:00.000 UTC,1784409060000,0,41.5506866,-8.4116700,182,243,16,42,255,"{""239"":1,""240"":1,""80"":1,""21"":5,""200"":0,""69"":1,""237"":2,""113"":100,""263"":1,""303"":1,""383"":3,""30"":0,""31"":4,""32"":52,""33"":242,""35"":17,""37"":55,""38"":243,""39"":42,""255"":42,""181"":12,""182"":6,""66"":14197,""24"":42,""206"":26,""67"":4142,""68"":0,""13"":43,""17"":98,""18"":2,""19"":-143,""15"":400,""13201"":394,""36"":1435,""40"":155,""43"":0,""241"":26801,""199"":2153,""16"":207055,""12"":819,""449"":0,""636"":110170164,""389"":0,""11"":893510181,""238"":0,""14"":2540732448,""387"":""2b3431353530362e383636372d303038343131362e373030302b3030302e3138322f""}"
2026-07-18T23:48:02Z,862272088833183,Codec8E,2026-07-18 21:11:02.000 UTC,1784409062000,0,41.5506700,-8.4117366,184,250,16,27,0,"{""239"":1,""240"":1,""80"":1,""21"":5,""200"":0,""69"":1,""237"":2,""113"":100,""263"":1,""303"":1,""383"":3,""30"":0,""31"":12,""32"":53,""33"":251,""35"":35,""37"":12,""38"":251,""39"":42,""181"":12,""182"":6,""66"":14194,""24"":27,""206"":26,""67"":4143,""68"":0,""13"":43,""17"":-20,""18"":28,""19"":-31,""15"":400,""13201"":394,""36"":959,""40"":161,""43"":0,""241"":26801,""199"":2156,""16"":207058,""12"":819,""449"":0,""636"":110170164,""389"":0,""11"":893510181,""238"":0,""14"":2540732448,""387"":""2b3431353530362e373030302d303038343131372e333636372b3030302e3138342f""}"
2026-07-18T23:48:02Z,862272088833183,Codec8E,2026-07-18 21:11:04.000 UTC,1784409064000,0,41.5506650,-8.4117650,185,250,16,16,0,"{""239"":1,""240"":1,""80"":1,""21"":5,""200"":0,""69"":1,""237"":2,""113"":100,""263"":1,""303"":1,""383"":3,""30"":0,""31"":12,""32"":53,""33"":251,""35"":35,""37"":12,""38"":251,""39"":42,""181"":10,""182"":6,""66"":14224,""24"":16,""206"":26,""67"":4144,""68"":0,""13"":43,""17"":-37,""18"":23,""19"":-6,""15"":400,""13201"":394,""36"":959,""40"":161,""43"":0,""241"":26801,""199"":2160,""16"":207062,""12"":819,""449"":0,""636"":110170164,""389"":0,""11"":893510181,""238"":0,""14"":2540732448,""387"":""2b3431353530362e363530302d303038343131372e363530302b3030302e3138352f""}"
2026-07-18T23:50:00Z,862272088833183,Codec8E,2026-07-18 21:11:07.000 UTC,1784409067000,0,41.5506650,-8.4117850,187,250,16,6,0,"{""239"":1,""240"":1,""80"":1,""21"":5,""200"":0,""69"":1,""237"":2,""113"":100,""263"":1,""303"":1,""383"":3,""30"":0,""31"":12,""32"":53,""33"":3,""35"":33,""37"":0,""38"":240,""39"":42,""181"":9,""182"":6,""66"":14253,""24"":6,""206"":26,""67"":4143,""68"":0,""13"":43,""17"":-19,""18"":-9,""19"":-15,""15"":400,""13201"":394,""36"":1178,""40"":150,""43"":0,""241"":26801,""199"":2162,""16"":207064,""12"":819,""449"":0,""636"":110170164,""389"":0,""11"":893510181,""238"":0,""14"":2540732448,""387"":""2b3431353530362e363530302d303038343131372e383530302b3030302e3138372f""}"
2026-07-18T23:50:00Z,862272088833183,Codec8E,2026-07-18 21:11:10.000 UTC,1784409070000,0,41.5506483,-8.4118500,187,238,17,7,0,"{""239"":1,""240"":1,""80"":1,""21"":5,""200"":0,""69"":1,""237"":2,""113"":100,""263"":1,""303"":1,""383"":3,""30"":0,""31"":12,""32"":53,""33"":3,""35"":33,""37"":0,""38"":240,""39"":42,""181"":9,""182"":6,""66"":14257,""24"":7,""206"":26,""67"":4144,""68"":0,""13"":43,""17"":-126,""18"":10,""19"":286,""15"":400,""13201"":394,""36"":1178,""40"":150,""43"":0,""241"":26801,""199"":2168,""16"":207070,""12"":819,""449"":0,""636"":110170164,""389"":0,""11"":893510181,""238"":0,""14"":2540732448,""387"":""2b3431353530362e343833332d303038343131382e353030302b3030302e3138372f""}"
2026-07-18T23:50:00Z,862272088833183,Codec8E,2026-07-18 21:11:13.000 UTC,1784409073000,0,41.5505366,-8.4120816,187,241,17,18,0,"{""239"":1,""240"":1,""80"":1,""21"":5,""200"":0,""69"":1,""237"":2,""113"":100,""263"":1,""303"":1,""383"":3,""30"":0,""31"":8,""32"":53,""33"":3,""35"":115,""37"":16,""38"":243,""39"":43,""181"":9,""182"":6,""66"":14264,""24"":18,""206"":26,""67"":4140,""68"":0,""13"":43,""17"":-82,""18"":32,""19"":208,""15"":400,""13201"":394,""36"":2124,""40"":844,""43"":0,""241"":26801,""199"":2191,""16"":207093,""12"":819,""449"":0,""636"":110170163,""389"":0,""11"":893510181,""238"":0,""14"":2540732448,""387"":""2b3431353530352e333636372d303038343132302e383136372b3030302e3138372f""}"
2026-07-18T23:50:00Z,862272088833183,Codec8E,2026-07-18 21:11:15.000 UTC,1784409075000,0,41.5504150,-8.4123683,186,240,17,29,0,"{""239"":1,""240"":1,""80"":1,""21"":5,""200"":0,""69"":1,""237"":2,""113"":100,""263"":1,""303"":1,""383"":3,""30"":0,""31"":8,""32"":53,""33"":3,""35"":115,""37"":16,""38"":243,""39"":43,""181"":11,""182"":6,""66"":14251,""24"":29,""206"":26,""67"":4140,""68"":0,""13"":43,""17"":-80,""18"":-4,""19"":159,""15"":400,""13201"":394,""36"":2124,""40"":844,""43"":0,""241"":26801,""199"":2219,""16"":207121,""12"":819,""449"":0,""636"":110170163,""389"":0,""11"":893510181,""238"":0,""14"":2540732448,""387"":""2b3431353530342e313530302d303038343132332e363833332b3030302e3138362f""}"
2026-07-18T23:50:01Z,862272088833183,Codec8E,2026-07-18 21:11:17.000 UTC,1784409077000,0,41.5502683,-8.4126966,186,239,17,40,0,"{""239"":1,""240"":1,""80"":1,""21"":5,""200"":0,""69"":1,""237"":2,""113"":100,""263"":1,""303"":1,""383"":3,""30"":0,""31"":63,""32"":53,""33"":245,""35"":144,""37"":48,""38"":242,""39"":44,""181"":9,""182"":6,""66"":14268,""24"":40,""206"":26,""67"":4143,""68"":0,""13"":43,""17"":-86,""18"":10,""19"":147,""15"":400,""13201"":394,""36"":4481,""40"":3158,""43"":0,""241"":26801,""199"":2250,""16"":207152,""12"":819,""449"":0,""636"":110170163,""389"":0,""11"":893510181,""238"":0,""14"":2540732448,""387"":""2b3431353530322e363833332d303038343132362e393636372b3030302e3138362f""}"
2026-07-18T23:50:01Z,862272088833183,Codec8E,2026-07-18 21:11:19.000 UTC,1784409079000,0,41.5500916,-8.4130783,185,238,17,51,0,"{""239"":1,""240"":1,""80"":1,""21"":5,""200"":0,""69"":1,""237"":2,""113"":100,""263"":1,""303"":1,""383"":3,""30"":0,""31"":63,""32"":53,""33"":245,""35"":144,""37"":48,""38"":242,""39"":44,""181"":9,""182"":6,""66"":14256,""24"":51,""206"":26,""67"":4141,""68"":0,""13"":43,""17"":-12,""18"":25,""19"":130,""15"":400,""13201"":394,""36"":4481,""40"":3158,""43"":0,""241"":26801,""199"":2288,""16"":207190,""12"":819,""449"":0,""636"":110170164,""389"":0,""11"":893510181,""238"":0,""14"":2540732448,""387"":""2b3431353530302e393136372d303038343133302e373833332b3030302e3138352f""}"
2026-07-18T23:50:01Z,862272088833183,Codec8E,2026-07-18 21:11:20.000 UTC,1784409080000,0,41.5500016,-8.4132750,185,238,17,56,255,"{""239"":1,""240"":1,""80"":1,""21"":5,""200"":0,""69"":1,""237"":2,""113"":100,""263"":1,""303"":1,""383"":3,""30"":0,""31"":63,""32"":53,""33"":245,""35"":144,""37"":48,""38"":242,""39"":44,""255"":56,""181"":9,""182"":6,""66"":14248,""24"":56,""206"":26,""67"":4142,""68"":0,""13"":43,""17"":-47,""18"":81,""19"":103,""15"":400,""13201"":394,""36"":4481,""40"":3158,""43"":0,""241"":26801,""199"":2307,""16"":207209,""12"":819,""449"":0,""636"":110170164,""389"":0,""11"":893510181,""238"":0,""14"":2540732448,""387"":""2b3431353530302e303136372d303038343133322e373530302b3030302e3138352f""}"
2026-07-18T23:50:01Z,862272088833183,Codec8E,2026-07-18 21:11:23.000 UTC,1784409083000,0,41.5497183,-8.4139316,184,240,16,68,0,"{""239"":1,""240"":1,""80"":1,""21"":5,""200"":0,""69"":1,""237"":2,""113"":100,""263"":1,""303"":1,""383"":3,""30"":0,""31"":67,""32"":53,""33"":235,""35"":30,""37"":66,""38"":242,""39"":46,""181"":9,""182"":6,""66"":14233,""24"":68,""206"":26,""67"":4143,""68"":0,""13"":43,""17"":77,""18"":11,""19"":125,""15"":400,""13201"":394,""36"":3788,""40"":3263,""43"":0,""241"":26801,""199"":2370,""16"":207272,""12"":819,""449"":0,""636"":110170163,""389"":0,""11"":893510181,""238"":0,""14"":2540732448,""387"":""2b3431353439372e313833332d303038343133392e333136372b3030302e3138342f""}"
2026-07-18T23:50:01Z,862272088833183,Codec8E,2026-07-18 21:11:28.000 UTC,1784409088000,0,41.5492200,-8.4151100,180,241,17,77,0,"{""239"":1,""240"":1,""80"":1,""21"":5,""200"":0,""69"":1,""237"":2,""113"":100,""263"":1,""303"":1,""383"":3,""30"":0,""31"":69,""32"":54,""33"":232,""35"":146,""37"":79,""38"":243,""39"":47,""181"":9,""182"":6,""66"":14247,""24"":77,""206"":26,""67"":4143,""68"":0,""13"":43,""17"":180,""18"":-21,""19"":54,""15"":400,""13201"":394,""36"":3731,""40"":341,""43"":0,""241"":26801,""199"":2482,""16"":207384,""12"":819,""449"":0,""636"":110170163,""389"":0,""11"":893510181,""238"":0,""14"":2540732448,""387"":""2b3431353439322e323030302d303038343135312e313030302b3030302e3138302f""}"
2026-07-18T23:50:01Z,862272088833183,Codec8E,2026-07-18 21:11:33.000 UTC,1784409093000,0,41.5487250,-8.4162133,174,236,14,76,0,"{""239"":1,""240"":1,""80"":1,""21"":5,""200"":0,""69"":1,""237"":2,""113"":100,""263"":1,""303"":1,""383"":3,""30"":0,""31"":4,""32"":55,""33"":0,""35"":16,""37"":78,""38"":222,""39"":47,""181"":10,""182"":7,""66"":14247,""24"":76,""206"":26,""67"":4143,""68"":0,""13"":43,""17"":182,""18"":-65,""19"":208,""15"":400,""13201"":395,""36"":2851,""40"":152,""43"":0,""241"":26801,""199"":2590,""16"":207492,""12"":819,""449"":0,""636"":110170163,""389"":0,""11"":893510181,""238"":0,""14"":2540732448,""387"":""2b3431353438372e323530302d303038343136322e313333332b3030302e3137342f""}"
2026-07-18T23:50:01Z,862272088833183,Codec8E,2026-07-18 21:11:36.000 UTC,1784409096000,0,41.5483783,-8.4167416,174,225,14,72,0,"{""239"":1,""240"":1,""80"":1,""21"":5,""200"":0,""69"":1,""237"":2,""113"":100,""263"":1,""303"":1,""383"":3,""30"":0,""31"":49,""32"":55,""33"":246,""35"":21,""37"":72,""38"":243,""39"":47,""181"":10,""182"":7,""66"":14243,""24"":72,""206"":26,""67"":4143,""68"":0,""13"":43,""17"":13,""18"":-34,""19"":76,""15"":400,""13201"":395,""36"":2201,""40"":1227,""43"":0,""241"":26801,""199"":2648,""16"":207550,""12"":819,""449"":0,""636"":110170163,""389"":0,""11"":893510181,""238"":0,""14"":2540732448,""387"":""2b3431353438332e373833332d303038343136372e343136372b3030302e3137342f""}"
2026-07-18T23:50:01Z,862272088833183,Codec8E,2026-07-18 21:11:41.000 UTC,1784409101000,0,41.5476466,-8.4175116,170,217,16,74,0,"{""239"":1,""240"":1,""80"":1,""21"":5,""200"":0,""69"":1,""237"":2,""113"":100,""263"":1,""303"":1,""383"":3,""30"":0,""31"":54,""32"":55,""33"":249,""35"":122,""37"":72,""38"":246,""39"":48,""181"":9,""182"":6,""66"":14258,""24"":74,""206"":26,""67"":4142,""68"":0,""13"":43,""17"":30,""18"":13,""19"":-56,""15"":400,""13201"":395,""36"":1877,""40"":1463,""43"":0,""241"":26801,""199"":2752,""16"":207654,""12"":819,""449"":0,""636"":110170165,""389"":0,""11"":893510181,""238"":0,""14"":2540732448,""387"":""2b3431353437362e343636372d303038343137352e313136372b3030302e3137302f""}"
2026-07-18T23:50:02Z,862272088833183,Codec8E,2026-07-18 21:11:46.000 UTC,1784409106000,0,41.5469150,-8.4182416,166,217,14,71,0,"{""239"":1,""240"":1,""80"":1,""21"":5,""200"":0,""69"":1,""237"":2,""113"":100,""263"":1,""303"":1,""383"":3,""30"":0,""31"":60,""32"":56,""33"":246,""35"":92,""37"":78,""38"":229,""39"":47,""181"":10,""182"":7,""66"":14210,""24"":71,""206"":26,""67"":4143,""68"":0,""13"":43,""17"":204,""18"":-85,""19"":-201,""15"":400,""13201"":395,""36"":2057,""40"":116,""43"":0,""241"":26801,""199"":2853,""16"":207755,""12"":819,""449"":0,""636"":110374965,""389"":0,""11"":893510181,""238"":0,""14"":2540732448,""387"":""2b3431353436392e313530302d303038343138322e343136372b3030302e3136362f""}"
2026-07-18T23:50:02Z,862272088833183,Codec8E,2026-07-18 21:11:49.000 UTC,1784409109000,0,41.5465949,-8.4185616,166,221,15,58,0,"{""239"":1,""240"":1,""80"":1,""21"":5,""200"":0,""69"":1,""237"":2,""113"":100,""263"":1,""303"":1,""383"":3,""30"":0,""31"":3,""32"":56,""33"":0,""35"":17,""37"":57,""38"":240,""39"":47,""181"":10,""182"":6,""66"":14200,""24"":58,""206"":26,""67"":4142,""68"":0,""13"":43,""17"":149,""18"":427,""19"":-220,""15"":400,""13201"":395,""36"":1558,""40"":130,""43"":0,""241"":26801,""199"":2898,""16"":207800,""12"":819,""449"":0,""636"":110374965,""389"":0,""11"":893510181,""238"":0,""14"":2540732448,""387"":""2b3431353436352e393530302d303038343138352e363136372b3030302e3136362f""}"
2026-07-18T23:50:02Z,862272088833183,Codec8E,2026-07-18 21:11:51.000 UTC,1784409111000,0,41.5464783,-8.4186816,167,215,14,47,0,"{""239"":1,""240"":1,""80"":1,""21"":5,""200"":0,""69"":1,""237"":2,""113"":100,""263"":1,""303"":1,""383"":3,""30"":0,""31"":3,""32"":56,""33"":0,""35"":17,""37"":57,""38"":240,""39"":47,""181"":10,""182"":7,""66"":14214,""24"":47,""206"":26,""67"":4143,""68"":0,""13"":43,""17"":15,""18"":560,""19"":-65,""15"":400,""13201"":395,""36"":1558,""40"":130,""43"":0,""241"":26801,""199"":2914,""16"":207816,""12"":819,""449"":0,""636"":110374965,""389"":0,""11"":893510181,""238"":0,""14"":2540732448,""387"":""2b3431353436342e373833332d303038343138362e383136372b3030302e3136372f""}"
2026-07-18T23:50:02Z,862272088833183,Codec8E,2026-07-18 21:11:51.010 UTC,1784409111010,0,41.5464783,-8.4186816,167,215,14,47,255,"{""239"":1,""240"":1,""80"":1,""21"":5,""200"":0,""69"":1,""237"":2,""113"":100,""263"":1,""303"":1,""383"":3,""30"":0,""31"":3,""32"":56,""33"":0,""35"":17,""37"":57,""38"":240,""39"":47,""255"":47,""181"":10,""182"":7,""66"":14215,""24"":47,""206"":26,""67"":4143,""68"":0,""13"":43,""17"":-33,""18"":214,""19"":-15,""15"":400,""13201"":395,""36"":1558,""40"":130,""43"":0,""241"":26801,""199"":2914,""16"":207816,""12"":819,""449"":0,""636"":110374965,""389"":0,""11"":893510181,""238"":0,""14"":2540732448,""387"":""2b3431353436342e373833332d303038343138362e383136372b3030302e3136372f""}"
2026-07-18T23:50:02Z,862272088833183,Codec8E,2026-07-18 21:11:53.000 UTC,1784409113000,0,41.5463883,-8.4187666,166,212,14,37,0,"{""239"":1,""240"":1,""80"":1,""21"":5,""200"":0,""69"":1,""237"":2,""113"":100,""263"":1,""303"":1,""383"":3,""30"":0,""31"":10,""32"":56,""33"":0,""35"":32,""37"":25,""38"":236,""39"":46,""181"":14,""182"":7,""66"":14244,""24"":37,""206"":26,""67"":4142,""68"":0,""13"":43,""17"":123,""18"":284,""19"":108,""15"":400,""13201"":395,""36"":1547,""40"":888,""43"":0,""241"":26801,""199"":2926,""16"":207828,""12"":819,""449"":0,""636"":110374965,""389"":0,""11"":893510181,""238"":0,""14"":2540732448,""387"":""2b3431353436332e383833332d303038343138372e363636372b3030302e3136362f""}"
2026-07-18T23:50:02Z,862272088833183,Codec8E,2026-07-18 21:11:56.000 UTC,1784409116000,0,41.5463799,-8.4189083,166,214,14,26,0,"{""239"":1,""240"":1,""80"":1,""21"":5,""200"":0,""69"":1,""237"":2,""113"":100,""263"":1,""303"":1,""383"":3,""30"":0,""31"":10,""32"":56,""33"":0,""35"":32,""37"":25,""38"":236,""39"":46,""181"":15,""182"":7,""66"":14241,""24"":26,""206"":26,""67"":4143,""68"":0,""13"":43,""17"":106,""18"":262,""19"":279,""15"":400,""13201"":395,""36"":1547,""40"":888,""43"":0,""241"":26801,""199"":2944,""16"":207846,""12"":819,""449"":0,""636"":110374965,""389"":0,""11"":893510181,""238"":0,""14"":2540732448,""387"":""2b3431353436332e383030302d303038343138392e303833332b3030302e3136362f""}"
2026-07-18T23:50:02Z,862272088833183,Codec8E,2026-07-18 21:11:59.000 UTC,1784409119000,0,41.5463550,-8.4189100,165,185,10,17,0,"{""239"":1,""240"":1,""80"":1,""21"":5,""200"":0,""69"":1,""237"":2,""113"":100,""263"":1,""303"":1,""383"":3,""30"":0,""31"":24,""32"":56,""33"":0,""35"":89,""37"":28,""38"":242,""39"":47,""181"":13,""182"":10,""66"":14258,""24"":17,""206"":26,""67"":4144,""68"":0,""13"":43,""17"":184,""18"":18,""19"":317,""15"":400,""13201"":395,""36"":1881,""40"":1561,""43"":0,""241"":26801,""199"":2951,""16"":207853,""12"":819,""449"":0,""636"":110218803,""389"":0,""11"":893510181,""238"":0,""14"":2540732448,""387"":""2b3431353436332e353530302d303038343138392e313030302b3030302e3136352f""}"
2026-07-18T23:50:02Z,862272088833183,Codec8E,2026-07-18 21:12:00.000 UTC,1784409120000,0,41.5463366,-8.4188683,165,164,10,15,0,"{""239"":1,""240"":1,""80"":1,""21"":5,""200"":0,""69"":1,""237"":2,""113"":100,""263"":1,""303"":1,""383"":3,""30"":0,""31"":24,""32"":56,""33"":0,""35"":89,""37"":28,""38"":242,""39"":47,""181"":17,""182"":9,""66"":14262,""24"":15,""206"":26,""67"":4142,""68"":0,""13"":43,""17"":127,""18"":-47,""19"":81,""15"":400,""13201"":395,""36"":1881,""40"":1561,""43"":0,""241"":26801,""199"":2955,""16"":207857,""12"":819,""449"":0,""636"":110218803,""389"":0,""11"":893510181,""238"":0,""14"":2540732448,""387"":""2b3431353436332e333636372d303038343138382e363833332b3030302e3136352f""}"
2026-07-18T23:50:04Z,862272088833183,Codec8E,2026-07-18 21:12:01.000 UTC,1784409121000,0,41.5463099,-8.4188333,164,154,9,13,0,"{""239"":1,""240"":1,""80"":1,""21"":5,""200"":0,""69"":1,""237"":2,""113"":100,""263"":1,""303"":1,""383"":3,""30"":0,""31"":24,""32"":56,""33"":0,""35"":89,""37"":28,""38"":242,""39"":47,""181"":18,""182"":9,""66"":14252,""24"":13,""206"":26,""67"":4141,""68"":0,""13"":43,""17"":208,""18"":74,""19"":73,""15"":400,""13201"":395,""36"":1881,""40"":1561,""43"":0,""241"":26801,""199"":2959,""16"":207861,""12"":819,""449"":0,""636"":110218803,""389"":0,""11"":893510181,""238"":0,""14"":2540732448,""387"":""2b3431353436332e313030302d303038343138382e333333332b3030302e3136342f""}"
2026-07-18T23:50:04Z,862272088833183,Codec8E,2026-07-18 21:12:02.000 UTC,1784409122000,0,41.5463233,-8.4188150,164,141,10,11,0,"{""239"":1,""240"":1,""80"":1,""21"":5,""200"":0,""69"":1,""237"":2,""113"":100,""263"":1,""303"":1,""383"":3,""30"":0,""31"":62,""32"":55,""33"":249,""35"":139,""37"":45,""38"":241,""39"":49,""181"":15,""182"":11,""66"":14261,""24"":11,""206"":26,""67"":4142,""68"":0,""13"":43,""17"":273,""18"":67,""19"":79,""15"":400,""13201"":395,""36"":2972,""40"":808,""43"":0,""241"":26801,""199"":2959,""16"":207861,""12"":819,""449"":0,""636"":110218803,""389"":0,""11"":893510181,""238"":0,""14"":2540732448,""387"":""2b3431353436332e323333332d303038343138382e313530302b3030302e3136342f""}"
2026-07-18T23:50:04Z,862272088833183,Codec8E,2026-07-18 21:12:05.000 UTC,1784409125000,0,41.5465183,-8.4188416,163,356,13,8,0,"{""239"":1,""240"":1,""80"":1,""21"":5,""200"":0,""69"":1,""237"":2,""113"":100,""263"":1,""303"":1,""383"":3,""30"":0,""31"":62,""32"":55,""33"":249,""35"":139,""37"":45,""38"":241,""39"":49,""181"":11,""182"":8,""66"":14218,""24"":8,""206"":26,""67"":4143,""68"":0,""13"":43,""17"":419,""18"":114,""19"":-214,""15"":400,""13201"":395,""36"":2972,""40"":808,""43"":0,""241"":26801,""199"":2984,""16"":207886,""12"":819,""449"":0,""636"":110218803,""389"":0,""11"":893510181,""238"":0,""14"":2540732448,""387"":""2b3431353436352e313833332d303038343138382e343136372b3030302e3136332f""}"
2026-07-18T23:50:04Z,862272088833183,Codec8E,2026-07-18 21:12:07.000 UTC,1784409127000,0,41.5467316,-8.4189400,163,344,14,11,0,"{""239"":1,""240"":1,""80"":1,""21"":5,""200"":0,""69"":1,""237"":2,""113"":100,""263"":1,""303"":1,""383"":3,""30"":0,""31"":4,""32"":56,""33"":0,""35"":18,""37"":36,""38"":237,""39"":48,""181"":10,""182"":7,""66"":14206,""24"":11,""206"":26,""67"":4142,""68"":0,""13"":43,""17"":-21,""18"":9,""19"":-48,""15"":400,""13201"":396,""36"":1898,""40"":122,""43"":0,""241"":26801,""199"":3009,""16"":207911,""12"":819,""449"":0,""636"":110218803,""389"":0,""11"":893510181,""238"":0,""14"":2540732448,""387"":""2b3431353436372e333136372d303038343138392e343030302b3030302e3136332f""}"
2026-07-18T23:52:01Z,862272088833183,Codec8E,2026-07-18 21:12:09.000 UTC,1784409129000,0,41.5468800,-8.4190000,163,358,14,10,0,"{""239"":1,""240"":1,""80"":1,""21"":5,""200"":0,""69"":1,""237"":2,""113"":100,""263"":1,""303"":1,""383"":3,""30"":0,""31"":4,""32"":56,""33"":0,""35"":18,""37"":36,""38"":237,""39"":48,""181"":10,""182"":7,""66"":14210,""24"":10,""206"":26,""67"":4141,""68"":0,""13"":43,""17"":2,""18"":22,""19"":-25,""15"":500,""13201"":395,""36"":1898,""40"":122,""43"":0,""241"":26801,""199"":3026,""16"":207928,""12"":819,""449"":0,""636"":110218803,""389"":0,""11"":893510181,""238"":0,""14"":2540732448,""387"":""2b3431353436382e383030302d303038343139302e303030302b3030302e3136332f""}"
2026-07-18T23:52:01Z,862272088833183,Codec8E,2026-07-18 21:12:17.000 UTC,1784409137000,0,41.5473050,-8.4191316,160,33,15,6,0,"{""239"":1,""240"":1,""80"":1,""21"":5,""200"":0,""69"":1,""237"":2,""113"":100,""263"":1,""303"":1,""383"":3,""30"":0,""31"":45,""32"":56,""33"":253,""35"":120,""37"":19,""38"":243,""39"":49,""181"":12,""182"":6,""66"":14254,""24"":6,""206"":26,""67"":4143,""68"":0,""13"":43,""17"":-96,""18"":-129,""19"":330,""15"":500,""13201"":395,""36"":2211,""40"":3230,""43"":0,""241"":26801,""199"":3076,""16"":207978,""12"":819,""449"":0,""636"":110218803,""389"":0,""11"":893510181,""238"":0,""14"":2540732448,""387"":""2b3431353437332e303530302d303038343139312e333136372b3030302e3136302f""}"
2026-07-18T23:52:01Z,862272088833183,Codec8E,2026-07-18 21:12:20.000 UTC,1784409140000,0,41.5476800,-8.4189233,160,39,16,20,0,"{""239"":1,""240"":1,""80"":1,""21"":5,""200"":0,""69"":1,""237"":2,""113"":100,""263"":1,""303"":1,""383"":3,""30"":0,""31"":45,""32"":56,""33"":253,""35"":120,""37"":19,""38"":243,""39"":49,""181"":10,""182"":6,""66"":14260,""24"":20,""206"":26,""67"":4142,""68"":0,""13"":43,""17"":294,""18"":169,""19"":161,""15"":500,""13201"":395,""36"":2211,""40"":3230,""43"":0,""241"":26801,""199"":3122,""16"":208024,""12"":819,""449"":0,""636"":110218803,""389"":0,""11"":893510181,""238"":0,""14"":2540732448,""387"":""2b3431353437362e383030302d303038343138392e323333332b3030302e3136302f""}"
2026-07-18T23:52:01Z,862272088833183,Codec8E,2026-07-18 21:12:23.000 UTC,1784409143000,0,41.5480850,-8.4186699,161,38,16,31,0,"{""239"":1,""240"":1,""80"":1,""21"":5,""200"":0,""69"":1,""237"":2,""113"":100,""263"":1,""303"":1,""383"":3,""30"":0,""31"":56,""32"":56,""33"":247,""35"":141,""37"":44,""38"":243,""39"":51,""181"":9,""182"":6,""66"":14257,""24"":31,""206"":26,""67"":4143,""68"":0,""13"":43,""17"":498,""18"":-110,""19"":72,""15"":500,""13201"":395,""36"":3982,""40"":230,""43"":0,""241"":26801,""199"":3172,""16"":208074,""12"":819,""449"":0,""636"":110218803,""389"":0,""11"":893510181,""238"":0,""14"":2540732448,""387"":""2b3431353438302e383530302d303038343138362e373030302b3030302e3136312f""}"
2026-07-18T23:52:02Z,862272088833183,Codec8E,2026-07-18 21:12:31.000 UTC,1784409151000,0,41.5489050,-8.4183183,173,27,17,26,0,"{""239"":1,""240"":1,""80"":1,""21"":5,""200"":0,""69"":1,""237"":2,""113"":100,""263"":1,""303"":1,""383"":3,""30"":0,""31"":39,""32"":58,""33"":249,""35"":51,""37"":26,""38"":233,""39"":49,""181"":11,""182"":6,""66"":14260,""24"":26,""206"":26,""67"":4143,""68"":0,""13"":43,""17"":270,""18"":-263,""19"":240,""15"":500,""13201"":396,""36"":1842,""40"":83,""43"":0,""241"":26801,""199"":3272,""16"":208174,""12"":819,""449"":0,""636"":110218803,""389"":0,""11"":893510181,""238"":0,""14"":2540732448,""387"":""2b3431353438392e303530302d303038343138332e313833332b3030302e3137332f""}"
2026-07-18T23:52:02Z,862272088833183,Codec8E,2026-07-18 21:12:32.000 UTC,1784409152000,0,41.5489616,-8.4183133,175,16,17,25,0,"{""239"":1,""240"":1,""80"":1,""21"":5,""200"":0,""69"":1,""237"":2,""113"":100,""263"":1,""303"":1,""383"":3,""30"":0,""31"":39,""32"":58,""33"":249,""35"":51,""37"":26,""38"":233,""39"":49,""181"":11,""182"":6,""66"":14232,""24"":25,""206"":26,""67"":4142,""68"":0,""13"":43,""17"":70,""18"":-73,""19"":139,""15"":500,""13201"":396,""36"":1842,""40"":83,""43"":0,""241"":26801,""199"":3278,""16"":208180,""12"":819,""449"":0,""636"":110218803,""389"":0,""11"":893510181,""238"":0,""14"":2540732448,""387"":""2b3431353438392e363136372d303038343138332e313333332b3030302e3137352f""}"
2026-07-18T23:52:02Z,862272088833183,Codec8E,2026-07-18 21:12:34.000 UTC,1784409154000,0,41.5490333,-8.4183700,178,328,17,21,0,"{""239"":1,""240"":1,""80"":1,""21"":5,""200"":0,""69"":1,""237"":2,""113"":100,""263"":1,""303"":1,""383"":3,""30"":0,""31"":39,""32"":58,""33"":249,""35"":51,""37"":26,""38"":233,""39"":49,""181"":11,""182"":6,""66"":14232,""24"":21,""206"":26,""67"":4142,""68"":0,""13"":43,""17"":296,""18"":82,""19"":434,""15"":500,""13201"":395,""36"":1842,""40"":83,""43"":0,""241"":26801,""199"":3289,""16"":208191,""12"":819,""449"":0,""636"":110218803,""389"":0,""11"":893510181,""238"":0,""14"":2540732448,""387"":""2b3431353439302e333333332d303038343138332e373030302b3030302e3137382f""}"
2026-07-18T23:52:02Z,862272088833183,Codec8E,2026-07-18 21:12:35.000 UTC,1784409155000,0,41.5490533,-8.4184466,179,309,17,20,0,"{""239"":1,""240"":1,""80"":1,""21"":5,""200"":0,""69"":1,""237"":2,""113"":100,""263"":1,""303"":1,""383"":3,""30"":0,""31"":11,""32"":58,""33"":255,""35"":52,""37"":19,""38"":242,""39"":49,""181"":9,""182"":6,""66"":14247,""24"":20,""206"":26,""67"":4142,""68"":0,""13"":43,""17"":25,""18"":112,""19"":90,""15"":500,""13201"":395,""36"":1820,""40"":1866,""43"":0,""241"":26801,""199"":3295,""16"":208197,""12"":819,""449"":0,""636"":110218803,""389"":0,""11"":893510181,""238"":0,""14"":2540732448,""387"":""2b3431353439302e353333332d303038343138342e343636372b3030302e3137392f""}"
2026-07-18T23:52:03Z,862272088833183,Codec8E,2026-07-18 21:12:37.000 UTC,1784409157000,0,41.5491100,-8.4186616,181,297,16,24,0,"{""239"":1,""240"":1,""80"":1,""21"":5,""200"":0,""69"":1,""237"":2,""113"":100,""263"":1,""303"":1,""383"":3,""30"":0,""31"":11,""32"":58,""33"":255,""35"":52,""37"":19,""38"":242,""39"":49,""181"":9,""182"":6,""66"":14258,""24"":24,""206"":26,""67"":4142,""68"":0,""13"":43,""17"":280,""18"":58,""19"":42,""15"":500,""13201"":395,""36"":1820,""40"":1866,""43"":0,""241"":26801,""199"":3314,""16"":208216,""12"":819,""449"":0,""636"":110218803,""389"":0,""11"":893510181,""238"":0,""14"":2540732448,""387"":""2b3431353439312e313030302d303038343138362e363136372b3030302e3138312f""}"
2026-07-18T23:52:03Z,862272088833183,Codec8E,2026-07-18 21:12:40.000 UTC,1784409160000,0,41.5492000,-8.4189883,182,278,16,28,0,"{""239"":1,""240"":1,""80"":1,""21"":5,""200"":0,""69"":1,""237"":2,""113"":100,""263"":1,""303"":1,""383"":3,""30"":0,""31"":42,""32"":58,""33"":245,""35"":19,""37"":33,""38"":222,""39"":50,""181"":9,""182"":6,""66"":14232,""24"":28,""206"":26,""67"":4142,""68"":0,""13"":43,""17"":248,""18"":-22,""19"":86,""15"":500,""13201"":395,""36"":3180,""40"":144,""43"":0,""241"":26801,""199"":3344,""16"":208246,""12"":819,""449"":0,""636"":110218803,""389"":0,""11"":893510181,""238"":0,""14"":2540732448,""387"":""2b3431353439322e303030302d303038343138392e383833332b3030302e3138322f""}"
2026-07-18T23:52:03Z,862272088833183,Codec8E,2026-07-18 21:12:43.000 UTC,1784409163000,0,41.5491550,-8.4192750,182,254,15,27,0,"{""239"":1,""240"":1,""80"":1,""21"":5,""200"":0,""69"":1,""237"":2,""113"":100,""263"":1,""303"":1,""383"":3,""30"":0,""31"":42,""32"":58,""33"":245,""35"":19,""37"":33,""38"":222,""39"":50,""181"":12,""182"":6,""66"":14232,""24"":27,""206"":26,""67"":4143,""68"":0,""13"":43,""17"":243,""18"":6,""19"":152,""15"":500,""13201"":395,""36"":3180,""40"":144,""43"":0,""241"":26801,""199"":3369,""16"":208271,""12"":819,""449"":0,""636"":110218803,""389"":0,""11"":893510181,""238"":0,""14"":2540732448,""387"":""2b3431353439312e353530302d303038343139322e373530302b3030302e3138322f""}"
2026-07-18T23:52:03Z,862272088833183,Codec8E,2026-07-18 21:12:44.000 UTC,1784409164000,0,41.5491116,-8.4193216,182,239,15,25,0,"{""239"":1,""240"":1,""80"":1,""21"":5,""200"":0,""69"":1,""237"":2,""113"":100,""263"":1,""303"":1,""383"":3,""30"":0,""31"":3,""32"":58,""33"":0,""35"":17,""37"":21,""38"":231,""39"":49,""181"":11,""182"":6,""66"":14261,""24"":25,""206"":26,""67"":4142,""68"":0,""13"":43,""17"":79,""18"":-16,""19"":229,""15"":500,""13201"":395,""36"":2122,""40"":94,""43"":0,""241"":26801,""199"":3375,""16"":208277,""12"":819,""449"":0,""636"":110218803,""389"":0,""11"":893510181,""238"":0,""14"":2540732448,""387"":""2b3431353439312e313136372d303038343139332e323136372b3030302e3138322f""}"
2026-07-18T23:52:03Z,862272088833183,Codec8E,2026-07-18 21:12:45.000 UTC,1784409165000,0,41.5490749,-8.4193666,183,224,15,23,0,"{""239"":1,""240"":1,""80"":1,""21"":5,""200"":0,""69"":1,""237"":2,""113"":100,""263"":1,""303"":1,""383"":3,""30"":0,""31"":3,""32"":58,""33"":0,""35"":17,""37"":21,""38"":231,""39"":49,""181"":12,""182"":6,""66"":14241,""24"":23,""206"":26,""67"":4140,""68"":0,""13"":43,""17"":36,""18"":21,""19"":102,""15"":500,""13201"":395,""36"":2122,""40"":94,""43"":0,""241"":26801,""199"":3380,""16"":208282,""12"":819,""449"":0,""636"":110218803,""389"":0,""11"":893510181,""238"":0,""14"":2540732448,""387"":""2b3431353439302e373530302d303038343139332e363636372b3030302e3138332f""}"
2026-07-18T23:52:03Z,862272088833183,Codec8E,2026-07-18 21:12:49.000 UTC,1784409169000,0,41.5489016,-8.4195150,185,208,15,20,0,"{""239"":1,""240"":1,""80"":1,""21"":5,""200"":0,""69"":1,""237"":2,""113"":100,""263"":1,""303"":1,""383"":3,""30"":0,""31"":24,""32"":58,""33"":254,""35"":15,""37"":21,""38"":249,""39"":49,""181"":12,""182"":6,""66"":14210,""24"":20,""206"":26,""67"":4143,""68"":0,""13"":43,""17"":297,""18"":11,""19"":-171,""15"":500,""13201"":396,""36"":2132,""40"":80,""43"":0,""241"":26801,""199"":3403,""16"":208305,""12"":819,""449"":0,""636"":110218803,""389"":0,""11"":893510181,""238"":0,""14"":2540732448,""387"":""2b3431353438392e303136372d303038343139352e313530302b3030302e3138352f""}"
2026-07-18T23:52:03Z,862272088833183,Codec8E,2026-07-18 21:12:50.000 UTC,1784409170000,0,41.5488683,-8.4195316,186,198,15,18,0,"{""239"":1,""240"":1,""80"":1,""21"":5,""200"":0,""69"":1,""237"":2,""113"":100,""263"":1,""303"":1,""383"":3,""30"":0,""31"":24,""32"":58,""33"":254,""35"":15,""37"":21,""38"":249,""39"":49,""181"":13,""182"":6,""66"":14217,""24"":18,""206"":26,""67"":4142,""68"":0,""13"":43,""17"":76,""18"":30,""19"":-155,""15"":500,""13201"":396,""36"":2132,""40"":80,""43"":0,""241"":26801,""199"":3407,""16"":208309,""12"":819,""449"":0,""636"":110218803,""389"":0,""11"":893510181,""238"":0,""14"":2540732448,""387"":""2b3431353438382e363833332d303038343139352e333136372b3030302e3138362f""}"
2026-07-18T23:52:03Z,862272088833183,Codec8E,2026-07-18 21:12:51.000 UTC,1784409171000,0,41.5488499,-8.4195300,187,173,15,15,0,"{""239"":1,""240"":1,""80"":1,""21"":5,""200"":0,""69"":1,""237"":2,""113"":100,""263"":1,""303"":1,""383"":3,""30"":0,""31"":24,""32"":58,""33"":254,""35"":15,""37"":21,""38"":249,""39"":49,""181"":13,""182"":6,""66"":14196,""24"":15,""206"":26,""67"":4142,""68"":0,""13"":43,""17"":-18,""18"":8,""19"":-30,""15"":500,""13201"":396,""36"":2132,""40"":80,""43"":0,""241"":26801,""199"":3407,""16"":208309,""12"":819,""449"":0,""636"":110218803,""389"":0,""11"":893510181,""238"":0,""14"":2540732448,""387"":""2b3431353438382e353030302d303038343139352e333030302b3030302e3138372f""}"
2026-07-18T23:52:04Z,862272088833183,Codec8E,2026-07-18 21:12:55.000 UTC,1784409175000,0,41.5488516,-8.4195283,187,173,15,4,0,"{""239"":1,""240"":1,""80"":1,""21"":5,""200"":0,""69"":1,""237"":2,""113"":100,""263"":1,""303"":1,""383"":3,""30"":0,""31"":12,""32"":59,""33"":0,""35"":35,""37"":0,""38"":0,""39"":48,""181"":9,""182"":6,""66"":13184,""24"":4,""206"":26,""67"":4143,""68"":0,""13"":43,""17"":43,""18"":128,""19"":-34,""15"":500,""13201"":396,""36"":923,""40"":136,""43"":0,""241"":26801,""199"":3407,""16"":208309,""12"":819,""449"":0,""636"":110218803,""389"":0,""11"":893510181,""238"":0,""14"":2540732448,""387"":""2b3431353438382e353136372d303038343139352e323833332b3030302e3138372f""}"
2026-07-18T23:52:04Z,862272088833183,Codec8E,2026-07-18 21:12:55.010 UTC,1784409175010,0,41.5488516,-8.4195283,187,173,15,4,239,"{""239"":0,""240"":1,""80"":1,""21"":5,""200"":0,""69"":1,""237"":2,""113"":100,""263"":1,""303"":1,""383"":3,""30"":0,""31"":12,""32"":59,""33"":0,""35"":35,""37"":0,""38"":0,""39"":48,""181"":9,""182"":6,""66"":13186,""24"":4,""206"":26,""67"":4143,""68"":0,""13"":43,""17"":1054,""18"":-68,""19"":804,""15"":500,""13201"":396,""36"":923,""40"":136,""43"":0,""241"":26801,""199"":3407,""16"":208309,""12"":819,""449"":0,""636"":110218803,""389"":0,""11"":893510181,""238"":0,""14"":2540732448,""387"":""2b3431353438382e353136372d303038343139352e323833332b3030302e3138372f""}"
2026-07-18T23:52:04Z,862272088833183,Codec8E,2026-07-18 21:13:08.000 UTC,1784409188000,0,41.5488516,-8.4195283,187,173,14,0,303,"{""239"":0,""240"":1,""80"":1,""21"":5,""200"":0,""69"":1,""237"":2,""113"":100,""263"":1,""303"":0,""383"":3,""30"":0,""31"":25,""32"":59,""33"":1,""35"":62,""37"":0,""38"":249,""39"":48,""181"":10,""182"":7,""66"":12982,""24"":0,""206"":26,""67"":4142,""68"":0,""13"":43,""17"":-16,""18"":15,""19"":-33,""15"":500,""13201"":395,""36"":0,""40"":127,""43"":0,""241"":26801,""199"":3407,""16"":208309,""12"":819,""449"":0,""636"":110218803,""389"":0,""11"":893510181,""238"":0,""14"":2540732448,""387"":""2b3431353438382e353136372d303038343139352e323833332b3030302e3138372f""}"
2026-07-18T23:52:04Z,862272088833183,Codec8E,2026-07-18 21:13:09.000 UTC,1784409189000,0,41.5488516,-8.4195283,187,173,14,0,303,"{""239"":0,""240"":1,""80"":1,""21"":5,""200"":0,""69"":1,""237"":2,""113"":100,""263"":1,""303"":1,""383"":3,""30"":0,""31"":25,""32"":59,""33"":1,""35"":62,""37"":0,""38"":249,""39"":48,""181"":10,""182"":7,""66"":12984,""24"":0,""206"":26,""67"":4140,""68"":0,""13"":43,""17"":-22,""18"":7,""19"":-37,""15"":500,""13201"":395,""36"":0,""40"":127,""43"":0,""241"":26801,""199"":3407,""16"":208309,""12"":819,""449"":0,""636"":110218803,""389"":0,""11"":893510181,""238"":0,""14"":2540732448,""387"":""2b3431353438382e353136372d303038343139352e323833332b3030302e3138372f""}"
2026-07-18T23:52:04Z,862272088833183,Codec8E,2026-07-18 21:13:12.000 UTC,1784409192000,0,41.5488516,-8.4195283,187,173,16,0,303,"{""239"":0,""240"":1,""80"":1,""21"":5,""200"":0,""69"":1,""237"":2,""113"":100,""263"":1,""303"":0,""383"":3,""30"":0,""31"":25,""32"":59,""33"":1,""35"":62,""37"":0,""38"":249,""39"":48,""181"":9,""182"":6,""66"":13021,""24"":0,""206"":26,""67"":4143,""68"":0,""13"":43,""17"":-10,""18"":5,""19"":-42,""15"":500,""13201"":395,""36"":0,""40"":127,""43"":0,""241"":26801,""199"":3407,""16"":208309,""12"":819,""449"":0,""636"":110218803,""389"":0,""11"":893510181,""238"":0,""14"":2540732448,""387"":""2b3431353438382e353136372d303038343139352e323833332b3030302e3138372f""}"
2026-07-18T23:52:04Z,862272088833183,Codec8E,2026-07-18 21:13:48.000 UTC,1784409228000,0,41.5488349,-8.4195549,187,276,16,0,303,"{""239"":0,""240"":1,""80"":1,""21"":5,""200"":0,""69"":1,""237"":2,""113"":100,""263"":1,""303"":1,""383"":3,""181"":9,""182"":6,""66"":12874,""24"":0,""206"":26,""67"":4140,""68"":0,""13"":43,""17"":-17,""18"":12,""19"":-34,""15"":500,""13201"":393,""241"":26801,""199"":3407,""16"":208309,""12"":819,""449"":0,""636"":110218803,""11"":893510181,""238"":0,""14"":2540732448,""387"":""2b3431353438382e333530302d303038343139352e353530302b3030302e3138372f""}"
2026-07-18T23:52:04Z,862272088833183,Codec8E,2026-07-18 21:13:53.000 UTC,1784409233000,0,41.5488349,-8.4195549,187,276,16,0,303,"{""239"":0,""240"":1,""80"":1,""21"":5,""200"":0,""69"":1,""237"":2,""113"":100,""263"":1,""303"":0,""383"":3,""181"":9,""182"":6,""66"":12870,""24"":0,""206"":26,""67"":4140,""68"":0,""13"":43,""17"":-18,""18"":17,""19"":-34,""15"":500,""13201"":394,""241"":26801,""199"":3407,""16"":208309,""12"":819,""449"":0,""636"":110218803,""11"":893510181,""238"":0,""14"":2540732448,""387"":""2b3431353438382e333530302d303038343139352e353530302b3030302e3138372f""}"
2026-07-18T23:52:04Z,862272088833183,Codec8E,2026-07-18 21:14:52.000 UTC,1784409292000,0,41.5488349,-8.4195549,187,276,15,0,240,"{""239"":0,""240"":0,""80"":0,""21"":5,""200"":0,""69"":1,""237"":2,""113"":100,""263"":1,""303"":0,""383"":3,""181"":10,""182"":6,""66"":12897,""24"":0,""206"":26,""67"":4140,""68"":0,""13"":43,""17"":-19,""18"":17,""19"":-32,""15"":1000,""13201"":391,""241"":26801,""199"":0,""16"":208309,""12"":819,""449"":0,""636"":110218803,""11"":893510181,""238"":0,""14"":2540732448,""387"":""2b3431353438382e333530302d303038343139352e353530302b3030302e3138372f""}"
2026-07-18T23:52:04Z,862272088833183,Codec8E,2026-07-18 21:22:36.000 UTC,1784409756000,0,41.5488349,-8.4195549,199,276,15,0,303,"{""239"":0,""240"":0,""80"":0,""21"":5,""200"":0,""69"":1,""237"":2,""113"":100,""263"":1,""303"":1,""383"":3,""181"":10,""182"":6,""66"":12808,""24"":0,""206"":26,""67"":4140,""68"":0,""13"":43,""17"":-18,""18"":11,""19"":-32,""15"":1000,""13201"":382,""241"":26801,""199"":0,""16"":208309,""12"":819,""449"":0,""636"":110218793,""11"":893510181,""238"":0,""14"":2540732448,""387"":""2b3431353438382e333530302d303038343139352e353530302b3030302e3139392f""}"
2026-07-18T23:54:03Z,862272088833183,Codec8E,2026-07-18 21:22:38.000 UTC,1784409758000,0,41.5488683,-8.4196766,199,293,16,0,240,"{""239"":0,""240"":1,""80"":1,""21"":5,""200"":0,""69"":1,""237"":2,""113"":100,""263"":1,""303"":1,""383"":3,""181"":9,""182"":6,""66"":12767,""24"":0,""206"":26,""67"":4140,""68"":0,""13"":43,""17"":-17,""18"":21,""19"":-35,""15"":1000,""13201"":382,""241"":26801,""199"":0,""16"":208309,""12"":819,""449"":0,""636"":110218793,""11"":893510181,""238"":0,""14"":2540732448,""387"":""2b3431353438382e363833332d303038343139362e373636372b3030302e3139392f""}"
2026-07-18T23:54:03Z,862272088833183,Codec8E,2026-07-18 21:22:40.000 UTC,1784409760000,0,41.5488683,-8.4196766,199,293,15,0,303,"{""239"":0,""240"":1,""80"":1,""21"":5,""200"":0,""69"":1,""237"":2,""113"":100,""263"":1,""303"":0,""383"":3,""181"":10,""182"":7,""66"":12636,""24"":0,""206"":26,""67"":4140,""68"":0,""13"":43,""17"":-15,""18"":12,""19"":-28,""15"":1000,""13201"":382,""241"":26801,""199"":0,""16"":208309,""12"":819,""449"":0,""636"":110218793,""11"":893510181,""238"":0,""14"":2540732448,""387"":""2b3431353438382e363833332d303038343139362e373636372b3030302e3139392f""}"
2026-07-18T23:54:03Z,862272088833183,Codec8E,2026-07-18 21:22:47.000 UTC,1784409767000,0,41.5488683,-8.4196766,199,293,13,0,239,"{""239"":1,""240"":1,""80"":1,""21"":5,""200"":0,""69"":1,""237"":2,""113"":100,""263"":1,""303"":0,""383"":3,""181"":11,""182"":8,""66"":14126,""24"":0,""206"":26,""67"":4140,""68"":0,""13"":43,""17"":-11,""18"":19,""19"":-19,""15"":1000,""13201"":383,""241"":26801,""199"":0,""16"":208309,""12"":819,""449"":0,""636"":110218793,""11"":893510181,""238"":0,""14"":2540732448,""387"":""2b3431353438382e363833332d303038343139362e373636372b3030302e3139392f""}"
2026-07-18T23:54:03Z,862272088833183,Codec8E,2026-07-18 21:22:53.000 UTC,1784409773000,0,41.5488483,-8.4195466,200,86,13,5,303,"{""239"":1,""240"":1,""80"":1,""21"":5,""200"":0,""69"":1,""237"":2,""113"":100,""263"":1,""303"":1,""383"":3,""181"":12,""182"":8,""66"":14174,""24"":5,""206"":26,""67"":4141,""68"":0,""13"":42,""17"":-14,""18"":-39,""19"":1,""15"":1000,""13201"":384,""241"":26801,""199"":0,""16"":208313,""12"":820,""449"":0,""636"":110218793,""11"":893510181,""238"":0,""14"":2540732448,""387"":""2b3431353438382e343833332d303038343139352e343636372b3030302e3230302f""}"
2026-07-18T23:54:03Z,862272088833183,Codec8E,2026-07-18 21:23:06.000 UTC,1784409786000,0,41.5488166,-8.4196583,195,216,15,6,0,"{""239"":1,""240"":1,""80"":1,""21"":5,""200"":0,""69"":1,""237"":2,""113"":100,""263"":1,""303"":1,""383"":3,""30"":0,""31"":17,""32"":63,""33"":0,""35"":43,""37"":6,""38"":244,""39"":49,""181"":12,""182"":6,""66"":14234,""24"":6,""206"":26,""67"":4140,""68"":0,""13"":42,""17"":79,""18"":78,""19"":31,""15"":1000,""13201"":385,""36"":1532,""40"":536,""43"":0,""241"":26801,""199"":8,""16"":208321,""12"":820,""449"":0,""636"":110218793,""11"":893510181,""238"":0,""14"":2540732448,""387"":""2b3431353438382e313636372d303038343139362e353833332b3030302e3139352f""}"
2026-07-18T23:54:03Z,862272088833183,Codec8E,2026-07-18 21:23:10.000 UTC,1784409790000,0,41.5486350,-8.4197983,195,215,14,16,0,"{""239"":1,""240"":1,""80"":1,""21"":5,""200"":0,""69"":1,""237"":2,""113"":100,""263"":1,""303"":1,""383"":3,""30"":0,""31"":21,""32"":62,""33"":0,""35"":21,""37"":18,""38"":237,""39"":48,""181"":11,""182"":6,""66"":14232,""24"":16,""206"":26,""67"":4140,""68"":0,""13"":42,""17"":199,""18"":-25,""19"":45,""15"":1000,""13201"":385,""36"":1609,""40"":866,""43"":0,""241"":26801,""199"":32,""16"":208345,""12"":820,""449"":0,""636"":110218793,""11"":893510181,""238"":0,""14"":2540732448,""387"":""2b3431353438362e333530302d303038343139372e393833332b3030302e3139352f""}"
2026-07-18T23:54:03Z,862272088833183,Codec8E,2026-07-18 21:23:15.000 UTC,1784409795000,0,41.5483850,-8.4200316,194,203,15,21,0,"{""239"":1,""240"":1,""80"":1,""21"":5,""200"":0,""69"":1,""237"":2,""113"":100,""263"":1,""303"":1,""383"":3,""30"":0,""31"":18,""32"":63,""33"":0,""35"":41,""37"":25,""38"":234,""39"":48,""181"":10,""182"":6,""66"":14210,""24"":21,""206"":26,""67"":4140,""68"":0,""13"":42,""17"":153,""18"":54,""19"":348,""15"":1000,""13201"":385,""36"":1658,""40"":80,""43"":0,""241"":26801,""199"":66,""16"":208379,""12"":820,""449"":0,""636"":110218793,""11"":893510181,""238"":0,""14"":2540732448,""387"":""2b3431353438332e383530302d303038343230302e333136372b3030302e3139342f""}"
2026-07-18T23:54:03Z,862272088833183,Codec8E,2026-07-18 21:23:16.000 UTC,1784409796000,0,41.5483416,-8.4200366,193,191,15,20,0,"{""239"":1,""240"":1,""80"":1,""21"":5,""200"":0,""69"":1,""237"":2,""113"":100,""263"":1,""303"":1,""383"":3,""30"":0,""31"":18,""32"":63,""33"":0,""35"":41,""37"":25,""38"":234,""39"":48,""181"":10,""182"":6,""66"":14210,""24"":20,""206"":26,""67"":4140,""68"":0,""13"":42,""17"":188,""18"":65,""19"":110,""15"":1000,""13201"":385,""36"":1658,""40"":80,""43"":0,""241"":26801,""199"":71,""16"":208384,""12"":820,""449"":0,""636"":110218793,""11"":893510181,""238"":0,""14"":2540732448,""387"":""2b3431353438332e343136372d303038343230302e333636372b3030302e3139332f""}"
2026-07-18T23:54:03Z,862272088833183,Codec8E,2026-07-18 21:23:17.000 UTC,1784409797000,0,41.5482866,-8.4200166,192,173,15,20,0,"{""239"":1,""240"":1,""80"":1,""21"":5,""200"":0,""69"":1,""237"":2,""113"":100,""263"":1,""303"":1,""383"":3,""30"":0,""31"":18,""32"":63,""33"":0,""35"":41,""37"":25,""38"":234,""39"":48,""181"":10,""182"":6,""66"":14210,""24"":20,""206"":26,""67"":4140,""68"":0,""13"":42,""17"":138,""18"":135,""19"":53,""15"":1000,""13201"":385,""36"":1658,""40"":80,""43"":0,""241"":26801,""199"":77,""16"":208390,""12"":820,""449"":0,""636"":110218793,""11"":893510181,""238"":0,""14"":2540732448,""387"":""2b3431353438322e383636372d303038343230302e313636372b3030302e3139322f""}"
2026-07-18T23:54:04Z,862272088833183,Codec8E,2026-07-18 21:23:18.000 UTC,1784409798000,0,41.5482250,-8.4199766,191,157,15,20,0,"{""239"":1,""240"":1,""80"":1,""21"":5,""200"":0,""69"":1,""237"":2,""113"":100,""263"":1,""303"":1,""383"":3,""30"":0,""31"":18,""32"":63,""33"":0,""35"":41,""37"":25,""38"":234,""39"":48,""181"":10,""182"":6,""66"":14213,""24"":20,""206"":26,""67"":4140,""68"":0,""13"":42,""17"":132,""18"":-30,""19"":132,""15"":1000,""13201"":386,""36"":1658,""40"":80,""43"":0,""241"":26801,""199"":85,""16"":208398,""12"":820,""449"":0,""636"":110218793,""11"":893510181,""238"":0,""14"":2540732448,""387"":""2b3431353438322e323530302d303038343139392e373636372b3030302e3139312f""}"
2026-07-18T23:54:04Z,862272088833183,Codec8E,2026-07-18 21:23:23.000 UTC,1784409803000,0,41.5479100,-8.4197566,188,146,15,22,0,"{""239"":1,""240"":1,""80"":1,""21"":5,""200"":0,""69"":1,""237"":2,""113"":100,""263"":1,""303"":1,""383"":3,""30"":0,""31"":10,""32"":62,""33"":0,""35"":17,""37"":24,""38"":238,""39"":48,""181"":10,""182"":6,""66"":14199,""24"":22,""206"":26,""67"":4141,""68"":0,""13"":42,""17"":63,""18"":-163,""19"":-5,""15"":1000,""13201"":386,""36"":1671,""40"":133,""43"":0,""241"":26801,""199"":124,""16"":208437,""12"":820,""449"":0,""636"":110218793,""11"":893510181,""238"":0,""14"":2540732448,""387"":""2b3431353437392e313030302d303038343139372e353636372b3030302e3138382f""}"
2026-07-18T23:54:04Z,862272088833183,Codec8E,2026-07-18 21:23:25.000 UTC,1784409805000,0,41.5478533,-8.4196816,188,135,15,18,0,"{""239"":1,""240"":1,""80"":1,""21"":5,""200"":0,""69"":1,""237"":2,""113"":100,""263"":1,""303"":1,""383"":3,""30"":0,""31"":10,""32"":62,""33"":0,""35"":17,""37"":24,""38"":238,""39"":48,""181"":10,""182"":6,""66"":14212,""24"":18,""206"":26,""67"":4140,""68"":0,""13"":42,""17"":108,""18"":-182,""19"":221,""15"":1000,""13201"":386,""36"":1671,""40"":133,""43"":0,""241"":26801,""199"":133,""16"":208446,""12"":820,""449"":0,""636"":110218793,""11"":893510181,""238"":0,""14"":2540732448,""387"":""2b3431353437382e353333332d303038343139362e383136372b3030302e3138382f""}"
2026-07-18T23:54:04Z,862272088833183,Codec8E,2026-07-18 21:23:26.000 UTC,1784409806000,0,41.5478416,-8.4196416,188,110,15,17,0,"{""239"":1,""240"":1,""80"":1,""21"":5,""200"":0,""69"":1,""237"":2,""113"":100,""263"":1,""303"":1,""383"":3,""30"":0,""31"":10,""32"":62,""33"":0,""35"":17,""37"":24,""38"":238,""39"":48,""181"":10,""182"":6,""66"":14206,""24"":17,""206"":26,""67"":4140,""68"":0,""13"":42,""17"":24,""18"":-179,""19"":179,""15"":1000,""13201"":386,""36"":1671,""40"":133,""43"":0,""241"":26801,""199"":137,""16"":208450,""12"":820,""449"":0,""636"":110218793,""11"":893510181,""238"":0,""14"":2540732448,""387"":""2b3431353437382e343136372d303038343139362e343136372b3030302e3138382f""}"
2026-07-18T23:54:05Z,862272088833183,Codec8E,2026-07-18 21:23:27.000 UTC,1784409807000,0,41.5478416,-8.4195866,187,92,16,18,0,"{""239"":1,""240"":1,""80"":1,""21"":5,""200"":0,""69"":1,""237"":2,""113"":100,""263"":1,""303"":1,""383"":3,""30"":0,""31"":10,""32"":62,""33"":0,""35"":17,""37"":24,""38"":238,""39"":48,""181"":12,""182"":6,""66"":14188,""24"":18,""206"":26,""67"":4140,""68"":0,""13"":42,""17"":100,""18"":-82,""19"":105,""15"":1000,""13201"":386,""36"":1671,""40"":133,""43"":0,""241"":26801,""199"":141,""16"":208454,""12"":820,""449"":0,""636"":110218793,""11"":893510181,""238"":0,""14"":2540732448,""387"":""2b3431353437382e343136372d303038343139352e383636372b3030302e3138372f""}"
2026-07-18T23:54:05Z,862272088833183,Codec8E,2026-07-18 21:23:28.000 UTC,1784409808000,0,41.5478500,-8.4195133,187,81,16,19,0,"{""239"":1,""240"":1,""80"":1,""21"":5,""200"":0,""69"":1,""237"":2,""113"":100,""263"":1,""303"":1,""383"":3,""30"":0,""31"":12,""32"":62,""33"":0,""35"":93,""37"":19,""38"":241,""39"":47,""181"":9,""182"":6,""66"":14193,""24"":19,""206"":26,""67"":4140,""68"":0,""13"":42,""17"":216,""18"":97,""19"":34,""15"":1000,""13201"":386,""36"":1736,""40"":1175,""43"":0,""241"":26801,""199"":147,""16"":208460,""12"":820,""449"":0,""636"":110218793,""11"":893510181,""238"":0,""14"":2540732448,""387"":""2b3431353437382e353030302d303038343139352e313333332b3030302e3138372f""}"
2026-07-18T23:54:05Z,862272088833183,Codec8E,2026-07-18 21:23:29.000 UTC,1784409809000,0,41.5478766,-8.4194333,186,71,15,20,0,"{""239"":1,""240"":1,""80"":1,""21"":5,""200"":0,""69"":1,""237"":2,""113"":100,""263"":1,""303"":1,""383"":3,""30"":0,""31"":12,""32"":62,""33"":0,""35"":93,""37"":19,""38"":241,""39"":47,""181"":9,""182"":6,""66"":14193,""24"":20,""206"":26,""67"":4140,""68"":0,""13"":42,""17"":45,""18"":276,""19"":134,""15"":1000,""13201"":386,""36"":1736,""40"":1175,""43"":0,""241"":26801,""199"":155,""16"":208468,""12"":820,""449"":0,""636"":110218793,""11"":893510181,""238"":0,""14"":2540732448,""387"":""2b3431353437382e373636372d303038343139342e333333332b3030302e3138362f""}"
2026-07-18T23:54:05Z,862272088833183,Codec8E,2026-07-18 21:23:33.000 UTC,1784409813000,0,41.5479333,-8.4190699,185,85,16,25,0,"{""239"":1,""240"":1,""80"":1,""21"":5,""200"":0,""69"":1,""237"":2,""113"":100,""263"":1,""303"":1,""383"":3,""30"":0,""31"":5,""32"":62,""33"":0,""35"":25,""37"":26,""38"":242,""39"":46,""181"":12,""182"":6,""66"":14202,""24"":25,""206"":26,""67"":4142,""68"":0,""13"":42,""17"":118,""18"":128,""19"":124,""15"":1000,""13201"":387,""36"":1681,""40"":913,""43"":0,""241"":26801,""199"":186,""16"":208499,""12"":820,""449"":0,""636"":110218793,""11"":893510181,""238"":0,""14"":2540732448,""387"":""2b3431353437392e333333332d303038343139302e373030302b3030302e3138352f""}"
2026-07-18T23:54:05Z,862272088833183,Codec8E,2026-07-18 21:23:34.000 UTC,1784409814000,0,41.5478999,-8.4189700,185,96,15,25,0,"{""239"":1,""240"":1,""80"":1,""21"":5,""200"":0,""69"":1,""237"":2,""113"":100,""263"":1,""303"":1,""383"":3,""30"":0,""31"":5,""32"":62,""33"":0,""35"":25,""37"":26,""38"":242,""39"":46,""181"":12,""182"":6,""66"":14206,""24"":25,""206"":26,""67"":4141,""68"":0,""13"":42,""17"":465,""18"":30,""19"":440,""15"":1000,""13201"":387,""36"":1681,""40"":913,""43"":0,""241"":26801,""199"":195,""16"":208508,""12"":820,""449"":0,""636"":110218793,""11"":893510181,""238"":0,""14"":2540732448,""387"":""2b3431353437392e303030302d303038343138392e373030302b3030302e3138352f""}"
2026-07-18T23:54:05Z,862272088833183,Codec8E,2026-07-18 21:23:36.000 UTC,1784409816000,0,41.5478200,-8.4187966,184,112,14,27,0,"{""239"":1,""240"":1,""80"":1,""21"":5,""200"":0,""69"":1,""237"":2,""113"":100,""263"":1,""303"":1,""383"":3,""30"":0,""31"":5,""32"":62,""33"":0,""35"":25,""37"":26,""38"":242,""39"":46,""181"":10,""182"":7,""66"":14209,""24"":27,""206"":26,""67"":4141,""68"":0,""13"":42,""17"":179,""18"":105,""19"":-13,""15"":1000,""13201"":388,""36"":1681,""40"":913,""43"":0,""241"":26801,""199"":212,""16"":208525,""12"":820,""449"":0,""636"":110218793,""11"":893510181,""238"":0,""14"":2540732448,""387"":""2b3431353437382e323030302d303038343138372e393636372b3030302e3138342f""}"
2026-07-18T23:54:05Z,862272088833183,Codec8E,2026-07-18 21:23:38.000 UTC,1784409818000,0,41.5477283,-8.4186433,184,124,14,27,0,"{""239"":1,""240"":1,""80"":1,""21"":5,""200"":0,""69"":1,""237"":2,""113"":100,""263"":1,""303"":1,""383"":3,""30"":0,""31"":28,""32"":61,""33"":0,""35"":38,""37"":34,""38"":225,""39"":45,""181"":10,""182"":7,""66"":14183,""24"":27,""206"":26,""67"":4141,""68"":0,""13"":42,""17"":182,""18"":250,""19"":-93,""15"":1000,""13201"":388,""36"":2312,""40"":136,""43"":0,""241"":26801,""199"":228,""16"":208541,""12"":820,""449"":0,""636"":110218793,""11"":893510181,""238"":0,""14"":2540732448,""387"":""2b3431353437372e323833332d303038343138362e343333332b3030302e3138342f""}"
2026-07-18T23:54:05Z,862272088833183,Codec8E,2026-07-18 21:23:42.000 UTC,1784409822000,0,41.5475650,-8.4184266,184,138,15,24,0,"{""239"":1,""240"":1,""80"":1,""21"":5,""200"":0,""69"":1,""237"":2,""113"":100,""263"":1,""303"":1,""383"":3,""30"":0,""31"":4,""32"":61,""33"":0,""35"":18,""37"":24,""38"":0,""39"":47,""181"":13,""182"":6,""66"":14213,""24"":24,""206"":26,""67"":4141,""68"":0,""13"":42,""17"":191,""18"":124,""19"":195,""15"":1000,""13201"":388,""36"":1566,""40"":702,""43"":0,""241"":26801,""199"":254,""16"":208567,""12"":820,""449"":0,""636"":110218793,""11"":893510181,""238"":0,""14"":2540732448,""387"":""2b3431353437352e363530302d303038343138342e323636372b3030302e3138342f""}"
2026-07-18T23:54:06Z,862272088833183,Codec8E,2026-07-18 21:23:43.000 UTC,1784409823000,0,41.5475033,-8.4184250,184,150,14,22,0,"{""239"":1,""240"":1,""80"":1,""21"":5,""200"":0,""69"":1,""237"":2,""113"":100,""263"":1,""303"":1,""383"":3,""30"":0,""31"":4,""32"":61,""33"":0,""35"":18,""37"":24,""38"":0,""39"":47,""181"":13,""182"":7,""66"":14202,""24"":22,""206"":26,""67"":4141,""68"":0,""13"":42,""17"":319,""18"":113,""19"":294,""15"":1000,""13201"":388,""36"":1566,""40"":702,""43"":0,""241"":26801,""199"":261,""16"":208574,""12"":820,""449"":0,""636"":110218793,""11"":893510181,""238"":0,""14"":2540732448,""387"":""2b3431353437352e303333332d303038343138342e323530302b3030302e3138342f""}"
2026-07-18T23:54:06Z,862272088833183,Codec8E,2026-07-18 21:23:44.000 UTC,1784409824000,0,41.5474100,-8.4185666,183,209,14,24,0,"{""239"":1,""240"":1,""80"":1,""21"":5,""200"":0,""69"":1,""237"":2,""113"":100,""263"":1,""303"":1,""383"":3,""30"":0,""31"":4,""32"":61,""33"":0,""35"":18,""37"":24,""38"":0,""39"":47,""181"":13,""182"":7,""66"":14204,""24"":24,""206"":26,""67"":4140,""68"":0,""13"":42,""17"":203,""18"":126,""19"":157,""15"":1000,""13201"":388,""36"":1566,""40"":702,""43"":0,""241"":26801,""199"":277,""16"":208590,""12"":820,""449"":0,""636"":110218793,""11"":893510181,""238"":0,""14"":2540732448,""387"":""2b3431353437342e313030302d303038343138352e363636372b3030302e3138332f""}"
2026-07-18T23:54:06Z,862272088833183,Codec8E,2026-07-18 21:23:46.000 UTC,1784409826000,0,41.5472466,-8.4187266,182,219,14,28,0,"{""239"":1,""240"":1,""80"":1,""21"":5,""200"":0,""69"":1,""237"":2,""113"":100,""263"":1,""303"":1,""383"":3,""30"":0,""31"":34,""32"":61,""33"":0,""35"":60,""37"":33,""38"":232,""39"":45,""181"":10,""182"":7,""66"":14184,""24"":28,""206"":26,""67"":4140,""68"":0,""13"":42,""17"":204,""18"":190,""19"":151,""15"":1000,""13201"":388,""36"":2201,""40"":236,""43"":0,""241"":26801,""199"":299,""16"":208612,""12"":820,""449"":0,""636"":110218793,""11"":893510181,""238"":0,""14"":2540732448,""387"":""2b3431353437322e343636372d303038343138372e323636372b3030302e3138322f""}"
2026-07-18T23:54:06Z,862272088833183,Codec8E,2026-07-18 21:23:54.000 UTC,1784409834000,0,41.5468250,-8.4192316,179,209,13,20,0,"{""239"":1,""240"":1,""80"":1,""21"":5,""200"":0,""69"":1,""237"":2,""113"":100,""263"":1,""303"":1,""383"":3,""30"":0,""31"":7,""32"":61,""33"":0,""35"":21,""37"":22,""38"":0,""39"":46,""181"":14,""182"":7,""66"":14212,""24"":20,""206"":26,""67"":4142,""68"":0,""13"":42,""17"":129,""18"":39,""19"":-104,""15"":1000,""13201"":388,""36"":665,""40"":155,""43"":0,""241"":26801,""199"":363,""16"":208676,""12"":820,""449"":0,""636"":110218793,""11"":893510181,""238"":0,""14"":2540732448,""387"":""2b3431353436382e323530302d303038343139322e333136372b3030302e3137392f""}"
2026-07-18T23:56:04Z,862272088833183,Codec8E,2026-07-18 21:23:56.000 UTC,1784409836000,0,41.5466799,-8.4191983,178,180,12,19,0,"{""239"":1,""240"":1,""80"":1,""21"":5,""200"":0,""69"":1,""237"":2,""113"":100,""263"":1,""303"":1,""383"":3,""30"":0,""31"":9,""32"":61,""33"":3,""35"":79,""37"":21,""38"":228,""39"":45,""181"":11,""182"":7,""66"":14181,""24"":19,""206"":26,""67"":4140,""68"":0,""13"":42,""17"":187,""18"":346,""19"":32,""15"":1000,""13201"":388,""36"":2010,""40"":127,""43"":0,""241"":26801,""199"":380,""16"":208693,""12"":820,""449"":0,""636"":110218793,""11"":893510181,""238"":0,""14"":2540732448,""387"":""2b3431353436362e383030302d303038343139312e393833332b3030302e3137382f""}"
2026-07-18T23:56:04Z,862272088833183,Codec8E,2026-07-18 21:23:58.000 UTC,1784409838000,0,41.5466300,-8.4192433,177,223,12,17,0,"{""239"":1,""240"":1,""80"":1,""21"":5,""200"":0,""69"":1,""237"":2,""113"":100,""263"":1,""303"":1,""383"":3,""30"":0,""31"":9,""32"":61,""33"":3,""35"":79,""37"":21,""38"":228,""39"":45,""181"":12,""182"":9,""66"":14204,""24"":17,""206"":26,""67"":4140,""68"":0,""13"":42,""17"":251,""18"":450,""19"":105,""15"":1000,""13201"":388,""36"":2010,""40"":127,""43"":0,""241"":26801,""199"":387,""16"":208700,""12"":820,""449"":0,""636"":110218793,""11"":893510181,""238"":0,""14"":2540732448,""387"":""2b3431353436362e333030302d303038343139322e343333332b3030302e3137372f""}"
2026-07-18T23:56:04Z,862272088833183,Codec8E,2026-07-18 21:23:59.000 UTC,1784409839000,0,41.5466099,-8.4192900,177,237,13,17,0,"{""239"":1,""240"":1,""80"":1,""21"":5,""200"":0,""69"":1,""237"":2,""113"":100,""263"":1,""303"":1,""383"":3,""30"":0,""31"":9,""32"":61,""33"":3,""35"":79,""37"":21,""38"":228,""39"":45,""181"":11,""182"":7,""66"":14204,""24"":17,""206"":26,""67"":4141,""68"":0,""13"":42,""17"":132,""18"":-115,""19"":52,""15"":1000,""13201"":388,""36"":2010,""40"":127,""43"":0,""241"":26801,""199"":392,""16"":208705,""12"":820,""449"":0,""636"":110218793,""11"":893510181,""238"":0,""14"":2540732448,""387"":""2b3431353436362e313030302d303038343139322e393030302b3030302e3137372f""}"
2026-07-18T23:56:04Z,862272088833183,Codec8E,2026-07-18 21:24:00.000 UTC,1784409840000,0,41.5465949,-8.4193450,176,251,13,17,0,"{""239"":1,""240"":1,""80"":1,""21"":5,""200"":0,""69"":1,""237"":2,""113"":100,""263"":1,""303"":1,""383"":3,""30"":0,""31"":5,""32"":61,""33"":1,""35"":44,""37"":19,""38"":241,""39"":46,""181"":11,""182"":7,""66"":14213,""24"":17,""206"":26,""67"":4140,""68"":0,""13"":42,""17"":97,""18"":-56,""19"":103,""15"":1000,""13201"":388,""36"":1669,""40"":1019,""43"":0,""241"":26801,""199"":397,""16"":208710,""12"":820,""449"":0,""636"":110218793,""11"":893510181,""238"":0,""14"":2540732448,""387"":""2b3431353436352e393530302d303038343139332e343530302b3030302e3137362f""}"
2026-07-18T23:56:04Z,862272088833183,Codec8E,2026-07-18 21:24:07.000 UTC,1784409847000,0,41.5464583,-8.4198716,173,237,13,23,0,"{""239"":1,""240"":1,""80"":1,""21"":5,""200"":0,""69"":1,""237"":2,""113"":100,""263"":1,""303"":1,""383"":3,""30"":0,""31"":20,""32"":60,""33"":253,""35"":47,""37"":28,""38"":234,""39"":44,""181"":11,""182"":7,""66"":14201,""24"":23,""206"":26,""67"":4140,""68"":0,""13"":42,""17"":171,""18"":-160,""19"":4,""15"":1000,""13201"":388,""36"":2634,""40"":152,""43"":0,""241"":26801,""199"":444,""16"":208757,""12"":820,""449"":0,""636"":110218794,""11"":893510181,""238"":0,""14"":2540732448,""387"":""2b3431353436342e353833332d303038343139382e373136372b3030302e3137332f""}"
2026-07-18T23:56:04Z,862272088833183,Codec8E,2026-07-18 21:24:08.000 UTC,1784409848000,0,41.5464033,-8.4198816,173,217,13,20,0,"{""239"":1,""240"":1,""80"":1,""21"":5,""200"":0,""69"":1,""237"":2,""113"":100,""263"":1,""303"":1,""383"":3,""30"":0,""31"":20,""32"":60,""33"":253,""35"":47,""37"":28,""38"":234,""39"":44,""181"":10,""182"":7,""66"":14209,""24"":20,""206"":26,""67"":4140,""68"":0,""13"":42,""17"":382,""18"":-160,""19"":118,""15"":1000,""13201"":388,""36"":2634,""40"":152,""43"":0,""241"":26801,""199"":450,""16"":208763,""12"":820,""449"":0,""636"":110218794,""11"":893510181,""238"":0,""14"":2540732448,""387"":""2b3431353436342e303333332d303038343139382e383136372b3030302e3137332f""}"
2026-07-18T23:56:04Z,862272088833183,Codec8E,2026-07-18 21:24:09.000 UTC,1784409849000,0,41.5463633,-8.4198566,173,185,15,18,0,"{""239"":1,""240"":1,""80"":1,""21"":5,""200"":0,""69"":1,""237"":2,""113"":100,""263"":1,""303"":1,""383"":3,""30"":0,""31"":4,""32"":60,""33"":0,""35"":18,""37"":15,""38"":255,""39"":45,""181"":10,""182"":6,""66"":14202,""24"":18,""206"":26,""67"":4140,""68"":0,""13"":42,""17"":105,""18"":3,""19"":-47,""15"":1000,""13201"":388,""36"":1656,""40"":155,""43"":0,""241"":26801,""199"":455,""16"":208768,""12"":820,""449"":0,""636"":110218794,""11"":893510181,""238"":0,""14"":2540732448,""387"":""2b3431353436332e363333332d303038343139382e353636372b3030302e3137332f""}"
2026-07-18T23:56:04Z,862272088833183,Codec8E,2026-07-18 21:24:10.000 UTC,1784409850000,0,41.5463350,-8.4198350,173,152,13,16,0,"{""239"":1,""240"":1,""80"":1,""21"":5,""200"":0,""69"":1,""237"":2,""113"":100,""263"":1,""303"":1,""383"":3,""30"":0,""31"":4,""32"":60,""33"":0,""35"":18,""37"":15,""38"":255,""39"":45,""181"":12,""182"":7,""66"":14193,""24"":16,""206"":26,""67"":4140,""68"":0,""13"":42,""17"":92,""18"":102,""19"":-147,""15"":1000,""13201"":388,""36"":1656,""40"":155,""43"":0,""241"":26801,""199"":459,""16"":208772,""12"":820,""449"":0,""636"":110218794,""11"":893510181,""238"":0,""14"":2540732448,""387"":""2b3431353436332e333530302d303038343139382e333530302b3030302e3137332f""}"
2026-07-18T23:56:05Z,862272088833183,Codec8E,2026-07-18 21:24:11.000 UTC,1784409851000,0,41.5463049,-8.4198116,173,141,15,15,0,"{""239"":1,""240"":1,""80"":1,""21"":5,""200"":0,""69"":1,""237"":2,""113"":100,""263"":1,""303"":1,""383"":3,""30"":0,""31"":4,""32"":60,""33"":0,""35"":18,""37"":15,""38"":255,""39"":45,""181"":13,""182"":6,""66"":14167,""24"":15,""206"":26,""67"":4140,""68"":0,""13"":42,""17"":61,""18"":66,""19"":-27,""15"":1000,""13201"":388,""36"":1656,""40"":155,""43"":0,""241"":26801,""199"":462,""16"":208775,""12"":820,""449"":0,""636"":110218794,""11"":893510181,""238"":0,""14"":2540732448,""387"":""2b3431353436332e303530302d303038343139382e313136372b3030302e3137332f""}"
2026-07-18T23:56:05Z,862272088833183,Codec8E,2026-07-18 21:24:14.000 UTC,1784409854000,0,41.5462450,-8.4197366,175,123,15,11,0,"{""239"":1,""240"":1,""80"":1,""21"":5,""200"":0,""69"":1,""237"":2,""113"":100,""263"":1,""303"":1,""383"":3,""30"":0,""31"":6,""32"":60,""33"":1,""35"":39,""37"":3,""38"":240,""39"":46,""181"":11,""182"":6,""66"":14189,""24"":11,""206"":26,""67"":4140,""68"":0,""13"":42,""17"":41,""18"":-316,""19"":193,""15"":1000,""13201"":388,""36"":901,""40"":658,""43"":0,""241"":26801,""199"":472,""16"":208785,""12"":820,""449"":0,""636"":110218795,""11"":893510181,""238"":0,""14"":2540732448,""387"":""2b3431353436322e343530302d303038343139372e333636372b3030302e3137352f""}"
2026-07-18T23:56:05Z,862272088833183,Codec8E,2026-07-18 21:24:15.000 UTC,1784409855000,0,41.5462400,-8.4197033,176,103,15,11,0,"{""239"":1,""240"":1,""80"":1,""21"":5,""200"":0,""69"":1,""237"":2,""113"":100,""263"":1,""303"":1,""383"":3,""30"":0,""31"":6,""32"":60,""33"":1,""35"":39,""37"":3,""38"":240,""39"":46,""181"":10,""182"":6,""66"":14214,""24"":11,""206"":26,""67"":4140,""68"":0,""13"":42,""17"":321,""18"":-94,""19"":-203,""15"":1000,""13201"":388,""36"":901,""40"":658,""43"":0,""241"":26801,""199"":474,""16"":208787,""12"":820,""449"":0,""636"":110218795,""11"":893510181,""238"":0,""14"":2540732448,""387"":""2b3431353436322e343030302d303038343139372e303333332b3030302e3137362f""}"
2026-07-18T23:56:05Z,862272088833183,Codec8E,2026-07-18 21:24:16.000 UTC,1784409856000,0,41.5462483,-8.4196600,176,82,16,12,0,"{""239"":1,""240"":1,""80"":1,""21"":5,""200"":0,""69"":1,""237"":2,""113"":100,""263"":1,""303"":1,""383"":3,""30"":0,""31"":6,""32"":60,""33"":1,""35"":39,""37"":3,""38"":240,""39"":46,""181"":9,""182"":6,""66"":14202,""24"":12,""206"":26,""67"":4140,""68"":0,""13"":42,""17"":31,""18"":-16,""19"":-87,""15"":1000,""13201"":389,""36"":901,""40"":658,""43"":0,""241"":26801,""199"":478,""16"":208791,""12"":820,""449"":0,""636"":110218795,""11"":893510181,""238"":0,""14"":2540732448,""387"":""2b3431353436322e343833332d303038343139362e363030302b3030302e3137362f""}"
2026-07-18T23:58:04Z,862272088833183,Codec8E,2026-07-18 21:24:17.000 UTC,1784409857000,0,41.5462750,-8.4196016,176,70,16,13,0,"{""239"":1,""240"":1,""80"":1,""21"":5,""200"":0,""69"":1,""237"":2,""113"":100,""263"":1,""303"":1,""383"":3,""30"":0,""31"":6,""32"":60,""33"":1,""35"":39,""37"":3,""38"":240,""39"":46,""181"":11,""182"":6,""66"":14215,""24"":13,""206"":26,""67"":4140,""68"":0,""13"":42,""17"":239,""18"":48,""19"":-246,""15"":1000,""13201"":389,""36"":901,""40"":658,""43"":0,""241"":26801,""199"":484,""16"":208797,""12"":820,""449"":0,""636"":110218795,""11"":893510181,""238"":0,""14"":2540732448,""387"":""2b3431353436322e373530302d303038343139362e303136372b3030302e3137362f""}"
2026-07-18T23:58:04Z,862272088833183,Codec8E,2026-07-18 21:24:21.000 UTC,1784409861000,0,41.5463450,-8.4194150,177,83,14,12,0,"{""239"":1,""240"":1,""80"":1,""21"":5,""200"":0,""69"":1,""237"":2,""113"":100,""263"":1,""303"":1,""383"":3,""30"":0,""31"":28,""32"":60,""33"":246,""35"":28,""37"":20,""38"":222,""39"":44,""181"":10,""182"":7,""66"":14157,""24"":12,""206"":26,""67"":4140,""68"":0,""13"":42,""17"":37,""18"":17,""19"":-127,""15"":1000,""13201"":389,""36"":2806,""40"":169,""43"":0,""241"":26801,""199"":499,""16"":208812,""12"":820,""449"":0,""636"":110218795,""11"":893510181,""238"":0,""14"":2540732448,""387"":""2b3431353436332e343530302d303038343139342e313530302b3030302e3137372f""}"
2026-07-18T23:58:04Z,862272088833183,Codec8E,2026-07-18 21:24:26.000 UTC,1784409866000,0,41.5463716,-8.4194299,177,83,12,2,0,"{""239"":1,""240"":1,""80"":1,""21"":5,""200"":0,""69"":1,""237"":2,""113"":100,""263"":1,""303"":1,""383"":3,""30"":0,""31"":4,""32"":60,""33"":1,""35"":37,""37"":0,""38"":250,""39"":45,""181"":11,""182"":8,""66"":14181,""24"":2,""206"":26,""67"":4141,""68"":0,""13"":42,""17"":20,""18"":33,""19"":-107,""15"":1000,""13201"":389,""36"":877,""40"":152,""43"":0,""241"":26801,""199"":503,""16"":208816,""12"":820,""449"":0,""636"":110218794,""11"":893510181,""238"":0,""14"":2540732448,""387"":""2b3431353436332e373136372d303038343139342e333030302b3030302e3137372f""}"
2026-07-18T23:58:04Z,862272088833183,Codec8E,2026-07-18 21:24:27.000 UTC,1784409867000,0,41.5463716,-8.4194299,177,83,13,1,303,"{""239"":1,""240"":1,""80"":1,""21"":5,""200"":0,""69"":1,""237"":2,""113"":100,""263"":1,""303"":0,""383"":3,""30"":0,""31"":13,""32"":60,""33"":4,""35"":37,""37"":0,""38"":255,""39"":45,""181"":11,""182"":8,""66"":14175,""24"":2,""206"":26,""67"":4140,""68"":0,""13"":42,""17"":-33,""18"":34,""19"":-25,""15"":1000,""13201"":389,""36"":932,""40"":161,""43"":0,""241"":26801,""199"":503,""16"":208816,""12"":820,""449"":0,""636"":110218794,""11"":893510181,""238"":0,""14"":2540732448,""387"":""2b3431353436332e373136372d303038343139342e333030302b3030302e3137372f""}"
2026-07-18T23:58:05Z,862272088833183,Codec8E,2026-07-18 21:24:29.000 UTC,1784409869000,0,41.5463716,-8.4194299,177,83,13,0,303,"{""239"":1,""240"":1,""80"":1,""21"":5,""200"":0,""69"":1,""237"":2,""113"":100,""263"":1,""303"":1,""383"":3,""30"":0,""31"":13,""32"":60,""33"":4,""35"":37,""37"":0,""38"":255,""39"":45,""181"":11,""182"":7,""66"":14201,""24"":0,""206"":26,""67"":4141,""68"":0,""13"":42,""17"":-38,""18"":10,""19"":35,""15"":1000,""13201"":389,""36"":932,""40"":161,""43"":0,""241"":26801,""199"":503,""16"":208816,""12"":820,""449"":0,""636"":110218794,""11"":893510181,""238"":0,""14"":2540732448,""387"":""2b3431353436332e373136372d303038343139342e333030302b3030302e3137372f""}"
2026-07-18T23:58:05Z,862272088833183,Codec8E,2026-07-18 21:24:34.000 UTC,1784409874000,0,41.5464566,-8.4193616,177,51,7,6,0,"{""239"":1,""240"":1,""80"":1,""21"":5,""200"":0,""69"":1,""237"":2,""113"":100,""263"":1,""303"":1,""383"":3,""30"":0,""31"":14,""32"":60,""33"":5,""35"":35,""37"":3,""38"":255,""39"":45,""181"":30,""182"":16,""66"":14194,""24"":6,""206"":26,""67"":4141,""68"":0,""13"":42,""17"":-91,""18"":-214,""19"":56,""15"":1000,""13201"":389,""36"":936,""40"":386,""43"":0,""241"":26801,""199"":513,""16"":208826,""12"":821,""449"":0,""636"":110218764,""11"":893510181,""238"":0,""14"":2540732448,""387"":""2b3431353436342e353636372d303038343139332e363136372b3030302e3137372f""}"
2026-07-18T23:58:05Z,862272088833183,Codec8E,2026-07-18 21:24:58.000 UTC,1784409898000,0,41.5464800,-8.4193350,0,0,0,0,239,"{""239"":0,""240"":1,""80"":1,""21"":4,""200"":0,""69"":2,""237"":2,""113"":100,""263"":1,""303"":1,""383"":3,""30"":0,""31"":15,""32"":61,""33"":0,""35"":20,""37"":6,""38"":243,""39"":44,""181"":0,""182"":0,""66"":12952,""24"":0,""206"":26,""67"":4141,""68"":0,""13"":42,""17"":-27,""18"":54,""19"":-13,""15"":1000,""13201"":388,""36"":935,""40"":144,""43"":0,""241"":26801,""199"":516,""16"":208829,""12"":821,""449"":0,""636"":110218764,""11"":893510181,""238"":0,""14"":2540732448,""387"":""2b3431353436342e383030302d303038343139332e333530302b3030302e3030302f""}"
2026-07-18T23:58:05Z,862272088833183,Codec8E,2026-07-18 21:25:08.000 UTC,1784409908000,0,41.5464800,-8.4193350,0,0,0,0,303,"{""239"":0,""240"":1,""80"":1,""21"":4,""200"":0,""69"":2,""237"":2,""113"":100,""263"":1,""303"":0,""383"":3,""30"":0,""31"":29,""32"":61,""33"":3,""35"":73,""37"":0,""38"":0,""39"":44,""181"":0,""182"":0,""66"":12802,""24"":0,""206"":26,""67"":4140,""68"":0,""13"":42,""17"":-35,""18"":41,""19"":-3,""15"":1000,""13201"":389,""36"":0,""40"":122,""43"":0,""241"":26801,""199"":516,""16"":208829,""12"":821,""449"":0,""636"":110218764,""11"":893510181,""238"":0,""14"":2540732448,""387"":""2b3431353436342e383030302d303038343139332e333530302b3030302e3030302f""}"
2026-07-18T23:58:05Z,862272088833183,Codec8E,2026-07-18 21:26:07.000 UTC,1784409967000,0,41.5464800,-8.4193350,0,0,0,0,240,"{""239"":0,""240"":0,""80"":0,""21"":5,""200"":0,""69"":2,""237"":2,""113"":100,""263"":1,""303"":0,""383"":3,""181"":0,""182"":0,""66"":12874,""24"":0,""206"":26,""67"":4140,""68"":0,""13"":42,""17"":-36,""18"":52,""19"":-4,""15"":1000,""13201"":388,""241"":26801,""199"":0,""16"":208829,""12"":821,""449"":0,""636"":110218764,""11"":893510181,""238"":0,""14"":2540732448,""387"":""2b3431353436342e383030302d303038343139332e333530302b3030302e3030302f""}"
2026-07-18T23:58:05Z,862272088833183,Codec8E,2026-07-18 22:26:07.000 UTC,1784413567000,0,41.5464800,-8.4193350,0,0,0,0,0,"{""239"":0,""240"":0,""80"":0,""21"":4,""200"":0,""69"":2,""237"":2,""113"":100,""263"":1,""303"":0,""383"":3,""181"":0,""182"":0,""66"":12723,""24"":0,""206"":26,""67"":4140,""68"":0,""13"":42,""17"":-35,""18"":48,""19"":-5,""15"":1000,""13201"":374,""241"":26801,""199"":0,""16"":208829,""12"":821,""449"":0,""636"":110218765,""11"":893510181,""238"":0,""14"":2540732448,""387"":""2b3431353436342e383030302d303038343139332e333530302b3030302e3030302f""}"
2026-07-18T23:58:05Z,862272088833183,Codec8E,2026-07-18 23:26:07.000 UTC,1784417167000,0,41.5464800,-8.4193350,0,0,0,0,0,"{""239"":0,""240"":0,""80"":0,""21"":4,""200"":0,""69"":2,""237"":2,""113"":100,""263"":1,""303"":0,""383"":3,""181"":0,""182"":0,""66"":12684,""24"":0,""206"":26,""67"":4140,""68"":0,""13"":42,""17"":-37,""18"":29,""19"":-9,""15"":1000,""13201"":369,""241"":26801,""199"":0,""16"":208829,""12"":821,""449"":0,""636"":110218765,""11"":893510181,""238"":0,""14"":2540732448,""387"":""2b3431353436342e383030302d303038343139332e333530302b3030302e3030302f""}"