received_utc,imei,codec,record_utc,timestamp_ms,priority,latitude,longitude,altitude_m,angle_deg,satellites,speed_kmh,event_io_id,io_json
2026-07-01T03:13:24Z,862272088542776,Codec8E,2026-06-28 00:24:30.000 UTC,1782606270000,0,40.1082033,-8.5085066,0,0,0,0,0,"{""239"":0,""240"":0,""21"":3,""200"":0,""69"":2,""237"":2,""113"":100,""303"":0,""383"":3,""1149"":20,""181"":0,""182"":0,""66"":12890,""24"":0,""206"":48740,""67"":4128,""68"":0,""13"":1117,""17"":-39,""18"":-25,""19"":5,""15"":0,""241"":26806,""199"":0,""16"":100682,""12"":10902,""449"":0,""636"":339469,""1148"":84,""11"":8935106000,""14"":1160700155,""387"":""2b3430313038322e303333332d303038353038352e303636372b3030302e3030302f""}"
2026-07-01T03:13:24Z,862272088542776,Codec8E,2026-06-28 01:56:22.000 UTC,1782611782000,0,40.1082033,-8.5085066,0,0,0,0,0,"{""239"":0,""240"":0,""21"":5,""200"":0,""69"":2,""237"":99,""113"":100,""303"":0,""383"":3,""1149"":20,""181"":0,""182"":0,""66"":12884,""24"":0,""206"":18,""67"":4128,""68"":0,""13"":1117,""17"":-35,""18"":-21,""19"":6,""15"":0,""241"":26801,""199"":0,""16"":100682,""12"":10902,""449"":0,""636"":0,""1148"":120,""11"":8935106000,""14"":1160700155,""387"":""2b3430313038322e303333332d303038353038352e303636372b3030302e3030302f""}"
2026-07-01T03:13:24Z,862272088542776,Codec8E,2026-06-28 03:28:43.000 UTC,1782617323000,0,40.1082033,-8.5085066,0,0,0,0,0,"{""239"":0,""240"":0,""21"":0,""200"":0,""69"":2,""237"":1,""113"":100,""303"":0,""383"":3,""1149"":0,""181"":0,""182"":0,""66"":12883,""24"":0,""206"":8740,""67"":4128,""68"":0,""13"":1117,""17"":-41,""18"":-28,""19"":5,""15"":0,""241"":26806,""199"":0,""16"":100682,""12"":10902,""449"":0,""636"":21635,""1148"":0,""11"":8935106000,""14"":1160700155,""387"":""2b3430313038322e303333332d303038353038352e303636372b3030302e3030302f""}"
2026-07-01T03:13:24Z,862272088542776,Codec8E,2026-06-28 05:46:39.000 UTC,1782625599000,0,40.1082033,-8.5085066,0,0,0,0,0,"{""239"":0,""240"":0,""21"":4,""200"":0,""69"":2,""237"":99,""113"":100,""303"":0,""383"":3,""1149"":20,""181"":0,""182"":0,""66"":12865,""24"":0,""206"":18,""67"":4128,""68"":0,""13"":1117,""17"":-37,""18"":-25,""19"":10,""15"":0,""241"":26806,""199"":0,""16"":100682,""12"":10902,""449"":0,""636"":0,""1148"":0,""11"":8935106000,""14"":1160700155,""387"":""2b3430313038322e303333332d303038353038352e303636372b3030302e3030302f""}"
2026-07-01T03:13:25Z,862272088542776,Codec8E,2026-06-28 07:17:31.000 UTC,1782631051000,0,40.1082033,-8.5085066,0,0,0,0,0,"{""239"":0,""240"":0,""21"":0,""200"":0,""69"":2,""237"":99,""113"":100,""303"":0,""383"":3,""1149"":0,""181"":0,""182"":0,""66"":12872,""24"":0,""206"":15500,""67"":4128,""68"":0,""13"":1117,""17"":-41,""18"":-18,""19"":7,""15"":0,""241"":0,""199"":0,""16"":100682,""12"":10902,""449"":0,""636"":0,""1148"":0,""11"":8935106000,""14"":1160700155,""387"":""2b3430313038322e303333332d303038353038352e303636372b3030302e3030302f""}"
2026-07-01T03:13:25Z,862272088542776,Codec8E,2026-06-28 08:48:22.000 UTC,1782636502000,0,40.1082033,-8.5085066,0,0,0,0,0,"{""239"":0,""240"":0,""21"":4,""200"":0,""69"":2,""237"":99,""113"":100,""303"":0,""383"":3,""1149"":0,""181"":0,""182"":0,""66"":12878,""24"":0,""206"":48740,""67"":4128,""68"":0,""13"":1117,""17"":-41,""18"":-31,""19"":10,""15"":0,""241"":0,""199"":0,""16"":100682,""12"":10902,""449"":0,""636"":0,""1148"":107,""11"":8935106000,""14"":1160700155,""387"":""2b3430313038322e303333332d303038353038352e303636372b3030302e3030302f""}"
2026-07-01T03:13:25Z,862272088542776,Codec8E,2026-06-28 10:20:42.000 UTC,1782642042000,0,40.1082033,-8.5085066,0,0,0,0,0,"{""239"":0,""240"":0,""21"":4,""200"":0,""69"":2,""237"":2,""113"":100,""303"":0,""383"":3,""1149"":20,""181"":0,""182"":0,""66"":12840,""24"":0,""206"":48740,""67"":4128,""68"":0,""13"":1117,""17"":-42,""18"":-26,""19"":4,""15"":0,""241"":26806,""199"":0,""16"":100682,""12"":10902,""449"":0,""636"":339469,""1148"":83,""11"":8935106000,""14"":1160700155,""387"":""2b3430313038322e303333332d303038353038352e303636372b3030302e3030302f""}"
2026-07-01T03:13:25Z,862272088542776,Codec8E,2026-06-28 11:53:03.000 UTC,1782647583000,0,40.1082033,-8.5085066,0,0,0,0,0,"{""239"":0,""240"":0,""21"":2,""200"":0,""69"":2,""237"":2,""113"":100,""303"":0,""383"":3,""1149"":8,""181"":0,""182"":0,""66"":12840,""24"":0,""206"":48740,""67"":4128,""68"":0,""13"":1117,""17"":-38,""18"":-22,""19"":5,""15"":0,""241"":26806,""199"":0,""16"":100682,""12"":10902,""449"":0,""636"":339509,""1148"":99,""11"":8935106000,""14"":1160700155,""387"":""2b3430313038322e303333332d303038353038352e303636372b3030302e3030302f""}"
2026-07-01T03:13:25Z,862272088542776,Codec8E,2026-06-28 13:25:23.000 UTC,1782653123000,0,40.1082033,-8.5085066,0,0,0,0,0,"{""239"":0,""240"":0,""21"":5,""200"":0,""69"":2,""237"":99,""113"":100,""303"":0,""383"":3,""1149"":1,""181"":0,""182"":0,""66"":12840,""24"":0,""206"":18,""67"":4128,""68"":0,""13"":1117,""17"":-38,""18"":-22,""19"":5,""15"":0,""241"":26801,""199"":0,""16"":100682,""12"":10902,""449"":0,""636"":0,""1148"":120,""11"":8935106000,""14"":1160700155,""387"":""2b3430313038322e303333332d303038353038352e303636372b3030302e3030302f""}"
2026-07-01T03:13:26Z,862272088542776,Codec8E,2026-06-28 15:01:49.000 UTC,1782658909000,0,40.1082033,-8.5085066,0,0,0,0,239,"{""239"":1,""240"":0,""21"":4,""200"":0,""69"":2,""237"":2,""113"":100,""303"":0,""383"":3,""1149"":0,""181"":0,""182"":0,""66"":15021,""24"":0,""206"":48740,""67"":4128,""68"":0,""13"":1117,""17"":-40,""18"":-23,""19"":3,""15"":0,""241"":0,""199"":0,""16"":100682,""12"":10902,""449"":0,""636"":339469,""1148"":83,""11"":8935106000,""14"":1160700155,""387"":""2b3430313038322e303333332d303038353038352e303636372b3030302e3030302f""}"
2026-07-01T03:13:26Z,862272088542776,Codec8E,2026-06-28 15:03:47.000 UTC,1782659027000,0,40.1082033,-8.5085066,0,0,0,0,303,"{""239"":1,""240"":0,""21"":5,""200"":0,""69"":2,""237"":99,""113"":100,""303"":1,""383"":3,""1149"":20,""181"":0,""182"":0,""66"":14835,""24"":0,""206"":18,""67"":4128,""68"":0,""13"":1121,""17"":-44,""18"":-27,""19"":5,""15"":0,""241"":26801,""199"":0,""16"":100682,""12"":10935,""449"":0,""636"":0,""1148"":83,""11"":8935106000,""14"":1160700155,""387"":""2b3430313038322e303333332d303038353038352e303636372b3030302e3030302f""}"
2026-07-01T03:13:26Z,862272088542776,Codec8E,2026-06-28 15:03:49.000 UTC,1782659029000,0,40.1082033,-8.5085066,0,0,0,0,303,"{""239"":1,""240"":0,""21"":5,""200"":0,""69"":2,""237"":99,""113"":100,""303"":0,""383"":3,""1149"":20,""181"":0,""182"":0,""66"":14912,""24"":0,""206"":18,""67"":4128,""68"":0,""13"":1121,""17"":-42,""18"":-22,""19"":8,""15"":0,""241"":26801,""199"":0,""16"":100682,""12"":10935,""449"":0,""636"":0,""1148"":83,""11"":8935106000,""14"":1160700155,""387"":""2b3430313038322e303333332d303038353038352e303636372b3030302e3030302f""}"
2026-07-01T03:13:26Z,862272088542776,Codec8E,2026-06-28 15:03:56.000 UTC,1782659036000,0,40.1082033,-8.5085066,0,0,0,0,303,"{""239"":1,""240"":0,""21"":5,""200"":0,""69"":2,""237"":99,""113"":100,""303"":1,""383"":3,""1149"":20,""181"":0,""182"":0,""66"":14904,""24"":0,""206"":18,""67"":4128,""68"":0,""13"":1121,""17"":-43,""18"":-19,""19"":3,""15"":0,""241"":26801,""199"":0,""16"":100682,""12"":10937,""449"":0,""636"":0,""1148"":83,""11"":8935106000,""14"":1160700155,""387"":""2b3430313038322e303333332d303038353038352e303636372b3030302e3030302f""}"
2026-07-01T03:13:26Z,862272088542776,Codec8E,2026-06-28 15:03:58.000 UTC,1782659038000,0,40.1082033,-8.5085066,0,0,0,0,303,"{""239"":1,""240"":0,""21"":5,""200"":0,""69"":2,""237"":99,""113"":100,""303"":0,""383"":3,""1149"":20,""181"":0,""182"":0,""66"":14836,""24"":0,""206"":18,""67"":4128,""68"":0,""13"":1121,""17"":-43,""18"":-19,""19"":3,""15"":0,""241"":26801,""199"":0,""16"":100682,""12"":10938,""449"":0,""636"":0,""1148"":83,""11"":8935106000,""14"":1160700155,""387"":""2b3430313038322e303333332d303038353038352e303636372b3030302e3030302f""}"
2026-07-01T03:13:29Z,862272088542776,Codec8E,2026-06-28 15:05:15.000 UTC,1782659115000,0,40.1082033,-8.5085066,0,0,0,0,303,"{""239"":1,""240"":0,""21"":5,""200"":0,""69"":2,""237"":99,""113"":100,""303"":1,""383"":3,""1149"":1,""181"":0,""182"":0,""66"":14900,""24"":0,""206"":18,""67"":4128,""68"":0,""13"":1123,""17"":-181,""18"":7,""19"":-9,""15"":0,""241"":26801,""199"":0,""16"":100682,""12"":10959,""449"":0,""636"":0,""1148"":83,""11"":8935106000,""14"":1160700155,""387"":""2b3430313038322e303333332d303038353038352e303636372b3030302e3030302f""}"
2026-07-01T03:13:29Z,862272088542776,Codec8E,2026-06-28 15:05:17.000 UTC,1782659117000,0,40.1082033,-8.5085066,0,0,0,0,303,"{""239"":1,""240"":0,""21"":4,""200"":0,""69"":2,""237"":99,""113"":100,""303"":0,""383"":3,""1149"":1,""181"":0,""182"":0,""66"":14908,""24"":0,""206"":18,""67"":4128,""68"":0,""13"":1123,""17"":-216,""18"":30,""19"":-4,""15"":0,""241"":26801,""199"":0,""16"":100682,""12"":10960,""449"":0,""636"":0,""1148"":83,""11"":8935106000,""14"":1160700155,""387"":""2b3430313038322e303333332d303038353038352e303636372b3030302e3030302f""}"
2026-07-01T03:13:29Z,862272088542776,Codec8E,2026-06-28 15:05:19.000 UTC,1782659119000,0,40.1082033,-8.5085066,0,0,0,0,303,"{""239"":1,""240"":0,""21"":4,""200"":0,""69"":2,""237"":99,""113"":100,""303"":1,""383"":3,""1149"":1,""181"":0,""182"":0,""66"":14919,""24"":0,""206"":18,""67"":4128,""68"":0,""13"":1123,""17"":-366,""18"":-39,""19"":-48,""15"":0,""241"":26801,""199"":0,""16"":100682,""12"":10960,""449"":0,""636"":0,""1148"":83,""11"":8935106000,""14"":1160700155,""387"":""2b3430313038322e303333332d303038353038352e303636372b3030302e3030302f""}"
2026-07-01T03:13:29Z,862272088542776,Codec8E,2026-06-28 15:05:21.000 UTC,1782659121000,0,40.1082033,-8.5085066,0,0,0,0,240,"{""239"":1,""240"":1,""21"":4,""200"":0,""69"":2,""237"":99,""113"":100,""303"":1,""383"":3,""1149"":1,""181"":0,""182"":0,""66"":14849,""24"":0,""206"":18,""67"":4128,""68"":0,""13"":1123,""17"":-299,""18"":-21,""19"":43,""15"":0,""241"":26801,""199"":0,""16"":100682,""12"":10960,""449"":0,""636"":0,""1148"":83,""11"":8935106000,""14"":1160700155,""387"":""2b3430313038322e303333332d303038353038352e303636372b3030302e3030302f""}"
2026-07-01T03:13:29Z,862272088542776,Codec8E,2026-06-28 15:10:40.000 UTC,1782659440000,0,40.1082033,-8.5085066,0,0,0,0,0,"{""239"":1,""240"":1,""21"":3,""200"":0,""69"":2,""237"":2,""113"":100,""303"":1,""383"":3,""1149"":8,""181"":0,""182"":0,""66"":14871,""24"":0,""206"":48740,""67"":4128,""68"":0,""13"":1123,""17"":-3,""18"":-53,""19"":6,""15"":0,""241"":26806,""199"":0,""16"":100682,""12"":10960,""449"":0,""636"":1515573,""1148"":93,""11"":8935106000,""14"":1160700155,""387"":""2b3430313038322e303333332d303038353038352e303636372b3030302e3030302f""}"
2026-07-01T03:13:35Z,862272088542776,Codec8E,2026-06-28 15:10:44.000 UTC,1782659444000,0,40.1082033,-8.5085066,0,0,0,0,303,"{""239"":1,""240"":1,""21"":3,""200"":0,""69"":2,""237"":2,""113"":100,""303"":0,""383"":3,""1149"":8,""181"":0,""182"":0,""66"":14854,""24"":0,""206"":48740,""67"":4128,""68"":0,""13"":1123,""17"":-3,""18"":-51,""19"":6,""15"":0,""241"":26806,""199"":0,""16"":100682,""12"":10960,""449"":0,""636"":1515573,""1148"":93,""11"":8935106000,""14"":1160700155,""387"":""2b3430313038322e303333332d303038353038352e303636372b3030302e3030302f""}"
2026-07-01T03:13:35Z,862272088542776,Codec8E,2026-06-28 15:10:50.000 UTC,1782659450000,0,40.1082033,-8.5085066,0,0,0,0,303,"{""239"":1,""240"":1,""21"":3,""200"":0,""69"":2,""237"":2,""113"":100,""303"":1,""383"":3,""1149"":8,""181"":0,""182"":0,""66"":14832,""24"":0,""206"":48740,""67"":4128,""68"":0,""13"":1123,""17"":-42,""18"":-105,""19"":93,""15"":0,""241"":26806,""199"":0,""16"":100682,""12"":10960,""449"":0,""636"":1515573,""1148"":93,""11"":8935106000,""14"":1160700155,""387"":""2b3430313038322e303333332d303038353038352e303636372b3030302e3030302f""}"
2026-07-01T03:13:35Z,862272088542776,Codec8E,2026-06-28 15:12:58.000 UTC,1782659578000,0,40.1082033,-8.5085066,0,0,0,0,303,"{""239"":1,""240"":1,""21"":3,""200"":0,""69"":2,""237"":2,""113"":100,""303"":0,""383"":3,""1149"":8,""181"":0,""182"":0,""66"":14920,""24"":0,""206"":48740,""67"":4128,""68"":0,""13"":1123,""17"":-50,""18"":-14,""19"":5,""15"":0,""241"":26806,""199"":0,""16"":100682,""12"":10960,""449"":0,""636"":1555765,""1148"":85,""11"":8935106000,""14"":1160700155,""387"":""2b3430313038322e303333332d303038353038352e303636372b3030302e3030302f""}"
2026-07-01T03:13:35Z,862272088542776,Codec8E,2026-06-28 15:13:13.000 UTC,1782659593000,0,40.1082033,-8.5085066,0,0,0,0,303,"{""239"":1,""240"":1,""21"":3,""200"":0,""69"":2,""237"":2,""113"":100,""303"":1,""383"":3,""1149"":8,""181"":0,""182"":0,""66"":14895,""24"":0,""206"":48740,""67"":4128,""68"":0,""13"":1123,""17"":50,""18"":13,""19"":24,""15"":0,""241"":26806,""199"":0,""16"":100682,""12"":10960,""449"":0,""636"":1555765,""1148"":85,""11"":8935106000,""14"":1160700155,""387"":""2b3430313038322e303333332d303038353038352e303636372b3030302e3030302f""}"
2026-07-01T03:13:35Z,862272088542776,Codec8E,2026-06-28 15:13:33.000 UTC,1782659613000,0,40.1082033,-8.5085066,0,0,0,0,303,"{""239"":1,""240"":1,""21"":3,""200"":0,""69"":2,""237"":2,""113"":100,""303"":0,""383"":3,""1149"":8,""181"":0,""182"":0,""66"":14916,""24"":0,""206"":48740,""67"":4128,""68"":0,""13"":1123,""17"":-2,""18"":31,""19"":6,""15"":0,""241"":26806,""199"":0,""16"":100682,""12"":10960,""449"":0,""636"":1430057,""1148"":85,""11"":8935106000,""14"":1160700155,""387"":""2b3430313038322e303333332d303038353038352e303636372b3030302e3030302f""}"
2026-07-01T03:13:46Z,862272088542776,Codec8E,2026-06-28 15:13:40.000 UTC,1782659620000,0,40.1082033,-8.5085066,0,0,0,0,303,"{""239"":1,""240"":1,""21"":3,""200"":0,""69"":2,""237"":2,""113"":100,""303"":1,""383"":3,""1149"":1,""181"":0,""182"":0,""66"":14844,""24"":0,""206"":48740,""67"":4128,""68"":0,""13"":1123,""17"":-13,""18"":29,""19"":3,""15"":0,""241"":26806,""199"":0,""16"":100682,""12"":10960,""449"":0,""636"":1515563,""1148"":86,""11"":8935106000,""14"":1160700155,""387"":""2b3430313038322e303333332d303038353038352e303636372b3030302e3030302f""}"
2026-07-01T03:13:46Z,862272088542776,Codec8E,2026-06-28 15:13:45.000 UTC,1782659625000,0,40.1082033,-8.5085066,0,0,0,0,303,"{""239"":1,""240"":1,""21"":3,""200"":0,""69"":2,""237"":2,""113"":100,""303"":0,""383"":3,""1149"":1,""181"":0,""182"":0,""66"":14845,""24"":0,""206"":48740,""67"":4128,""68"":0,""13"":1123,""17"":-15,""18"":13,""19"":5,""15"":0,""241"":26806,""199"":0,""16"":100682,""12"":10960,""449"":0,""636"":1515563,""1148"":86,""11"":8935106000,""14"":1160700155,""387"":""2b3430313038322e303333332d303038353038352e303636372b3030302e3030302f""}"
2026-07-01T03:13:46Z,862272088542776,Codec8E,2026-06-28 15:14:07.000 UTC,1782659647000,0,40.1082033,-8.5085066,0,0,0,0,303,"{""239"":1,""240"":1,""21"":3,""200"":0,""69"":2,""237"":2,""113"":100,""303"":1,""383"":3,""1149"":1,""181"":0,""182"":0,""66"":14908,""24"":0,""206"":48740,""67"":4128,""68"":0,""13"":1123,""17"":-1,""18"":7,""19"":15,""15"":0,""241"":26806,""199"":0,""16"":100682,""12"":10960,""449"":0,""636"":1515563,""1148"":87,""11"":8935106000,""14"":1160700155,""387"":""2b3430313038322e303333332d303038353038352e303636372b3030302e3030302f""}"
2026-07-01T03:13:46Z,862272088542776,Codec8E,2026-06-28 15:14:26.000 UTC,1782659666000,0,40.1082033,-8.5085066,0,0,0,0,303,"{""239"":1,""240"":1,""21"":3,""200"":0,""69"":2,""237"":2,""113"":100,""303"":0,""383"":3,""1149"":1,""181"":0,""182"":0,""66"":14862,""24"":0,""206"":48740,""67"":4128,""68"":0,""13"":1123,""17"":-15,""18"":30,""19"":5,""15"":0,""241"":26806,""199"":0,""16"":100682,""12"":10960,""449"":0,""636"":1430057,""1148"":87,""11"":8935106000,""14"":1160700155,""387"":""2b3430313038322e303333332d303038353038352e303636372b3030302e3030302f""}"
2026-07-01T03:13:46Z,862272088542776,Codec8E,2026-06-28 15:14:46.000 UTC,1782659686000,0,40.1082033,-8.5085066,0,0,0,0,303,"{""239"":1,""240"":1,""21"":4,""200"":0,""69"":2,""237"":2,""113"":100,""303"":1,""383"":3,""1149"":20,""181"":0,""182"":0,""66"":14924,""24"":0,""206"":48740,""67"":4128,""68"":0,""13"":1123,""17"":-174,""18"":3,""19"":12,""15"":0,""241"":26806,""199"":0,""16"":100682,""12"":10960,""449"":0,""636"":1430057,""1148"":75,""11"":8935106000,""14"":1160700155,""387"":""2b3430313038322e303333332d303038353038352e303636372b3030302e3030302f""}"
2026-07-01T03:13:47Z,862272088542776,Codec8E,2026-06-28 15:15:58.000 UTC,1782659758000,0,40.1082033,-8.5085066,0,0,0,0,303,"{""239"":1,""240"":1,""21"":3,""200"":0,""69"":2,""237"":2,""113"":100,""303"":0,""383"":3,""1149"":1,""181"":0,""182"":0,""66"":14899,""24"":0,""206"":48740,""67"":4128,""68"":0,""13"":1123,""17"":-35,""18"":-1,""19"":8,""15"":0,""241"":26806,""199"":0,""16"":100682,""12"":10960,""449"":0,""636"":1430027,""1148"":86,""11"":8935106000,""14"":1160700155,""387"":""2b3430313038322e303333332d303038353038352e303636372b3030302e3030302f""}"
2026-07-01T03:13:47Z,862272088542776,Codec8E,2026-06-28 15:16:27.000 UTC,1782659787000,0,40.1082033,-8.5085066,0,0,0,0,303,"{""239"":1,""240"":1,""21"":4,""200"":0,""69"":2,""237"":2,""113"":100,""303"":1,""383"":3,""1149"":20,""181"":0,""182"":0,""66"":14927,""24"":0,""206"":48740,""67"":4128,""68"":0,""13"":1123,""17"":-54,""18"":-19,""19"":20,""15"":0,""241"":26806,""199"":0,""16"":100682,""12"":10960,""449"":0,""636"":1555725,""1148"":76,""11"":8935106000,""14"":1160700155,""387"":""2b3430313038322e303333332d303038353038352e303636372b3030302e3030302f""}"
2026-07-01T03:13:47Z,862272088542776,Codec8E,2026-06-28 15:16:33.000 UTC,1782659793000,0,40.1082033,-8.5085066,0,0,0,0,303,"{""239"":1,""240"":1,""21"":4,""200"":0,""69"":2,""237"":2,""113"":100,""303"":0,""383"":3,""1149"":20,""181"":0,""182"":0,""66"":14902,""24"":0,""206"":48740,""67"":4128,""68"":0,""13"":1123,""17"":-73,""18"":-15,""19"":2,""15"":0,""241"":26806,""199"":0,""16"":100682,""12"":10960,""449"":0,""636"":1430027,""1148"":76,""11"":8935106000,""14"":1160700155,""387"":""2b3430313038322e303333332d303038353038352e303636372b3030302e3030302f""}"
2026-07-01T03:13:47Z,862272088542776,Codec8E,2026-06-28 15:17:32.000 UTC,1782659852000,0,40.1082033,-8.5085066,0,0,0,0,240,"{""239"":1,""240"":0,""21"":4,""200"":0,""69"":2,""237"":2,""113"":100,""303"":0,""383"":3,""1149"":20,""181"":0,""182"":0,""66"":14916,""24"":0,""206"":48740,""67"":4128,""68"":0,""13"":1123,""17"":-83,""18"":8,""19"":9,""15"":0,""241"":26806,""199"":0,""16"":100682,""12"":10960,""449"":0,""636"":1515573,""1148"":77,""11"":8935106000,""14"":1160700155,""387"":""2b3430313038322e303333332d303038353038352e303636372b3030302e3030302f""}"
2026-07-01T03:13:47Z,862272088542776,Codec8E,2026-06-28 15:17:34.000 UTC,1782659854000,0,40.1082033,-8.5085066,0,0,0,0,303,"{""239"":1,""240"":0,""21"":4,""200"":0,""69"":2,""237"":2,""113"":100,""303"":1,""383"":3,""1149"":20,""181"":0,""182"":0,""66"":14928,""24"":0,""206"":48740,""67"":4128,""68"":0,""13"":1123,""17"":-55,""18"":4,""19"":13,""15"":0,""241"":26806,""199"":0,""16"":100682,""12"":10960,""449"":0,""636"":1515573,""1148"":77,""11"":8935106000,""14"":1160700155,""387"":""2b3430313038322e303333332d303038353038352e303636372b3030302e3030302f""}"
2026-07-01T03:13:48Z,862272088542776,Codec8E,2026-06-28 15:17:35.000 UTC,1782659855000,0,40.1082033,-8.5085066,0,0,0,0,240,"{""239"":1,""240"":1,""21"":4,""200"":0,""69"":2,""237"":2,""113"":100,""303"":1,""383"":3,""1149"":20,""181"":0,""182"":0,""66"":14878,""24"":0,""206"":48740,""67"":4128,""68"":0,""13"":1123,""17"":-50,""18"":-5,""19"":22,""15"":0,""241"":26806,""199"":0,""16"":100682,""12"":10960,""449"":0,""636"":1515573,""1148"":77,""11"":8935106000,""14"":1160700155,""387"":""2b3430313038322e303333332d303038353038352e303636372b3030302e3030302f""}"
2026-07-01T03:13:48Z,862272088542776,Codec8E,2026-06-28 15:17:49.000 UTC,1782659869000,0,40.1082033,-8.5085066,0,0,0,0,303,"{""239"":1,""240"":1,""21"":3,""200"":0,""69"":2,""237"":2,""113"":100,""303"":0,""383"":3,""1149"":8,""181"":0,""182"":0,""66"":14885,""24"":0,""206"":48740,""67"":4128,""68"":0,""13"":1123,""17"":-46,""18"":6,""19"":1,""15"":0,""241"":26806,""199"":0,""16"":100682,""12"":10960,""449"":0,""636"":1430067,""1148"":87,""11"":8935106000,""14"":1160700155,""387"":""2b3430313038322e303333332d303038353038352e303636372b3030302e3030302f""}"
2026-07-01T03:13:48Z,862272088542776,Codec8E,2026-06-28 15:17:51.000 UTC,1782659871000,0,40.1082033,-8.5085066,0,0,0,0,303,"{""239"":1,""240"":1,""21"":3,""200"":0,""69"":2,""237"":2,""113"":100,""303"":1,""383"":3,""1149"":8,""181"":0,""182"":0,""66"":14863,""24"":0,""206"":48740,""67"":4128,""68"":0,""13"":1123,""17"":-104,""18"":-93,""19"":2,""15"":0,""241"":26806,""199"":0,""16"":100682,""12"":10960,""449"":0,""636"":1430067,""1148"":87,""11"":8935106000,""14"":1160700155,""387"":""2b3430313038322e303333332d303038353038352e303636372b3030302e3030302f""}"
2026-07-01T03:13:48Z,862272088542776,Codec8E,2026-06-28 15:18:32.000 UTC,1782659912000,0,40.1082033,-8.5085066,0,0,0,0,303,"{""239"":1,""240"":1,""21"":5,""200"":0,""69"":2,""237"":2,""113"":100,""303"":0,""383"":3,""1149"":20,""181"":0,""182"":0,""66"":14880,""24"":0,""206"":48740,""67"":4128,""68"":0,""13"":1123,""17"":-7,""18"":0,""19"":0,""15"":0,""241"":26806,""199"":0,""16"":100682,""12"":10960,""449"":0,""636"":1430057,""1148"":71,""11"":8935106000,""14"":1160700155,""387"":""2b3430313038322e303333332d303038353038352e303636372b3030302e3030302f""}"
2026-07-01T03:13:48Z,862272088542776,Codec8E,2026-06-28 15:19:32.000 UTC,1782659972000,0,40.1082033,-8.5085066,0,0,6,0,240,"{""239"":1,""240"":0,""21"":5,""200"":0,""69"":2,""237"":2,""113"":100,""303"":0,""383"":3,""1149"":20,""181"":31,""182"":29,""66"":13281,""24"":0,""206"":48740,""67"":4128,""68"":0,""13"":1123,""17"":-5,""18"":9,""19"":4,""15"":0,""241"":26806,""199"":0,""16"":100682,""12"":10961,""449"":0,""636"":2017293,""1148"":64,""11"":8935106000,""14"":1160700155,""387"":""2b3430313038322e303333332d303038353038352e303636372b3030302e3030302f""}"
2026-07-01T03:13:49Z,862272088542776,Codec8E,2026-06-28 15:19:36.000 UTC,1782659976000,0,40.1082033,-8.5085066,0,0,6,0,239,"{""239"":0,""240"":0,""21"":5,""200"":0,""69"":2,""237"":2,""113"":100,""303"":0,""383"":3,""1149"":20,""181"":22,""182"":20,""66"":13143,""24"":0,""206"":48740,""67"":4128,""68"":0,""13"":1123,""17"":-5,""18"":8,""19"":4,""15"":0,""241"":26806,""199"":0,""16"":100682,""12"":10961,""449"":0,""636"":1515573,""1148"":64,""11"":8935106000,""14"":1160700155,""387"":""2b3430313038322e303333332d303038353038352e303636372b3030302e3030302f""}"
2026-07-01T03:13:49Z,862272088542776,Codec8E,2026-06-28 15:25:37.000 UTC,1782660337000,0,40.1082033,-8.5085066,41,0,9,0,239,"{""239"":1,""240"":0,""21"":5,""200"":0,""69"":1,""237"":2,""113"":100,""303"":0,""383"":3,""1149"":20,""181"":15,""182"":12,""66"":13224,""24"":0,""206"":48740,""67"":4128,""68"":0,""13"":1123,""17"":-8,""18"":5,""19"":4,""15"":0,""241"":26806,""199"":0,""16"":100682,""12"":10961,""449"":0,""636"":2017293,""1148"":62,""11"":8935106000,""14"":1160700155,""387"":""2b3430313038322e303333332d303038353038352e303636372b3030302e3034312f""}"
2026-07-01T03:13:49Z,862272088542776,Codec8E,2026-06-28 15:25:41.000 UTC,1782660341000,0,40.1082033,-8.5085066,41,0,9,0,239,"{""239"":0,""240"":0,""21"":5,""200"":0,""69"":1,""237"":2,""113"":100,""303"":0,""383"":3,""1149"":20,""181"":15,""182"":12,""66"":13192,""24"":0,""206"":48740,""67"":4128,""68"":0,""13"":1123,""17"":-13,""18"":13,""19"":8,""15"":0,""241"":26806,""199"":0,""16"":100682,""12"":10962,""449"":0,""636"":2017293,""1148"":61,""11"":8935106000,""14"":1160700155,""387"":""2b3430313038322e303333332d303038353038352e303636372b3030302e3034312f""}"
2026-07-01T03:13:49Z,862272088542776,Codec8E,2026-06-28 15:34:13.000 UTC,1782660853000,0,40.1082033,-8.5085066,46,0,10,0,239,"{""239"":1,""240"":0,""21"":5,""200"":0,""69"":1,""237"":2,""113"":100,""303"":0,""383"":3,""1149"":20,""181"":13,""182"":10,""66"":15057,""24"":0,""206"":48740,""67"":4128,""68"":0,""13"":1123,""17"":-7,""18"":14,""19"":2,""15"":0,""241"":26806,""199"":0,""16"":100682,""12"":10962,""449"":0,""636"":2017293,""1148"":64,""11"":8935106000,""14"":1160700155,""387"":""2b3430313038322e303333332d303038353038352e303636372b3030302e3034362f""}"
2026-07-01T03:13:49Z,862272088542776,Codec8E,2026-06-28 15:36:34.000 UTC,1782660994000,0,40.1082033,-8.5085066,43,0,9,0,303,"{""239"":1,""240"":0,""21"":5,""200"":0,""69"":1,""237"":2,""113"":100,""303"":1,""383"":3,""1149"":20,""181"":17,""182"":14,""66"":14893,""24"":0,""206"":48740,""67"":4128,""68"":0,""13"":1127,""17"":-63,""18"":44,""19"":14,""15"":0,""241"":26806,""199"":0,""16"":100682,""12"":11001,""449"":0,""636"":2017293,""1148"":69,""11"":8935106000,""14"":1160700155,""387"":""2b3430313038322e303333332d303038353038352e303636372b3030302e3034332f""}"
2026-07-01T03:13:51Z,862272088542776,Codec8E,2026-06-28 15:36:35.000 UTC,1782660995000,0,40.1173983,-8.5513350,42,155,9,5,240,"{""239"":1,""240"":1,""21"":5,""200"":0,""69"":1,""237"":2,""113"":100,""303"":1,""383"":3,""1149"":20,""181"":15,""182"":12,""66"":14847,""24"":5,""206"":48740,""67"":4128,""68"":0,""13"":1127,""17"":-53,""18"":36,""19"":43,""15"":0,""241"":26806,""199"":0,""16"":100682,""12"":11001,""449"":0,""636"":2017293,""1148"":69,""11"":8935106000,""14"":1160700155,""387"":""2b3430313137332e393833332d303038353531332e333530302b3030302e3034322f""}"
2026-07-01T03:13:51Z,862272088542776,Codec8E,2026-06-28 15:36:46.000 UTC,1782661006000,0,40.1171300,-8.5511183,41,145,9,12,0,"{""239"":1,""240"":1,""21"":5,""200"":0,""69"":1,""237"":2,""113"":100,""303"":1,""383"":3,""1149"":20,""181"":15,""182"":11,""66"":14909,""24"":12,""206"":48740,""67"":4128,""68"":0,""13"":1127,""17"":-60,""18"":-26,""19"":-28,""15"":1000,""241"":26806,""199"":35,""16"":100717,""12"":11001,""449"":0,""636"":1430027,""1148"":70,""11"":8935106000,""14"":1160700155,""387"":""2b3430313137312e333030302d303038353531312e313833332b3030302e3034312f""}"
2026-07-01T03:13:51Z,862272088542776,Codec8E,2026-06-28 15:36:51.000 UTC,1782661011000,0,40.1170733,-8.5510350,39,99,9,8,0,"{""239"":1,""240"":1,""21"":5,""200"":0,""69"":1,""237"":2,""113"":100,""303"":1,""383"":3,""1149"":20,""181"":15,""182"":12,""66"":14933,""24"":8,""206"":48740,""67"":4128,""68"":0,""13"":1127,""17"":29,""18"":-103,""19"":18,""15"":1000,""241"":26806,""199"":43,""16"":100725,""12"":11001,""449"":0,""636"":1430027,""1148"":70,""11"":8935106000,""14"":1160700155,""387"":""2b3430313137302e373333332d303038353531302e333530302b3030302e3033392f""}"
2026-07-01T03:13:51Z,862272088542776,Codec8E,2026-06-28 15:37:09.000 UTC,1782661029000,0,40.1171983,-8.5511866,37,319,9,6,0,"{""239"":1,""240"":1,""21"":5,""200"":0,""69"":1,""237"":2,""113"":100,""303"":1,""383"":3,""1149"":20,""181"":15,""182"":12,""66"":14854,""24"":6,""206"":48740,""67"":4128,""68"":0,""13"":1127,""17"":-95,""18"":-47,""19"":90,""15"":1000,""241"":26806,""199"":68,""16"":100750,""12"":11004,""449"":0,""636"":1430027,""1148"":70,""11"":8935106000,""14"":1160700155,""387"":""2b3430313137312e393833332d303038353531312e383636372b3030302e3033372f""}"
2026-07-01T03:13:51Z,862272088542776,Codec8E,2026-06-28 15:37:15.000 UTC,1782661035000,0,40.1174733,-8.5513766,36,330,9,16,0,"{""239"":1,""240"":1,""21"":5,""200"":0,""69"":1,""237"":2,""113"":100,""303"":1,""383"":3,""1149"":20,""181"":15,""182"":12,""66"":14889,""24"":16,""206"":48740,""67"":4128,""68"":0,""13"":1127,""17"":-70,""18"":-87,""19"":33,""15"":1000,""241"":26806,""199"":103,""16"":100785,""12"":11004,""449"":0,""636"":1430027,""1148"":70,""11"":8935106000,""14"":1160700155,""387"":""2b3430313137342e373333332d303038353531332e373636372b3030302e3033362f""}"
2026-07-01T03:13:54Z,862272088542776,Codec8E,2026-06-28 15:37:18.000 UTC,1782661038000,0,40.1176150,-8.5514216,35,342,8,17,0,"{""239"":1,""240"":1,""21"":3,""200"":0,""69"":1,""237"":2,""113"":100,""303"":1,""383"":3,""1149"":8,""181"":16,""182"":12,""66"":14896,""24"":17,""206"":48740,""67"":4128,""68"":0,""13"":1127,""17"":-82,""18"":-29,""19"":0,""15"":1000,""241"":26806,""199"":119,""16"":100801,""12"":11004,""449"":0,""636"":1515563,""1148"":70,""11"":8935106000,""14"":1160700155,""387"":""2b3430313137362e313530302d303038353531342e323136372b3030302e3033352f""}"
2026-07-01T03:13:54Z,862272088542776,Codec8E,2026-06-28 15:37:22.000 UTC,1782661042000,0,40.1178483,-8.5514633,34,353,7,20,0,"{""239"":1,""240"":1,""21"":3,""200"":0,""69"":1,""237"":2,""113"":100,""303"":1,""383"":3,""1149"":8,""181"":32,""182"":22,""66"":14932,""24"":20,""206"":48740,""67"":4128,""68"":0,""13"":1127,""17"":-88,""18"":-49,""19"":17,""15"":1000,""241"":26806,""199"":145,""16"":100827,""12"":11004,""449"":0,""636"":1515563,""1148"":70,""11"":8935106000,""14"":1160700155,""387"":""2b3430313137382e343833332d303038353531342e363333332b3030302e3033342f""}"
2026-07-01T03:13:54Z,862272088542776,Codec8E,2026-06-28 15:37:27.000 UTC,1782661047000,0,40.1181466,-8.5514616,32,3,7,22,0,"{""239"":1,""240"":1,""21"":3,""200"":0,""69"":1,""237"":2,""113"":100,""303"":1,""383"":3,""1149"":8,""181"":68,""182"":18,""66"":14920,""24"":22,""206"":48740,""67"":4128,""68"":0,""13"":1127,""17"":-129,""18"":-57,""19"":15,""15"":1000,""241"":26806,""199"":178,""16"":100860,""12"":11004,""449"":0,""636"":1515573,""1148"":70,""11"":8935106000,""14"":1160700155,""387"":""2b3430313138312e343636372d303038353531342e363136372b3030302e3033322f""}"
2026-07-01T03:13:54Z,862272088542776,Codec8E,2026-06-28 15:37:35.000 UTC,1782661055000,0,40.1185733,-8.5514283,29,353,7,23,0,"{""239"":1,""240"":1,""21"":3,""200"":0,""69"":1,""237"":2,""113"":100,""303"":1,""383"":3,""1149"":8,""181"":74,""182"":17,""66"":14900,""24"":23,""206"":48740,""67"":4128,""68"":0,""13"":1127,""17"":167,""18"":-58,""19"":2,""15"":1000,""241"":26806,""199"":227,""16"":100909,""12"":11004,""449"":0,""636"":1515573,""1148"":70,""11"":8935106000,""14"":1160700155,""387"":""2b3430313138352e373333332d303038353531342e323833332b3030302e3032392f""}"
2026-07-01T03:13:54Z,862272088542776,Codec8E,2026-06-28 15:37:39.000 UTC,1782661059000,0,40.1185916,-8.5514533,27,13,7,14,0,"{""239"":1,""240"":1,""21"":3,""200"":0,""69"":1,""237"":2,""113"":100,""303"":1,""383"":3,""1149"":8,""181"":17,""182"":14,""66"":14912,""24"":14,""206"":48740,""67"":4128,""68"":0,""13"":1127,""17"":-58,""18"":-11,""19"":9,""15"":1000,""241"":26806,""199"":230,""16"":100912,""12"":11004,""449"":0,""636"":1515573,""1148"":70,""11"":8935106000,""14"":1160700155,""387"":""2b3430313138352e393136372d303038353531342e353333332b3030302e3032372f""}"
2026-07-01T03:14:07Z,862272088542776,Codec8E,2026-06-28 15:37:40.000 UTC,1782661060000,0,40.1185983,-8.5514633,27,28,8,12,0,"{""239"":1,""240"":1,""21"":4,""200"":0,""69"":1,""237"":2,""113"":100,""303"":1,""383"":3,""1149"":8,""181"":16,""182"":12,""66"":14896,""24"":12,""206"":48740,""67"":4128,""68"":0,""13"":1127,""17"":-4,""18"":39,""19"":9,""15"":1000,""241"":26806,""199"":233,""16"":100915,""12"":11004,""449"":0,""636"":1515573,""1148"":78,""11"":8935106000,""14"":1160700155,""387"":""2b3430313138352e393833332d303038353531342e363333332b3030302e3032372f""}"
2026-07-01T03:14:07Z,862272088542776,Codec8E,2026-06-28 15:37:42.000 UTC,1782661062000,0,40.1186249,-8.5514416,26,68,9,10,0,"{""239"":1,""240"":1,""21"":4,""200"":0,""69"":1,""237"":2,""113"":100,""303"":1,""383"":3,""1149"":8,""181"":15,""182"":12,""66"":14943,""24"":10,""206"":48740,""67"":4128,""68"":0,""13"":1127,""17"":-33,""18"":45,""19"":-8,""15"":1000,""241"":26806,""199"":236,""16"":100918,""12"":11004,""449"":0,""636"":1555725,""1148"":78,""11"":8935106000,""14"":1160700155,""387"":""2b3430313138362e323530302d303038353531342e343136372b3030302e3032362f""}"
2026-07-01T03:14:07Z,862272088542776,Codec8E,2026-06-28 15:37:43.000 UTC,1782661063000,0,40.1186300,-8.5514083,26,90,9,10,0,"{""239"":1,""240"":1,""21"":4,""200"":0,""69"":1,""237"":2,""113"":100,""303"":1,""383"":3,""1149"":8,""181"":15,""182"":12,""66"":14910,""24"":10,""206"":48740,""67"":4128,""68"":0,""13"":1127,""17"":-62,""18"":-10,""19"":26,""15"":1000,""241"":26806,""199"":239,""16"":100921,""12"":11004,""449"":0,""636"":1555725,""1148"":78,""11"":8935106000,""14"":1160700155,""387"":""2b3430313138362e333030302d303038353531342e303833332b3030302e3032362f""}"
2026-07-01T03:14:07Z,862272088542776,Codec8E,2026-06-28 15:37:48.000 UTC,1782661068000,0,40.1186833,-8.5510200,23,91,9,20,0,"{""239"":1,""240"":1,""21"":4,""200"":0,""69"":1,""237"":2,""113"":100,""303"":1,""383"":3,""1149"":8,""181"":17,""182"":12,""66"":14950,""24"":20,""206"":48740,""67"":4128,""68"":0,""13"":1127,""17"":73,""18"":-6,""19"":63,""15"":1000,""241"":26806,""199"":276,""16"":100958,""12"":11004,""449"":0,""636"":1555725,""1148"":78,""11"":8935106000,""14"":1160700155,""387"":""2b3430313138362e383333332d303038353531302e323030302b3030302e3032332f""}"
2026-07-01T03:14:07Z,862272088542776,Codec8E,2026-06-28 15:37:55.000 UTC,1782661075000,0,40.1186283,-8.5503550,19,102,8,26,0,"{""239"":1,""240"":1,""21"":4,""200"":0,""69"":1,""237"":2,""113"":100,""303"":1,""383"":3,""1149"":8,""181"":31,""182"":12,""66"":14841,""24"":26,""206"":48740,""67"":4128,""68"":0,""13"":1127,""17"":-91,""18"":-96,""19"":246,""15"":1000,""241"":26806,""199"":333,""16"":101015,""12"":11004,""449"":0,""636"":1555725,""1148"":78,""11"":8935106000,""14"":1160700155,""387"":""2b3430313138362e323833332d303038353530332e353530302b3030302e3031392f""}"
2026-07-01T03:14:08Z,862272088542776,Codec8E,2026-06-28 15:38:06.000 UTC,1782661086000,0,40.1184533,-8.5492500,13,92,8,34,0,"{""239"":1,""240"":1,""21"":4,""200"":0,""69"":1,""237"":2,""113"":100,""303"":1,""383"":3,""1149"":8,""181"":15,""182"":12,""66"":14928,""24"":34,""206"":48740,""67"":4128,""68"":0,""13"":1127,""17"":-24,""18"":14,""19"":59,""15"":1000,""241"":26806,""199"":429,""16"":101111,""12"":11004,""449"":0,""636"":1515573,""1148"":78,""11"":8935106000,""14"":1160700155,""387"":""2b3430313138342e353333332d303038353439322e353030302b3030302e3031332f""}"
2026-07-01T03:14:08Z,862272088542776,Codec8E,2026-06-28 15:38:15.000 UTC,1782661095000,0,40.1184350,-8.5480399,11,98,9,38,0,"{""239"":1,""240"":1,""21"":3,""200"":0,""69"":1,""237"":2,""113"":100,""303"":1,""383"":3,""1149"":8,""181"":15,""182"":12,""66"":14892,""24"":38,""206"":48740,""67"":4128,""68"":0,""13"":1127,""17"":-53,""18"":131,""19"":36,""15"":1000,""241"":26806,""199"":533,""16"":101215,""12"":11004,""449"":0,""636"":1515573,""1148"":90,""11"":8935106000,""14"":1160700155,""387"":""2b3430313138342e333530302d303038353438302e343030302b3030302e3031312f""}"
2026-07-01T03:14:08Z,862272088542776,Codec8E,2026-06-28 15:38:18.000 UTC,1782661098000,0,40.1183233,-8.5476466,10,109,8,40,0,"{""239"":1,""240"":1,""21"":3,""200"":0,""69"":1,""237"":2,""113"":100,""303"":1,""383"":3,""1149"":8,""181"":24,""182"":13,""66"":14922,""24"":40,""206"":48740,""67"":4128,""68"":0,""13"":1127,""17"":-85,""18"":-90,""19"":86,""15"":1000,""241"":26806,""199"":569,""16"":101251,""12"":11004,""449"":0,""636"":1515573,""1148"":90,""11"":8935106000,""14"":1160700155,""387"":""2b3430313138332e323333332d303038353437362e343636372b3030302e3031302f""}"
2026-07-01T03:14:08Z,862272088542776,Codec8E,2026-06-28 15:38:24.000 UTC,1782661104000,0,40.1179383,-8.5468049,8,122,6,47,0,"{""239"":1,""240"":1,""21"":3,""200"":0,""69"":1,""237"":2,""113"":100,""303"":1,""383"":3,""1149"":8,""181"":32,""182"":16,""66"":14866,""24"":47,""206"":48740,""67"":4128,""68"":0,""13"":1127,""17"":-48,""18"":-76,""19"":44,""15"":1000,""241"":26806,""199"":652,""16"":101334,""12"":11004,""449"":0,""636"":1555765,""1148"":90,""11"":8935106000,""14"":1160700155,""387"":""2b3430313137392e333833332d303038353436382e303530302b3030302e3030382f""}"
2026-07-01T03:14:08Z,862272088542776,Codec8E,2026-06-28 15:38:33.000 UTC,1782661113000,0,40.1174033,-8.5457216,6,106,9,44,0,"{""239"":1,""240"":1,""21"":3,""200"":0,""69"":1,""237"":2,""113"":100,""303"":1,""383"":3,""1149"":8,""181"":20,""182"":11,""66"":14902,""24"":44,""206"":48740,""67"":4128,""68"":0,""13"":1127,""17"":-45,""18"":-112,""19"":94,""15"":1000,""241"":26806,""199"":764,""16"":101446,""12"":11004,""449"":0,""636"":1555765,""1148"":90,""11"":8935106000,""14"":1160700155,""387"":""2b3430313137342e303333332d303038353435372e323136372b3030302e3030362f""}"
2026-07-01T03:14:10Z,862272088542776,Codec8E,2026-06-28 15:38:35.000 UTC,1782661115000,0,40.1173933,-8.5454383,6,94,9,44,0,"{""239"":1,""240"":1,""21"":3,""200"":0,""69"":1,""237"":2,""113"":100,""303"":1,""383"":3,""1149"":8,""181"":14,""182"":11,""66"":14889,""24"":44,""206"":48740,""67"":4128,""68"":0,""13"":1127,""17"":-59,""18"":-68,""19"":99,""15"":1000,""241"":26806,""199"":788,""16"":101470,""12"":11004,""449"":0,""636"":1555765,""1148"":90,""11"":8935106000,""14"":1160700155,""387"":""2b3430313137332e393333332d303038353435342e333833332b3030302e3030362f""}"
2026-07-01T03:14:10Z,862272088542776,Codec8E,2026-06-28 15:39:18.000 UTC,1782661158000,0,40.1188416,-8.5395549,96,60,8,36,0,"{""239"":1,""240"":1,""21"":3,""200"":0,""69"":1,""237"":2,""113"":100,""303"":1,""383"":3,""1149"":1,""181"":22,""182"":13,""66"":14876,""24"":36,""206"":48740,""67"":4133,""68"":0,""13"":1127,""17"":-75,""18"":-45,""19"":28,""15"":0,""241"":26806,""199"":851,""16"":101533,""12"":11004,""449"":0,""636"":1515563,""1148"":85,""11"":8935106000,""14"":1160700155,""387"":""2b3430313138382e343136372d303038353339352e353530302b3030302e3039362f""}"
2026-07-01T03:14:10Z,862272088542776,Codec8E,2026-06-28 15:39:28.000 UTC,1782661168000,0,40.1193783,-8.5384266,83,57,8,44,0,"{""239"":1,""240"":1,""21"":3,""200"":0,""69"":1,""237"":2,""113"":100,""303"":1,""383"":3,""1149"":1,""181"":14,""182"":11,""66"":14868,""24"":44,""206"":48740,""67"":4129,""68"":0,""13"":1127,""17"":-35,""18"":-27,""19"":20,""15"":0,""241"":26806,""199"":964,""16"":101646,""12"":11004,""449"":0,""636"":1515563,""1148"":88,""11"":8935106000,""14"":1160700155,""387"":""2b3430313139332e373833332d303038353338342e323636372b3030302e3038332f""}"
2026-07-01T03:14:10Z,862272088542776,Codec8E,2026-06-28 15:39:35.000 UTC,1782661175000,0,40.1196749,-8.5375666,84,69,9,42,0,"{""239"":1,""240"":1,""21"":3,""200"":0,""69"":1,""237"":2,""113"":100,""303"":1,""383"":3,""1149"":1,""181"":15,""182"":12,""66"":14875,""24"":42,""206"":48740,""67"":4129,""68"":0,""13"":1127,""17"":-114,""18"":25,""19"":29,""15"":1000,""241"":26806,""199"":1044,""16"":101726,""12"":11004,""449"":0,""636"":1515563,""1148"":88,""11"":8935106000,""14"":1160700155,""387"":""2b3430313139362e373530302d303038353337352e363636372b3030302e3038342f""}"
2026-07-01T03:14:10Z,862272088542776,Codec8E,2026-06-28 15:39:45.000 UTC,1782661185000,0,40.1198683,-8.5365733,61,66,9,28,0,"{""239"":1,""240"":1,""21"":3,""200"":0,""69"":1,""237"":2,""113"":100,""303"":1,""383"":3,""1149"":1,""181"":30,""182"":12,""66"":14908,""24"":28,""206"":48740,""67"":4129,""68"":0,""13"":1127,""17"":121,""18"":-14,""19"":16,""15"":1000,""241"":26806,""199"":1130,""16"":101812,""12"":11004,""449"":0,""636"":1515563,""1148"":88,""11"":8935106000,""14"":1160700155,""387"":""2b3430313139382e363833332d303038353336352e373333332b3030302e3036312f""}"
2026-07-01T03:14:11Z,862272088542776,Codec8E,2026-06-28 15:39:47.000 UTC,1782661187000,0,40.1198616,-8.5365700,57,66,9,16,0,"{""239"":1,""240"":1,""21"":3,""200"":0,""69"":1,""237"":2,""113"":100,""303"":1,""383"":3,""1149"":1,""181"":15,""182"":12,""66"":14878,""24"":16,""206"":48740,""67"":4128,""68"":0,""13"":1127,""17"":-63,""18"":-20,""19"":6,""15"":1000,""241"":26806,""199"":1130,""16"":101812,""12"":11004,""449"":0,""636"":1515563,""1148"":88,""11"":8935106000,""14"":1160700155,""387"":""2b3430313139382e363136372d303038353336352e373030302b3030302e3035372f""}"
2026-07-01T03:14:11Z,862272088542776,Codec8E,2026-06-28 15:39:50.000 UTC,1782661190000,0,40.1198600,-8.5365616,58,66,9,6,0,"{""239"":1,""240"":1,""21"":3,""200"":0,""69"":1,""237"":2,""113"":100,""303"":1,""383"":3,""1149"":1,""181"":15,""182"":12,""66"":14900,""24"":6,""206"":48740,""67"":4128,""68"":0,""13"":1127,""17"":-61,""18"":-22,""19"":6,""15"":1000,""241"":26806,""199"":1133,""16"":101815,""12"":11004,""449"":0,""636"":1515563,""1148"":88,""11"":8935106000,""14"":1160700155,""387"":""2b3430313139382e363030302d303038353336352e363136372b3030302e3035382f""}"
2026-07-01T03:14:11Z,862272088542776,Codec8E,2026-06-28 15:39:52.000 UTC,1782661192000,0,40.1198600,-8.5365616,58,66,9,2,303,"{""239"":1,""240"":1,""21"":3,""200"":0,""69"":1,""237"":2,""113"":100,""303"":0,""383"":3,""1149"":8,""181"":15,""182"":12,""66"":14847,""24"":2,""206"":48740,""67"":4129,""68"":0,""13"":1127,""17"":-67,""18"":-30,""19"":6,""15"":1000,""241"":26806,""199"":1133,""16"":101815,""12"":11004,""449"":0,""636"":1515563,""1148"":90,""11"":8935106000,""14"":1160700155,""387"":""2b3430313139382e363030302d303038353336352e363136372b3030302e3035382f""}"
2026-07-01T03:14:11Z,862272088542776,Codec8E,2026-06-28 15:40:00.000 UTC,1782661200000,0,40.1198849,-8.5364866,56,73,9,5,303,"{""239"":1,""240"":1,""21"":3,""200"":0,""69"":1,""237"":2,""113"":100,""303"":1,""383"":3,""1149"":8,""181"":15,""182"":12,""66"":14889,""24"":5,""206"":48740,""67"":4128,""68"":0,""13"":1127,""17"":-248,""18"":125,""19"":119,""15"":1000,""241"":26806,""199"":1140,""16"":101822,""12"":11004,""449"":0,""636"":1515573,""1148"":90,""11"":8935106000,""14"":1160700155,""387"":""2b3430313139382e383530302d303038353336342e383636372b3030302e3035362f""}"
2026-07-01T03:14:11Z,862272088542776,Codec8E,2026-06-28 15:40:04.000 UTC,1782661204000,0,40.1199249,-8.5362750,51,85,9,14,0,"{""239"":1,""240"":1,""21"":3,""200"":0,""69"":1,""237"":2,""113"":100,""303"":1,""383"":3,""1149"":8,""181"":15,""182"":12,""66"":14941,""24"":14,""206"":48740,""67"":4128,""68"":0,""13"":1127,""17"":-180,""18"":-33,""19"":69,""15"":1000,""241"":26806,""199"":1158,""16"":101840,""12"":11004,""449"":0,""636"":1515573,""1148"":90,""11"":8935106000,""14"":1160700155,""387"":""2b3430313139392e323530302d303038353336322e373530302b3030302e3035312f""}"
2026-07-01T03:14:13Z,862272088542776,Codec8E,2026-06-28 15:40:07.000 UTC,1782661207000,0,40.1199350,-8.5359466,48,87,9,25,0,"{""239"":1,""240"":1,""21"":3,""200"":0,""69"":1,""237"":2,""113"":100,""303"":1,""383"":3,""1149"":8,""181"":31,""182"":12,""66"":14946,""24"":25,""206"":48740,""67"":4128,""68"":0,""13"":1127,""17"":-107,""18"":-40,""19"":46,""15"":1000,""241"":26806,""199"":1186,""16"":101868,""12"":11004,""449"":0,""636"":1515573,""1148"":90,""11"":8935106000,""14"":1160700155,""387"":""2b3430313139392e333530302d303038353335392e343636372b3030302e3034382f""}"
2026-07-01T03:14:13Z,862272088542776,Codec8E,2026-06-28 15:40:12.000 UTC,1782661212000,0,40.1199716,-8.5353100,47,88,9,35,0,"{""239"":1,""240"":1,""21"":3,""200"":0,""69"":1,""237"":2,""113"":100,""303"":1,""383"":3,""1149"":8,""181"":32,""182"":12,""66"":14895,""24"":35,""206"":48740,""67"":4128,""68"":0,""13"":1127,""17"":-66,""18"":7,""19"":62,""15"":1000,""241"":26806,""199"":1241,""16"":101923,""12"":11004,""449"":0,""636"":1515573,""1148"":90,""11"":8935106000,""14"":1160700155,""387"":""2b3430313139392e373136372d303038353335332e313030302b3030302e3034372f""}"
2026-07-01T03:14:13Z,862272088542776,Codec8E,2026-06-28 15:40:17.000 UTC,1782661217000,0,40.1199383,-8.5346683,45,98,9,38,0,"{""239"":1,""240"":1,""21"":3,""200"":0,""69"":1,""237"":2,""113"":100,""303"":1,""383"":3,""1149"":8,""181"":32,""182"":12,""66"":14870,""24"":38,""206"":48740,""67"":4128,""68"":0,""13"":1127,""17"":-87,""18"":12,""19"":94,""15"":1000,""241"":26806,""199"":1295,""16"":101977,""12"":11004,""449"":0,""636"":1515573,""1148"":90,""11"":8935106000,""14"":1160700155,""387"":""2b3430313139392e333833332d303038353334362e363833332b3030302e3034352f""}"
2026-07-01T03:14:13Z,862272088542776,Codec8E,2026-06-28 15:40:24.000 UTC,1782661224000,0,40.1197866,-8.5337800,46,111,9,38,0,"{""239"":1,""240"":1,""21"":2,""200"":0,""69"":1,""237"":2,""113"":100,""303"":1,""383"":3,""1149"":8,""181"":17,""182"":12,""66"":14924,""24"":38,""206"":48740,""67"":4129,""68"":0,""13"":1127,""17"":-67,""18"":190,""19"":23,""15"":1000,""241"":26806,""199"":1373,""16"":102055,""12"":11004,""449"":0,""636"":1515573,""1148"":94,""11"":8935106000,""14"":1160700155,""387"":""2b3430313139372e383636372d303038353333372e383030302b3030302e3034362f""}"
2026-07-01T03:14:13Z,862272088542776,Codec8E,2026-06-28 15:40:27.000 UTC,1782661227000,0,40.1196249,-8.5334933,48,129,8,37,0,"{""239"":1,""240"":1,""21"":2,""200"":0,""69"":1,""237"":2,""113"":100,""303"":1,""383"":3,""1149"":8,""181"":18,""182"":13,""66"":14852,""24"":37,""206"":48740,""67"":4128,""68"":0,""13"":1127,""17"":-72,""18"":-43,""19"":19,""15"":1000,""241"":26806,""199"":1403,""16"":102085,""12"":11004,""449"":0,""636"":1515573,""1148"":94,""11"":8935106000,""14"":1160700155,""387"":""2b3430313139362e323530302d303038353333342e393333332b3030302e3034382f""}"
2026-07-01T03:14:28Z,862272088542776,Codec8E,2026-06-28 15:40:36.000 UTC,1782661236000,0,40.1190133,-8.5325583,46,120,8,41,0,"{""239"":1,""240"":1,""21"":2,""200"":0,""69"":1,""237"":2,""113"":100,""303"":1,""383"":3,""1149"":8,""181"":16,""182"":12,""66"":14931,""24"":41,""206"":48740,""67"":4128,""68"":0,""13"":1127,""17"":0,""18"":-216,""19"":64,""15"":1000,""241"":26806,""199"":1510,""16"":102192,""12"":11004,""449"":0,""636"":1515573,""1148"":94,""11"":8935106000,""14"":1160700155,""387"":""2b3430313139302e313333332d303038353332352e353833332b3030302e3034362f""}"
2026-07-01T03:14:28Z,862272088542776,Codec8E,2026-06-28 15:40:38.000 UTC,1782661238000,0,40.1189416,-8.5322799,48,104,8,40,0,"{""239"":1,""240"":1,""21"":2,""200"":0,""69"":1,""237"":2,""113"":100,""303"":1,""383"":3,""1149"":8,""181"":79,""182"":16,""66"":14884,""24"":40,""206"":48740,""67"":4128,""68"":0,""13"":1127,""17"":-113,""18"":-215,""19"":58,""15"":1000,""241"":26806,""199"":1535,""16"":102217,""12"":11004,""449"":0,""636"":1515573,""1148"":94,""11"":8935106000,""14"":1160700155,""387"":""2b3430313138392e343136372d303038353332322e383030302b3030302e3034382f""}"
2026-07-01T03:14:28Z,862272088542776,Codec8E,2026-06-28 15:40:39.000 UTC,1782661239000,0,40.1189399,-8.5321450,48,92,8,40,0,"{""239"":1,""240"":1,""21"":2,""200"":0,""69"":1,""237"":2,""113"":100,""303"":1,""383"":3,""1149"":8,""181"":79,""182"":16,""66"":14933,""24"":40,""206"":48740,""67"":4128,""68"":0,""13"":1127,""17"":-104,""18"":-113,""19"":93,""15"":1000,""241"":26806,""199"":1546,""16"":102228,""12"":11004,""449"":0,""636"":1515573,""1148"":94,""11"":8935106000,""14"":1160700155,""387"":""2b3430313138392e343030302d303038353332312e343530302b3030302e3034382f""}"
2026-07-01T03:14:28Z,862272088542776,Codec8E,2026-06-28 15:40:41.000 UTC,1782661241000,0,40.1189550,-8.5318833,49,80,8,41,0,"{""239"":1,""240"":1,""21"":2,""200"":0,""69"":1,""237"":2,""113"":100,""303"":1,""383"":3,""1149"":8,""181"":16,""182"":12,""66"":14937,""24"":41,""206"":48740,""67"":4128,""68"":0,""13"":1127,""17"":-7,""18"":-34,""19"":95,""15"":1000,""241"":26806,""199"":1568,""16"":102250,""12"":11004,""449"":0,""636"":1515573,""1148"":94,""11"":8935106000,""14"":1160700155,""387"":""2b3430313138392e353530302d303038353331382e383333332b3030302e3034392f""}"
2026-07-01T03:14:28Z,862272088542776,Codec8E,2026-06-28 15:40:47.000 UTC,1782661247000,0,40.1190149,-8.5311233,51,90,8,40,0,"{""239"":1,""240"":1,""21"":2,""200"":0,""69"":1,""237"":2,""113"":100,""303"":1,""383"":3,""1149"":8,""181"":79,""182"":16,""66"":14887,""24"":40,""206"":48740,""67"":4128,""68"":0,""13"":1127,""17"":-143,""18"":13,""19"":11,""15"":1000,""241"":26806,""199"":1634,""16"":102316,""12"":11004,""449"":0,""636"":1515573,""1148"":94,""11"":8935106000,""14"":1160700155,""387"":""2b3430313139302e313530302d303038353331312e323333332b3030302e3035312f""}"
2026-07-01T03:15:25Z,862272088542776,Codec8E,2026-06-28 15:40:48.000 UTC,1782661248000,0,40.1189633,-8.5310200,51,110,8,40,0,"{""239"":1,""240"":1,""21"":2,""200"":0,""69"":1,""237"":2,""113"":100,""303"":1,""383"":3,""1149"":8,""181"":79,""182"":16,""66"":14923,""24"":40,""206"":48740,""67"":4128,""68"":0,""13"":1127,""17"":-115,""18"":-50,""19"":28,""15"":1000,""241"":26806,""199"":1644,""16"":102326,""12"":11004,""449"":0,""636"":1515573,""1148"":94,""11"":8935106000,""14"":1160700155,""387"":""2b3430313138392e363333332d303038353331302e323030302b3030302e3035312f""}"
2026-07-01T03:15:25Z,862272088542776,Codec8E,2026-06-28 15:40:50.000 UTC,1782661250000,0,40.1188416,-8.5307833,51,120,7,41,0,"{""239"":1,""240"":1,""21"":2,""200"":0,""69"":1,""237"":2,""113"":100,""303"":1,""383"":3,""1149"":8,""181"":17,""182"":14,""66"":14898,""24"":41,""206"":48740,""67"":4128,""68"":0,""13"":1127,""17"":-51,""18"":28,""19"":88,""15"":1000,""241"":26806,""199"":1669,""16"":102351,""12"":11004,""449"":0,""636"":1555765,""1148"":94,""11"":8935106000,""14"":1160700155,""387"":""2b3430313138382e343136372d303038353330372e383333332b3030302e3035312f""}"
2026-07-01T03:15:25Z,862272088542776,Codec8E,2026-06-28 15:40:54.000 UTC,1782661254000,0,40.1184649,-8.5302699,51,133,7,49,0,"{""239"":1,""240"":1,""21"":2,""200"":0,""69"":1,""237"":2,""113"":100,""303"":1,""383"":3,""1149"":8,""181"":72,""182"":17,""66"":14882,""24"":49,""206"":48740,""67"":4128,""68"":0,""13"":1127,""17"":-5,""18"":-19,""19"":20,""15"":1000,""241"":26806,""199"":1729,""16"":102411,""12"":11004,""449"":0,""636"":1515573,""1148"":88,""11"":8935106000,""14"":1160700155,""387"":""2b3430313138342e363530302d303038353330322e373030302b3030302e3035312f""}"
2026-07-01T03:15:25Z,862272088542776,Codec8E,2026-06-28 15:41:02.000 UTC,1782661262000,0,40.1178166,-8.5293766,48,133,8,45,0,"{""239"":1,""240"":1,""21"":2,""200"":0,""69"":1,""237"":2,""113"":100,""303"":1,""383"":3,""1149"":8,""181"":15,""182"":12,""66"":14883,""24"":45,""206"":48740,""67"":4128,""68"":0,""13"":1127,""17"":86,""18"":98,""19"":130,""15"":1000,""241"":26806,""199"":1834,""16"":102516,""12"":11004,""449"":0,""636"":1515573,""1148"":88,""11"":8935106000,""14"":1160700155,""387"":""2b3430313137382e313636372d303038353239332e373636372b3030302e3034382f""}"
2026-07-01T03:15:25Z,862272088542776,Codec8E,2026-06-28 15:41:04.000 UTC,1782661264000,0,40.1176399,-8.5292633,48,145,8,40,0,"{""239"":1,""240"":1,""21"":2,""200"":0,""69"":1,""237"":2,""113"":100,""303"":1,""383"":3,""1149"":8,""181"":23,""182"":13,""66"":14890,""24"":40,""206"":48740,""67"":4128,""68"":0,""13"":1127,""17"":-24,""18"":18,""19"":88,""15"":1000,""241"":26806,""199"":1856,""16"":102538,""12"":11004,""449"":0,""636"":1515573,""1148"":88,""11"":8935106000,""14"":1160700155,""387"":""2b3430313137362e343030302d303038353239322e363333332b3030302e3034382f""}"
2026-07-01T07:19:38Z,862272088542776,Codec8E,2026-06-28 15:41:06.000 UTC,1782661266000,0,40.1174716,-8.5291766,48,157,9,37,0,"{""239"":1,""240"":1,""21"":2,""200"":0,""69"":1,""237"":2,""113"":100,""303"":1,""383"":3,""1149"":8,""181"":14,""182"":11,""66"":14940,""24"":37,""206"":48740,""67"":4128,""68"":0,""13"":1127,""17"":-3,""18"":-348,""19"":72,""15"":1000,""241"":26806,""199"":1877,""16"":102559,""12"":11004,""449"":0,""636"":1515573,""1148"":88,""11"":8935106000,""14"":1160700155,""387"":""2b3430313137342e373136372d303038353239312e373636372b3030302e3034382f""}"
2026-07-01T07:19:38Z,862272088542776,Codec8E,2026-06-28 15:41:08.000 UTC,1782661268000,0,40.1173600,-8.5290433,48,136,8,36,0,"{""239"":1,""240"":1,""21"":2,""200"":0,""69"":1,""237"":2,""113"":100,""303"":1,""383"":3,""1149"":8,""181"":70,""182"":15,""66"":14884,""24"":36,""206"":48740,""67"":4128,""68"":0,""13"":1127,""17"":-85,""18"":-224,""19"":29,""15"":1000,""241"":26806,""199"":1894,""16"":102576,""12"":11004,""449"":0,""636"":1515573,""1148"":88,""11"":8935106000,""14"":1160700155,""387"":""2b3430313137332e363030302d303038353239302e343333332b3030302e3034382f""}"
2026-07-01T07:19:38Z,862272088542776,Codec8E,2026-06-28 15:41:10.000 UTC,1782661270000,0,40.1172933,-8.5288516,49,113,8,34,0,"{""239"":1,""240"":1,""21"":2,""200"":0,""69"":1,""237"":2,""113"":100,""303"":1,""383"":3,""1149"":8,""181"":79,""182"":16,""66"":14882,""24"":34,""206"":48740,""67"":4128,""68"":0,""13"":1127,""17"":-112,""18"":220,""19"":37,""15"":1000,""241"":26806,""199"":1913,""16"":102595,""12"":11004,""449"":0,""636"":1515573,""1148"":88,""11"":8935106000,""14"":1160700155,""387"":""2b3430313137322e393333332d303038353238382e353136372b3030302e3034392f""}"
2026-07-01T07:19:38Z,862272088542776,Codec8E,2026-06-28 15:41:13.000 UTC,1782661273000,0,40.1171300,-8.5285533,49,124,9,36,0,"{""239"":1,""240"":1,""21"":2,""200"":0,""69"":1,""237"":2,""113"":100,""303"":1,""383"":3,""1149"":8,""181"":22,""182"":11,""66"":14843,""24"":36,""206"":48740,""67"":4128,""68"":0,""13"":1127,""17"":-114,""18"":-59,""19"":-19,""15"":1000,""241"":26806,""199"":1944,""16"":102626,""12"":11004,""449"":0,""636"":1515573,""1148"":88,""11"":8935106000,""14"":1160700155,""387"":""2b3430313137312e333030302d303038353238352e353333332b3030302e3034392f""}"
2026-07-01T07:19:38Z,862272088542776,Codec8E,2026-06-28 15:41:21.000 UTC,1782661281000,0,40.1165433,-8.5276400,50,130,8,45,0,"{""239"":1,""240"":1,""21"":2,""200"":0,""69"":1,""237"":2,""113"":100,""303"":1,""383"":3,""1149"":8,""181"":15,""182"":12,""66"":14925,""24"":45,""206"":48740,""67"":4128,""68"":0,""13"":1127,""17"":-70,""18"":-65,""19"":69,""15"":1000,""241"":26806,""199"":2045,""16"":102727,""12"":11004,""449"":0,""636"":1515573,""1148"":88,""11"":8935106000,""14"":1160700155,""387"":""2b3430313136352e343333332d303038353237362e343030302b3030302e3035302f""}"
2026-07-01T07:19:38Z,862272088542776,Codec8E,2026-06-28 15:41:29.000 UTC,1782661289000,0,40.1158700,-8.5266333,50,128,8,49,0,"{""239"":1,""240"":1,""21"":2,""200"":0,""69"":1,""237"":2,""113"":100,""303"":1,""383"":3,""1149"":8,""181"":23,""182"":13,""66"":14935,""24"":49,""206"":48740,""67"":4128,""68"":0,""13"":1127,""17"":-65,""18"":-49,""19"":37,""15"":1000,""241"":26806,""199"":2159,""16"":102841,""12"":11004,""449"":0,""636"":1515573,""1148"":88,""11"":8935106000,""14"":1160700155,""387"":""2b3430313135382e373030302d303038353236362e333333332b3030302e3035302f""}"
2026-07-01T07:19:38Z,862272088542776,Codec8E,2026-06-28 15:41:37.000 UTC,1782661297000,0,40.1152716,-8.5256233,51,125,10,48,0,"{""239"":1,""240"":1,""21"":3,""200"":0,""69"":1,""237"":2,""113"":100,""303"":1,""383"":3,""1149"":8,""181"":14,""182"":10,""66"":14870,""24"":48,""206"":48740,""67"":4128,""68"":0,""13"":1127,""17"":-52,""18"":-60,""19"":43,""15"":1000,""241"":26806,""199"":2268,""16"":102950,""12"":11004,""449"":0,""636"":1515573,""1148"":88,""11"":8935106000,""14"":1160700155,""387"":""2b3430313135322e373136372d303038353235362e323333332b3030302e3035312f""}"
2026-07-01T07:19:38Z,862272088542776,Codec8E,2026-06-28 15:41:45.000 UTC,1782661305000,0,40.1146850,-8.5245616,51,125,9,51,0,"{""239"":1,""240"":1,""21"":3,""200"":0,""69"":1,""237"":2,""113"":100,""303"":1,""383"":3,""1149"":8,""181"":18,""182"":12,""66"":14932,""24"":51,""206"":48740,""67"":4128,""68"":0,""13"":1127,""17"":-100,""18"":-37,""19"":61,""15"":1000,""241"":26806,""199"":2379,""16"":103061,""12"":11004,""449"":0,""636"":2017293,""1148"":88,""11"":8935106000,""14"":1160700155,""387"":""2b3430313134362e383530302d303038353234352e363136372b3030302e3035312f""}"
2026-07-01T07:19:38Z,862272088542776,Codec8E,2026-06-28 15:41:52.000 UTC,1782661312000,0,40.1141416,-8.5233949,52,118,8,58,0,"{""239"":1,""240"":1,""21"":3,""200"":0,""69"":1,""237"":2,""113"":100,""303"":1,""383"":3,""1149"":8,""181"":16,""182"":13,""66"":14880,""24"":58,""206"":48740,""67"":4128,""68"":0,""13"":1127,""17"":-85,""18"":-99,""19"":61,""15"":1000,""241"":26806,""199"":2495,""16"":103177,""12"":11004,""449"":0,""636"":1555725,""1148"":88,""11"":8935106000,""14"":1160700155,""387"":""2b3430313134312e343136372d303038353233332e393530302b3030302e3035322f""}"
2026-07-01T07:19:38Z,862272088542776,Codec8E,2026-06-28 15:41:58.000 UTC,1782661318000,0,40.1138399,-8.5222350,53,110,7,62,0,"{""239"":1,""240"":1,""21"":4,""200"":0,""69"":1,""237"":2,""113"":100,""303"":1,""383"":3,""1149"":20,""181"":17,""182"":14,""66"":14899,""24"":62,""206"":48740,""67"":4128,""68"":0,""13"":1127,""17"":-29,""18"":-74,""19"":50,""15"":1000,""241"":26806,""199"":2600,""16"":103282,""12"":11004,""449"":0,""636"":1430067,""1148"":78,""11"":8935106000,""14"":1160700155,""387"":""2b3430313133382e343030302d303038353232322e333530302b3030302e3035332f""}"
2026-07-01T07:19:39Z,862272088542776,Codec8E,2026-06-28 15:42:04.000 UTC,1782661324000,0,40.1135449,-8.5210783,53,109,8,61,0,"{""239"":1,""240"":1,""21"":4,""200"":0,""69"":1,""237"":2,""113"":100,""303"":1,""383"":3,""1149"":20,""181"":25,""182"":13,""66"":14903,""24"":61,""206"":48740,""67"":4128,""68"":0,""13"":1127,""17"":-29,""18"":-42,""19"":30,""15"":1000,""241"":26806,""199"":2703,""16"":103385,""12"":11004,""449"":0,""636"":339509,""1148"":78,""11"":8935106000,""14"":1160700155,""387"":""2b3430313133352e343530302d303038353231302e373833332b3030302e3035332f""}"
2026-07-01T07:19:39Z,862272088542776,Codec8E,2026-06-28 15:42:10.000 UTC,1782661330000,0,40.1132533,-8.5199483,52,108,8,60,0,"{""239"":1,""240"":1,""21"":4,""200"":0,""69"":1,""237"":2,""113"":100,""303"":1,""383"":3,""1149"":20,""181"":16,""182"":12,""66"":14884,""24"":60,""206"":48740,""67"":4128,""68"":0,""13"":1127,""17"":-2,""18"":-47,""19"":276,""15"":1000,""241"":26806,""199"":2805,""16"":103487,""12"":11004,""449"":0,""636"":1555765,""1148"":78,""11"":8935106000,""14"":1160700155,""387"":""2b3430313133322e353333332d303038353139392e343833332b3030302e3035322f""}"
2026-07-01T07:19:39Z,862272088542776,Codec8E,2026-06-28 15:42:17.000 UTC,1782661337000,0,40.1129366,-8.5186900,50,110,7,58,0,"{""239"":1,""240"":1,""21"":4,""200"":0,""69"":1,""237"":2,""113"":100,""303"":1,""383"":3,""1149"":20,""181"":81,""182"":17,""66"":14947,""24"":58,""206"":48740,""67"":4128,""68"":0,""13"":1127,""17"":-82,""18"":-49,""19"":34,""15"":1000,""241"":26806,""199"":2917,""16"":103599,""12"":11004,""449"":0,""636"":2017333,""1148"":78,""11"":8935106000,""14"":1160700155,""387"":""2b3430313132392e333636372d303038353138362e393030302b3030302e3035302f""}"
2026-07-01T07:19:39Z,862272088542776,Codec8E,2026-06-28 15:42:24.000 UTC,1782661344000,0,40.1125549,-8.5174350,49,118,8,58,0,"{""239"":1,""240"":1,""21"":5,""200"":0,""69"":1,""237"":2,""113"":100,""303"":1,""383"":3,""1149"":20,""181"":16,""182"":12,""66"":14839,""24"":58,""206"":48740,""67"":4128,""68"":0,""13"":1127,""17"":-80,""18"":-87,""19"":26,""15"":1000,""241"":26806,""199"":3032,""16"":103714,""12"":11004,""449"":0,""636"":339479,""1148"":73,""11"":8935106000,""14"":1160700155,""387"":""2b3430313132352e353530302d303038353137342e333530302b3030302e3034392f""}"
2026-07-01T07:19:39Z,862272088542776,Codec8E,2026-06-28 15:42:31.000 UTC,1782661351000,0,40.1119950,-8.5163466,49,124,10,57,0,"{""239"":1,""240"":1,""21"":5,""200"":0,""69"":1,""237"":2,""113"":100,""303"":1,""383"":3,""1149"":20,""181"":21,""182"":11,""66"":14945,""24"":57,""206"":48740,""67"":4128,""68"":0,""13"":1127,""17"":-21,""18"":-49,""19"":140,""15"":1000,""241"":26806,""199"":3144,""16"":103826,""12"":11004,""449"":0,""636"":1555725,""1148"":73,""11"":8935106000,""14"":1160700155,""387"":""2b3430313131392e393530302d303038353136332e343636372b3030302e3034392f""}"
2026-07-01T07:19:39Z,862272088542776,Codec8E,2026-06-28 15:42:38.000 UTC,1782661358000,0,40.1114900,-8.5153666,49,123,10,51,0,"{""239"":1,""240"":1,""21"":5,""200"":0,""69"":1,""237"":2,""113"":100,""303"":1,""383"":3,""1149"":20,""181"":20,""182"":11,""66"":14940,""24"":51,""206"":48740,""67"":4128,""68"":0,""13"":1127,""17"":-61,""18"":-58,""19"":49,""15"":1000,""241"":26806,""199"":3244,""16"":103926,""12"":11004,""449"":0,""636"":2017293,""1148"":73,""11"":8935106000,""14"":1160700155,""387"":""2b3430313131342e393030302d303038353135332e363636372b3030302e3034392f""}"
2026-07-01T07:19:39Z,862272088542776,Codec8E,2026-06-28 15:42:46.000 UTC,1782661366000,0,40.1109116,-8.5142700,47,124,9,52,0,"{""239"":1,""240"":1,""21"":5,""200"":0,""69"":1,""237"":2,""113"":100,""303"":1,""383"":3,""1149"":20,""181"":31,""182"":12,""66"":14909,""24"":52,""206"":48740,""67"":4128,""68"":0,""13"":1127,""17"":-59,""18"":-43,""19"":72,""15"":1000,""241"":26806,""199"":3358,""16"":104040,""12"":11004,""449"":0,""636"":339479,""1148"":73,""11"":8935106000,""14"":1160700155,""387"":""2b3430313130392e313136372d303038353134322e373030302b3030302e3034372f""}"
2026-07-01T07:19:39Z,862272088542776,Codec8E,2026-06-28 15:42:54.000 UTC,1782661374000,0,40.1103666,-8.5131616,45,121,9,52,0,"{""239"":1,""240"":1,""21"":5,""200"":0,""69"":1,""237"":2,""113"":100,""303"":1,""383"":3,""1149"":20,""181"":22,""182"":11,""66"":14910,""24"":52,""206"":48740,""67"":4128,""68"":0,""13"":1127,""17"":-106,""18"":-91,""19"":45,""15"":1000,""241"":26806,""199"":3470,""16"":104152,""12"":11004,""449"":0,""636"":339469,""1148"":86,""11"":8935106000,""14"":1160700155,""387"":""2b3430313130332e363636372d303038353133312e363136372b3030302e3034352f""}"
2026-07-01T07:19:39Z,862272088542776,Codec8E,2026-06-28 15:42:56.000 UTC,1782661376000,0,40.1102683,-8.5128450,43,110,9,52,0,"{""239"":1,""240"":1,""21"":5,""200"":0,""69"":1,""237"":2,""113"":100,""303"":1,""383"":3,""1149"":20,""181"":15,""182"":11,""66"":14878,""24"":52,""206"":48740,""67"":4128,""68"":0,""13"":1127,""17"":-77,""18"":-43,""19"":64,""15"":1000,""241"":26806,""199"":3499,""16"":104181,""12"":11004,""449"":0,""636"":339469,""1148"":86,""11"":8935106000,""14"":1160700155,""387"":""2b3430313130322e363833332d303038353132382e343530302b3030302e3034332f""}"
2026-07-01T07:19:39Z,862272088542776,Codec8E,2026-06-28 15:43:03.000 UTC,1782661383000,0,40.1100250,-8.5116616,43,103,8,53,0,"{""239"":1,""240"":1,""21"":5,""200"":0,""69"":1,""237"":2,""113"":100,""303"":1,""383"":3,""1149"":20,""181"":15,""182"":12,""66"":14905,""24"":53,""206"":48740,""67"":4128,""68"":0,""13"":1127,""17"":-45,""18"":-8,""19"":29,""15"":1000,""241"":26806,""199"":3603,""16"":104285,""12"":11004,""449"":0,""636"":339469,""1148"":86,""11"":8935106000,""14"":1160700155,""387"":""2b3430313130302e323530302d303038353131362e363136372b3030302e3034332f""}"
2026-07-01T07:19:40Z,862272088542776,Codec8E,2026-06-28 15:43:11.000 UTC,1782661391000,0,40.1097883,-8.5104400,44,103,8,47,0,"{""239"":1,""240"":1,""21"":5,""200"":0,""69"":1,""237"":2,""113"":100,""303"":1,""383"":3,""1149"":20,""181"":16,""182"":12,""66"":14943,""24"":47,""206"":48740,""67"":4128,""68"":0,""13"":1127,""17"":-87,""18"":4,""19"":71,""15"":1000,""241"":26806,""199"":3710,""16"":104392,""12"":11004,""449"":0,""636"":339469,""1148"":86,""11"":8935106000,""14"":1160700155,""387"":""2b3430313039372e383833332d303038353130342e343030302b3030302e3034342f""}"
2026-07-01T07:19:40Z,862272088542776,Codec8E,2026-06-28 15:43:16.000 UTC,1782661396000,0,40.1097033,-8.5096733,45,92,9,48,0,"{""239"":1,""240"":1,""21"":5,""200"":0,""69"":1,""237"":2,""113"":100,""303"":1,""383"":3,""1149"":20,""181"":14,""182"":11,""66"":14945,""24"":48,""206"":48740,""67"":4128,""68"":0,""13"":1127,""17"":-46,""18"":-3,""19"":44,""15"":1000,""241"":26806,""199"":3776,""16"":104458,""12"":11004,""449"":0,""636"":339469,""1148"":86,""11"":8935106000,""14"":1160700155,""387"":""2b3430313039372e303333332d303038353039362e373333332b3030302e3034352f""}"
2026-07-01T07:19:40Z,862272088542776,Codec8E,2026-06-28 15:43:24.000 UTC,1782661404000,0,40.1096900,-8.5084750,43,94,9,43,0,"{""239"":1,""240"":1,""21"":5,""200"":0,""69"":1,""237"":2,""113"":100,""303"":1,""383"":3,""1149"":20,""181"":34,""182"":12,""66"":14864,""24"":43,""206"":48740,""67"":4128,""68"":0,""13"":1127,""17"":-54,""18"":26,""19"":37,""15"":1000,""241"":26806,""199"":3878,""16"":104560,""12"":11004,""449"":0,""636"":339469,""1148"":86,""11"":8935106000,""14"":1160700155,""387"":""2b3430313039362e393030302d303038353038342e373530302b3030302e3034332f""}"
2026-07-01T07:19:40Z,862272088542776,Codec8E,2026-06-28 15:43:31.000 UTC,1782661411000,0,40.1096483,-8.5076833,40,90,9,33,0,"{""239"":1,""240"":1,""21"":3,""200"":0,""69"":1,""237"":2,""113"":100,""303"":1,""383"":3,""1149"":3,""181"":18,""182"":12,""66"":14947,""24"":33,""206"":48740,""67"":4128,""68"":0,""13"":1127,""17"":-106,""18"":-37,""19"":65,""15"":1000,""241"":26806,""199"":3946,""16"":104628,""12"":11004,""449"":0,""636"":339509,""1148"":86,""11"":8935106000,""14"":1160700155,""387"":""2b3430313039362e343833332d303038353037362e383333332b3030302e3034302f""}"
2026-07-01T07:19:40Z,862272088542776,Codec8E,2026-06-28 15:43:37.000 UTC,1782661417000,0,40.1096216,-8.5070866,37,100,7,30,0,"{""239"":1,""240"":1,""21"":3,""200"":0,""69"":1,""237"":2,""113"":100,""303"":1,""383"":3,""1149"":3,""181"":16,""182"":12,""66"":14899,""24"":30,""206"":48740,""67"":4128,""68"":0,""13"":1127,""17"":45,""18"":274,""19"":-39,""15"":1000,""241"":26806,""199"":3996,""16"":104678,""12"":11004,""449"":0,""636"":339509,""1148"":86,""11"":8935106000,""14"":1160700155,""387"":""2b3430313039362e323136372d303038353037302e383636372b3030302e3033372f""}"
2026-07-01T07:19:40Z,862272088542776,Codec8E,2026-06-28 15:43:39.000 UTC,1782661419000,0,40.1095700,-8.5069716,36,125,8,26,0,"{""239"":1,""240"":1,""21"":3,""200"":0,""69"":1,""237"":2,""113"":100,""303"":1,""383"":3,""1149"":3,""181"":72,""182"":15,""66"":14943,""24"":26,""206"":48740,""67"":4128,""68"":0,""13"":1127,""17"":-82,""18"":178,""19"":18,""15"":1000,""241"":26806,""199"":4008,""16"":104690,""12"":11004,""449"":0,""636"":339509,""1148"":86,""11"":8935106000,""14"":1160700155,""387"":""2b3430313039352e373030302d303038353036392e373136372b3030302e3033362f""}"
2026-07-01T07:19:40Z,862272088542776,Codec8E,2026-06-28 15:43:40.000 UTC,1782661420000,0,40.1095083,-8.5069549,36,158,8,24,0,"{""239"":1,""240"":1,""21"":3,""200"":0,""69"":1,""237"":2,""113"":100,""303"":1,""383"":3,""1149"":3,""181"":81,""182"":16,""66"":14871,""24"":24,""206"":48740,""67"":4128,""68"":0,""13"":1127,""17"":-59,""18"":84,""19"":69,""15"":1000,""241"":26806,""199"":4015,""16"":104697,""12"":11004,""449"":0,""636"":339479,""1148"":86,""11"":8935106000,""14"":1160700155,""387"":""2b3430313039352e303833332d303038353036392e353530302b3030302e3033362f""}"
2026-07-01T07:19:40Z,862272088542776,Codec8E,2026-06-28 15:43:42.000 UTC,1782661422000,0,40.1093716,-8.5069350,35,173,8,25,0,"{""239"":1,""240"":1,""21"":3,""200"":0,""69"":1,""237"":2,""113"":100,""303"":1,""383"":3,""1149"":3,""181"":16,""182"":12,""66"":14870,""24"":25,""206"":48740,""67"":4128,""68"":0,""13"":1127,""17"":-89,""18"":-42,""19"":93,""15"":1000,""241"":26806,""199"":4030,""16"":104712,""12"":11004,""449"":0,""636"":339479,""1148"":86,""11"":8935106000,""14"":1160700155,""387"":""2b3430313039332e373136372d303038353036392e333530302b3030302e3033352f""}"
2026-07-01T07:19:40Z,862272088542776,Codec8E,2026-06-28 15:43:51.000 UTC,1782661431000,0,40.1087616,-8.5069299,32,183,7,25,0,"{""239"":1,""240"":1,""21"":3,""200"":0,""69"":1,""237"":2,""113"":100,""303"":1,""383"":3,""1149"":3,""181"":16,""182"":12,""66"":14888,""24"":25,""206"":48740,""67"":4128,""68"":0,""13"":1127,""17"":-34,""18"":-57,""19"":-15,""15"":1000,""241"":26806,""199"":4098,""16"":104780,""12"":11004,""449"":0,""636"":339479,""1148"":86,""11"":8935106000,""14"":1160700155,""387"":""2b3430313038372e363136372d303038353036392e333030302b3030302e3033322f""}"
2026-07-01T07:19:40Z,862272088542776,Codec8E,2026-06-28 15:43:56.000 UTC,1782661436000,0,40.1085216,-8.5069966,30,208,6,20,0,"{""239"":1,""240"":1,""21"":4,""200"":0,""69"":1,""237"":2,""113"":100,""303"":1,""383"":3,""1149"":1,""181"":17,""182"":14,""66"":14922,""24"":20,""206"":48740,""67"":4128,""68"":0,""13"":1127,""17"":-59,""18"":167,""19"":122,""15"":1000,""241"":26806,""199"":4127,""16"":104809,""12"":11004,""449"":0,""636"":339479,""1148"":77,""11"":8935106000,""14"":1160700155,""387"":""2b3430313038352e323136372d303038353036392e393636372b3030302e3033302f""}"
2026-07-01T07:19:40Z,862272088542776,Codec8E,2026-06-28 15:43:57.000 UTC,1782661437000,0,40.1084950,-8.5070350,29,219,6,19,0,"{""239"":1,""240"":1,""21"":4,""200"":0,""69"":1,""237"":2,""113"":100,""303"":1,""383"":3,""1149"":1,""181"":17,""182"":14,""66"":14891,""24"":19,""206"":48740,""67"":4128,""68"":0,""13"":1127,""17"":-84,""18"":-16,""19"":31,""15"":1000,""241"":26806,""199"":4132,""16"":104814,""12"":11004,""449"":0,""636"":339499,""1148"":77,""11"":8935106000,""14"":1160700155,""387"":""2b3430313038342e393530302d303038353037302e333530302b3030302e3032392f""}"
2026-07-01T07:19:40Z,862272088542776,Codec8E,2026-06-28 15:43:58.000 UTC,1782661438000,0,40.1084866,-8.5071083,29,246,7,19,0,"{""239"":1,""240"":1,""21"":4,""200"":0,""69"":1,""237"":2,""113"":100,""303"":1,""383"":3,""1149"":1,""181"":16,""182"":13,""66"":14925,""24"":19,""206"":48740,""67"":4128,""68"":0,""13"":1127,""17"":-99,""18"":-49,""19"":44,""15"":1000,""241"":26806,""199"":4138,""16"":104820,""12"":11004,""449"":0,""636"":339499,""1148"":77,""11"":8935106000,""14"":1160700155,""387"":""2b3430313038342e383636372d303038353037312e303833332b3030302e3032392f""}"
2026-07-01T07:19:40Z,862272088542776,Codec8E,2026-06-28 15:43:59.000 UTC,1782661439000,0,40.1084800,-8.5071799,28,256,7,19,0,"{""239"":1,""240"":1,""21"":4,""200"":0,""69"":1,""237"":2,""113"":100,""303"":1,""383"":3,""1149"":1,""181"":16,""182"":13,""66"":14907,""24"":19,""206"":48740,""67"":4128,""68"":0,""13"":1127,""17"":-92,""18"":-29,""19"":-9,""15"":1000,""241"":26806,""199"":4144,""16"":104826,""12"":11004,""449"":0,""636"":339499,""1148"":77,""11"":8935106000,""14"":1160700155,""387"":""2b3430313038342e383030302d303038353037312e383030302b3030302e3032382f""}"
2026-07-01T07:19:40Z,862272088542776,Codec8E,2026-06-28 15:44:14.000 UTC,1782661454000,0,40.1083216,-8.5083100,22,266,8,18,0,"{""239"":1,""240"":1,""21"":4,""200"":0,""69"":1,""237"":2,""113"":100,""303"":1,""383"":3,""1149"":1,""181"":81,""182"":16,""66"":14893,""24"":18,""206"":48740,""67"":4128,""68"":0,""13"":1127,""17"":52,""18"":-129,""19"":15,""15"":1000,""241"":26806,""199"":4242,""16"":104924,""12"":11004,""449"":0,""636"":339469,""1148"":77,""11"":8935106000,""14"":1160700155,""387"":""2b3430313038332e323136372d303038353038332e313030302b3030302e3032322f""}"
2026-07-01T07:19:40Z,862272088542776,Codec8E,2026-06-28 15:44:15.000 UTC,1782661455000,0,40.1083116,-8.5083499,22,251,9,16,0,"{""239"":1,""240"":1,""21"":4,""200"":0,""69"":1,""237"":2,""113"":100,""303"":1,""383"":3,""1149"":1,""181"":22,""182"":12,""66"":14935,""24"":16,""206"":48740,""67"":4128,""68"":0,""13"":1127,""17"":145,""18"":-244,""19"":40,""15"":1000,""241"":26806,""199"":4245,""16"":104927,""12"":11004,""449"":0,""636"":339469,""1148"":77,""11"":8935106000,""14"":1160700155,""387"":""2b3430313038332e313136372d303038353038332e353030302b3030302e3032322f""}"
2026-07-01T07:19:41Z,862272088542776,Codec8E,2026-06-28 15:44:16.000 UTC,1782661456000,0,40.1083000,-8.5083833,22,240,8,15,0,"{""239"":1,""240"":1,""21"":4,""200"":0,""69"":1,""237"":2,""113"":100,""303"":1,""383"":3,""1149"":1,""181"":15,""182"":12,""66"":14861,""24"":15,""206"":48740,""67"":4128,""68"":0,""13"":1127,""17"":89,""18"":-113,""19"":5,""15"":1000,""241"":26806,""199"":4249,""16"":104931,""12"":11004,""449"":0,""636"":339469,""1148"":77,""11"":8935106000,""14"":1160700155,""387"":""2b3430313038332e303030302d303038353038332e383333332b3030302e3032322f""}"
2026-07-01T07:19:41Z,862272088542776,Codec8E,2026-06-28 15:44:17.000 UTC,1782661457000,0,40.1082899,-8.5083866,21,217,9,13,0,"{""239"":1,""240"":1,""21"":4,""200"":0,""69"":1,""237"":2,""113"":100,""303"":1,""383"":3,""1149"":1,""181"":15,""182"":11,""66"":14945,""24"":13,""206"":48740,""67"":4128,""68"":0,""13"":1127,""17"":22,""18"":-30,""19"":206,""15"":1000,""241"":26806,""199"":4249,""16"":104931,""12"":11004,""449"":0,""636"":339469,""1148"":77,""11"":8935106000,""14"":1160700155,""387"":""2b3430313038322e393030302d303038353038332e383636372b3030302e3032312f""}"
2026-07-01T07:19:41Z,862272088542776,Codec8E,2026-06-28 15:44:18.000 UTC,1782661458000,0,40.1082766,-8.5084016,22,202,9,11,0,"{""239"":1,""240"":1,""21"":4,""200"":0,""69"":1,""237"":2,""113"":100,""303"":1,""383"":3,""1149"":1,""181"":15,""182"":11,""66"":14907,""24"":11,""206"":48740,""67"":4128,""68"":0,""13"":1127,""17"":-6,""18"":-30,""19"":13,""15"":1000,""241"":26806,""199"":4252,""16"":104934,""12"":11004,""449"":0,""636"":339469,""1148"":77,""11"":8935106000,""14"":1160700155,""387"":""2b3430313038322e373636372d303038353038342e303136372b3030302e3032322f""}"
2026-07-01T07:19:41Z,862272088542776,Codec8E,2026-06-28 15:44:25.000 UTC,1782661465000,0,40.1082533,-8.5083966,20,202,8,1,0,"{""239"":1,""240"":1,""21"":4,""200"":0,""69"":1,""237"":2,""113"":100,""303"":1,""383"":3,""1149"":20,""181"":16,""182"":12,""66"":14907,""24"":1,""206"":48740,""67"":4128,""68"":0,""13"":1127,""17"":0,""18"":-30,""19"":3,""15"":1000,""241"":26806,""199"":4252,""16"":104934,""12"":11004,""449"":0,""636"":339469,""1148"":78,""11"":8935106000,""14"":1160700155,""387"":""2b3430313038322e353333332d303038353038332e393636372b3030302e3032302f""}"
2026-07-01T07:19:41Z,862272088542776,Codec8E,2026-06-28 15:44:34.000 UTC,1782661474000,0,40.1082533,-8.5083966,20,202,8,0,303,"{""239"":1,""240"":1,""21"":4,""200"":0,""69"":1,""237"":2,""113"":100,""303"":0,""383"":3,""1149"":20,""181"":16,""182"":12,""66"":14940,""24"":0,""206"":48740,""67"":4128,""68"":0,""13"":1081,""17"":-32,""18"":-37,""19"":5,""15"":1000,""241"":26806,""199"":4252,""16"":104934,""12"":11006,""449"":0,""636"":339469,""1148"":78,""11"":8935106000,""14"":1160700155,""387"":""2b3430313038322e353333332d303038353038332e393636372b3030302e3032302f""}"
2026-07-01T07:19:41Z,862272088542776,Codec8E,2026-06-28 15:44:36.000 UTC,1782661476000,0,40.1082533,-8.5083966,20,202,8,0,303,"{""239"":1,""240"":1,""21"":4,""200"":0,""69"":1,""237"":2,""113"":100,""303"":1,""383"":3,""1149"":20,""181"":16,""182"":12,""66"":14927,""24"":0,""206"":48740,""67"":4128,""68"":0,""13"":1081,""17"":-99,""18"":-48,""19"":8,""15"":1000,""241"":26806,""199"":4252,""16"":104934,""12"":11007,""449"":0,""636"":339469,""1148"":78,""11"":8935106000,""14"":1160700155,""387"":""2b3430313038322e353333332d303038353038332e393636372b3030302e3032302f""}"
2026-07-01T07:19:41Z,862272088542776,Codec8E,2026-06-28 15:44:51.000 UTC,1782661491000,0,40.1082533,-8.5083966,20,202,8,0,303,"{""239"":1,""240"":1,""21"":4,""200"":0,""69"":1,""237"":2,""113"":100,""303"":0,""383"":3,""1149"":20,""181"":16,""182"":12,""66"":14917,""24"":0,""206"":48740,""67"":4128,""68"":0,""13"":1081,""17"":-53,""18"":-43,""19"":3,""15"":1000,""241"":26806,""199"":4252,""16"":104934,""12"":11011,""449"":0,""636"":339469,""1148"":78,""11"":8935106000,""14"":1160700155,""387"":""2b3430313038322e353333332d303038353038332e393636372b3030302e3032302f""}"
2026-07-01T07:19:41Z,862272088542776,Codec8E,2026-06-28 15:45:25.000 UTC,1782661525000,0,40.1082300,-8.5083716,17,202,8,0,239,"{""239"":0,""240"":1,""21"":4,""200"":0,""69"":1,""237"":2,""113"":100,""303"":0,""383"":3,""1149"":20,""181"":17,""182"":13,""66"":13087,""24"":0,""206"":48740,""67"":4128,""68"":0,""13"":1082,""17"":-53,""18"":-40,""19"":6,""15"":1000,""241"":26806,""199"":4252,""16"":104934,""12"":11019,""449"":0,""636"":339469,""1148"":74,""11"":8935106000,""14"":1160700155,""387"":""2b3430313038322e333030302d303038353038332e373136372b3030302e3031372f""}"
2026-07-01T07:19:41Z,862272088542776,Codec8E,2026-06-28 15:45:50.000 UTC,1782661550000,0,40.1081850,-8.5083783,17,168,9,0,240,"{""239"":0,""240"":0,""21"":5,""200"":0,""69"":1,""237"":2,""113"":100,""303"":0,""383"":3,""1149"":20,""181"":16,""182"":12,""66"":12741,""24"":0,""206"":48740,""67"":4128,""68"":0,""13"":1082,""17"":-53,""18"":-46,""19"":4,""15"":1000,""241"":26806,""199"":4252,""16"":104934,""12"":11019,""449"":0,""636"":339469,""1148"":74,""11"":8935106000,""14"":1160700155,""387"":""2b3430313038312e383530302d303038353038332e373833332b3030302e3031372f""}"
2026-07-01T07:19:41Z,862272088542776,Codec8E,2026-06-28 16:45:50.000 UTC,1782665150000,0,40.1081850,-8.5083783,37,168,12,0,0,"{""239"":0,""240"":0,""21"":5,""200"":0,""69"":1,""237"":2,""113"":100,""303"":0,""383"":3,""1149"":20,""181"":11,""182"":8,""66"":13104,""24"":0,""206"":48740,""67"":4128,""68"":0,""13"":1082,""17"":-50,""18"":-40,""19"":3,""15"":1000,""241"":26806,""199"":0,""16"":104934,""12"":11019,""449"":0,""636"":339469,""1148"":69,""11"":8935106000,""14"":1160700155,""387"":""2b3430313038312e383530302d303038353038332e373833332b3030302e3033372f""}"
2026-07-01T07:19:42Z,862272088542776,Codec8E,2026-06-28 17:03:35.000 UTC,1782666215000,0,40.1081850,-8.5083783,37,168,13,0,239,"{""239"":1,""240"":0,""21"":5,""200"":0,""69"":1,""237"":2,""113"":100,""303"":0,""383"":3,""1149"":20,""181"":11,""182"":7,""66"":14825,""24"":0,""206"":48740,""67"":4128,""68"":0,""13"":1082,""17"":-50,""18"":-43,""19"":0,""15"":1000,""241"":26806,""199"":0,""16"":104934,""12"":11020,""449"":0,""636"":339469,""1148"":66,""11"":8935106000,""14"":1160700155,""387"":""2b3430313038312e383530302d303038353038332e373833332b3030302e3033372f""}"
2026-07-01T07:19:42Z,862272088542776,Codec8E,2026-06-28 17:04:06.000 UTC,1782666246000,0,40.1081850,-8.5083783,37,168,13,0,303,"{""239"":1,""240"":0,""21"":4,""200"":0,""69"":1,""237"":2,""113"":100,""303"":1,""383"":3,""1149"":20,""181"":11,""182"":7,""66"":14888,""24"":0,""206"":48740,""67"":4128,""68"":0,""13"":1083,""17"":-69,""18"":14,""19"":12,""15"":1000,""241"":26806,""199"":0,""16"":104934,""12"":11028,""449"":0,""636"":339469,""1148"":75,""11"":8935106000,""14"":1160700155,""387"":""2b3430313038312e383530302d303038353038332e373833332b3030302e3033372f""}"
2026-07-01T07:19:42Z,862272088542776,Codec8E,2026-06-28 17:04:07.000 UTC,1782666247000,0,40.1083416,-8.5083166,37,299,13,0,240,"{""239"":1,""240"":1,""21"":0,""200"":0,""69"":1,""237"":99,""113"":100,""303"":1,""383"":3,""1149"":0,""181"":11,""182"":7,""66"":14886,""24"":0,""206"":0,""67"":4128,""68"":0,""13"":1083,""17"":-138,""18"":-47,""19"":7,""15"":1000,""241"":0,""199"":0,""16"":104934,""12"":11028,""449"":0,""636"":0,""1148"":0,""11"":8935106000,""14"":1160700155,""387"":""2b3430313038332e343136372d303038353038332e313636372b3030302e3033372f""}"
2026-07-01T07:19:42Z,862272088542776,Codec8E,2026-06-28 17:04:41.000 UTC,1782666281000,0,40.1095966,-8.5068133,62,23,9,3,0,"{""239"":1,""240"":1,""21"":4,""200"":0,""69"":1,""237"":2,""113"":0,""303"":1,""383"":3,""1149"":1,""181"":13,""182"":10,""66"":14928,""24"":3,""206"":48740,""67"":4128,""68"":0,""13"":1083,""17"":-148,""18"":339,""19"":23,""15"":0,""241"":26806,""199"":0,""16"":104934,""12"":11029,""449"":0,""636"":339499,""1148"":83,""11"":8935106000,""14"":1160700155,""387"":""2b3430313039352e393636372d303038353036382e313333332b3030302e3036322f""}"
2026-07-01T07:19:42Z,862272088542776,Codec8E,2026-06-28 17:04:44.000 UTC,1782666284000,0,40.1097016,-8.5066333,64,37,9,6,0,"{""239"":1,""240"":1,""21"":4,""200"":0,""69"":1,""237"":2,""113"":0,""303"":1,""383"":3,""1149"":1,""181"":14,""182"":10,""66"":14906,""24"":6,""206"":48740,""67"":4151,""68"":57,""13"":1083,""17"":-213,""18"":4,""19"":71,""15"":0,""241"":26806,""199"":4,""16"":104938,""12"":11029,""449"":0,""636"":339499,""1148"":83,""11"":8935106000,""14"":1160700155,""387"":""2b3430313039372e303136372d303038353036362e333333332b3030302e3036342f""}"
2026-07-01T07:19:42Z,862272088542776,Codec8E,2026-06-28 17:04:47.000 UTC,1782666287000,0,40.1097783,-8.5064016,64,50,10,10,0,"{""239"":1,""240"":1,""21"":4,""200"":0,""69"":1,""237"":2,""113"":100,""303"":1,""383"":3,""1149"":1,""181"":18,""182"":9,""66"":14937,""24"":10,""206"":48740,""67"":4133,""68"":0,""13"":1083,""17"":-37,""18"":21,""19"":105,""15"":1000,""241"":26806,""199"":27,""16"":104961,""12"":11029,""449"":0,""636"":339499,""1148"":83,""11"":8935106000,""14"":1160700155,""387"":""2b3430313039372e373833332d303038353036342e303136372b3030302e3036342f""}"
2026-07-01T07:19:42Z,862272088542776,Codec8E,2026-06-28 17:04:49.000 UTC,1782666289000,0,40.1097183,-8.5060649,58,65,10,14,0,"{""239"":1,""240"":1,""21"":4,""200"":0,""69"":1,""237"":2,""113"":100,""303"":1,""383"":3,""1149"":1,""181"":18,""182"":9,""66"":14843,""24"":14,""206"":48740,""67"":4133,""68"":0,""13"":1083,""17"":-3,""18"":152,""19"":5,""15"":1000,""241"":26806,""199"":56,""16"":104990,""12"":11029,""449"":0,""636"":339499,""1148"":83,""11"":8935106000,""14"":1160700155,""387"":""2b3430313039372e313833332d303038353036302e363530302b3030302e3035382f""}"
2026-07-01T07:19:42Z,862272088542776,Codec8E,2026-06-28 17:04:52.000 UTC,1782666292000,0,40.1096699,-8.5056599,66,79,10,20,0,"{""239"":1,""240"":1,""21"":5,""200"":0,""69"":1,""237"":2,""113"":100,""303"":1,""383"":3,""1149"":1,""181"":18,""182"":9,""66"":14899,""24"":20,""206"":48740,""67"":4132,""68"":0,""13"":1083,""17"":-55,""18"":318,""19"":157,""15"":1000,""241"":26806,""199"":92,""16"":105026,""12"":11029,""449"":0,""636"":339499,""1148"":70,""11"":8935106000,""14"":1160700155,""387"":""2b3430313039362e373030302d303038353035362e363030302b3030302e3036362f""}"
2026-07-01T07:19:42Z,862272088542776,Codec8E,2026-06-28 17:04:54.000 UTC,1782666294000,0,40.1096133,-8.5053566,75,89,12,24,0,"{""239"":1,""240"":1,""21"":5,""200"":0,""69"":1,""237"":2,""113"":100,""303"":1,""383"":3,""1149"":1,""181"":16,""182"":8,""66"":14919,""24"":24,""206"":48740,""67"":4132,""68"":0,""13"":1083,""17"":-137,""18"":160,""19"":63,""15"":1000,""241"":26806,""199"":118,""16"":105052,""12"":11029,""449"":0,""636"":339499,""1148"":70,""11"":8935106000,""14"":1160700155,""387"":""2b3430313039362e313333332d303038353035332e353636372b3030302e3037352f""}"
2026-07-01T07:19:42Z,862272088542776,Codec8E,2026-06-28 17:04:56.000 UTC,1782666296000,0,40.1095183,-8.5050033,83,100,11,29,0,"{""239"":1,""240"":1,""21"":5,""200"":0,""69"":1,""237"":2,""113"":100,""303"":1,""383"":3,""1149"":1,""181"":17,""182"":10,""66"":14861,""24"":29,""206"":48740,""67"":4133,""68"":0,""13"":1083,""17"":85,""18"":100,""19"":39,""15"":1000,""241"":26806,""199"":151,""16"":105085,""12"":11029,""449"":0,""636"":339499,""1148"":70,""11"":8935106000,""14"":1160700155,""387"":""2b3430313039352e313833332d303038353035302e303333332b3030302e3038332f""}"
2026-07-01T07:19:43Z,862272088542776,Codec8E,2026-06-28 17:04:58.000 UTC,1782666298000,0,40.1093000,-8.5048500,81,130,10,31,0,"{""239"":1,""240"":1,""21"":5,""200"":0,""69"":1,""237"":2,""113"":100,""303"":1,""383"":3,""1149"":1,""181"":17,""182"":9,""66"":14938,""24"":31,""206"":48740,""67"":4133,""68"":0,""13"":1083,""17"":-54,""18"":51,""19"":230,""15"":1000,""241"":26806,""199"":181,""16"":105115,""12"":11029,""449"":0,""636"":339499,""1148"":70,""11"":8935106000,""14"":1160700155,""387"":""2b3430313039332e303030302d303038353034382e353030302b3030302e3038312f""}"
2026-07-01T07:19:43Z,862272088542776,Codec8E,2026-06-28 17:05:00.000 UTC,1782666300000,0,40.1091866,-8.5047583,81,141,12,30,0,"{""239"":1,""240"":1,""21"":5,""200"":0,""69"":1,""237"":2,""113"":100,""303"":1,""383"":3,""1149"":1,""181"":17,""182"":9,""66"":14921,""24"":30,""206"":48740,""67"":4133,""68"":0,""13"":1083,""17"":159,""18"":-368,""19"":64,""15"":1000,""241"":26806,""199"":196,""16"":105130,""12"":11029,""449"":0,""636"":339499,""1148"":70,""11"":8935106000,""14"":1160700155,""387"":""2b3430313039312e383636372d303038353034372e353833332b3030302e3038312f""}"
2026-07-01T07:19:43Z,862272088542776,Codec8E,2026-06-28 17:05:01.000 UTC,1782666301000,0,40.1089866,-8.5047816,79,161,12,30,0,"{""239"":1,""240"":1,""21"":5,""200"":0,""69"":1,""237"":2,""113"":100,""303"":1,""383"":3,""1149"":1,""181"":12,""182"":9,""66"":14944,""24"":30,""206"":48740,""67"":4132,""68"":0,""13"":1083,""17"":51,""18"":-384,""19"":89,""15"":1000,""241"":26806,""199"":218,""16"":105152,""12"":11029,""449"":0,""636"":339499,""1148"":70,""11"":8935106000,""14"":1160700155,""387"":""2b3430313038392e383636372d303038353034372e383136372b3030302e3037392f""}"
2026-07-01T07:19:43Z,862272088542776,Codec8E,2026-06-28 17:05:02.000 UTC,1782666302000,0,40.1089216,-8.5047450,79,151,12,30,0,"{""239"":1,""240"":1,""21"":5,""200"":0,""69"":1,""237"":2,""113"":100,""303"":1,""383"":3,""1149"":1,""181"":17,""182"":9,""66"":14946,""24"":30,""206"":48740,""67"":4132,""68"":0,""13"":1083,""17"":34,""18"":-369,""19"":68,""15"":1000,""241"":26806,""199"":226,""16"":105160,""12"":11029,""449"":0,""636"":339499,""1148"":70,""11"":8935106000,""14"":1160700155,""387"":""2b3430313038392e323136372d303038353034372e343530302b3030302e3037392f""}"
2026-07-01T07:19:43Z,862272088542776,Codec8E,2026-06-28 17:05:07.000 UTC,1782666307000,0,40.1086249,-8.5045399,79,133,11,24,0,"{""239"":1,""240"":1,""21"":5,""200"":0,""69"":1,""237"":2,""113"":100,""303"":1,""383"":3,""1149"":1,""181"":17,""182"":10,""66"":14916,""24"":24,""206"":48740,""67"":4131,""68"":0,""13"":1083,""17"":-28,""18"":-380,""19"":64,""15"":1000,""241"":26806,""199"":267,""16"":105201,""12"":11029,""449"":0,""636"":339499,""1148"":70,""11"":8935106000,""14"":1160700155,""387"":""2b3430313038362e323530302d303038353034352e343030302b3030302e3037392f""}"
2026-07-01T07:19:43Z,862272088542776,Codec8E,2026-06-28 17:05:09.000 UTC,1782666309000,0,40.1087699,-8.5045883,79,320,13,21,0,"{""239"":1,""240"":1,""21"":5,""200"":0,""69"":1,""237"":2,""113"":100,""303"":1,""383"":3,""1149"":1,""181"":15,""182"":8,""66"":14872,""24"":21,""206"":48740,""67"":4132,""68"":0,""13"":1083,""17"":-81,""18"":-161,""19"":90,""15"":1000,""241"":26806,""199"":286,""16"":105220,""12"":11029,""449"":0,""636"":339499,""1148"":70,""11"":8935106000,""14"":1160700155,""387"":""2b3430313038372e373030302d303038353034352e383833332b3030302e3037392f""}"
2026-07-01T07:19:43Z,862272088542776,Codec8E,2026-06-28 17:05:15.000 UTC,1782666315000,0,40.1092500,-8.5049533,77,333,13,29,0,"{""239"":1,""240"":1,""21"":5,""200"":0,""69"":1,""237"":2,""113"":100,""303"":1,""383"":3,""1149"":1,""181"":15,""182"":8,""66"":14858,""24"":29,""206"":48740,""67"":4131,""68"":0,""13"":1083,""17"":147,""18"":289,""19"":1,""15"":1000,""241"":26806,""199"":348,""16"":105282,""12"":11029,""449"":0,""636"":339499,""1148"":70,""11"":8935106000,""14"":1160700155,""387"":""2b3430313039322e353030302d303038353034392e353333332b3030302e3037372f""}"
2026-07-01T07:19:43Z,862272088542776,Codec8E,2026-06-28 17:05:16.000 UTC,1782666316000,0,40.1093383,-8.5049566,77,355,13,29,0,"{""239"":1,""240"":1,""21"":5,""200"":0,""69"":1,""237"":2,""113"":100,""303"":1,""383"":3,""1149"":1,""181"":15,""182"":8,""66"":14871,""24"":29,""206"":48740,""67"":4130,""68"":0,""13"":1083,""17"":117,""18"":310,""19"":66,""15"":1000,""241"":26806,""199"":358,""16"":105292,""12"":11029,""449"":0,""636"":339499,""1148"":70,""11"":8935106000,""14"":1160700155,""387"":""2b3430313039332e333833332d303038353034392e353636372b3030302e3037372f""}"
2026-07-01T07:19:43Z,862272088542776,Codec8E,2026-06-28 17:05:18.000 UTC,1782666318000,0,40.1094966,-8.5049316,75,10,13,30,0,"{""239"":1,""240"":1,""21"":5,""200"":0,""69"":1,""237"":2,""113"":100,""303"":1,""383"":3,""1149"":1,""181"":11,""182"":7,""66"":14899,""24"":30,""206"":48740,""67"":4130,""68"":0,""13"":1083,""17"":134,""18"":276,""19"":84,""15"":1000,""241"":26806,""199"":376,""16"":105310,""12"":11029,""449"":0,""636"":339499,""1148"":70,""11"":8935106000,""14"":1160700155,""387"":""2b3430313039342e393636372d303038353034392e333136372b3030302e3037352f""}"
2026-07-01T07:19:43Z,862272088542776,Codec8E,2026-06-28 17:05:19.000 UTC,1782666319000,0,40.1095583,-8.5048716,75,20,13,30,0,"{""239"":1,""240"":1,""21"":5,""200"":0,""69"":1,""237"":2,""113"":100,""303"":1,""383"":3,""1149"":1,""181"":15,""182"":8,""66"":14881,""24"":30,""206"":48740,""67"":4131,""68"":0,""13"":1083,""17"":103,""18"":121,""19"":5,""15"":1000,""241"":26806,""199"":384,""16"":105318,""12"":11029,""449"":0,""636"":339499,""1148"":70,""11"":8935106000,""14"":1160700155,""387"":""2b3430313039352e353833332d303038353034382e373136372b3030302e3037352f""}"
2026-07-01T07:19:44Z,862272088542776,Codec8E,2026-06-28 17:05:20.000 UTC,1782666320000,0,40.1095616,-8.5047683,74,59,13,28,0,"{""239"":1,""240"":1,""21"":5,""200"":0,""69"":1,""237"":2,""113"":100,""303"":1,""383"":3,""1149"":1,""181"":15,""182"":8,""66"":14899,""24"":28,""206"":48740,""67"":4130,""68"":0,""13"":1083,""17"":107,""18"":-114,""19"":28,""15"":1000,""241"":26806,""199"":393,""16"":105327,""12"":11029,""449"":0,""636"":339499,""1148"":70,""11"":8935106000,""14"":1160700155,""387"":""2b3430313039352e363136372d303038353034372e363833332b3030302e3037342f""}"
2026-07-01T07:19:44Z,862272088542776,Codec8E,2026-06-28 17:05:21.000 UTC,1782666321000,0,40.1095766,-8.5047000,74,70,12,26,0,"{""239"":1,""240"":1,""21"":5,""200"":0,""69"":1,""237"":2,""113"":100,""303"":1,""383"":3,""1149"":1,""181"":11,""182"":8,""66"":14915,""24"":26,""206"":48740,""67"":4130,""68"":0,""13"":1083,""17"":36,""18"":-273,""19"":-5,""15"":1000,""241"":26806,""199"":399,""16"":105333,""12"":11029,""449"":0,""636"":339499,""1148"":70,""11"":8935106000,""14"":1160700155,""387"":""2b3430313039352e373636372d303038353034372e303030302b3030302e3037342f""}"
2026-07-01T07:19:44Z,862272088542776,Codec8E,2026-06-28 17:05:23.000 UTC,1782666323000,0,40.1096150,-8.5045900,74,54,12,22,0,"{""239"":1,""240"":1,""21"":5,""200"":0,""69"":1,""237"":2,""113"":100,""303"":1,""383"":3,""1149"":1,""181"":11,""182"":8,""66"":14939,""24"":22,""206"":48740,""67"":4130,""68"":0,""13"":1083,""17"":-51,""18"":-66,""19"":28,""15"":1000,""241"":26806,""199"":409,""16"":105343,""12"":11029,""449"":0,""636"":339499,""1148"":64,""11"":8935106000,""14"":1160700155,""387"":""2b3430313039362e313530302d303038353034352e393030302b3030302e3037342f""}"
2026-07-01T07:19:44Z,862272088542776,Codec8E,2026-06-28 17:05:24.000 UTC,1782666324000,0,40.1096549,-8.5045533,73,36,12,21,0,"{""239"":1,""240"":1,""21"":5,""200"":0,""69"":1,""237"":2,""113"":100,""303"":1,""383"":3,""1149"":1,""181"":16,""182"":8,""66"":14929,""24"":21,""206"":48740,""67"":4130,""68"":0,""13"":1083,""17"":22,""18"":-8,""19"":-24,""15"":1000,""241"":26806,""199"":415,""16"":105349,""12"":11029,""449"":0,""636"":339499,""1148"":64,""11"":8935106000,""14"":1160700155,""387"":""2b3430313039362e353530302d303038353034352e353333332b3030302e3037332f""}"
2026-07-01T07:19:44Z,862272088542776,Codec8E,2026-06-28 17:05:26.000 UTC,1782666326000,0,40.1097383,-8.5044983,72,24,12,19,0,"{""239"":1,""240"":1,""21"":5,""200"":0,""69"":1,""237"":2,""113"":100,""303"":1,""383"":3,""1149"":1,""181"":11,""182"":8,""66"":14908,""24"":19,""206"":48740,""67"":4129,""68"":0,""13"":1083,""17"":159,""18"":78,""19"":87,""15"":1000,""241"":26806,""199"":425,""16"":105359,""12"":11029,""449"":0,""636"":339499,""1148"":64,""11"":8935106000,""14"":1160700155,""387"":""2b3430313039372e333833332d303038353034342e393833332b3030302e3037322f""}"
2026-07-01T07:19:44Z,862272088542776,Codec8E,2026-06-28 17:05:28.000 UTC,1782666328000,0,40.1097966,-8.5044350,71,41,12,17,0,"{""239"":1,""240"":1,""21"":5,""200"":0,""69"":1,""237"":2,""113"":100,""303"":1,""383"":3,""1149"":1,""181"":11,""182"":8,""66"":14915,""24"":17,""206"":48740,""67"":4129,""68"":0,""13"":1083,""17"":29,""18"":174,""19"":69,""15"":1000,""241"":26806,""199"":434,""16"":105368,""12"":11029,""449"":0,""636"":339499,""1148"":64,""11"":8935106000,""14"":1160700155,""387"":""2b3430313039372e393636372d303038353034342e333530302b3030302e3037312f""}"
2026-07-01T07:19:44Z,862272088542776,Codec8E,2026-06-28 17:05:29.000 UTC,1782666329000,0,40.1098066,-8.5044000,70,62,12,15,0,"{""239"":1,""240"":1,""21"":5,""200"":0,""69"":1,""237"":2,""113"":100,""303"":1,""383"":3,""1149"":1,""181"":16,""182"":8,""66"":14865,""24"":15,""206"":48740,""67"":4128,""68"":0,""13"":1083,""17"":68,""18"":175,""19"":14,""15"":1000,""241"":26806,""199"":437,""16"":105371,""12"":11029,""449"":0,""636"":339499,""1148"":64,""11"":8935106000,""14"":1160700155,""387"":""2b3430313039382e303636372d303038353034342e303030302b3030302e3037302f""}"
2026-07-01T07:19:44Z,862272088542776,Codec8E,2026-06-28 17:05:30.000 UTC,1782666330000,0,40.1098066,-8.5043583,70,78,12,14,0,"{""239"":1,""240"":1,""21"":5,""200"":0,""69"":1,""237"":2,""113"":100,""303"":1,""383"":3,""1149"":1,""181"":16,""182"":8,""66"":14921,""24"":14,""206"":48740,""67"":4129,""68"":0,""13"":1083,""17"":62,""18"":104,""19"":-30,""15"":1000,""241"":26806,""199"":441,""16"":105375,""12"":11029,""449"":0,""636"":339499,""1148"":64,""11"":8935106000,""14"":1160700155,""387"":""2b3430313039382e303636372d303038353034332e353833332b3030302e3037302f""}"
2026-07-01T07:19:44Z,862272088542776,Codec8E,2026-06-28 17:05:31.000 UTC,1782666331000,0,40.1098066,-8.5043283,70,93,12,12,0,"{""239"":1,""240"":1,""21"":5,""200"":0,""69"":1,""237"":2,""113"":100,""303"":1,""383"":3,""1149"":1,""181"":11,""182"":8,""66"":14924,""24"":12,""206"":48740,""67"":4128,""68"":0,""13"":1083,""17"":25,""18"":142,""19"":20,""15"":1000,""241"":26806,""199"":443,""16"":105377,""12"":11029,""449"":0,""636"":339499,""1148"":64,""11"":8935106000,""14"":1160700155,""387"":""2b3430313039382e303636372d303038353034332e323833332b3030302e3037302f""}"
2026-07-01T07:19:44Z,862272088542776,Codec8E,2026-06-28 17:05:32.000 UTC,1782666332000,0,40.1097966,-8.5043016,69,108,12,11,0,"{""239"":1,""240"":1,""21"":5,""200"":0,""69"":1,""237"":2,""113"":100,""303"":1,""383"":3,""1149"":1,""181"":11,""182"":8,""66"":14844,""24"":11,""206"":48740,""67"":4129,""68"":0,""13"":1083,""17"":34,""18"":107,""19"":13,""15"":1000,""241"":26806,""199"":446,""16"":105380,""12"":11029,""449"":0,""636"":339499,""1148"":64,""11"":8935106000,""14"":1160700155,""387"":""2b3430313039372e393636372d303038353034332e303136372b3030302e3036392f""}"
2026-07-01T07:19:45Z,862272088542776,Codec8E,2026-06-28 17:05:38.000 UTC,1782666338000,0,40.1097333,-8.5042949,69,108,13,1,0,"{""239"":1,""240"":1,""21"":5,""200"":0,""69"":1,""237"":2,""113"":100,""303"":1,""383"":3,""1149"":1,""181"":11,""182"":7,""66"":14904,""24"":1,""206"":48740,""67"":4129,""68"":0,""13"":1083,""17"":-48,""18"":-1,""19"":4,""15"":1000,""241"":26806,""199"":449,""16"":105383,""12"":11029,""449"":0,""636"":339499,""1148"":64,""11"":8935106000,""14"":1160700155,""387"":""2b3430313039372e333333332d303038353034322e393530302b3030302e3036392f""}"
2026-07-01T07:19:45Z,862272088542776,Codec8E,2026-06-28 17:05:42.000 UTC,1782666342000,0,40.1097350,-8.5042916,69,108,13,0,303,"{""239"":1,""240"":1,""21"":5,""200"":0,""69"":1,""237"":2,""113"":100,""303"":0,""383"":3,""1149"":1,""181"":11,""182"":7,""66"":14916,""24"":0,""206"":48740,""67"":4128,""68"":0,""13"":1083,""17"":-44,""18"":0,""19"":10,""15"":1000,""241"":26806,""199"":449,""16"":105383,""12"":11029,""449"":0,""636"":339499,""1148"":64,""11"":8935106000,""14"":1160700155,""387"":""2b3430313039372e333530302d303038353034322e393136372b3030302e3036392f""}"
2026-07-01T07:19:45Z,862272088542776,Codec8E,2026-06-28 17:06:40.000 UTC,1782666400000,0,40.1097350,-8.5042916,69,114,12,1,303,"{""239"":1,""240"":1,""21"":5,""200"":0,""69"":1,""237"":2,""113"":100,""303"":1,""383"":3,""1149"":1,""181"":11,""182"":8,""66"":14947,""24"":1,""206"":48740,""67"":4128,""68"":0,""13"":1080,""17"":-99,""18"":-81,""19"":52,""15"":1000,""241"":26806,""199"":449,""16"":105383,""12"":11044,""449"":0,""636"":339499,""1148"":63,""11"":8935106000,""14"":1160700155,""387"":""2b3430313039372e333530302d303038353034322e393136372b3030302e3036392f""}"
2026-07-01T07:19:45Z,862272088542776,Codec8E,2026-06-28 17:06:43.000 UTC,1782666403000,0,40.1097366,-8.5041650,70,88,12,6,0,"{""239"":1,""240"":1,""21"":5,""200"":0,""69"":1,""237"":2,""113"":100,""303"":1,""383"":3,""1149"":1,""181"":15,""182"":8,""66"":14924,""24"":6,""206"":48740,""67"":4128,""68"":0,""13"":1080,""17"":33,""18"":-236,""19"":1,""15"":1000,""241"":26806,""199"":460,""16"":105394,""12"":11044,""449"":0,""636"":339499,""1148"":63,""11"":8935106000,""14"":1160700155,""387"":""2b3430313039372e333636372d303038353034312e363530302b3030302e3037302f""}"
2026-07-01T07:19:45Z,862272088542776,Codec8E,2026-06-28 17:06:44.000 UTC,1782666404000,0,40.1097449,-8.5041300,70,66,12,7,0,"{""239"":1,""240"":1,""21"":5,""200"":0,""69"":1,""237"":2,""113"":100,""303"":1,""383"":3,""1149"":1,""181"":15,""182"":8,""66"":14869,""24"":7,""206"":48740,""67"":4129,""68"":0,""13"":1080,""17"":238,""18"":-81,""19"":-10,""15"":1000,""241"":26806,""199"":463,""16"":105397,""12"":11044,""449"":0,""636"":339499,""1148"":63,""11"":8935106000,""14"":1160700155,""387"":""2b3430313039372e343530302d303038353034312e333030302b3030302e3037302f""}"
2026-07-01T07:19:45Z,862272088542776,Codec8E,2026-06-28 17:06:45.000 UTC,1782666405000,0,40.1097666,-8.5041083,70,39,13,8,0,"{""239"":1,""240"":1,""21"":5,""200"":0,""69"":1,""237"":2,""113"":100,""303"":1,""383"":3,""1149"":1,""181"":15,""182"":8,""66"":14910,""24"":8,""206"":48740,""67"":4128,""68"":0,""13"":1080,""17"":65,""18"":-48,""19"":45,""15"":1000,""241"":26806,""199"":466,""16"":105400,""12"":11044,""449"":0,""636"":339499,""1148"":63,""11"":8935106000,""14"":1160700155,""387"":""2b3430313039372e363636372d303038353034312e303833332b3030302e3037302f""}"
2026-07-01T07:19:45Z,862272088542776,Codec8E,2026-06-28 17:06:46.000 UTC,1782666406000,0,40.1097783,-8.5040950,70,23,13,8,0,"{""239"":1,""240"":1,""21"":5,""200"":0,""69"":1,""237"":2,""113"":100,""303"":1,""383"":3,""1149"":1,""181"":11,""182"":7,""66"":14922,""24"":8,""206"":48740,""67"":4129,""68"":0,""13"":1080,""17"":-81,""18"":-105,""19"":7,""15"":1000,""241"":26806,""199"":466,""16"":105400,""12"":11044,""449"":0,""636"":339499,""1148"":63,""11"":8935106000,""14"":1160700155,""387"":""2b3430313039372e373833332d303038353034302e393530302b3030302e3037302f""}"
2026-07-01T07:19:45Z,862272088542776,Codec8E,2026-06-28 17:06:47.000 UTC,1782666407000,0,40.1097933,-8.5041066,70,343,13,7,0,"{""239"":1,""240"":1,""21"":5,""200"":0,""69"":1,""237"":2,""113"":100,""303"":1,""383"":3,""1149"":1,""181"":15,""182"":8,""66"":14862,""24"":7,""206"":48740,""67"":4129,""68"":0,""13"":1080,""17"":-187,""18"":-9,""19"":-7,""15"":1000,""241"":26806,""199"":469,""16"":105403,""12"":11044,""449"":0,""636"":339499,""1148"":63,""11"":8935106000,""14"":1160700155,""387"":""2b3430313039372e393333332d303038353034312e303636372b3030302e3037302f""}"
2026-07-01T07:19:45Z,862272088542776,Codec8E,2026-06-28 17:06:48.000 UTC,1782666408000,0,40.1098083,-8.5041233,70,319,13,7,0,"{""239"":1,""240"":1,""21"":5,""200"":0,""69"":1,""237"":2,""113"":100,""303"":1,""383"":3,""1149"":1,""181"":11,""182"":7,""66"":14921,""24"":7,""206"":48740,""67"":4128,""68"":0,""13"":1080,""17"":-135,""18"":-121,""19"":-10,""15"":1000,""241"":26806,""199"":469,""16"":105403,""12"":11044,""449"":0,""636"":339499,""1148"":63,""11"":8935106000,""14"":1160700155,""387"":""2b3430313039382e303833332d303038353034312e323333332b3030302e3037302f""}"
2026-07-01T07:19:45Z,862272088542776,Codec8E,2026-06-28 17:06:53.000 UTC,1782666413000,0,40.1099216,-8.5042816,69,293,12,10,0,"{""239"":1,""240"":1,""21"":5,""200"":0,""69"":1,""237"":2,""113"":100,""303"":1,""383"":3,""1149"":1,""181"":15,""182"":8,""66"":14923,""24"":10,""206"":48740,""67"":4128,""68"":0,""13"":1080,""17"":-39,""18"":-300,""19"":27,""15"":1000,""241"":26806,""199"":490,""16"":105424,""12"":11044,""449"":0,""636"":339499,""1148"":63,""11"":8935106000,""14"":1160700155,""387"":""2b3430313039392e323136372d303038353034322e383136372b3030302e3036392f""}"
2026-07-01T07:19:46Z,862272088542776,Codec8E,2026-06-28 17:06:54.000 UTC,1782666414000,0,40.1099316,-8.5043050,69,270,13,9,0,"{""239"":1,""240"":1,""21"":5,""200"":0,""69"":1,""237"":2,""113"":100,""303"":1,""383"":3,""1149"":1,""181"":11,""182"":7,""66"":14930,""24"":9,""206"":48740,""67"":4128,""68"":0,""13"":1080,""17"":-188,""18"":-148,""19"":33,""15"":1000,""241"":26806,""199"":490,""16"":105424,""12"":11044,""449"":0,""636"":339499,""1148"":63,""11"":8935106000,""14"":1160700155,""387"":""2b3430313039392e333136372d303038353034332e303530302b3030302e3036392f""}"
2026-07-01T07:19:46Z,862272088542776,Codec8E,2026-06-28 17:06:55.000 UTC,1782666415000,0,40.1099300,-8.5043283,69,247,13,9,0,"{""239"":1,""240"":1,""21"":5,""200"":0,""69"":1,""237"":2,""113"":100,""303"":1,""383"":3,""1149"":1,""181"":15,""182"":8,""66"":14862,""24"":9,""206"":48740,""67"":4128,""68"":0,""13"":1080,""17"":-219,""18"":1,""19"":65,""15"":1000,""241"":26806,""199"":494,""16"":105428,""12"":11044,""449"":0,""636"":339499,""1148"":63,""11"":8935106000,""14"":1160700155,""387"":""2b3430313039392e333030302d303038353034332e323833332b3030302e3036392f""}"
2026-07-01T07:19:46Z,862272088542776,Codec8E,2026-06-28 17:06:56.000 UTC,1782666416000,0,40.1099083,-8.5043550,69,223,12,9,0,"{""239"":1,""240"":1,""21"":5,""200"":0,""69"":1,""237"":2,""113"":100,""303"":1,""383"":3,""1149"":1,""181"":16,""182"":8,""66"":14925,""24"":9,""206"":48740,""67"":4128,""68"":0,""13"":1080,""17"":-156,""18"":18,""19"":63,""15"":1000,""241"":26806,""199"":497,""16"":105431,""12"":11044,""449"":0,""636"":339499,""1148"":63,""11"":8935106000,""14"":1160700155,""387"":""2b3430313039392e303833332d303038353034332e353530302b3030302e3036392f""}"
2026-07-01T07:19:46Z,862272088542776,Codec8E,2026-06-28 17:06:58.000 UTC,1782666418000,0,40.1098116,-8.5044483,69,213,12,14,0,"{""239"":1,""240"":1,""21"":5,""200"":0,""69"":1,""237"":2,""113"":100,""303"":1,""383"":3,""1149"":1,""181"":11,""182"":8,""66"":14897,""24"":14,""206"":48740,""67"":4128,""68"":0,""13"":1080,""17"":-18,""18"":-77,""19"":14,""15"":1000,""241"":26806,""199"":511,""16"":105445,""12"":11044,""449"":0,""636"":339499,""1148"":63,""11"":8935106000,""14"":1160700155,""387"":""2b3430313039382e313136372d303038353034342e343833332b3030302e3036392f""}"
2026-07-01T07:19:46Z,862272088542776,Codec8E,2026-06-28 17:07:00.000 UTC,1782666420000,0,40.1097116,-8.5045133,69,193,13,17,0,"{""239"":1,""240"":1,""21"":5,""200"":0,""69"":1,""237"":2,""113"":100,""303"":1,""383"":3,""1149"":1,""181"":15,""182"":8,""66"":14872,""24"":17,""206"":48740,""67"":4129,""68"":0,""13"":1080,""17"":7,""18"":38,""19"":-28,""15"":1000,""241"":26806,""199"":523,""16"":105457,""12"":11044,""449"":0,""636"":339499,""1148"":63,""11"":8935106000,""14"":1160700155,""387"":""2b3430313039372e313136372d303038353034352e313333332b3030302e3036392f""}"
2026-07-01T07:19:46Z,862272088542776,Codec8E,2026-06-28 17:07:03.000 UTC,1782666423000,0,40.1096166,-8.5045749,68,216,13,15,0,"{""239"":1,""240"":1,""21"":5,""200"":0,""69"":1,""237"":2,""113"":100,""303"":1,""383"":3,""1149"":1,""181"":15,""182"":8,""66"":14880,""24"":15,""206"":48740,""67"":4130,""68"":0,""13"":1080,""17"":-149,""18"":104,""19"":62,""15"":1000,""241"":26806,""199"":535,""16"":105469,""12"":11044,""449"":0,""636"":339499,""1148"":63,""11"":8935106000,""14"":1160700155,""387"":""2b3430313039362e313636372d303038353034352e373530302b3030302e3036382f""}"
2026-07-01T07:19:46Z,862272088542776,Codec8E,2026-06-28 17:07:04.000 UTC,1782666424000,0,40.1096016,-8.5046016,68,227,13,15,0,"{""239"":1,""240"":1,""21"":5,""200"":0,""69"":1,""237"":2,""113"":100,""303"":1,""383"":3,""1149"":1,""181"":11,""182"":7,""66"":14918,""24"":15,""206"":48740,""67"":4129,""68"":0,""13"":1080,""17"":-160,""18"":-111,""19"":120,""15"":1000,""241"":26806,""199"":538,""16"":105472,""12"":11044,""449"":0,""636"":339499,""1148"":63,""11"":8935106000,""14"":1160700155,""387"":""2b3430313039362e303136372d303038353034362e303136372b3030302e3036382f""}"
2026-07-01T07:19:46Z,862272088542776,Codec8E,2026-06-28 17:07:06.000 UTC,1782666426000,0,40.1095783,-8.5047133,69,247,13,16,0,"{""239"":1,""240"":1,""21"":5,""200"":0,""69"":1,""237"":2,""113"":100,""303"":1,""383"":3,""1149"":1,""181"":15,""182"":8,""66"":14915,""24"":16,""206"":48740,""67"":4129,""68"":0,""13"":1080,""17"":5,""18"":-185,""19"":-52,""15"":1000,""241"":26806,""199"":548,""16"":105482,""12"":11044,""449"":0,""636"":339499,""1148"":63,""11"":8935106000,""14"":1160700155,""387"":""2b3430313039352e373833332d303038353034372e313333332b3030302e3036392f""}"
2026-07-01T07:19:46Z,862272088542776,Codec8E,2026-06-28 17:07:10.000 UTC,1782666430000,0,40.1094850,-8.5049683,69,230,13,17,0,"{""239"":1,""240"":1,""21"":5,""200"":0,""69"":1,""237"":2,""113"":100,""303"":1,""383"":3,""1149"":1,""181"":15,""182"":8,""66"":14894,""24"":17,""206"":48740,""67"":4128,""68"":0,""13"":1080,""17"":-151,""18"":-278,""19"":-1,""15"":1000,""241"":26806,""199"":572,""16"":105506,""12"":11044,""449"":0,""636"":339499,""1148"":63,""11"":8935106000,""14"":1160700155,""387"":""2b3430313039342e383530302d303038353034392e363833332b3030302e3036392f""}"
2026-07-01T07:19:46Z,862272088542776,Codec8E,2026-06-28 17:07:11.000 UTC,1782666431000,0,40.1094599,-8.5050100,69,215,13,17,0,"{""239"":1,""240"":1,""21"":5,""200"":0,""69"":1,""237"":2,""113"":100,""303"":1,""383"":3,""1149"":1,""181"":15,""182"":8,""66"":14896,""24"":17,""206"":48740,""67"":4128,""68"":0,""13"":1080,""17"":-132,""18"":-342,""19"":80,""15"":1000,""241"":26806,""199"":577,""16"":105511,""12"":11044,""449"":0,""636"":339499,""1148"":63,""11"":8935106000,""14"":1160700155,""387"":""2b3430313039342e363030302d303038353035302e313030302b3030302e3036392f""}"
2026-07-01T07:19:47Z,862272088542776,Codec8E,2026-06-28 17:07:12.000 UTC,1782666432000,0,40.1094233,-8.5050316,69,200,13,16,0,"{""239"":1,""240"":1,""21"":5,""200"":0,""69"":1,""237"":2,""113"":100,""303"":1,""383"":3,""1149"":1,""181"":15,""182"":8,""66"":14908,""24"":16,""206"":48740,""67"":4128,""68"":0,""13"":1080,""17"":-219,""18"":-171,""19"":59,""15"":1000,""241"":26806,""199"":581,""16"":105515,""12"":11044,""449"":0,""636"":339499,""1148"":63,""11"":8935106000,""14"":1160700155,""387"":""2b3430313039342e323333332d303038353035302e333136372b3030302e3036392f""}"
2026-07-01T07:19:47Z,862272088542776,Codec8E,2026-06-28 17:07:13.000 UTC,1782666433000,0,40.1093766,-8.5050316,69,181,13,17,0,"{""239"":1,""240"":1,""21"":5,""200"":0,""69"":1,""237"":2,""113"":100,""303"":1,""383"":3,""1149"":1,""181"":11,""182"":7,""66"":14926,""24"":17,""206"":48740,""67"":4128,""68"":0,""13"":1080,""17"":-236,""18"":10,""19"":48,""15"":1000,""241"":26806,""199"":586,""16"":105520,""12"":11044,""449"":0,""636"":339499,""1148"":63,""11"":8935106000,""14"":1160700155,""387"":""2b3430313039332e373636372d303038353035302e333136372b3030302e3036392f""}"
2026-07-01T07:19:47Z,862272088542776,Codec8E,2026-06-28 17:07:14.000 UTC,1782666434000,0,40.1093300,-8.5050166,69,166,13,17,0,"{""239"":1,""240"":1,""21"":5,""200"":0,""69"":1,""237"":2,""113"":100,""303"":1,""383"":3,""1149"":1,""181"":15,""182"":8,""66"":14872,""24"":17,""206"":48740,""67"":4128,""68"":0,""13"":1080,""17"":-215,""18"":27,""19"":-11,""15"":1000,""241"":26806,""199"":592,""16"":105526,""12"":11044,""449"":0,""636"":339499,""1148"":63,""11"":8935106000,""14"":1160700155,""387"":""2b3430313039332e333030302d303038353035302e313636372b3030302e3036392f""}"
2026-07-01T07:19:47Z,862272088542776,Codec8E,2026-06-28 17:07:18.000 UTC,1782666438000,0,40.1090699,-8.5049199,71,176,13,23,0,"{""239"":1,""240"":1,""21"":5,""200"":0,""69"":1,""237"":2,""113"":100,""303"":1,""383"":3,""1149"":1,""181"":15,""182"":8,""66"":14911,""24"":23,""206"":48740,""67"":4128,""68"":0,""13"":1080,""17"":-213,""18"":-12,""19"":7,""15"":1000,""241"":26806,""199"":622,""16"":105556,""12"":11044,""449"":0,""636"":339499,""1148"":63,""11"":8935106000,""14"":1160700155,""387"":""2b3430313039302e373030302d303038353034392e323030302b3030302e3037312f""}"
2026-07-01T07:19:47Z,862272088542776,Codec8E,2026-06-28 17:07:23.000 UTC,1782666443000,0,40.1087383,-8.5048800,73,149,12,27,0,"{""239"":1,""240"":1,""21"":4,""200"":0,""69"":1,""237"":2,""113"":100,""303"":1,""383"":3,""1149"":1,""181"":16,""182"":9,""66"":14946,""24"":27,""206"":48740,""67"":4128,""68"":0,""13"":1080,""17"":-259,""18"":-121,""19"":99,""15"":1000,""241"":26806,""199"":660,""16"":105594,""12"":11044,""449"":0,""636"":339499,""1148"":77,""11"":8935106000,""14"":1160700155,""387"":""2b3430313038372e333833332d303038353034382e383030302b3030302e3037332f""}"
2026-07-01T07:19:47Z,862272088542776,Codec8E,2026-06-28 17:07:26.000 UTC,1782666446000,0,40.1084583,-8.5046233,73,144,11,37,0,"{""239"":1,""240"":1,""21"":4,""200"":0,""69"":1,""237"":2,""113"":100,""303"":1,""383"":3,""1149"":1,""181"":17,""182"":10,""66"":14951,""24"":37,""206"":48740,""67"":4128,""68"":0,""13"":1080,""17"":-191,""18"":121,""19"":28,""15"":1000,""241"":26806,""199"":698,""16"":105632,""12"":11044,""449"":0,""636"":339499,""1148"":77,""11"":8935106000,""14"":1160700155,""387"":""2b3430313038342e353833332d303038353034362e323333332b3030302e3037332f""}"
2026-07-01T07:19:47Z,862272088542776,Codec8E,2026-06-28 17:07:30.000 UTC,1782666450000,0,40.1079733,-8.5042733,74,149,11,48,0,"{""239"":1,""240"":1,""21"":4,""200"":0,""69"":1,""237"":2,""113"":100,""303"":1,""383"":3,""1149"":1,""181"":12,""182"":10,""66"":14872,""24"":48,""206"":48740,""67"":4129,""68"":0,""13"":1080,""17"":-127,""18"":-190,""19"":84,""15"":1000,""241"":26806,""199"":760,""16"":105694,""12"":11044,""449"":0,""636"":339499,""1148"":77,""11"":8935106000,""14"":1160700155,""387"":""2b3430313037392e373333332d303038353034322e373333332b3030302e3037342f""}"
2026-07-01T07:19:47Z,862272088542776,Codec8E,2026-06-28 17:07:33.000 UTC,1782666453000,0,40.1076300,-8.5039016,75,128,11,55,0,"{""239"":1,""240"":1,""21"":4,""200"":0,""69"":1,""237"":2,""113"":100,""303"":1,""383"":3,""1149"":1,""181"":17,""182"":10,""66"":14859,""24"":55,""206"":48740,""67"":4128,""68"":0,""13"":1080,""17"":-133,""18"":-229,""19"":27,""15"":1000,""241"":26806,""199"":809,""16"":105743,""12"":11044,""449"":0,""636"":339499,""1148"":77,""11"":8935106000,""14"":1160700155,""387"":""2b3430313037362e333030302d303038353033392e303136372b3030302e3037352f""}"
2026-07-01T07:19:47Z,862272088542776,Codec8E,2026-06-28 17:07:36.000 UTC,1782666456000,0,40.1073800,-8.5033549,79,118,12,61,0,"{""239"":1,""240"":1,""21"":4,""200"":0,""69"":1,""237"":2,""113"":100,""303"":1,""383"":3,""1149"":1,""181"":12,""182"":9,""66"":14904,""24"":61,""206"":48740,""67"":4128,""68"":0,""13"":1080,""17"":14,""18"":7,""19"":52,""15"":1000,""241"":26806,""199"":864,""16"":105798,""12"":11044,""449"":0,""636"":339499,""1148"":77,""11"":8935106000,""14"":1160700155,""387"":""2b3430313037332e383030302d303038353033332e353530302b3030302e3037392f""}"
2026-07-01T07:19:47Z,862272088542776,Codec8E,2026-06-28 17:07:42.000 UTC,1782666462000,0,40.1070450,-8.5021283,81,110,12,63,0,"{""239"":1,""240"":1,""21"":4,""200"":0,""69"":1,""237"":2,""113"":100,""303"":1,""383"":3,""1149"":1,""181"":11,""182"":8,""66"":14945,""24"":63,""206"":48740,""67"":4128,""68"":0,""13"":1080,""17"":101,""18"":38,""19"":31,""15"":1000,""241"":26806,""199"":974,""16"":105908,""12"":11044,""449"":0,""636"":339499,""1148"":77,""11"":8935106000,""14"":1160700155,""387"":""2b3430313037302e343530302d303038353032312e323833332b3030302e3038312f""}"
2026-07-01T07:19:47Z,862272088542776,Codec8E,2026-06-28 17:07:46.000 UTC,1782666466000,0,40.1068200,-8.5014316,83,120,13,56,0,"{""239"":1,""240"":1,""21"":4,""200"":0,""69"":1,""237"":2,""113"":100,""303"":1,""383"":3,""1149"":1,""181"":11,""182"":7,""66"":14854,""24"":56,""206"":48740,""67"":4129,""68"":0,""13"":1080,""17"":24,""18"":386,""19"":-32,""15"":1000,""241"":26806,""199"":1039,""16"":105973,""12"":11044,""449"":0,""636"":339499,""1148"":77,""11"":8935106000,""14"":1160700155,""387"":""2b3430313036382e323030302d303038353031342e333136372b3030302e3038332f""}"
2026-07-01T07:19:47Z,862272088542776,Codec8E,2026-06-28 17:07:48.000 UTC,1782666468000,0,40.1066866,-8.5012216,83,131,12,49,0,"{""239"":1,""240"":1,""21"":4,""200"":0,""69"":1,""237"":2,""113"":100,""303"":1,""383"":3,""1149"":1,""181"":12,""182"":9,""66"":14935,""24"":49,""206"":48740,""67"":4128,""68"":0,""13"":1080,""17"":23,""18"":334,""19"":90,""15"":1000,""241"":26806,""199"":1062,""16"":105996,""12"":11044,""449"":0,""636"":339499,""1148"":77,""11"":8935106000,""14"":1160700155,""387"":""2b3430313036362e383636372d303038353031322e323136372b3030302e3038332f""}"
2026-07-01T07:19:47Z,862272088542776,Codec8E,2026-06-28 17:07:49.000 UTC,1782666469000,0,40.1065733,-8.5012633,84,181,10,45,0,"{""239"":1,""240"":1,""21"":4,""200"":0,""69"":1,""237"":2,""113"":100,""303"":1,""383"":3,""1149"":1,""181"":18,""182"":11,""66"":14864,""24"":45,""206"":48740,""67"":4129,""68"":0,""13"":1080,""17"":-2,""18"":318,""19"":35,""15"":1000,""241"":26806,""199"":1075,""16"":106009,""12"":11044,""449"":0,""636"":339499,""1148"":77,""11"":8935106000,""14"":1160700155,""387"":""2b3430313036352e373333332d303038353031322e363333332b3030302e3038342f""}"
2026-07-01T07:19:47Z,862272088542776,Codec8E,2026-06-28 17:07:52.000 UTC,1782666472000,0,40.1063033,-8.5013716,85,197,12,39,0,"{""239"":1,""240"":1,""21"":4,""200"":0,""69"":1,""237"":2,""113"":100,""303"":1,""383"":3,""1149"":1,""181"":16,""182"":9,""66"":14935,""24"":39,""206"":48740,""67"":4128,""68"":0,""13"":1080,""17"":20,""18"":355,""19"":51,""15"":1000,""241"":26806,""199"":1107,""16"":106041,""12"":11044,""449"":0,""636"":339499,""1148"":80,""11"":8935106000,""14"":1160700155,""387"":""2b3430313036332e303333332d303038353031332e373136372b3030302e3038352f""}"
2026-07-01T07:19:47Z,862272088542776,Codec8E,2026-06-28 17:07:54.000 UTC,1782666474000,0,40.1061750,-8.5015300,85,210,12,37,0,"{""239"":1,""240"":1,""21"":4,""200"":0,""69"":1,""237"":2,""113"":100,""303"":1,""383"":3,""1149"":1,""181"":16,""182"":9,""66"":14894,""24"":37,""206"":48740,""67"":4129,""68"":0,""13"":1080,""17"":52,""18"":322,""19"":86,""15"":1000,""241"":26806,""199"":1127,""16"":106061,""12"":11044,""449"":0,""636"":339499,""1148"":80,""11"":8935106000,""14"":1160700155,""387"":""2b3430313036312e373530302d303038353031352e333030302b3030302e3038352f""}"
2026-07-01T07:19:48Z,862272088542776,Codec8E,2026-06-28 17:07:56.000 UTC,1782666476000,0,40.1061650,-8.5017916,86,233,10,34,0,"{""239"":1,""240"":1,""21"":4,""200"":0,""69"":1,""237"":2,""113"":100,""303"":1,""383"":3,""1149"":1,""181"":18,""182"":10,""66"":14867,""24"":34,""206"":48740,""67"":4129,""68"":0,""13"":1080,""17"":-83,""18"":116,""19"":59,""15"":1000,""241"":26806,""199"":1152,""16"":106086,""12"":11044,""449"":0,""636"":339499,""1148"":80,""11"":8935106000,""14"":1160700155,""387"":""2b3430313036312e363530302d303038353031372e393136372b3030302e3038362f""}"
2026-07-01T07:19:48Z,862272088542776,Codec8E,2026-06-28 17:07:57.000 UTC,1782666477000,0,40.1063216,-8.5019166,86,305,9,33,0,"{""239"":1,""240"":1,""21"":4,""200"":0,""69"":1,""237"":2,""113"":100,""303"":1,""383"":3,""1149"":1,""181"":19,""182"":11,""66"":14925,""24"":33,""206"":48740,""67"":4129,""68"":0,""13"":1080,""17"":-115,""18"":77,""19"":46,""15"":1000,""241"":26806,""199"":1172,""16"":106106,""12"":11044,""449"":0,""636"":339499,""1148"":80,""11"":8935106000,""14"":1160700155,""387"":""2b3430313036332e323136372d303038353031392e313636372b3030302e3038362f""}"
2026-07-01T07:19:48Z,862272088542776,Codec8E,2026-06-28 17:07:59.000 UTC,1782666479000,0,40.1065783,-8.5020999,88,332,10,36,0,"{""239"":1,""240"":1,""21"":4,""200"":0,""69"":1,""237"":2,""113"":100,""303"":1,""383"":3,""1149"":1,""181"":18,""182"":11,""66"":14939,""24"":36,""206"":48740,""67"":4129,""68"":0,""13"":1080,""17"":-75,""18"":11,""19"":40,""15"":1000,""241"":26806,""199"":1205,""16"":106139,""12"":11044,""449"":0,""636"":339499,""1148"":80,""11"":8935106000,""14"":1160700155,""387"":""2b3430313036352e373833332d303038353032312e303030302b3030302e3038382f""}"
2026-07-01T07:19:48Z,862272088542776,Codec8E,2026-06-28 17:08:02.000 UTC,1782666482000,0,40.1070483,-8.5023183,88,339,9,48,0,"{""239"":1,""240"":1,""21"":4,""200"":0,""69"":1,""237"":2,""113"":100,""303"":1,""383"":3,""1149"":1,""181"":28,""182"":12,""66"":14918,""24"":48,""206"":48740,""67"":4128,""68"":0,""13"":1080,""17"":-10,""18"":8,""19"":109,""15"":1000,""241"":26806,""199"":1261,""16"":106195,""12"":11044,""449"":0,""636"":339499,""1148"":80,""11"":8935106000,""14"":1160700155,""387"":""2b3430313037302e343833332d303038353032332e313833332b3030302e3038382f""}"
2026-07-01T07:19:48Z,862272088542776,Codec8E,2026-06-28 17:08:07.000 UTC,1782666487000,0,40.1078900,-8.5025583,90,350,9,57,0,"{""239"":1,""240"":1,""21"":4,""200"":0,""69"":1,""237"":2,""113"":100,""303"":1,""383"":3,""1149"":1,""181"":28,""182"":12,""66"":14912,""24"":57,""206"":48740,""67"":4128,""68"":0,""13"":1080,""17"":26,""18"":199,""19"":34,""15"":1000,""241"":26806,""199"":1357,""16"":106291,""12"":11044,""449"":0,""636"":339499,""1148"":80,""11"":8935106000,""14"":1160700155,""387"":""2b3430313037382e393030302d303038353032352e353833332b3030302e3039302f""}"
2026-07-01T07:19:48Z,862272088542776,Codec8E,2026-06-28 17:08:10.000 UTC,1782666490000,0,40.1083183,-8.5025650,91,7,10,56,0,"{""239"":1,""240"":1,""21"":4,""200"":0,""69"":1,""237"":2,""113"":100,""303"":1,""383"":3,""1149"":1,""181"":19,""182"":10,""66"":14879,""24"":56,""206"":48740,""67"":4128,""68"":0,""13"":1080,""17"":19,""18"":35,""19"":56,""15"":1000,""241"":26806,""199"":1405,""16"":106339,""12"":11044,""449"":0,""636"":339499,""1148"":80,""11"":8935106000,""14"":1160700155,""387"":""2b3430313038332e313833332d303038353032352e363530302b3030302e3039312f""}"
2026-07-01T07:19:48Z,862272088542776,Codec8E,2026-06-28 17:08:16.000 UTC,1782666496000,0,40.1090716,-8.5024083,89,347,11,50,0,"{""239"":1,""240"":1,""21"":4,""200"":0,""69"":1,""237"":2,""113"":100,""303"":1,""383"":3,""1149"":1,""181"":17,""182"":10,""66"":14907,""24"":50,""206"":48740,""67"":4128,""68"":0,""13"":1080,""17"":46,""18"":-68,""19"":73,""15"":1000,""241"":26806,""199"":1490,""16"":106424,""12"":11044,""449"":0,""636"":339499,""1148"":80,""11"":8935106000,""14"":1160700155,""387"":""2b3430313039302e373136372d303038353032342e303833332b3030302e3038392f""}"
2026-07-01T07:19:48Z,862272088542776,Codec8E,2026-06-28 17:08:19.000 UTC,1782666499000,0,40.1093616,-8.5025633,88,333,11,44,0,"{""239"":1,""240"":1,""21"":4,""200"":0,""69"":1,""237"":2,""113"":100,""303"":1,""383"":3,""1149"":1,""181"":17,""182"":10,""66"":14895,""24"":44,""206"":48740,""67"":4128,""68"":0,""13"":1080,""17"":54,""18"":-370,""19"":25,""15"":1000,""241"":26806,""199"":1525,""16"":106459,""12"":11044,""449"":0,""636"":339499,""1148"":80,""11"":8935106000,""14"":1160700155,""387"":""2b3430313039332e363136372d303038353032352e363333332b3030302e3038382f""}"
2026-07-01T07:19:48Z,862272088542776,Codec8E,2026-06-28 17:08:22.000 UTC,1782666502000,0,40.1095783,-8.5027683,87,323,12,39,0,"{""239"":1,""240"":1,""21"":4,""200"":0,""69"":1,""237"":2,""113"":100,""303"":1,""383"":3,""1149"":1,""181"":16,""182"":8,""66"":14873,""24"":39,""206"":48740,""67"":4128,""68"":0,""13"":1080,""17"":76,""18"":267,""19"":102,""15"":1000,""241"":26806,""199"":1555,""16"":106489,""12"":11044,""449"":0,""636"":339499,""1148"":79,""11"":8935106000,""14"":1160700155,""387"":""2b3430313039352e373833332d303038353032372e363833332b3030302e3038372f""}"
2026-07-01T07:19:48Z,862272088542776,Codec8E,2026-06-28 17:08:24.000 UTC,1782666504000,0,40.1096533,-8.5029200,88,311,12,34,0,"{""239"":1,""240"":1,""21"":4,""200"":0,""69"":1,""237"":2,""113"":100,""303"":1,""383"":3,""1149"":1,""181"":11,""182"":8,""66"":14886,""24"":34,""206"":48740,""67"":4128,""68"":0,""13"":1080,""17"":-34,""18"":334,""19"":73,""15"":1000,""241"":26806,""199"":1570,""16"":106504,""12"":11044,""449"":0,""636"":339499,""1148"":79,""11"":8935106000,""14"":1160700155,""387"":""2b3430313039362e353333332d303038353032392e323030302b3030302e3038382f""}"
2026-07-01T07:19:49Z,862272088542776,Codec8E,2026-06-28 17:08:26.000 UTC,1782666506000,0,40.1097766,-8.5030500,88,328,11,33,0,"{""239"":1,""240"":1,""21"":4,""200"":0,""69"":1,""237"":2,""113"":100,""303"":1,""383"":3,""1149"":1,""181"":16,""182"":8,""66"":14908,""24"":33,""206"":48740,""67"":4128,""68"":0,""13"":1080,""17"":-148,""18"":-15,""19"":41,""15"":1000,""241"":26806,""199"":1588,""16"":106522,""12"":11044,""449"":0,""636"":339499,""1148"":79,""11"":8935106000,""14"":1160700155,""387"":""2b3430313039372e373636372d303038353033302e353030302b3030302e3038382f""}"
2026-07-01T07:19:49Z,862272088542776,Codec8E,2026-06-28 17:08:29.000 UTC,1782666509000,0,40.1100250,-8.5031850,88,344,10,36,0,"{""239"":1,""240"":1,""21"":4,""200"":0,""69"":1,""237"":2,""113"":100,""303"":1,""383"":3,""1149"":1,""181"":22,""182"":10,""66"":14852,""24"":36,""206"":48740,""67"":4129,""68"":0,""13"":1080,""17"":42,""18"":-15,""19"":24,""15"":1000,""241"":26806,""199"":1618,""16"":106552,""12"":11044,""449"":0,""636"":339499,""1148"":79,""11"":8935106000,""14"":1160700155,""387"":""2b3430313130302e323530302d303038353033312e383530302b3030302e3038382f""}"
2026-07-01T07:19:49Z,862272088542776,Codec8E,2026-06-28 17:08:34.000 UTC,1782666514000,0,40.1106250,-8.5033549,88,349,9,47,0,"{""239"":1,""240"":1,""21"":4,""200"":0,""69"":1,""237"":2,""113"":100,""303"":1,""383"":3,""1149"":1,""181"":14,""182"":11,""66"":14870,""24"":47,""206"":48740,""67"":4129,""68"":0,""13"":1080,""17"":-14,""18"":-37,""19"":63,""15"":1000,""241"":26806,""199"":1686,""16"":106620,""12"":11044,""449"":0,""636"":339499,""1148"":79,""11"":8935106000,""14"":1160700155,""387"":""2b3430313130362e323530302d303038353033332e353530302b3030302e3038382f""}"
2026-07-01T07:19:49Z,862272088542776,Codec8E,2026-06-28 17:08:41.000 UTC,1782666521000,0,40.1116066,-8.5034299,86,358,11,55,0,"{""239"":1,""240"":1,""21"":4,""200"":0,""69"":1,""237"":2,""113"":100,""303"":1,""383"":3,""1149"":1,""181"":17,""182"":10,""66"":14854,""24"":55,""206"":48740,""67"":4129,""68"":0,""13"":1080,""17"":-9,""18"":-28,""19"":50,""15"":1000,""241"":26806,""199"":1796,""16"":106730,""12"":11044,""449"":0,""636"":339499,""1148"":79,""11"":8935106000,""14"":1160700155,""387"":""2b3430313131362e303636372d303038353033342e333030302b3030302e3038362f""}"
2026-07-01T07:19:49Z,862272088542776,Codec8E,2026-06-28 17:08:48.000 UTC,1782666528000,0,40.1126466,-8.5034183,85,2,10,58,0,"{""239"":1,""240"":1,""21"":4,""200"":0,""69"":1,""237"":2,""113"":100,""303"":1,""383"":3,""1149"":1,""181"":17,""182"":11,""66"":14937,""24"":58,""206"":48740,""67"":4129,""68"":0,""13"":1080,""17"":-47,""18"":-89,""19"":96,""15"":1000,""241"":26806,""199"":1911,""16"":106845,""12"":11044,""449"":0,""636"":339499,""1148"":79,""11"":8935106000,""14"":1160700155,""387"":""2b3430313132362e343636372d303038353033342e313833332b3030302e3038352f""}"
2026-07-01T07:19:49Z,862272088542776,Codec8E,2026-06-28 17:08:55.000 UTC,1782666535000,0,40.1136833,-8.5033233,83,7,10,58,0,"{""239"":1,""240"":1,""21"":4,""200"":0,""69"":1,""237"":2,""113"":100,""303"":1,""383"":3,""1149"":1,""181"":17,""182"":11,""66"":14856,""24"":58,""206"":48740,""67"":4129,""68"":0,""13"":1080,""17"":-27,""18"":-57,""19"":0,""15"":1000,""241"":26806,""199"":2027,""16"":106961,""12"":11044,""449"":0,""636"":339499,""1148"":79,""11"":8935106000,""14"":1160700155,""387"":""2b3430313133362e383333332d303038353033332e323333332b3030302e3038332f""}"
2026-07-01T07:19:49Z,862272088542776,Codec8E,2026-06-28 17:09:02.000 UTC,1782666542000,0,40.1146866,-8.5031000,83,11,12,58,0,"{""239"":1,""240"":1,""21"":3,""200"":0,""69"":1,""237"":2,""113"":100,""303"":1,""383"":3,""1149"":8,""181"":12,""182"":9,""66"":14875,""24"":58,""206"":48740,""67"":4128,""68"":0,""13"":1080,""17"":-17,""18"":32,""19"":61,""15"":1000,""241"":26806,""199"":2140,""16"":107074,""12"":11044,""449"":0,""636"":339497,""1148"":79,""11"":8935106000,""14"":1160700155,""387"":""2b3430313134362e383636372d303038353033312e303030302b3030302e3038332f""}"
2026-07-01T07:19:49Z,862272088542776,Codec8E,2026-06-28 17:09:09.000 UTC,1782666549000,0,40.1155216,-8.5028183,78,9,13,45,0,"{""239"":1,""240"":1,""21"":3,""200"":0,""69"":1,""237"":2,""113"":100,""303"":1,""383"":3,""1149"":8,""181"":11,""182"":7,""66"":14877,""24"":45,""206"":48740,""67"":4128,""68"":0,""13"":1080,""17"":337,""18"":-101,""19"":11,""15"":1000,""241"":26806,""199"":2236,""16"":107170,""12"":11044,""449"":0,""636"":2017333,""1148"":79,""11"":8935106000,""14"":1160700155,""387"":""2b3430313135352e323136372d303038353032382e313833332b3030302e3037382f""}"
2026-07-01T07:19:49Z,862272088542776,Codec8E,2026-06-28 17:09:11.000 UTC,1782666551000,0,40.1156200,-8.5027649,77,6,14,35,0,"{""239"":1,""240"":1,""21"":3,""200"":0,""69"":1,""237"":2,""113"":100,""303"":1,""383"":3,""1149"":8,""181"":14,""182"":7,""66"":14897,""24"":35,""206"":48740,""67"":4128,""68"":0,""13"":1080,""17"":143,""18"":-81,""19"":25,""15"":1000,""241"":26806,""199"":2247,""16"":107181,""12"":11044,""449"":0,""636"":2017333,""1148"":79,""11"":8935106000,""14"":1160700155,""387"":""2b3430313135362e323030302d303038353032372e363530302b3030302e3037372f""}"
2026-07-01T07:19:49Z,862272088542776,Codec8E,2026-06-28 17:09:13.000 UTC,1782666553000,0,40.1156583,-8.5027500,76,2,14,24,0,"{""239"":1,""240"":1,""21"":3,""200"":0,""69"":1,""237"":2,""113"":100,""303"":1,""383"":3,""1149"":8,""181"":10,""182"":7,""66"":14888,""24"":24,""206"":48740,""67"":4128,""68"":0,""13"":1080,""17"":-56,""18"":-88,""19"":8,""15"":1000,""241"":26806,""199"":2250,""16"":107184,""12"":11044,""449"":0,""636"":339507,""1148"":79,""11"":8935106000,""14"":1160700155,""387"":""2b3430313135362e353833332d303038353032372e353030302b3030302e3037362f""}"
2026-07-01T07:19:50Z,862272088542776,Codec8E,2026-06-28 17:09:15.000 UTC,1782666555000,0,40.1156600,-8.5027500,75,2,13,13,0,"{""239"":1,""240"":1,""21"":3,""200"":0,""69"":1,""237"":2,""113"":100,""303"":1,""383"":3,""1149"":8,""181"":12,""182"":8,""66"":14883,""24"":13,""206"":48740,""67"":4128,""68"":0,""13"":1080,""17"":-34,""18"":-89,""19"":6,""15"":1000,""241"":26806,""199"":2250,""16"":107184,""12"":11044,""449"":0,""636"":1515572,""1148"":79,""11"":8935106000,""14"":1160700155,""387"":""2b3430313135362e363030302d303038353032372e353030302b3030302e3037352f""}"
2026-07-01T07:19:50Z,862272088542776,Codec8E,2026-06-28 17:09:19.000 UTC,1782666559000,0,40.1157033,-8.5027350,76,2,10,3,303,"{""239"":1,""240"":1,""21"":3,""200"":0,""69"":1,""237"":2,""113"":100,""303"":0,""383"":3,""1149"":8,""181"":13,""182"":10,""66"":14863,""24"":3,""206"":48740,""67"":4128,""68"":0,""13"":1080,""17"":-24,""18"":-79,""19"":4,""15"":1000,""241"":26806,""199"":2250,""16"":107184,""12"":11044,""449"":0,""636"":1515572,""1148"":79,""11"":8935106000,""14"":1160700155,""387"":""2b3430313135372e303333332d303038353032372e333530302b3030302e3037362f""}"
2026-07-01T07:19:50Z,862272088542776,Codec8E,2026-06-28 17:09:35.000 UTC,1782666575000,0,40.1157983,-8.5026683,76,24,11,7,0,"{""239"":1,""240"":1,""21"":4,""200"":0,""69"":1,""237"":2,""113"":100,""303"":0,""383"":3,""1149"":8,""181"":18,""182"":9,""66"":14863,""24"":7,""206"":48740,""67"":4128,""68"":0,""13"":1062,""17"":-49,""18"":-105,""19"":40,""15"":1000,""241"":26806,""199"":2269,""16"":107203,""12"":11047,""449"":0,""636"":339507,""1148"":83,""11"":8935106000,""14"":1160700155,""387"":""2b3430313135372e393833332d303038353032362e363833332b3030302e3037362f""}"
2026-07-01T07:19:50Z,862272088542776,Codec8E,2026-06-28 17:09:39.000 UTC,1782666579000,0,40.1159733,-8.5026033,74,13,12,15,0,"{""239"":1,""240"":1,""21"":4,""200"":0,""69"":1,""237"":2,""113"":100,""303"":0,""383"":3,""1149"":8,""181"":12,""182"":9,""66"":14933,""24"":15,""206"":48740,""67"":4128,""68"":0,""13"":1062,""17"":-66,""18"":-52,""19"":55,""15"":1000,""241"":26806,""199"":2289,""16"":107223,""12"":11047,""449"":0,""636"":1515562,""1148"":83,""11"":8935106000,""14"":1160700155,""387"":""2b3430313135392e373333332d303038353032362e303333332b3030302e3037342f""}"
2026-07-01T07:19:50Z,862272088542776,Codec8E,2026-06-28 17:09:40.000 UTC,1782666580000,0,40.1160716,-8.5025716,73,13,12,17,303,"{""239"":1,""240"":1,""21"":4,""200"":0,""69"":1,""237"":2,""113"":100,""303"":1,""383"":3,""1149"":8,""181"":16,""182"":9,""66"":14899,""24"":17,""206"":48740,""67"":4128,""68"":0,""13"":1062,""17"":-47,""18"":-56,""19"":-11,""15"":1000,""241"":26806,""199"":2300,""16"":107234,""12"":11047,""449"":0,""636"":1515562,""1148"":83,""11"":8935106000,""14"":1160700155,""387"":""2b3430313136302e373136372d303038353032352e373136372b3030302e3037332f""}"
2026-07-01T07:19:50Z,862272088542776,Codec8E,2026-06-28 17:09:47.000 UTC,1782666587000,0,40.1164016,-8.5024383,72,24,13,23,0,"{""239"":1,""240"":1,""21"":4,""200"":0,""69"":1,""237"":2,""113"":100,""303"":1,""383"":3,""1149"":8,""181"":15,""182"":7,""66"":14912,""24"":23,""206"":48740,""67"":4128,""68"":0,""13"":1062,""17"":-82,""18"":-23,""19"":-1,""15"":1000,""241"":26806,""199"":2339,""16"":107273,""12"":11047,""449"":0,""636"":1515562,""1148"":83,""11"":8935106000,""14"":1160700155,""387"":""2b3430313136342e303136372d303038353032342e333833332b3030302e3037322f""}"
2026-07-01T07:19:50Z,862272088542776,Codec8E,2026-06-28 17:09:54.000 UTC,1782666594000,0,40.1169233,-8.5021300,71,22,12,34,0,"{""239"":1,""240"":1,""21"":4,""200"":0,""69"":1,""237"":2,""113"":100,""303"":1,""383"":3,""1149"":1,""181"":12,""182"":9,""66"":14927,""24"":34,""206"":48740,""67"":4129,""68"":0,""13"":1062,""17"":-53,""18"":-30,""19"":50,""15"":1000,""241"":26806,""199"":2403,""16"":107337,""12"":11047,""449"":0,""636"":339497,""1148"":82,""11"":8935106000,""14"":1160700155,""387"":""2b3430313136392e323333332d303038353032312e333030302b3030302e3037312f""}"
2026-07-01T07:19:50Z,862272088542776,Codec8E,2026-06-28 17:10:02.000 UTC,1782666602000,0,40.1177749,-8.5016583,66,26,12,44,0,"{""239"":1,""240"":1,""21"":4,""200"":0,""69"":1,""237"":2,""113"":100,""303"":1,""383"":3,""1149"":1,""181"":11,""182"":8,""66"":14937,""24"":44,""206"":48740,""67"":4128,""68"":0,""13"":1062,""17"":-73,""18"":25,""19"":72,""15"":1000,""241"":26806,""199"":2506,""16"":107440,""12"":11047,""449"":0,""636"":339467,""1148"":82,""11"":8935106000,""14"":1160700155,""387"":""2b3430313137372e373530302d303038353031362e353833332b3030302e3036362f""}"
2026-07-01T07:19:50Z,862272088542776,Codec8E,2026-06-28 17:10:10.000 UTC,1782666610000,0,40.1185983,-8.5010166,68,31,14,48,0,"{""239"":1,""240"":1,""21"":4,""200"":0,""69"":1,""237"":2,""113"":100,""303"":1,""383"":3,""1149"":1,""181"":10,""182"":7,""66"":14908,""24"":48,""206"":48740,""67"":4128,""68"":0,""13"":1062,""17"":-39,""18"":5,""19"":69,""15"":1000,""241"":26806,""199"":2613,""16"":107547,""12"":11047,""449"":0,""636"":339497,""1148"":82,""11"":8935106000,""14"":1160700155,""387"":""2b3430313138352e393833332d303038353031302e313636372b3030302e3036382f""}"
2026-07-01T07:19:50Z,862272088542776,Codec8E,2026-06-28 17:10:18.000 UTC,1782666618000,0,40.1193933,-8.5003183,69,35,12,47,0,"{""239"":1,""240"":1,""21"":4,""200"":0,""69"":1,""237"":2,""113"":100,""303"":1,""383"":3,""1149"":1,""181"":12,""182"":9,""66"":14876,""24"":47,""206"":48740,""67"":4128,""68"":0,""13"":1062,""17"":-15,""18"":-33,""19"":53,""15"":1000,""241"":26806,""199"":2719,""16"":107653,""12"":11047,""449"":0,""636"":339497,""1148"":82,""11"":8935106000,""14"":1160700155,""387"":""2b3430313139332e393333332d303038353030332e313833332b3030302e3036392f""}"
2026-07-01T07:19:51Z,862272088542776,Codec8E,2026-06-28 17:10:26.000 UTC,1782666626000,0,40.1199866,-8.4996866,74,36,14,35,0,"{""239"":1,""240"":1,""21"":4,""200"":0,""69"":1,""237"":2,""113"":100,""303"":1,""383"":3,""1149"":1,""181"":10,""182"":7,""66"":14873,""24"":35,""206"":48740,""67"":4128,""68"":0,""13"":1062,""17"":-9,""18"":21,""19"":25,""15"":1000,""241"":26806,""199"":2805,""16"":107739,""12"":11047,""449"":0,""636"":339497,""1148"":75,""11"":8935106000,""14"":1160700155,""387"":""2b3430313139392e383636372d303038343939362e383636372b3030302e3037342f""}"
2026-07-01T07:19:51Z,862272088542776,Codec8E,2026-06-28 17:10:30.000 UTC,1782666630000,0,40.1201733,-8.4995266,76,45,14,25,0,"{""239"":1,""240"":1,""21"":4,""200"":0,""69"":1,""237"":2,""113"":100,""303"":1,""383"":3,""1149"":1,""181"":14,""182"":7,""66"":14859,""24"":25,""206"":48740,""67"":4128,""68"":0,""13"":1062,""17"":-94,""18"":34,""19"":8,""15"":1000,""241"":26806,""199"":2829,""16"":107763,""12"":11047,""449"":0,""636"":339497,""1148"":75,""11"":8935106000,""14"":1160700155,""387"":""2b3430313230312e373333332d303038343939352e323636372b3030302e3037362f""}"
2026-07-01T07:19:51Z,862272088542776,Codec8E,2026-06-28 17:10:33.000 UTC,1782666633000,0,40.1202816,-8.4993850,79,55,14,22,0,"{""239"":1,""240"":1,""21"":4,""200"":0,""69"":1,""237"":2,""113"":100,""303"":1,""383"":3,""1149"":1,""181"":10,""182"":7,""66"":14870,""24"":22,""206"":48740,""67"":4129,""68"":0,""13"":1062,""17"":-128,""18"":-80,""19"":74,""15"":1000,""241"":26806,""199"":2847,""16"":107781,""12"":11047,""449"":0,""636"":339497,""1148"":75,""11"":8935106000,""14"":1160700155,""387"":""2b3430313230322e383136372d303038343939332e383530302b3030302e3037392f""}"
2026-07-01T07:19:51Z,862272088542776,Codec8E,2026-06-28 17:10:36.000 UTC,1782666636000,0,40.1204133,-8.4992100,78,39,14,24,0,"{""239"":1,""240"":1,""21"":4,""200"":0,""69"":1,""237"":2,""113"":100,""303"":1,""383"":3,""1149"":1,""181"":10,""182"":7,""66"":14942,""24"":24,""206"":48740,""67"":4128,""68"":0,""13"":1062,""17"":-162,""18"":64,""19"":24,""15"":1000,""241"":26806,""199"":2867,""16"":107801,""12"":11047,""449"":0,""636"":339497,""1148"":75,""11"":8935106000,""14"":1160700155,""387"":""2b3430313230342e313333332d303038343939322e313030302b3030302e3037382f""}"
2026-07-01T07:19:51Z,862272088542776,Codec8E,2026-06-28 17:10:41.000 UTC,1782666641000,0,40.1207700,-8.4988066,78,43,13,35,0,"{""239"":1,""240"":1,""21"":4,""200"":0,""69"":1,""237"":2,""113"":100,""303"":1,""383"":3,""1149"":1,""181"":11,""182"":7,""66"":14937,""24"":35,""206"":48740,""67"":4128,""68"":0,""13"":1062,""17"":-131,""18"":-27,""19"":0,""15"":1000,""241"":26806,""199"":2920,""16"":107854,""12"":11047,""449"":0,""636"":339497,""1148"":75,""11"":8935106000,""14"":1160700155,""387"":""2b3430313230372e373030302d303038343938382e303636372b3030302e3037382f""}"
2026-07-01T07:19:51Z,862272088542776,Codec8E,2026-06-28 17:10:46.000 UTC,1782666646000,0,40.1212133,-8.4982216,78,46,13,46,0,"{""239"":1,""240"":1,""21"":4,""200"":0,""69"":1,""237"":2,""113"":100,""303"":1,""383"":3,""1149"":1,""181"":11,""182"":8,""66"":14871,""24"":46,""206"":48740,""67"":4128,""68"":0,""13"":1062,""17"":-92,""18"":-47,""19"":7,""15"":1000,""241"":26806,""199"":2990,""16"":107924,""12"":11047,""449"":0,""636"":339497,""1148"":75,""11"":8935106000,""14"":1160700155,""387"":""2b3430313231322e313333332d303038343938322e323136372b3030302e3037382f""}"
2026-07-01T07:19:51Z,862272088542776,Codec8E,2026-06-28 17:10:52.000 UTC,1782666652000,0,40.1217750,-8.4973533,77,51,13,56,0,"{""239"":1,""240"":1,""21"":4,""200"":0,""69"":1,""237"":2,""113"":100,""303"":1,""383"":3,""1149"":1,""181"":11,""182"":7,""66"":14915,""24"":56,""206"":48740,""67"":4128,""68"":0,""13"":1062,""17"":2,""18"":-33,""19"":38,""15"":1000,""241"":26806,""199"":3087,""16"":108021,""12"":11047,""449"":0,""636"":339497,""1148"":75,""11"":8935106000,""14"":1160700155,""387"":""2b3430313231372e373530302d303038343937332e353333332b3030302e3037372f""}"
2026-07-01T07:19:51Z,862272088542776,Codec8E,2026-06-28 17:10:59.000 UTC,1782666659000,0,40.1223483,-8.4962833,74,54,12,57,0,"{""239"":1,""240"":1,""21"":4,""200"":0,""69"":1,""237"":2,""113"":100,""303"":1,""383"":3,""1149"":1,""181"":11,""182"":8,""66"":14927,""24"":57,""206"":48740,""67"":4128,""68"":0,""13"":1062,""17"":0,""18"":-23,""19"":95,""15"":1000,""241"":26806,""199"":3198,""16"":108132,""12"":11047,""449"":0,""636"":1986316,""1148"":75,""11"":8935106000,""14"":1160700155,""387"":""2b3430313232332e343833332d303038343936322e383333332b3030302e3037342f""}"
2026-07-01T07:19:51Z,862272088542776,Codec8E,2026-06-28 17:11:06.000 UTC,1782666666000,0,40.1229000,-8.4951783,69,58,10,57,0,"{""239"":1,""240"":1,""21"":4,""200"":0,""69"":1,""237"":2,""113"":100,""303"":1,""383"":3,""1149"":20,""181"":13,""182"":10,""66"":14907,""24"":57,""206"":48740,""67"":4128,""68"":0,""13"":1062,""17"":0,""18"":-72,""19"":169,""15"":1000,""241"":26806,""199"":3310,""16"":108244,""12"":11047,""449"":0,""636"":1986316,""1148"":75,""11"":8935106000,""14"":1160700155,""387"":""2b3430313232392e303030302d303038343935312e373833332b3030302e3036392f""}"
2026-07-01T07:19:51Z,862272088542776,Codec8E,2026-06-28 17:11:13.000 UTC,1782666673000,0,40.1234283,-8.4940683,62,58,11,57,0,"{""239"":1,""240"":1,""21"":4,""200"":0,""69"":1,""237"":2,""113"":100,""303"":1,""383"":3,""1149"":20,""181"":12,""182"":9,""66"":14920,""24"":57,""206"":48740,""67"":4128,""68"":0,""13"":1062,""17"":-67,""18"":-59,""19"":72,""15"":1000,""241"":26806,""199"":3421,""16"":108355,""12"":11047,""449"":0,""636"":1986346,""1148"":75,""11"":8935106000,""14"":1160700155,""387"":""2b3430313233342e323833332d303038343934302e363833332b3030302e3036322f""}"
2026-07-01T07:19:52Z,862272088542776,Codec8E,2026-06-28 17:11:19.000 UTC,1782666679000,0,40.1239249,-8.4930016,56,58,13,63,0,"{""239"":1,""240"":1,""21"":4,""200"":0,""69"":1,""237"":2,""113"":100,""303"":1,""383"":3,""1149"":20,""181"":11,""182"":8,""66"":14939,""24"":63,""206"":48740,""67"":4128,""68"":0,""13"":1062,""17"":-33,""18"":-33,""19"":73,""15"":1000,""241"":26806,""199"":3527,""16"":108461,""12"":11047,""449"":0,""636"":1986346,""1148"":75,""11"":8935106000,""14"":1160700155,""387"":""2b3430313233392e323530302d303038343933302e303136372b3030302e3035362f""}"
2026-07-01T07:19:52Z,862272088542776,Codec8E,2026-06-28 17:11:25.000 UTC,1782666685000,0,40.1244616,-8.4918966,60,60,12,67,0,"{""239"":1,""240"":1,""21"":5,""200"":0,""69"":1,""237"":2,""113"":100,""303"":1,""383"":3,""1149"":1,""181"":15,""182"":8,""66"":14897,""24"":67,""206"":48740,""67"":4128,""68"":0,""13"":1062,""17"":-83,""18"":-30,""19"":93,""15"":1000,""241"":26806,""199"":3639,""16"":108573,""12"":11047,""449"":0,""636"":1555755,""1148"":25,""11"":8935106000,""14"":1160700155,""387"":""2b3430313234342e363136372d303038343931382e393636372b3030302e3036302f""}"
2026-07-01T07:19:52Z,862272088542776,Codec8E,2026-06-28 17:11:31.000 UTC,1782666691000,0,40.1249849,-8.4907516,61,59,12,66,0,"{""239"":1,""240"":1,""21"":5,""200"":0,""69"":1,""237"":2,""113"":100,""303"":1,""383"":3,""1149"":1,""181"":11,""182"":8,""66"":14885,""24"":66,""206"":48740,""67"":4128,""68"":0,""13"":1062,""17"":-54,""18"":-118,""19"":45,""15"":1000,""241"":26806,""199"":3752,""16"":108686,""12"":11047,""449"":0,""636"":1555755,""1148"":25,""11"":8935106000,""14"":1160700155,""387"":""2b3430313234392e383530302d303038343930372e353136372b3030302e3036312f""}"
2026-07-01T07:19:52Z,862272088542776,Codec8E,2026-06-28 17:11:36.000 UTC,1782666696000,0,40.1254616,-8.4897283,74,57,13,67,0,"{""239"":1,""240"":1,""21"":5,""200"":0,""69"":1,""237"":2,""113"":100,""303"":1,""383"":3,""1149"":1,""181"":11,""182"":7,""66"":14860,""24"":67,""206"":48740,""67"":4128,""68"":0,""13"":1062,""17"":-152,""18"":-11,""19"":1,""15"":1000,""241"":26806,""199"":3854,""16"":108788,""12"":11047,""449"":0,""636"":1555755,""1148"":25,""11"":8935106000,""14"":1160700155,""387"":""2b3430313235342e363136372d303038343839372e323833332b3030302e3037342f""}"
2026-07-01T07:19:52Z,862272088542776,Codec8E,2026-06-28 17:11:41.000 UTC,1782666701000,0,40.1259900,-8.4886950,83,57,12,73,0,"{""239"":1,""240"":1,""21"":5,""200"":0,""69"":1,""237"":2,""113"":100,""303"":1,""383"":3,""1149"":1,""181"":11,""182"":8,""66"":14895,""24"":73,""206"":48740,""67"":4128,""68"":0,""13"":1062,""17"":-98,""18"":-22,""19"":41,""15"":1000,""241"":26806,""199"":3959,""16"":108893,""12"":11047,""449"":0,""636"":1555755,""1148"":25,""11"":8935106000,""14"":1160700155,""387"":""2b3430313235392e393030302d303038343838362e393530302b3030302e3038332f""}"
2026-07-01T07:19:52Z,862272088542776,Codec8E,2026-06-28 17:11:46.000 UTC,1782666706000,0,40.1265233,-8.4876500,86,57,12,76,0,"{""239"":1,""240"":1,""21"":5,""200"":0,""69"":1,""237"":2,""113"":100,""303"":1,""383"":3,""1149"":1,""181"":11,""182"":8,""66"":14868,""24"":76,""206"":48740,""67"":4128,""68"":0,""13"":1062,""17"":-125,""18"":-38,""19"":62,""15"":1000,""241"":26806,""199"":4066,""16"":109000,""12"":11047,""449"":0,""636"":1555755,""1148"":25,""11"":8935106000,""14"":1160700155,""387"":""2b3430313236352e323333332d303038343837362e353030302b3030302e3038362f""}"
2026-07-01T07:19:52Z,862272088542776,Codec8E,2026-06-28 17:11:51.000 UTC,1782666711000,0,40.1270550,-8.4865516,89,58,12,82,0,"{""239"":1,""240"":1,""21"":5,""200"":0,""69"":1,""237"":2,""113"":100,""303"":1,""383"":3,""1149"":1,""181"":11,""182"":8,""66"":14917,""24"":82,""206"":48740,""67"":4128,""68"":0,""13"":1062,""17"":-65,""18"":-13,""19"":26,""15"":1000,""241"":26806,""199"":4177,""16"":109111,""12"":11047,""449"":0,""636"":1555755,""1148"":25,""11"":8935106000,""14"":1160700155,""387"":""2b3430313237302e353530302d303038343836352e353136372b3030302e3038392f""}"
2026-07-01T07:19:52Z,862272088542776,Codec8E,2026-06-28 17:11:56.000 UTC,1782666716000,0,40.1276416,-8.4853550,91,57,12,86,0,"{""239"":1,""240"":1,""21"":4,""200"":0,""69"":1,""237"":2,""113"":100,""303"":1,""383"":3,""1149"":1,""181"":15,""182"":8,""66"":14881,""24"":86,""206"":48740,""67"":4128,""68"":0,""13"":1062,""17"":-9,""18"":-8,""19"":25,""15"":1000,""241"":26806,""199"":4297,""16"":109231,""12"":11047,""449"":0,""636"":1555755,""1148"":83,""11"":8935106000,""14"":1160700155,""387"":""2b3430313237362e343136372d303038343835332e353530302b3030302e3039312f""}"
2026-07-01T07:19:52Z,862272088542776,Codec8E,2026-06-28 17:12:01.000 UTC,1782666721000,0,40.1282250,-8.4841550,90,56,11,86,0,"{""239"":1,""240"":1,""21"":4,""200"":0,""69"":1,""237"":2,""113"":100,""303"":1,""383"":3,""1149"":1,""181"":12,""182"":8,""66"":14913,""24"":86,""206"":48740,""67"":4128,""68"":0,""13"":1062,""17"":11,""18"":-16,""19"":40,""15"":1000,""241"":26806,""199"":4418,""16"":109352,""12"":11047,""449"":0,""636"":1418794,""1148"":83,""11"":8935106000,""14"":1160700155,""387"":""2b3430313238322e323530302d303038343834312e353530302b3030302e3039302f""}"
2026-07-01T07:19:52Z,862272088542776,Codec8E,2026-06-28 17:12:06.000 UTC,1782666726000,0,40.1287666,-8.4829450,88,60,10,87,0,"{""239"":1,""240"":1,""21"":4,""200"":0,""69"":1,""237"":2,""113"":100,""303"":1,""383"":3,""1149"":1,""181"":13,""182"":10,""66"":14936,""24"":87,""206"":48740,""67"":4128,""68"":0,""13"":1062,""17"":-12,""18"":-128,""19"":86,""15"":1000,""241"":26806,""199"":4538,""16"":109472,""12"":11047,""449"":0,""636"":1986346,""1148"":83,""11"":8935106000,""14"":1160700155,""387"":""2b3430313238372e363636372d303038343832392e343530302b3030302e3038382f""}"
2026-07-01T07:19:53Z,862272088542776,Codec8E,2026-06-28 17:12:11.000 UTC,1782666731000,0,40.1293266,-8.4817116,87,57,12,87,0,"{""239"":1,""240"":1,""21"":4,""200"":0,""69"":1,""237"":2,""113"":100,""303"":1,""383"":3,""1149"":1,""181"":17,""182"":9,""66"":14948,""24"":87,""206"":48740,""67"":4128,""68"":0,""13"":1062,""17"":13,""18"":-60,""19"":90,""15"":1000,""241"":26806,""199"":4660,""16"":109594,""12"":11047,""449"":0,""636"":1986346,""1148"":83,""11"":8935106000,""14"":1160700155,""387"":""2b3430313239332e323636372d303038343831372e313136372b3030302e3038372f""}"
2026-07-01T07:19:53Z,862272088542776,Codec8E,2026-06-28 17:12:15.000 UTC,1782666735000,0,40.1298033,-8.4807033,83,58,13,85,0,"{""239"":1,""240"":1,""21"":4,""200"":0,""69"":1,""237"":2,""113"":100,""303"":1,""383"":3,""1149"":1,""181"":11,""182"":7,""66"":14878,""24"":85,""206"":48740,""67"":4128,""68"":0,""13"":1062,""17"":82,""18"":-112,""19"":112,""15"":1000,""241"":26806,""199"":4760,""16"":109694,""12"":11047,""449"":0,""636"":1986346,""1148"":83,""11"":8935106000,""14"":1160700155,""387"":""2b3430313239382e303333332d303038343830372e303333332b3030302e3038332f""}"
2026-07-01T07:19:53Z,862272088542776,Codec8E,2026-06-28 17:12:20.000 UTC,1782666740000,0,40.1303900,-8.4795766,79,55,13,83,0,"{""239"":1,""240"":1,""21"":4,""200"":0,""69"":1,""237"":2,""113"":100,""303"":1,""383"":3,""1149"":1,""181"":11,""182"":7,""66"":14943,""24"":83,""206"":48740,""67"":4128,""68"":0,""13"":1062,""17"":20,""18"":14,""19"":77,""15"":1000,""241"":26806,""199"":4876,""16"":109810,""12"":11047,""449"":0,""636"":1555753,""1148"":83,""11"":8935106000,""14"":1160700155,""387"":""2b3430313330332e393030302d303038343739352e373636372b3030302e3037392f""}"
2026-07-01T07:19:53Z,862272088542776,Codec8E,2026-06-28 17:12:25.000 UTC,1782666745000,0,40.1308783,-8.4785516,82,60,12,78,0,"{""239"":1,""240"":1,""21"":4,""200"":0,""69"":1,""237"":2,""113"":100,""303"":1,""383"":3,""1149"":1,""181"":11,""182"":8,""66"":14907,""24"":78,""206"":48740,""67"":4128,""68"":0,""13"":1062,""17"":-52,""18"":3,""19"":102,""15"":1000,""241"":26806,""199"":4979,""16"":109913,""12"":11047,""449"":0,""636"":1555753,""1148"":75,""11"":8935106000,""14"":1160700155,""387"":""2b3430313330382e373833332d303038343738352e353136372b3030302e3038322f""}"
2026-07-01T07:19:53Z,862272088542776,Codec8E,2026-06-28 17:12:30.000 UTC,1782666750000,0,40.1312983,-8.4774600,86,65,11,75,0,"{""239"":1,""240"":1,""21"":4,""200"":0,""69"":1,""237"":2,""113"":100,""303"":1,""383"":3,""1149"":1,""181"":12,""182"":9,""66"":14896,""24"":75,""206"":48740,""67"":4128,""68"":0,""13"":1062,""17"":-27,""18"":8,""19"":69,""15"":1000,""241"":26806,""199"":5083,""16"":110017,""12"":11047,""449"":0,""636"":1555753,""1148"":75,""11"":8935106000,""14"":1160700155,""387"":""2b3430313331322e393833332d303038343737342e363030302b3030302e3038362f""}"
2026-07-01T07:19:53Z,862272088542776,Codec8E,2026-06-28 17:12:36.000 UTC,1782666756000,0,40.1317466,-8.4762249,89,62,10,69,0,"{""239"":1,""240"":1,""21"":4,""200"":0,""69"":1,""237"":2,""113"":100,""303"":1,""383"":3,""1149"":1,""181"":12,""182"":8,""66"":14942,""24"":69,""206"":48740,""67"":4128,""68"":0,""13"":1062,""17"":-78,""18"":1,""19"":68,""15"":1000,""241"":26806,""199"":5199,""16"":110133,""12"":11047,""449"":0,""636"":1555753,""1148"":75,""11"":8935106000,""14"":1160700155,""387"":""2b3430313331372e343636372d303038343736322e323530302b3030302e3038392f""}"
2026-07-01T07:19:53Z,862272088542776,Codec8E,2026-06-28 17:12:42.000 UTC,1782666762000,0,40.1322549,-8.4750599,95,49,12,68,0,"{""239"":1,""240"":1,""21"":4,""200"":0,""69"":1,""237"":2,""113"":100,""303"":1,""383"":3,""1149"":1,""181"":11,""182"":8,""66"":14858,""24"":68,""206"":48740,""67"":4128,""68"":0,""13"":1062,""17"":-93,""18"":-89,""19"":34,""15"":1000,""241"":26806,""199"":5314,""16"":110248,""12"":11047,""449"":0,""636"":1555753,""1148"":75,""11"":8935106000,""14"":1160700155,""387"":""2b3430313332322e353530302d303038343735302e363030302b3030302e3039352f""}"
2026-07-01T07:19:53Z,862272088542776,Codec8E,2026-06-28 17:12:45.000 UTC,1782666765000,0,40.1326316,-8.4746266,100,37,12,67,0,"{""239"":1,""240"":1,""21"":4,""200"":0,""69"":1,""237"":2,""113"":100,""303"":1,""383"":3,""1149"":1,""181"":11,""182"":8,""66"":14897,""24"":67,""206"":48740,""67"":4128,""68"":0,""13"":1062,""17"":-105,""18"":5,""19"":24,""15"":1000,""241"":26806,""199"":5370,""16"":110304,""12"":11047,""449"":0,""636"":1555753,""1148"":75,""11"":8935106000,""14"":1160700155,""387"":""2b3430313332362e333136372d303038343734362e323636372b3030302e3130302f""}"
2026-07-01T07:19:53Z,862272088542776,Codec8E,2026-06-28 17:12:51.000 UTC,1782666771000,0,40.1334800,-8.4738183,101,36,11,68,0,"{""239"":1,""240"":1,""21"":4,""200"":0,""69"":1,""237"":2,""113"":100,""303"":1,""383"":3,""1149"":1,""181"":12,""182"":9,""66"":14919,""24"":68,""206"":48740,""67"":4128,""68"":0,""13"":1062,""17"":-105,""18"":-27,""19"":43,""15"":1000,""241"":26806,""199"":5487,""16"":110421,""12"":11047,""449"":0,""636"":1555753,""1148"":75,""11"":8935106000,""14"":1160700155,""387"":""2b3430313333342e383030302d303038343733382e313833332b3030302e3130312f""}"
2026-07-01T07:19:53Z,862272088542776,Codec8E,2026-06-28 17:12:57.000 UTC,1782666777000,0,40.1342416,-8.4729066,109,51,11,67,0,"{""239"":1,""240"":1,""21"":4,""200"":0,""69"":1,""237"":2,""113"":100,""303"":1,""383"":3,""1149"":1,""181"":19,""182"":9,""66"":14922,""24"":67,""206"":48740,""67"":4128,""68"":0,""13"":1062,""17"":-98,""18"":49,""19"":32,""15"":1000,""241"":26806,""199"":5602,""16"":110536,""12"":11047,""449"":0,""636"":1555753,""1148"":75,""11"":8935106000,""14"":1160700155,""387"":""2b3430313334322e343136372d303038343732392e303636372b3030302e3130392f""}"
2026-07-01T07:19:53Z,862272088542776,Codec8E,2026-06-28 17:13:02.000 UTC,1782666782000,0,40.1346450,-8.4719300,114,62,11,68,0,"{""239"":1,""240"":1,""21"":4,""200"":0,""69"":1,""237"":2,""113"":100,""303"":1,""383"":3,""1149"":8,""181"":11,""182"":8,""66"":14926,""24"":68,""206"":48740,""67"":4128,""68"":0,""13"":1062,""17"":-39,""18"":-11,""19"":13,""15"":1000,""241"":26806,""199"":5697,""16"":110631,""12"":11047,""449"":0,""636"":1418804,""1148"":75,""11"":8935106000,""14"":1160700155,""387"":""2b3430313334362e343530302d303038343731392e333030302b3030302e3131342f""}"
2026-07-01T07:19:53Z,862272088542776,Codec8E,2026-06-28 17:13:08.000 UTC,1782666788000,0,40.1351300,-8.4707449,118,59,12,68,0,"{""239"":1,""240"":1,""21"":4,""200"":0,""69"":1,""237"":2,""113"":100,""303"":1,""383"":3,""1149"":8,""181"":11,""182"":8,""66"":14939,""24"":68,""206"":48740,""67"":4128,""68"":0,""13"":1062,""17"":24,""18"":-9,""19"":48,""15"":1000,""241"":26806,""199"":5811,""16"":110745,""12"":11047,""449"":0,""636"":1555763,""1148"":75,""11"":8935106000,""14"":1160700155,""387"":""2b3430313335312e333030302d303038343730372e343530302b3030302e3131382f""}"
2026-07-01T07:19:53Z,862272088542776,Codec8E,2026-06-28 17:13:14.000 UTC,1782666794000,0,40.1357150,-8.4696516,118,46,13,68,0,"{""239"":1,""240"":1,""21"":4,""200"":0,""69"":1,""237"":2,""113"":100,""303"":1,""383"":3,""1149"":8,""181"":15,""182"":8,""66"":14902,""24"":68,""206"":48740,""67"":4129,""68"":0,""13"":1062,""17"":-15,""18"":-137,""19"":34,""15"":1000,""241"":26806,""199"":5925,""16"":110859,""12"":11047,""449"":0,""636"":1418804,""1148"":75,""11"":8935106000,""14"":1160700155,""387"":""2b3430313335372e313530302d303038343639362e353136372b3030302e3131382f""}"
2026-07-01T07:19:53Z,862272088542776,Codec8E,2026-06-28 17:13:16.000 UTC,1782666796000,0,40.1359816,-8.4693649,121,35,13,68,0,"{""239"":1,""240"":1,""21"":4,""200"":0,""69"":1,""237"":2,""113"":100,""303"":1,""383"":3,""1149"":8,""181"":11,""182"":7,""66"":14859,""24"":68,""206"":48740,""67"":4128,""68"":0,""13"":1062,""17"":-73,""18"":-115,""19"":101,""15"":1000,""241"":26806,""199"":5963,""16"":110897,""12"":11047,""449"":0,""636"":1418804,""1148"":75,""11"":8935106000,""14"":1160700155,""387"":""2b3430313335392e383136372d303038343639332e363530302b3030302e3132312f""}"
2026-07-01T07:19:53Z,862272088542776,Codec8E,2026-06-28 17:13:19.000 UTC,1782666799000,0,40.1364150,-8.4690383,124,23,14,67,0,"{""239"":1,""240"":1,""21"":4,""200"":0,""69"":1,""237"":2,""113"":100,""303"":1,""383"":3,""1149"":8,""181"":10,""182"":7,""66"":14841,""24"":67,""206"":48740,""67"":4128,""68"":0,""13"":1062,""17"":-29,""18"":13,""19"":91,""15"":1000,""241"":26806,""199"":6019,""16"":110953,""12"":11047,""449"":0,""636"":1418804,""1148"":75,""11"":8935106000,""14"":1160700155,""387"":""2b3430313336342e313530302d303038343639302e333833332b3030302e3132342f""}"
2026-07-01T07:19:54Z,862272088542776,Codec8E,2026-06-28 17:13:25.000 UTC,1782666805000,0,40.1373366,-8.4685616,132,20,14,68,0,"{""239"":1,""240"":1,""21"":5,""200"":0,""69"":1,""237"":2,""113"":100,""303"":1,""383"":3,""1149"":1,""181"":10,""182"":7,""66"":14891,""24"":68,""206"":48740,""67"":4128,""68"":0,""13"":1062,""17"":-41,""18"":-30,""19"":73,""15"":1000,""241"":26806,""199"":6129,""16"":111063,""12"":11047,""449"":0,""636"":1418794,""1148"":25,""11"":8935106000,""14"":1160700155,""387"":""2b3430313337332e333636372d303038343638352e363136372b3030302e3133322f""}"
2026-07-01T07:19:54Z,862272088542776,Codec8E,2026-06-28 17:13:31.000 UTC,1782666811000,0,40.1382850,-8.4680733,132,20,11,68,0,"{""239"":1,""240"":1,""21"":5,""200"":0,""69"":1,""237"":2,""113"":100,""303"":1,""383"":3,""1149"":1,""181"":12,""182"":9,""66"":14947,""24"":68,""206"":48740,""67"":4128,""68"":0,""13"":1062,""17"":-102,""18"":-71,""19"":-13,""15"":1000,""241"":26806,""199"":6243,""16"":111177,""12"":11047,""449"":0,""636"":1418764,""1148"":25,""11"":8935106000,""14"":1160700155,""387"":""2b3430313338322e383530302d303038343638302e373333332b3030302e3133322f""}"
2026-07-01T07:19:54Z,862272088542776,Codec8E,2026-06-28 17:13:36.000 UTC,1782666816000,0,40.1391716,-8.4676833,133,19,11,73,0,"{""239"":1,""240"":1,""21"":5,""200"":0,""69"":1,""237"":2,""113"":100,""303"":1,""383"":3,""1149"":1,""181"":12,""182"":9,""66"":14945,""24"":73,""206"":48740,""67"":4128,""68"":0,""13"":1062,""17"":21,""18"":-70,""19"":154,""15"":1000,""241"":26806,""199"":6346,""16"":111280,""12"":11047,""449"":0,""636"":1418764,""1148"":25,""11"":8935106000,""14"":1160700155,""387"":""2b3430313339312e373136372d303038343637362e383333332b3030302e3133332f""}"
2026-07-01T07:19:54Z,862272088542776,Codec8E,2026-06-28 17:13:41.000 UTC,1782666821000,0,40.1400850,-8.4672250,135,22,9,77,0,"{""239"":1,""240"":1,""21"":5,""200"":0,""69"":1,""237"":2,""113"":100,""303"":1,""383"":3,""1149"":1,""181"":16,""182"":11,""66"":14886,""24"":77,""206"":48740,""67"":4128,""68"":0,""13"":1062,""17"":-54,""18"":30,""19"":21,""15"":1000,""241"":26806,""199"":6455,""16"":111389,""12"":11047,""449"":0,""636"":1418764,""1148"":25,""11"":8935106000,""14"":1160700155,""387"":""2b3430313430302e383530302d303038343637322e323530302b3030302e3133352f""}"
2026-07-01T07:19:54Z,862272088542776,Codec8E,2026-06-28 17:13:46.000 UTC,1782666826000,0,40.1409816,-8.4667566,135,21,11,77,0,"{""239"":1,""240"":1,""21"":5,""200"":0,""69"":1,""237"":2,""113"":100,""303"":1,""383"":3,""1149"":1,""181"":13,""182"":8,""66"":14916,""24"":77,""206"":48740,""67"":4128,""68"":0,""13"":1062,""17"":-83,""18"":-23,""19"":51,""15"":1000,""241"":26806,""199"":6563,""16"":111497,""12"":11047,""449"":0,""636"":1418764,""1148"":25,""11"":8935106000,""14"":1160700155,""387"":""2b3430313430392e383136372d303038343636372e353636372b3030302e3133352f""}"
2026-07-01T07:19:57Z,862272088542776,Codec8E,2026-06-28 17:13:51.000 UTC,1782666831000,0,40.1418799,-8.4663083,141,21,11,77,0,"{""239"":1,""240"":1,""21"":5,""200"":0,""69"":1,""237"":2,""113"":100,""303"":1,""383"":3,""1149"":1,""181"":12,""182"":8,""66"":14880,""24"":77,""206"":48740,""67"":4128,""68"":0,""13"":1062,""17"":-56,""18"":-60,""19"":53,""15"":1000,""241"":26806,""199"":6669,""16"":111603,""12"":11047,""449"":0,""636"":1418794,""1148"":25,""11"":8935106000,""14"":1160700155,""387"":""2b3430313431382e383030302d303038343636332e303833332b3030302e3134312f""}"
2026-07-01T07:19:57Z,862272088542776,Codec8E,2026-06-28 17:13:56.000 UTC,1782666836000,0,40.1428066,-8.4658616,145,19,11,77,0,"{""239"":1,""240"":1,""21"":5,""200"":0,""69"":1,""237"":2,""113"":100,""303"":1,""383"":3,""1149"":1,""181"":12,""182"":8,""66"":14916,""24"":77,""206"":48740,""67"":4128,""68"":0,""13"":1062,""17"":-49,""18"":-22,""19"":45,""15"":1000,""241"":26806,""199"":6779,""16"":111713,""12"":11047,""449"":0,""636"":1418794,""1148"":68,""11"":8935106000,""14"":1160700155,""387"":""2b3430313432382e303636372d303038343635382e363136372b3030302e3134352f""}"
2026-07-01T07:19:57Z,862272088542776,Codec8E,2026-06-28 17:14:01.000 UTC,1782666841000,0,40.1437366,-8.4653999,147,22,11,76,0,"{""239"":1,""240"":1,""21"":5,""200"":0,""69"":1,""237"":2,""113"":100,""303"":1,""383"":3,""1149"":1,""181"":12,""182"":8,""66"":14915,""24"":76,""206"":48740,""67"":4128,""68"":0,""13"":1062,""17"":-34,""18"":-43,""19"":46,""15"":1000,""241"":26806,""199"":6890,""16"":111824,""12"":11047,""449"":0,""636"":1418794,""1148"":68,""11"":8935106000,""14"":1160700155,""387"":""2b3430313433372e333636372d303038343635342e303030302b3030302e3134372f""}"
2026-07-01T07:19:57Z,862272088542776,Codec8E,2026-06-28 17:14:06.000 UTC,1782666846000,0,40.1446450,-8.4649116,147,23,9,77,0,"{""239"":1,""240"":1,""21"":5,""200"":0,""69"":1,""237"":2,""113"":100,""303"":1,""383"":3,""1149"":1,""181"":14,""182"":10,""66"":14930,""24"":77,""206"":48740,""67"":4128,""68"":0,""13"":1062,""17"":11,""18"":2,""19"":0,""15"":1000,""241"":26806,""199"":6999,""16"":111933,""12"":11047,""449"":0,""636"":1418794,""1148"":68,""11"":8935106000,""14"":1160700155,""387"":""2b3430313434362e343530302d303038343634392e313136372b3030302e3134372f""}"
2026-07-01T07:19:57Z,862272088542776,Codec8E,2026-06-28 17:14:11.000 UTC,1782666851000,0,40.1455366,-8.4644049,146,22,11,78,0,"{""239"":1,""240"":1,""21"":5,""200"":0,""69"":1,""237"":2,""113"":100,""303"":1,""383"":3,""1149"":1,""181"":11,""182"":8,""66"":14891,""24"":78,""206"":48740,""67"":4128,""68"":0,""13"":1062,""17"":-3,""18"":0,""19"":-12,""15"":1000,""241"":26806,""199"":7107,""16"":112041,""12"":11047,""449"":0,""636"":1418794,""1148"":68,""11"":8935106000,""14"":1160700155,""387"":""2b3430313435352e333636372d303038343634342e303530302b3030302e3134362f""}"
2026-07-01T07:19:57Z,862272088542776,Codec8E,2026-06-28 17:14:16.000 UTC,1782666856000,0,40.1464300,-8.4638950,143,25,11,77,0,"{""239"":1,""240"":1,""21"":5,""200"":0,""69"":1,""237"":2,""113"":100,""303"":1,""383"":3,""1149"":1,""181"":11,""182"":8,""66"":14945,""24"":77,""206"":48740,""67"":4128,""68"":0,""13"":1062,""17"":-19,""18"":-18,""19"":38,""15"":1000,""241"":26806,""199"":7215,""16"":112149,""12"":11047,""449"":0,""636"":1418794,""1148"":68,""11"":8935106000,""14"":1160700155,""387"":""2b3430313436342e333030302d303038343633382e393530302b3030302e3134332f""}"
2026-07-01T07:19:57Z,862272088542776,Codec8E,2026-06-28 17:14:21.000 UTC,1782666861000,0,40.1473416,-8.4633316,139,24,13,81,0,"{""239"":1,""240"":1,""21"":5,""200"":0,""69"":1,""237"":2,""113"":100,""303"":1,""383"":3,""1149"":1,""181"":11,""182"":8,""66"":14870,""24"":81,""206"":48740,""67"":4128,""68"":0,""13"":1062,""17"":-12,""18"":-21,""19"":5,""15"":1000,""241"":26806,""199"":7327,""16"":112261,""12"":11047,""449"":0,""636"":1418794,""1148"":68,""11"":8935106000,""14"":1160700155,""387"":""2b3430313437332e343136372d303038343633332e333136372b3030302e3133392f""}"
2026-07-01T07:19:57Z,862272088542776,Codec8E,2026-06-28 17:14:26.000 UTC,1782666866000,0,40.1483200,-8.4627683,139,25,12,86,0,"{""239"":1,""240"":1,""21"":5,""200"":0,""69"":1,""237"":2,""113"":100,""303"":1,""383"":3,""1149"":1,""181"":11,""182"":8,""66"":14943,""24"":86,""206"":48740,""67"":4128,""68"":0,""13"":1062,""17"":-50,""18"":-49,""19"":13,""15"":1000,""241"":26806,""199"":7446,""16"":112380,""12"":11047,""449"":0,""636"":1418795,""1148"":68,""11"":8935106000,""14"":1160700155,""387"":""2b3430313438332e323030302d303038343632372e363833332b3030302e3133392f""}"
2026-07-01T07:19:57Z,862272088542776,Codec8E,2026-06-28 17:14:31.000 UTC,1782666871000,0,40.1493416,-8.4621766,134,23,14,87,0,"{""239"":1,""240"":1,""21"":5,""200"":0,""69"":1,""237"":2,""113"":100,""303"":1,""383"":3,""1149"":1,""181"":10,""182"":7,""66"":14892,""24"":87,""206"":48740,""67"":4128,""68"":0,""13"":1062,""17"":-69,""18"":-24,""19"":10,""15"":1000,""241"":26806,""199"":7570,""16"":112504,""12"":11047,""449"":0,""636"":1418795,""1148"":68,""11"":8935106000,""14"":1160700155,""387"":""2b3430313439332e343136372d303038343632312e373636372b3030302e3133342f""}"
2026-07-01T07:19:57Z,862272088542776,Codec8E,2026-06-28 17:14:36.000 UTC,1782666876000,0,40.1503600,-8.4615866,136,24,12,87,0,"{""239"":1,""240"":1,""21"":5,""200"":0,""69"":1,""237"":2,""113"":100,""303"":1,""383"":3,""1149"":1,""181"":11,""182"":8,""66"":14900,""24"":87,""206"":48740,""67"":4128,""68"":0,""13"":1062,""17"":-78,""18"":-17,""19"":18,""15"":1000,""241"":26806,""199"":7694,""16"":112628,""12"":11047,""449"":0,""636"":1418795,""1148"":68,""11"":8935106000,""14"":1160700155,""387"":""2b3430313530332e363030302d303038343631352e383636372b3030302e3133362f""}"
2026-07-01T07:19:58Z,862272088542776,Codec8E,2026-06-28 17:14:41.000 UTC,1782666881000,0,40.1513916,-8.4610266,140,23,11,88,0,"{""239"":1,""240"":1,""21"":5,""200"":0,""69"":1,""237"":2,""113"":100,""303"":1,""383"":3,""1149"":1,""181"":12,""182"":9,""66"":14942,""24"":88,""206"":48740,""67"":4128,""68"":0,""13"":1062,""17"":-104,""18"":-41,""19"":109,""15"":1000,""241"":26806,""199"":7818,""16"":112752,""12"":11047,""449"":0,""636"":1418795,""1148"":68,""11"":8935106000,""14"":1160700155,""387"":""2b3430313531332e393136372d303038343631302e323636372b3030302e3134302f""}"
2026-07-01T07:19:58Z,862272088542776,Codec8E,2026-06-28 17:14:46.000 UTC,1782666886000,0,40.1523916,-8.4604300,142,24,13,87,0,"{""239"":1,""240"":1,""21"":5,""200"":0,""69"":1,""237"":2,""113"":100,""303"":1,""383"":3,""1149"":1,""181"":11,""182"":7,""66"":14920,""24"":87,""206"":48740,""67"":4128,""68"":0,""13"":1062,""17"":-77,""18"":-101,""19"":-67,""15"":1000,""241"":26806,""199"":7941,""16"":112875,""12"":11047,""449"":0,""636"":1418795,""1148"":68,""11"":8935106000,""14"":1160700155,""387"":""2b3430313532332e393136372d303038343630342e333030302b3030302e3134322f""}"
2026-07-01T07:19:58Z,862272088542776,Codec8E,2026-06-28 17:14:51.000 UTC,1782666891000,0,40.1534100,-8.4599066,145,19,13,87,0,"{""239"":1,""240"":1,""21"":5,""200"":0,""69"":1,""237"":2,""113"":100,""303"":1,""383"":3,""1149"":1,""181"":11,""182"":7,""66"":14907,""24"":87,""206"":48740,""67"":4128,""68"":0,""13"":1062,""17"":-27,""18"":-25,""19"":71,""15"":1000,""241"":26806,""199"":8062,""16"":112996,""12"":11047,""449"":0,""636"":1418795,""1148"":68,""11"":8935106000,""14"":1160700155,""387"":""2b3430313533342e313030302d303038343539392e303636372b3030302e3134352f""}"
2026-07-01T07:19:58Z,862272088542776,Codec8E,2026-06-28 17:14:56.000 UTC,1782666896000,0,40.1544483,-8.4595716,146,11,11,86,0,"{""239"":1,""240"":1,""21"":5,""200"":0,""69"":1,""237"":2,""113"":100,""303"":1,""383"":3,""1149"":1,""181"":12,""182"":9,""66"":14899,""24"":86,""206"":48740,""67"":4128,""68"":0,""13"":1062,""17"":-13,""18"":-36,""19"":71,""15"":1000,""241"":26806,""199"":8181,""16"":113115,""12"":11047,""449"":0,""636"":1418795,""1148"":68,""11"":8935106000,""14"":1160700155,""387"":""2b3430313534342e343833332d303038343539352e373136372b3030302e3134362f""}"
2026-07-01T07:19:58Z,862272088542776,Codec8E,2026-06-28 17:15:01.000 UTC,1782666901000,0,40.1555483,-8.4593633,147,5,11,88,0,"{""239"":1,""240"":1,""21"":4,""200"":0,""69"":1,""237"":2,""113"":100,""303"":1,""383"":3,""1149"":1,""181"":12,""182"":9,""66"":14871,""24"":88,""206"":48740,""67"":4128,""68"":0,""13"":1062,""17"":-18,""18"":-48,""19"":-18,""15"":1000,""241"":26806,""199"":8305,""16"":113239,""12"":11047,""449"":0,""636"":1418795,""1148"":78,""11"":8935106000,""14"":1160700155,""387"":""2b3430313535352e343833332d303038343539332e363333332b3030302e3134372f""}"
2026-07-01T07:19:58Z,862272088542776,Codec8E,2026-06-28 17:15:05.000 UTC,1782666905000,0,40.1564750,-8.4593399,148,359,8,91,0,"{""239"":1,""240"":1,""21"":4,""200"":0,""69"":1,""237"":2,""113"":100,""303"":1,""383"":3,""1149"":1,""181"":14,""182"":10,""66"":14928,""24"":91,""206"":48740,""67"":4128,""68"":0,""13"":1062,""17"":16,""18"":-69,""19"":17,""15"":1000,""241"":26806,""199"":8408,""16"":113342,""12"":11047,""449"":0,""636"":1418795,""1148"":78,""11"":8935106000,""14"":1160700155,""387"":""2b3430313536342e373530302d303038343539332e343030302b3030302e3134382f""}"
2026-07-01T07:19:58Z,862272088542776,Codec8E,2026-06-28 17:15:10.000 UTC,1782666910000,0,40.1575683,-8.4593266,149,1,6,88,0,"{""239"":1,""240"":1,""21"":4,""200"":0,""69"":1,""237"":2,""113"":100,""303"":1,""383"":3,""1149"":1,""181"":15,""182"":12,""66"":14944,""24"":88,""206"":48740,""67"":4128,""68"":0,""13"":1062,""17"":38,""18"":-32,""19"":12,""15"":1000,""241"":26806,""199"":8530,""16"":113464,""12"":11047,""449"":0,""636"":893226,""1148"":78,""11"":8935106000,""14"":1160700155,""387"":""2b3430313537352e363833332d303038343539332e323636372b3030302e3134392f""}"
2026-07-01T07:19:58Z,862272088542776,Codec8E,2026-06-28 17:15:14.000 UTC,1782666914000,0,40.1584700,-8.4593050,148,1,10,88,0,"{""239"":1,""240"":1,""21"":4,""200"":0,""69"":1,""237"":2,""113"":100,""303"":1,""383"":3,""1149"":1,""181"":13,""182"":10,""66"":14947,""24"":88,""206"":48740,""67"":4128,""68"":0,""13"":1062,""17"":37,""18"":-10,""19"":79,""15"":1000,""241"":26806,""199"":8630,""16"":113564,""12"":11047,""449"":0,""636"":1662220,""1148"":78,""11"":8935106000,""14"":1160700155,""387"":""2b3430313538342e373030302d303038343539332e303530302b3030302e3134382f""}"
2026-07-01T07:19:58Z,862272088542776,Codec8E,2026-06-28 17:15:19.000 UTC,1782666919000,0,40.1595533,-8.4592499,144,1,12,89,0,"{""239"":1,""240"":1,""21"":4,""200"":0,""69"":1,""237"":2,""113"":100,""303"":1,""383"":3,""1149"":1,""181"":12,""182"":8,""66"":14946,""24"":89,""206"":48740,""67"":4128,""68"":0,""13"":1062,""17"":44,""18"":-17,""19"":29,""15"":1000,""241"":26806,""199"":8750,""16"":113684,""12"":11047,""449"":0,""636"":893226,""1148"":78,""11"":8935106000,""14"":1160700155,""387"":""2b3430313539352e353333332d303038343539322e353030302b3030302e3134342f""}"
2026-07-01T07:19:58Z,862272088542776,Codec8E,2026-06-28 17:15:24.000 UTC,1782666924000,0,40.1605900,-8.4591683,141,4,12,87,0,"{""239"":1,""240"":1,""21"":5,""200"":0,""69"":1,""237"":2,""113"":100,""303"":1,""383"":3,""1149"":20,""181"":12,""182"":9,""66"":14932,""24"":87,""206"":48740,""67"":4128,""68"":0,""13"":1062,""17"":7,""18"":-11,""19"":48,""15"":1000,""241"":26806,""199"":8866,""16"":113800,""12"":11047,""449"":0,""636"":1662250,""1148"":64,""11"":8935106000,""14"":1160700155,""387"":""2b3430313630352e393030302d303038343539312e363833332b3030302e3134312f""}"
2026-07-01T07:19:59Z,862272088542776,Codec8E,2026-06-28 17:15:29.000 UTC,1782666929000,0,40.1616383,-8.4590300,140,10,11,87,0,"{""239"":1,""240"":1,""21"":5,""200"":0,""69"":1,""237"":2,""113"":100,""303"":1,""383"":3,""1149"":20,""181"":18,""182"":9,""66"":14873,""24"":87,""206"":48740,""67"":4128,""68"":0,""13"":1062,""17"":-14,""18"":54,""19"":91,""15"":1000,""241"":26806,""199"":8983,""16"":113917,""12"":11047,""449"":0,""636"":1662220,""1148"":64,""11"":8935106000,""14"":1160700155,""387"":""2b3430313631362e333833332d303038343539302e333030302b3030302e3134302f""}"
2026-07-01T07:19:59Z,862272088542776,Codec8E,2026-06-28 17:15:33.000 UTC,1782666933000,0,40.1625350,-8.4587566,141,14,13,88,0,"{""239"":1,""240"":1,""21"":5,""200"":0,""69"":1,""237"":2,""113"":100,""303"":1,""383"":3,""1149"":20,""181"":11,""182"":7,""66"":14928,""24"":88,""206"":48740,""67"":4128,""68"":0,""13"":1062,""17"":-23,""18"":44,""19"":156,""15"":1000,""241"":26806,""199"":9085,""16"":114019,""12"":11047,""449"":0,""636"":1662250,""1148"":64,""11"":8935106000,""14"":1160700155,""387"":""2b3430313632352e333530302d303038343538372e353636372b3030302e3134312f""}"
2026-07-01T07:19:59Z,862272088542776,Codec8E,2026-06-28 17:15:37.000 UTC,1782666937000,0,40.1634316,-8.4583916,137,21,13,88,0,"{""239"":1,""240"":1,""21"":5,""200"":0,""69"":1,""237"":2,""113"":100,""303"":1,""383"":3,""1149"":20,""181"":11,""182"":7,""66"":14921,""24"":88,""206"":48740,""67"":4128,""68"":0,""13"":1062,""17"":-50,""18"":0,""19"":34,""15"":1000,""241"":26806,""199"":9190,""16"":114124,""12"":11047,""449"":0,""636"":1662250,""1148"":64,""11"":8935106000,""14"":1160700155,""387"":""2b3430313633342e333136372d303038343538332e393136372b3030302e3133372f""}"
2026-07-01T07:19:59Z,862272088542776,Codec8E,2026-06-28 17:15:42.000 UTC,1782666942000,0,40.1644050,-8.4578700,135,22,13,87,0,"{""239"":1,""240"":1,""21"":5,""200"":0,""69"":1,""237"":2,""113"":100,""303"":1,""383"":3,""1149"":20,""181"":11,""182"":7,""66"":14902,""24"":87,""206"":48740,""67"":4128,""68"":0,""13"":1062,""17"":-85,""18"":-32,""19"":52,""15"":1000,""241"":26806,""199"":9307,""16"":114241,""12"":11047,""449"":0,""636"":893226,""1148"":64,""11"":8935106000,""14"":1160700155,""387"":""2b3430313634342e303530302d303038343537382e373030302b3030302e3133352f""}"
2026-07-01T07:19:59Z,862272088542776,Codec8E,2026-06-28 17:15:47.000 UTC,1782666947000,0,40.1654016,-8.4573216,138,20,12,86,0,"{""239"":1,""240"":1,""21"":5,""200"":0,""69"":1,""237"":2,""113"":100,""303"":1,""383"":3,""1149"":20,""181"":11,""182"":8,""66"":14935,""24"":86,""206"":48740,""67"":4128,""68"":0,""13"":1062,""17"":-65,""18"":34,""19"":16,""15"":1000,""241"":26806,""199"":9427,""16"":114361,""12"":11047,""449"":0,""636"":893196,""1148"":64,""11"":8935106000,""14"":1160700155,""387"":""2b3430313635342e303136372d303038343537332e323136372b3030302e3133382f""}"
2026-07-01T07:19:59Z,862272088542776,Codec8E,2026-06-28 17:15:52.000 UTC,1782666952000,0,40.1664050,-8.4567950,141,23,11,87,0,"{""239"":1,""240"":1,""21"":5,""200"":0,""69"":1,""237"":2,""113"":100,""303"":1,""383"":3,""1149"":20,""181"":11,""182"":8,""66"":14916,""24"":87,""206"":48740,""67"":4128,""68"":0,""13"":1062,""17"":-45,""18"":-44,""19"":6,""15"":1000,""241"":26806,""199"":9547,""16"":114481,""12"":11047,""449"":0,""636"":893196,""1148"":64,""11"":8935106000,""14"":1160700155,""387"":""2b3430313636342e303530302d303038343536372e393530302b3030302e3134312f""}"
2026-07-01T07:19:59Z,862272088542776,Codec8E,2026-06-28 17:15:57.000 UTC,1782666957000,0,40.1674066,-8.4562400,144,22,11,87,0,"{""239"":1,""240"":1,""21"":4,""200"":0,""69"":1,""237"":2,""113"":100,""303"":1,""383"":3,""1149"":3,""181"":11,""182"":8,""66"":14847,""24"":87,""206"":48740,""67"":4128,""68"":0,""13"":1062,""17"":-25,""18"":-23,""19"":-10,""15"":1000,""241"":26806,""199"":9668,""16"":114602,""12"":11047,""449"":0,""636"":893196,""1148"":83,""11"":8935106000,""14"":1160700155,""387"":""2b3430313637342e303636372d303038343536322e343030302b3030302e3134342f""}"
2026-07-01T07:19:59Z,862272088542776,Codec8E,2026-06-28 17:16:02.000 UTC,1782666962000,0,40.1684116,-8.4556916,147,23,11,87,0,"{""239"":1,""240"":1,""21"":4,""200"":0,""69"":1,""237"":2,""113"":100,""303"":1,""383"":3,""1149"":3,""181"":18,""182"":8,""66"":14841,""24"":87,""206"":48740,""67"":4128,""68"":0,""13"":1062,""17"":-54,""18"":1,""19"":87,""15"":1000,""241"":26806,""199"":9789,""16"":114723,""12"":11047,""449"":0,""636"":893196,""1148"":83,""11"":8935106000,""14"":1160700155,""387"":""2b3430313638342e313136372d303038343535362e393136372b3030302e3134372f""}"
2026-07-01T07:19:59Z,862272088542776,Codec8E,2026-06-28 17:16:07.000 UTC,1782666967000,0,40.1694049,-8.4551266,148,23,11,86,0,"{""239"":1,""240"":1,""21"":4,""200"":0,""69"":1,""237"":2,""113"":100,""303"":1,""383"":3,""1149"":3,""181"":12,""182"":8,""66"":14859,""24"":86,""206"":48740,""67"":4128,""68"":0,""13"":1062,""17"":-24,""18"":-80,""19"":24,""15"":1000,""241"":26806,""199"":9910,""16"":114844,""12"":11047,""449"":0,""636"":893226,""1148"":83,""11"":8935106000,""14"":1160700155,""387"":""2b3430313639342e303530302d303038343535312e323636372b3030302e3134382f""}"
2026-07-01T07:19:59Z,862272088542776,Codec8E,2026-06-28 17:16:12.000 UTC,1782666972000,0,40.1704083,-8.4545966,150,22,10,84,0,"{""239"":1,""240"":1,""21"":4,""200"":0,""69"":1,""237"":2,""113"":100,""303"":1,""383"":3,""1149"":3,""181"":13,""182"":9,""66"":14859,""24"":84,""206"":48740,""67"":4128,""68"":0,""13"":1062,""17"":-40,""18"":8,""19"":47,""15"":1000,""241"":26806,""199"":10030,""16"":114964,""12"":11047,""449"":0,""636"":893226,""1148"":83,""11"":8935106000,""14"":1160700155,""387"":""2b3430313730342e303833332d303038343534352e393636372b3030302e3135302f""}"
2026-07-01T07:19:59Z,862272088542776,Codec8E,2026-06-28 17:16:17.000 UTC,1782666977000,0,40.1713033,-8.4541216,152,21,12,79,0,"{""239"":1,""240"":1,""21"":4,""200"":0,""69"":1,""237"":2,""113"":100,""303"":1,""383"":3,""1149"":3,""181"":11,""182"":8,""66"":14879,""24"":79,""206"":48740,""67"":4128,""68"":0,""13"":1062,""17"":-105,""18"":9,""19"":57,""15"":1000,""241"":26806,""199"":10137,""16"":115071,""12"":11047,""449"":0,""636"":1662250,""1148"":83,""11"":8935106000,""14"":1160700155,""387"":""2b3430313731332e303333332d303038343534312e323136372b3030302e3135322f""}"
2026-07-01T07:19:59Z,862272088542776,Codec8E,2026-06-28 17:16:22.000 UTC,1782666982000,0,40.1722816,-8.4536383,152,23,14,80,0,"{""239"":1,""240"":1,""21"":4,""200"":0,""69"":1,""237"":99,""113"":100,""303"":1,""383"":3,""1149"":3,""181"":10,""182"":7,""66"":14857,""24"":80,""206"":0,""67"":4128,""68"":0,""13"":1062,""17"":-36,""18"":6,""19"":77,""15"":1000,""241"":26806,""199"":10253,""16"":115187,""12"":11047,""449"":0,""636"":0,""1148"":83,""11"":8935106000,""14"":1160700155,""387"":""2b3430313732322e383136372d303038343533362e333833332b3030302e3135322f""}"
2026-07-01T07:19:59Z,862272088542776,Codec8E,2026-06-28 17:16:27.000 UTC,1782666987000,0,40.1731500,-8.4530883,152,25,14,79,0,"{""239"":1,""240"":1,""21"":5,""200"":0,""69"":1,""237"":2,""113"":100,""303"":1,""383"":3,""1149"":20,""181"":10,""182"":7,""66"":14950,""24"":79,""206"":48740,""67"":4128,""68"":0,""13"":1062,""17"":-150,""18"":0,""19"":29,""15"":1000,""241"":26806,""199"":10361,""16"":115295,""12"":11047,""449"":0,""636"":893196,""1148"":46,""11"":8935106000,""14"":1160700155,""387"":""2b3430313733312e353030302d303038343533302e383833332b3030302e3135322f""}"
2026-07-01T07:19:59Z,862272088542776,Codec8E,2026-06-28 17:16:32.000 UTC,1782666992000,0,40.1740600,-8.4524600,158,32,12,80,0,"{""239"":1,""240"":1,""21"":5,""200"":0,""69"":1,""237"":2,""113"":100,""303"":1,""383"":3,""1149"":20,""181"":12,""182"":9,""66"":14914,""24"":80,""206"":48740,""67"":4128,""68"":0,""13"":1062,""17"":-44,""18"":32,""19"":26,""15"":1000,""241"":26806,""199"":10475,""16"":115409,""12"":11047,""449"":0,""636"":893196,""1148"":46,""11"":8935106000,""14"":1160700155,""387"":""2b3430313734302e363030302d303038343532342e363030302b3030302e3135382f""}"
2026-07-01T07:19:59Z,862272088542776,Codec8E,2026-06-28 17:16:37.000 UTC,1782666997000,0,40.1748566,-8.4517049,161,37,8,77,0,"{""239"":1,""240"":1,""21"":5,""200"":0,""69"":1,""237"":2,""113"":100,""303"":1,""383"":3,""1149"":20,""181"":14,""182"":11,""66"":14873,""24"":77,""206"":48740,""67"":4128,""68"":0,""13"":1062,""17"":15,""18"":-14,""19"":1,""15"":1000,""241"":26806,""199"":10584,""16"":115518,""12"":11047,""449"":0,""636"":893196,""1148"":46,""11"":8935106000,""14"":1160700155,""387"":""2b3430313734382e353636372d303038343531372e303530302b3030302e3136312f""}"
2026-07-01T07:20:00Z,862272088542776,Codec8E,2026-06-28 17:16:43.000 UTC,1782667003000,0,40.1756750,-8.4508966,167,38,11,67,0,"{""239"":1,""240"":1,""21"":5,""200"":0,""69"":1,""237"":2,""113"":100,""303"":1,""383"":3,""1149"":20,""181"":19,""182"":9,""66"":14936,""24"":67,""206"":48740,""67"":4128,""68"":0,""13"":1062,""17"":-67,""18"":-35,""19"":55,""15"":1000,""241"":26806,""199"":10698,""16"":115632,""12"":11047,""449"":0,""636"":893226,""1148"":46,""11"":8935106000,""14"":1160700155,""387"":""2b3430313735362e373530302d303038343530382e393636372b3030302e3136372f""}"
2026-07-01T07:20:00Z,862272088542776,Codec8E,2026-06-28 17:16:49.000 UTC,1782667009000,0,40.1764249,-8.4501416,171,37,11,64,0,"{""239"":1,""240"":1,""21"":5,""200"":0,""69"":1,""237"":2,""113"":100,""303"":1,""383"":3,""1149"":20,""181"":19,""182"":9,""66"":14905,""24"":64,""206"":48740,""67"":4128,""68"":0,""13"":1062,""17"":-7,""18"":-55,""19"":51,""15"":1000,""241"":26806,""199"":10804,""16"":115738,""12"":11047,""449"":0,""636"":893226,""1148"":46,""11"":8935106000,""14"":1160700155,""387"":""2b3430313736342e323530302d303038343530312e343136372b3030302e3137312f""}"
2026-07-01T07:20:00Z,862272088542776,Codec8E,2026-06-28 17:16:55.000 UTC,1782667015000,0,40.1771633,-8.4494016,170,37,11,62,0,"{""239"":1,""240"":1,""21"":5,""200"":0,""69"":1,""237"":2,""113"":100,""303"":1,""383"":3,""1149"":1,""181"":12,""182"":9,""66"":14891,""24"":62,""206"":48740,""67"":4128,""68"":0,""13"":1062,""17"":-7,""18"":38,""19"":45,""15"":1000,""241"":26806,""199"":10907,""16"":115841,""12"":11047,""449"":0,""636"":893226,""1148"":54,""11"":8935106000,""14"":1160700155,""387"":""2b3430313737312e363333332d303038343439342e303136372b3030302e3137302f""}"
2026-07-01T07:20:00Z,862272088542776,Codec8E,2026-06-28 17:17:02.000 UTC,1782667022000,0,40.1779616,-8.4485583,169,32,12,56,0,"{""239"":1,""240"":1,""21"":5,""200"":0,""69"":1,""237"":2,""113"":100,""303"":1,""383"":3,""1149"":1,""181"":12,""182"":9,""66"":14933,""24"":56,""206"":48740,""67"":4128,""68"":0,""13"":1062,""17"":205,""18"":-9,""19"":96,""15"":1000,""241"":26806,""199"":11021,""16"":115955,""12"":11047,""449"":0,""636"":893226,""1148"":54,""11"":8935106000,""14"":1160700155,""387"":""2b3430313737392e363136372d303038343438352e353833332b3030302e3136392f""}"
2026-07-01T07:20:00Z,862272088542776,Codec8E,2026-06-28 17:17:07.000 UTC,1782667027000,0,40.1784883,-8.4481983,166,26,13,46,0,"{""239"":1,""240"":1,""21"":5,""200"":0,""69"":1,""237"":2,""113"":100,""303"":1,""383"":3,""1149"":1,""181"":11,""182"":8,""66"":14934,""24"":46,""206"":48740,""67"":4128,""68"":0,""13"":1062,""17"":76,""18"":-49,""19"":29,""15"":1000,""241"":26806,""199"":11087,""16"":116021,""12"":11047,""449"":0,""636"":893225,""1148"":54,""11"":8935106000,""14"":1160700155,""387"":""2b3430313738342e383833332d303038343438312e393833332b3030302e3136362f""}"
2026-07-01T07:20:00Z,862272088542776,Codec8E,2026-06-28 17:17:12.000 UTC,1782667032000,0,40.1789266,-8.4478933,163,40,11,41,0,"{""239"":1,""240"":1,""21"":5,""200"":0,""69"":1,""237"":2,""113"":100,""303"":1,""383"":3,""1149"":1,""181"":13,""182"":10,""66"":14868,""24"":41,""206"":48740,""67"":4128,""68"":0,""13"":1062,""17"":-130,""18"":-131,""19"":-55,""15"":1000,""241"":26806,""199"":11143,""16"":116077,""12"":11047,""449"":0,""636"":893225,""1148"":54,""11"":8935106000,""14"":1160700155,""387"":""2b3430313738392e323636372d303038343437382e393333332b3030302e3136332f""}"
2026-07-01T07:20:00Z,862272088542776,Codec8E,2026-06-28 17:17:17.000 UTC,1782667037000,0,40.1792383,-8.4474966,162,29,12,41,0,"{""239"":1,""240"":1,""21"":5,""200"":0,""69"":1,""237"":2,""113"":100,""303"":1,""383"":3,""1149"":1,""181"":11,""182"":8,""66"":14867,""24"":41,""206"":48740,""67"":4128,""68"":0,""13"":1062,""17"":28,""18"":-24,""19"":52,""15"":1000,""241"":26806,""199"":11192,""16"":116126,""12"":11047,""449"":0,""636"":893225,""1148"":54,""11"":8935106000,""14"":1160700155,""387"":""2b3430313739322e333833332d303038343437342e393636372b3030302e3136322f""}"
2026-07-01T07:20:00Z,862272088542776,Codec8E,2026-06-28 17:17:21.000 UTC,1782667041000,0,40.1796483,-8.4471583,157,40,13,45,0,"{""239"":1,""240"":1,""21"":5,""200"":0,""69"":1,""237"":2,""113"":100,""303"":1,""383"":3,""1149"":1,""181"":11,""182"":8,""66"":14903,""24"":45,""206"":48740,""67"":4128,""68"":0,""13"":1062,""17"":-95,""18"":180,""19"":12,""15"":1000,""241"":26806,""199"":11246,""16"":116180,""12"":11047,""449"":0,""636"":893225,""1148"":54,""11"":8935106000,""14"":1160700155,""387"":""2b3430313739362e343833332d303038343437312e353833332b3030302e3135372f""}"
2026-07-01T07:20:00Z,862272088542776,Codec8E,2026-06-28 17:17:23.000 UTC,1782667043000,0,40.1798200,-8.4469316,160,56,13,48,0,"{""239"":1,""240"":1,""21"":5,""200"":0,""69"":1,""237"":2,""113"":100,""303"":1,""383"":3,""1149"":1,""181"":11,""182"":8,""66"":14917,""24"":48,""206"":48740,""67"":4128,""68"":0,""13"":1062,""17"":-87,""18"":-67,""19"":10,""15"":1000,""241"":26806,""199"":11273,""16"":116207,""12"":11047,""449"":0,""636"":893225,""1148"":57,""11"":8935106000,""14"":1160700155,""387"":""2b3430313739382e323030302d303038343436392e333136372b3030302e3136302f""}"
2026-07-01T07:20:00Z,862272088542776,Codec8E,2026-06-28 17:17:28.000 UTC,1782667048000,0,40.1801466,-8.4460283,154,61,13,59,0,"{""239"":1,""240"":1,""21"":5,""200"":0,""69"":1,""237"":2,""113"":100,""303"":1,""383"":3,""1149"":1,""181"":11,""182"":8,""66"":14936,""24"":59,""206"":48740,""67"":4128,""68"":0,""13"":1062,""17"":-18,""18"":-52,""19"":16,""15"":1000,""241"":26806,""199"":11358,""16"":116292,""12"":11047,""449"":0,""636"":893225,""1148"":57,""11"":8935106000,""14"":1160700155,""387"":""2b3430313830312e343636372d303038343436302e323833332b3030302e3135342f""}"
2026-07-01T07:20:01Z,862272088542776,Codec8E,2026-06-28 17:17:34.000 UTC,1782667054000,0,40.1806383,-8.4449283,148,63,12,63,0,"{""239"":1,""240"":1,""21"":5,""200"":0,""69"":1,""237"":2,""113"":100,""303"":1,""383"":3,""1149"":1,""181"":11,""182"":8,""66"":14877,""24"":63,""206"":48740,""67"":4128,""68"":0,""13"":1062,""17"":10,""18"":-27,""19"":31,""15"":1000,""241"":26806,""199"":11466,""16"":116400,""12"":11047,""449"":0,""636"":893225,""1148"":57,""11"":8935106000,""14"":1160700155,""387"":""2b3430313830362e333833332d303038343434392e323833332b3030302e3134382f""}"
2026-07-01T07:20:01Z,862272088542776,Codec8E,2026-06-28 17:17:40.000 UTC,1782667060000,0,40.1810216,-8.4437483,141,60,12,63,0,"{""239"":1,""240"":1,""21"":5,""200"":0,""69"":1,""237"":2,""113"":100,""303"":1,""383"":3,""1149"":1,""181"":11,""182"":8,""66"":14923,""24"":63,""206"":48740,""67"":4128,""68"":0,""13"":1062,""17"":8,""18"":-42,""19"":83,""15"":1000,""241"":26806,""199"":11575,""16"":116509,""12"":11047,""449"":0,""636"":893225,""1148"":57,""11"":8935106000,""14"":1160700155,""387"":""2b3430313831302e323136372d303038343433372e343833332b3030302e3134312f""}"
2026-07-01T07:20:01Z,862272088542776,Codec8E,2026-06-28 17:17:46.000 UTC,1782667066000,0,40.1814750,-8.4426516,142,61,10,62,0,"{""239"":1,""240"":1,""21"":5,""200"":0,""69"":1,""237"":2,""113"":100,""303"":1,""383"":3,""1149"":1,""181"":13,""182"":11,""66"":14908,""24"":62,""206"":48740,""67"":4128,""68"":0,""13"":1062,""17"":-41,""18"":-46,""19"":29,""15"":1000,""241"":26806,""199"":11681,""16"":116615,""12"":11047,""449"":0,""636"":893225,""1148"":57,""11"":8935106000,""14"":1160700155,""387"":""2b3430313831342e373530302d303038343432362e353136372b3030302e3134322f""}"
2026-07-01T07:20:01Z,862272088542776,Codec8E,2026-06-28 17:17:52.000 UTC,1782667072000,0,40.1819766,-8.4414766,144,62,12,66,0,"{""239"":1,""240"":1,""21"":5,""200"":0,""69"":1,""237"":2,""113"":100,""303"":1,""383"":3,""1149"":1,""181"":15,""182"":8,""66"":14884,""24"":66,""206"":48740,""67"":4128,""68"":0,""13"":1062,""17"":-1,""18"":-59,""19"":15,""15"":1000,""241"":26806,""199"":11795,""16"":116729,""12"":11047,""449"":0,""636"":893225,""1148"":57,""11"":8935106000,""14"":1160700155,""387"":""2b3430313831392e373636372d303038343431342e373636372b3030302e3134342f""}"
2026-07-01T07:20:01Z,862272088542776,Codec8E,2026-06-28 17:17:58.000 UTC,1782667078000,0,40.1824483,-8.4402733,139,60,12,67,0,"{""239"":1,""240"":1,""21"":4,""200"":0,""69"":1,""237"":2,""113"":100,""303"":1,""383"":3,""1149"":1,""181"":11,""182"":8,""66"":14936,""24"":67,""206"":48740,""67"":4128,""68"":0,""13"":1062,""17"":-12,""18"":-54,""19"":55,""15"":1000,""241"":26806,""199"":11910,""16"":116844,""12"":11047,""449"":0,""636"":893225,""1148"":77,""11"":8935106000,""14"":1160700155,""387"":""2b3430313832342e343833332d303038343430322e373333332b3030302e3133392f""}"
2026-07-01T07:20:02Z,862272088542776,Codec8E,2026-06-28 17:18:04.000 UTC,1782667084000,0,40.1829716,-8.4391533,139,60,12,67,0,"{""239"":1,""240"":1,""21"":4,""200"":0,""69"":1,""237"":2,""113"":100,""303"":1,""383"":3,""1149"":1,""181"":11,""182"":8,""66"":14891,""24"":67,""206"":48740,""67"":4128,""68"":0,""13"":1062,""17"":-15,""18"":-54,""19"":62,""15"":1000,""241"":26806,""199"":12022,""16"":116956,""12"":11047,""449"":0,""636"":1807657,""1148"":77,""11"":8935106000,""14"":1160700155,""387"":""2b3430313832392e373136372d303038343339312e353333332b3030302e3133392f""}"
2026-07-01T07:20:02Z,862272088542776,Codec8E,2026-06-28 17:18:10.000 UTC,1782667090000,0,40.1834366,-8.4380366,141,62,13,65,0,"{""239"":1,""240"":1,""21"":4,""200"":0,""69"":1,""237"":2,""113"":100,""303"":1,""383"":3,""1149"":1,""181"":11,""182"":8,""66"":14943,""24"":65,""206"":48740,""67"":4128,""68"":0,""13"":1062,""17"":10,""18"":19,""19"":47,""15"":1000,""241"":26806,""199"":12130,""16"":117064,""12"":11047,""449"":0,""636"":1807657,""1148"":77,""11"":8935106000,""14"":1160700155,""387"":""2b3430313833342e333636372d303038343338302e333636372b3030302e3134312f""}"
2026-07-01T07:20:02Z,862272088542776,Codec8E,2026-06-28 17:18:13.000 UTC,1782667093000,0,40.1836233,-8.4374749,133,72,13,65,0,"{""239"":1,""240"":1,""21"":4,""200"":0,""69"":1,""237"":2,""113"":100,""303"":1,""383"":3,""1149"":1,""181"":11,""182"":8,""66"":14885,""24"":65,""206"":48740,""67"":4128,""68"":0,""13"":1062,""17"":-6,""18"":34,""19"":42,""15"":1000,""241"":26806,""199"":12182,""16"":117116,""12"":11047,""449"":0,""636"":1807657,""1148"":77,""11"":8935106000,""14"":1160700155,""387"":""2b3430313833362e323333332d303038343337342e373530302b3030302e3133332f""}"
2026-07-01T07:20:02Z,862272088542776,Codec8E,2026-06-28 17:18:15.000 UTC,1782667095000,0,40.1836966,-8.4370599,131,82,13,64,0,"{""239"":1,""240"":1,""21"":4,""200"":0,""69"":1,""237"":2,""113"":100,""303"":1,""383"":3,""1149"":1,""181"":11,""182"":8,""66"":14912,""24"":64,""206"":48740,""67"":4128,""68"":0,""13"":1062,""17"":-14,""18"":23,""19"":54,""15"":1000,""241"":26806,""199"":12218,""16"":117152,""12"":11047,""449"":0,""636"":1807657,""1148"":77,""11"":8935106000,""14"":1160700155,""387"":""2b3430313833362e393636372d303038343337302e363030302b3030302e3133312f""}"
2026-07-01T07:20:02Z,862272088542776,Codec8E,2026-06-28 17:18:21.000 UTC,1782667101000,0,40.1837416,-8.4357183,123,89,13,66,0,"{""239"":1,""240"":1,""21"":4,""200"":0,""69"":1,""237"":2,""113"":100,""303"":1,""383"":3,""1149"":1,""181"":15,""182"":8,""66"":14898,""24"":66,""206"":48740,""67"":4128,""68"":0,""13"":1062,""17"":16,""18"":58,""19"":-6,""15"":1000,""241"":26806,""199"":12333,""16"":117267,""12"":11047,""449"":0,""636"":1807657,""1148"":77,""11"":8935106000,""14"":1160700155,""387"":""2b3430313833372e343136372d303038343335372e313833332b3030302e3132332f""}"
2026-07-01T07:20:03Z,862272088542776,Codec8E,2026-06-28 17:18:27.000 UTC,1782667107000,0,40.1837783,-8.4344149,116,87,12,66,0,"{""239"":1,""240"":1,""21"":4,""200"":0,""69"":1,""237"":2,""113"":100,""303"":1,""383"":3,""1149"":1,""181"":11,""182"":8,""66"":14878,""24"":66,""206"":48740,""67"":4128,""68"":0,""13"":1062,""17"":17,""18"":-64,""19"":30,""15"":1000,""241"":26806,""199"":12443,""16"":117377,""12"":11047,""449"":0,""636"":1807657,""1148"":74,""11"":8935106000,""14"":1160700155,""387"":""2b3430313833372e373833332d303038343334342e313530302b3030302e3131362f""}"
2026-07-01T07:20:03Z,862272088542776,Codec8E,2026-06-28 17:18:30.000 UTC,1782667110000,0,40.1838366,-8.4337750,110,77,13,67,0,"{""239"":1,""240"":1,""21"":4,""200"":0,""69"":1,""237"":2,""113"":100,""303"":1,""383"":3,""1149"":1,""181"":15,""182"":9,""66"":14881,""24"":67,""206"":48740,""67"":4128,""68"":0,""13"":1062,""17"":27,""18"":-90,""19"":36,""15"":1000,""241"":26806,""199"":12499,""16"":117433,""12"":11047,""449"":0,""636"":1807657,""1148"":74,""11"":8935106000,""14"":1160700155,""387"":""2b3430313833382e333636372d303038343333372e373530302b3030302e3131302f""}"
2026-07-01T07:20:03Z,862272088542776,Codec8E,2026-06-28 17:18:36.000 UTC,1782667116000,0,40.1841233,-8.4325866,104,65,11,63,0,"{""239"":1,""240"":1,""21"":4,""200"":0,""69"":1,""237"":2,""113"":100,""303"":1,""383"":3,""1149"":1,""181"":12,""182"":9,""66"":14860,""24"":63,""206"":48740,""67"":4128,""68"":0,""13"":1062,""17"":11,""18"":-86,""19"":0,""15"":1000,""241"":26806,""199"":12604,""16"":117538,""12"":11047,""449"":0,""636"":1807657,""1148"":74,""11"":8935106000,""14"":1160700155,""387"":""2b3430313834312e323333332d303038343332352e383636372b3030302e3130342f""}"
2026-07-01T07:20:03Z,862272088542776,Codec8E,2026-06-28 17:18:39.000 UTC,1782667119000,0,40.1843616,-8.4320883,102,55,10,60,0,"{""239"":1,""240"":1,""21"":4,""200"":0,""69"":1,""237"":2,""113"":100,""303"":1,""383"":3,""1149"":1,""181"":19,""182"":17,""66"":14932,""24"":60,""206"":48740,""67"":4128,""68"":0,""13"":1062,""17"":11,""18"":-36,""19"":45,""15"":1000,""241"":26806,""199"":12654,""16"":117588,""12"":11047,""449"":0,""636"":1807657,""1148"":74,""11"":8935106000,""14"":1160700155,""387"":""2b3430313834332e363136372d303038343332302e383833332b3030302e3130322f""}"
2026-07-01T07:20:03Z,862272088542776,Codec8E,2026-06-28 17:18:42.000 UTC,1782667122000,0,40.1847416,-8.4316166,99,44,10,63,0,"{""239"":1,""240"":1,""21"":4,""200"":0,""69"":1,""237"":2,""113"":100,""303"":1,""383"":3,""1149"":1,""181"":17,""182"":9,""66"":14906,""24"":63,""206"":48740,""67"":4128,""68"":0,""13"":1062,""17"":56,""18"":-16,""19"":43,""15"":1000,""241"":26806,""199"":12713,""16"":117647,""12"":11047,""449"":0,""636"":1807657,""1148"":74,""11"":8935106000,""14"":1160700155,""387"":""2b3430313834372e343136372d303038343331362e313636372b3030302e3039392f""}"
2026-07-01T07:20:04Z,862272088542776,Codec8E,2026-06-28 17:18:48.000 UTC,1782667128000,0,40.1854983,-8.4307716,93,42,11,62,0,"{""239"":1,""240"":1,""21"":4,""200"":0,""69"":1,""237"":2,""113"":100,""303"":1,""383"":3,""1149"":1,""181"":12,""182"":9,""66"":14910,""24"":62,""206"":48740,""67"":4128,""68"":0,""13"":1062,""17"":43,""18"":-11,""19"":38,""15"":1000,""241"":26806,""199"":12823,""16"":117757,""12"":11047,""449"":0,""636"":1807657,""1148"":74,""11"":8935106000,""14"":1160700155,""387"":""2b3430313835342e393833332d303038343330372e373136372b3030302e3039332f""}"
2026-07-01T07:20:04Z,862272088542776,Codec8E,2026-06-28 17:18:54.000 UTC,1782667134000,0,40.1862050,-8.4300250,92,42,12,57,0,"{""239"":1,""240"":1,""21"":4,""200"":0,""69"":1,""237"":2,""113"":100,""303"":1,""383"":3,""1149"":1,""181"":12,""182"":9,""66"":14909,""24"":57,""206"":48740,""67"":4128,""68"":0,""13"":1062,""17"":41,""18"":-21,""19"":31,""15"":1000,""241"":26806,""199"":12924,""16"":117858,""12"":11047,""449"":0,""636"":1807657,""1148"":74,""11"":8935106000,""14"":1160700155,""387"":""2b3430313836322e303530302d303038343330302e323530302b3030302e3039322f""}"
2026-07-01T07:20:04Z,862272088542776,Codec8E,2026-06-28 17:18:58.000 UTC,1782667138000,0,40.1866133,-8.4296016,90,31,13,53,0,"{""239"":1,""240"":1,""21"":4,""200"":0,""69"":1,""237"":2,""113"":100,""303"":1,""383"":3,""1149"":1,""181"":11,""182"":8,""66"":14947,""24"":53,""206"":48740,""67"":4128,""68"":0,""13"":1062,""17"":40,""18"":-24,""19"":32,""15"":1000,""241"":26806,""199"":12983,""16"":117917,""12"":11047,""449"":0,""636"":1807657,""1148"":74,""11"":8935106000,""14"":1160700155,""387"":""2b3430313836362e313333332d303038343239362e303136372b3030302e3039302f""}"
2026-07-01T07:20:04Z,862272088542776,Codec8E,2026-06-28 17:19:01.000 UTC,1782667141000,0,40.1870550,-8.4293483,85,26,12,49,303,"{""239"":1,""240"":1,""21"":4,""200"":0,""69"":1,""237"":2,""113"":100,""303"":0,""383"":3,""1149"":1,""181"":11,""182"":8,""66"":14896,""24"":50,""206"":48740,""67"":4128,""68"":0,""13"":1062,""17"":7,""18"":8,""19"":18,""15"":1000,""241"":26806,""199"":13023,""16"":117957,""12"":11047,""449"":0,""636"":1807657,""1148"":74,""11"":8935106000,""14"":1160700155,""387"":""2b3430313836392e343530302d303038343239342e313136372b3030302e3038362f""}"
2026-07-01T07:20:04Z,862272088542776,Codec8E,2026-06-28 17:19:03.000 UTC,1782667143000,0,40.1872933,-8.4292600,80,18,13,49,303,"{""239"":1,""240"":1,""21"":4,""200"":0,""69"":1,""237"":2,""113"":100,""303"":1,""383"":3,""1149"":1,""181"":11,""182"":8,""66"":14878,""24"":49,""206"":48740,""67"":4128,""68"":0,""13"":1062,""17"":18,""18"":-9,""19"":60,""15"":1000,""241"":26806,""199"":13064,""16"":117998,""12"":11047,""449"":0,""636"":1807657,""1148"":74,""11"":8935106000,""14"":1160700155,""387"":""2b3430313837322e393333332d303038343239322e363030302b3030302e3038302f""}"
2026-07-01T07:20:04Z,862272088542776,Codec8E,2026-06-28 17:19:07.000 UTC,1782667147000,0,40.1876633,-8.4291650,78,8,10,49,0,"{""239"":1,""240"":1,""21"":4,""200"":0,""69"":1,""237"":2,""113"":100,""303"":1,""383"":3,""1149"":1,""181"":12,""182"":10,""66"":14943,""24"":49,""206"":48740,""67"":4128,""68"":0,""13"":1062,""17"":17,""18"":-20,""19"":-6,""15"":1000,""241"":26806,""199"":13106,""16"":118040,""12"":11047,""449"":0,""636"":1634602,""1148"":74,""11"":8935106000,""14"":1160700155,""387"":""2b3430313837362e363333332d303038343239312e363530302b3030302e3037382f""}"
2026-07-01T07:20:04Z,862272088542776,Codec8E,2026-06-28 17:19:12.000 UTC,1782667152000,0,40.1883533,-8.4291566,76,358,11,52,0,"{""239"":1,""240"":1,""21"":4,""200"":0,""69"":1,""237"":2,""113"":100,""303"":1,""383"":3,""1149"":1,""181"":17,""182"":9,""66"":14895,""24"":52,""206"":48740,""67"":4128,""68"":0,""13"":1062,""17"":-16,""18"":33,""19"":46,""15"":1000,""241"":26806,""199"":13183,""16"":118117,""12"":11047,""449"":0,""636"":1634602,""1148"":74,""11"":8935106000,""14"":1160700155,""387"":""2b3430313838332e353333332d303038343239312e353636372b3030302e3037362f""}"
2026-07-01T07:20:04Z,862272088542776,Codec8E,2026-06-28 17:19:16.000 UTC,1782667156000,0,40.1888983,-8.4292666,73,348,12,54,0,"{""239"":1,""240"":1,""21"":4,""200"":0,""69"":1,""237"":2,""113"":100,""303"":1,""383"":3,""1149"":1,""181"":12,""182"":9,""66"":14870,""24"":54,""206"":48740,""67"":4128,""68"":0,""13"":1062,""17"":0,""18"":-24,""19"":67,""15"":1000,""241"":26806,""199"":13244,""16"":118178,""12"":11047,""449"":0,""636"":1566762,""1148"":74,""11"":8935106000,""14"":1160700155,""387"":""2b3430313838382e393833332d303038343239322e363636372b3030302e3037332f""}"
2026-07-01T07:20:04Z,862272088542776,Codec8E,2026-06-28 17:19:20.000 UTC,1782667160000,0,40.1894333,-8.4294833,73,336,11,54,0,"{""239"":1,""240"":1,""21"":4,""200"":0,""69"":1,""237"":2,""113"":100,""303"":1,""383"":3,""1149"":1,""181"":12,""182"":9,""66"":14868,""24"":54,""206"":48740,""67"":4128,""68"":0,""13"":1062,""17"":11,""18"":-87,""19"":119,""15"":1000,""241"":26806,""199"":13307,""16"":118241,""12"":11047,""449"":0,""636"":1604364,""1148"":74,""11"":8935106000,""14"":1160700155,""387"":""2b3430313839342e333333332d303038343239342e383333332b3030302e3037332f""}"
2026-07-01T07:20:04Z,862272088542776,Codec8E,2026-06-28 17:19:25.000 UTC,1782667165000,0,40.1900500,-8.4299683,72,326,12,56,0,"{""239"":1,""240"":1,""21"":5,""200"":0,""69"":1,""237"":2,""113"":100,""303"":1,""383"":3,""1149"":20,""181"":11,""182"":8,""66"":14862,""24"":56,""206"":48740,""67"":4128,""68"":0,""13"":1062,""17"":107,""18"":-16,""19"":29,""15"":1000,""241"":26806,""199"":13387,""16"":118321,""12"":11047,""449"":0,""636"":339213,""1148"":66,""11"":8935106000,""14"":1160700155,""387"":""2b3430313930302e353030302d303038343239392e363833332b3030302e3037322f""}"
2026-07-01T07:20:06Z,862272088542776,Codec8E,2026-06-28 17:19:32.000 UTC,1782667172000,0,40.1908050,-8.4305983,69,336,12,49,0,"{""239"":1,""240"":1,""21"":5,""200"":0,""69"":1,""237"":2,""113"":100,""303"":1,""383"":3,""1149"":20,""181"":12,""182"":9,""66"":14915,""24"":49,""206"":48740,""67"":4128,""68"":0,""13"":1062,""17"":32,""18"":257,""19"":104,""15"":1000,""241"":26806,""199"":13486,""16"":118420,""12"":11047,""449"":0,""636"":339213,""1148"":66,""11"":8935106000,""14"":1160700155,""387"":""2b3430313930382e303530302d303038343330352e393833332b3030302e3036392f""}"
2026-07-01T07:20:06Z,862272088542776,Codec8E,2026-06-28 17:19:34.000 UTC,1782667174000,0,40.1910000,-8.4306433,67,348,12,45,0,"{""239"":1,""240"":1,""21"":5,""200"":0,""69"":1,""237"":2,""113"":100,""303"":1,""383"":3,""1149"":20,""181"":12,""182"":9,""66"":14925,""24"":45,""206"":48740,""67"":4128,""68"":0,""13"":1062,""17"":10,""18"":248,""19"":67,""15"":1000,""241"":26806,""199"":13508,""16"":118442,""12"":11047,""449"":0,""636"":1566762,""1148"":66,""11"":8935106000,""14"":1160700155,""387"":""2b3430313931302e303030302d303038343330362e343333332b3030302e3036372f""}"
2026-07-01T07:20:06Z,862272088542776,Codec8E,2026-06-28 17:19:35.000 UTC,1782667175000,0,40.1911033,-8.4306166,66,358,12,44,0,"{""239"":1,""240"":1,""21"":5,""200"":0,""69"":1,""237"":2,""113"":100,""303"":1,""383"":3,""1149"":20,""181"":12,""182"":9,""66"":14860,""24"":44,""206"":48740,""67"":4128,""68"":0,""13"":1062,""17"":-21,""18"":298,""19"":171,""15"":1000,""241"":26806,""199"":13520,""16"":118454,""12"":11047,""449"":0,""636"":339243,""1148"":66,""11"":8935106000,""14"":1160700155,""387"":""2b3430313931312e303333332d303038343330362e313636372b3030302e3036362f""}"
2026-07-01T07:20:06Z,862272088542776,Codec8E,2026-06-28 17:19:36.000 UTC,1782667176000,0,40.1912049,-8.4305566,66,8,11,43,0,"{""239"":1,""240"":1,""21"":5,""200"":0,""69"":1,""237"":2,""113"":100,""303"":1,""383"":3,""1149"":20,""181"":12,""182"":9,""66"":14925,""24"":43,""206"":48740,""67"":4128,""68"":0,""13"":1062,""17"":-47,""18"":345,""19"":226,""15"":1000,""241"":26806,""199"":13533,""16"":118467,""12"":11047,""449"":0,""636"":1566762,""1148"":66,""11"":8935106000,""14"":1160700155,""387"":""2b3430313931322e303530302d303038343330352e353636372b3030302e3036362f""}"
2026-07-01T07:20:06Z,862272088542776,Codec8E,2026-06-28 17:19:37.000 UTC,1782667177000,0,40.1912533,-8.4304050,65,28,12,42,0,"{""239"":1,""240"":1,""21"":5,""200"":0,""69"":1,""237"":2,""113"":100,""303"":1,""383"":3,""1149"":20,""181"":12,""182"":9,""66"":14888,""24"":42,""206"":48740,""67"":4128,""68"":0,""13"":1062,""17"":-20,""18"":75,""19"":148,""15"":1000,""241"":26806,""199"":13546,""16"":118480,""12"":11047,""449"":0,""636"":1566762,""1148"":66,""11"":8935106000,""14"":1160700155,""387"":""2b3430313931322e353333332d303038343330342e303530302b3030302e3036352f""}"
2026-07-01T07:20:06Z,862272088542776,Codec8E,2026-06-28 17:19:38.000 UTC,1782667178000,0,40.1912900,-8.4302333,64,45,12,41,0,"{""239"":1,""240"":1,""21"":5,""200"":0,""69"":1,""237"":2,""113"":100,""303"":1,""383"":3,""1149"":20,""181"":12,""182"":9,""66"":14920,""24"":41,""206"":48740,""67"":4128,""68"":0,""13"":1062,""17"":9,""18"":-56,""19"":36,""15"":1000,""241"":26806,""199"":13562,""16"":118496,""12"":11047,""449"":0,""636"":1566762,""1148"":66,""11"":8935106000,""14"":1160700155,""387"":""2b3430313931322e393030302d303038343330322e333333332b3030302e3036342f""}"
2026-07-01T07:20:06Z,862272088542776,Codec8E,2026-06-28 17:19:39.000 UTC,1782667179000,0,40.1913033,-8.4300333,63,61,11,41,0,"{""239"":1,""240"":1,""21"":5,""200"":0,""69"":1,""237"":2,""113"":100,""303"":1,""383"":3,""1149"":20,""181"":12,""182"":9,""66"":14881,""24"":41,""206"":48740,""67"":4128,""68"":0,""13"":1062,""17"":-46,""18"":-8,""19"":67,""15"":1000,""241"":26806,""199"":13579,""16"":118513,""12"":11047,""449"":0,""636"":1566762,""1148"":66,""11"":8935106000,""14"":1160700155,""387"":""2b3430313931332e303333332d303038343330302e333333332b3030302e3036332f""}"
2026-07-01T07:20:06Z,862272088542776,Codec8E,2026-06-28 17:19:44.000 UTC,1782667184000,0,40.1915949,-8.4291650,59,57,12,51,0,"{""239"":1,""240"":1,""21"":5,""200"":0,""69"":1,""237"":2,""113"":100,""303"":1,""383"":3,""1149"":20,""181"":12,""182"":9,""66"":14919,""24"":51,""206"":48740,""67"":4128,""68"":0,""13"":1062,""17"":27,""18"":-33,""19"":44,""15"":1000,""241"":26806,""199"":13660,""16"":118594,""12"":11047,""449"":0,""636"":1566762,""1148"":66,""11"":8935106000,""14"":1160700155,""387"":""2b3430313931352e393530302d303038343239312e363530302b3030302e3035392f""}"
2026-07-01T07:20:06Z,862272088542776,Codec8E,2026-06-28 17:19:51.000 UTC,1782667191000,0,40.1921350,-8.4280100,50,64,13,57,0,"{""239"":1,""240"":1,""21"":5,""200"":0,""69"":1,""237"":2,""113"":100,""303"":1,""383"":3,""1149"":20,""181"":11,""182"":8,""66"":14923,""24"":57,""206"":48740,""67"":4128,""68"":0,""13"":1062,""17"":24,""18"":35,""19"":29,""15"":1000,""241"":26806,""199"":13775,""16"":118709,""12"":11047,""449"":0,""636"":339243,""1148"":66,""11"":8935106000,""14"":1160700155,""387"":""2b3430313932312e333530302d303038343238302e313030302b3030302e3035302f""}"
2026-07-01T07:20:06Z,862272088542776,Codec8E,2026-06-28 17:19:56.000 UTC,1782667196000,0,40.1924700,-8.4271133,39,76,12,60,0,"{""239"":1,""240"":1,""21"":5,""200"":0,""69"":1,""237"":2,""113"":100,""303"":1,""383"":3,""1149"":1,""181"":11,""182"":8,""66"":14879,""24"":60,""206"":48740,""67"":4128,""68"":0,""13"":1062,""17"":-14,""18"":12,""19"":33,""15"":1000,""241"":26806,""199"":13859,""16"":118793,""12"":11047,""449"":0,""636"":339243,""1148"":70,""11"":8935106000,""14"":1160700155,""387"":""2b3430313932342e373030302d303038343237312e313333332b3030302e3033392f""}"
2026-07-01T07:20:06Z,862272088542776,Codec8E,2026-06-28 17:19:59.000 UTC,1782667199000,0,40.1925583,-8.4265050,37,87,12,61,0,"{""239"":1,""240"":1,""21"":5,""200"":0,""69"":1,""237"":2,""113"":100,""303"":1,""383"":3,""1149"":1,""181"":11,""182"":8,""66"":14924,""24"":61,""206"":48740,""67"":4128,""68"":0,""13"":1062,""17"":-17,""18"":-6,""19"":65,""15"":1000,""241"":26806,""199"":13912,""16"":118846,""12"":11047,""449"":0,""636"":339243,""1148"":70,""11"":8935106000,""14"":1160700155,""387"":""2b3430313932352e353833332d303038343236352e303530302b3030302e3033372f""}"
2026-07-01T07:20:06Z,862272088542776,Codec8E,2026-06-28 17:20:05.000 UTC,1782667205000,0,40.1926333,-8.4252633,38,88,11,60,0,"{""239"":1,""240"":1,""21"":5,""200"":0,""69"":1,""237"":2,""113"":100,""303"":1,""383"":3,""1149"":1,""181"":11,""182"":8,""66"":14949,""24"":60,""206"":48740,""67"":4128,""68"":0,""13"":1062,""17"":-16,""18"":-77,""19"":-37,""15"":1000,""241"":26806,""199"":14018,""16"":118952,""12"":11047,""449"":0,""636"":339243,""1148"":70,""11"":8935106000,""14"":1160700155,""387"":""2b3430313932362e333333332d303038343235322e363333332b3030302e3033382f""}"
2026-07-01T07:20:06Z,862272088542776,Codec8E,2026-06-28 17:20:11.000 UTC,1782667211000,0,40.1927000,-8.4240833,42,85,10,60,0,"{""239"":1,""240"":1,""21"":5,""200"":0,""69"":1,""237"":2,""113"":100,""303"":1,""383"":3,""1149"":1,""181"":12,""182"":9,""66"":14917,""24"":60,""206"":48740,""67"":4128,""68"":0,""13"":1062,""17"":-3,""18"":-33,""19"":41,""15"":1000,""241"":26806,""199"":14118,""16"":119052,""12"":11047,""449"":0,""636"":339243,""1148"":70,""11"":8935106000,""14"":1160700155,""387"":""2b3430313932372e303030302d303038343234302e383333332b3030302e3034322f""}"
2026-07-01T07:20:06Z,862272088542776,Codec8E,2026-06-28 17:20:18.000 UTC,1782667218000,0,40.1927049,-8.4227333,46,85,10,58,0,"{""239"":1,""240"":1,""21"":5,""200"":0,""69"":1,""237"":2,""113"":100,""303"":1,""383"":3,""1149"":1,""181"":12,""182"":9,""66"":14919,""24"":58,""206"":48740,""67"":4128,""68"":0,""13"":1062,""17"":18,""18"":-44,""19"":53,""15"":1000,""241"":26806,""199"":14233,""16"":119167,""12"":11047,""449"":0,""636"":339243,""1148"":70,""11"":8935106000,""14"":1160700155,""387"":""2b3430313932372e303530302d303038343232372e333333332b3030302e3034362f""}"
2026-07-01T07:20:06Z,862272088542776,Codec8E,2026-06-28 17:20:24.000 UTC,1782667224000,0,40.1927016,-8.4215966,49,96,10,56,0,"{""239"":1,""240"":1,""21"":5,""200"":0,""69"":1,""237"":2,""113"":100,""303"":1,""383"":3,""1149"":3,""181"":18,""182"":10,""66"":14939,""24"":56,""206"":48740,""67"":4128,""68"":0,""13"":1062,""17"":1,""18"":187,""19"":-47,""15"":1000,""241"":26806,""199"":14330,""16"":119264,""12"":11047,""449"":0,""636"":339223,""1148"":68,""11"":8935106000,""14"":1160700155,""387"":""2b3430313932372e303136372d303038343231352e393636372b3030302e3034392f""}"
2026-07-01T07:20:07Z,862272088542776,Codec8E,2026-06-28 17:20:26.000 UTC,1782667226000,0,40.1926266,-8.4212850,50,110,12,53,0,"{""239"":1,""240"":1,""21"":5,""200"":0,""69"":1,""237"":2,""113"":100,""303"":1,""383"":3,""1149"":3,""181"":16,""182"":8,""66"":14914,""24"":53,""206"":48740,""67"":4128,""68"":0,""13"":1062,""17"":34,""18"":201,""19"":108,""15"":1000,""241"":26806,""199"":14357,""16"":119291,""12"":11047,""449"":0,""636"":339223,""1148"":68,""11"":8935106000,""14"":1160700155,""387"":""2b3430313932362e323636372d303038343231322e383530302b3030302e3035302f""}"
2026-07-01T07:20:07Z,862272088542776,Codec8E,2026-06-28 17:20:28.000 UTC,1782667228000,0,40.1924449,-8.4210216,51,124,12,53,0,"{""239"":1,""240"":1,""21"":5,""200"":0,""69"":1,""237"":2,""113"":100,""303"":1,""383"":3,""1149"":3,""181"":11,""182"":8,""66"":14864,""24"":53,""206"":48740,""67"":4128,""68"":0,""13"":1062,""17"":18,""18"":211,""19"":106,""15"":1000,""241"":26806,""199"":14388,""16"":119322,""12"":11047,""449"":0,""636"":339223,""1148"":68,""11"":8935106000,""14"":1160700155,""387"":""2b3430313932342e343530302d303038343231302e323136372b3030302e3035312f""}"
2026-07-01T07:20:07Z,862272088542776,Codec8E,2026-06-28 17:20:30.000 UTC,1782667230000,0,40.1922100,-8.4208050,51,140,12,52,0,"{""239"":1,""240"":1,""21"":5,""200"":0,""69"":1,""237"":2,""113"":100,""303"":1,""383"":3,""1149"":3,""181"":11,""182"":8,""66"":14856,""24"":52,""206"":48740,""67"":4128,""68"":0,""13"":1062,""17"":-23,""18"":124,""19"":114,""15"":1000,""241"":26806,""199"":14420,""16"":119354,""12"":11047,""449"":0,""636"":339223,""1148"":68,""11"":8935106000,""14"":1160700155,""387"":""2b3430313932322e313030302d303038343230382e303530302b3030302e3035312f""}"
2026-07-01T07:20:07Z,862272088542776,Codec8E,2026-06-28 17:20:32.000 UTC,1782667232000,0,40.1919416,-8.4206500,51,153,12,50,0,"{""239"":1,""240"":1,""21"":5,""200"":0,""69"":1,""237"":2,""113"":100,""303"":1,""383"":3,""1149"":3,""181"":12,""182"":9,""66"":14931,""24"":50,""206"":48740,""67"":4128,""68"":0,""13"":1062,""17"":-79,""18"":99,""19"":107,""15"":1000,""241"":26806,""199"":14453,""16"":119387,""12"":11047,""449"":0,""636"":339223,""1148"":68,""11"":8935106000,""14"":1160700155,""387"":""2b3430313931392e343136372d303038343230362e353030302b3030302e3035312f""}"
2026-07-01T07:20:07Z,862272088542776,Codec8E,2026-06-28 17:20:33.000 UTC,1782667233000,0,40.1918099,-8.4205933,51,170,12,50,0,"{""239"":1,""240"":1,""21"":5,""200"":0,""69"":1,""237"":2,""113"":100,""303"":1,""383"":3,""1149"":3,""181"":12,""182"":9,""66"":14899,""24"":50,""206"":48740,""67"":4128,""68"":0,""13"":1062,""17"":-68,""18"":87,""19"":94,""15"":1000,""241"":26806,""199"":14468,""16"":119402,""12"":11047,""449"":0,""636"":339223,""1148"":68,""11"":8935106000,""14"":1160700155,""387"":""2b3430313931382e313030302d303038343230352e393333332b3030302e3035312f""}"
2026-07-01T07:20:07Z,862272088542776,Codec8E,2026-06-28 17:20:35.000 UTC,1782667235000,0,40.1915733,-8.4205983,50,182,12,48,0,"{""239"":1,""240"":1,""21"":5,""200"":0,""69"":1,""237"":2,""113"":100,""303"":1,""383"":3,""1149"":3,""181"":11,""182"":8,""66"":14885,""24"":48,""206"":48740,""67"":4128,""68"":0,""13"":1062,""17"":-16,""18"":-3,""19"":22,""15"":1000,""241"":26806,""199"":14494,""16"":119428,""12"":11047,""449"":0,""636"":339223,""1148"":68,""11"":8935106000,""14"":1160700155,""387"":""2b3430313931352e373333332d303038343230352e393833332b3030302e3035302f""}"
2026-07-01T07:20:07Z,862272088542776,Codec8E,2026-06-28 17:20:41.000 UTC,1782667241000,0,40.1909400,-8.4208216,54,190,11,38,0,"{""239"":1,""240"":1,""21"":5,""200"":0,""69"":1,""237"":2,""113"":100,""303"":1,""383"":3,""1149"":3,""181"":12,""182"":8,""66"":14923,""24"":38,""206"":48740,""67"":4128,""68"":0,""13"":1062,""17"":-83,""18"":-71,""19"":17,""15"":1000,""241"":26806,""199"":14568,""16"":119502,""12"":11047,""449"":0,""636"":339223,""1148"":68,""11"":8935106000,""14"":1160700155,""387"":""2b3430313930392e343030302d303038343230382e323136372b3030302e3035342f""}"
2026-07-01T07:20:07Z,862272088542776,Codec8E,2026-06-28 17:20:47.000 UTC,1782667247000,0,40.1905033,-8.4208766,50,177,12,30,0,"{""239"":1,""240"":1,""21"":5,""200"":0,""69"":1,""237"":2,""113"":100,""303"":1,""383"":3,""1149"":3,""181"":15,""182"":8,""66"":14899,""24"":30,""206"":48740,""67"":4128,""68"":0,""13"":1062,""17"":52,""18"":-402,""19"":16,""15"":1000,""241"":26806,""199"":14617,""16"":119551,""12"":11047,""449"":0,""636"":339223,""1148"":68,""11"":8935106000,""14"":1160700155,""387"":""2b3430313930352e303333332d303038343230382e373636372b3030302e3035302f""}"
2026-07-01T07:20:07Z,862272088542776,Codec8E,2026-06-28 17:20:48.000 UTC,1782667248000,0,40.1904399,-8.4208283,49,166,12,30,0,"{""239"":1,""240"":1,""21"":5,""200"":0,""69"":1,""237"":2,""113"":100,""303"":1,""383"":3,""1149"":3,""181"":11,""182"":8,""66"":14917,""24"":30,""206"":48740,""67"":4128,""68"":0,""13"":1062,""17"":46,""18"":-326,""19"":-20,""15"":1000,""241"":26806,""199"":14625,""16"":119559,""12"":11047,""449"":0,""636"":339223,""1148"":68,""11"":8935106000,""14"":1160700155,""387"":""2b3430313930342e343030302d303038343230382e323833332b3030302e3034392f""}"
2026-07-01T07:20:07Z,862272088542776,Codec8E,2026-06-28 17:20:49.000 UTC,1782667249000,0,40.1904800,-8.4207266,48,95,12,27,0,"{""239"":1,""240"":1,""21"":5,""200"":0,""69"":1,""237"":2,""113"":100,""303"":1,""383"":3,""1149"":3,""181"":15,""182"":8,""66"":14905,""24"":27,""206"":48740,""67"":4128,""68"":0,""13"":1062,""17"":0,""18"":-399,""19"":12,""15"":1000,""241"":26806,""199"":14635,""16"":119569,""12"":11047,""449"":0,""636"":339223,""1148"":68,""11"":8935106000,""14"":1160700155,""387"":""2b3430313930342e383030302d303038343230372e323636372b3030302e3034382f""}"
2026-07-01T07:20:08Z,862272088542776,Codec8E,2026-06-28 17:20:50.000 UTC,1782667250000,0,40.1904916,-8.4206599,48,85,11,24,0,"{""239"":1,""240"":1,""21"":5,""200"":0,""69"":1,""237"":2,""113"":100,""303"":1,""383"":3,""1149"":3,""181"":18,""182"":9,""66"":14903,""24"":24,""206"":48740,""67"":4128,""68"":0,""13"":1062,""17"":-118,""18"":-256,""19"":9,""15"":1000,""241"":26806,""199"":14641,""16"":119575,""12"":11047,""449"":0,""636"":339223,""1148"":68,""11"":8935106000,""14"":1160700155,""387"":""2b3430313930342e393136372d303038343230362e363030302b3030302e3034382f""}"
2026-07-01T07:20:08Z,862272088542776,Codec8E,2026-06-28 17:20:52.000 UTC,1782667252000,0,40.1905516,-8.4205666,48,57,11,20,0,"{""239"":1,""240"":1,""21"":5,""200"":0,""69"":1,""237"":2,""113"":100,""303"":1,""383"":3,""1149"":3,""181"":18,""182"":9,""66"":14900,""24"":20,""206"":48740,""67"":4128,""68"":0,""13"":1062,""17"":-126,""18"":-83,""19"":41,""15"":1000,""241"":26806,""199"":14652,""16"":119586,""12"":11047,""449"":0,""636"":339223,""1148"":68,""11"":8935106000,""14"":1160700155,""387"":""2b3430313930352e353136372d303038343230352e363636372b3030302e3034382f""}"
2026-07-01T07:20:08Z,862272088542776,Codec8E,2026-06-28 17:20:54.000 UTC,1782667254000,0,40.1906433,-8.4205133,48,35,11,17,0,"{""239"":1,""240"":1,""21"":5,""200"":0,""69"":1,""237"":2,""113"":100,""303"":1,""383"":3,""1149"":3,""181"":18,""182"":9,""66"":14891,""24"":17,""206"":48740,""67"":4128,""68"":0,""13"":1062,""17"":-36,""18"":-6,""19"":-6,""15"":1000,""241"":26806,""199"":14663,""16"":119597,""12"":11047,""449"":0,""636"":339223,""1148"":68,""11"":8935106000,""14"":1160700155,""387"":""2b3430313930362e343333332d303038343230352e313333332b3030302e3034382f""}"
2026-07-01T07:20:08Z,862272088542776,Codec8E,2026-06-28 17:20:55.000 UTC,1782667255000,0,40.1907133,-8.4205083,49,20,11,17,0,"{""239"":1,""240"":1,""21"":5,""200"":0,""69"":1,""237"":2,""113"":100,""303"":1,""383"":3,""1149"":3,""181"":18,""182"":9,""66"":14941,""24"":17,""206"":48740,""67"":4128,""68"":0,""13"":1062,""17"":-26,""18"":-37,""19"":146,""15"":1000,""241"":26806,""199"":14671,""16"":119605,""12"":11047,""449"":0,""636"":339223,""1148"":68,""11"":8935106000,""14"":1160700155,""387"":""2b3430313930372e313333332d303038343230352e303833332b3030302e3034392f""}"
2026-07-01T07:20:08Z,862272088542776,Codec8E,2026-06-28 17:20:57.000 UTC,1782667257000,0,40.1908666,-8.4205000,48,7,10,19,0,"{""239"":1,""240"":1,""21"":5,""200"":0,""69"":1,""237"":2,""113"":100,""303"":1,""383"":3,""1149"":3,""181"":23,""182"":10,""66"":14948,""24"":19,""206"":48740,""67"":4128,""68"":0,""13"":1062,""17"":-33,""18"":-5,""19"":142,""15"":1000,""241"":26806,""199"":14688,""16"":119622,""12"":11047,""449"":0,""636"":339223,""1148"":68,""11"":8935106000,""14"":1160700155,""387"":""2b3430313930382e363636372d303038343230352e303030302b3030302e3034382f""}"
2026-07-01T07:20:08Z,862272088542776,Codec8E,2026-06-28 17:21:02.000 UTC,1782667262000,0,40.1914366,-8.4203916,49,11,8,31,0,"{""239"":1,""240"":1,""21"":5,""200"":0,""69"":1,""237"":2,""113"":100,""303"":1,""383"":3,""1149"":3,""181"":15,""182"":12,""66"":14933,""24"":31,""206"":48740,""67"":4128,""68"":0,""13"":1062,""17"":10,""18"":-53,""19"":65,""15"":1000,""241"":26806,""199"":14752,""16"":119686,""12"":11047,""449"":0,""636"":339253,""1148"":68,""11"":8935106000,""14"":1160700155,""387"":""2b3430313931342e333636372d303038343230332e393136372b3030302e3034392f""}"
2026-07-01T07:20:08Z,862272088542776,Codec8E,2026-06-28 17:21:09.000 UTC,1782667269000,0,40.1922350,-8.4202700,50,21,11,39,0,"{""239"":1,""240"":1,""21"":5,""200"":0,""69"":1,""237"":2,""113"":100,""303"":1,""383"":3,""1149"":3,""181"":18,""182"":9,""66"":14884,""24"":39,""206"":48740,""67"":4128,""68"":0,""13"":1062,""17"":217,""18"":77,""19"":100,""15"":1000,""241"":26806,""199"":14842,""16"":119776,""12"":11047,""449"":0,""636"":339243,""1148"":68,""11"":8935106000,""14"":1160700155,""387"":""2b3430313932322e333530302d303038343230322e373030302b3030302e3035302f""}"
2026-07-01T07:20:08Z,862272088542776,Codec8E,2026-06-28 17:21:11.000 UTC,1782667271000,0,40.1923883,-8.4201733,49,34,11,36,0,"{""239"":1,""240"":1,""21"":5,""200"":0,""69"":1,""237"":2,""113"":100,""303"":1,""383"":3,""1149"":3,""181"":12,""182"":9,""66"":14886,""24"":36,""206"":48740,""67"":4128,""68"":0,""13"":1062,""17"":48,""18"":24,""19"":-11,""15"":1000,""241"":26806,""199"":14861,""16"":119795,""12"":11047,""449"":0,""636"":339243,""1148"":68,""11"":8935106000,""14"":1160700155,""387"":""2b3430313932332e383833332d303038343230312e373333332b3030302e3034392f""}"
2026-07-01T07:20:08Z,862272088542776,Codec8E,2026-06-28 17:21:15.000 UTC,1782667275000,0,40.1926033,-8.4199916,47,47,12,29,0,"{""239"":1,""240"":1,""21"":5,""200"":0,""69"":1,""237"":2,""113"":100,""303"":1,""383"":3,""1149"":3,""181"":16,""182"":9,""66"":14898,""24"":29,""206"":48740,""67"":4128,""68"":0,""13"":1062,""17"":-120,""18"":96,""19"":129,""15"":1000,""241"":26806,""199"":14890,""16"":119824,""12"":11047,""449"":0,""636"":339243,""1148"":68,""11"":8935106000,""14"":1160700155,""387"":""2b3430313932362e303333332d303038343139392e393136372b3030302e3034372f""}"
2026-07-01T07:20:08Z,862272088542776,Codec8E,2026-06-28 17:21:17.000 UTC,1782667277000,0,40.1926716,-8.4198200,45,61,11,29,0,"{""239"":1,""240"":1,""21"":5,""200"":0,""69"":1,""237"":2,""113"":100,""303"":1,""383"":3,""1149"":3,""181"":16,""182"":10,""66"":14924,""24"":29,""206"":48740,""67"":4128,""68"":0,""13"":1062,""17"":66,""18"":125,""19"":1,""15"":1000,""241"":26806,""199"":14906,""16"":119840,""12"":11047,""449"":0,""636"":339243,""1148"":68,""11"":8935106000,""14"":1160700155,""387"":""2b3430313932362e373136372d303038343139382e323030302b3030302e3034352f""}"
2026-07-01T07:20:09Z,862272088542776,Codec8E,2026-06-28 17:21:23.000 UTC,1782667283000,0,40.1927616,-8.4192850,40,79,12,26,0,"{""239"":1,""240"":1,""21"":5,""200"":0,""69"":1,""237"":2,""113"":100,""303"":1,""383"":3,""1149"":3,""181"":16,""182"":9,""66"":14941,""24"":26,""206"":48740,""67"":4128,""68"":0,""13"":1062,""17"":-174,""18"":-75,""19"":45,""15"":1000,""241"":26806,""199"":14953,""16"":119887,""12"":11047,""449"":0,""636"":339221,""1148"":64,""11"":8935106000,""14"":1160700155,""387"":""2b3430313932372e363136372d303038343139322e383530302b3030302e3034302f""}"
2026-07-01T07:20:09Z,862272088542776,Codec8E,2026-06-28 17:21:29.000 UTC,1782667289000,0,40.1928100,-8.4185683,41,83,10,36,0,"{""239"":1,""240"":1,""21"":5,""200"":0,""69"":1,""237"":2,""113"":100,""303"":1,""383"":3,""1149"":3,""181"":23,""182"":10,""66"":14941,""24"":36,""206"":48740,""67"":4128,""68"":0,""13"":1062,""17"":-89,""18"":-36,""19"":91,""15"":1000,""241"":26806,""199"":15014,""16"":119948,""12"":11047,""449"":0,""636"":339221,""1148"":64,""11"":8935106000,""14"":1160700155,""387"":""2b3430313932382e313030302d303038343138352e363833332b3030302e3034312f""}"
2026-07-01T07:20:09Z,862272088542776,Codec8E,2026-06-28 17:21:37.000 UTC,1782667297000,0,40.1928416,-8.4173783,42,87,10,44,0,"{""239"":1,""240"":1,""21"":5,""200"":0,""69"":1,""237"":2,""113"":100,""303"":1,""383"":3,""1149"":3,""181"":23,""182"":10,""66"":14930,""24"":44,""206"":48740,""67"":4128,""68"":0,""13"":1062,""17"":-75,""18"":16,""19"":117,""15"":1000,""241"":26806,""199"":15116,""16"":120050,""12"":11047,""449"":0,""636"":339221,""1148"":64,""11"":8935106000,""14"":1160700155,""387"":""2b3430313932382e343136372d303038343137332e373833332b3030302e3034322f""}"
2026-07-01T07:20:09Z,862272088542776,Codec8E,2026-06-28 17:21:46.000 UTC,1782667306000,0,40.1928599,-8.4160733,44,77,11,41,0,"{""239"":1,""240"":1,""21"":5,""200"":0,""69"":1,""237"":2,""113"":100,""303"":1,""383"":3,""1149"":3,""181"":17,""182"":9,""66"":14910,""24"":41,""206"":48740,""67"":4128,""68"":0,""13"":1062,""17"":-79,""18"":-185,""19"":0,""15"":1000,""241"":26806,""199"":15227,""16"":120161,""12"":11047,""449"":0,""636"":339242,""1148"":64,""11"":8935106000,""14"":1160700155,""387"":""2b3430313932382e363030302d303038343136302e373333332b3030302e3034342f""}"
2026-07-01T07:20:09Z,862272088542776,Codec8E,2026-06-28 17:21:49.000 UTC,1782667309000,0,40.1930350,-8.4156616,43,60,12,41,0,"{""239"":1,""240"":1,""21"":5,""200"":0,""69"":1,""237"":2,""113"":100,""303"":1,""383"":3,""1149"":3,""181"":16,""182"":9,""66"":14894,""24"":41,""206"":48740,""67"":4128,""68"":0,""13"":1062,""17"":-45,""18"":-58,""19"":20,""15"":1000,""241"":26806,""199"":15267,""16"":120201,""12"":11047,""449"":0,""636"":307243,""1148"":64,""11"":8935106000,""14"":1160700155,""387"":""2b3430313933302e333530302d303038343135362e363136372b3030302e3034332f""}"
2026-07-01T07:20:09Z,862272088542776,Codec8E,2026-06-28 17:21:50.000 UTC,1782667310000,0,40.1931233,-8.4155299,44,49,12,42,0,"{""239"":1,""240"":1,""21"":5,""200"":0,""69"":1,""237"":2,""113"":100,""303"":1,""383"":3,""1149"":3,""181"":12,""182"":9,""66"":14913,""24"":42,""206"":48740,""67"":4129,""68"":0,""13"":1062,""17"":-5,""18"":-6,""19"":20,""15"":1000,""241"":26806,""199"":15282,""16"":120216,""12"":11047,""449"":0,""636"":307243,""1148"":64,""11"":8935106000,""14"":1160700155,""387"":""2b3430313933312e323333332d303038343135352e333030302b3030302e3034342f""}"
2026-07-01T07:20:09Z,862272088542776,Codec8E,2026-06-28 17:21:57.000 UTC,1782667317000,0,40.1938500,-8.4146950,34,48,11,49,0,"{""239"":1,""240"":1,""21"":5,""200"":0,""69"":1,""237"":2,""113"":100,""303"":1,""383"":3,""1149"":1,""181"":12,""182"":9,""66"":14884,""24"":49,""206"":48740,""67"":4128,""68"":0,""13"":1062,""17"":27,""18"":140,""19"":50,""15"":1000,""241"":26806,""199"":15390,""16"":120324,""12"":11047,""449"":0,""636"":339242,""1148"":67,""11"":8935106000,""14"":1160700155,""387"":""2b3430313933382e353030302d303038343134362e393530302b3030302e3033342f""}"
2026-07-01T07:20:09Z,862272088542776,Codec8E,2026-06-28 17:22:02.000 UTC,1782667322000,0,40.1942350,-8.4141666,33,58,11,45,0,"{""239"":1,""240"":1,""21"":5,""200"":0,""69"":1,""237"":2,""113"":100,""303"":1,""383"":3,""1149"":1,""181"":12,""182"":9,""66"":14949,""24"":45,""206"":48740,""67"":4128,""68"":0,""13"":1062,""17"":-8,""18"":101,""19"":-11,""15"":1000,""241"":26806,""199"":15452,""16"":120386,""12"":11047,""449"":0,""636"":339242,""1148"":67,""11"":8935106000,""14"":1160700155,""387"":""2b3430313934322e333530302d303038343134312e363636372b3030302e3033332f""}"
2026-07-01T07:20:09Z,862272088542776,Codec8E,2026-06-28 17:22:07.000 UTC,1782667327000,0,40.1944683,-8.4135483,36,72,10,43,0,"{""239"":1,""240"":1,""21"":5,""200"":0,""69"":1,""237"":2,""113"":100,""303"":1,""383"":3,""1149"":1,""181"":13,""182"":10,""66"":14866,""24"":43,""206"":48740,""67"":4128,""68"":0,""13"":1062,""17"":-19,""18"":14,""19"":38,""15"":1000,""241"":26806,""199"":15511,""16"":120445,""12"":11047,""449"":0,""636"":307243,""1148"":67,""11"":8935106000,""14"":1160700155,""387"":""2b3430313934342e363833332d303038343133352e343833332b3030302e3033362f""}"
2026-07-01T07:20:09Z,862272088542776,Codec8E,2026-06-28 17:22:11.000 UTC,1782667331000,0,40.1945033,-8.4129799,39,89,10,39,0,"{""239"":1,""240"":1,""21"":5,""200"":0,""69"":1,""237"":2,""113"":100,""303"":1,""383"":3,""1149"":1,""181"":13,""182"":10,""66"":14936,""24"":39,""206"":48740,""67"":4128,""68"":0,""13"":1062,""17"":20,""18"":-30,""19"":36,""15"":1000,""241"":26806,""199"":15560,""16"":120494,""12"":11047,""449"":0,""636"":307243,""1148"":67,""11"":8935106000,""14"":1160700155,""387"":""2b3430313934352e303333332d303038343132392e383030302b3030302e3033392f""}"
2026-07-01T07:20:10Z,862272088542776,Codec8E,2026-06-28 17:22:15.000 UTC,1782667335000,0,40.1945549,-8.4125533,40,65,10,31,0,"{""239"":1,""240"":1,""21"":5,""200"":0,""69"":1,""237"":2,""113"":100,""303"":1,""383"":3,""1149"":1,""181"":19,""182"":10,""66"":14890,""24"":31,""206"":48740,""67"":4128,""68"":0,""13"":1062,""17"":20,""18"":-430,""19"":75,""15"":1000,""241"":26806,""199"":15597,""16"":120531,""12"":11047,""449"":0,""636"":307243,""1148"":67,""11"":8935106000,""14"":1160700155,""387"":""2b3430313934352e353530302d303038343132352e353333332b3030302e3034302f""}"
2026-07-01T07:20:10Z,862272088542776,Codec8E,2026-06-28 17:22:18.000 UTC,1782667338000,0,40.1946600,-8.4124699,42,38,10,22,0,"{""239"":1,""240"":1,""21"":5,""200"":0,""69"":1,""237"":2,""113"":100,""303"":1,""383"":3,""1149"":1,""181"":19,""182"":10,""66"":14945,""24"":22,""206"":48740,""67"":4128,""68"":0,""13"":1062,""17"":8,""18"":-6,""19"":178,""15"":1000,""241"":26806,""199"":15613,""16"":120547,""12"":11047,""449"":0,""636"":307243,""1148"":67,""11"":8935106000,""14"":1160700155,""387"":""2b3430313934362e363030302d303038343132342e373030302b3030302e3034322f""}"
2026-07-01T07:20:10Z,862272088542776,Codec8E,2026-06-28 17:22:19.000 UTC,1782667339000,0,40.1947066,-8.4125066,41,8,12,19,0,"{""239"":1,""240"":1,""21"":5,""200"":0,""69"":1,""237"":2,""113"":100,""303"":1,""383"":3,""1149"":1,""181"":11,""182"":8,""66"":14856,""24"":19,""206"":48740,""67"":4128,""68"":0,""13"":1062,""17"":14,""18"":24,""19"":55,""15"":1000,""241"":26806,""199"":15619,""16"":120553,""12"":11047,""449"":0,""636"":307243,""1148"":67,""11"":8935106000,""14"":1160700155,""387"":""2b3430313934372e303636372d303038343132352e303636372b3030302e3034312f""}"
2026-07-01T07:20:10Z,862272088542776,Codec8E,2026-06-28 17:22:20.000 UTC,1782667340000,0,40.1947683,-8.4126216,42,316,12,20,0,"{""239"":1,""240"":1,""21"":5,""200"":0,""69"":1,""237"":2,""113"":100,""303"":1,""383"":3,""1149"":1,""181"":16,""182"":8,""66"":14943,""24"":20,""206"":48740,""67"":4128,""68"":0,""13"":1062,""17"":-96,""18"":17,""19"":23,""15"":1000,""241"":26806,""199"":15631,""16"":120565,""12"":11047,""449"":0,""636"":307243,""1148"":67,""11"":8935106000,""14"":1160700155,""387"":""2b3430313934372e363833332d303038343132362e323136372b3030302e3034322f""}"
2026-07-01T07:20:10Z,862272088542776,Codec8E,2026-06-28 17:22:23.000 UTC,1782667343000,0,40.1949216,-8.4128066,42,326,12,22,0,"{""239"":1,""240"":1,""21"":5,""200"":0,""69"":1,""237"":2,""113"":100,""303"":1,""383"":3,""1149"":1,""181"":16,""182"":8,""66"":14907,""24"":22,""206"":48740,""67"":4128,""68"":0,""13"":1062,""17"":-73,""18"":159,""19"":62,""15"":1000,""241"":26806,""199"":15655,""16"":120589,""12"":11047,""449"":0,""636"":309536,""1148"":67,""11"":8935106000,""14"":1160700155,""387"":""2b3430313934392e323136372d303038343132382e303636372b3030302e3034322f""}"
2026-07-01T07:20:10Z,862272088542776,Codec8E,2026-06-28 17:22:26.000 UTC,1782667346000,0,40.1951150,-8.4129099,43,345,11,24,0,"{""239"":1,""240"":1,""21"":4,""200"":0,""69"":1,""237"":2,""113"":100,""303"":1,""383"":3,""1149"":0,""181"":20,""182"":10,""66"":14858,""24"":24,""206"":48740,""67"":4128,""68"":0,""13"":1062,""17"":-68,""18"":230,""19"":56,""15"":1000,""241"":26806,""199"":15678,""16"":120612,""12"":11047,""449"":0,""636"":307253,""1148"":80,""11"":8935106000,""14"":1160700155,""387"":""2b3430313935312e313530302d303038343132392e313030302b3030302e3034332f""}"
2026-07-01T07:20:10Z,862272088542776,Codec8E,2026-06-28 17:22:28.000 UTC,1782667348000,0,40.1952966,-8.4129066,44,356,10,26,0,"{""239"":1,""240"":1,""21"":4,""200"":0,""69"":1,""237"":2,""113"":100,""303"":1,""383"":3,""1149"":0,""181"":20,""182"":10,""66"":14878,""24"":26,""206"":48740,""67"":4128,""68"":0,""13"":1062,""17"":-98,""18"":184,""19"":61,""15"":1000,""241"":26806,""199"":15698,""16"":120632,""12"":11047,""449"":0,""636"":307253,""1148"":80,""11"":8935106000,""14"":1160700155,""387"":""2b3430313935322e393636372d303038343132392e303636372b3030302e3034342f""}"
2026-07-01T07:20:10Z,862272088542776,Codec8E,2026-06-28 17:22:30.000 UTC,1782667350000,0,40.1954233,-8.4127966,45,17,10,28,0,"{""239"":1,""240"":1,""21"":4,""200"":0,""69"":1,""237"":2,""113"":100,""303"":1,""383"":3,""1149"":0,""181"":20,""182"":10,""66"":14897,""24"":28,""206"":48740,""67"":4128,""68"":0,""13"":1062,""17"":-85,""18"":16,""19"":12,""15"":1000,""241"":26806,""199"":15716,""16"":120650,""12"":11047,""449"":0,""636"":307253,""1148"":80,""11"":8935106000,""14"":1160700155,""387"":""2b3430313935342e323333332d303038343132372e393636372b3030302e3034352f""}"
2026-07-01T07:20:10Z,862272088542776,Codec8E,2026-06-28 17:22:32.000 UTC,1782667352000,0,40.1955333,-8.4126049,46,36,10,30,0,"{""239"":1,""240"":1,""21"":4,""200"":0,""69"":1,""237"":2,""113"":100,""303"":1,""383"":3,""1149"":0,""181"":13,""182"":10,""66"":14922,""24"":30,""206"":48740,""67"":4128,""68"":0,""13"":1062,""17"":-86,""18"":-71,""19"":64,""15"":1000,""241"":26806,""199"":15736,""16"":120670,""12"":11047,""449"":0,""636"":307253,""1148"":80,""11"":8935106000,""14"":1160700155,""387"":""2b3430313935352e333333332d303038343132362e303530302b3030302e3034362f""}"
2026-07-01T07:20:10Z,862272088542776,Codec8E,2026-06-28 17:22:33.000 UTC,1782667353000,0,40.1955166,-8.4123900,46,70,9,32,0,"{""239"":1,""240"":1,""21"":4,""200"":0,""69"":1,""237"":2,""113"":100,""303"":1,""383"":3,""1149"":0,""181"":24,""182"":12,""66"":14882,""24"":32,""206"":48740,""67"":4128,""68"":0,""13"":1062,""17"":-58,""18"":-13,""19"":2,""15"":1000,""241"":26806,""199"":15755,""16"":120689,""12"":11047,""449"":0,""636"":307253,""1148"":80,""11"":8935106000,""14"":1160700155,""387"":""2b3430313935352e313636372d303038343132332e393030302b3030302e3034362f""}"
2026-07-01T07:20:12Z,862272088542776,Codec8E,2026-06-28 17:22:41.000 UTC,1782667361000,0,40.1958933,-8.4113616,45,58,4,40,0,"{""239"":1,""240"":1,""21"":4,""200"":0,""69"":1,""237"":2,""113"":100,""303"":1,""383"":3,""1149"":0,""181"":28,""182"":26,""66"":14900,""24"":40,""206"":48740,""67"":4128,""68"":0,""13"":1062,""17"":-41,""18"":-46,""19"":63,""15"":1000,""241"":26806,""199"":15853,""16"":120787,""12"":11047,""449"":0,""636"":307253,""1148"":80,""11"":8935106000,""14"":1160700155,""387"":""2b3430313935382e393333332d303038343131332e363136372b3030302e3034352f""}"
2026-07-01T07:20:12Z,862272088542776,Codec8E,2026-06-28 17:22:46.000 UTC,1782667366000,0,40.1961433,-8.4107450,45,68,4,41,0,"{""239"":1,""240"":1,""21"":4,""200"":0,""69"":1,""237"":2,""113"":100,""303"":1,""383"":3,""1149"":0,""181"":50,""182"":49,""66"":14907,""24"":41,""206"":48740,""67"":4128,""68"":0,""13"":1062,""17"":-56,""18"":-52,""19"":27,""15"":1000,""241"":26806,""199"":15913,""16"":120847,""12"":11047,""449"":0,""636"":307253,""1148"":80,""11"":8935106000,""14"":1160700155,""387"":""2b3430313936312e343333332d303038343130372e343530302b3030302e3034352f""}"
2026-07-01T07:20:12Z,862272088542776,Codec8E,2026-06-28 17:22:53.000 UTC,1782667373000,0,40.1962733,-8.4094366,50,73,7,49,0,"{""239"":1,""240"":1,""21"":4,""200"":0,""69"":1,""237"":2,""113"":100,""303"":1,""383"":3,""1149"":0,""181"":15,""182"":12,""66"":14885,""24"":49,""206"":48740,""67"":4128,""68"":0,""13"":1062,""17"":-57,""18"":-30,""19"":15,""15"":1000,""241"":26806,""199"":16026,""16"":120960,""12"":11047,""449"":0,""636"":307253,""1148"":80,""11"":8935106000,""14"":1160700155,""387"":""2b3430313936322e373333332d303038343039342e333636372b3030302e3035302f""}"
2026-07-01T07:20:12Z,862272088542776,Codec8E,2026-06-28 17:22:59.000 UTC,1782667379000,0,40.1964483,-8.4086366,54,76,9,39,0,"{""239"":1,""240"":1,""21"":4,""200"":0,""69"":1,""237"":2,""113"":100,""303"":1,""383"":3,""1149"":0,""181"":19,""182"":12,""66"":14929,""24"":39,""206"":48740,""67"":4128,""68"":0,""13"":1062,""17"":-4,""18"":-116,""19"":-1,""15"":1000,""241"":26806,""199"":16097,""16"":121031,""12"":11047,""449"":0,""636"":307253,""1148"":80,""11"":8935106000,""14"":1160700155,""387"":""2b3430313936342e343833332d303038343038362e333636372b3030302e3035342f""}"
2026-07-01T07:20:12Z,862272088542776,Codec8E,2026-06-28 17:23:01.000 UTC,1782667381000,0,40.1965166,-8.4085266,55,59,10,30,0,"{""239"":1,""240"":1,""21"":4,""200"":0,""69"":1,""237"":2,""113"":100,""303"":1,""383"":3,""1149"":0,""181"":17,""182"":11,""66"":14934,""24"":30,""206"":48740,""67"":4128,""68"":0,""13"":1062,""17"":135,""18"":-199,""19"":17,""15"":1000,""241"":26806,""199"":16109,""16"":121043,""12"":11047,""449"":0,""636"":307253,""1148"":80,""11"":8935106000,""14"":1160700155,""387"":""2b3430313936352e313636372d303038343038352e323636372b3030302e3035352f""}"
2026-07-01T07:20:12Z,862272088542776,Codec8E,2026-06-28 17:23:02.000 UTC,1782667382000,0,40.1965383,-8.4085183,55,35,9,24,0,"{""239"":1,""240"":1,""21"":4,""200"":0,""69"":1,""237"":2,""113"":100,""303"":1,""383"":3,""1149"":0,""181"":20,""182"":11,""66"":14933,""24"":24,""206"":48740,""67"":4128,""68"":0,""13"":1062,""17"":143,""18"":16,""19"":34,""15"":1000,""241"":26806,""199"":16112,""16"":121046,""12"":11047,""449"":0,""636"":307242,""1148"":80,""11"":8935106000,""14"":1160700155,""387"":""2b3430313936352e333833332d303038343038352e313833332b3030302e3035352f""}"
2026-07-01T07:20:12Z,862272088542776,Codec8E,2026-06-28 17:23:03.000 UTC,1782667383000,0,40.1965766,-8.4085050,55,18,9,21,0,"{""239"":1,""240"":1,""21"":4,""200"":0,""69"":1,""237"":2,""113"":100,""303"":1,""383"":3,""1149"":0,""181"":14,""182"":11,""66"":14850,""24"":21,""206"":48740,""67"":4128,""68"":0,""13"":1062,""17"":-50,""18"":-37,""19"":19,""15"":1000,""241"":26806,""199"":16116,""16"":121050,""12"":11047,""449"":0,""636"":307242,""1148"":80,""11"":8935106000,""14"":1160700155,""387"":""2b3430313936352e373636372d303038343038352e303530302b3030302e3035352f""}"
2026-07-01T07:20:12Z,862272088542776,Codec8E,2026-06-28 17:23:05.000 UTC,1782667385000,0,40.1966466,-8.4085016,56,358,9,16,0,"{""239"":1,""240"":1,""21"":4,""200"":0,""69"":1,""237"":2,""113"":100,""303"":1,""383"":3,""1149"":1,""181"":20,""182"":11,""66"":14924,""24"":16,""206"":48740,""67"":4128,""68"":0,""13"":1062,""17"":95,""18"":37,""19"":19,""15"":1000,""241"":26806,""199"":16124,""16"":121058,""12"":11047,""449"":0,""636"":307242,""1148"":74,""11"":8935106000,""14"":1160700155,""387"":""2b3430313936362e343636372d303038343038352e303136372b3030302e3035362f""}"
2026-07-01T07:20:12Z,862272088542776,Codec8E,2026-06-28 17:23:08.000 UTC,1782667388000,0,40.1967283,-8.4085166,57,9,8,13,0,"{""239"":1,""240"":1,""21"":4,""200"":0,""69"":1,""237"":2,""113"":100,""303"":1,""383"":3,""1149"":1,""181"":15,""182"":12,""66"":14918,""24"":13,""206"":48740,""67"":4128,""68"":0,""13"":1062,""17"":-207,""18"":-278,""19"":0,""15"":1000,""241"":26806,""199"":16133,""16"":121067,""12"":11047,""449"":0,""636"":307242,""1148"":74,""11"":8935106000,""14"":1160700155,""387"":""2b3430313936372e323833332d303038343038352e313636372b3030302e3035372f""}"
2026-07-01T07:20:12Z,862272088542776,Codec8E,2026-06-28 17:23:10.000 UTC,1782667390000,0,40.1967416,-8.4085916,57,278,8,12,0,"{""239"":1,""240"":1,""21"":4,""200"":0,""69"":1,""237"":2,""113"":100,""303"":1,""383"":3,""1149"":1,""181"":21,""182"":12,""66"":14937,""24"":12,""206"":48740,""67"":4128,""68"":0,""13"":1062,""17"":-305,""18"":-24,""19"":68,""15"":1000,""241"":26806,""199"":16140,""16"":121074,""12"":11047,""449"":0,""636"":307242,""1148"":74,""11"":8935106000,""14"":1160700155,""387"":""2b3430313936372e343136372d303038343038352e393136372b3030302e3035372f""}"
2026-07-01T07:20:12Z,862272088542776,Codec8E,2026-06-28 17:23:13.000 UTC,1782667393000,0,40.1966350,-8.4088933,58,260,9,21,0,"{""239"":1,""240"":1,""21"":4,""200"":0,""69"":1,""237"":2,""113"":100,""303"":1,""383"":3,""1149"":1,""181"":20,""182"":11,""66"":14878,""24"":21,""206"":48740,""67"":4128,""68"":0,""13"":1062,""17"":14,""18"":-57,""19"":98,""15"":1000,""241"":26806,""199"":16168,""16"":121102,""12"":11047,""449"":0,""636"":309546,""1148"":74,""11"":8935106000,""14"":1160700155,""387"":""2b3430313936362e333530302d303038343038382e393333332b3030302e3035382f""}"
2026-07-01T07:20:12Z,862272088542776,Codec8E,2026-06-28 17:23:16.000 UTC,1782667396000,0,40.1965416,-8.4092899,60,257,9,32,0,"{""239"":1,""240"":1,""21"":4,""200"":0,""69"":1,""237"":2,""113"":100,""303"":1,""383"":3,""1149"":1,""181"":20,""182"":11,""66"":14946,""24"":32,""206"":48740,""67"":4128,""68"":0,""13"":1062,""17"":-13,""18"":-64,""19"":96,""15"":1000,""241"":26806,""199"":16203,""16"":121137,""12"":11047,""449"":0,""636"":309546,""1148"":74,""11"":8935106000,""14"":1160700155,""387"":""2b3430313936352e343136372d303038343039322e393030302b3030302e3036302f""}"
2026-07-01T07:20:12Z,862272088542776,Codec8E,2026-06-28 17:23:25.000 UTC,1782667405000,0,40.1961450,-8.4105099,60,245,9,42,0,"{""239"":1,""240"":1,""21"":4,""200"":0,""69"":1,""237"":2,""113"":100,""303"":1,""383"":3,""1149"":1,""181"":20,""182"":11,""66"":14925,""24"":42,""206"":48740,""67"":4128,""68"":0,""13"":1062,""17"":-63,""18"":-18,""19"":73,""15"":1000,""241"":26806,""199"":16316,""16"":121250,""12"":11047,""449"":0,""636"":309546,""1148"":82,""11"":8935106000,""14"":1160700155,""387"":""2b3430313936312e343530302d303038343130352e313030302b3030302e3036302f""}"
2026-07-01T07:20:12Z,862272088542776,Codec8E,2026-06-28 17:23:33.000 UTC,1782667413000,0,40.1957783,-8.4116450,60,245,8,45,0,"{""239"":1,""240"":1,""21"":4,""200"":0,""69"":1,""237"":2,""113"":100,""303"":1,""383"":3,""1149"":1,""181"":21,""182"":13,""66"":14912,""24"":45,""206"":48740,""67"":4128,""68"":0,""13"":1062,""17"":-12,""18"":-35,""19"":42,""15"":1000,""241"":26806,""199"":16421,""16"":121355,""12"":11047,""449"":0,""636"":307242,""1148"":82,""11"":8935106000,""14"":1160700155,""387"":""2b3430313935372e373833332d303038343131362e343530302b3030302e3036302f""}"
2026-07-01T07:20:12Z,862272088542776,Codec8E,2026-06-28 17:23:42.000 UTC,1782667422000,0,40.1954066,-8.4128050,61,248,7,39,0,"{""239"":1,""240"":1,""21"":4,""200"":0,""69"":1,""237"":2,""113"":100,""303"":1,""383"":3,""1149"":1,""181"":22,""182"":15,""66"":14911,""24"":39,""206"":48740,""67"":4128,""68"":0,""13"":1062,""17"":-100,""18"":65,""19"":-13,""15"":1000,""241"":26806,""199"":16530,""16"":121464,""12"":11047,""449"":0,""636"":307243,""1148"":82,""11"":8935106000,""14"":1160700155,""387"":""2b3430313935342e303636372d303038343132382e303530302b3030302e3036312f""}"
2026-07-01T07:20:13Z,862272088542776,Codec8E,2026-06-28 17:23:45.000 UTC,1782667425000,0,40.1954349,-8.4131883,60,262,8,36,0,"{""239"":1,""240"":1,""21"":4,""200"":0,""69"":1,""237"":2,""113"":100,""303"":1,""383"":3,""1149"":1,""181"":20,""182"":12,""66"":14897,""24"":36,""206"":48740,""67"":4128,""68"":0,""13"":1062,""17"":-86,""18"":46,""19"":123,""15"":1000,""241"":26806,""199"":16565,""16"":121499,""12"":11047,""449"":0,""636"":339242,""1148"":82,""11"":8935106000,""14"":1160700155,""387"":""2b3430313935342e333530302d303038343133312e383833332b3030302e3036302f""}"
2026-07-01T07:20:13Z,862272088542776,Codec8E,2026-06-28 17:23:49.000 UTC,1782667429000,0,40.1954200,-8.4136616,60,272,8,36,0,"{""239"":1,""240"":1,""21"":4,""200"":0,""69"":1,""237"":2,""113"":100,""303"":1,""383"":3,""1149"":1,""181"":19,""182"":13,""66"":14890,""24"":36,""206"":48740,""67"":4128,""68"":0,""13"":1062,""17"":-168,""18"":-59,""19"":79,""15"":1000,""241"":26806,""199"":16605,""16"":121539,""12"":11047,""449"":0,""636"":339242,""1148"":82,""11"":8935106000,""14"":1160700155,""387"":""2b3430313935342e323030302d303038343133362e363136372b3030302e3036302f""}"
2026-07-01T07:20:13Z,862272088542776,Codec8E,2026-06-28 17:23:56.000 UTC,1782667436000,0,40.1955833,-8.4145650,61,283,10,40,0,"{""239"":1,""240"":1,""21"":4,""200"":0,""69"":1,""237"":2,""113"":100,""303"":1,""383"":3,""1149"":1,""181"":17,""182"":11,""66"":14922,""24"":40,""206"":48740,""67"":4128,""68"":0,""13"":1062,""17"":15,""18"":-37,""19"":15,""15"":1000,""241"":26806,""199"":16685,""16"":121619,""12"":11047,""449"":0,""636"":307243,""1148"":76,""11"":8935106000,""14"":1160700155,""387"":""2b3430313935352e383333332d303038343134352e363530302b3030302e3036312f""}"
2026-07-01T07:20:13Z,862272088542776,Codec8E,2026-06-28 17:24:01.000 UTC,1782667441000,0,40.1957083,-8.4150316,63,292,10,30,0,"{""239"":1,""240"":1,""21"":4,""200"":0,""69"":1,""237"":2,""113"":100,""303"":1,""383"":3,""1149"":1,""181"":18,""182"":11,""66"":14881,""24"":30,""206"":48740,""67"":4128,""68"":0,""13"":1062,""17"":-44,""18"":180,""19"":37,""15"":1000,""241"":26806,""199"":16727,""16"":121661,""12"":11047,""449"":0,""636"":307243,""1148"":76,""11"":8935106000,""14"":1160700155,""387"":""2b3430313935372e303833332d303038343135302e333136372b3030302e3036332f""}"
2026-07-01T07:20:13Z,862272088542776,Codec8E,2026-06-28 17:24:04.000 UTC,1782667444000,0,40.1957766,-8.4149833,65,46,8,23,0,"{""239"":1,""240"":1,""21"":4,""200"":0,""69"":1,""237"":2,""113"":100,""303"":1,""383"":3,""1149"":1,""181"":26,""182"":20,""66"":14916,""24"":23,""206"":48740,""67"":4128,""68"":0,""13"":1062,""17"":-205,""18"":-97,""19"":37,""15"":1000,""241"":26806,""199"":16748,""16"":121682,""12"":11047,""449"":0,""636"":307243,""1148"":76,""11"":8935106000,""14"":1160700155,""387"":""2b3430313935372e373636372d303038343134392e383333332b3030302e3036352f""}"
2026-07-01T07:20:13Z,862272088542776,Codec8E,2026-06-28 17:24:09.000 UTC,1782667449000,0,40.1959716,-8.4144933,68,65,10,28,0,"{""239"":1,""240"":1,""21"":4,""200"":0,""69"":1,""237"":2,""113"":100,""303"":1,""383"":3,""1149"":1,""181"":17,""182"":11,""66"":14872,""24"":28,""206"":48740,""67"":4128,""68"":0,""13"":1062,""17"":-57,""18"":-41,""19"":1,""15"":1000,""241"":26806,""199"":16796,""16"":121730,""12"":11047,""449"":0,""636"":307243,""1148"":76,""11"":8935106000,""14"":1160700155,""387"":""2b3430313935392e373136372d303038343134342e393333332b3030302e3036382f""}"
2026-07-01T07:20:13Z,862272088542776,Codec8E,2026-06-28 17:24:13.000 UTC,1782667453000,0,40.1962500,-8.4140066,69,57,8,39,0,"{""239"":1,""240"":1,""21"":4,""200"":0,""69"":1,""237"":2,""113"":100,""303"":1,""383"":3,""1149"":1,""181"":13,""182"":10,""66"":14898,""24"":39,""206"":48740,""67"":4128,""68"":0,""13"":1062,""17"":-90,""18"":10,""19"":65,""15"":1000,""241"":26806,""199"":16848,""16"":121782,""12"":11047,""449"":0,""636"":307243,""1148"":76,""11"":8935106000,""14"":1160700155,""387"":""2b3430313936322e353030302d303038343134302e303636372b3030302e3036392f""}"
2026-07-01T07:20:13Z,862272088542776,Codec8E,2026-06-28 17:24:22.000 UTC,1782667462000,0,40.1967850,-8.4129266,73,61,11,42,0,"{""239"":1,""240"":1,""21"":4,""200"":0,""69"":1,""237"":2,""113"":100,""303"":1,""383"":3,""1149"":1,""181"":12,""182"":8,""66"":14912,""24"":42,""206"":48740,""67"":4128,""68"":0,""13"":1062,""17"":-57,""18"":4,""19"":3,""15"":1000,""241"":26806,""199"":16958,""16"":121892,""12"":11047,""449"":0,""636"":307243,""1148"":76,""11"":8935106000,""14"":1160700155,""387"":""2b3430313936372e383530302d303038343132392e323636372b3030302e3037332f""}"
2026-07-01T07:20:13Z,862272088542776,Codec8E,2026-06-28 17:24:27.000 UTC,1782667467000,0,40.1970100,-8.4123583,74,74,12,38,0,"{""239"":1,""240"":1,""21"":4,""200"":0,""69"":1,""237"":2,""113"":100,""303"":1,""383"":3,""1149"":1,""181"":11,""182"":8,""66"":14932,""24"":38,""206"":48740,""67"":4128,""68"":0,""13"":1062,""17"":62,""18"":-42,""19"":-7,""15"":1000,""241"":26806,""199"":17012,""16"":121946,""12"":11047,""449"":0,""636"":307243,""1148"":64,""11"":8935106000,""14"":1160700155,""387"":""2b3430313937302e313030302d303038343132332e353833332b3030302e3037342f""}"
2026-07-01T07:20:13Z,862272088542776,Codec8E,2026-06-28 17:24:33.000 UTC,1782667473000,0,40.1970850,-8.4118200,74,68,12,27,0,"{""239"":1,""240"":1,""21"":4,""200"":0,""69"":1,""237"":2,""113"":100,""303"":1,""383"":3,""1149"":1,""181"":16,""182"":9,""66"":14872,""24"":27,""206"":48740,""67"":4128,""68"":0,""13"":1062,""17"":-171,""18"":-37,""19"":25,""15"":1000,""241"":26806,""199"":17060,""16"":121994,""12"":11047,""449"":0,""636"":307243,""1148"":64,""11"":8935106000,""14"":1160700155,""387"":""2b3430313937302e383530302d303038343131382e323030302b3030302e3037342f""}"
2026-07-01T07:20:15Z,862272088542776,Codec8E,2026-06-28 17:24:34.000 UTC,1782667474000,0,40.1970550,-8.4118316,75,83,11,22,0,"{""239"":1,""240"":1,""21"":4,""200"":0,""69"":1,""237"":2,""113"":100,""303"":1,""383"":3,""1149"":1,""181"":13,""182"":10,""66"":14915,""24"":22,""206"":48740,""67"":4128,""68"":0,""13"":1062,""17"":-213,""18"":-366,""19"":-6,""15"":1000,""241"":26806,""199"":17063,""16"":121997,""12"":11047,""449"":0,""636"":307243,""1148"":64,""11"":8935106000,""14"":1160700155,""387"":""2b3430313937302e353530302d303038343131382e333136372b3030302e3037352f""}"
2026-07-01T07:20:15Z,862272088542776,Codec8E,2026-06-28 17:24:35.000 UTC,1782667475000,0,40.1970716,-8.4118083,76,63,11,19,0,"{""239"":1,""240"":1,""21"":4,""200"":0,""69"":1,""237"":2,""113"":100,""303"":1,""383"":3,""1149"":1,""181"":17,""182"":10,""66"":14949,""24"":19,""206"":48740,""67"":4128,""68"":0,""13"":1062,""17"":-261,""18"":-357,""19"":27,""15"":1000,""241"":26806,""199"":17066,""16"":122000,""12"":11047,""449"":0,""636"":307243,""1148"":64,""11"":8935106000,""14"":1160700155,""387"":""2b3430313937302e373136372d303038343131382e303833332b3030302e3037362f""}"
2026-07-01T07:20:15Z,862272088542776,Codec8E,2026-06-28 17:24:36.000 UTC,1782667476000,0,40.1971033,-8.4117749,76,52,12,17,0,"{""239"":1,""240"":1,""21"":4,""200"":0,""69"":1,""237"":2,""113"":100,""303"":1,""383"":3,""1149"":1,""181"":12,""182"":9,""66"":14872,""24"":17,""206"":48740,""67"":4128,""68"":0,""13"":1062,""17"":-246,""18"":-126,""19"":26,""15"":1000,""241"":26806,""199"":17071,""16"":122005,""12"":11047,""449"":0,""636"":307243,""1148"":64,""11"":8935106000,""14"":1160700155,""387"":""2b3430313937312e303333332d303038343131372e373530302b3030302e3037362f""}"
2026-07-01T07:20:15Z,862272088542776,Codec8E,2026-06-28 17:24:37.000 UTC,1782667477000,0,40.1971433,-8.4117516,77,35,11,16,0,"{""239"":1,""240"":1,""21"":4,""200"":0,""69"":1,""237"":2,""113"":100,""303"":1,""383"":3,""1149"":1,""181"":17,""182"":10,""66"":14900,""24"":16,""206"":48740,""67"":4128,""68"":0,""13"":1062,""17"":-98,""18"":149,""19"":7,""15"":1000,""241"":26806,""199"":17076,""16"":122010,""12"":11047,""449"":0,""636"":307243,""1148"":64,""11"":8935106000,""14"":1160700155,""387"":""2b3430313937312e343333332d303038343131372e353136372b3030302e3037372f""}"
2026-07-01T07:20:15Z,862272088542776,Codec8E,2026-06-28 17:24:39.000 UTC,1782667479000,0,40.1972683,-8.4117216,78,22,11,19,0,"{""239"":1,""240"":1,""21"":4,""200"":0,""69"":1,""237"":2,""113"":100,""303"":1,""383"":3,""1149"":1,""181"":17,""182"":10,""66"":14899,""24"":19,""206"":48740,""67"":4128,""68"":0,""13"":1062,""17"":-53,""18"":-127,""19"":7,""15"":1000,""241"":26806,""199"":17090,""16"":122024,""12"":11047,""449"":0,""636"":307243,""1148"":64,""11"":8935106000,""14"":1160700155,""387"":""2b3430313937322e363833332d303038343131372e323136372b3030302e3037382f""}"
2026-07-01T07:20:15Z,862272088542776,Codec8E,2026-06-28 17:24:44.000 UTC,1782667484000,0,40.1976116,-8.4116016,80,12,11,26,0,"{""239"":1,""240"":1,""21"":4,""200"":0,""69"":1,""237"":2,""113"":100,""303"":1,""383"":3,""1149"":1,""181"":12,""182"":9,""66"":14930,""24"":26,""206"":48740,""67"":4128,""68"":0,""13"":1062,""17"":-99,""18"":140,""19"":11,""15"":1000,""241"":26806,""199"":17129,""16"":122063,""12"":11047,""449"":0,""636"":307243,""1148"":64,""11"":8935106000,""14"":1160700155,""387"":""2b3430313937362e313136372d303038343131362e303136372b3030302e3038302f""}"
2026-07-01T07:20:15Z,862272088542776,Codec8E,2026-06-28 17:24:49.000 UTC,1782667489000,0,40.1979766,-8.4115916,84,2,6,28,0,"{""239"":1,""240"":1,""21"":4,""200"":0,""69"":1,""237"":2,""113"":100,""303"":1,""383"":3,""1149"":1,""181"":17,""182"":14,""66"":14937,""24"":28,""206"":48740,""67"":4128,""68"":0,""13"":1062,""17"":151,""18"":47,""19"":2,""15"":1000,""241"":26806,""199"":17170,""16"":122104,""12"":11047,""449"":0,""636"":307243,""1148"":64,""11"":8935106000,""14"":1160700155,""387"":""2b3430313937392e373636372d303038343131352e393136372b3030302e3038342f""}"
2026-07-01T07:20:15Z,862272088542776,Codec8E,2026-06-28 17:24:55.000 UTC,1782667495000,0,40.1981866,-8.4115616,88,12,10,17,0,"{""239"":1,""240"":1,""21"":4,""200"":0,""69"":1,""237"":2,""113"":100,""303"":1,""383"":3,""1149"":1,""181"":13,""182"":10,""66"":14908,""24"":17,""206"":48740,""67"":4128,""68"":0,""13"":1062,""17"":-39,""18"":167,""19"":127,""15"":1000,""241"":26806,""199"":17194,""16"":122128,""12"":11047,""449"":0,""636"":307243,""1148"":64,""11"":8935106000,""14"":1160700155,""387"":""2b3430313938312e383636372d303038343131352e363136372b3030302e3038382f""}"
2026-07-01T07:20:15Z,862272088542776,Codec8E,2026-06-28 17:24:58.000 UTC,1782667498000,0,40.1981750,-8.4115350,89,12,10,7,0,"{""239"":1,""240"":1,""21"":4,""200"":0,""69"":1,""237"":2,""113"":100,""303"":1,""383"":3,""1149"":1,""181"":13,""182"":10,""66"":14881,""24"":7,""206"":48740,""67"":4128,""68"":0,""13"":1062,""17"":157,""18"":0,""19"":24,""15"":1000,""241"":26806,""199"":17197,""16"":122131,""12"":11047,""449"":0,""636"":307243,""1148"":64,""11"":8935106000,""14"":1160700155,""387"":""2b3430313938312e373530302d303038343131352e333530302b3030302e3038392f""}"
2026-07-01T07:20:15Z,862272088542776,Codec8E,2026-06-28 17:25:17.000 UTC,1782667517000,0,40.1982933,-8.4114883,96,348,10,1,303,"{""239"":1,""240"":1,""21"":5,""200"":0,""69"":1,""237"":2,""113"":100,""303"":0,""383"":3,""1149"":1,""181"":14,""182"":11,""66"":14919,""24"":1,""206"":48740,""67"":4128,""68"":0,""13"":928,""17"":32,""18"":9,""19"":3,""15"":1000,""241"":26806,""199"":17197,""16"":122131,""12"":11048,""449"":0,""636"":307241,""1148"":64,""11"":8935106000,""14"":1160700155,""387"":""2b3430313938322e393333332d303038343131342e383833332b3030302e3039362f""}"
2026-07-01T07:20:16Z,862272088542776,Codec8E,2026-06-28 17:25:20.000 UTC,1782667520000,0,40.1982683,-8.4115499,98,348,11,0,303,"{""239"":1,""240"":1,""21"":5,""200"":0,""69"":1,""237"":2,""113"":100,""303"":1,""383"":3,""1149"":1,""181"":12,""182"":9,""66"":14873,""24"":0,""206"":48740,""67"":4128,""68"":0,""13"":928,""17"":-134,""18"":-81,""19"":-3,""15"":1000,""241"":26806,""199"":17197,""16"":122131,""12"":11048,""449"":0,""636"":307241,""1148"":64,""11"":8935106000,""14"":1160700155,""387"":""2b3430313938322e383030302d303038343131352e343030302b3030302e3039372f""}"
2026-07-01T07:20:16Z,862272088542776,Codec8E,2026-06-28 17:25:50.000 UTC,1782667550000,0,40.1983933,-8.4115183,103,2,9,0,303,"{""239"":1,""240"":1,""21"":5,""200"":0,""69"":1,""237"":2,""113"":100,""303"":0,""383"":3,""1149"":1,""181"":15,""182"":12,""66"":14921,""24"":0,""206"":48740,""67"":4128,""68"":0,""13"":928,""17"":-115,""18"":-26,""19"":2,""15"":1000,""241"":26806,""199"":17221,""16"":122155,""12"":11053,""449"":0,""636"":307231,""1148"":65,""11"":8935106000,""14"":1160700155,""387"":""2b3430313938332e393333332d303038343131352e313833332b3030302e3130332f""}"
2026-07-01T07:20:16Z,862272088542776,Codec8E,2026-06-28 17:26:39.000 UTC,1782667599000,0,40.1983933,-8.4115183,103,2,12,0,239,"{""239"":0,""240"":1,""21"":5,""200"":0,""69"":1,""237"":2,""113"":100,""303"":0,""383"":3,""1149"":1,""181"":11,""182"":8,""66"":13160,""24"":0,""206"":48740,""67"":4128,""68"":0,""13"":929,""17"":-100,""18"":-39,""19"":1,""15"":1000,""241"":26806,""199"":17221,""16"":122155,""12"":11066,""449"":0,""636"":307241,""1148"":51,""11"":8935106000,""14"":1160700155,""387"":""2b3430313938332e393333332d303038343131352e313833332b3030302e3130332f""}"
2026-07-01T07:20:16Z,862272088542776,Codec8E,2026-06-28 17:26:49.000 UTC,1782667609000,0,40.1983933,-8.4115183,103,2,12,0,240,"{""239"":0,""240"":0,""21"":5,""200"":0,""69"":1,""237"":2,""113"":100,""303"":0,""383"":3,""1149"":1,""181"":11,""182"":8,""66"":12842,""24"":0,""206"":48740,""67"":4128,""68"":0,""13"":929,""17"":-109,""18"":-44,""19"":1,""15"":1000,""241"":26806,""199"":17221,""16"":122155,""12"":11066,""449"":0,""636"":307241,""1148"":51,""11"":8935106000,""14"":1160700155,""387"":""2b3430313938332e393333332d303038343131352e313833332b3030302e3130332f""}"
2026-07-01T07:20:16Z,862272088542776,Codec8E,2026-06-28 17:41:58.000 UTC,1782668518000,0,40.1983933,-8.4115183,103,2,14,0,239,"{""239"":1,""240"":0,""21"":5,""200"":0,""69"":1,""237"":2,""113"":100,""303"":0,""383"":3,""1149"":7,""181"":10,""182"":7,""66"":15077,""24"":0,""206"":48740,""67"":4128,""68"":0,""13"":930,""17"":-100,""18"":-43,""19"":2,""15"":1000,""241"":26806,""199"":0,""16"":122155,""12"":11067,""449"":0,""636"":307231,""1148"":59,""11"":8935106000,""14"":1160700155,""387"":""2b3430313938332e393333332d303038343131352e313833332b3030302e3130332f""}"
2026-07-01T07:20:16Z,862272088542776,Codec8E,2026-06-28 17:42:07.000 UTC,1782668527000,0,40.1983933,-8.4115183,103,2,11,0,303,"{""239"":1,""240"":0,""21"":5,""200"":0,""69"":1,""237"":2,""113"":100,""303"":1,""383"":3,""1149"":7,""181"":11,""182"":8,""66"":14873,""24"":0,""206"":48740,""67"":4128,""68"":0,""13"":930,""17"":-101,""18"":-42,""19"":2,""15"":1000,""241"":26806,""199"":0,""16"":122155,""12"":11069,""449"":0,""636"":307231,""1148"":59,""11"":8935106000,""14"":1160700155,""387"":""2b3430313938332e393333332d303038343131352e313833332b3030302e3130332f""}"
2026-07-01T07:20:16Z,862272088542776,Codec8E,2026-06-28 17:42:08.000 UTC,1782668528000,0,40.1981783,-8.4116850,103,205,11,0,240,"{""239"":1,""240"":1,""21"":5,""200"":0,""69"":1,""237"":2,""113"":100,""303"":1,""383"":3,""1149"":7,""181"":11,""182"":8,""66"":14918,""24"":0,""206"":48740,""67"":4128,""68"":0,""13"":930,""17"":-106,""18"":-44,""19"":2,""15"":1000,""241"":26806,""199"":0,""16"":122155,""12"":11069,""449"":0,""636"":307231,""1148"":59,""11"":8935106000,""14"":1160700155,""387"":""2b3430313938312e373833332d303038343131362e383530302b3030302e3130332f""}"
2026-07-01T07:20:16Z,862272088542776,Codec8E,2026-06-28 17:42:10.000 UTC,1782668530000,0,40.1981783,-8.4116850,103,205,11,0,303,"{""239"":1,""240"":1,""21"":0,""200"":0,""69"":1,""237"":99,""113"":100,""303"":0,""383"":3,""1149"":0,""181"":11,""182"":8,""66"":14924,""24"":0,""206"":0,""67"":4128,""68"":0,""13"":930,""17"":-105,""18"":-55,""19"":0,""15"":1000,""241"":0,""199"":0,""16"":122155,""12"":11070,""449"":0,""636"":0,""1148"":0,""11"":8935106000,""14"":1160700155,""387"":""2b3430313938312e373833332d303038343131362e383530302b3030302e3130332f""}"
2026-07-01T07:20:16Z,862272088542776,Codec8E,2026-06-28 17:42:40.000 UTC,1782668560000,0,40.1981783,-8.4116850,103,0,8,0,303,"{""239"":1,""240"":1,""21"":5,""200"":0,""69"":2,""237"":2,""113"":0,""303"":1,""383"":3,""1149"":7,""181"":17,""182"":14,""66"":14900,""24"":0,""206"":48740,""67"":4128,""68"":0,""13"":930,""17"":55,""18"":-60,""19"":39,""15"":0,""241"":26806,""199"":0,""16"":122155,""12"":11070,""449"":0,""636"":307231,""1148"":67,""11"":8935106000,""14"":1160700155,""387"":""2b3430313938312e373833332d303038343131362e383530302b3030302e3130332f""}"
2026-07-01T07:20:16Z,862272088542776,Codec8E,2026-06-28 17:43:05.000 UTC,1782668585000,0,40.1981616,-8.4114700,62,226,10,6,0,"{""239"":1,""240"":1,""21"":5,""200"":0,""69"":1,""237"":2,""113"":100,""303"":1,""383"":3,""1149"":7,""181"":12,""182"":9,""66"":14937,""24"":6,""206"":48740,""67"":4132,""68"":0,""13"":930,""17"":2,""18"":-52,""19"":36,""15"":1000,""241"":26806,""199"":8,""16"":122163,""12"":11071,""449"":0,""636"":307241,""1148"":73,""11"":8935106000,""14"":1160700155,""387"":""2b3430313938312e363136372d303038343131342e373030302b3030302e3036322f""}"
2026-07-01T07:20:17Z,862272088542776,Codec8E,2026-06-28 17:43:16.000 UTC,1782668596000,0,40.1982866,-8.4115633,65,356,8,6,0,"{""239"":1,""240"":1,""21"":5,""200"":0,""69"":1,""237"":2,""113"":100,""303"":1,""383"":3,""1149"":7,""181"":22,""182"":12,""66"":14894,""24"":6,""206"":48740,""67"":4131,""68"":0,""13"":930,""17"":-15,""18"":-23,""19"":22,""15"":1000,""241"":26806,""199"":24,""16"":122179,""12"":11071,""449"":0,""636"":307241,""1148"":73,""11"":8935106000,""14"":1160700155,""387"":""2b3430313938322e383636372d303038343131352e363333332b3030302e3036352f""}"
2026-07-01T07:20:17Z,862272088542776,Codec8E,2026-06-28 17:43:22.000 UTC,1782668602000,0,40.1986983,-8.4116216,65,3,11,16,0,"{""239"":1,""240"":1,""21"":5,""200"":0,""69"":1,""237"":2,""113"":100,""303"":1,""383"":3,""1149"":7,""181"":12,""182"":8,""66"":14876,""24"":16,""206"":48740,""67"":4129,""68"":0,""13"":930,""17"":29,""18"":161,""19"":-10,""15"":1000,""241"":26806,""199"":70,""16"":122225,""12"":11071,""449"":0,""636"":307241,""1148"":73,""11"":8935106000,""14"":1160700155,""387"":""2b3430313938362e393833332d303038343131362e323136372b3030302e3036352f""}"
2026-07-01T07:20:17Z,862272088542776,Codec8E,2026-06-28 17:43:24.000 UTC,1782668604000,0,40.1987933,-8.4116016,64,20,11,17,0,"{""239"":1,""240"":1,""21"":5,""200"":0,""69"":1,""237"":2,""113"":100,""303"":1,""383"":3,""1149"":7,""181"":12,""182"":8,""66"":14869,""24"":17,""206"":48740,""67"":4129,""68"":0,""13"":930,""17"":-48,""18"":244,""19"":146,""15"":1000,""241"":26806,""199"":82,""16"":122237,""12"":11071,""449"":0,""636"":307231,""1148"":25,""11"":8935106000,""14"":1160700155,""387"":""2b3430313938372e393333332d303038343131362e303136372b3030302e3036342f""}"
2026-07-01T07:20:17Z,862272088542776,Codec8E,2026-06-28 17:43:26.000 UTC,1782668606000,0,40.1988450,-8.4115066,64,48,12,16,0,"{""239"":1,""240"":1,""21"":5,""200"":0,""69"":1,""237"":2,""113"":100,""303"":1,""383"":3,""1149"":7,""181"":12,""182"":8,""66"":14872,""24"":16,""206"":48740,""67"":4130,""68"":0,""13"":930,""17"":192,""18"":-21,""19"":-23,""15"":1000,""241"":26806,""199"":92,""16"":122247,""12"":11071,""449"":0,""636"":307231,""1148"":25,""11"":8935106000,""14"":1160700155,""387"":""2b3430313938382e343530302d303038343131352e303636372b3030302e3036342f""}"
2026-07-01T07:20:17Z,862272088542776,Codec8E,2026-06-28 17:43:27.000 UTC,1782668607000,0,40.1988399,-8.4114466,62,75,13,15,0,"{""239"":1,""240"":1,""21"":5,""200"":0,""69"":1,""237"":2,""113"":100,""303"":1,""383"":3,""1149"":7,""181"":14,""182"":7,""66"":14858,""24"":15,""206"":48740,""67"":4130,""68"":0,""13"":930,""17"":128,""18"":-22,""19"":35,""15"":1000,""241"":26806,""199"":97,""16"":122252,""12"":11071,""449"":0,""636"":307231,""1148"":25,""11"":8935106000,""14"":1160700155,""387"":""2b3430313938382e343030302d303038343131342e343636372b3030302e3036322f""}"
2026-07-01T07:20:17Z,862272088542776,Codec8E,2026-06-28 17:43:28.000 UTC,1782668608000,0,40.1988350,-8.4114100,61,87,13,14,0,"{""239"":1,""240"":1,""21"":5,""200"":0,""69"":1,""237"":2,""113"":100,""303"":1,""383"":3,""1149"":7,""181"":14,""182"":7,""66"":14938,""24"":14,""206"":48740,""67"":4129,""68"":0,""13"":930,""17"":62,""18"":-38,""19"":0,""15"":1000,""241"":26806,""199"":100,""16"":122255,""12"":11071,""449"":0,""636"":307231,""1148"":25,""11"":8935106000,""14"":1160700155,""387"":""2b3430313938382e333530302d303038343131342e313030302b3030302e3036312f""}"
2026-07-01T07:20:17Z,862272088542776,Codec8E,2026-06-28 17:43:29.000 UTC,1782668609000,0,40.1988366,-8.4113916,61,77,13,12,0,"{""239"":1,""240"":1,""21"":5,""200"":0,""69"":1,""237"":2,""113"":100,""303"":1,""383"":3,""1149"":7,""181"":14,""182"":7,""66"":14859,""24"":12,""206"":48740,""67"":4129,""68"":0,""13"":930,""17"":72,""18"":-34,""19"":3,""15"":1000,""241"":26806,""199"":100,""16"":122255,""12"":11071,""449"":0,""636"":307231,""1148"":25,""11"":8935106000,""14"":1160700155,""387"":""2b3430313938382e333636372d303038343131332e393136372b3030302e3036312f""}"
2026-07-01T07:20:17Z,862272088542776,Codec8E,2026-06-28 17:43:34.000 UTC,1782668614000,0,40.1988433,-8.4113750,61,77,12,2,0,"{""239"":1,""240"":1,""21"":5,""200"":0,""69"":1,""237"":2,""113"":100,""303"":1,""383"":3,""1149"":7,""181"":12,""182"":9,""66"":14892,""24"":2,""206"":48740,""67"":4128,""68"":0,""13"":930,""17"":-91,""18"":-34,""19"":13,""15"":1000,""241"":26806,""199"":103,""16"":122258,""12"":11071,""449"":0,""636"":307231,""1148"":25,""11"":8935106000,""14"":1160700155,""387"":""2b3430313938382e343333332d303038343131332e373530302b3030302e3036312f""}"
2026-07-01T07:20:17Z,862272088542776,Codec8E,2026-06-28 17:43:36.000 UTC,1782668616000,0,40.1988333,-8.4113050,61,99,12,4,303,"{""239"":1,""240"":1,""21"":5,""200"":0,""69"":1,""237"":2,""113"":100,""303"":0,""383"":3,""1149"":7,""181"":13,""182"":9,""66"":14895,""24"":4,""206"":48740,""67"":4129,""68"":0,""13"":930,""17"":-153,""18"":-30,""19"":17,""15"":1000,""241"":26806,""199"":103,""16"":122258,""12"":11071,""449"":0,""636"":307231,""1148"":25,""11"":8935106000,""14"":1160700155,""387"":""2b3430313938382e333333332d303038343131332e303530302b3030302e3036312f""}"
2026-07-01T07:20:17Z,862272088542776,Codec8E,2026-06-28 17:43:39.000 UTC,1782668619000,0,40.1988350,-8.4111966,61,89,12,10,0,"{""239"":1,""240"":1,""21"":5,""200"":0,""69"":1,""237"":2,""113"":100,""303"":0,""383"":3,""1149"":7,""181"":15,""182"":9,""66"":14869,""24"":10,""206"":48740,""67"":4129,""68"":0,""13"":930,""17"":-68,""18"":-32,""19"":33,""15"":1000,""241"":26806,""199"":118,""16"":122273,""12"":11071,""449"":0,""636"":307231,""1148"":25,""11"":8935106000,""14"":1160700155,""387"":""2b3430313938382e333530302d303038343131312e393636372b3030302e3036312f""}"
2026-07-01T07:20:19Z,862272088542776,Codec8E,2026-06-28 17:43:43.000 UTC,1782668623000,0,40.1988583,-8.4108733,61,87,12,20,0,"{""239"":1,""240"":1,""21"":5,""200"":0,""69"":1,""237"":2,""113"":100,""303"":0,""383"":3,""1149"":7,""181"":16,""182"":8,""66"":14851,""24"":20,""206"":48740,""67"":4130,""68"":0,""13"":930,""17"":206,""18"":-36,""19"":66,""15"":1000,""241"":26806,""199"":146,""16"":122301,""12"":11071,""449"":0,""636"":307231,""1148"":25,""11"":8935106000,""14"":1160700155,""387"":""2b3430313938382e353833332d303038343130382e373333332b3030302e3036312f""}"
2026-07-01T07:20:19Z,862272088542776,Codec8E,2026-06-28 17:43:43.010 UTC,1782668623010,0,40.1988683,-8.4107950,61,88,12,20,303,"{""239"":1,""240"":1,""21"":5,""200"":0,""69"":1,""237"":2,""113"":100,""303"":1,""383"":3,""1149"":7,""181"":16,""182"":8,""66"":14935,""24"":20,""206"":48740,""67"":4130,""68"":0,""13"":930,""17"":277,""18"":-73,""19"":53,""15"":1000,""241"":26806,""199"":153,""16"":122308,""12"":11071,""449"":0,""636"":307231,""1148"":25,""11"":8935106000,""14"":1160700155,""387"":""2b3430313938382e363833332d303038343130372e393530302b3030302e3036312f""}"
2026-07-01T07:20:19Z,862272088542776,Codec8E,2026-06-28 17:43:47.000 UTC,1782668627000,0,40.1989016,-8.4106416,61,57,11,17,0,"{""239"":1,""240"":1,""21"":5,""200"":0,""69"":1,""237"":2,""113"":100,""303"":1,""383"":3,""1149"":7,""181"":16,""182"":10,""66"":14859,""24"":17,""206"":48740,""67"":4128,""68"":0,""13"":930,""17"":-118,""18"":-204,""19"":29,""15"":1000,""241"":26806,""199"":166,""16"":122321,""12"":11071,""449"":0,""636"":307231,""1148"":25,""11"":8935106000,""14"":1160700155,""387"":""2b3430313938392e303136372d303038343130362e343136372b3030302e3036312f""}"
2026-07-01T07:20:19Z,862272088542776,Codec8E,2026-06-28 17:43:48.000 UTC,1782668628000,0,40.1989249,-8.4106166,61,38,11,16,0,"{""239"":1,""240"":1,""21"":5,""200"":0,""69"":1,""237"":2,""113"":100,""303"":1,""383"":3,""1149"":7,""181"":13,""182"":9,""66"":14943,""24"":16,""206"":48740,""67"":4129,""68"":0,""13"":930,""17"":-136,""18"":-127,""19"":9,""15"":1000,""241"":26806,""199"":170,""16"":122325,""12"":11071,""449"":0,""636"":307231,""1148"":25,""11"":8935106000,""14"":1160700155,""387"":""2b3430313938392e323530302d303038343130362e313636372b3030302e3036312f""}"
2026-07-01T07:20:19Z,862272088542776,Codec8E,2026-06-28 17:43:49.000 UTC,1782668629000,0,40.1989516,-8.4105983,61,26,11,15,0,"{""239"":1,""240"":1,""21"":5,""200"":0,""69"":1,""237"":2,""113"":100,""303"":1,""383"":3,""1149"":7,""181"":16,""182"":10,""66"":14839,""24"":15,""206"":48740,""67"":4128,""68"":0,""13"":930,""17"":-196,""18"":48,""19"":55,""15"":1000,""241"":26806,""199"":173,""16"":122328,""12"":11071,""449"":0,""636"":307231,""1148"":25,""11"":8935106000,""14"":1160700155,""387"":""2b3430313938392e353136372d303038343130352e393833332b3030302e3036312f""}"
2026-07-01T07:20:20Z,862272088542776,Codec8E,2026-06-28 17:43:50.000 UTC,1782668630000,0,40.1990116,-8.4105833,60,15,12,15,0,"{""239"":1,""240"":1,""21"":5,""200"":0,""69"":1,""237"":2,""113"":100,""303"":1,""383"":3,""1149"":7,""181"":18,""182"":8,""66"":14932,""24"":15,""206"":48740,""67"":4128,""68"":0,""13"":930,""17"":-143,""18"":4,""19"":13,""15"":1000,""241"":26806,""199"":180,""16"":122335,""12"":11071,""449"":0,""636"":307231,""1148"":25,""11"":8935106000,""14"":1160700155,""387"":""2b3430313939302e313136372d303038343130352e383333332b3030302e3036302f""}"
2026-07-01T07:20:20Z,862272088542776,Codec8E,2026-06-28 17:43:54.000 UTC,1782668634000,0,40.1993333,-8.4105533,60,3,11,25,0,"{""239"":1,""240"":1,""21"":5,""200"":0,""69"":1,""237"":2,""113"":100,""303"":1,""383"":3,""1149"":7,""181"":12,""182"":9,""66"":14895,""24"":25,""206"":48740,""67"":4130,""68"":0,""13"":930,""17"":22,""18"":-33,""19"":27,""15"":1000,""241"":26806,""199"":216,""16"":122371,""12"":11071,""449"":0,""636"":307231,""1148"":72,""11"":8935106000,""14"":1160700155,""387"":""2b3430313939332e333333332d303038343130352e353333332b3030302e3036302f""}"
2026-07-01T07:20:20Z,862272088542776,Codec8E,2026-06-28 17:43:59.000 UTC,1782668639000,0,40.1998266,-8.4106033,60,356,10,35,0,"{""239"":1,""240"":1,""21"":5,""200"":0,""69"":1,""237"":2,""113"":100,""303"":1,""383"":3,""1149"":7,""181"":20,""182"":9,""66"":14932,""24"":35,""206"":48740,""67"":4129,""68"":0,""13"":930,""17"":51,""18"":-12,""19"":49,""15"":1000,""241"":26806,""199"":271,""16"":122426,""12"":11071,""449"":0,""636"":307231,""1148"":72,""11"":8935106000,""14"":1160700155,""387"":""2b3430313939382e323636372d303038343130362e303333332b3030302e3036302f""}"
2026-07-01T07:20:20Z,862272088542776,Codec8E,2026-06-28 17:44:06.000 UTC,1782668646000,0,40.2004383,-8.4106800,60,344,10,33,0,"{""239"":1,""240"":1,""21"":5,""200"":0,""69"":1,""237"":2,""113"":100,""303"":1,""383"":3,""1149"":7,""181"":13,""182"":10,""66"":14822,""24"":33,""206"":48740,""67"":4129,""68"":0,""13"":930,""17"":88,""18"":-70,""19"":69,""15"":1000,""241"":26806,""199"":340,""16"":122495,""12"":11071,""449"":0,""636"":307231,""1148"":72,""11"":8935106000,""14"":1160700155,""387"":""2b3430323030342e333833332d303038343130362e383030302b3030302e3036302f""}"
2026-07-01T07:20:20Z,862272088542776,Codec8E,2026-06-28 17:44:08.000 UTC,1782668648000,0,40.2005666,-8.4107866,59,329,8,31,0,"{""239"":1,""240"":1,""21"":5,""200"":0,""69"":1,""237"":2,""113"":100,""303"":1,""383"":3,""1149"":7,""181"":15,""182"":12,""66"":14821,""24"":31,""206"":48740,""67"":4128,""68"":0,""13"":930,""17"":202,""18"":215,""19"":21,""15"":1000,""241"":26806,""199"":357,""16"":122512,""12"":11071,""449"":0,""636"":307231,""1148"":72,""11"":8935106000,""14"":1160700155,""387"":""2b3430323030352e363636372d303038343130372e383636372b3030302e3035392f""}"
2026-07-01T07:20:20Z,862272088542776,Codec8E,2026-06-28 17:44:10.000 UTC,1782668650000,0,40.2006600,-8.4108366,57,359,8,26,0,"{""239"":1,""240"":1,""21"":5,""200"":0,""69"":1,""237"":2,""113"":100,""303"":1,""383"":3,""1149"":7,""181"":22,""182"":12,""66"":14836,""24"":26,""206"":48740,""67"":4129,""68"":0,""13"":930,""17"":108,""18"":281,""19"":-30,""15"":1000,""241"":26806,""199"":368,""16"":122523,""12"":11071,""449"":0,""636"":310816,""1148"":72,""11"":8935106000,""14"":1160700155,""387"":""2b3430323030362e363030302d303038343130382e333636372b3030302e3035372f""}"
2026-07-01T07:20:20Z,862272088542776,Codec8E,2026-06-28 17:44:12.000 UTC,1782668652000,0,40.2007383,-8.4108099,57,18,8,22,0,"{""239"":1,""240"":1,""21"":5,""200"":0,""69"":1,""237"":2,""113"":100,""303"":1,""383"":3,""1149"":7,""181"":16,""182"":12,""66"":14839,""24"":22,""206"":48740,""67"":4129,""68"":0,""13"":930,""17"":-156,""18"":84,""19"":141,""15"":1000,""241"":26806,""199"":378,""16"":122533,""12"":11071,""449"":0,""636"":310816,""1148"":72,""11"":8935106000,""14"":1160700155,""387"":""2b3430323030372e333833332d303038343130382e313030302b3030302e3035372f""}"
2026-07-01T07:20:20Z,862272088542776,Codec8E,2026-06-28 17:44:14.000 UTC,1782668654000,0,40.2007933,-8.4107116,57,39,9,19,0,"{""239"":1,""240"":1,""21"":5,""200"":0,""69"":1,""237"":2,""113"":100,""303"":1,""383"":3,""1149"":7,""181"":22,""182"":12,""66"":14820,""24"":19,""206"":48740,""67"":4130,""68"":0,""13"":930,""17"":9,""18"":-127,""19"":163,""15"":1000,""241"":26806,""199"":388,""16"":122543,""12"":11071,""449"":0,""636"":310816,""1148"":72,""11"":8935106000,""14"":1160700155,""387"":""2b3430323030372e393333332d303038343130372e313136372b3030302e3035372f""}"
2026-07-01T07:20:20Z,862272088542776,Codec8E,2026-06-28 17:44:15.000 UTC,1782668655000,0,40.2007983,-8.4106583,57,49,9,18,0,"{""239"":1,""240"":1,""21"":5,""200"":0,""69"":1,""237"":2,""113"":100,""303"":1,""383"":3,""1149"":7,""181"":15,""182"":11,""66"":14900,""24"":18,""206"":48740,""67"":4129,""68"":0,""13"":930,""17"":-7,""18"":-177,""19"":12,""15"":1000,""241"":26806,""199"":393,""16"":122548,""12"":11071,""449"":0,""636"":310816,""1148"":72,""11"":8935106000,""14"":1160700155,""387"":""2b3430323030372e393833332d303038343130362e353833332b3030302e3035372f""}"
2026-07-01T07:20:20Z,862272088542776,Codec8E,2026-06-28 17:44:16.000 UTC,1782668656000,0,40.2008249,-8.4104550,57,72,9,22,0,"{""239"":1,""240"":1,""21"":5,""200"":0,""69"":1,""237"":2,""113"":100,""303"":1,""383"":3,""1149"":7,""181"":21,""182"":12,""66"":14836,""24"":22,""206"":48740,""67"":4128,""68"":0,""13"":930,""17"":0,""18"":80,""19"":64,""15"":1000,""241"":26806,""199"":410,""16"":122565,""12"":11071,""449"":0,""636"":309792,""1148"":72,""11"":8935106000,""14"":1160700155,""387"":""2b3430323030382e323530302d303038343130342e353530302b3030302e3035372f""}"
2026-07-01T07:20:21Z,862272088542776,Codec8E,2026-06-28 17:44:19.000 UTC,1782668659000,0,40.2008266,-8.4100666,57,88,7,32,0,"{""239"":1,""240"":1,""21"":5,""200"":0,""69"":1,""237"":2,""113"":100,""303"":1,""383"":3,""1149"":7,""181"":17,""182"":14,""66"":14877,""24"":32,""206"":48740,""67"":4128,""68"":0,""13"":930,""17"":-165,""18"":29,""19"":121,""15"":1000,""241"":26806,""199"":444,""16"":122599,""12"":11071,""449"":0,""636"":307231,""1148"":72,""11"":8935106000,""14"":1160700155,""387"":""2b3430323030382e323636372d303038343130302e363636372b3030302e3035372f""}"
2026-07-01T07:20:21Z,862272088542776,Codec8E,2026-06-28 17:44:22.000 UTC,1782668662000,0,40.2007366,-8.4096333,57,99,10,38,0,"{""239"":1,""240"":1,""21"":5,""200"":0,""69"":1,""237"":2,""113"":100,""303"":1,""383"":3,""1149"":7,""181"":20,""182"":10,""66"":14898,""24"":38,""206"":48740,""67"":4128,""68"":0,""13"":930,""17"":-126,""18"":-70,""19"":50,""15"":1000,""241"":26806,""199"":482,""16"":122637,""12"":11071,""449"":0,""636"":307231,""1148"":72,""11"":8935106000,""14"":1160700155,""387"":""2b3430323030372e333636372d303038343039362e333333332b3030302e3035372f""}"
2026-07-01T07:20:21Z,862272088542776,Codec8E,2026-06-28 17:44:25.000 UTC,1782668665000,0,40.2006066,-8.4091783,57,112,10,42,0,"{""239"":1,""240"":1,""21"":5,""200"":0,""69"":1,""237"":2,""113"":100,""303"":1,""383"":3,""1149"":7,""181"":14,""182"":10,""66"":14901,""24"":42,""206"":48740,""67"":4128,""68"":0,""13"":930,""17"":-185,""18"":-81,""19"":60,""15"":1000,""241"":26806,""199"":523,""16"":122678,""12"":11071,""449"":0,""636"":307231,""1148"":82,""11"":8935106000,""14"":1160700155,""387"":""2b3430323030362e303636372d303038343039312e373833332b3030302e3035372f""}"
2026-07-01T07:20:21Z,862272088542776,Codec8E,2026-06-28 17:44:31.000 UTC,1782668671000,0,40.2004433,-8.4085216,57,101,10,32,0,"{""239"":1,""240"":1,""21"":5,""200"":0,""69"":1,""237"":2,""113"":100,""303"":1,""383"":3,""1149"":7,""181"":20,""182"":10,""66"":14869,""24"":32,""206"":48740,""67"":4128,""68"":0,""13"":930,""17"":-59,""18"":-203,""19"":20,""15"":1000,""241"":26806,""199"":582,""16"":122737,""12"":11071,""449"":0,""636"":307231,""1148"":82,""11"":8935106000,""14"":1160700155,""387"":""2b3430323030342e343333332d303038343038352e323136372b3030302e3035372f""}"
2026-07-01T07:20:21Z,862272088542776,Codec8E,2026-06-28 17:44:34.000 UTC,1782668674000,0,40.2004516,-8.4082783,56,86,12,26,0,"{""239"":1,""240"":1,""21"":5,""200"":0,""69"":1,""237"":2,""113"":100,""303"":1,""383"":3,""1149"":7,""181"":13,""182"":9,""66"":14877,""24"":26,""206"":48740,""67"":4128,""68"":0,""13"":930,""17"":66,""18"":227,""19"":82,""15"":1000,""241"":26806,""199"":603,""16"":122758,""12"":11071,""449"":0,""636"":307231,""1148"":82,""11"":8935106000,""14"":1160700155,""387"":""2b3430323030342e353136372d303038343038322e373833332b3030302e3035362f""}"
2026-07-01T07:20:21Z,862272088542776,Codec8E,2026-06-28 17:44:37.000 UTC,1782668677000,0,40.2004599,-8.4080583,55,99,11,24,0,"{""239"":1,""240"":1,""21"":5,""200"":0,""69"":1,""237"":2,""113"":100,""303"":1,""383"":3,""1149"":7,""181"":13,""182"":9,""66"":14843,""24"":24,""206"":48740,""67"":4128,""68"":0,""13"":930,""17"":164,""18"":-66,""19"":15,""15"":1000,""241"":26806,""199"":622,""16"":122777,""12"":11071,""449"":0,""636"":307231,""1148"":82,""11"":8935106000,""14"":1160700155,""387"":""2b3430323030342e363030302d303038343038302e353833332b3030302e3035352f""}"
2026-07-01T07:20:21Z,862272088542776,Codec8E,2026-06-28 17:44:40.000 UTC,1782668680000,0,40.2004666,-8.4077916,54,79,10,24,0,"{""239"":1,""240"":1,""21"":5,""200"":0,""69"":1,""237"":2,""113"":100,""303"":1,""383"":3,""1149"":7,""181"":19,""182"":10,""66"":14889,""24"":24,""206"":48740,""67"":4129,""68"":0,""13"":930,""17"":138,""18"":-230,""19"":36,""15"":1000,""241"":26806,""199"":645,""16"":122800,""12"":11071,""449"":0,""636"":307231,""1148"":82,""11"":8935106000,""14"":1160700155,""387"":""2b3430323030342e363636372d303038343037372e393136372b3030302e3035342f""}"
2026-07-01T07:20:21Z,862272088542776,Codec8E,2026-06-28 17:44:42.000 UTC,1782668682000,0,40.2005149,-8.4076300,54,65,10,24,0,"{""239"":1,""240"":1,""21"":5,""200"":0,""69"":1,""237"":2,""113"":100,""303"":1,""383"":3,""1149"":7,""181"":20,""182"":10,""66"":14895,""24"":24,""206"":48740,""67"":4128,""68"":0,""13"":930,""17"":124,""18"":-164,""19"":17,""15"":1000,""241"":26806,""199"":660,""16"":122815,""12"":11071,""449"":0,""636"":307231,""1148"":82,""11"":8935106000,""14"":1160700155,""387"":""2b3430323030352e313530302d303038343037362e333030302b3030302e3035342f""}"
2026-07-01T07:20:21Z,862272088542776,Codec8E,2026-06-28 17:44:44.000 UTC,1782668684000,0,40.2005883,-8.4075016,53,53,10,23,0,"{""239"":1,""240"":1,""21"":5,""200"":0,""69"":1,""237"":2,""113"":100,""303"":1,""383"":3,""1149"":7,""181"":19,""182"":10,""66"":14910,""24"":23,""206"":48740,""67"":4129,""68"":0,""13"":930,""17"":-136,""18"":85,""19"":-14,""15"":1000,""241"":26806,""199"":673,""16"":122828,""12"":11071,""449"":0,""636"":307231,""1148"":82,""11"":8935106000,""14"":1160700155,""387"":""2b3430323030352e383833332d303038343037352e303136372b3030302e3035332f""}"
2026-07-01T07:20:21Z,862272088542776,Codec8E,2026-06-28 17:44:46.000 UTC,1782668686000,0,40.2006999,-8.4073883,52,42,12,23,0,"{""239"":1,""240"":1,""21"":5,""200"":0,""69"":1,""237"":2,""113"":100,""303"":1,""383"":3,""1149"":7,""181"":12,""182"":8,""66"":14921,""24"":23,""206"":48740,""67"":4129,""68"":0,""13"":930,""17"":108,""18"":-290,""19"":124,""15"":1000,""241"":26806,""199"":689,""16"":122844,""12"":11071,""449"":0,""636"":307231,""1148"":82,""11"":8935106000,""14"":1160700155,""387"":""2b3430323030372e303030302d303038343037332e383833332b3030302e3035322f""}"
2026-07-01T07:20:23Z,862272088542776,Codec8E,2026-06-28 17:44:48.000 UTC,1782668688000,0,40.2008433,-8.4073083,51,25,12,24,0,"{""239"":1,""240"":1,""21"":5,""200"":0,""69"":1,""237"":2,""113"":100,""303"":1,""383"":3,""1149"":7,""181"":16,""182"":8,""66"":14929,""24"":24,""206"":48740,""67"":4128,""68"":0,""13"":930,""17"":27,""18"":-416,""19"":92,""15"":1000,""241"":26806,""199"":707,""16"":122862,""12"":11071,""449"":0,""636"":307231,""1148"":82,""11"":8935106000,""14"":1160700155,""387"":""2b3430323030382e343333332d303038343037332e303833332b3030302e3035312f""}"
2026-07-01T07:20:23Z,862272088542776,Codec8E,2026-06-28 17:44:50.000 UTC,1782668690000,0,40.2009866,-8.4072849,51,12,12,24,0,"{""239"":1,""240"":1,""21"":5,""200"":0,""69"":1,""237"":2,""113"":100,""303"":1,""383"":3,""1149"":7,""181"":15,""182"":8,""66"":14923,""24"":24,""206"":48740,""67"":4129,""68"":0,""13"":930,""17"":-159,""18"":-362,""19"":80,""15"":1000,""241"":26806,""199"":723,""16"":122878,""12"":11071,""449"":0,""636"":307231,""1148"":82,""11"":8935106000,""14"":1160700155,""387"":""2b3430323030392e383636372d303038343037322e383530302b3030302e3035312f""}"
2026-07-01T07:20:23Z,862272088542776,Codec8E,2026-06-28 17:44:51.000 UTC,1782668691000,0,40.2010099,-8.4073383,50,354,12,22,0,"{""239"":1,""240"":1,""21"":5,""200"":0,""69"":1,""237"":2,""113"":100,""303"":1,""383"":3,""1149"":7,""181"":16,""182"":8,""66"":14859,""24"":22,""206"":48740,""67"":4129,""68"":0,""13"":930,""17"":-117,""18"":-40,""19"":141,""15"":1000,""241"":26806,""199"":728,""16"":122883,""12"":11071,""449"":0,""636"":307231,""1148"":82,""11"":8935106000,""14"":1160700155,""387"":""2b3430323031302e313030302d303038343037332e333833332b3030302e3035302f""}"
2026-07-01T07:20:23Z,862272088542776,Codec8E,2026-06-28 17:44:52.000 UTC,1782668692000,0,40.2010333,-8.4074016,50,333,12,20,0,"{""239"":1,""240"":1,""21"":5,""200"":0,""69"":1,""237"":2,""113"":100,""303"":1,""383"":3,""1149"":7,""181"":12,""182"":8,""66"":14910,""24"":20,""206"":48740,""67"":4129,""68"":0,""13"":930,""17"":-88,""18"":118,""19"":49,""15"":1000,""241"":26806,""199"":734,""16"":122889,""12"":11071,""449"":0,""636"":307231,""1148"":82,""11"":8935106000,""14"":1160700155,""387"":""2b3430323031302e333333332d303038343037342e303136372b3030302e3035302f""}"
2026-07-01T07:20:23Z,862272088542776,Codec8E,2026-06-28 17:44:53.000 UTC,1782668693000,0,40.2010533,-8.4074866,49,312,12,20,0,"{""239"":1,""240"":1,""21"":5,""200"":0,""69"":1,""237"":2,""113"":100,""303"":1,""383"":3,""1149"":7,""181"":15,""182"":8,""66"":14863,""24"":20,""206"":48740,""67"":4128,""68"":0,""13"":930,""17"":-82,""18"":123,""19"":29,""15"":1000,""241"":26806,""199"":741,""16"":122896,""12"":11071,""449"":0,""636"":307231,""1148"":82,""11"":8935106000,""14"":1160700155,""387"":""2b3430323031302e353333332d303038343037342e383636372b3030302e3034392f""}"
2026-07-01T07:20:23Z,862272088542776,Codec8E,2026-06-28 17:44:54.000 UTC,1782668694000,0,40.2010650,-8.4076316,49,296,11,21,0,"{""239"":1,""240"":1,""21"":5,""200"":0,""69"":1,""237"":2,""113"":100,""303"":1,""383"":3,""1149"":7,""181"":13,""182"":8,""66"":14899,""24"":21,""206"":48740,""67"":4128,""68"":0,""13"":930,""17"":-60,""18"":-4,""19"":76,""15"":1000,""241"":26806,""199"":754,""16"":122909,""12"":11071,""449"":0,""636"":307231,""1148"":82,""11"":8935106000,""14"":1160700155,""387"":""2b3430323031302e363530302d303038343037362e333136372b3030302e3034392f""}"
2026-07-01T07:20:23Z,862272088542776,Codec8E,2026-06-28 17:44:56.000 UTC,1782668696000,0,40.2010933,-8.4079866,49,285,11,28,0,"{""239"":1,""240"":1,""21"":5,""200"":0,""69"":1,""237"":2,""113"":100,""303"":1,""383"":3,""1149"":7,""181"":19,""182"":9,""66"":14892,""24"":28,""206"":48740,""67"":4128,""68"":0,""13"":930,""17"":51,""18"":-192,""19"":15,""15"":1000,""241"":26806,""199"":784,""16"":122939,""12"":11071,""449"":0,""636"":307231,""1148"":82,""11"":8935106000,""14"":1160700155,""387"":""2b3430323031302e393333332d303038343037392e383636372b3030302e3034392f""}"
2026-07-01T07:20:23Z,862272088542776,Codec8E,2026-06-28 17:45:01.000 UTC,1782668701000,0,40.2012466,-8.4087199,44,290,11,38,0,"{""239"":1,""240"":1,""21"":4,""200"":0,""69"":1,""237"":2,""113"":100,""303"":1,""383"":3,""1149"":7,""181"":15,""182"":8,""66"":14839,""24"":38,""206"":48740,""67"":4128,""68"":0,""13"":930,""17"":-15,""18"":-90,""19"":59,""15"":1000,""241"":26806,""199"":849,""16"":123004,""12"":11071,""449"":0,""636"":310816,""1148"":82,""11"":8935106000,""14"":1160700155,""387"":""2b3430323031322e343636372d303038343038372e323030302b3030302e3034342f""}"
2026-07-01T07:20:23Z,862272088542776,Codec8E,2026-06-28 17:45:10.000 UTC,1782668710000,0,40.2015450,-8.4099316,41,291,10,42,0,"{""239"":1,""240"":1,""21"":4,""200"":0,""69"":1,""237"":2,""113"":100,""303"":1,""383"":3,""1149"":7,""181"":14,""182"":10,""66"":14826,""24"":42,""206"":48740,""67"":4128,""68"":0,""13"":930,""17"":175,""18"":183,""19"":50,""15"":1000,""241"":26806,""199"":957,""16"":123112,""12"":11071,""449"":0,""636"":307231,""1148"":82,""11"":8935106000,""14"":1160700155,""387"":""2b3430323031352e343530302d303038343039392e333136372b3030302e3034312f""}"
2026-07-01T07:20:23Z,862272088542776,Codec8E,2026-06-28 17:45:13.000 UTC,1782668713000,0,40.2016599,-8.4102266,40,307,9,36,0,"{""239"":1,""240"":1,""21"":4,""200"":0,""69"":1,""237"":2,""113"":100,""303"":1,""383"":3,""1149"":7,""181"":17,""182"":11,""66"":14857,""24"":36,""206"":48740,""67"":4128,""68"":0,""13"":930,""17"":-132,""18"":230,""19"":-9,""15"":1000,""241"":26806,""199"":986,""16"":123141,""12"":11071,""449"":0,""636"":310816,""1148"":82,""11"":8935106000,""14"":1160700155,""387"":""2b3430323031362e363030302d303038343130322e323636372b3030302e3034302f""}"
2026-07-01T07:20:24Z,862272088542776,Codec8E,2026-06-28 17:45:14.000 UTC,1782668714000,0,40.2017300,-8.4102650,40,328,9,34,0,"{""239"":1,""240"":1,""21"":4,""200"":0,""69"":1,""237"":2,""113"":100,""303"":1,""383"":3,""1149"":7,""181"":18,""182"":11,""66"":14915,""24"":34,""206"":48740,""67"":4129,""68"":0,""13"":930,""17"":-112,""18"":180,""19"":40,""15"":1000,""241"":26806,""199"":994,""16"":123149,""12"":11071,""449"":0,""636"":309792,""1148"":82,""11"":8935106000,""14"":1160700155,""387"":""2b3430323031372e333030302d303038343130322e363530302b3030302e3034302f""}"
2026-07-01T07:20:24Z,862272088542776,Codec8E,2026-06-28 17:45:17.000 UTC,1782668717000,0,40.2019383,-8.4103349,39,341,8,30,0,"{""239"":1,""240"":1,""21"":4,""200"":0,""69"":1,""237"":2,""113"":100,""303"":1,""383"":3,""1149"":7,""181"":15,""182"":12,""66"":14888,""24"":30,""206"":48740,""67"":4128,""68"":0,""13"":930,""17"":-23,""18"":-22,""19"":12,""15"":1000,""241"":26806,""199"":1018,""16"":123173,""12"":11071,""449"":0,""636"":309792,""1148"":82,""11"":8935106000,""14"":1160700155,""387"":""2b3430323031392e333833332d303038343130332e333530302b3030302e3033392f""}"
2026-07-01T07:20:24Z,862272088542776,Codec8E,2026-06-28 17:45:20.000 UTC,1782668720000,0,40.2021433,-8.4103633,37,352,6,28,0,"{""239"":1,""240"":1,""21"":4,""200"":0,""69"":1,""237"":2,""113"":100,""303"":1,""383"":3,""1149"":7,""181"":21,""182"":16,""66"":14916,""24"":28,""206"":48740,""67"":4128,""68"":0,""13"":930,""17"":520,""18"":-37,""19"":17,""15"":1000,""241"":26806,""199"":1042,""16"":123197,""12"":11071,""449"":0,""636"":309792,""1148"":82,""11"":8935106000,""14"":1160700155,""387"":""2b3430323032312e343333332d303038343130332e363333332b3030302e3033372f""}"
2026-07-01T07:20:24Z,862272088542776,Codec8E,2026-06-28 17:45:23.000 UTC,1782668723000,0,40.2022733,-8.4103283,36,339,9,21,0,"{""239"":1,""240"":1,""21"":4,""200"":0,""69"":1,""237"":2,""113"":100,""303"":1,""383"":3,""1149"":7,""181"":19,""182"":10,""66"":14894,""24"":21,""206"":48740,""67"":4128,""68"":0,""13"":930,""17"":-60,""18"":-33,""19"":5,""15"":1000,""241"":26806,""199"":1057,""16"":123212,""12"":11071,""449"":0,""636"":309792,""1148"":82,""11"":8935106000,""14"":1160700155,""387"":""2b3430323032322e373333332d303038343130332e323833332b3030302e3033362f""}"
2026-07-01T07:20:24Z,862272088542776,Codec8E,2026-06-28 17:45:26.000 UTC,1782668726000,0,40.2023216,-8.4102516,34,332,8,11,0,"{""239"":1,""240"":1,""21"":4,""200"":0,""69"":1,""237"":2,""113"":100,""303"":1,""383"":3,""1149"":7,""181"":14,""182"":11,""66"":14892,""24"":11,""206"":48740,""67"":4129,""68"":0,""13"":930,""17"":-554,""18"":18,""19"":11,""15"":1000,""241"":26806,""199"":1064,""16"":123219,""12"":11071,""449"":0,""636"":309792,""1148"":83,""11"":8935106000,""14"":1160700155,""387"":""2b3430323032332e323136372d303038343130322e353136372b3030302e3033342f""}"
2026-07-01T07:20:24Z,862272088542776,Codec8E,2026-06-28 17:45:27.000 UTC,1782668727000,0,40.2023466,-8.4102599,33,344,8,10,0,"{""239"":1,""240"":1,""21"":4,""200"":0,""69"":1,""237"":2,""113"":100,""303"":1,""383"":3,""1149"":7,""181"":14,""182"":11,""66"":14872,""24"":10,""206"":48740,""67"":4128,""68"":0,""13"":930,""17"":-429,""18"":-60,""19"":26,""15"":1000,""241"":26806,""199"":1069,""16"":123224,""12"":11071,""449"":0,""636"":309792,""1148"":83,""11"":8935106000,""14"":1160700155,""387"":""2b3430323032332e343636372d303038343130322e363030302b3030302e3033332f""}"
2026-07-01T07:20:24Z,862272088542776,Codec8E,2026-06-28 17:45:28.000 UTC,1782668728000,0,40.2024166,-8.4102483,32,6,7,12,0,"{""239"":1,""240"":1,""21"":4,""200"":0,""69"":1,""237"":2,""113"":100,""303"":1,""383"":3,""1149"":7,""181"":19,""182"":16,""66"":14886,""24"":12,""206"":48740,""67"":4128,""68"":0,""13"":930,""17"":-199,""18"":-71,""19"":39,""15"":1000,""241"":26806,""199"":1077,""16"":123232,""12"":11071,""449"":0,""636"":310816,""1148"":83,""11"":8935106000,""14"":1160700155,""387"":""2b3430323032342e313636372d303038343130322e343833332b3030302e3033322f""}"
2026-07-01T07:20:24Z,862272088542776,Codec8E,2026-06-28 17:45:32.000 UTC,1782668732000,0,40.2027583,-8.4102250,30,353,9,23,0,"{""239"":1,""240"":1,""21"":4,""200"":0,""69"":1,""237"":2,""113"":100,""303"":1,""383"":3,""1149"":7,""181"":14,""182"":10,""66"":14904,""24"":23,""206"":48740,""67"":4129,""68"":0,""13"":930,""17"":-21,""18"":-82,""19"":97,""15"":1000,""241"":26806,""199"":1115,""16"":123270,""12"":11071,""449"":0,""636"":307231,""1148"":83,""11"":8935106000,""14"":1160700155,""387"":""2b3430323032372e353833332d303038343130322e323530302b3030302e3033302f""}"
2026-07-01T07:20:24Z,862272088542776,Codec8E,2026-06-28 17:45:36.000 UTC,1782668736000,0,40.2031833,-8.4102616,30,356,11,33,0,"{""239"":1,""240"":1,""21"":4,""200"":0,""69"":1,""237"":2,""113"":100,""303"":1,""383"":3,""1149"":7,""181"":15,""182"":8,""66"":14862,""24"":33,""206"":48740,""67"":4129,""68"":0,""13"":930,""17"":-104,""18"":-38,""19"":41,""15"":1000,""241"":26806,""199"":1163,""16"":123318,""12"":11071,""449"":0,""636"":309791,""1148"":83,""11"":8935106000,""14"":1160700155,""387"":""2b3430323033312e383333332d303038343130322e363136372b3030302e3033302f""}"
2026-07-01T07:20:24Z,862272088542776,Codec8E,2026-06-28 17:45:45.000 UTC,1782668745000,0,40.2041033,-8.4103683,29,358,9,40,0,"{""239"":1,""240"":1,""21"":4,""200"":0,""69"":1,""237"":2,""113"":100,""303"":1,""383"":3,""1149"":7,""181"":18,""182"":9,""66"":14948,""24"":40,""206"":48740,""67"":4128,""68"":0,""13"":930,""17"":-117,""18"":-47,""19"":80,""15"":1000,""241"":26806,""199"":1266,""16"":123421,""12"":11071,""449"":0,""636"":310816,""1148"":83,""11"":8935106000,""14"":1160700155,""387"":""2b3430323034312e303333332d303038343130332e363833332b3030302e3032392f""}"
2026-07-01T07:20:25Z,862272088542776,Codec8E,2026-06-28 17:45:55.000 UTC,1782668755000,0,40.2050233,-8.4104866,29,347,10,31,0,"{""239"":1,""240"":1,""21"":5,""200"":0,""69"":1,""237"":2,""113"":100,""303"":1,""383"":3,""1149"":7,""181"":13,""182"":9,""66"":14906,""24"":31,""206"":48740,""67"":4129,""68"":0,""13"":930,""17"":-179,""18"":-302,""19"":22,""15"":1000,""241"":26806,""199"":1369,""16"":123524,""12"":11071,""449"":0,""636"":310816,""1148"":63,""11"":8935106000,""14"":1160700155,""387"":""2b3430323035302e323333332d303038343130342e383636372b3030302e3032392f""}"
2026-07-01T07:20:25Z,862272088542776,Codec8E,2026-06-28 17:45:57.000 UTC,1782668757000,0,40.2050816,-8.4106250,28,289,10,29,0,"{""239"":1,""240"":1,""21"":5,""200"":0,""69"":1,""237"":2,""113"":100,""303"":1,""383"":3,""1149"":7,""181"":21,""182"":10,""66"":14909,""24"":29,""206"":48740,""67"":4128,""68"":0,""13"":930,""17"":-223,""18"":-220,""19"":55,""15"":1000,""241"":26806,""199"":1386,""16"":123541,""12"":11071,""449"":0,""636"":310816,""1148"":63,""11"":8935106000,""14"":1160700155,""387"":""2b3430323035302e383136372d303038343130362e323530302b3030302e3032382f""}"
2026-07-01T07:20:25Z,862272088542776,Codec8E,2026-06-28 17:46:00.000 UTC,1782668760000,0,40.2050416,-8.4109800,28,257,8,32,0,"{""239"":1,""240"":1,""21"":5,""200"":0,""69"":1,""237"":2,""113"":100,""303"":1,""383"":3,""1149"":7,""181"":24,""182"":13,""66"":14862,""24"":32,""206"":48740,""67"":4128,""68"":0,""13"":930,""17"":-28,""18"":-57,""19"":-6,""15"":1000,""241"":26806,""199"":1418,""16"":123573,""12"":11071,""449"":0,""636"":310816,""1148"":63,""11"":8935106000,""14"":1160700155,""387"":""2b3430323035302e343136372d303038343130392e383030302b3030302e3032382f""}"
2026-07-01T07:20:25Z,862272088542776,Codec8E,2026-06-28 17:46:03.000 UTC,1782668763000,0,40.2049966,-8.4114450,28,267,8,38,0,"{""239"":1,""240"":1,""21"":5,""200"":0,""69"":1,""237"":2,""113"":100,""303"":1,""383"":3,""1149"":7,""181"":25,""182"":13,""66"":14924,""24"":38,""206"":48740,""67"":4128,""68"":0,""13"":930,""17"":-30,""18"":-144,""19"":82,""15"":1000,""241"":26806,""199"":1458,""16"":123613,""12"":11071,""449"":0,""636"":310816,""1148"":63,""11"":8935106000,""14"":1160700155,""387"":""2b3430323034392e393636372d303038343131342e343530302b3030302e3032382f""}"
2026-07-01T07:20:25Z,862272088542776,Codec8E,2026-06-28 17:46:07.000 UTC,1782668767000,0,40.2049233,-8.4120316,28,257,9,42,0,"{""239"":1,""240"":1,""21"":5,""200"":0,""69"":1,""237"":2,""113"":100,""303"":1,""383"":3,""1149"":7,""181"":21,""182"":11,""66"":14874,""24"":42,""206"":48740,""67"":4129,""68"":0,""13"":930,""17"":-52,""18"":-121,""19"":468,""15"":1000,""241"":26806,""199"":1509,""16"":123664,""12"":11071,""449"":0,""636"":310816,""1148"":63,""11"":8935106000,""14"":1160700155,""387"":""2b3430323034392e323333332d303038343132302e333136372b3030302e3032382f""}"
2026-07-01T07:20:28Z,862272088542776,Codec8E,2026-06-28 17:46:09.000 UTC,1782668769000,0,40.2048033,-8.4123200,29,244,8,43,0,"{""239"":1,""240"":1,""21"":5,""200"":0,""69"":1,""237"":2,""113"":100,""303"":1,""383"":3,""1149"":7,""181"":25,""182"":13,""66"":14860,""24"":43,""206"":48740,""67"":4129,""68"":0,""13"":930,""17"":-100,""18"":-134,""19"":27,""15"":1000,""241"":26806,""199"":1537,""16"":123692,""12"":11071,""449"":0,""636"":310816,""1148"":63,""11"":8935106000,""14"":1160700155,""387"":""2b3430323034382e303333332d303038343132332e323030302b3030302e3032392f""}"
2026-07-01T07:20:28Z,862272088542776,Codec8E,2026-06-28 17:46:13.000 UTC,1782668773000,0,40.2045549,-8.4128499,28,234,7,44,0,"{""239"":1,""240"":1,""21"":5,""200"":0,""69"":1,""237"":2,""113"":100,""303"":1,""383"":3,""1149"":7,""181"":51,""182"":33,""66"":14895,""24"":44,""206"":48740,""67"":4128,""68"":0,""13"":930,""17"":-50,""18"":-51,""19"":131,""15"":1000,""241"":26806,""199"":1590,""16"":123745,""12"":11071,""449"":0,""636"":310816,""1148"":63,""11"":8935106000,""14"":1160700155,""387"":""2b3430323034352e353530302d303038343132382e353030302b3030302e3032382f""}"
2026-07-01T07:20:28Z,862272088542776,Codec8E,2026-06-28 17:46:15.000 UTC,1782668775000,0,40.2043550,-8.4130666,29,222,7,46,0,"{""239"":1,""240"":1,""21"":5,""200"":0,""69"":1,""237"":2,""113"":100,""303"":1,""383"":3,""1149"":7,""181"":57,""182"":37,""66"":14846,""24"":46,""206"":48740,""67"":4128,""68"":0,""13"":930,""17"":-53,""18"":-29,""19"":51,""15"":1000,""241"":26806,""199"":1619,""16"":123774,""12"":11071,""449"":0,""636"":310816,""1148"":63,""11"":8935106000,""14"":1160700155,""387"":""2b3430323034332e353530302d303038343133302e363636372b3030302e3032392f""}"
2026-07-01T07:20:28Z,862272088542776,Codec8E,2026-06-28 17:46:21.000 UTC,1782668781000,0,40.2036633,-8.4138316,28,226,6,52,0,"{""239"":1,""240"":1,""21"":5,""200"":0,""69"":1,""237"":2,""113"":100,""303"":1,""383"":3,""1149"":7,""181"":26,""182"":24,""66"":14879,""24"":52,""206"":48740,""67"":4129,""68"":0,""13"":930,""17"":9,""18"":15,""19"":78,""15"":1000,""241"":26806,""199"":1720,""16"":123875,""12"":11071,""449"":0,""636"":310816,""1148"":63,""11"":8935106000,""14"":1160700155,""387"":""2b3430323033362e363333332d303038343133382e333136372b3030302e3032382f""}"
2026-07-01T07:20:28Z,862272088542776,Codec8E,2026-06-28 17:46:26.000 UTC,1782668786000,0,40.2033333,-8.4144750,27,236,6,47,0,"{""239"":1,""240"":1,""21"":5,""200"":0,""69"":1,""237"":2,""113"":100,""303"":1,""383"":3,""1149"":7,""181"":61,""182"":46,""66"":14920,""24"":47,""206"":48740,""67"":4129,""68"":0,""13"":930,""17"":-220,""18"":37,""19"":44,""15"":1000,""241"":26806,""199"":1787,""16"":123942,""12"":11071,""449"":0,""636"":310816,""1148"":79,""11"":8935106000,""14"":1160700155,""387"":""2b3430323033332e333333332d303038343134342e373530302b3030302e3032372f""}"
2026-07-01T07:20:28Z,862272088542776,Codec8E,2026-06-28 17:46:29.000 UTC,1782668789000,0,40.2033433,-8.4150166,26,262,7,48,0,"{""239"":1,""240"":1,""21"":5,""200"":0,""69"":1,""237"":2,""113"":100,""303"":1,""383"":3,""1149"":7,""181"":16,""182"":13,""66"":14849,""24"":48,""206"":48740,""67"":4129,""68"":0,""13"":930,""17"":-149,""18"":17,""19"":19,""15"":1000,""241"":26806,""199"":1835,""16"":123990,""12"":11071,""449"":0,""636"":310816,""1148"":79,""11"":8935106000,""14"":1160700155,""387"":""2b3430323033332e343333332d303038343135302e313636372b3030302e3032362f""}"
2026-07-01T07:20:28Z,862272088542776,Codec8E,2026-06-28 17:46:36.000 UTC,1782668796000,0,40.2032666,-8.4163700,26,260,7,54,0,"{""239"":1,""240"":1,""21"":5,""200"":0,""69"":1,""237"":2,""113"":100,""303"":1,""383"":3,""1149"":7,""181"":55,""182"":39,""66"":14886,""24"":54,""206"":48740,""67"":4128,""68"":0,""13"":930,""17"":-24,""18"":-73,""19"":134,""15"":1000,""241"":26806,""199"":1950,""16"":124105,""12"":11071,""449"":0,""636"":310816,""1148"":79,""11"":8935106000,""14"":1160700155,""387"":""2b3430323033322e363636372d303038343136332e373030302b3030302e3032362f""}"
2026-07-01T07:20:28Z,862272088542776,Codec8E,2026-06-28 17:46:41.000 UTC,1782668801000,0,40.2032583,-8.4172166,27,270,8,53,0,"{""239"":1,""240"":1,""21"":5,""200"":0,""69"":1,""237"":2,""113"":100,""303"":1,""383"":3,""1149"":7,""181"":15,""182"":12,""66"":14876,""24"":53,""206"":48740,""67"":4128,""68"":0,""13"":930,""17"":-140,""18"":24,""19"":128,""15"":1000,""241"":26806,""199"":2022,""16"":124177,""12"":11071,""449"":0,""636"":310816,""1148"":79,""11"":8935106000,""14"":1160700155,""387"":""2b3430323033322e353833332d303038343137322e313636372b3030302e3032372f""}"
2026-07-01T07:20:28Z,862272088542776,Codec8E,2026-06-28 17:46:48.000 UTC,1782668808000,0,40.2033416,-8.4182433,30,260,8,49,0,"{""239"":1,""240"":1,""21"":5,""200"":0,""69"":1,""237"":2,""113"":100,""303"":1,""383"":3,""1149"":7,""181"":29,""182"":14,""66"":14884,""24"":49,""206"":48740,""67"":4128,""68"":0,""13"":930,""17"":-149,""18"":-144,""19"":34,""15"":1000,""241"":26806,""199"":2111,""16"":124266,""12"":11071,""449"":0,""636"":310816,""1148"":79,""11"":8935106000,""14"":1160700155,""387"":""2b3430323033332e343136372d303038343138322e343333332b3030302e3033302f""}"
2026-07-01T07:20:28Z,862272088542776,Codec8E,2026-06-28 17:46:49.000 UTC,1782668809000,0,40.2032833,-8.4183866,30,248,8,48,0,"{""239"":1,""240"":1,""21"":5,""200"":0,""69"":1,""237"":2,""113"":100,""303"":1,""383"":3,""1149"":7,""181"":31,""182"":14,""66"":14882,""24"":48,""206"":48740,""67"":4128,""68"":0,""13"":930,""17"":-131,""18"":-59,""19"":23,""15"":1000,""241"":26806,""199"":2125,""16"":124280,""12"":11071,""449"":0,""636"":310816,""1148"":79,""11"":8935106000,""14"":1160700155,""387"":""2b3430323033322e383333332d303038343138332e383636372b3030302e3033302f""}"
2026-07-01T07:20:28Z,862272088542776,Codec8E,2026-06-28 17:46:55.000 UTC,1782668815000,0,40.2030300,-8.4191700,31,258,8,45,0,"{""239"":1,""240"":1,""21"":5,""200"":0,""69"":1,""237"":2,""113"":100,""303"":1,""383"":3,""1149"":7,""181"":31,""182"":14,""66"":14909,""24"":45,""206"":48740,""67"":4128,""68"":0,""13"":930,""17"":-28,""18"":431,""19"":37,""15"":1000,""241"":26806,""199"":2198,""16"":124353,""12"":11071,""449"":0,""636"":310816,""1148"":79,""11"":8935106000,""14"":1160700155,""387"":""2b3430323033302e333030302d303038343139312e373030302b3030302e3033312f""}"
2026-07-01T07:20:28Z,862272088542776,Codec8E,2026-06-28 17:46:56.000 UTC,1782668816000,0,40.2030533,-8.4192766,31,273,8,43,0,"{""239"":1,""240"":1,""21"":5,""200"":0,""69"":1,""237"":2,""113"":100,""303"":1,""383"":3,""1149"":7,""181"":31,""182"":14,""66"":14864,""24"":43,""206"":48740,""67"":4128,""68"":0,""13"":930,""17"":-249,""18"":349,""19"":18,""15"":1000,""241"":26806,""199"":2208,""16"":124363,""12"":11071,""449"":0,""636"":310816,""1148"":79,""11"":8935106000,""14"":1160700155,""387"":""2b3430323033302e353333332d303038343139322e373636372b3030302e3033312f""}"
2026-07-01T07:20:28Z,862272088542776,Codec8E,2026-06-28 17:46:57.000 UTC,1782668817000,0,40.2030966,-8.4193649,31,292,8,41,0,"{""239"":1,""240"":1,""21"":5,""200"":0,""69"":1,""237"":2,""113"":100,""303"":1,""383"":3,""1149"":7,""181"":31,""182"":14,""66"":14889,""24"":41,""206"":48740,""67"":4128,""68"":0,""13"":930,""17"":-262,""18"":268,""19"":-14,""15"":1000,""241"":26806,""199"":2217,""16"":124372,""12"":11071,""449"":0,""636"":310816,""1148"":79,""11"":8935106000,""14"":1160700155,""387"":""2b3430323033302e393636372d303038343139332e363530302b3030302e3033312f""}"
2026-07-01T07:20:28Z,862272088542776,Codec8E,2026-06-28 17:47:00.000 UTC,1782668820000,0,40.2033100,-8.4195916,33,309,8,38,0,"{""239"":1,""240"":1,""21"":5,""200"":0,""69"":1,""237"":2,""113"":100,""303"":1,""383"":3,""1149"":7,""181"":16,""182"":11,""66"":14899,""24"":38,""206"":48740,""67"":4128,""68"":0,""13"":930,""17"":-146,""18"":-108,""19"":49,""15"":1000,""241"":26806,""199"":2248,""16"":124403,""12"":11071,""449"":0,""636"":310816,""1148"":79,""11"":8935106000,""14"":1160700155,""387"":""2b3430323033332e313030302d303038343139352e393136372b3030302e3033332f""}"
2026-07-01T07:20:28Z,862272088542776,Codec8E,2026-06-28 17:47:02.000 UTC,1782668822000,0,40.2036183,-8.4196199,33,342,9,41,0,"{""239"":1,""240"":1,""21"":5,""200"":0,""69"":1,""237"":2,""113"":100,""303"":1,""383"":3,""1149"":1,""181"":19,""182"":10,""66"":14915,""24"":41,""206"":48740,""67"":4128,""68"":0,""13"":930,""17"":-97,""18"":46,""19"":63,""15"":1000,""241"":26806,""199"":2284,""16"":124439,""12"":11071,""449"":0,""636"":339211,""1148"":79,""11"":8935106000,""14"":1160700155,""387"":""2b3430323033362e313833332d303038343139362e323030302b3030302e3033332f""}"
2026-07-01T07:20:29Z,862272088542776,Codec8E,2026-06-28 17:47:06.000 UTC,1782668826000,0,40.2041833,-8.4197666,33,346,10,52,0,"{""239"":1,""240"":1,""21"":4,""200"":0,""69"":1,""237"":2,""113"":100,""303"":1,""383"":3,""1149"":1,""181"":12,""182"":9,""66"":14858,""24"":52,""206"":48740,""67"":4129,""68"":0,""13"":930,""17"":1,""18"":39,""19"":162,""15"":1000,""241"":26806,""199"":2348,""16"":124503,""12"":11071,""449"":0,""636"":339211,""1148"":79,""11"":8935106000,""14"":1160700155,""387"":""2b3430323034312e383333332d303038343139372e363636372b3030302e3033332f""}"
2026-07-01T07:20:29Z,862272088542776,Codec8E,2026-06-28 17:47:12.000 UTC,1782668832000,0,40.2050983,-8.4200116,32,344,9,60,0,"{""239"":1,""240"":1,""21"":4,""200"":0,""69"":1,""237"":2,""113"":100,""303"":1,""383"":3,""1149"":1,""181"":15,""182"":10,""66"":14872,""24"":60,""206"":48740,""67"":4128,""68"":0,""13"":930,""17"":13,""18"":8,""19"":104,""15"":1000,""241"":26806,""199"":2451,""16"":124606,""12"":11071,""449"":0,""636"":339211,""1148"":79,""11"":8935106000,""14"":1160700155,""387"":""2b3430323035302e393833332d303038343230302e313136372b3030302e3033322f""}"
2026-07-01T07:20:29Z,862272088542776,Codec8E,2026-06-28 17:47:19.000 UTC,1782668839000,0,40.2061183,-8.4202566,29,346,9,57,0,"{""239"":1,""240"":1,""21"":4,""200"":0,""69"":1,""237"":2,""113"":100,""303"":1,""383"":3,""1149"":1,""181"":14,""182"":10,""66"":14879,""24"":57,""206"":48740,""67"":4128,""68"":0,""13"":930,""17"":193,""18"":43,""19"":80,""15"":1000,""241"":26806,""199"":2567,""16"":124722,""12"":11071,""449"":0,""636"":339211,""1148"":79,""11"":8935106000,""14"":1160700155,""387"":""2b3430323036312e313833332d303038343230322e353636372b3030302e3032392f""}"
2026-07-01T07:20:29Z,862272088542776,Codec8E,2026-06-28 17:47:25.000 UTC,1782668845000,0,40.2067283,-8.4202733,28,8,9,43,0,"{""239"":1,""240"":1,""21"":4,""200"":0,""69"":1,""237"":2,""113"":100,""303"":1,""383"":3,""1149"":1,""181"":30,""182"":13,""66"":14880,""24"":43,""206"":48740,""67"":4128,""68"":0,""13"":930,""17"":19,""18"":-68,""19"":344,""15"":1000,""241"":26806,""199"":2638,""16"":124793,""12"":11071,""449"":0,""636"":609066,""1148"":74,""11"":8935106000,""14"":1160700155,""387"":""2b3430323036372e323833332d303038343230322e373333332b3030302e3032382f""}"
2026-07-01T07:20:29Z,862272088542776,Codec8E,2026-06-28 17:47:27.000 UTC,1782668847000,0,40.2068216,-8.4202050,28,20,9,34,0,"{""239"":1,""240"":1,""21"":4,""200"":0,""69"":1,""237"":2,""113"":100,""303"":1,""383"":3,""1149"":1,""181"":28,""182"":13,""66"":14889,""24"":34,""206"":48740,""67"":4128,""68"":0,""13"":930,""17"":-49,""18"":144,""19"":171,""15"":1000,""241"":26806,""199"":2650,""16"":124805,""12"":11071,""449"":0,""636"":1604394,""1148"":74,""11"":8935106000,""14"":1160700155,""387"":""2b3430323036382e323136372d303038343230322e303530302b3030302e3032382f""}"
2026-07-01T07:20:29Z,862272088542776,Codec8E,2026-06-28 17:47:30.000 UTC,1782668850000,0,40.2069383,-8.4201083,28,30,10,26,0,"{""239"":1,""240"":1,""21"":4,""200"":0,""69"":1,""237"":2,""113"":100,""303"":1,""383"":3,""1149"":1,""181"":20,""182"":10,""66"":14873,""24"":26,""206"":48740,""67"":4128,""68"":0,""13"":930,""17"":92,""18"":41,""19"":202,""15"":1000,""241"":26806,""199"":2666,""16"":124821,""12"":11071,""449"":0,""636"":1604394,""1148"":74,""11"":8935106000,""14"":1160700155,""387"":""2b3430323036392e333833332d303038343230312e303833332b3030302e3032382f""}"
2026-07-01T07:20:29Z,862272088542776,Codec8E,2026-06-28 17:47:33.000 UTC,1782668853000,0,40.2070316,-8.4200466,29,358,8,21,0,"{""239"":1,""240"":1,""21"":4,""200"":0,""69"":1,""237"":2,""113"":100,""303"":1,""383"":3,""1149"":1,""181"":23,""182"":12,""66"":14880,""24"":21,""206"":48740,""67"":4129,""68"":0,""13"":930,""17"":-9,""18"":-268,""19"":209,""15"":1000,""241"":26806,""199"":2678,""16"":124833,""12"":11071,""449"":0,""636"":1604394,""1148"":74,""11"":8935106000,""14"":1160700155,""387"":""2b3430323037302e333136372d303038343230302e343636372b3030302e3032392f""}"
2026-07-01T07:20:29Z,862272088542776,Codec8E,2026-06-28 17:47:34.000 UTC,1782668854000,0,40.2070600,-8.4200666,28,329,9,19,0,"{""239"":1,""240"":1,""21"":4,""200"":0,""69"":1,""237"":2,""113"":100,""303"":1,""383"":3,""1149"":1,""181"":24,""182"":11,""66"":14886,""24"":19,""206"":48740,""67"":4128,""68"":0,""13"":930,""17"":-101,""18"":-148,""19"":187,""15"":1000,""241"":26806,""199"":2681,""16"":124836,""12"":11071,""449"":0,""636"":1604394,""1148"":74,""11"":8935106000,""14"":1160700155,""387"":""2b3430323037302e363030302d303038343230302e363636372b3030302e3032382f""}"
2026-07-01T07:20:29Z,862272088542776,Codec8E,2026-06-28 17:47:36.000 UTC,1782668856000,0,40.2070516,-8.4201333,31,298,9,18,0,"{""239"":1,""240"":1,""21"":4,""200"":0,""69"":1,""237"":2,""113"":100,""303"":1,""383"":3,""1149"":1,""181"":14,""182"":11,""66"":14876,""24"":18,""206"":48740,""67"":4129,""68"":0,""13"":930,""17"":-55,""18"":-395,""19"":165,""15"":1000,""241"":26806,""199"":2687,""16"":124842,""12"":11071,""449"":0,""636"":1604394,""1148"":74,""11"":8935106000,""14"":1160700155,""387"":""2b3430323037302e353136372d303038343230312e333333332b3030302e3033312f""}"
2026-07-01T07:20:29Z,862272088542776,Codec8E,2026-06-28 17:47:38.000 UTC,1782668858000,0,40.2070566,-8.4202383,30,279,10,18,0,"{""239"":1,""240"":1,""21"":4,""200"":0,""69"":1,""237"":2,""113"":100,""303"":1,""383"":3,""1149"":1,""181"":13,""182"":9,""66"":14869,""24"":18,""206"":48740,""67"":4128,""68"":0,""13"":930,""17"":-72,""18"":-340,""19"":0,""15"":1000,""241"":26806,""199"":2696,""16"":124851,""12"":11071,""449"":0,""636"":1604394,""1148"":74,""11"":8935106000,""14"":1160700155,""387"":""2b3430323037302e353636372d303038343230322e333833332b3030302e3033302f""}"
2026-07-01T07:20:31Z,862272088542776,Codec8E,2026-06-28 17:47:39.000 UTC,1782668859000,0,40.2070350,-8.4202800,31,253,10,18,0,"{""239"":1,""240"":1,""21"":4,""200"":0,""69"":1,""237"":2,""113"":100,""303"":1,""383"":3,""1149"":1,""181"":20,""182"":10,""66"":14921,""24"":18,""206"":48740,""67"":4128,""68"":0,""13"":930,""17"":-130,""18"":51,""19"":116,""15"":1000,""241"":26806,""199"":2700,""16"":124855,""12"":11071,""449"":0,""636"":1604394,""1148"":74,""11"":8935106000,""14"":1160700155,""387"":""2b3430323037302e333530302d303038343230322e383030302b3030302e3033312f""}"
2026-07-01T07:20:31Z,862272088542776,Codec8E,2026-06-28 17:47:42.000 UTC,1782668862000,0,40.2069799,-8.4204000,32,237,11,17,0,"{""239"":1,""240"":1,""21"":4,""200"":0,""69"":1,""237"":2,""113"":100,""303"":1,""383"":3,""1149"":1,""181"":16,""182"":8,""66"":14851,""24"":17,""206"":48740,""67"":4129,""68"":0,""13"":930,""17"":45,""18"":-23,""19"":176,""15"":1000,""241"":26806,""199"":2712,""16"":124867,""12"":11071,""449"":0,""636"":609066,""1148"":74,""11"":8935106000,""14"":1160700155,""387"":""2b3430323036392e383030302d303038343230342e303030302b3030302e3033322f""}"
2026-07-01T07:20:31Z,862272088542776,Codec8E,2026-06-28 17:47:45.000 UTC,1782668865000,0,40.2068899,-8.4205499,34,250,10,16,0,"{""239"":1,""240"":1,""21"":4,""200"":0,""69"":1,""237"":2,""113"":100,""303"":1,""383"":3,""1149"":1,""181"":17,""182"":10,""66"":14922,""24"":16,""206"":48740,""67"":4128,""68"":0,""13"":930,""17"":-110,""18"":192,""19"":49,""15"":1000,""241"":26806,""199"":2728,""16"":124883,""12"":11071,""449"":0,""636"":609066,""1148"":74,""11"":8935106000,""14"":1160700155,""387"":""2b3430323036382e393030302d303038343230352e353030302b3030302e3033342f""}"
2026-07-01T07:20:31Z,862272088542776,Codec8E,2026-06-28 17:47:46.000 UTC,1782668866000,0,40.2068650,-8.4206116,36,267,10,16,0,"{""239"":1,""240"":1,""21"":4,""200"":0,""69"":1,""237"":2,""113"":100,""303"":1,""383"":3,""1149"":1,""181"":14,""182"":10,""66"":14864,""24"":16,""206"":48740,""67"":4128,""68"":0,""13"":930,""17"":-127,""18"":147,""19"":179,""15"":1000,""241"":26806,""199"":2734,""16"":124889,""12"":11071,""449"":0,""636"":609066,""1148"":74,""11"":8935106000,""14"":1160700155,""387"":""2b3430323036382e363530302d303038343230362e313136372b3030302e3033362f""}"
2026-07-01T07:20:31Z,862272088542776,Codec8E,2026-06-28 17:47:47.000 UTC,1782668867000,0,40.2068633,-8.4206833,38,284,10,17,0,"{""239"":1,""240"":1,""21"":4,""200"":0,""69"":1,""237"":2,""113"":100,""303"":1,""383"":3,""1149"":1,""181"":17,""182"":10,""66"":14925,""24"":17,""206"":48740,""67"":4128,""68"":0,""13"":930,""17"":-126,""18"":-94,""19"":115,""15"":1000,""241"":26806,""199"":2740,""16"":124895,""12"":11071,""449"":0,""636"":609066,""1148"":74,""11"":8935106000,""14"":1160700155,""387"":""2b3430323036382e363333332d303038343230362e383333332b3030302e3033382f""}"
2026-07-01T07:20:31Z,862272088542776,Codec8E,2026-06-28 17:47:51.000 UTC,1782668871000,0,40.2069600,-8.4210133,41,294,10,25,0,"{""239"":1,""240"":1,""21"":4,""200"":0,""69"":1,""237"":2,""113"":100,""303"":1,""383"":3,""1149"":1,""181"":20,""182"":10,""66"":14927,""24"":25,""206"":48740,""67"":4128,""68"":0,""13"":930,""17"":41,""18"":62,""19"":244,""15"":1000,""241"":26806,""199"":2770,""16"":124925,""12"":11071,""449"":0,""636"":609037,""1148"":74,""11"":8935106000,""14"":1160700155,""387"":""2b3430323036392e363030302d303038343231302e313333332b3030302e3034312f""}"
2026-07-01T07:20:31Z,862272088542776,Codec8E,2026-06-28 17:47:54.000 UTC,1782668874000,0,40.2070600,-8.4212499,42,304,10,26,0,"{""239"":1,""240"":1,""21"":4,""200"":0,""69"":1,""237"":2,""113"":100,""303"":1,""383"":3,""1149"":1,""181"":20,""182"":10,""66"":14895,""24"":26,""206"":48740,""67"":4129,""68"":0,""13"":930,""17"":-103,""18"":81,""19"":56,""15"":1000,""241"":26806,""199"":2793,""16"":124948,""12"":11071,""449"":0,""636"":609037,""1148"":74,""11"":8935106000,""14"":1160700155,""387"":""2b3430323037302e363030302d303038343231322e353030302b3030302e3034322f""}"
2026-07-01T07:20:31Z,862272088542776,Codec8E,2026-06-28 17:48:06.000 UTC,1782668886000,0,40.2075550,-8.4222583,51,311,7,34,0,"{""239"":1,""240"":1,""21"":5,""200"":0,""69"":1,""237"":2,""113"":100,""303"":1,""383"":3,""1149"":1,""181"":15,""182"":12,""66"":14870,""24"":34,""206"":48740,""67"":4128,""68"":0,""13"":930,""17"":-138,""18"":105,""19"":403,""15"":1000,""241"":26806,""199"":2897,""16"":125052,""12"":11071,""449"":0,""636"":609067,""1148"":72,""11"":8935106000,""14"":1160700155,""387"":""2b3430323037352e353530302d303038343232322e353833332b3030302e3035312f""}"
2026-07-01T07:20:31Z,862272088542776,Codec8E,2026-06-28 17:48:11.000 UTC,1782668891000,0,40.2078599,-8.4225466,54,325,7,32,0,"{""239"":1,""240"":1,""21"":5,""200"":0,""69"":1,""237"":2,""113"":100,""303"":1,""383"":3,""1149"":1,""181"":17,""182"":12,""66"":14869,""24"":32,""206"":48740,""67"":4128,""68"":0,""13"":930,""17"":283,""18"":-93,""19"":36,""15"":1000,""241"":26806,""199"":2939,""16"":125094,""12"":11071,""449"":0,""636"":609067,""1148"":72,""11"":8935106000,""14"":1160700155,""387"":""2b3430323037382e363030302d303038343232352e343636372b3030302e3035342f""}"
2026-07-01T07:20:31Z,862272088542776,Codec8E,2026-06-28 17:48:16.000 UTC,1782668896000,0,40.2079866,-8.4226966,58,297,8,21,0,"{""239"":1,""240"":1,""21"":5,""200"":0,""69"":1,""237"":2,""113"":100,""303"":1,""383"":3,""1149"":1,""181"":15,""182"":12,""66"":14874,""24"":21,""206"":48740,""67"":4128,""68"":0,""13"":930,""17"":-205,""18"":-48,""19"":-30,""15"":1000,""241"":26806,""199"":2960,""16"":125115,""12"":11071,""449"":0,""636"":609067,""1148"":72,""11"":8935106000,""14"":1160700155,""387"":""2b3430323037392e383636372d303038343232362e393636372b3030302e3035382f""}"
2026-07-01T07:20:32Z,862272088542776,Codec8E,2026-06-28 17:48:17.000 UTC,1782668897000,0,40.2079950,-8.4226950,58,310,8,18,0,"{""239"":1,""240"":1,""21"":5,""200"":0,""69"":1,""237"":2,""113"":100,""303"":1,""383"":3,""1149"":1,""181"":15,""182"":12,""66"":14884,""24"":18,""206"":48740,""67"":4129,""68"":0,""13"":930,""17"":-74,""18"":-14,""19"":96,""15"":1000,""241"":26806,""199"":2960,""16"":125115,""12"":11071,""449"":0,""636"":609067,""1148"":72,""11"":8935106000,""14"":1160700155,""387"":""2b3430323037392e393530302d303038343232362e393530302b3030302e3035382f""}"
2026-07-01T07:20:32Z,862272088542776,Codec8E,2026-06-28 17:48:18.000 UTC,1782668898000,0,40.2080083,-8.4226900,58,327,8,15,0,"{""239"":1,""240"":1,""21"":5,""200"":0,""69"":1,""237"":2,""113"":100,""303"":1,""383"":3,""1149"":1,""181"":15,""182"":12,""66"":14885,""24"":15,""206"":48740,""67"":4128,""68"":0,""13"":930,""17"":-175,""18"":-2,""19"":83,""15"":1000,""241"":26806,""199"":2960,""16"":125115,""12"":11071,""449"":0,""636"":609067,""1148"":72,""11"":8935106000,""14"":1160700155,""387"":""2b3430323038302e303833332d303038343232362e393030302b3030302e3035382f""}"
2026-07-01T07:20:32Z,862272088542776,Codec8E,2026-06-28 17:48:23.000 UTC,1782668903000,0,40.2080733,-8.4226999,60,293,9,8,0,"{""239"":1,""240"":1,""21"":5,""200"":0,""69"":1,""237"":2,""113"":100,""303"":1,""383"":3,""1149"":1,""181"":14,""182"":11,""66"":14851,""24"":8,""206"":48740,""67"":4129,""68"":0,""13"":930,""17"":-37,""18"":-326,""19"":-14,""15"":1000,""241"":26806,""199"":2966,""16"":125121,""12"":11071,""449"":0,""636"":609067,""1148"":72,""11"":8935106000,""14"":1160700155,""387"":""2b3430323038302e373333332d303038343232372e303030302b3030302e3036302f""}"
2026-07-01T07:20:32Z,862272088542776,Codec8E,2026-06-28 17:48:24.000 UTC,1782668904000,0,40.2080883,-8.4227100,60,303,9,7,0,"{""239"":1,""240"":1,""21"":5,""200"":0,""69"":1,""237"":2,""113"":100,""303"":1,""383"":3,""1149"":1,""181"":14,""182"":11,""66"":14940,""24"":7,""206"":48740,""67"":4128,""68"":0,""13"":930,""17"":-164,""18"":-43,""19"":31,""15"":1000,""241"":26806,""199"":2970,""16"":125125,""12"":11071,""449"":0,""636"":609067,""1148"":72,""11"":8935106000,""14"":1160700155,""387"":""2b3430323038302e383833332d303038343232372e313030302b3030302e3036302f""}"
2026-07-01T07:20:32Z,862272088542776,Codec8E,2026-06-28 17:48:25.000 UTC,1782668905000,0,40.2081116,-8.4227200,60,319,9,8,0,"{""239"":1,""240"":1,""21"":5,""200"":0,""69"":1,""237"":2,""113"":100,""303"":1,""383"":3,""1149"":1,""181"":14,""182"":11,""66"":14819,""24"":8,""206"":48740,""67"":4129,""68"":0,""13"":930,""17"":-140,""18"":-179,""19"":43,""15"":1000,""241"":26806,""199"":2972,""16"":125127,""12"":11071,""449"":0,""636"":609067,""1148"":68,""11"":8935106000,""14"":1160700155,""387"":""2b3430323038312e313136372d303038343232372e323030302b3030302e3036302f""}"
2026-07-01T07:20:32Z,862272088542776,Codec8E,2026-06-28 17:48:28.000 UTC,1782668908000,0,40.2081733,-8.4228400,62,294,9,11,0,"{""239"":1,""240"":1,""21"":5,""200"":0,""69"":1,""237"":2,""113"":100,""303"":1,""383"":3,""1149"":1,""181"":15,""182"":11,""66"":14936,""24"":11,""206"":48740,""67"":4128,""68"":0,""13"":930,""17"":-179,""18"":-91,""19"":25,""15"":1000,""241"":26806,""199"":2986,""16"":125141,""12"":11071,""449"":0,""636"":609067,""1148"":68,""11"":8935106000,""14"":1160700155,""387"":""2b3430323038312e373333332d303038343232382e343030302b3030302e3036322f""}"
2026-07-01T07:20:32Z,862272088542776,Codec8E,2026-06-28 17:48:29.000 UTC,1782668909000,0,40.2081616,-8.4229183,62,271,10,13,0,"{""239"":1,""240"":1,""21"":5,""200"":0,""69"":1,""237"":2,""113"":100,""303"":1,""383"":3,""1149"":1,""181"":20,""182"":10,""66"":14819,""24"":13,""206"":48740,""67"":4128,""68"":0,""13"":930,""17"":-154,""18"":-47,""19"":18,""15"":1000,""241"":26806,""199"":2993,""16"":125148,""12"":11071,""449"":0,""636"":609067,""1148"":68,""11"":8935106000,""14"":1160700155,""387"":""2b3430323038312e363136372d303038343232392e313833332b3030302e3036322f""}"
2026-07-01T07:20:32Z,862272088542776,Codec8E,2026-06-28 17:48:33.000 UTC,1782668913000,0,40.2081566,-8.4232550,65,260,9,22,0,"{""239"":1,""240"":1,""21"":5,""200"":0,""69"":1,""237"":2,""113"":100,""303"":1,""383"":3,""1149"":1,""181"":15,""182"":10,""66"":14844,""24"":22,""206"":48740,""67"":4128,""68"":0,""13"":930,""17"":0,""18"":-153,""19"":7,""15"":1000,""241"":26806,""199"":3021,""16"":125176,""12"":11071,""449"":0,""636"":609067,""1148"":68,""11"":8935106000,""14"":1160700155,""387"":""2b3430323038312e353636372d303038343233322e353530302b3030302e3036352f""}"
2026-07-01T07:20:32Z,862272088542776,Codec8E,2026-06-28 17:48:35.000 UTC,1782668915000,0,40.2081366,-8.4233833,66,249,9,23,0,"{""239"":1,""240"":1,""21"":5,""200"":0,""69"":1,""237"":2,""113"":100,""303"":1,""383"":3,""1149"":1,""181"":28,""182"":13,""66"":14805,""24"":23,""206"":48740,""67"":4128,""68"":0,""13"":930,""17"":98,""18"":-38,""19"":37,""15"":1000,""241"":26806,""199"":3032,""16"":125187,""12"":11071,""449"":0,""636"":609067,""1148"":68,""11"":8935106000,""14"":1160700155,""387"":""2b3430323038312e333636372d303038343233332e383333332b3030302e3036362f""}"
2026-07-01T07:20:32Z,862272088542776,Codec8E,2026-06-28 17:48:37.000 UTC,1782668917000,0,40.2081083,-8.4234550,67,238,9,19,0,"{""239"":1,""240"":1,""21"":5,""200"":0,""69"":1,""237"":2,""113"":100,""303"":1,""383"":3,""1149"":1,""181"":30,""182"":13,""66"":14816,""24"":19,""206"":48740,""67"":4128,""68"":0,""13"":930,""17"":23,""18"":-11,""19"":39,""15"":1000,""241"":26806,""199"":3037,""16"":125192,""12"":11071,""449"":0,""636"":609067,""1148"":68,""11"":8935106000,""14"":1160700155,""387"":""2b3430323038312e303833332d303038343233342e353530302b3030302e3036372f""}"
2026-07-01T07:20:33Z,862272088542776,Codec8E,2026-06-28 17:48:38.000 UTC,1782668918000,0,40.2080916,-8.4234750,67,228,8,16,0,"{""239"":1,""240"":1,""21"":5,""200"":0,""69"":1,""237"":2,""113"":100,""303"":1,""383"":3,""1149"":1,""181"":32,""182"":14,""66"":14920,""24"":16,""206"":48740,""67"":4129,""68"":0,""13"":930,""17"":74,""18"":108,""19"":184,""15"":1000,""241"":26806,""199"":3042,""16"":125197,""12"":11071,""449"":0,""636"":609067,""1148"":68,""11"":8935106000,""14"":1160700155,""387"":""2b3430323038302e393136372d303038343233342e373530302b3030302e3036372f""}"
2026-07-01T07:20:33Z,862272088542776,Codec8E,2026-06-28 17:48:39.000 UTC,1782668919000,0,40.2080766,-8.4234933,67,217,8,14,0,"{""239"":1,""240"":1,""21"":5,""200"":0,""69"":1,""237"":2,""113"":100,""303"":1,""383"":3,""1149"":1,""181"":19,""182"":14,""66"":14842,""24"":14,""206"":48740,""67"":4128,""68"":0,""13"":930,""17"":-69,""18"":12,""19"":85,""15"":1000,""241"":26806,""199"":3042,""16"":125197,""12"":11071,""449"":0,""636"":609067,""1148"":68,""11"":8935106000,""14"":1160700155,""387"":""2b3430323038302e373636372d303038343233342e393333332b3030302e3036372f""}"
2026-07-01T07:20:33Z,862272088542776,Codec8E,2026-06-28 17:48:41.000 UTC,1782668921000,0,40.2080266,-8.4235516,70,232,8,11,0,"{""239"":1,""240"":1,""21"":5,""200"":0,""69"":1,""237"":2,""113"":100,""303"":1,""383"":3,""1149"":1,""181"":17,""182"":14,""66"":14861,""24"":11,""206"":48740,""67"":4128,""68"":0,""13"":930,""17"":-86,""18"":-26,""19"":53,""15"":1000,""241"":26806,""199"":3052,""16"":125207,""12"":11071,""449"":0,""636"":609067,""1148"":68,""11"":8935106000,""14"":1160700155,""387"":""2b3430323038302e323636372d303038343233352e353136372b3030302e3037302f""}"
2026-07-01T07:20:33Z,862272088542776,Codec8E,2026-06-28 17:48:44.000 UTC,1782668924000,0,40.2080183,-8.4236150,71,259,9,6,0,"{""239"":1,""240"":1,""21"":5,""200"":0,""69"":1,""237"":2,""113"":100,""303"":1,""383"":3,""1149"":1,""181"":14,""182"":11,""66"":14896,""24"":6,""206"":48740,""67"":4129,""68"":0,""13"":930,""17"":-112,""18"":153,""19"":144,""15"":1000,""241"":26806,""199"":3057,""16"":125212,""12"":11071,""449"":0,""636"":609067,""1148"":68,""11"":8935106000,""14"":1160700155,""387"":""2b3430323038302e313833332d303038343233362e313530302b3030302e3037312f""}"
2026-07-01T07:20:33Z,862272088542776,Codec8E,2026-06-28 17:48:49.000 UTC,1782668929000,0,40.2080250,-8.4238516,74,270,10,12,0,"{""239"":1,""240"":1,""21"":5,""200"":0,""69"":1,""237"":2,""113"":100,""303"":1,""383"":3,""1149"":1,""181"":21,""182"":10,""66"":14873,""24"":12,""206"":48740,""67"":4128,""68"":0,""13"":930,""17"":-116,""18"":-9,""19"":219,""15"":1000,""241"":26806,""199"":3077,""16"":125232,""12"":11071,""449"":0,""636"":609067,""1148"":68,""11"":8935106000,""14"":1160700155,""387"":""2b3430323038302e323530302d303038343233382e353136372b3030302e3037342f""}"
2026-07-01T07:20:35Z,862272088542776,Codec8E,2026-06-28 17:48:56.000 UTC,1782668936000,0,40.2080283,-8.4242583,77,260,9,18,0,"{""239"":1,""240"":1,""21"":5,""200"":0,""69"":1,""237"":2,""113"":100,""303"":1,""383"":3,""1149"":1,""181"":30,""182"":13,""66"":14922,""24"":18,""206"":48740,""67"":4129,""68"":0,""13"":930,""17"":-82,""18"":-41,""19"":75,""15"":1000,""241"":26806,""199"":3112,""16"":125267,""12"":11071,""449"":0,""636"":609067,""1148"":68,""11"":8935106000,""14"":1160700155,""387"":""2b3430323038302e323833332d303038343234322e353833332b3030302e3037372f""}"
2026-07-01T07:20:35Z,862272088542776,Codec8E,2026-06-28 17:49:04.000 UTC,1782668944000,0,40.2079716,-8.4247316,81,250,8,18,0,"{""239"":1,""240"":1,""21"":4,""200"":0,""69"":1,""237"":2,""113"":100,""303"":1,""383"":3,""1149"":1,""181"":32,""182"":14,""66"":14854,""24"":18,""206"":48740,""67"":4128,""68"":0,""13"":930,""17"":90,""18"":-266,""19"":67,""15"":1000,""241"":26806,""199"":3153,""16"":125308,""12"":11071,""449"":0,""636"":609067,""1148"":68,""11"":8935106000,""14"":1160700155,""387"":""2b3430323037392e373136372d303038343234372e333136372b3030302e3038312f""}"
2026-07-01T07:20:35Z,862272088542776,Codec8E,2026-06-28 17:49:05.000 UTC,1782668945000,0,40.2079433,-8.4247633,81,228,7,17,0,"{""239"":1,""240"":1,""21"":4,""200"":0,""69"":1,""237"":2,""113"":100,""303"":1,""383"":3,""1149"":1,""181"":34,""182"":17,""66"":14904,""24"":17,""206"":48740,""67"":4128,""68"":0,""13"":930,""17"":49,""18"":-112,""19"":149,""15"":1000,""241"":26806,""199"":3157,""16"":125312,""12"":11071,""449"":0,""636"":609067,""1148"":68,""11"":8935106000,""14"":1160700155,""387"":""2b3430323037392e343333332d303038343234372e363333332b3030302e3038312f""}"
2026-07-01T07:20:35Z,862272088542776,Codec8E,2026-06-28 17:49:07.000 UTC,1782668947000,0,40.2078966,-8.4247833,82,212,7,14,0,"{""239"":1,""240"":1,""21"":4,""200"":0,""69"":1,""237"":2,""113"":100,""303"":1,""383"":3,""1149"":1,""181"":32,""182"":18,""66"":14874,""24"":14,""206"":48740,""67"":4128,""68"":0,""13"":930,""17"":149,""18"":-32,""19"":126,""15"":1000,""241"":26806,""199"":3163,""16"":125318,""12"":11071,""449"":0,""636"":609067,""1148"":68,""11"":8935106000,""14"":1160700155,""387"":""2b3430323037382e393636372d303038343234372e383333332b3030302e3038322f""}"
2026-07-01T07:20:35Z,862272088542776,Codec8E,2026-06-28 17:49:08.000 UTC,1782668948000,0,40.2078700,-8.4247833,83,196,7,13,0,"{""239"":1,""240"":1,""21"":4,""200"":0,""69"":1,""237"":2,""113"":100,""303"":1,""383"":3,""1149"":1,""181"":21,""182"":16,""66"":14850,""24"":13,""206"":48740,""67"":4129,""68"":0,""13"":930,""17"":93,""18"":28,""19"":103,""15"":1000,""241"":26806,""199"":3166,""16"":125321,""12"":11071,""449"":0,""636"":609067,""1148"":68,""11"":8935106000,""14"":1160700155,""387"":""2b3430323037382e373030302d303038343234372e383333332b3030302e3038332f""}"
2026-07-01T07:20:35Z,862272088542776,Codec8E,2026-06-28 17:49:09.000 UTC,1782668949000,0,40.2078283,-8.4247766,83,185,7,13,0,"{""239"":1,""240"":1,""21"":4,""200"":0,""69"":1,""237"":2,""113"":100,""303"":1,""383"":3,""1149"":1,""181"":32,""182"":18,""66"":14842,""24"":13,""206"":48740,""67"":4129,""68"":0,""13"":930,""17"":48,""18"":68,""19"":37,""15"":1000,""241"":26806,""199"":3170,""16"":125325,""12"":11071,""449"":0,""636"":609067,""1148"":68,""11"":8935106000,""14"":1160700155,""387"":""2b3430323037382e323833332d303038343234372e373636372b3030302e3038332f""}"
2026-07-01T07:20:35Z,862272088542776,Codec8E,2026-06-28 17:49:11.000 UTC,1782668951000,0,40.2077350,-8.4247850,83,170,6,13,0,"{""239"":1,""240"":1,""21"":4,""200"":0,""69"":1,""237"":2,""113"":100,""303"":1,""383"":3,""1149"":1,""181"":30,""182"":28,""66"":14840,""24"":13,""206"":48740,""67"":4129,""68"":0,""13"":930,""17"":41,""18"":-221,""19"":-65,""15"":1000,""241"":26806,""199"":3181,""16"":125336,""12"":11071,""449"":0,""636"":1604394,""1148"":68,""11"":8935106000,""14"":1160700155,""387"":""2b3430323037372e333530302d303038343234372e383530302b3030302e3038332f""}"
2026-07-01T07:20:35Z,862272088542776,Codec8E,2026-06-28 17:49:13.000 UTC,1782668953000,0,40.2076966,-8.4247483,84,159,5,13,0,"{""239"":1,""240"":1,""21"":4,""200"":0,""69"":1,""237"":2,""113"":100,""303"":1,""383"":3,""1149"":1,""181"":29,""182"":27,""66"":14885,""24"":13,""206"":48740,""67"":4128,""68"":0,""13"":930,""17"":-31,""18"":-14,""19"":162,""15"":1000,""241"":26806,""199"":3186,""16"":125341,""12"":11071,""449"":0,""636"":1536297,""1148"":68,""11"":8935106000,""14"":1160700155,""387"":""2b3430323037362e393636372d303038343234372e343833332b3030302e3038342f""}"
2026-07-01T07:20:35Z,862272088542776,Codec8E,2026-06-28 17:49:15.000 UTC,1782668955000,0,40.2076383,-8.4246833,85,147,5,13,0,"{""239"":1,""240"":1,""21"":4,""200"":0,""69"":1,""237"":2,""113"":100,""303"":1,""383"":3,""1149"":1,""181"":34,""182"":33,""66"":14905,""24"":13,""206"":48740,""67"":4128,""68"":0,""13"":930,""17"":17,""18"":-179,""19"":101,""15"":1000,""241"":26806,""199"":3195,""16"":125350,""12"":11071,""449"":0,""636"":1536297,""1148"":68,""11"":8935106000,""14"":1160700155,""387"":""2b3430323037362e333833332d303038343234362e383333332b3030302e3038352f""}"
2026-07-01T07:20:35Z,862272088542776,Codec8E,2026-06-28 17:49:17.000 UTC,1782668957000,0,40.2075400,-8.4246216,86,161,5,14,0,"{""239"":1,""240"":1,""21"":4,""200"":0,""69"":1,""237"":2,""113"":100,""303"":1,""383"":3,""1149"":1,""181"":34,""182"":33,""66"":14911,""24"":14,""206"":48740,""67"":4128,""68"":0,""13"":930,""17"":69,""18"":-45,""19"":35,""15"":1000,""241"":26806,""199"":3207,""16"":125362,""12"":11071,""449"":0,""636"":1807667,""1148"":68,""11"":8935106000,""14"":1160700155,""387"":""2b3430323037352e343030302d303038343234362e323136372b3030302e3038362f""}"
2026-07-01T07:20:36Z,862272088542776,Codec8E,2026-06-28 17:49:23.000 UTC,1782668963000,0,40.2072866,-8.4244950,87,173,5,15,0,"{""239"":1,""240"":1,""21"":4,""200"":0,""69"":1,""237"":2,""113"":100,""303"":1,""383"":3,""1149"":1,""181"":20,""182"":17,""66"":14824,""24"":15,""206"":48740,""67"":4128,""68"":0,""13"":930,""17"":196,""18"":-356,""19"":203,""15"":1000,""241"":26806,""199"":3240,""16"":125395,""12"":11071,""449"":0,""636"":1807667,""1148"":68,""11"":8935106000,""14"":1160700155,""387"":""2b3430323037322e383636372d303038343234342e393530302b3030302e3038372f""}"
2026-07-01T07:20:36Z,862272088542776,Codec8E,2026-06-28 17:49:29.000 UTC,1782668969000,0,40.2070999,-8.4245133,88,162,4,16,0,"{""239"":1,""240"":1,""21"":5,""200"":0,""69"":1,""237"":2,""113"":100,""303"":1,""383"":3,""1149"":20,""181"":25,""182"":23,""66"":14892,""24"":16,""206"":48740,""67"":4128,""68"":0,""13"":930,""17"":112,""18"":-30,""19"":-2,""15"":1000,""241"":26806,""199"":3262,""16"":125417,""12"":11071,""449"":0,""636"":339211,""1148"":73,""11"":8935106000,""14"":1160700155,""387"":""2b3430323037312e303030302d303038343234352e313333332b3030302e3038382f""}"
2026-07-01T07:20:36Z,862272088542776,Codec8E,2026-06-28 17:49:36.000 UTC,1782668976000,0,40.2068749,-8.4243916,89,151,6,15,0,"{""239"":1,""240"":1,""21"":5,""200"":0,""69"":1,""237"":2,""113"":100,""303"":1,""383"":3,""1149"":20,""181"":38,""182"":22,""66"":14876,""24"":15,""206"":48740,""67"":4128,""68"":0,""13"":930,""17"":-29,""18"":-65,""19"":75,""15"":1000,""241"":26806,""199"":3291,""16"":125446,""12"":11071,""449"":0,""636"":1807627,""1148"":73,""11"":8935106000,""14"":1160700155,""387"":""2b3430323036382e373530302d303038343234332e393136372b3030302e3038392f""}"
2026-07-01T07:20:36Z,862272088542776,Codec8E,2026-06-28 17:49:38.000 UTC,1782668978000,0,40.2068100,-8.4243466,90,131,5,15,0,"{""239"":1,""240"":1,""21"":5,""200"":0,""69"":1,""237"":2,""113"":100,""303"":1,""383"":3,""1149"":20,""181"":20,""182"":17,""66"":14853,""24"":15,""206"":48740,""67"":4129,""68"":0,""13"":930,""17"":73,""18"":-62,""19"":52,""15"":1000,""241"":26806,""199"":3300,""16"":125455,""12"":11071,""449"":0,""636"":1807627,""1148"":73,""11"":8935106000,""14"":1160700155,""387"":""2b3430323036382e313030302d303038343234332e343636372b3030302e3039302f""}"
2026-07-01T07:20:36Z,862272088542776,Codec8E,2026-06-28 17:49:39.000 UTC,1782668979000,0,40.2068049,-8.4243016,90,113,5,15,0,"{""239"":1,""240"":1,""21"":5,""200"":0,""69"":1,""237"":2,""113"":100,""303"":1,""383"":3,""1149"":20,""181"":19,""182"":17,""66"":14928,""24"":15,""206"":48740,""67"":4128,""68"":0,""13"":930,""17"":52,""18"":-20,""19"":39,""15"":1000,""241"":26806,""199"":3304,""16"":125459,""12"":11071,""449"":0,""636"":1807627,""1148"":73,""11"":8935106000,""14"":1160700155,""387"":""2b3430323036382e303530302d303038343234332e303136372b3030302e3039302f""}"
2026-07-01T07:20:37Z,862272088542776,Codec8E,2026-06-28 17:49:42.000 UTC,1782668982000,0,40.2068233,-8.4241633,91,94,8,13,0,"{""239"":1,""240"":1,""21"":5,""200"":0,""69"":1,""237"":2,""113"":100,""303"":1,""383"":3,""1149"":20,""181"":16,""182"":13,""66"":14858,""24"":13,""206"":48740,""67"":4128,""68"":0,""13"":930,""17"":-68,""18"":-46,""19"":57,""15"":1000,""241"":26806,""199"":3319,""16"":125474,""12"":11071,""449"":0,""636"":1807627,""1148"":73,""11"":8935106000,""14"":1160700155,""387"":""2b3430323036382e323333332d303038343234312e363333332b3030302e3039312f""}"
2026-07-01T07:20:37Z,862272088542776,Codec8E,2026-06-28 17:49:43.000 UTC,1782668983000,0,40.2068350,-8.4241083,91,82,8,14,0,"{""239"":1,""240"":1,""21"":5,""200"":0,""69"":1,""237"":2,""113"":100,""303"":1,""383"":3,""1149"":20,""181"":31,""182"":14,""66"":14902,""24"":14,""206"":48740,""67"":4128,""68"":0,""13"":930,""17"":-32,""18"":-40,""19"":20,""15"":1000,""241"":26806,""199"":3324,""16"":125479,""12"":11071,""449"":0,""636"":339241,""1148"":73,""11"":8935106000,""14"":1160700155,""387"":""2b3430323036382e333530302d303038343234312e303833332b3030302e3039312f""}"
2026-07-01T07:20:37Z,862272088542776,Codec8E,2026-06-28 17:49:50.000 UTC,1782668990000,0,40.2068916,-8.4238733,92,67,8,10,0,"{""239"":1,""240"":1,""21"":5,""200"":0,""69"":1,""237"":2,""113"":100,""303"":1,""383"":3,""1149"":20,""181"":32,""182"":15,""66"":14854,""24"":10,""206"":48740,""67"":4129,""68"":0,""13"":930,""17"":-2,""18"":-28,""19"":42,""15"":1000,""241"":26806,""199"":3345,""16"":125500,""12"":11071,""449"":0,""636"":1946410,""1148"":73,""11"":8935106000,""14"":1160700155,""387"":""2b3430323036382e393136372d303038343233382e373333332b3030302e3039322f""}"
2026-07-01T07:20:37Z,862272088542776,Codec8E,2026-06-28 17:49:58.000 UTC,1782668998000,0,40.2069066,-8.4238766,93,67,8,0,303,"{""239"":1,""240"":1,""21"":5,""200"":0,""69"":1,""237"":2,""113"":100,""303"":0,""383"":3,""1149"":20,""181"":15,""182"":11,""66"":14878,""24"":0,""206"":48740,""67"":4128,""68"":0,""13"":930,""17"":-43,""18"":-7,""19"":9,""15"":1000,""241"":26806,""199"":3345,""16"":125500,""12"":11071,""449"":0,""636"":1946410,""1148"":86,""11"":8935106000,""14"":1160700155,""387"":""2b3430323036392e303636372d303038343233382e373636372b3030302e3039332f""}"
2026-07-01T07:20:37Z,862272088542776,Codec8E,2026-06-28 17:50:57.000 UTC,1782669057000,0,40.2069066,-8.4238983,89,51,10,0,240,"{""239"":1,""240"":0,""21"":5,""200"":0,""69"":1,""237"":2,""113"":100,""303"":0,""383"":3,""1149"":20,""181"":13,""182"":10,""66"":13535,""24"":0,""206"":48740,""67"":4128,""68"":0,""13"":906,""17"":-42,""18"":-68,""19"":3,""15"":1000,""241"":26806,""199"":3345,""16"":125500,""12"":11086,""449"":0,""636"":1807627,""1148"":64,""11"":8935106000,""14"":1160700155,""387"":""2b3430323036392e303636372d303038343233382e393833332b3030302e3038392f""}"
2026-07-01T07:20:37Z,862272088542776,Codec8E,2026-06-28 17:51:05.000 UTC,1782669065000,0,40.2069066,-8.4238983,89,51,10,0,239,"{""239"":0,""240"":0,""21"":5,""200"":0,""69"":1,""237"":2,""113"":100,""303"":0,""383"":3,""1149"":20,""181"":13,""182"":10,""66"":13144,""24"":0,""206"":48740,""67"":4129,""68"":0,""13"":906,""17"":-43,""18"":-65,""19"":1,""15"":1000,""241"":26806,""199"":3345,""16"":125500,""12"":11087,""449"":0,""636"":1807627,""1148"":64,""11"":8935106000,""14"":1160700155,""387"":""2b3430323036392e303636372d303038343233382e393833332b3030302e3038392f""}"
2026-07-01T07:20:37Z,862272088542776,Codec8E,2026-06-28 18:51:05.000 UTC,1782672665000,0,40.2069066,-8.4238983,103,51,10,0,0,"{""239"":0,""240"":0,""21"":4,""200"":0,""69"":1,""237"":2,""113"":100,""303"":0,""383"":3,""1149"":1,""181"":13,""182"":10,""66"":13093,""24"":0,""206"":48740,""67"":4128,""68"":0,""13"":906,""17"":-42,""18"":-65,""19"":3,""15"":1000,""241"":26806,""199"":0,""16"":125500,""12"":11087,""449"":0,""636"":1946410,""1148"":79,""11"":8935106000,""14"":1160700155,""387"":""2b3430323036392e303636372d303038343233382e393833332b3030302e3130332f""}"
2026-07-01T07:20:37Z,862272088542776,Codec8E,2026-06-28 20:14:47.000 UTC,1782677687000,0,40.2069066,-8.4238983,101,0,12,0,0,"{""239"":0,""240"":0,""21"":4,""200"":0,""69"":1,""237"":2,""113"":100,""303"":0,""383"":3,""1149"":1,""181"":12,""182"":9,""66"":13060,""24"":0,""206"":48740,""67"":4128,""68"":0,""13"":906,""17"":-42,""18"":-67,""19"":5,""15"":0,""241"":26806,""199"":0,""16"":125500,""12"":11087,""449"":0,""636"":1946410,""1148"":81,""11"":8935106000,""14"":1160700155,""387"":""2b3430323036392e303636372d303038343233382e393833332b3030302e3130312f""}"
2026-07-01T07:20:37Z,862272088542776,Codec8E,2026-06-28 21:20:57.000 UTC,1782681657000,0,40.2069066,-8.4238983,94,0,12,0,239,"{""239"":1,""240"":0,""21"":4,""200"":0,""69"":1,""237"":2,""113"":100,""303"":0,""383"":3,""1149"":1,""181"":12,""182"":9,""66"":14837,""24"":0,""206"":48740,""67"":4128,""68"":0,""13"":906,""17"":-46,""18"":-70,""19"":1,""15"":0,""241"":26806,""199"":0,""16"":125500,""12"":11087,""449"":0,""636"":1946410,""1148"":82,""11"":8935106000,""14"":1160700155,""387"":""2b3430323036392e303636372d303038343233382e393833332b3030302e3039342f""}"
2026-07-01T07:20:37Z,862272088542776,Codec8E,2026-06-28 21:21:28.000 UTC,1782681688000,0,40.2069066,-8.4238983,91,0,11,0,303,"{""239"":1,""240"":0,""21"":4,""200"":0,""69"":1,""237"":2,""113"":100,""303"":1,""383"":3,""1149"":1,""181"":17,""182"":12,""66"":14795,""24"":0,""206"":48740,""67"":4128,""68"":0,""13"":906,""17"":-123,""18"":-37,""19"":6,""15"":0,""241"":26806,""199"":0,""16"":125500,""12"":11095,""449"":0,""636"":1807657,""1148"":85,""11"":8935106000,""14"":1160700155,""387"":""2b3430323036392e303636372d303038343233382e393833332b3030302e3039312f""}"
2026-07-01T07:20:40Z,862272088542776,Codec8E,2026-06-28 21:21:29.000 UTC,1782681689000,0,40.2069016,-8.4236633,90,79,11,10,240,"{""239"":1,""240"":1,""21"":4,""200"":0,""69"":1,""237"":2,""113"":100,""303"":1,""383"":3,""1149"":1,""181"":17,""182"":12,""66"":14836,""24"":10,""206"":48740,""67"":4128,""68"":0,""13"":907,""17"":-67,""18"":-33,""19"":-12,""15"":0,""241"":26806,""199"":0,""16"":125500,""12"":11096,""449"":0,""636"":1807657,""1148"":85,""11"":8935106000,""14"":1160700155,""387"":""2b3430323036392e303136372d303038343233362e363333332b3030302e3039302f""}"
2026-07-01T07:20:40Z,862272088542776,Codec8E,2026-06-28 21:21:54.000 UTC,1782681714000,0,40.2065666,-8.4248000,0,71,5,1,0,"{""239"":1,""240"":1,""21"":5,""200"":0,""69"":1,""237"":2,""113"":0,""303"":1,""383"":3,""1149"":1,""181"":19,""182"":17,""66"":14854,""24"":1,""206"":48740,""67"":4128,""68"":0,""13"":907,""17"":-113,""18"":-41,""19"":395,""15"":0,""241"":26806,""199"":19,""16"":125519,""12"":11096,""449"":0,""636"":609037,""1148"":44,""11"":8935106000,""14"":1160700155,""387"":""2b3430323036352e363636372d303038343234382e303030302b3030302e3030302f""}"
2026-07-01T07:20:40Z,862272088542776,Codec8E,2026-06-28 21:22:02.000 UTC,1782681722000,0,40.2072583,-8.4216500,99,112,10,11,0,"{""239"":1,""240"":1,""21"":5,""200"":0,""69"":1,""237"":2,""113"":0,""303"":1,""383"":3,""1149"":1,""181"":19,""182"":10,""66"":14821,""24"":11,""206"":48740,""67"":4128,""68"":0,""13"":907,""17"":175,""18"":30,""19"":54,""15"":0,""241"":26806,""199"":19,""16"":125519,""12"":11096,""449"":0,""636"":609067,""1148"":44,""11"":8935106000,""14"":1160700155,""387"":""2b3430323037322e353833332d303038343231362e353030302b3030302e3039392f""}"
2026-07-01T07:20:40Z,862272088542776,Codec8E,2026-06-28 21:22:08.000 UTC,1782681728000,0,40.2069266,-8.4210866,87,125,10,22,0,"{""239"":1,""240"":1,""21"":5,""200"":0,""69"":1,""237"":2,""113"":0,""303"":1,""383"":3,""1149"":1,""181"":17,""182"":9,""66"":14814,""24"":22,""206"":48740,""67"":4133,""68"":1,""13"":907,""17"":-30,""18"":83,""19"":160,""15"":0,""241"":26806,""199"":79,""16"":125579,""12"":11096,""449"":0,""636"":609067,""1148"":44,""11"":8935106000,""14"":1160700155,""387"":""2b3430323036392e323636372d303038343231302e383636372b3030302e3038372f""}"
2026-07-01T07:20:40Z,862272088542776,Codec8E,2026-06-28 21:22:12.000 UTC,1782681732000,0,40.2067616,-8.4207500,92,114,10,26,0,"{""239"":1,""240"":1,""21"":5,""200"":0,""69"":1,""237"":2,""113"":100,""303"":1,""383"":3,""1149"":1,""181"":17,""182"":10,""66"":14780,""24"":26,""206"":48740,""67"":4133,""68"":0,""13"":907,""17"":63,""18"":-81,""19"":133,""15"":0,""241"":26806,""199"":113,""16"":125613,""12"":11096,""449"":0,""636"":609067,""1148"":44,""11"":8935106000,""14"":1160700155,""387"":""2b3430323036372e363136372d303038343230372e353030302b3030302e3039322f""}"
2026-07-01T07:20:41Z,862272088542776,Codec8E,2026-06-28 21:22:17.000 UTC,1782681737000,0,40.2066950,-8.4204283,93,104,10,21,0,"{""239"":1,""240"":1,""21"":4,""200"":0,""69"":1,""237"":2,""113"":100,""303"":1,""383"":3,""1149"":1,""181"":14,""182"":11,""66"":14879,""24"":21,""206"":48740,""67"":4130,""68"":0,""13"":907,""17"":-30,""18"":-97,""19"":-84,""15"":0,""241"":26806,""199"":142,""16"":125642,""12"":11096,""449"":0,""636"":609067,""1148"":79,""11"":8935106000,""14"":1160700155,""387"":""2b3430323036362e393530302d303038343230342e323833332b3030302e3039332f""}"
2026-07-01T07:20:41Z,862272088542776,Codec8E,2026-06-28 21:22:19.000 UTC,1782681739000,0,40.2066466,-8.4203433,92,121,8,19,0,"{""239"":1,""240"":1,""21"":4,""200"":0,""69"":1,""237"":2,""113"":100,""303"":1,""383"":3,""1149"":1,""181"":15,""182"":11,""66"":14855,""24"":19,""206"":48740,""67"":4131,""68"":0,""13"":907,""17"":-225,""18"":2,""19"":130,""15"":0,""241"":26806,""199"":151,""16"":125651,""12"":11096,""449"":0,""636"":609067,""1148"":79,""11"":8935106000,""14"":1160700155,""387"":""2b3430323036362e343636372d303038343230332e343333332b3030302e3039322f""}"
2026-07-01T07:20:41Z,862272088542776,Codec8E,2026-06-28 21:22:22.000 UTC,1782681742000,0,40.2066666,-8.4202316,92,131,10,17,0,"{""239"":1,""240"":1,""21"":4,""200"":0,""69"":1,""237"":2,""113"":100,""303"":1,""383"":3,""1149"":1,""181"":15,""182"":10,""66"":14776,""24"":17,""206"":48740,""67"":4130,""68"":0,""13"":907,""17"":-189,""18"":328,""19"":181,""15"":0,""241"":26806,""199"":166,""16"":125666,""12"":11096,""449"":0,""636"":609067,""1148"":79,""11"":8935106000,""14"":1160700155,""387"":""2b3430323036362e363636372d303038343230322e333136372b3030302e3039322f""}"
2026-07-01T07:20:41Z,862272088542776,Codec8E,2026-06-28 21:22:24.000 UTC,1782681744000,0,40.2065850,-8.4202150,92,179,9,16,0,"{""239"":1,""240"":1,""21"":4,""200"":0,""69"":1,""237"":2,""113"":100,""303"":1,""383"":3,""1149"":1,""181"":19,""182"":10,""66"":14801,""24"":16,""206"":48740,""67"":4130,""68"":0,""13"":907,""17"":-291,""18"":58,""19"":256,""15"":0,""241"":26806,""199"":176,""16"":125676,""12"":11096,""449"":0,""636"":609066,""1148"":79,""11"":8935106000,""14"":1160700155,""387"":""2b3430323036352e383530302d303038343230322e313530302b3030302e3039322f""}"
2026-07-01T07:20:41Z,862272088542776,Codec8E,2026-06-28 21:22:30.000 UTC,1782681750000,0,40.2061416,-8.4201883,93,169,11,26,0,"{""239"":1,""240"":1,""21"":4,""200"":0,""69"":1,""237"":2,""113"":100,""303"":1,""383"":3,""1149"":1,""181"":12,""182"":9,""66"":14827,""24"":26,""206"":48740,""67"":4129,""68"":0,""13"":907,""17"":-104,""18"":-39,""19"":121,""15"":0,""241"":26806,""199"":226,""16"":125726,""12"":11096,""449"":0,""636"":609046,""1148"":79,""11"":8935106000,""14"":1160700155,""387"":""2b3430323036312e343136372d303038343230312e383833332b3030302e3039332f""}"
2026-07-01T07:20:41Z,862272088542776,Codec8E,2026-06-28 21:22:34.000 UTC,1782681754000,0,40.2056966,-8.4200533,91,163,11,37,0,"{""239"":1,""240"":1,""21"":4,""200"":0,""69"":1,""237"":2,""113"":100,""303"":1,""383"":3,""1149"":1,""181"":14,""182"":9,""66"":14835,""24"":37,""206"":48740,""67"":4129,""68"":0,""13"":907,""17"":-49,""18"":13,""19"":65,""15"":0,""241"":26806,""199"":277,""16"":125777,""12"":11096,""449"":0,""636"":609046,""1148"":79,""11"":8935106000,""14"":1160700155,""387"":""2b3430323035362e393636372d303038343230302e353333332b3030302e3039312f""}"
2026-07-01T07:20:41Z,862272088542776,Codec8E,2026-06-28 21:22:43.000 UTC,1782681763000,0,40.2047400,-8.4198200,91,168,12,42,0,"{""239"":1,""240"":1,""21"":4,""200"":0,""69"":1,""237"":2,""113"":100,""303"":1,""383"":3,""1149"":1,""181"":13,""182"":9,""66"":14827,""24"":42,""206"":48740,""67"":4129,""68"":0,""13"":907,""17"":-95,""18"":4,""19"":43,""15"":0,""241"":26806,""199"":385,""16"":125885,""12"":11096,""449"":0,""636"":1946410,""1148"":79,""11"":8935106000,""14"":1160700155,""387"":""2b3430323034372e343030302d303038343139382e323030302b3030302e3039312f""}"
2026-07-01T07:20:41Z,862272088542776,Codec8E,2026-06-28 21:22:51.000 UTC,1782681771000,0,40.2038316,-8.4195900,91,170,11,45,0,"{""239"":1,""240"":1,""21"":5,""200"":0,""69"":1,""237"":2,""113"":100,""303"":1,""383"":3,""1149"":1,""181"":17,""182"":9,""66"":14833,""24"":45,""206"":48740,""67"":4128,""68"":0,""13"":907,""17"":-18,""18"":49,""19"":-7,""15"":0,""241"":26806,""199"":488,""16"":125988,""12"":11096,""449"":0,""636"":1946410,""1148"":62,""11"":8935106000,""14"":1160700155,""387"":""2b3430323033382e333136372d303038343139352e393030302b3030302e3039312f""}"
2026-07-01T07:20:41Z,862272088542776,Codec8E,2026-06-28 21:23:01.000 UTC,1782681781000,0,40.2028616,-8.4193400,93,166,12,40,0,"{""239"":1,""240"":1,""21"":5,""200"":0,""69"":1,""237"":2,""113"":100,""303"":1,""383"":3,""1149"":1,""181"":15,""182"":9,""66"":14870,""24"":40,""206"":48740,""67"":4128,""68"":0,""13"":907,""17"":86,""18"":-355,""19"":21,""15"":0,""241"":26806,""199"":598,""16"":126098,""12"":11096,""449"":0,""636"":1946409,""1148"":62,""11"":8935106000,""14"":1160700155,""387"":""2b3430323032382e363136372d303038343139332e343030302b3030302e3039332f""}"
2026-07-01T07:20:41Z,862272088542776,Codec8E,2026-06-28 21:23:03.000 UTC,1782681783000,0,40.2027050,-8.4192416,93,153,12,37,0,"{""239"":1,""240"":1,""21"":5,""200"":0,""69"":1,""237"":2,""113"":100,""303"":1,""383"":3,""1149"":1,""181"":15,""182"":9,""66"":14857,""24"":37,""206"":48740,""67"":4128,""68"":0,""13"":907,""17"":11,""18"":-287,""19"":18,""15"":0,""241"":26806,""199"":617,""16"":126117,""12"":11096,""449"":0,""636"":1946409,""1148"":62,""11"":8935106000,""14"":1160700155,""387"":""2b3430323032372e303530302d303038343139322e343136372b3030302e3039332f""}"
2026-07-01T07:20:42Z,862272088542776,Codec8E,2026-06-28 21:23:06.000 UTC,1782681786000,0,40.2025216,-8.4190416,94,140,10,34,0,"{""239"":1,""240"":1,""21"":5,""200"":0,""69"":1,""237"":2,""113"":100,""303"":1,""383"":3,""1149"":1,""181"":21,""182"":11,""66"":14742,""24"":34,""206"":48740,""67"":4128,""68"":0,""13"":907,""17"":-67,""18"":-60,""19"":101,""15"":0,""241"":26806,""199"":644,""16"":126144,""12"":11096,""449"":0,""636"":1946409,""1148"":62,""11"":8935106000,""14"":1160700155,""387"":""2b3430323032352e323136372d303038343139302e343136372b3030302e3039342f""}"
2026-07-01T07:20:42Z,862272088542776,Codec8E,2026-06-28 21:23:08.000 UTC,1782681788000,0,40.2026416,-8.4187616,95,70,10,33,0,"{""239"":1,""240"":1,""21"":5,""200"":0,""69"":1,""237"":2,""113"":100,""303"":1,""383"":3,""1149"":1,""181"":20,""182"":10,""66"":14784,""24"":33,""206"":48740,""67"":4128,""68"":0,""13"":907,""17"":35,""18"":-31,""19"":33,""15"":0,""241"":26806,""199"":677,""16"":126177,""12"":11096,""449"":0,""636"":1807627,""1148"":62,""11"":8935106000,""14"":1160700155,""387"":""2b3430323032362e343136372d303038343138372e363136372b3030302e3039352f""}"
2026-07-01T07:20:42Z,862272088542776,Codec8E,2026-06-28 21:23:11.000 UTC,1782681791000,0,40.2028566,-8.4183683,93,60,11,38,0,"{""239"":1,""240"":1,""21"":5,""200"":0,""69"":1,""237"":2,""113"":100,""303"":1,""383"":3,""1149"":1,""181"":13,""182"":10,""66"":14834,""24"":38,""206"":48740,""67"":4128,""68"":0,""13"":907,""17"":68,""18"":89,""19"":45,""15"":0,""241"":26806,""199"":718,""16"":126218,""12"":11096,""449"":0,""636"":1807627,""1148"":62,""11"":8935106000,""14"":1160700155,""387"":""2b3430323032382e353636372d303038343138332e363833332b3030302e3039332f""}"
2026-07-01T07:20:42Z,862272088542776,Codec8E,2026-06-28 21:23:15.000 UTC,1782681795000,0,40.2030616,-8.4179083,92,74,9,39,0,"{""239"":1,""240"":1,""21"":3,""200"":0,""69"":1,""237"":2,""113"":100,""303"":1,""383"":3,""1149"":8,""181"":21,""182"":11,""66"":14830,""24"":39,""206"":48740,""67"":4129,""68"":0,""13"":907,""17"":39,""18"":14,""19"":113,""15"":0,""241"":26806,""199"":764,""16"":126264,""12"":11096,""449"":0,""636"":1946419,""1148"":85,""11"":8935106000,""14"":1160700155,""387"":""2b3430323033302e363136372d303038343137392e303833332b3030302e3039322f""}"
2026-07-01T07:20:42Z,862272088542776,Codec8E,2026-06-28 21:23:18.000 UTC,1782681798000,0,40.2030966,-8.4175283,91,84,8,40,0,"{""239"":1,""240"":1,""21"":3,""200"":0,""69"":1,""237"":2,""113"":100,""303"":1,""383"":3,""1149"":8,""181"":16,""182"":12,""66"":14818,""24"":40,""206"":48740,""67"":4128,""68"":0,""13"":907,""17"":78,""18"":-38,""19"":2,""15"":0,""241"":26806,""199"":796,""16"":126296,""12"":11096,""449"":0,""636"":339251,""1148"":85,""11"":8935106000,""14"":1160700155,""387"":""2b3430323033302e393636372d303038343137352e323833332b3030302e3039312f""}"
2026-07-01T07:20:42Z,862272088542776,Codec8E,2026-06-28 21:23:29.000 UTC,1782681809000,0,40.2030916,-8.4164333,89,73,8,30,0,"{""239"":1,""240"":1,""21"":3,""200"":0,""69"":1,""237"":2,""113"":100,""303"":1,""383"":3,""1149"":8,""181"":18,""182"":15,""66"":14773,""24"":30,""206"":48740,""67"":4129,""68"":0,""13"":907,""17"":58,""18"":-43,""19"":38,""15"":0,""241"":26806,""199"":891,""16"":126391,""12"":11096,""449"":0,""636"":310068,""1148"":85,""11"":8935106000,""14"":1160700155,""387"":""2b3430323033302e393136372d303038343136342e333333332b3030302e3038392f""}"
2026-07-01T07:20:42Z,862272088542776,Codec8E,2026-06-28 21:23:42.000 UTC,1782681822000,0,40.2033266,-8.4152266,84,86,9,32,0,"{""239"":1,""240"":1,""21"":3,""200"":0,""69"":1,""237"":2,""113"":100,""303"":1,""383"":3,""1149"":8,""181"":22,""182"":13,""66"":14794,""24"":32,""206"":48740,""67"":4128,""68"":0,""13"":907,""17"":177,""18"":23,""19"":112,""15"":0,""241"":26806,""199"":998,""16"":126498,""12"":11096,""449"":0,""636"":309801,""1148"":85,""11"":8935106000,""14"":1160700155,""387"":""2b3430323033332e323636372d303038343135322e323636372b3030302e3038342f""}"
2026-07-01T07:20:42Z,862272088542776,Codec8E,2026-06-28 21:23:55.000 UTC,1782681835000,0,40.2033449,-8.4139983,79,86,8,28,0,"{""239"":1,""240"":1,""21"":3,""200"":0,""69"":1,""237"":2,""113"":100,""303"":1,""383"":3,""1149"":8,""181"":24,""182"":14,""66"":14803,""24"":28,""206"":48740,""67"":4128,""68"":0,""13"":907,""17"":33,""18"":-17,""19"":22,""15"":1000,""241"":26806,""199"":1103,""16"":126603,""12"":11096,""449"":0,""636"":309801,""1148"":74,""11"":8935106000,""14"":1160700155,""387"":""2b3430323033332e343530302d303038343133392e393833332b3030302e3037392f""}"
2026-07-01T07:20:42Z,862272088542776,Codec8E,2026-06-28 21:24:07.000 UTC,1782681847000,0,40.2033733,-8.4127066,74,88,7,28,0,"{""239"":1,""240"":1,""21"":3,""200"":0,""69"":1,""237"":2,""113"":100,""303"":1,""383"":3,""1149"":8,""181"":39,""182"":18,""66"":14814,""24"":28,""206"":48740,""67"":4129,""68"":0,""13"":907,""17"":73,""18"":-43,""19"":75,""15"":1000,""241"":26806,""199"":1202,""16"":126702,""12"":11096,""449"":0,""636"":309801,""1148"":74,""11"":8935106000,""14"":1160700155,""387"":""2b3430323033332e383530302d303038343132382e323636372b3030302e3037342f""}"
2026-07-01T07:20:42Z,862272088542776,Codec8E,2026-06-28 21:24:21.000 UTC,1782681861000,0,40.2033916,-8.4114149,69,89,8,33,0,"{""239"":1,""240"":1,""21"":3,""200"":0,""69"":1,""237"":2,""113"":100,""303"":1,""383"":3,""1149"":8,""181"":33,""182"":13,""66"":14805,""24"":33,""206"":48740,""67"":4128,""68"":0,""13"":907,""17"":15,""18"":-43,""19"":88,""15"":1000,""241"":26806,""199"":1323,""16"":126823,""12"":11096,""449"":0,""636"":309801,""1148"":74,""11"":8935106000,""14"":1160700155,""387"":""2b3430323033332e393136372d303038343131342e313530302b3030302e3036392f""}"
2026-07-01T07:20:43Z,862272088542776,Codec8E,2026-06-28 21:24:27.000 UTC,1782681867000,0,40.2033833,-8.4106899,68,99,9,36,0,"{""239"":1,""240"":1,""21"":4,""200"":0,""69"":1,""237"":2,""113"":100,""303"":1,""383"":3,""1149"":1,""181"":22,""182"":13,""66"":14799,""24"":36,""206"":48740,""67"":4128,""68"":0,""13"":907,""17"":7,""18"":263,""19"":54,""15"":1000,""241"":26806,""199"":1385,""16"":126885,""12"":11096,""449"":0,""636"":309802,""1148"":74,""11"":8935106000,""14"":1160700155,""387"":""2b3430323033332e383333332d303038343130362e393030302b3030302e3036382f""}"
2026-07-01T07:20:43Z,862272088542776,Codec8E,2026-06-28 21:24:29.000 UTC,1782681869000,0,40.2033299,-8.4104850,66,114,9,34,0,"{""239"":1,""240"":1,""21"":4,""200"":0,""69"":1,""237"":2,""113"":100,""303"":1,""383"":3,""1149"":1,""181"":13,""182"":10,""66"":14803,""24"":34,""206"":48740,""67"":4128,""68"":0,""13"":907,""17"":65,""18"":-342,""19"":54,""15"":1000,""241"":26806,""199"":1404,""16"":126904,""12"":11096,""449"":0,""636"":310826,""1148"":74,""11"":8935106000,""14"":1160700155,""387"":""2b3430323033332e333030302d303038343130342e383530302b3030302e3036362f""}"
2026-07-01T07:20:43Z,862272088542776,Codec8E,2026-06-28 21:24:32.000 UTC,1782681872000,0,40.2032416,-8.4102116,62,102,10,30,0,"{""239"":1,""240"":1,""21"":4,""200"":0,""69"":1,""237"":2,""113"":100,""303"":1,""383"":3,""1149"":1,""181"":19,""182"":10,""66"":14787,""24"":30,""206"":48740,""67"":4128,""68"":0,""13"":907,""17"":-154,""18"":51,""19"":-30,""15"":1000,""241"":26806,""199"":1429,""16"":126929,""12"":11096,""449"":0,""636"":310826,""1148"":74,""11"":8935106000,""14"":1160700155,""387"":""2b3430323033322e343136372d303038343130322e313136372b3030302e3036322f""}"
2026-07-01T07:20:43Z,862272088542776,Codec8E,2026-06-28 21:24:34.000 UTC,1782681874000,0,40.2032500,-8.4100133,60,81,10,30,0,"{""239"":1,""240"":1,""21"":4,""200"":0,""69"":1,""237"":2,""113"":100,""303"":1,""383"":3,""1149"":1,""181"":19,""182"":10,""66"":14807,""24"":30,""206"":48740,""67"":4128,""68"":0,""13"":907,""17"":-125,""18"":186,""19"":27,""15"":1000,""241"":26806,""199"":1446,""16"":126946,""12"":11096,""449"":0,""636"":310826,""1148"":74,""11"":8935106000,""14"":1160700155,""387"":""2b3430323033322e353030302d303038343130302e313333332b3030302e3036302f""}"
2026-07-01T07:20:43Z,862272088542776,Codec8E,2026-06-28 21:24:37.000 UTC,1782681877000,0,40.2032133,-8.4096466,57,94,11,35,0,"{""239"":1,""240"":1,""21"":4,""200"":0,""69"":1,""237"":2,""113"":100,""303"":1,""383"":3,""1149"":1,""181"":14,""182"":9,""66"":14792,""24"":35,""206"":48740,""67"":4128,""68"":0,""13"":907,""17"":172,""18"":13,""19"":43,""15"":1000,""241"":26806,""199"":1478,""16"":126978,""12"":11096,""449"":0,""636"":310826,""1148"":74,""11"":8935106000,""14"":1160700155,""387"":""2b3430323033322e313333332d303038343039362e343636372b3030302e3035372f""}"
2026-07-01T07:20:44Z,862272088542776,Codec8E,2026-06-28 21:24:42.000 UTC,1782681882000,0,40.2032216,-8.4091966,50,115,11,27,0,"{""239"":1,""240"":1,""21"":4,""200"":0,""69"":1,""237"":2,""113"":100,""303"":1,""383"":3,""1149"":1,""181"":14,""182"":9,""66"":14806,""24"":27,""206"":48740,""67"":4128,""68"":0,""13"":907,""17"":-270,""18"":51,""19"":-11,""15"":1000,""241"":26806,""199"":1518,""16"":127018,""12"":11096,""449"":0,""636"":310826,""1148"":74,""11"":8935106000,""14"":1160700155,""387"":""2b3430323033322e323136372d303038343039312e393636372b3030302e3035302f""}"
2026-07-01T07:20:44Z,862272088542776,Codec8E,2026-06-28 21:24:43.000 UTC,1782681883000,0,40.2032050,-8.4091683,49,126,11,22,0,"{""239"":1,""240"":1,""21"":4,""200"":0,""69"":1,""237"":2,""113"":100,""303"":1,""383"":3,""1149"":1,""181"":14,""182"":9,""66"":14819,""24"":22,""206"":48740,""67"":4128,""68"":0,""13"":907,""17"":-214,""18"":69,""19"":36,""15"":1000,""241"":26806,""199"":1521,""16"":127021,""12"":11096,""449"":0,""636"":310826,""1148"":74,""11"":8935106000,""14"":1160700155,""387"":""2b3430323033322e303530302d303038343039312e363833332b3030302e3034392f""}"
2026-07-01T07:20:44Z,862272088542776,Codec8E,2026-06-28 21:24:45.000 UTC,1782681885000,0,40.2031233,-8.4090950,46,142,10,19,0,"{""239"":1,""240"":1,""21"":5,""200"":0,""69"":1,""237"":2,""113"":100,""303"":1,""383"":3,""1149"":1,""181"":21,""182"":11,""66"":14819,""24"":19,""206"":48740,""67"":4128,""68"":0,""13"":907,""17"":-333,""18"":142,""19"":101,""15"":1000,""241"":26806,""199"":1532,""16"":127032,""12"":11096,""449"":0,""636"":310826,""1148"":69,""11"":8935106000,""14"":1160700155,""387"":""2b3430323033312e323333332d303038343039302e393530302b3030302e3034362f""}"
2026-07-01T07:20:44Z,862272088542776,Codec8E,2026-06-28 21:24:49.000 UTC,1782681889000,0,40.2029349,-8.4089216,42,153,10,22,0,"{""239"":1,""240"":1,""21"":5,""200"":0,""69"":1,""237"":2,""113"":100,""303"":1,""383"":3,""1149"":1,""181"":13,""182"":9,""66"":14823,""24"":22,""206"":48740,""67"":4128,""68"":0,""13"":907,""17"":-41,""18"":-76,""19"":70,""15"":1000,""241"":26806,""199"":1558,""16"":127058,""12"":11096,""449"":0,""636"":310826,""1148"":69,""11"":8935106000,""14"":1160700155,""387"":""2b3430323032392e333530302d303038343038392e323136372b3030302e3034322f""}"
2026-07-01T07:20:44Z,862272088542776,Codec8E,2026-06-28 21:24:51.000 UTC,1782681891000,0,40.2027533,-8.4088666,39,163,10,26,0,"{""239"":1,""240"":1,""21"":5,""200"":0,""69"":1,""237"":2,""113"":100,""303"":1,""383"":3,""1149"":1,""181"":18,""182"":10,""66"":14816,""24"":26,""206"":48740,""67"":4128,""68"":0,""13"":907,""17"":-76,""18"":-148,""19"":33,""15"":1000,""241"":26806,""199"":1579,""16"":127079,""12"":11096,""449"":0,""636"":1954345,""1148"":69,""11"":8935106000,""14"":1160700155,""387"":""2b3430323032372e353333332d303038343038382e363636372b3030302e3033392f""}"
2026-07-01T07:20:44Z,862272088542776,Codec8E,2026-06-28 21:24:55.000 UTC,1782681895000,0,40.2023400,-8.4086800,35,152,9,33,0,"{""239"":1,""240"":1,""21"":5,""200"":0,""69"":1,""237"":2,""113"":100,""303"":1,""383"":3,""1149"":1,""181"":24,""182"":12,""66"":14807,""24"":33,""206"":48740,""67"":4128,""68"":0,""13"":907,""17"":-24,""18"":-154,""19"":73,""15"":1000,""241"":26806,""199"":1628,""16"":127128,""12"":11096,""449"":0,""636"":1954345,""1148"":69,""11"":8935106000,""14"":1160700155,""387"":""2b3430323032332e343030302d303038343038362e383030302b3030302e3033352f""}"
2026-07-01T07:20:44Z,862272088542776,Codec8E,2026-06-28 21:24:56.000 UTC,1782681896000,0,40.2022583,-8.4085800,34,141,8,35,0,"{""239"":1,""240"":1,""21"":5,""200"":0,""69"":1,""237"":2,""113"":100,""303"":1,""383"":3,""1149"":1,""181"":28,""182"":17,""66"":14804,""24"":35,""206"":48740,""67"":4128,""68"":0,""13"":907,""17"":5,""18"":-141,""19"":139,""15"":1000,""241"":26806,""199"":1640,""16"":127140,""12"":11096,""449"":0,""636"":307241,""1148"":69,""11"":8935106000,""14"":1160700155,""387"":""2b3430323032322e353833332d303038343038352e383030302b3030302e3033342f""}"
2026-07-01T07:20:44Z,862272088542776,Codec8E,2026-06-28 21:24:59.000 UTC,1782681899000,0,40.2020583,-8.4082816,32,128,8,37,0,"{""239"":1,""240"":1,""21"":5,""200"":0,""69"":1,""237"":2,""113"":100,""303"":1,""383"":3,""1149"":1,""181"":18,""182"":15,""66"":14788,""24"":37,""206"":48740,""67"":4128,""68"":0,""13"":907,""17"":160,""18"":212,""19"":111,""15"":1000,""241"":26806,""199"":1674,""16"":127174,""12"":11096,""449"":0,""636"":307241,""1148"":69,""11"":8935106000,""14"":1160700155,""387"":""2b3430323032302e353833332d303038343038322e383136372b3030302e3033322f""}"
2026-07-01T07:20:44Z,862272088542776,Codec8E,2026-06-28 21:25:03.000 UTC,1782681903000,0,40.2018216,-8.4080066,29,158,9,34,0,"{""239"":1,""240"":1,""21"":5,""200"":0,""69"":1,""237"":2,""113"":100,""303"":1,""383"":3,""1149"":1,""181"":25,""182"":17,""66"":14796,""24"":34,""206"":48740,""67"":4128,""68"":0,""13"":907,""17"":-324,""18"":-14,""19"":-35,""15"":1000,""241"":26806,""199"":1711,""16"":127211,""12"":11096,""449"":0,""636"":310826,""1148"":69,""11"":8935106000,""14"":1160700155,""387"":""2b3430323031382e323136372d303038343038302e303636372b3030302e3032392f""}"
2026-07-01T07:20:44Z,862272088542776,Codec8E,2026-06-28 21:25:04.000 UTC,1782681904000,0,40.2017416,-8.4080400,28,185,9,32,0,"{""239"":1,""240"":1,""21"":5,""200"":0,""69"":1,""237"":2,""113"":100,""303"":1,""383"":3,""1149"":1,""181"":25,""182"":17,""66"":14799,""24"":32,""206"":48740,""67"":4128,""68"":0,""13"":907,""17"":-252,""18"":-35,""19"":-1,""15"":1000,""241"":26806,""199"":1721,""16"":127221,""12"":11096,""449"":0,""636"":310826,""1148"":69,""11"":8935106000,""14"":1160700155,""387"":""2b3430323031372e343136372d303038343038302e343030302b3030302e3032382f""}"
2026-07-01T07:20:45Z,862272088542776,Codec8E,2026-06-28 21:25:05.000 UTC,1782681905000,0,40.2016516,-8.4080966,28,199,9,32,0,"{""239"":1,""240"":1,""21"":5,""200"":0,""69"":1,""237"":2,""113"":100,""303"":1,""383"":3,""1149"":1,""181"":25,""182"":17,""66"":14803,""24"":32,""206"":48740,""67"":4128,""68"":0,""13"":907,""17"":-254,""18"":-134,""19"":32,""15"":1000,""241"":26806,""199"":1732,""16"":127232,""12"":11096,""449"":0,""636"":307241,""1148"":69,""11"":8935106000,""14"":1160700155,""387"":""2b3430323031362e353136372d303038343038302e393636372b3030302e3032382f""}"
2026-07-01T07:20:45Z,862272088542776,Codec8E,2026-06-28 21:25:11.000 UTC,1782681911000,0,40.2009633,-8.4084083,26,190,11,42,0,"{""239"":1,""240"":1,""21"":5,""200"":0,""69"":1,""237"":2,""113"":100,""303"":1,""383"":3,""1149"":1,""181"":18,""182"":10,""66"":14781,""24"":42,""206"":48740,""67"":4128,""68"":0,""13"":907,""17"":59,""18"":-93,""19"":-4,""15"":1000,""241"":26806,""199"":1813,""16"":127313,""12"":11096,""449"":0,""636"":307241,""1148"":69,""11"":8935106000,""14"":1160700155,""387"":""2b3430323030392e363333332d303038343038342e303833332b3030302e3032362f""}"
2026-07-01T07:20:45Z,862272088542776,Codec8E,2026-06-28 21:25:17.000 UTC,1782681917000,0,40.2004983,-8.4085683,25,210,12,32,0,"{""239"":1,""240"":1,""21"":5,""200"":0,""69"":1,""237"":2,""113"":100,""303"":1,""383"":3,""1149"":1,""181"":17,""182"":9,""66"":14810,""24"":32,""206"":48740,""67"":4128,""68"":0,""13"":907,""17"":-43,""18"":267,""19"":65,""15"":1000,""241"":26806,""199"":1867,""16"":127367,""12"":11096,""449"":0,""636"":307241,""1148"":72,""11"":8935106000,""14"":1160700155,""387"":""2b3430323030342e393833332d303038343038352e363833332b3030302e3032352f""}"
2026-07-01T07:20:45Z,862272088542776,Codec8E,2026-06-28 21:25:19.000 UTC,1782681919000,0,40.2004350,-8.4086833,25,231,12,26,0,"{""239"":1,""240"":1,""21"":5,""200"":0,""69"":1,""237"":2,""113"":100,""303"":1,""383"":3,""1149"":1,""181"":12,""182"":8,""66"":14803,""24"":26,""206"":48740,""67"":4128,""68"":0,""13"":907,""17"":-69,""18"":-32,""19"":18,""15"":1000,""241"":26806,""199"":1880,""16"":127380,""12"":11096,""449"":0,""636"":310826,""1148"":72,""11"":8935106000,""14"":1160700155,""387"":""2b3430323030342e333530302d303038343038362e383333332b3030302e3032352f""}"
2026-07-01T07:20:45Z,862272088542776,Codec8E,2026-06-28 21:25:20.000 UTC,1782681920000,0,40.2004383,-8.4087466,25,245,11,24,0,"{""239"":1,""240"":1,""21"":5,""200"":0,""69"":1,""237"":2,""113"":100,""303"":1,""383"":3,""1149"":1,""181"":19,""182"":10,""66"":14796,""24"":24,""206"":48740,""67"":4128,""68"":0,""13"":907,""17"":68,""18"":-19,""19"":131,""15"":1000,""241"":26806,""199"":1885,""16"":127385,""12"":11096,""449"":0,""636"":310826,""1148"":72,""11"":8935106000,""14"":1160700155,""387"":""2b3430323030342e333833332d303038343038372e343636372b3030302e3032352f""}"
2026-07-01T07:20:45Z,862272088542776,Codec8E,2026-06-28 21:25:21.000 UTC,1782681921000,0,40.2004749,-8.4088233,25,261,11,23,0,"{""239"":1,""240"":1,""21"":5,""200"":0,""69"":1,""237"":2,""113"":100,""303"":1,""383"":3,""1149"":1,""181"":19,""182"":10,""66"":14790,""24"":23,""206"":48740,""67"":4128,""68"":0,""13"":907,""17"":23,""18"":-12,""19"":67,""15"":1000,""241"":26806,""199"":1893,""16"":127393,""12"":11096,""449"":0,""636"":310826,""1148"":72,""11"":8935106000,""14"":1160700155,""387"":""2b3430323030342e373530302d303038343038382e323333332b3030302e3032352f""}"
2026-07-01T07:20:45Z,862272088542776,Codec8E,2026-06-28 21:25:22.000 UTC,1782681922000,0,40.2005066,-8.4089366,25,276,11,23,0,"{""239"":1,""240"":1,""21"":5,""200"":0,""69"":1,""237"":2,""113"":100,""303"":1,""383"":3,""1149"":1,""181"":19,""182"":10,""66"":14796,""24"":23,""206"":48740,""67"":4128,""68"":0,""13"":907,""17"":-28,""18"":-107,""19"":107,""15"":1000,""241"":26806,""199"":1903,""16"":127403,""12"":11096,""449"":0,""636"":1604394,""1148"":72,""11"":8935106000,""14"":1160700155,""387"":""2b3430323030352e303636372d303038343038392e333636372b3030302e3032352f""}"
2026-07-01T07:20:45Z,862272088542776,Codec8E,2026-06-28 21:25:24.000 UTC,1782681924000,0,40.2005816,-8.4091683,23,288,11,28,0,"{""239"":1,""240"":1,""21"":5,""200"":0,""69"":1,""237"":2,""113"":100,""303"":1,""383"":3,""1149"":1,""181"":19,""182"":10,""66"":14801,""24"":28,""206"":48740,""67"":4128,""68"":0,""13"":907,""17"":-7,""18"":-38,""19"":71,""15"":1000,""241"":26806,""199"":1924,""16"":127424,""12"":11096,""449"":0,""636"":1604394,""1148"":72,""11"":8935106000,""14"":1160700155,""387"":""2b3430323030352e383136372d303038343039312e363833332b3030302e3032332f""}"
2026-07-01T07:20:45Z,862272088542776,Codec8E,2026-06-28 21:25:31.000 UTC,1782681931000,0,40.2007550,-8.4099600,21,274,11,33,0,"{""239"":1,""240"":1,""21"":5,""200"":0,""69"":1,""237"":2,""113"":100,""303"":1,""383"":3,""1149"":1,""181"":19,""182"":10,""66"":14809,""24"":33,""206"":48740,""67"":4128,""68"":0,""13"":907,""17"":-121,""18"":-199,""19"":175,""15"":1000,""241"":26806,""199"":1994,""16"":127494,""12"":11096,""449"":0,""636"":1604394,""1148"":72,""11"":8935106000,""14"":1160700155,""387"":""2b3430323030372e353530302d303038343039392e363030302b3030302e3032312f""}"
2026-07-01T07:20:45Z,862272088542776,Codec8E,2026-06-28 21:25:33.000 UTC,1782681933000,0,40.2007516,-8.4101933,20,263,11,35,0,"{""239"":1,""240"":1,""21"":5,""200"":0,""69"":1,""237"":2,""113"":100,""303"":1,""383"":3,""1149"":1,""181"":13,""182"":9,""66"":14803,""24"":35,""206"":48740,""67"":4128,""68"":0,""13"":907,""17"":-32,""18"":-43,""19"":70,""15"":1000,""241"":26806,""199"":2014,""16"":127514,""12"":11096,""449"":0,""636"":309802,""1148"":72,""11"":8935106000,""14"":1160700155,""387"":""2b3430323030372e353136372d303038343130312e393333332b3030302e3032302f""}"
2026-07-01T07:20:45Z,862272088542776,Codec8E,2026-06-28 21:25:37.000 UTC,1782681937000,0,40.2006800,-8.4106566,20,253,10,36,0,"{""239"":1,""240"":1,""21"":5,""200"":0,""69"":1,""237"":2,""113"":100,""303"":1,""383"":3,""1149"":1,""181"":20,""182"":10,""66"":14786,""24"":36,""206"":48740,""67"":4128,""68"":0,""13"":907,""17"":-25,""18"":-293,""19"":22,""15"":1000,""241"":26806,""199"":2055,""16"":127555,""12"":11096,""449"":0,""636"":309802,""1148"":72,""11"":8935106000,""14"":1160700155,""387"":""2b3430323030362e383030302d303038343130362e353636372b3030302e3032302f""}"
2026-07-01T07:20:45Z,862272088542776,Codec8E,2026-06-28 21:25:41.000 UTC,1782681941000,0,40.2006383,-8.4109950,20,243,9,29,0,"{""239"":1,""240"":1,""21"":5,""200"":0,""69"":1,""237"":2,""113"":100,""303"":1,""383"":3,""1149"":1,""181"":23,""182"":12,""66"":14794,""24"":29,""206"":48740,""67"":4128,""68"":0,""13"":907,""17"":-190,""18"":-188,""19"":42,""15"":1000,""241"":26806,""199"":2084,""16"":127584,""12"":11096,""449"":0,""636"":310826,""1148"":72,""11"":8935106000,""14"":1160700155,""387"":""2b3430323030362e333833332d303038343130392e393530302b3030302e3032302f""}"
2026-07-01T07:20:45Z,862272088542776,Codec8E,2026-06-28 21:25:43.000 UTC,1782681943000,0,40.2005866,-8.4110383,19,227,9,24,0,"{""239"":1,""240"":1,""21"":5,""200"":0,""69"":1,""237"":2,""113"":100,""303"":1,""383"":3,""1149"":1,""181"":14,""182"":11,""66"":14799,""24"":24,""206"":48740,""67"":4128,""68"":0,""13"":907,""17"":-146,""18"":124,""19"":126,""15"":1000,""241"":26806,""199"":2091,""16"":127591,""12"":11096,""449"":0,""636"":309802,""1148"":72,""11"":8935106000,""14"":1160700155,""387"":""2b3430323030352e383636372d303038343131302e333833332b3030302e3031392f""}"
2026-07-01T07:20:45Z,862272088542776,Codec8E,2026-06-28 21:25:45.000 UTC,1782681945000,0,40.2005366,-8.4110349,19,213,9,19,0,"{""239"":1,""240"":1,""21"":5,""200"":0,""69"":1,""237"":2,""113"":100,""303"":1,""383"":3,""1149"":1,""181"":23,""182"":12,""66"":14805,""24"":19,""206"":48740,""67"":4128,""68"":0,""13"":907,""17"":-51,""18"":130,""19"":7,""15"":1000,""241"":26806,""199"":2097,""16"":127597,""12"":11096,""449"":0,""636"":309802,""1148"":71,""11"":8935106000,""14"":1160700155,""387"":""2b3430323030352e333636372d303038343131302e333530302b3030302e3031392f""}"
2026-07-01T07:20:45Z,862272088542776,Codec8E,2026-06-28 21:25:46.000 UTC,1782681946000,0,40.2004900,-8.4110033,19,194,9,18,0,"{""239"":1,""240"":1,""21"":5,""200"":0,""69"":1,""237"":2,""113"":100,""303"":1,""383"":3,""1149"":1,""181"":14,""182"":11,""66"":14805,""24"":18,""206"":48740,""67"":4128,""68"":0,""13"":907,""17"":-147,""18"":16,""19"":4,""15"":1000,""241"":26806,""199"":2102,""16"":127602,""12"":11096,""449"":0,""636"":309802,""1148"":71,""11"":8935106000,""14"":1160700155,""387"":""2b3430323030342e393030302d303038343131302e303333332b3030302e3031392f""}"
2026-07-01T07:20:46Z,862272088542776,Codec8E,2026-06-28 21:25:48.000 UTC,1782681948000,0,40.2004050,-8.4109749,19,183,10,16,0,"{""239"":1,""240"":1,""21"":5,""200"":0,""69"":1,""237"":2,""113"":100,""303"":1,""383"":3,""1149"":1,""181"":20,""182"":10,""66"":14810,""24"":16,""206"":48740,""67"":4128,""68"":0,""13"":907,""17"":-210,""18"":21,""19"":2,""15"":1000,""241"":26806,""199"":2112,""16"":127612,""12"":11096,""449"":0,""636"":309802,""1148"":71,""11"":8935106000,""14"":1160700155,""387"":""2b3430323030342e303530302d303038343130392e373530302b3030302e3031392f""}"
2026-07-01T07:20:46Z,862272088542776,Codec8E,2026-06-28 21:25:49.000 UTC,1782681949000,0,40.2003333,-8.4109300,20,169,10,17,0,"{""239"":1,""240"":1,""21"":5,""200"":0,""69"":1,""237"":2,""113"":100,""303"":1,""383"":3,""1149"":1,""181"":13,""182"":10,""66"":14807,""24"":17,""206"":48740,""67"":4128,""68"":0,""13"":907,""17"":-218,""18"":-21,""19"":-16,""15"":1000,""241"":26806,""199"":2121,""16"":127621,""12"":11096,""449"":0,""636"":309802,""1148"":71,""11"":8935106000,""14"":1160700155,""387"":""2b3430323030332e333333332d303038343130392e333030302b3030302e3032302f""}"
2026-07-01T07:20:46Z,862272088542776,Codec8E,2026-06-28 21:25:56.000 UTC,1782681956000,0,40.1997583,-8.4107733,20,180,8,25,0,"{""239"":1,""240"":1,""21"":5,""200"":0,""69"":1,""237"":2,""113"":100,""303"":1,""383"":3,""1149"":1,""181"":16,""182"":13,""66"":14812,""24"":25,""206"":48740,""67"":4128,""68"":0,""13"":907,""17"":-94,""18"":-36,""19"":57,""15"":1000,""241"":26806,""199"":2187,""16"":127687,""12"":11096,""449"":0,""636"":309802,""1148"":71,""11"":8935106000,""14"":1160700155,""387"":""2b3430313939372e353833332d303038343130372e373333332b3030302e3032302f""}"
2026-07-01T07:20:46Z,862272088542776,Codec8E,2026-06-28 21:26:07.000 UTC,1782681967000,0,40.1989783,-8.4108249,22,198,9,22,0,"{""239"":1,""240"":1,""21"":5,""200"":0,""69"":1,""237"":2,""113"":100,""303"":1,""383"":3,""1149"":1,""181"":14,""182"":11,""66"":14812,""24"":22,""206"":48740,""67"":4128,""68"":0,""13"":907,""17"":10,""18"":237,""19"":52,""15"":1000,""241"":26806,""199"":2274,""16"":127774,""12"":11096,""449"":0,""636"":309802,""1148"":71,""11"":8935106000,""14"":1160700155,""387"":""2b3430313938392e373833332d303038343130382e323530302b3030302e3032322f""}"
2026-07-01T07:20:46Z,862272088542776,Codec8E,2026-06-28 21:26:08.000 UTC,1782681968000,0,40.1989266,-8.4108849,22,220,10,21,0,"{""239"":1,""240"":1,""21"":5,""200"":0,""69"":1,""237"":2,""113"":100,""303"":1,""383"":3,""1149"":1,""181"":18,""182"":10,""66"":14812,""24"":21,""206"":48740,""67"":4128,""68"":0,""13"":907,""17"":-84,""18"":55,""19"":58,""15"":1000,""241"":26806,""199"":2282,""16"":127782,""12"":11096,""449"":0,""636"":309802,""1148"":71,""11"":8935106000,""14"":1160700155,""387"":""2b3430313938392e323636372d303038343130382e383530302b3030302e3032322f""}"
2026-07-01T07:20:47Z,862272088542776,Codec8E,2026-06-28 21:26:10.000 UTC,1782681970000,0,40.1988650,-8.4109350,24,251,11,20,0,"{""239"":1,""240"":1,""21"":5,""200"":0,""69"":1,""237"":2,""113"":100,""303"":1,""383"":3,""1149"":1,""181"":18,""182"":10,""66"":14810,""24"":20,""206"":48740,""67"":4128,""68"":0,""13"":907,""17"":-5,""18"":-42,""19"":6,""15"":1000,""241"":26806,""199"":2292,""16"":127792,""12"":11096,""449"":0,""636"":309802,""1148"":71,""11"":8935106000,""14"":1160700155,""387"":""2b3430313938382e363530302d303038343130392e333530302b3030302e3032342f""}"
2026-07-01T07:20:47Z,862272088542776,Codec8E,2026-06-28 21:26:11.000 UTC,1782681971000,0,40.1988666,-8.4109683,25,262,11,19,0,"{""239"":1,""240"":1,""21"":5,""200"":0,""69"":1,""237"":2,""113"":100,""303"":1,""383"":3,""1149"":1,""181"":18,""182"":10,""66"":14812,""24"":19,""206"":48740,""67"":4128,""68"":0,""13"":907,""17"":-127,""18"":-33,""19"":31,""15"":1000,""241"":26806,""199"":2295,""16"":127795,""12"":11096,""449"":0,""636"":309802,""1148"":71,""11"":8935106000,""14"":1160700155,""387"":""2b3430313938382e363636372d303038343130392e363833332b3030302e3032352f""}"
2026-07-01T07:20:47Z,862272088542776,Codec8E,2026-06-28 21:26:17.000 UTC,1782681977000,0,40.1988783,-8.4113283,26,272,10,20,0,"{""239"":1,""240"":1,""21"":5,""200"":0,""69"":1,""237"":2,""113"":100,""303"":1,""383"":3,""1149"":1,""181"":21,""182"":11,""66"":14803,""24"":20,""206"":48740,""67"":4128,""68"":0,""13"":907,""17"":0,""18"":-1,""19"":70,""15"":1000,""241"":26806,""199"":2326,""16"":127826,""12"":11096,""449"":0,""636"":309802,""1148"":71,""11"":8935106000,""14"":1160700155,""387"":""2b3430313938382e373833332d303038343131332e323833332b3030302e3032362f""}"
2026-07-01T07:20:47Z,862272088542776,Codec8E,2026-06-28 21:26:24.000 UTC,1782681984000,0,40.1989100,-8.4116083,26,233,10,12,0,"{""239"":1,""240"":1,""21"":5,""200"":0,""69"":1,""237"":2,""113"":100,""303"":1,""383"":3,""1149"":1,""181"":13,""182"":10,""66"":14803,""24"":12,""206"":48740,""67"":4128,""68"":0,""13"":907,""17"":-196,""18"":-223,""19"":-11,""15"":1000,""241"":26806,""199"":2351,""16"":127851,""12"":11096,""449"":0,""636"":310826,""1148"":71,""11"":8935106000,""14"":1160700155,""387"":""2b3430313938392e313030302d303038343131362e303833332b3030302e3032362f""}"
2026-07-01T07:20:47Z,862272088542776,Codec8E,2026-06-28 21:26:25.000 UTC,1782681985000,0,40.1988650,-8.4116249,27,207,9,12,0,"{""239"":1,""240"":1,""21"":5,""200"":0,""69"":1,""237"":2,""113"":100,""303"":1,""383"":3,""1149"":1,""181"":23,""182"":12,""66"":14812,""24"":12,""206"":48740,""67"":4128,""68"":0,""13"":907,""17"":-222,""18"":-98,""19"":-209,""15"":1000,""241"":26806,""199"":2356,""16"":127856,""12"":11096,""449"":0,""636"":310826,""1148"":71,""11"":8935106000,""14"":1160700155,""387"":""2b3430313938382e363530302d303038343131362e323530302b3030302e3032372f""}"
2026-07-01T07:20:48Z,862272088542776,Codec8E,2026-06-28 21:26:27.000 UTC,1782681987000,0,40.1987216,-8.4116749,27,192,9,16,0,"{""239"":1,""240"":1,""21"":5,""200"":0,""69"":1,""237"":2,""113"":100,""303"":1,""383"":3,""1149"":1,""181"":14,""182"":11,""66"":14812,""24"":16,""206"":48740,""67"":4128,""68"":0,""13"":907,""17"":-68,""18"":-61,""19"":37,""15"":1000,""241"":26806,""199"":2373,""16"":127873,""12"":11096,""449"":0,""636"":310826,""1148"":71,""11"":8935106000,""14"":1160700155,""387"":""2b3430313938372e323136372d303038343131362e373530302b3030302e3032372f""}"
2026-07-01T07:20:48Z,862272088542776,Codec8E,2026-06-28 21:26:33.000 UTC,1782681993000,0,40.1982783,-8.4117316,26,181,10,24,0,"{""239"":1,""240"":1,""21"":5,""200"":0,""69"":1,""237"":2,""113"":100,""303"":1,""383"":3,""1149"":1,""181"":13,""182"":10,""66"":14785,""24"":24,""206"":48740,""67"":4128,""68"":0,""13"":907,""17"":70,""18"":-51,""19"":11,""15"":1000,""241"":26806,""199"":2423,""16"":127923,""12"":11096,""449"":0,""636"":307241,""1148"":71,""11"":8935106000,""14"":1160700155,""387"":""2b3430313938322e373833332d303038343131372e333136372b3030302e3032362f""}"
2026-07-01T07:20:48Z,862272088542776,Codec8E,2026-06-28 21:26:35.000 UTC,1782681995000,0,40.1981883,-8.4117650,27,192,10,21,0,"{""239"":1,""240"":1,""21"":5,""200"":0,""69"":1,""237"":2,""113"":100,""303"":1,""383"":3,""1149"":1,""181"":18,""182"":11,""66"":14783,""24"":21,""206"":48740,""67"":4128,""68"":0,""13"":907,""17"":-260,""18"":-217,""19"":14,""15"":1000,""241"":26806,""199"":2433,""16"":127933,""12"":11096,""449"":0,""636"":307241,""1148"":71,""11"":8935106000,""14"":1160700155,""387"":""2b3430313938312e383833332d303038343131372e363530302b3030302e3032372f""}"
2026-07-01T07:20:48Z,862272088542776,Codec8E,2026-06-28 21:26:37.000 UTC,1782681997000,0,40.1981466,-8.4117566,26,174,9,17,0,"{""239"":1,""240"":1,""21"":5,""200"":0,""69"":1,""237"":2,""113"":100,""303"":1,""383"":3,""1149"":1,""181"":22,""182"":14,""66"":14790,""24"":17,""206"":48740,""67"":4128,""68"":0,""13"":907,""17"":114,""18"":5,""19"":12,""15"":1000,""241"":26806,""199"":2436,""16"":127936,""12"":11096,""449"":0,""636"":307241,""1148"":71,""11"":8935106000,""14"":1160700155,""387"":""2b3430313938312e343636372d303038343131372e353636372b3030302e3032362f""}"
2026-07-01T07:20:48Z,862272088542776,Codec8E,2026-06-28 21:26:38.000 UTC,1782681998000,0,40.1981500,-8.4117350,27,161,10,15,0,"{""239"":1,""240"":1,""21"":5,""200"":0,""69"":1,""237"":2,""113"":100,""303"":1,""383"":3,""1149"":1,""181"":13,""182"":11,""66"":14787,""24"":15,""206"":48740,""67"":4128,""68"":0,""13"":907,""17"":78,""18"":62,""19"":112,""15"":1000,""241"":26806,""199"":2440,""16"":127940,""12"":11096,""449"":0,""636"":307241,""1148"":71,""11"":8935106000,""14"":1160700155,""387"":""2b3430313938312e353030302d303038343131372e333530302b3030302e3032372f""}"
2026-07-01T07:20:48Z,862272088542776,Codec8E,2026-06-28 21:26:42.000 UTC,1782682002000,0,40.1981816,-8.4116633,27,73,9,8,0,"{""239"":1,""240"":1,""21"":5,""200"":0,""69"":1,""237"":2,""113"":100,""303"":1,""383"":3,""1149"":1,""181"":15,""182"":12,""66"":14807,""24"":8,""206"":48740,""67"":4128,""68"":0,""13"":907,""17"":91,""18"":-1,""19"":28,""15"":1000,""241"":26806,""199"":2447,""16"":127947,""12"":11096,""449"":0,""636"":307241,""1148"":71,""11"":8935106000,""14"":1160700155,""387"":""2b3430313938312e383136372d303038343131362e363333332b3030302e3032372f""}"
2026-07-01T07:20:48Z,862272088542776,Codec8E,2026-06-28 21:26:44.000 UTC,1782682004000,0,40.1981800,-8.4116233,27,91,10,7,0,"{""239"":1,""240"":1,""21"":5,""200"":0,""69"":1,""237"":2,""113"":100,""303"":1,""383"":3,""1149"":1,""181"":15,""182"":12,""66"":14806,""24"":7,""206"":48740,""67"":4128,""68"":0,""13"":907,""17"":-30,""18"":36,""19"":9,""15"":1000,""241"":26806,""199"":2451,""16"":127951,""12"":11096,""449"":0,""636"":307241,""1148"":71,""11"":8935106000,""14"":1160700155,""387"":""2b3430313938312e383030302d303038343131362e323333332b3030302e3032372f""}"
2026-07-01T07:20:48Z,862272088542776,Codec8E,2026-06-28 21:26:46.000 UTC,1782682006000,0,40.1981649,-8.4115799,26,102,11,6,0,"{""239"":1,""240"":1,""21"":5,""200"":0,""69"":1,""237"":2,""113"":100,""303"":1,""383"":3,""1149"":1,""181"":12,""182"":10,""66"":14821,""24"":6,""206"":48740,""67"":4128,""68"":0,""13"":907,""17"":19,""18"":-27,""19"":8,""15"":1000,""241"":26806,""199"":2455,""16"":127955,""12"":11096,""449"":0,""636"":307241,""1148"":64,""11"":8935106000,""14"":1160700155,""387"":""2b3430313938312e363530302d303038343131352e383030302b3030302e3032362f""}"
2026-07-01T07:20:48Z,862272088542776,Codec8E,2026-06-28 21:26:47.000 UTC,1782682007000,0,40.1981633,-8.4115233,26,86,10,6,0,"{""239"":1,""240"":1,""21"":5,""200"":0,""69"":1,""237"":2,""113"":100,""303"":1,""383"":3,""1149"":1,""181"":16,""182"":13,""66"":14821,""24"":7,""206"":48740,""67"":4128,""68"":0,""13"":907,""17"":9,""18"":59,""19"":53,""15"":1000,""241"":26806,""199"":2458,""16"":127958,""12"":11096,""449"":0,""636"":307241,""1148"":64,""11"":8935106000,""14"":1160700155,""387"":""2b3430313938312e363136372d303038343131352e343636372b3030302e3032362f""}"
2026-07-01T07:20:48Z,862272088542776,Codec8E,2026-06-28 21:26:49.000 UTC,1782682009000,0,40.1981516,-8.4114766,26,103,11,7,0,"{""239"":1,""240"":1,""21"":5,""200"":0,""69"":1,""237"":2,""113"":100,""303"":1,""383"":3,""1149"":1,""181"":13,""182"":10,""66"":14824,""24"":7,""206"":48740,""67"":4128,""68"":0,""13"":907,""17"":74,""18"":-17,""19"":58,""15"":1000,""241"":26806,""199"":2464,""16"":127964,""12"":11096,""449"":0,""636"":307241,""1148"":64,""11"":8935106000,""14"":1160700155,""387"":""2b3430313938312e353136372d303038343131342e373636372b3030302e3032362f""}"
2026-07-01T07:20:49Z,862272088542776,Codec8E,2026-06-28 21:26:58.000 UTC,1782682018000,0,40.1982649,-8.4113366,30,356,8,6,0,"{""239"":1,""240"":1,""21"":5,""200"":0,""69"":1,""237"":2,""113"":100,""303"":1,""383"":3,""1149"":1,""181"":25,""182"":14,""66"":14805,""24"":6,""206"":48740,""67"":4128,""68"":0,""13"":907,""17"":40,""18"":-151,""19"":63,""15"":1000,""241"":26806,""199"":2483,""16"":127983,""12"":11096,""449"":0,""636"":307241,""1148"":64,""11"":8935106000,""14"":1160700155,""387"":""2b3430313938322e363530302d303038343131332e333636372b3030302e3033302f""}"
2026-07-01T07:20:49Z,862272088542776,Codec8E,2026-06-28 21:26:59.000 UTC,1782682019000,0,40.1982950,-8.4113166,30,7,8,7,0,"{""239"":1,""240"":1,""21"":5,""200"":0,""69"":1,""237"":2,""113"":100,""303"":1,""383"":3,""1149"":1,""181"":25,""182"":14,""66"":14812,""24"":7,""206"":48740,""67"":4128,""68"":0,""13"":907,""17"":82,""18"":-280,""19"":-14,""15"":1000,""241"":26806,""199"":2487,""16"":127987,""12"":11096,""449"":0,""636"":307241,""1148"":64,""11"":8935106000,""14"":1160700155,""387"":""2b3430313938322e393530302d303038343131332e313636372b3030302e3033302f""}"
2026-07-01T07:20:49Z,862272088542776,Codec8E,2026-06-28 21:27:01.000 UTC,1782682021000,0,40.1983300,-8.4113083,31,346,7,7,0,"{""239"":1,""240"":1,""21"":5,""200"":0,""69"":1,""237"":2,""113"":100,""303"":1,""383"":3,""1149"":1,""181"":16,""182"":14,""66"":14783,""24"":7,""206"":48740,""67"":4128,""68"":0,""13"":907,""17"":77,""18"":-49,""19"":10,""15"":1000,""241"":26806,""199"":2491,""16"":127991,""12"":11096,""449"":0,""636"":307241,""1148"":64,""11"":8935106000,""14"":1160700155,""387"":""2b3430313938332e333030302d303038343131332e303833332b3030302e3033312f""}"
2026-07-01T07:20:49Z,862272088542776,Codec8E,2026-06-28 21:27:32.000 UTC,1782682052000,0,40.1983433,-8.4113116,31,346,7,0,303,"{""239"":1,""240"":1,""21"":4,""200"":0,""69"":1,""237"":2,""113"":100,""303"":0,""383"":3,""1149"":7,""181"":16,""182"":13,""66"":14816,""24"":0,""206"":48740,""67"":4128,""68"":0,""13"":889,""17"":-93,""18"":-56,""19"":0,""15"":1000,""241"":26806,""199"":2491,""16"":127991,""12"":11102,""449"":0,""636"":307231,""1148"":75,""11"":8935106000,""14"":1160700155,""387"":""2b3430313938332e343333332d303038343131332e313136372b3030302e3033312f""}"
2026-07-01T07:20:49Z,862272088542776,Codec8E,2026-06-28 21:28:02.000 UTC,1782682082000,0,40.1983433,-8.4113116,31,346,14,0,239,"{""239"":0,""240"":1,""21"":4,""200"":0,""69"":1,""237"":2,""113"":100,""303"":0,""383"":3,""1149"":7,""181"":11,""182"":8,""66"":13153,""24"":0,""206"":48740,""67"":4128,""68"":0,""13"":890,""17"":-90,""18"":-56,""19"":0,""15"":1000,""241"":26806,""199"":2491,""16"":127991,""12"":11111,""449"":0,""636"":307231,""1148"":75,""11"":8935106000,""14"":1160700155,""387"":""2b3430313938332e343333332d303038343131332e313136372b3030302e3033312f""}"
2026-07-01T07:20:50Z,862272088542776,Codec8E,2026-06-28 21:28:31.000 UTC,1782682111000,0,40.1983433,-8.4113116,31,346,14,0,240,"{""239"":0,""240"":0,""21"":4,""200"":0,""69"":1,""237"":2,""113"":100,""303"":0,""383"":3,""1149"":7,""181"":11,""182"":8,""66"":12760,""24"":0,""206"":48740,""67"":4128,""68"":0,""13"":890,""17"":-90,""18"":-55,""19"":1,""15"":1000,""241"":26806,""199"":2491,""16"":127991,""12"":11111,""449"":0,""636"":307231,""1148"":75,""11"":8935106000,""14"":1160700155,""387"":""2b3430313938332e343333332d303038343131332e313136372b3030302e3033312f""}"
2026-07-01T07:20:50Z,862272088542776,Codec8E,2026-06-28 22:28:31.000 UTC,1782685711000,0,40.1983433,-8.4113116,45,346,12,0,0,"{""239"":0,""240"":0,""21"":5,""200"":0,""69"":1,""237"":2,""113"":100,""303"":0,""383"":3,""1149"":1,""181"":11,""182"":8,""66"":13014,""24"":0,""206"":48740,""67"":4128,""68"":0,""13"":890,""17"":-92,""18"":-55,""19"":1,""15"":1000,""241"":26806,""199"":0,""16"":127991,""12"":11111,""449"":0,""636"":307241,""1148"":70,""11"":8935106000,""14"":1160700155,""387"":""2b3430313938332e343333332d303038343131332e313136372b3030302e3034352f""}"
2026-07-01T07:20:50Z,862272088542776,Codec8E,2026-06-28 23:13:47.000 UTC,1782688427000,0,40.1983433,-8.4113116,74,0,11,0,239,"{""239"":1,""240"":0,""21"":5,""200"":0,""69"":1,""237"":2,""113"":100,""303"":0,""383"":3,""1149"":1,""181"":12,""182"":8,""66"":14863,""24"":0,""206"":48740,""67"":4128,""68"":0,""13"":890,""17"":-89,""18"":-54,""19"":7,""15"":0,""241"":26806,""199"":0,""16"":127991,""12"":11111,""449"":0,""636"":307241,""1148"":69,""11"":8935106000,""14"":1160700155,""387"":""2b3430313938332e343333332d303038343131332e313136372b3030302e3037342f""}"
2026-07-01T07:20:50Z,862272088542776,Codec8E,2026-06-28 23:14:58.000 UTC,1782688498000,0,40.1983433,-8.4113116,74,0,9,0,303,"{""239"":1,""240"":0,""21"":5,""200"":0,""69"":1,""237"":2,""113"":100,""303"":1,""383"":3,""1149"":1,""181"":14,""182"":11,""66"":14861,""24"":0,""206"":48740,""67"":4128,""68"":0,""13"":891,""17"":-33,""18"":30,""19"":96,""15"":0,""241"":26806,""199"":0,""16"":127991,""12"":11131,""449"":0,""636"":307241,""1148"":72,""11"":8935106000,""14"":1160700155,""387"":""2b3430313938332e343333332d303038343131332e313136372b3030302e3037342f""}"
2026-07-01T07:20:50Z,862272088542776,Codec8E,2026-06-28 23:14:59.000 UTC,1782688499000,0,40.1983666,-8.4113083,74,174,9,5,240,"{""239"":1,""240"":1,""21"":5,""200"":0,""69"":1,""237"":2,""113"":100,""303"":1,""383"":3,""1149"":1,""181"":21,""182"":13,""66"":14865,""24"":5,""206"":48740,""67"":4128,""68"":0,""13"":891,""17"":-48,""18"":33,""19"":-52,""15"":0,""241"":26806,""199"":0,""16"":127991,""12"":11131,""449"":0,""636"":307241,""1148"":72,""11"":8935106000,""14"":1160700155,""387"":""2b3430313938332e363636372d303038343131332e303833332b3030302e3037342f""}"
2026-07-01T07:20:51Z,862272088542776,Codec8E,2026-06-28 23:15:03.000 UTC,1782688503000,0,40.1982866,-8.4112700,73,184,9,7,0,"{""239"":1,""240"":1,""21"":5,""200"":0,""69"":1,""237"":2,""113"":100,""303"":1,""383"":3,""1149"":1,""181"":14,""182"":11,""66"":14901,""24"":7,""206"":48740,""67"":4128,""68"":0,""13"":891,""17"":-79,""18"":155,""19"":80,""15"":1000,""241"":26806,""199"":9,""16"":128000,""12"":11131,""449"":0,""636"":307241,""1148"":72,""11"":8935106000,""14"":1160700155,""387"":""2b3430313938322e383636372d303038343131322e373030302b3030302e3037332f""}"
2026-07-01T07:20:51Z,862272088542776,Codec8E,2026-06-28 23:15:04.000 UTC,1782688504000,0,40.1982733,-8.4112816,73,207,9,6,0,"{""239"":1,""240"":1,""21"":5,""200"":0,""69"":1,""237"":2,""113"":100,""303"":1,""383"":3,""1149"":1,""181"":14,""182"":11,""66"":14865,""24"":6,""206"":48740,""67"":4128,""68"":0,""13"":891,""17"":-82,""18"":101,""19"":27,""15"":1000,""241"":26806,""199"":9,""16"":128000,""12"":11131,""449"":0,""636"":307241,""1148"":72,""11"":8935106000,""14"":1160700155,""387"":""2b3430313938322e373333332d303038343131322e383136372b3030302e3037332f""}"
2026-07-01T07:20:51Z,862272088542776,Codec8E,2026-06-28 23:15:09.000 UTC,1782688509000,0,40.1982300,-8.4113583,72,254,8,6,0,"{""239"":1,""240"":1,""21"":5,""200"":0,""69"":1,""237"":2,""113"":100,""303"":1,""383"":3,""1149"":1,""181"":14,""182"":11,""66"":14823,""24"":6,""206"":48740,""67"":4128,""68"":0,""13"":891,""17"":-149,""18"":-32,""19"":89,""15"":1000,""241"":26806,""199"":19,""16"":128010,""12"":11131,""449"":0,""636"":307241,""1148"":66,""11"":8935106000,""14"":1160700155,""387"":""2b3430313938322e333030302d303038343131332e353833332b3030302e3037322f""}"
2026-07-01T07:20:51Z,862272088542776,Codec8E,2026-06-28 23:15:12.000 UTC,1782688512000,0,40.1982366,-8.4114716,71,266,9,8,0,"{""239"":1,""240"":1,""21"":5,""200"":0,""69"":1,""237"":2,""113"":100,""303"":1,""383"":3,""1149"":1,""181"":14,""182"":11,""66"":14878,""24"":8,""206"":48740,""67"":4128,""68"":0,""13"":891,""17"":3,""18"":71,""19"":61,""15"":1000,""241"":26806,""199"":29,""16"":128020,""12"":11131,""449"":0,""636"":307241,""1148"":66,""11"":8935106000,""14"":1160700155,""387"":""2b3430313938322e333636372d303038343131342e373136372b3030302e3037312f""}"
2026-07-01T07:20:51Z,862272088542776,Codec8E,2026-06-28 23:15:14.000 UTC,1782688514000,0,40.1982633,-8.4115283,71,277,8,9,0,"{""239"":1,""240"":1,""21"":5,""200"":0,""69"":1,""237"":2,""113"":100,""303"":1,""383"":3,""1149"":1,""181"":15,""182"":11,""66"":14845,""24"":9,""206"":48740,""67"":4128,""68"":0,""13"":891,""17"":0,""18"":-77,""19"":-14,""15"":1000,""241"":26806,""199"":33,""16"":128024,""12"":11131,""449"":0,""636"":307241,""1148"":66,""11"":8935106000,""14"":1160700155,""387"":""2b3430313938322e363333332d303038343131352e323833332b3030302e3037312f""}"
2026-07-01T07:20:52Z,862272088542776,Codec8E,2026-06-28 23:15:19.000 UTC,1782688519000,0,40.1982450,-8.4115933,70,202,9,7,0,"{""239"":1,""240"":1,""21"":5,""200"":0,""69"":1,""237"":2,""113"":100,""303"":1,""383"":3,""1149"":1,""181"":13,""182"":10,""66"":14831,""24"":7,""206"":48740,""67"":4128,""68"":0,""13"":891,""17"":-221,""18"":-119,""19"":52,""15"":1000,""241"":26806,""199"":40,""16"":128031,""12"":11131,""449"":0,""636"":307241,""1148"":66,""11"":8935106000,""14"":1160700155,""387"":""2b3430313938322e343530302d303038343131352e393333332b3030302e3037302f""}"
2026-07-01T07:20:52Z,862272088542776,Codec8E,2026-06-28 23:15:21.000 UTC,1782688521000,0,40.1981300,-8.4116266,70,189,9,14,0,"{""239"":1,""240"":1,""21"":5,""200"":0,""69"":1,""237"":2,""113"":100,""303"":1,""383"":3,""1149"":1,""181"":13,""182"":10,""66"":14865,""24"":14,""206"":48740,""67"":4128,""68"":0,""13"":891,""17"":-113,""18"":-43,""19"":33,""15"":1000,""241"":26806,""199"":55,""16"":128046,""12"":11131,""449"":0,""636"":307241,""1148"":66,""11"":8935106000,""14"":1160700155,""387"":""2b3430313938312e333030302d303038343131362e323636372b3030302e3037302f""}"
2026-07-01T07:20:52Z,862272088542776,Codec8E,2026-06-28 23:15:25.000 UTC,1782688525000,0,40.1978133,-8.4116766,69,188,7,26,0,"{""239"":1,""240"":1,""21"":5,""200"":0,""69"":1,""237"":2,""113"":100,""303"":1,""383"":3,""1149"":1,""181"":17,""182"":14,""66"":14918,""24"":26,""206"":48740,""67"":4128,""68"":0,""13"":891,""17"":0,""18"":44,""19"":46,""15"":1000,""241"":26806,""199"":91,""16"":128082,""12"":11131,""449"":0,""636"":307241,""1148"":66,""11"":8935106000,""14"":1160700155,""387"":""2b3430313937382e313333332d303038343131362e373636372b3030302e3036392f""}"
2026-07-01T07:20:52Z,862272088542776,Codec8E,2026-06-28 23:15:38.000 UTC,1782688538000,0,40.1970216,-8.4120433,67,231,8,23,0,"{""239"":1,""240"":1,""21"":5,""200"":0,""69"":1,""237"":2,""113"":100,""303"":1,""383"":3,""1149"":1,""181"":25,""182"":13,""66"":14906,""24"":23,""206"":48740,""67"":4128,""68"":0,""13"":891,""17"":-77,""18"":60,""19"":-10,""15"":1000,""241"":26806,""199"":197,""16"":128188,""12"":11131,""449"":0,""636"":307243,""1148"":65,""11"":8935106000,""14"":1160700155,""387"":""2b3430313937302e323136372d303038343132302e343333332b3030302e3036372f""}"
2026-07-01T07:20:52Z,862272088542776,Codec8E,2026-06-28 23:15:41.000 UTC,1782688541000,0,40.1969433,-8.4123583,66,243,6,26,0,"{""239"":1,""240"":1,""21"":5,""200"":0,""69"":1,""237"":2,""113"":100,""303"":1,""383"":3,""1149"":1,""181"":31,""182"":17,""66"":14896,""24"":26,""206"":48740,""67"":4128,""68"":0,""13"":891,""17"":-65,""18"":-86,""19"":41,""15"":1000,""241"":26806,""199"":225,""16"":128216,""12"":11131,""449"":0,""636"":307243,""1148"":65,""11"":8935106000,""14"":1160700155,""387"":""2b3430313936392e343333332d303038343132332e353833332b3030302e3036362f""}"
2026-07-01T07:20:52Z,862272088542776,Codec8E,2026-06-28 23:15:52.000 UTC,1782688552000,0,40.1966116,-8.4135199,64,238,8,35,0,"{""239"":1,""240"":1,""21"":5,""200"":0,""69"":1,""237"":2,""113"":100,""303"":1,""383"":3,""1149"":1,""181"":16,""182"":14,""66"":14930,""24"":35,""206"":48740,""67"":4128,""68"":0,""13"":891,""17"":16,""18"":-28,""19"":25,""15"":1000,""241"":26806,""199"":331,""16"":128322,""12"":11131,""449"":0,""636"":307243,""1148"":65,""11"":8935106000,""14"":1160700155,""387"":""2b3430313936362e313136372d303038343133352e323030302b3030302e3036342f""}"
2026-07-01T07:20:52Z,862272088542776,Codec8E,2026-06-28 23:16:01.000 UTC,1782688561000,0,40.1961299,-8.4145233,60,239,10,39,0,"{""239"":1,""240"":1,""21"":5,""200"":0,""69"":1,""237"":2,""113"":100,""303"":1,""383"":3,""1149"":1,""181"":13,""182"":9,""66"":14880,""24"":39,""206"":48740,""67"":4128,""68"":0,""13"":891,""17"":9,""18"":-64,""19"":87,""15"":1000,""241"":26806,""199"":432,""16"":128423,""12"":11131,""449"":0,""636"":307243,""1148"":65,""11"":8935106000,""14"":1160700155,""387"":""2b3430313936312e333030302d303038343134352e323333332b3030302e3036302f""}"
2026-07-01T07:20:52Z,862272088542776,Codec8E,2026-06-28 23:16:08.000 UTC,1782688568000,0,40.1958250,-8.4151299,58,229,9,27,0,"{""239"":1,""240"":1,""21"":5,""200"":0,""69"":1,""237"":99,""113"":100,""303"":1,""383"":3,""1149"":1,""181"":13,""182"":10,""66"":14852,""24"":27,""206"":0,""67"":4128,""68"":0,""13"":891,""17"":-67,""18"":-423,""19"":-12,""15"":1000,""241"":26806,""199"":494,""16"":128485,""12"":11131,""449"":0,""636"":0,""1148"":65,""11"":8935106000,""14"":1160700155,""387"":""2b3430313935382e323530302d303038343135312e333030302b3030302e3035382f""}"
2026-07-01T07:20:52Z,862272088542776,Codec8E,2026-06-28 23:16:09.000 UTC,1782688569000,0,40.1957800,-8.4151166,57,175,9,25,0,"{""239"":1,""240"":1,""21"":5,""200"":0,""69"":1,""237"":99,""113"":100,""303"":1,""383"":3,""1149"":1,""181"":24,""182"":13,""66"":14920,""24"":25,""206"":0,""67"":4128,""68"":0,""13"":891,""17"":-173,""18"":-255,""19"":6,""15"":1000,""241"":26806,""199"":499,""16"":128490,""12"":11131,""449"":0,""636"":0,""1148"":65,""11"":8935106000,""14"":1160700155,""387"":""2b3430313935372e383030302d303038343135312e313636372b3030302e3035372f""}"
2026-07-01T07:20:52Z,862272088542776,Codec8E,2026-06-28 23:16:11.000 UTC,1782688571000,0,40.1956866,-8.4150750,56,162,10,23,0,"{""239"":1,""240"":1,""21"":0,""200"":0,""69"":1,""237"":2,""113"":100,""303"":1,""383"":3,""1149"":0,""181"":13,""182"":9,""66"":14906,""24"":23,""206"":48740,""67"":4128,""68"":0,""13"":891,""17"":-2,""18"":-94,""19"":69,""15"":1000,""241"":0,""199"":510,""16"":128501,""12"":11131,""449"":0,""636"":307223,""1148"":65,""11"":8935106000,""14"":1160700155,""387"":""2b3430313935362e383636372d303038343135302e373530302b3030302e3035362f""}"
2026-07-01T07:20:53Z,862272088542776,Codec8E,2026-06-28 23:16:12.000 UTC,1782688572000,0,40.1956599,-8.4150033,54,150,10,22,0,"{""239"":1,""240"":1,""21"":4,""200"":0,""69"":1,""237"":2,""113"":100,""303"":1,""383"":3,""1149"":3,""181"":22,""182"":12,""66"":14840,""24"":22,""206"":48740,""67"":4128,""68"":0,""13"":891,""17"":77,""18"":-75,""19"":64,""15"":1000,""241"":26806,""199"":517,""16"":128508,""12"":11131,""449"":0,""636"":307223,""1148"":74,""11"":8935106000,""14"":1160700155,""387"":""2b3430313935362e363030302d303038343135302e303333332b3030302e3035342f""}"
2026-07-01T07:20:53Z,862272088542776,Codec8E,2026-06-28 23:16:13.000 UTC,1782688573000,0,40.1956700,-8.4148083,53,108,10,26,0,"{""239"":1,""240"":1,""21"":4,""200"":0,""69"":1,""237"":2,""113"":100,""303"":1,""383"":3,""1149"":3,""181"":22,""182"":12,""66"":14884,""24"":26,""206"":48740,""67"":4128,""68"":0,""13"":891,""17"":94,""18"":6,""19"":65,""15"":1000,""241"":26806,""199"":533,""16"":128524,""12"":11131,""449"":0,""636"":307223,""1148"":74,""11"":8935106000,""14"":1160700155,""387"":""2b3430313935362e373030302d303038343134382e303833332b3030302e3035332f""}"
2026-07-01T07:20:53Z,862272088542776,Codec8E,2026-06-28 23:16:17.000 UTC,1782688577000,0,40.1956000,-8.4142499,50,99,9,36,0,"{""239"":1,""240"":1,""21"":4,""200"":0,""69"":1,""237"":2,""113"":100,""303"":1,""383"":3,""1149"":3,""181"":14,""182"":11,""66"":14877,""24"":36,""206"":48740,""67"":4128,""68"":0,""13"":891,""17"":149,""18"":-53,""19"":75,""15"":1000,""241"":26806,""199"":582,""16"":128573,""12"":11131,""449"":0,""636"":307223,""1148"":74,""11"":8935106000,""14"":1160700155,""387"":""2b3430313935362e303030302d303038343134322e353030302b3030302e3035302f""}"
2026-07-01T07:20:53Z,862272088542776,Codec8E,2026-06-28 23:16:24.000 UTC,1782688584000,0,40.1954033,-8.4133283,45,115,9,39,0,"{""239"":1,""240"":1,""21"":4,""200"":0,""69"":1,""237"":2,""113"":100,""303"":1,""383"":3,""1149"":3,""181"":21,""182"":12,""66"":14860,""24"":39,""206"":48740,""67"":4128,""68"":0,""13"":891,""17"":-63,""18"":103,""19"":-35,""15"":1000,""241"":26806,""199"":663,""16"":128654,""12"":11131,""449"":0,""636"":307223,""1148"":74,""11"":8935106000,""14"":1160700155,""387"":""2b3430313935342e303333332d303038343133332e323833332b3030302e3034352f""}"
2026-07-01T07:20:53Z,862272088542776,Codec8E,2026-06-28 23:16:26.000 UTC,1782688586000,0,40.1953083,-8.4131316,43,125,7,37,0,"{""239"":1,""240"":1,""21"":4,""200"":0,""69"":1,""237"":2,""113"":100,""303"":1,""383"":3,""1149"":3,""181"":16,""182"":13,""66"":14862,""24"":37,""206"":48740,""67"":4128,""68"":0,""13"":891,""17"":-15,""18"":144,""19"":54,""15"":1000,""241"":26806,""199"":683,""16"":128674,""12"":11131,""449"":0,""636"":307243,""1148"":74,""11"":8935106000,""14"":1160700155,""387"":""2b3430313935332e303833332d303038343133312e333136372b3030302e3034332f""}"
2026-07-01T07:20:53Z,862272088542776,Codec8E,2026-06-28 23:16:28.000 UTC,1782688588000,0,40.1951783,-8.4129716,43,138,9,35,0,"{""239"":1,""240"":1,""21"":4,""200"":0,""69"":1,""237"":2,""113"":100,""303"":1,""383"":3,""1149"":3,""181"":19,""182"":10,""66"":14903,""24"":35,""206"":48740,""67"":4128,""68"":0,""13"":891,""17"":46,""18"":45,""19"":5,""15"":1000,""241"":26806,""199"":703,""16"":128694,""12"":11131,""449"":0,""636"":307243,""1148"":74,""11"":8935106000,""14"":1160700155,""387"":""2b3430313935312e373833332d303038343132392e373136372b3030302e3034332f""}"
2026-07-01T07:20:53Z,862272088542776,Codec8E,2026-06-28 23:16:30.000 UTC,1782688590000,0,40.1950166,-8.4128783,41,157,13,34,0,"{""239"":1,""240"":1,""21"":4,""200"":0,""69"":1,""237"":2,""113"":100,""303"":1,""383"":3,""1149"":3,""181"":14,""182"":8,""66"":14900,""24"":34,""206"":48740,""67"":4128,""68"":0,""13"":891,""17"":24,""18"":1,""19"":85,""15"":1000,""241"":26806,""199"":723,""16"":128714,""12"":11131,""449"":0,""636"":307243,""1148"":74,""11"":8935106000,""14"":1160700155,""387"":""2b3430313935302e313636372d303038343132382e373833332b3030302e3034312f""}"
2026-07-01T07:20:53Z,862272088542776,Codec8E,2026-06-28 23:16:33.000 UTC,1782688593000,0,40.1947700,-8.4128216,39,171,12,33,0,"{""239"":1,""240"":1,""21"":4,""200"":0,""69"":1,""237"":2,""113"":100,""303"":1,""383"":3,""1149"":3,""181"":17,""182"":10,""66"":14839,""24"":33,""206"":48740,""67"":4128,""68"":0,""13"":891,""17"":-8,""18"":450,""19"":22,""15"":1000,""241"":26806,""199"":751,""16"":128742,""12"":11131,""449"":0,""636"":307243,""1148"":74,""11"":8935106000,""14"":1160700155,""387"":""2b3430313934372e373030302d303038343132382e323136372b3030302e3033392f""}"
2026-07-01T07:20:53Z,862272088542776,Codec8E,2026-06-28 23:16:35.000 UTC,1782688595000,0,40.1946066,-8.4128416,38,181,10,32,0,"{""239"":1,""240"":1,""21"":4,""200"":0,""69"":1,""237"":2,""113"":100,""303"":1,""383"":3,""1149"":3,""181"":21,""182"":12,""66"":14859,""24"":32,""206"":48740,""67"":4128,""68"":0,""13"":891,""17"":-141,""18"":4,""19"":23,""15"":1000,""241"":26806,""199"":769,""16"":128760,""12"":11131,""449"":0,""636"":307243,""1148"":74,""11"":8935106000,""14"":1160700155,""387"":""2b3430313934362e303636372d303038343132382e343136372b3030302e3033382f""}"
2026-07-01T07:20:53Z,862272088542776,Codec8E,2026-06-28 23:16:37.000 UTC,1782688597000,0,40.1944900,-8.4129283,37,195,9,30,0,"{""239"":1,""240"":1,""21"":5,""200"":0,""69"":1,""237"":2,""113"":100,""303"":1,""383"":3,""1149"":1,""181"":14,""182"":11,""66"":14858,""24"":30,""206"":48740,""67"":4128,""68"":0,""13"":891,""17"":-164,""18"":-170,""19"":-35,""15"":1000,""241"":26806,""199"":784,""16"":128775,""12"":11131,""449"":0,""636"":339242,""1148"":71,""11"":8935106000,""14"":1160700155,""387"":""2b3430313934342e393030302d303038343132392e323833332b3030302e3033372f""}"
2026-07-01T07:20:54Z,862272088542776,Codec8E,2026-06-28 23:16:38.000 UTC,1782688598000,0,40.1944900,-8.4131716,37,241,9,32,0,"{""239"":1,""240"":1,""21"":5,""200"":0,""69"":1,""237"":2,""113"":100,""303"":1,""383"":3,""1149"":1,""181"":22,""182"":12,""66"":14888,""24"":32,""206"":48740,""67"":4128,""68"":0,""13"":891,""17"":-149,""18"":-178,""19"":24,""15"":1000,""241"":26806,""199"":805,""16"":128796,""12"":11131,""449"":0,""636"":339242,""1148"":71,""11"":8935106000,""14"":1160700155,""387"":""2b3430313934342e393030302d303038343133312e373136372b3030302e3033372f""}"
2026-07-01T07:20:54Z,862272088542776,Codec8E,2026-06-28 23:16:42.000 UTC,1782688602000,0,40.1942916,-8.4138433,34,240,8,45,0,"{""239"":1,""240"":1,""21"":5,""200"":0,""69"":1,""237"":2,""113"":100,""303"":1,""383"":3,""1149"":1,""181"":26,""182"":13,""66"":14869,""24"":45,""206"":48740,""67"":4128,""68"":0,""13"":891,""17"":-78,""18"":-57,""19"":-10,""15"":1000,""241"":26806,""199"":866,""16"":128857,""12"":11131,""449"":0,""636"":339242,""1148"":71,""11"":8935106000,""14"":1160700155,""387"":""2b3430313934322e393136372d303038343133382e343333332b3030302e3033342f""}"
2026-07-01T07:20:54Z,862272088542776,Codec8E,2026-06-28 23:16:46.000 UTC,1782688606000,0,40.1940050,-8.4145716,31,234,8,55,0,"{""239"":1,""240"":1,""21"":5,""200"":0,""69"":1,""237"":2,""113"":100,""303"":1,""383"":3,""1149"":1,""181"":15,""182"":11,""66"":14887,""24"":55,""206"":48740,""67"":4128,""68"":0,""13"":891,""17"":-10,""18"":-29,""19"":415,""15"":1000,""241"":26806,""199"":936,""16"":128927,""12"":11131,""449"":0,""636"":307243,""1148"":71,""11"":8935106000,""14"":1160700155,""387"":""2b3430313934302e303530302d303038343134352e373136372b3030302e3033312f""}"
2026-07-01T07:20:54Z,862272088542776,Codec8E,2026-06-28 23:16:52.000 UTC,1782688612000,0,40.1935466,-8.4155866,27,244,11,58,0,"{""239"":1,""240"":1,""21"":5,""200"":0,""69"":1,""237"":2,""113"":100,""303"":1,""383"":3,""1149"":1,""181"":12,""182"":9,""66"":14824,""24"":58,""206"":48740,""67"":4128,""68"":0,""13"":891,""17"":-150,""18"":-334,""19"":-21,""15"":1000,""241"":26806,""199"":1036,""16"":129027,""12"":11131,""449"":0,""636"":307243,""1148"":71,""11"":8935106000,""14"":1160700155,""387"":""2b3430313933352e343636372d303038343135352e383636372b3030302e3032372f""}"
2026-07-01T07:20:54Z,862272088542776,Codec8E,2026-06-28 23:16:58.000 UTC,1782688618000,0,40.1932500,-8.4167050,26,245,11,61,0,"{""239"":1,""240"":1,""21"":5,""200"":0,""69"":1,""237"":2,""113"":100,""303"":1,""383"":3,""1149"":1,""181"":12,""182"":9,""66"":14907,""24"":61,""206"":48740,""67"":4128,""68"":0,""13"":891,""17"":-80,""18"":2,""19"":33,""15"":1000,""241"":26806,""199"":1137,""16"":129128,""12"":11131,""449"":0,""636"":307243,""1148"":71,""11"":8935106000,""14"":1160700155,""387"":""2b3430313933322e353030302d303038343136372e303530302b3030302e3032362f""}"
2026-07-01T07:20:55Z,862272088542776,Codec8E,2026-06-28 23:17:04.000 UTC,1782688624000,0,40.1929566,-8.4178650,21,256,11,64,0,"{""239"":1,""240"":1,""21"":5,""200"":0,""69"":1,""237"":2,""113"":100,""303"":1,""383"":3,""1149"":1,""181"":12,""182"":9,""66"":14841,""24"":64,""206"":48740,""67"":4128,""68"":0,""13"":891,""17"":-85,""18"":-39,""19"":37,""15"":1000,""241"":26806,""199"":1242,""16"":129233,""12"":11131,""449"":0,""636"":339242,""1148"":71,""11"":8935106000,""14"":1160700155,""387"":""2b3430313932392e353636372d303038343137382e363530302b3030302e3032312f""}"
2026-07-01T07:20:55Z,862272088542776,Codec8E,2026-06-28 23:17:07.000 UTC,1782688627000,0,40.1929633,-8.4185516,22,268,12,66,0,"{""239"":1,""240"":1,""21"":5,""200"":0,""69"":1,""237"":2,""113"":100,""303"":1,""383"":3,""1149"":1,""181"":12,""182"":8,""66"":14922,""24"":66,""206"":48740,""67"":4128,""68"":0,""13"":891,""17"":-61,""18"":-33,""19"":73,""15"":1000,""241"":26806,""199"":1300,""16"":129291,""12"":11131,""449"":0,""636"":339242,""1148"":64,""11"":8935106000,""14"":1160700155,""387"":""2b3430313932392e363333332d303038343138352e353136372b3030302e3032322f""}"
2026-07-01T07:20:55Z,862272088542776,Codec8E,2026-06-28 23:17:12.000 UTC,1782688632000,0,40.1929633,-8.4197533,22,268,11,70,0,"{""239"":1,""240"":1,""21"":5,""200"":0,""69"":1,""237"":2,""113"":100,""303"":1,""383"":3,""1149"":1,""181"":12,""182"":9,""66"":14880,""24"":70,""206"":48740,""67"":4128,""68"":0,""13"":891,""17"":-42,""18"":-40,""19"":-1,""15"":1000,""241"":26806,""199"":1402,""16"":129393,""12"":11131,""449"":0,""636"":339241,""1148"":64,""11"":8935106000,""14"":1160700155,""387"":""2b3430313932392e363333332d303038343139372e353333332b3030302e3032322f""}"
2026-07-01T07:20:55Z,862272088542776,Codec8E,2026-06-28 23:17:18.000 UTC,1782688638000,0,40.1929733,-8.4211633,23,266,12,70,0,"{""239"":1,""240"":1,""21"":5,""200"":0,""69"":1,""237"":2,""113"":100,""303"":1,""383"":3,""1149"":1,""181"":11,""182"":8,""66"":14912,""24"":70,""206"":48740,""67"":4128,""68"":0,""13"":891,""17"":-53,""18"":-12,""19"":48,""15"":1000,""241"":26806,""199"":1522,""16"":129513,""12"":11131,""449"":0,""636"":339241,""1148"":64,""11"":8935106000,""14"":1160700155,""387"":""2b3430313932392e373333332d303038343231312e363333332b3030302e3032332f""}"
2026-07-01T07:20:55Z,862272088542776,Codec8E,2026-06-28 23:17:24.000 UTC,1782688644000,0,40.1929533,-8.4225549,25,270,12,71,0,"{""239"":1,""240"":1,""21"":5,""200"":0,""69"":1,""237"":2,""113"":100,""303"":1,""383"":3,""1149"":1,""181"":11,""182"":8,""66"":14854,""24"":71,""206"":48740,""67"":4128,""68"":0,""13"":891,""17"":-75,""18"":2,""19"":63,""15"":1000,""241"":26806,""199"":1640,""16"":129631,""12"":11131,""449"":0,""636"":339241,""1148"":64,""11"":8935106000,""14"":1160700155,""387"":""2b3430313932392e353333332d303038343232352e353530302b3030302e3032352f""}"
2026-07-01T07:20:57Z,862272088542776,Codec8E,2026-06-28 23:17:29.000 UTC,1782688649000,0,40.1929449,-8.4237700,26,267,12,73,0,"{""239"":1,""240"":1,""21"":5,""200"":0,""69"":1,""237"":2,""113"":100,""303"":1,""383"":3,""1149"":1,""181"":12,""182"":8,""66"":14918,""24"":73,""206"":48740,""67"":4128,""68"":0,""13"":891,""17"":-34,""18"":-74,""19"":34,""15"":1000,""241"":26806,""199"":1743,""16"":129734,""12"":11131,""449"":0,""636"":339243,""1148"":64,""11"":8935106000,""14"":1160700155,""387"":""2b3430313932392e343530302d303038343233372e373030302b3030302e3032362f""}"
2026-07-01T07:20:57Z,862272088542776,Codec8E,2026-06-28 23:17:35.000 UTC,1782688655000,0,40.1928599,-8.4251116,30,267,12,69,0,"{""239"":1,""240"":1,""21"":5,""200"":0,""69"":1,""237"":2,""113"":100,""303"":1,""383"":3,""1149"":1,""181"":12,""182"":8,""66"":14877,""24"":69,""206"":48740,""67"":4128,""68"":0,""13"":891,""17"":-28,""18"":-36,""19"":68,""15"":1000,""241"":26806,""199"":1858,""16"":129849,""12"":11131,""449"":0,""636"":339243,""1148"":64,""11"":8935106000,""14"":1160700155,""387"":""2b3430313932382e363030302d303038343235312e313136372b3030302e3033302f""}"
2026-07-01T07:20:57Z,862272088542776,Codec8E,2026-06-28 23:17:41.000 UTC,1782688661000,0,40.1928366,-8.4264650,26,267,11,68,0,"{""239"":1,""240"":1,""21"":5,""200"":0,""69"":1,""237"":2,""113"":100,""303"":1,""383"":3,""1149"":1,""181"":12,""182"":9,""66"":14866,""24"":68,""206"":48740,""67"":4128,""68"":0,""13"":891,""17"":-51,""18"":38,""19"":14,""15"":1000,""241"":26806,""199"":1973,""16"":129964,""12"":11131,""449"":0,""636"":339243,""1148"":67,""11"":8935106000,""14"":1160700155,""387"":""2b3430313932382e333636372d303038343236342e363530302b3030302e3032362f""}"
2026-07-01T07:20:57Z,862272088542776,Codec8E,2026-06-28 23:17:47.000 UTC,1782688667000,0,40.1927866,-8.4277233,26,262,12,64,0,"{""239"":1,""240"":1,""21"":5,""200"":0,""69"":1,""237"":2,""113"":100,""303"":1,""383"":3,""1149"":1,""181"":12,""182"":8,""66"":14840,""24"":64,""206"":48740,""67"":4128,""68"":0,""13"":891,""17"":-86,""18"":-40,""19"":57,""15"":1000,""241"":26806,""199"":2080,""16"":130071,""12"":11131,""449"":0,""636"":339243,""1148"":67,""11"":8935106000,""14"":1160700155,""387"":""2b3430313932372e383636372d303038343237372e323333332b3030302e3032362f""}"
2026-07-01T07:20:57Z,862272088542776,Codec8E,2026-06-28 23:17:50.000 UTC,1782688670000,0,40.1926349,-8.4282666,27,247,12,62,0,"{""239"":1,""240"":1,""21"":5,""200"":0,""69"":1,""237"":2,""113"":100,""303"":1,""383"":3,""1149"":1,""181"":11,""182"":8,""66"":14928,""24"":62,""206"":48740,""67"":4128,""68"":0,""13"":891,""17"":-72,""18"":-76,""19"":66,""15"":1000,""241"":26806,""199"":2129,""16"":130120,""12"":11131,""449"":0,""636"":339243,""1148"":67,""11"":8935106000,""14"":1160700155,""387"":""2b3430313932362e333530302d303038343238322e363636372b3030302e3032372f""}"
2026-07-01T07:20:58Z,862272088542776,Codec8E,2026-06-28 23:17:53.000 UTC,1782688673000,0,40.1923833,-8.4287800,28,236,13,61,0,"{""239"":1,""240"":1,""21"":5,""200"":0,""69"":1,""237"":2,""113"":100,""303"":1,""383"":3,""1149"":1,""181"":10,""182"":7,""66"":14880,""24"":61,""206"":48740,""67"":4128,""68"":0,""13"":891,""17"":-60,""18"":-4,""19"":84,""15"":1000,""241"":26806,""199"":2181,""16"":130172,""12"":11131,""449"":0,""636"":339243,""1148"":67,""11"":8935106000,""14"":1160700155,""387"":""2b3430313932332e383333332d303038343238372e383030302b3030302e3032382f""}"
2026-07-01T07:20:58Z,862272088542776,Codec8E,2026-06-28 23:18:00.000 UTC,1782688680000,0,40.1918083,-8.4298500,41,251,13,55,0,"{""239"":1,""240"":1,""21"":5,""200"":0,""69"":1,""237"":2,""113"":100,""303"":1,""383"":3,""1149"":1,""181"":10,""182"":7,""66"":14870,""24"":55,""206"":48740,""67"":4128,""68"":0,""13"":891,""17"":101,""18"":64,""19"":88,""15"":1000,""241"":26806,""199"":2293,""16"":130284,""12"":11131,""449"":0,""636"":339243,""1148"":67,""11"":8935106000,""14"":1160700155,""387"":""2b3430313931382e303833332d303038343239382e353030302b3030302e3034312f""}"
2026-07-01T07:20:58Z,862272088542776,Codec8E,2026-06-28 23:18:03.000 UTC,1782688683000,0,40.1917833,-8.4302633,42,262,11,46,0,"{""239"":1,""240"":1,""21"":5,""200"":0,""69"":1,""237"":2,""113"":100,""303"":1,""383"":3,""1149"":1,""181"":11,""182"":8,""66"":14876,""24"":46,""206"":48740,""67"":4128,""68"":0,""13"":891,""17"":120,""18"":-49,""19"":19,""15"":1000,""241"":26806,""199"":2329,""16"":130320,""12"":11131,""449"":0,""636"":1566762,""1148"":67,""11"":8935106000,""14"":1160700155,""387"":""2b3430313931372e383333332d303038343330322e363333332b3030302e3034322f""}"
2026-07-01T07:20:58Z,862272088542776,Codec8E,2026-06-28 23:18:06.000 UTC,1782688686000,0,40.1917983,-8.4305383,41,269,12,35,0,"{""239"":1,""240"":1,""21"":5,""200"":0,""69"":1,""237"":2,""113"":100,""303"":1,""383"":3,""1149"":1,""181"":11,""182"":8,""66"":14895,""24"":35,""206"":48740,""67"":4128,""68"":0,""13"":891,""17"":-160,""18"":-11,""19"":14,""15"":1000,""241"":26806,""199"":2353,""16"":130344,""12"":11131,""449"":0,""636"":1566762,""1148"":67,""11"":8935106000,""14"":1160700155,""387"":""2b3430313931372e393833332d303038343330352e333833332b3030302e3034312f""}"
2026-07-01T07:20:58Z,862272088542776,Codec8E,2026-06-28 23:18:08.000 UTC,1782688688000,0,40.1918333,-8.4306816,41,283,13,29,0,"{""239"":1,""240"":1,""21"":5,""200"":0,""69"":1,""237"":2,""113"":100,""303"":1,""383"":3,""1149"":1,""181"":14,""182"":8,""66"":14874,""24"":29,""206"":48740,""67"":4128,""68"":0,""13"":891,""17"":-180,""18"":4,""19"":26,""15"":1000,""241"":26806,""199"":2365,""16"":130356,""12"":11131,""449"":0,""636"":1566762,""1148"":69,""11"":8935106000,""14"":1160700155,""387"":""2b3430313931382e333333332d303038343330362e383136372b3030302e3034312f""}"
2026-07-01T07:20:59Z,862272088542776,Codec8E,2026-06-28 23:18:14.000 UTC,1782688694000,0,40.1919449,-8.4313233,41,272,11,35,0,"{""239"":1,""240"":1,""21"":5,""200"":0,""69"":1,""237"":2,""113"":100,""303"":1,""383"":3,""1149"":1,""181"":15,""182"":9,""66"":14827,""24"":35,""206"":48740,""67"":4128,""68"":0,""13"":891,""17"":-70,""18"":-428,""19"":35,""15"":1000,""241"":26806,""199"":2422,""16"":130413,""12"":11131,""449"":0,""636"":1566762,""1148"":69,""11"":8935106000,""14"":1160700155,""387"":""2b3430313931392e343530302d303038343331332e323333332b3030302e3034312f""}"
2026-07-01T07:20:59Z,862272088542776,Codec8E,2026-06-28 23:18:16.000 UTC,1782688696000,0,40.1917850,-8.4315016,41,220,11,35,0,"{""239"":1,""240"":1,""21"":5,""200"":0,""69"":1,""237"":2,""113"":100,""303"":1,""383"":3,""1149"":1,""181"":15,""182"":9,""66"":14839,""24"":35,""206"":48740,""67"":4128,""68"":0,""13"":891,""17"":-85,""18"":-344,""19"":84,""15"":1000,""241"":26806,""199"":2449,""16"":130440,""12"":11131,""449"":0,""636"":1566762,""1148"":69,""11"":8935106000,""14"":1160700155,""387"":""2b3430313931372e383530302d303038343331352e303136372b3030302e3034312f""}"
2026-07-01T07:20:59Z,862272088542776,Codec8E,2026-06-28 23:18:18.000 UTC,1782688698000,0,40.1915983,-8.4316183,41,209,11,35,0,"{""239"":1,""240"":1,""21"":5,""200"":0,""69"":1,""237"":2,""113"":100,""303"":1,""383"":3,""1149"":1,""181"":11,""182"":8,""66"":14864,""24"":35,""206"":48740,""67"":4128,""68"":0,""13"":891,""17"":-85,""18"":-266,""19"":67,""15"":1000,""241"":26806,""199"":2472,""16"":130463,""12"":11131,""449"":0,""636"":1566762,""1148"":69,""11"":8935106000,""14"":1160700155,""387"":""2b3430313931352e393833332d303038343331362e313833332b3030302e3034312f""}"
2026-07-01T07:20:59Z,862272088542776,Codec8E,2026-06-28 23:18:20.000 UTC,1782688700000,0,40.1913966,-8.4316200,41,193,11,34,0,"{""239"":1,""240"":1,""21"":5,""200"":0,""69"":1,""237"":2,""113"":100,""303"":1,""383"":3,""1149"":1,""181"":11,""182"":8,""66"":14859,""24"":34,""206"":48740,""67"":4128,""68"":0,""13"":891,""17"":-91,""18"":-270,""19"":19,""15"":1000,""241"":26806,""199"":2494,""16"":130485,""12"":11131,""449"":0,""636"":1566762,""1148"":69,""11"":8935106000,""14"":1160700155,""387"":""2b3430313931332e393636372d303038343331362e323030302b3030302e3034312f""}"
2026-07-01T07:20:59Z,862272088542776,Codec8E,2026-06-28 23:18:21.000 UTC,1782688701000,0,40.1912883,-8.4315250,41,173,10,34,0,"{""239"":1,""240"":1,""21"":5,""200"":0,""69"":1,""237"":2,""113"":100,""303"":1,""383"":3,""1149"":1,""181"":17,""182"":10,""66"":14839,""24"":34,""206"":48740,""67"":4128,""68"":0,""13"":891,""17"":-89,""18"":-277,""19"":14,""15"":1000,""241"":26806,""199"":2509,""16"":130500,""12"":11131,""449"":0,""636"":1566762,""1148"":69,""11"":8935106000,""14"":1160700155,""387"":""2b3430313931322e383833332d303038343331352e323530302b3030302e3034312f""}"
2026-07-01T07:21:00Z,862272088542776,Codec8E,2026-06-28 23:18:23.000 UTC,1782688703000,0,40.1910966,-8.4313850,43,160,10,34,0,"{""239"":1,""240"":1,""21"":5,""200"":0,""69"":1,""237"":2,""113"":100,""303"":1,""383"":3,""1149"":1,""181"":13,""182"":10,""66"":14809,""24"":34,""206"":48740,""67"":4128,""68"":0,""13"":891,""17"":-180,""18"":-21,""19"":3,""15"":1000,""241"":26806,""199"":2533,""16"":130524,""12"":11131,""449"":0,""636"":1566762,""1148"":69,""11"":8935106000,""14"":1160700155,""387"":""2b3430313931302e393636372d303038343331332e383530302b3030302e3034332f""}"
2026-07-01T07:21:00Z,862272088542776,Codec8E,2026-06-28 23:18:25.000 UTC,1782688705000,0,40.1909433,-8.4311033,44,127,10,37,0,"{""239"":1,""240"":1,""21"":5,""200"":0,""69"":1,""237"":2,""113"":100,""303"":1,""383"":3,""1149"":1,""181"":17,""182"":10,""66"":14818,""24"":37,""206"":48740,""67"":4128,""68"":0,""13"":891,""17"":-386,""18"":307,""19"":100,""15"":1000,""241"":26806,""199"":2564,""16"":130555,""12"":11131,""449"":0,""636"":1566762,""1148"":69,""11"":8935106000,""14"":1160700155,""387"":""2b3430313930392e343333332d303038343331312e303333332b3030302e3034342f""}"
2026-07-01T07:21:00Z,862272088542776,Codec8E,2026-06-28 23:18:29.000 UTC,1782688709000,0,40.1905816,-8.4304899,44,133,10,48,0,"{""239"":1,""240"":1,""21"":5,""200"":0,""69"":1,""237"":2,""113"":100,""303"":1,""383"":3,""1149"":1,""181"":17,""182"":10,""66"":14858,""24"":48,""206"":48740,""67"":4128,""68"":0,""13"":891,""17"":-15,""18"":73,""19"":-26,""15"":1000,""241"":26806,""199"":2630,""16"":130621,""12"":11131,""449"":0,""636"":1566762,""1148"":69,""11"":8935106000,""14"":1160700155,""387"":""2b3430313930352e383136372d303038343330342e393030302b3030302e3034342f""}"
2026-07-01T07:21:00Z,862272088542776,Codec8E,2026-06-28 23:18:32.000 UTC,1782688712000,0,40.1900799,-8.4300699,46,147,10,59,0,"{""239"":1,""240"":1,""21"":5,""200"":0,""69"":1,""237"":2,""113"":100,""303"":1,""383"":3,""1149"":1,""181"":17,""182"":10,""66"":14836,""24"":59,""206"":48740,""67"":4128,""68"":0,""13"":891,""17"":-63,""18"":-78,""19"":27,""15"":1000,""241"":26806,""199"":2697,""16"":130688,""12"":11131,""449"":0,""636"":1566762,""1148"":69,""11"":8935106000,""14"":1160700155,""387"":""2b3430313930302e383030302d303038343330302e373030302b3030302e3034362f""}"
2026-07-01T07:21:00Z,862272088542776,Codec8E,2026-06-28 23:18:35.000 UTC,1782688715000,0,40.1894716,-8.4297033,49,152,9,70,0,"{""239"":1,""240"":1,""21"":5,""200"":0,""69"":1,""237"":2,""113"":100,""303"":1,""383"":3,""1149"":1,""181"":14,""182"":11,""66"":14851,""24"":70,""206"":48740,""67"":4128,""68"":0,""13"":891,""17"":-70,""18"":189,""19"":25,""15"":1000,""241"":26806,""199"":2772,""16"":130763,""12"":11131,""449"":0,""636"":1566762,""1148"":69,""11"":8935106000,""14"":1160700155,""387"":""2b3430313839342e373136372d303038343239372e303333332b3030302e3034392f""}"
2026-07-01T07:21:01Z,862272088542776,Codec8E,2026-06-28 23:18:38.000 UTC,1782688718000,0,40.1888883,-8.4294216,51,162,10,76,0,"{""239"":1,""240"":1,""21"":5,""200"":0,""69"":1,""237"":2,""113"":100,""303"":1,""383"":3,""1149"":1,""181"":17,""182"":10,""66"":14877,""24"":76,""206"":48740,""67"":4128,""68"":0,""13"":891,""17"":-116,""18"":-18,""19"":12,""15"":1000,""241"":26806,""199"":2841,""16"":130832,""12"":11131,""449"":0,""636"":1566762,""1148"":69,""11"":8935106000,""14"":1160700155,""387"":""2b3430313838382e383833332d303038343239342e323136372b3030302e3035312f""}"
2026-07-01T07:21:01Z,862272088542776,Codec8E,2026-06-28 23:18:41.000 UTC,1782688721000,0,40.1883316,-8.4293166,52,172,10,77,0,"{""239"":1,""240"":1,""21"":5,""200"":0,""69"":1,""237"":2,""113"":100,""303"":1,""383"":3,""1149"":1,""181"":12,""182"":9,""66"":14826,""24"":77,""206"":48740,""67"":4128,""68"":0,""13"":891,""17"":-99,""18"":109,""19"":28,""15"":1000,""241"":26806,""199"":2903,""16"":130894,""12"":11131,""449"":0,""636"":1566762,""1148"":69,""11"":8935106000,""14"":1160700155,""387"":""2b3430313838332e333136372d303038343239332e313636372b3030302e3035322f""}"
2026-07-01T07:21:01Z,862272088542776,Codec8E,2026-06-28 23:18:45.000 UTC,1782688725000,0,40.1875150,-8.4293683,59,185,12,79,0,"{""239"":1,""240"":1,""21"":5,""200"":0,""69"":1,""237"":2,""113"":100,""303"":1,""383"":3,""1149"":1,""181"":11,""182"":8,""66"":14802,""24"":79,""206"":48740,""67"":4128,""68"":0,""13"":891,""17"":-117,""18"":105,""19"":48,""15"":1000,""241"":26806,""199"":2995,""16"":130986,""12"":11131,""449"":0,""636"":1566762,""1148"":69,""11"":8935106000,""14"":1160700155,""387"":""2b3430313837352e313530302d303038343239332e363833332b3030302e3035392f""}"
2026-07-01T07:21:01Z,862272088542776,Codec8E,2026-06-28 23:18:47.000 UTC,1782688727000,0,40.1870866,-8.4295200,63,201,12,81,0,"{""239"":1,""240"":1,""21"":5,""200"":0,""69"":1,""237"":2,""113"":100,""303"":1,""383"":3,""1149"":1,""181"":15,""182"":8,""66"":14797,""24"":81,""206"":48740,""67"":4128,""68"":0,""13"":891,""17"":-106,""18"":145,""19"":102,""15"":1000,""241"":26806,""199"":3044,""16"":131035,""12"":11131,""449"":0,""636"":1807657,""1148"":69,""11"":8935106000,""14"":1160700155,""387"":""2b3430313837302e383636372d303038343239352e323030302b3030302e3036332f""}"
2026-07-01T07:21:01Z,862272088542776,Codec8E,2026-06-28 23:18:51.000 UTC,1782688731000,0,40.1862950,-8.4300416,67,212,12,83,0,"{""239"":1,""240"":1,""21"":3,""200"":0,""69"":1,""237"":2,""113"":100,""303"":1,""383"":3,""1149"":1,""181"":11,""182"":8,""66"":14797,""24"":83,""206"":48740,""67"":4128,""68"":0,""13"":891,""17"":-88,""18"":-21,""19"":44,""15"":1000,""241"":26806,""199"":3142,""16"":131133,""12"":11131,""449"":0,""636"":1807657,""1148"":87,""11"":8935106000,""14"":1160700155,""387"":""2b3430313836322e393530302d303038343330302e343136372b3030302e3036372f""}"
2026-07-01T07:21:01Z,862272088542776,Codec8E,2026-06-28 23:18:56.000 UTC,1782688736000,0,40.1855066,-8.4309900,68,222,12,85,0,"{""239"":1,""240"":1,""21"":3,""200"":0,""69"":1,""237"":2,""113"":100,""303"":1,""383"":3,""1149"":1,""181"":16,""182"":9,""66"":14867,""24"":85,""206"":48740,""67"":4128,""68"":0,""13"":891,""17"":-71,""18"":-16,""19"":15,""15"":1000,""241"":26806,""199"":3262,""16"":131253,""12"":11131,""449"":0,""636"":1807627,""1148"":87,""11"":8935106000,""14"":1160700155,""387"":""2b3430313835352e303636372d303038343330392e393030302b3030302e3036382f""}"
2026-07-01T07:21:01Z,862272088542776,Codec8E,2026-06-28 23:19:01.000 UTC,1782688741000,0,40.1847450,-8.4319600,70,224,12,85,0,"{""239"":1,""240"":1,""21"":3,""200"":0,""69"":1,""237"":2,""113"":100,""303"":1,""383"":3,""1149"":1,""181"":11,""182"":8,""66"":14887,""24"":85,""206"":48740,""67"":4128,""68"":0,""13"":891,""17"":-104,""18"":67,""19"":8,""15"":1000,""241"":26806,""199"":3380,""16"":131371,""12"":11131,""449"":0,""636"":1807627,""1148"":87,""11"":8935106000,""14"":1160700155,""387"":""2b3430313834372e343530302d303038343331392e363030302b3030302e3037302f""}"
2026-07-01T07:21:01Z,862272088542776,Codec8E,2026-06-28 23:19:04.000 UTC,1782688744000,0,40.1843466,-8.4326099,72,235,12,85,0,"{""239"":1,""240"":1,""21"":3,""200"":0,""69"":1,""237"":2,""113"":100,""303"":1,""383"":3,""1149"":1,""181"":11,""182"":8,""66"":14858,""24"":85,""206"":48740,""67"":4128,""68"":0,""13"":891,""17"":-70,""18"":62,""19"":8,""15"":1000,""241"":26806,""199"":3451,""16"":131442,""12"":11131,""449"":0,""636"":1807657,""1148"":87,""11"":8935106000,""14"":1160700155,""387"":""2b3430313834332e343636372d303038343332362e313030302b3030302e3037322f""}"
2026-07-01T07:21:01Z,862272088542776,Codec8E,2026-06-28 23:19:08.000 UTC,1782688748000,0,40.1839716,-8.4335700,76,248,12,83,0,"{""239"":1,""240"":1,""21"":4,""200"":0,""69"":1,""237"":2,""113"":100,""303"":1,""383"":3,""1149"":1,""181"":14,""182"":8,""66"":14821,""24"":83,""206"":48740,""67"":4128,""68"":0,""13"":891,""17"":-85,""18"":53,""19"":38,""15"":1000,""241"":26806,""199"":3543,""16"":131534,""12"":11131,""449"":0,""636"":1807657,""1148"":80,""11"":8935106000,""14"":1160700155,""387"":""2b3430313833392e373136372d303038343333352e373030302b3030302e3037362f""}"
2026-07-01T07:21:01Z,862272088542776,Codec8E,2026-06-28 23:19:11.000 UTC,1782688751000,0,40.1838383,-8.4343600,79,261,12,83,0,"{""239"":1,""240"":1,""21"":4,""200"":0,""69"":1,""237"":2,""113"":100,""303"":1,""383"":3,""1149"":1,""181"":11,""182"":8,""66"":14912,""24"":83,""206"":48740,""67"":4128,""68"":0,""13"":891,""17"":-69,""18"":15,""19"":81,""15"":1000,""241"":26806,""199"":3611,""16"":131602,""12"":11131,""449"":0,""636"":1807657,""1148"":80,""11"":8935106000,""14"":1160700155,""387"":""2b3430313833382e333833332d303038343334332e363030302b3030302e3037392f""}"
2026-07-01T07:21:02Z,862272088542776,Codec8E,2026-06-28 23:19:16.000 UTC,1782688756000,0,40.1838516,-8.4357199,86,271,9,84,0,"{""239"":1,""240"":1,""21"":4,""200"":0,""69"":1,""237"":2,""113"":100,""303"":1,""383"":3,""1149"":1,""181"":13,""182"":9,""66"":14869,""24"":84,""206"":48740,""67"":4128,""68"":0,""13"":891,""17"":-118,""18"":-53,""19"":45,""15"":1000,""241"":26806,""199"":3727,""16"":131718,""12"":11131,""449"":0,""636"":1807657,""1148"":80,""11"":8935106000,""14"":1160700155,""387"":""2b3430313833382e353136372d303038343335372e323030302b3030302e3038362f""}"
2026-07-01T07:21:02Z,862272088542776,Codec8E,2026-06-28 23:19:21.000 UTC,1782688761000,0,40.1838366,-8.4370983,92,264,10,85,0,"{""239"":1,""240"":1,""21"":4,""200"":0,""69"":1,""237"":2,""113"":100,""303"":1,""383"":3,""1149"":1,""181"":12,""182"":9,""66"":14823,""24"":85,""206"":48740,""67"":4128,""68"":0,""13"":891,""17"":-70,""18"":-80,""19"":81,""15"":1000,""241"":26806,""199"":3844,""16"":131835,""12"":11131,""449"":0,""636"":1807657,""1148"":80,""11"":8935106000,""14"":1160700155,""387"":""2b3430313833382e333636372d303038343337302e393833332b3030302e3039322f""}"
2026-07-01T07:21:02Z,862272088542776,Codec8E,2026-06-28 23:19:24.000 UTC,1782688764000,0,40.1836950,-8.4379233,97,253,10,86,0,"{""239"":1,""240"":1,""21"":4,""200"":0,""69"":1,""237"":2,""113"":100,""303"":1,""383"":3,""1149"":1,""181"":12,""182"":9,""66"":14883,""24"":86,""206"":48740,""67"":4128,""68"":0,""13"":891,""17"":-82,""18"":-48,""19"":62,""15"":1000,""241"":26806,""199"":3916,""16"":131907,""12"":11131,""449"":0,""636"":1807657,""1148"":80,""11"":8935106000,""14"":1160700155,""387"":""2b3430313833362e393530302d303038343337392e323333332b3030302e3039372f""}"
2026-07-01T07:21:02Z,862272088542776,Codec8E,2026-06-28 23:19:27.000 UTC,1782688767000,0,40.1834283,-8.4386883,104,242,11,87,0,"{""239"":1,""240"":1,""21"":4,""200"":0,""69"":1,""237"":2,""113"":100,""303"":1,""383"":3,""1149"":1,""181"":11,""182"":8,""66"":14837,""24"":87,""206"":48740,""67"":4128,""68"":0,""13"":891,""17"":-22,""18"":-65,""19"":73,""15"":1000,""241"":26806,""199"":3988,""16"":131979,""12"":11131,""449"":0,""636"":1807627,""1148"":80,""11"":8935106000,""14"":1160700155,""387"":""2b3430313833342e323833332d303038343338362e383833332b3030302e3130342f""}"
2026-07-01T07:21:02Z,862272088542776,Codec8E,2026-06-28 23:19:32.000 UTC,1782688772000,0,40.1829016,-8.4399450,110,241,12,87,0,"{""239"":1,""240"":1,""21"":4,""200"":0,""69"":1,""237"":2,""113"":100,""303"":1,""383"":3,""1149"":1,""181"":12,""182"":8,""66"":14857,""24"":87,""206"":48740,""67"":4128,""68"":0,""13"":891,""17"":-86,""18"":-57,""19"":42,""15"":1000,""241"":26806,""199"":4109,""16"":132100,""12"":11131,""449"":0,""636"":1807627,""1148"":80,""11"":8935106000,""14"":1160700155,""387"":""2b3430313832392e303136372d303038343339392e343530302b3030302e3131302f""}"
2026-07-01T07:21:03Z,862272088542776,Codec8E,2026-06-28 23:19:36.000 UTC,1782688776000,0,40.1824666,-8.4409916,115,242,11,89,0,"{""239"":1,""240"":1,""21"":4,""200"":0,""69"":1,""237"":2,""113"":100,""303"":1,""383"":3,""1149"":1,""181"":20,""182"":11,""66"":14860,""24"":89,""206"":48740,""67"":4128,""68"":0,""13"":891,""17"":-61,""18"":-52,""19"":55,""15"":1000,""241"":26806,""199"":4211,""16"":132202,""12"":11131,""449"":0,""636"":1807627,""1148"":80,""11"":8935106000,""14"":1160700155,""387"":""2b3430313832342e363636372d303038343430392e393136372b3030302e3131352f""}"
2026-07-01T07:21:03Z,862272088542776,Codec8E,2026-06-28 23:19:40.000 UTC,1782688780000,0,40.1820200,-8.4420400,119,241,11,91,0,"{""239"":1,""240"":1,""21"":3,""200"":0,""69"":1,""237"":2,""113"":100,""303"":1,""383"":3,""1149"":3,""181"":12,""182"":9,""66"":14871,""24"":91,""206"":48740,""67"":4128,""68"":0,""13"":891,""17"":-62,""18"":-70,""19"":33,""15"":1000,""241"":26806,""199"":4312,""16"":132303,""12"":11131,""449"":0,""636"":1807627,""1148"":90,""11"":8935106000,""14"":1160700155,""387"":""2b3430313832302e323030302d303038343432302e343030302b3030302e3131392f""}"
2026-07-01T07:21:03Z,862272088542776,Codec8E,2026-06-28 23:19:44.000 UTC,1782688784000,0,40.1815749,-8.4430950,124,241,11,91,0,"{""239"":1,""240"":1,""21"":3,""200"":0,""69"":1,""237"":2,""113"":100,""303"":1,""383"":3,""1149"":3,""181"":12,""182"":9,""66"":14882,""24"":91,""206"":48740,""67"":4128,""68"":0,""13"":891,""17"":-64,""18"":-53,""19"":2,""15"":1000,""241"":26806,""199"":4415,""16"":132406,""12"":11131,""449"":0,""636"":1807629,""1148"":90,""11"":8935106000,""14"":1160700155,""387"":""2b3430313831352e373530302d303038343433302e393530302b3030302e3132342f""}"
2026-07-01T07:21:03Z,862272088542776,Codec8E,2026-06-28 23:19:48.000 UTC,1782688788000,0,40.1811316,-8.4441750,128,243,11,92,0,"{""239"":1,""240"":1,""21"":3,""200"":0,""69"":1,""237"":2,""113"":100,""303"":1,""383"":3,""1149"":3,""181"":12,""182"":9,""66"":14867,""24"":92,""206"":48740,""67"":4128,""68"":0,""13"":891,""17"":-45,""18"":-47,""19"":-29,""15"":1000,""241"":26806,""199"":4519,""16"":132510,""12"":11131,""449"":0,""636"":1807629,""1148"":90,""11"":8935106000,""14"":1160700155,""387"":""2b3430313831312e333136372d303038343434312e373530302b3030302e3132382f""}"
2026-07-01T07:21:03Z,862272088542776,Codec8E,2026-06-28 23:19:52.000 UTC,1782688792000,0,40.1807166,-8.4452533,132,241,11,90,0,"{""239"":1,""240"":1,""21"":3,""200"":0,""69"":1,""237"":2,""113"":100,""303"":1,""383"":3,""1149"":3,""181"":12,""182"":9,""66"":14871,""24"":90,""206"":48740,""67"":4128,""68"":0,""13"":891,""17"":-17,""18"":-31,""19"":40,""15"":1000,""241"":26806,""199"":4621,""16"":132612,""12"":11131,""449"":0,""636"":1807629,""1148"":90,""11"":8935106000,""14"":1160700155,""387"":""2b3430313830372e313636372d303038343435322e353333332b3030302e3133322f""}"
2026-07-01T07:21:04Z,862272088542776,Codec8E,2026-06-28 23:19:57.000 UTC,1782688797000,0,40.1802066,-8.4464849,137,241,11,83,0,"{""239"":1,""240"":1,""21"":3,""200"":0,""69"":1,""237"":2,""113"":100,""303"":1,""383"":3,""1149"":3,""181"":20,""182"":11,""66"":14839,""24"":83,""206"":48740,""67"":4128,""68"":0,""13"":891,""17"":229,""18"":157,""19"":51,""15"":1000,""241"":26806,""199"":4740,""16"":132731,""12"":11131,""449"":0,""636"":1807629,""1148"":90,""11"":8935106000,""14"":1160700155,""387"":""2b3430313830322e303636372d303038343436342e383530302b3030302e3133372f""}"
2026-07-01T07:21:04Z,862272088542776,Codec8E,2026-06-28 23:20:00.000 UTC,1782688800000,0,40.1799800,-8.4470266,137,254,12,70,0,"{""239"":1,""240"":1,""21"":3,""200"":0,""69"":1,""237"":2,""113"":100,""303"":1,""383"":3,""1149"":3,""181"":12,""182"":8,""66"":14878,""24"":70,""206"":48740,""67"":4128,""68"":0,""13"":891,""17"":-6,""18"":487,""19"":0,""15"":1000,""241"":26806,""199"":4793,""16"":132784,""12"":11131,""449"":0,""636"":1807629,""1148"":90,""11"":8935106000,""14"":1160700155,""387"":""2b3430313739392e383030302d303038343437302e323636372b3030302e3133372f""}"
2026-07-01T07:21:04Z,862272088542776,Codec8E,2026-06-28 23:20:01.000 UTC,1782688801000,0,40.1799616,-8.4471966,137,268,12,65,0,"{""239"":1,""240"":1,""21"":3,""200"":0,""69"":1,""237"":2,""113"":100,""303"":1,""383"":3,""1149"":3,""181"":12,""182"":8,""66"":14824,""24"":65,""206"":48740,""67"":4128,""68"":0,""13"":891,""17"":-39,""18"":403,""19"":78,""15"":1000,""241"":26806,""199"":4808,""16"":132799,""12"":11131,""449"":0,""636"":1807629,""1148"":90,""11"":8935106000,""14"":1160700155,""387"":""2b3430313739392e363136372d303038343437312e393636372b3030302e3133372f""}"
2026-07-01T07:21:04Z,862272088542776,Codec8E,2026-06-28 23:20:02.000 UTC,1782688802000,0,40.1800000,-8.4473533,138,288,12,60,0,"{""239"":1,""240"":1,""21"":3,""200"":0,""69"":1,""237"":2,""113"":100,""303"":1,""383"":3,""1149"":3,""181"":12,""182"":8,""66"":14898,""24"":60,""206"":48740,""67"":4128,""68"":0,""13"":891,""17"":-23,""18"":-45,""19"":18,""15"":1000,""241"":26806,""199"":4822,""16"":132813,""12"":11131,""449"":0,""636"":1807629,""1148"":90,""11"":8935106000,""14"":1160700155,""387"":""2b3430313830302e303030302d303038343437332e353333332b3030302e3133382f""}"
2026-07-01T07:21:04Z,862272088542776,Codec8E,2026-06-28 23:20:03.000 UTC,1782688803000,0,40.1800816,-8.4474783,139,304,12,56,0,"{""239"":1,""240"":1,""21"":3,""200"":0,""69"":1,""237"":2,""113"":100,""303"":1,""383"":3,""1149"":3,""181"":12,""182"":8,""66"":14824,""24"":56,""206"":48740,""67"":4128,""68"":0,""13"":891,""17"":-8,""18"":-314,""19"":51,""15"":1000,""241"":26806,""199"":4836,""16"":132827,""12"":11131,""449"":0,""636"":893195,""1148"":90,""11"":8935106000,""14"":1160700155,""387"":""2b3430313830302e383136372d303038343437342e373833332b3030302e3133392f""}"
2026-07-01T07:21:05Z,862272088542776,Codec8E,2026-06-28 23:20:04.000 UTC,1782688804000,0,40.1801733,-8.4475766,139,317,12,53,0,"{""239"":1,""240"":1,""21"":3,""200"":0,""69"":1,""237"":2,""113"":100,""303"":1,""383"":3,""1149"":3,""181"":12,""182"":8,""66"":14898,""24"":53,""206"":48740,""67"":4128,""68"":0,""13"":891,""17"":-95,""18"":-513,""19"":-16,""15"":1000,""241"":26806,""199"":4849,""16"":132840,""12"":11131,""449"":0,""636"":893195,""1148"":90,""11"":8935106000,""14"":1160700155,""387"":""2b3430313830312e373333332d303038343437352e373636372b3030302e3133392f""}"
2026-07-01T07:21:05Z,862272088542776,Codec8E,2026-06-28 23:20:07.000 UTC,1782688807000,0,40.1803850,-8.4478933,141,307,8,46,0,"{""239"":1,""240"":1,""21"":3,""200"":0,""69"":1,""237"":2,""113"":100,""303"":1,""383"":3,""1149"":3,""181"":14,""182"":11,""66"":14859,""24"":46,""206"":48740,""67"":4128,""68"":0,""13"":891,""17"":-182,""18"":-478,""19"":-12,""15"":1000,""241"":26806,""199"":4884,""16"":132875,""12"":11131,""449"":0,""636"":893195,""1148"":90,""11"":8935106000,""14"":1160700155,""387"":""2b3430313830332e383530302d303038343437382e393333332b3030302e3134312f""}"
2026-07-01T07:21:05Z,862272088542776,Codec8E,2026-06-28 23:20:08.000 UTC,1782688808000,0,40.1804250,-8.4481416,143,294,4,43,0,"{""239"":1,""240"":1,""21"":3,""200"":0,""69"":1,""237"":2,""113"":100,""303"":1,""383"":3,""1149"":3,""181"":16,""182"":13,""66"":14841,""24"":43,""206"":48740,""67"":4128,""68"":0,""13"":891,""17"":-218,""18"":-473,""19"":-3,""15"":1000,""241"":26806,""199"":4906,""16"":132897,""12"":11131,""449"":0,""636"":1807629,""1148"":48,""11"":8935106000,""14"":1160700155,""387"":""2b3430313830342e323530302d303038343438312e343136372b3030302e3134332f""}"
2026-07-01T07:21:05Z,862272088542776,Codec8E,2026-06-28 23:20:10.000 UTC,1782688810000,0,40.1801750,-8.4484866,145,255,5,42,0,"{""239"":1,""240"":1,""21"":3,""200"":0,""69"":1,""237"":2,""113"":100,""303"":1,""383"":3,""1149"":3,""181"":18,""182"":15,""66"":14822,""24"":42,""206"":48740,""67"":4128,""68"":0,""13"":891,""17"":-77,""18"":-278,""19"":56,""15"":1000,""241"":26806,""199"":4947,""16"":132938,""12"":11131,""449"":0,""636"":1807629,""1148"":48,""11"":8935106000,""14"":1160700155,""387"":""2b3430313830312e373530302d303038343438342e383636372b3030302e3134352f""}"
2026-07-01T07:21:05Z,862272088542776,Codec8E,2026-06-28 23:20:12.000 UTC,1782688812000,0,40.1799766,-8.4486949,146,237,5,42,0,"{""239"":1,""240"":1,""21"":3,""200"":0,""69"":1,""237"":2,""113"":100,""303"":1,""383"":3,""1149"":3,""181"":19,""182"":16,""66"":14836,""24"":42,""206"":48740,""67"":4128,""68"":0,""13"":891,""17"":-51,""18"":-94,""19"":35,""15"":1000,""241"":26806,""199"":4975,""16"":132966,""12"":11131,""449"":0,""636"":1807629,""1148"":48,""11"":8935106000,""14"":1160700155,""387"":""2b3430313739392e373636372d303038343438362e393530302b3030302e3134362f""}"
2026-07-01T07:21:05Z,862272088542776,Codec8E,2026-06-28 23:20:15.000 UTC,1782688815000,0,40.1795716,-8.4486116,146,200,6,43,0,"{""239"":1,""240"":1,""21"":3,""200"":0,""69"":1,""237"":2,""113"":100,""303"":1,""383"":3,""1149"":3,""181"":17,""182"":14,""66"":14908,""24"":43,""206"":48740,""67"":4128,""68"":0,""13"":891,""17"":-52,""18"":193,""19"":123,""15"":1000,""241"":26806,""199"":5023,""16"":133014,""12"":11131,""449"":0,""636"":1807629,""1148"":48,""11"":8935106000,""14"":1160700155,""387"":""2b3430313739352e373136372d303038343438362e313136372b3030302e3134362f""}"
2026-07-01T07:21:05Z,862272088542776,Codec8E,2026-06-28 23:20:19.000 UTC,1782688819000,0,40.1789000,-8.4487933,144,204,7,54,0,"{""239"":1,""240"":1,""21"":3,""200"":0,""69"":1,""237"":2,""113"":100,""303"":1,""383"":3,""1149"":3,""181"":18,""182"":16,""66"":14886,""24"":54,""206"":48740,""67"":4128,""68"":0,""13"":891,""17"":-110,""18"":2,""19"":56,""15"":1000,""241"":26806,""199"":5100,""16"":133091,""12"":11131,""449"":0,""636"":1807629,""1148"":48,""11"":8935106000,""14"":1160700155,""387"":""2b3430313738392e303030302d303038343438372e393333332b3030302e3134342f""}"
2026-07-01T07:21:05Z,862272088542776,Codec8E,2026-06-28 23:20:25.000 UTC,1782688825000,0,40.1780333,-8.4492800,148,203,7,59,0,"{""239"":1,""240"":1,""21"":3,""200"":0,""69"":1,""237"":2,""113"":100,""303"":1,""383"":3,""1149"":3,""181"":29,""182"":17,""66"":14862,""24"":59,""206"":48740,""67"":4128,""68"":0,""13"":891,""17"":-276,""18"":58,""19"":108,""15"":1000,""241"":26806,""199"":5205,""16"":133196,""12"":11131,""449"":0,""636"":1807629,""1148"":48,""11"":8935106000,""14"":1160700155,""387"":""2b3430313738302e333333332d303038343439322e383030302b3030302e3134382f""}"
2026-07-01T07:21:05Z,862272088542776,Codec8E,2026-06-28 23:20:29.000 UTC,1782688829000,0,40.1773566,-8.4496950,150,212,9,69,0,"{""239"":1,""240"":1,""21"":3,""200"":0,""69"":1,""237"":2,""113"":100,""303"":1,""383"":3,""1149"":3,""181"":13,""182"":10,""66"":14859,""24"":69,""206"":48740,""67"":4128,""68"":0,""13"":891,""17"":26,""18"":22,""19"":117,""15"":1000,""241"":26806,""199"":5288,""16"":133279,""12"":11131,""449"":0,""636"":1807629,""1148"":48,""11"":8935106000,""14"":1160700155,""387"":""2b3430313737332e353636372d303038343439362e393530302b3030302e3135302f""}"
2026-07-01T07:21:05Z,862272088542776,Codec8E,2026-06-28 23:20:34.000 UTC,1782688834000,0,40.1765500,-8.4503483,151,215,7,73,0,"{""239"":1,""240"":1,""21"":3,""200"":0,""69"":1,""237"":2,""113"":100,""303"":1,""383"":3,""1149"":3,""181"":34,""182"":14,""66"":14863,""24"":73,""206"":48740,""67"":4128,""68"":0,""13"":891,""17"":-14,""18"":-92,""19"":19,""15"":1000,""241"":26806,""199"":5393,""16"":133384,""12"":11131,""449"":0,""636"":1807629,""1148"":48,""11"":8935106000,""14"":1160700155,""387"":""2b3430313736352e353030302d303038343530332e343833332b3030302e3135312f""}"
2026-07-01T07:21:06Z,862272088542776,Codec8E,2026-06-28 23:20:39.000 UTC,1782688839000,0,40.1757800,-8.4510516,150,216,9,74,0,"{""239"":1,""240"":1,""21"":3,""200"":0,""69"":1,""237"":2,""113"":100,""303"":1,""383"":3,""1149"":3,""181"":15,""182"":12,""66"":14860,""24"":74,""206"":48740,""67"":4128,""68"":0,""13"":891,""17"":-18,""18"":-12,""19"":51,""15"":1000,""241"":26806,""199"":5498,""16"":133489,""12"":11131,""449"":0,""636"":1807629,""1148"":48,""11"":8935106000,""14"":1160700155,""387"":""2b3430313735372e383030302d303038343531302e353136372b3030302e3135302f""}"
2026-07-01T07:21:06Z,862272088542776,Codec8E,2026-06-28 23:20:44.000 UTC,1782688844000,0,40.1749916,-8.4517800,148,215,10,76,0,"{""239"":1,""240"":1,""21"":3,""200"":0,""69"":1,""237"":2,""113"":100,""303"":1,""383"":3,""1149"":3,""181"":13,""182"":10,""66"":14891,""24"":76,""206"":48740,""67"":4128,""68"":0,""13"":891,""17"":20,""18"":-8,""19"":33,""15"":1000,""241"":26806,""199"":5605,""16"":133596,""12"":11131,""449"":0,""636"":893195,""1148"":48,""11"":8935106000,""14"":1160700155,""387"":""2b3430313734392e393136372d303038343531372e383030302b3030302e3134382f""}"
2026-07-01T07:21:06Z,862272088542776,Codec8E,2026-06-28 23:20:49.000 UTC,1782688849000,0,40.1742033,-8.4524583,145,212,8,76,0,"{""239"":1,""240"":1,""21"":5,""200"":0,""69"":1,""237"":2,""113"":100,""303"":1,""383"":3,""1149"":1,""181"":15,""182"":13,""66"":14844,""24"":76,""206"":48740,""67"":4128,""68"":0,""13"":891,""17"":26,""18"":-97,""19"":46,""15"":1000,""241"":26806,""199"":5710,""16"":133701,""12"":11131,""449"":0,""636"":893195,""1148"":48,""11"":8935106000,""14"":1160700155,""387"":""2b3430313734322e303333332d303038343532342e353833332b3030302e3134352f""}"
2026-07-01T07:21:06Z,862272088542776,Codec8E,2026-06-28 23:20:54.000 UTC,1782688854000,0,40.1733466,-8.4531033,141,209,9,78,0,"{""239"":1,""240"":1,""21"":5,""200"":0,""69"":1,""237"":2,""113"":100,""303"":1,""383"":3,""1149"":1,""181"":15,""182"":12,""66"":14859,""24"":78,""206"":48740,""67"":4128,""68"":0,""13"":891,""17"":10,""18"":-63,""19"":-34,""15"":1000,""241"":26806,""199"":5820,""16"":133811,""12"":11131,""449"":0,""636"":893195,""1148"":48,""11"":8935106000,""14"":1160700155,""387"":""2b3430313733332e343636372d303038343533312e303333332b3030302e3134312f""}"
2026-07-01T07:21:06Z,862272088542776,Codec8E,2026-06-28 23:20:59.000 UTC,1782688859000,0,40.1724566,-8.4536516,133,206,11,76,0,"{""239"":1,""240"":1,""21"":5,""200"":0,""69"":1,""237"":2,""113"":100,""303"":1,""383"":3,""1149"":1,""181"":12,""182"":9,""66"":14810,""24"":76,""206"":48740,""67"":4128,""68"":0,""13"":891,""17"":66,""18"":-31,""19"":128,""15"":1000,""241"":26806,""199"":5929,""16"":133920,""12"":11131,""449"":0,""636"":893195,""1148"":48,""11"":8935106000,""14"":1160700155,""387"":""2b3430313732342e353636372d303038343533362e353136372b3030302e3133332f""}"
2026-07-01T07:21:06Z,862272088542776,Codec8E,2026-06-28 23:21:04.000 UTC,1782688864000,0,40.1716100,-8.4541266,124,204,12,71,0,"{""239"":1,""240"":1,""21"":5,""200"":0,""69"":1,""237"":2,""113"":100,""303"":1,""383"":3,""1149"":1,""181"":12,""182"":8,""66"":14897,""24"":71,""206"":48740,""67"":4128,""68"":0,""13"":891,""17"":-69,""18"":-42,""19"":39,""15"":1000,""241"":26806,""199"":6031,""16"":134022,""12"":11131,""449"":0,""636"":893226,""1148"":48,""11"":8935106000,""14"":1160700155,""387"":""2b3430313731362e313030302d303038343534312e323636372b3030302e3132342f""}"
2026-07-01T07:21:06Z,862272088542776,Codec8E,2026-06-28 23:21:10.000 UTC,1782688870000,0,40.1706066,-8.4546700,118,202,10,73,0,"{""239"":1,""240"":1,""21"":5,""200"":0,""69"":1,""237"":2,""113"":100,""303"":1,""383"":3,""1149"":1,""181"":20,""182"":11,""66"":14905,""24"":73,""206"":48740,""67"":4128,""68"":0,""13"":891,""17"":-2,""18"":-56,""19"":61,""15"":1000,""241"":26806,""199"":6152,""16"":134143,""12"":11131,""449"":0,""636"":893226,""1148"":67,""11"":8935106000,""14"":1160700155,""387"":""2b3430313730362e303636372d303038343534362e373030302b3030302e3131382f""}"
2026-07-01T07:21:06Z,862272088542776,Codec8E,2026-06-28 23:21:15.000 UTC,1782688875000,0,40.1697400,-8.4551500,114,202,10,74,0,"{""239"":1,""240"":1,""21"":5,""200"":0,""69"":1,""237"":2,""113"":100,""303"":1,""383"":3,""1149"":1,""181"":13,""182"":9,""66"":14818,""24"":74,""206"":48740,""67"":4128,""68"":0,""13"":891,""17"":53,""18"":-52,""19"":41,""15"":1000,""241"":26806,""199"":6257,""16"":134248,""12"":11131,""449"":0,""636"":893226,""1148"":67,""11"":8935106000,""14"":1160700155,""387"":""2b3430313639372e343030302d303038343535312e353030302b3030302e3131342f""}"
2026-07-01T07:21:06Z,862272088542776,Codec8E,2026-06-28 23:21:20.000 UTC,1782688880000,0,40.1688916,-8.4556416,110,203,6,73,0,"{""239"":1,""240"":1,""21"":5,""200"":0,""69"":1,""237"":2,""113"":100,""303"":1,""383"":3,""1149"":1,""181"":22,""182"":20,""66"":14866,""24"":73,""206"":48740,""67"":4128,""68"":0,""13"":891,""17"":19,""18"":-71,""19"":75,""15"":1000,""241"":26806,""199"":6360,""16"":134351,""12"":11131,""449"":0,""636"":1662250,""1148"":67,""11"":8935106000,""14"":1160700155,""387"":""2b3430313638382e393136372d303038343535362e343136372b3030302e3131302f""}"
2026-07-01T07:21:06Z,862272088542776,Codec8E,2026-06-28 23:21:25.000 UTC,1782688885000,0,40.1680450,-8.4561099,105,203,6,72,0,"{""239"":1,""240"":1,""21"":5,""200"":0,""69"":1,""237"":2,""113"":100,""303"":1,""383"":3,""1149"":1,""181"":22,""182"":20,""66"":14840,""24"":72,""206"":48740,""67"":4128,""68"":0,""13"":891,""17"":50,""18"":-79,""19"":75,""15"":1000,""241"":26806,""199"":6462,""16"":134453,""12"":11131,""449"":0,""636"":893226,""1148"":67,""11"":8935106000,""14"":1160700155,""387"":""2b3430313638302e343530302d303038343536312e313030302b3030302e3130352f""}"
2026-07-01T07:21:07Z,862272088542776,Codec8E,2026-06-28 23:21:31.000 UTC,1782688891000,0,40.1670966,-8.4566450,102,202,8,69,0,"{""239"":1,""240"":1,""21"":5,""200"":0,""69"":1,""237"":2,""113"":100,""303"":1,""383"":3,""1149"":1,""181"":14,""182"":12,""66"":14867,""24"":69,""206"":48740,""67"":4128,""68"":0,""13"":891,""17"":-170,""18"":-54,""19"":36,""15"":1000,""241"":26806,""199"":6577,""16"":134568,""12"":11131,""449"":0,""636"":1662250,""1148"":67,""11"":8935106000,""14"":1160700155,""387"":""2b3430313637302e393636372d303038343536362e343530302b3030302e3130322f""}"
2026-07-01T07:21:07Z,862272088542776,Codec8E,2026-06-28 23:21:36.000 UTC,1782688896000,0,40.1661850,-8.4571433,102,202,9,78,0,"{""239"":1,""240"":1,""21"":5,""200"":0,""69"":1,""237"":2,""113"":100,""303"":1,""383"":3,""1149"":1,""181"":12,""182"":10,""66"":14855,""24"":78,""206"":48740,""67"":4128,""68"":0,""13"":891,""17"":-26,""18"":-35,""19"":-18,""15"":1000,""241"":26806,""199"":6686,""16"":134677,""12"":11131,""449"":0,""636"":1662250,""1148"":67,""11"":8935106000,""14"":1160700155,""387"":""2b3430313636312e383530302d303038343537312e343333332b3030302e3130322f""}"
2026-07-01T07:21:07Z,862272088542776,Codec8E,2026-06-28 23:21:41.000 UTC,1782688901000,0,40.1651616,-8.4577516,99,205,10,88,0,"{""239"":1,""240"":1,""21"":4,""200"":0,""69"":1,""237"":2,""113"":100,""303"":1,""383"":3,""1149"":1,""181"":13,""182"":9,""66"":14843,""24"":88,""206"":48740,""67"":4128,""68"":0,""13"":891,""17"":28,""18"":-73,""19"":7,""15"":1000,""241"":26806,""199"":6811,""16"":134802,""12"":11131,""449"":0,""636"":893226,""1148"":77,""11"":8935106000,""14"":1160700155,""387"":""2b3430313635312e363136372d303038343537372e353136372b3030302e3039392f""}"
2026-07-01T07:21:07Z,862272088542776,Codec8E,2026-06-28 23:21:46.000 UTC,1782688906000,0,40.1641366,-8.4583233,95,202,10,88,0,"{""239"":1,""240"":1,""21"":4,""200"":0,""69"":1,""237"":2,""113"":100,""303"":1,""383"":3,""1149"":1,""181"":20,""182"":11,""66"":14899,""24"":88,""206"":48740,""67"":4128,""68"":0,""13"":891,""17"":-38,""18"":-31,""19"":79,""15"":1000,""241"":26806,""199"":6935,""16"":134926,""12"":11131,""449"":0,""636"":1662250,""1148"":77,""11"":8935106000,""14"":1160700155,""387"":""2b3430313634312e333636372d303038343538332e323333332b3030302e3039352f""}"
2026-07-01T07:21:07Z,862272088542776,Codec8E,2026-06-28 23:21:50.000 UTC,1782688910000,0,40.1632800,-8.4587533,92,201,10,90,0,"{""239"":1,""240"":1,""21"":4,""200"":0,""69"":1,""237"":2,""113"":100,""303"":1,""383"":3,""1149"":1,""181"":13,""182"":9,""66"":14861,""24"":90,""206"":48740,""67"":4128,""68"":0,""13"":891,""17"":-22,""18"":-68,""19"":31,""15"":1000,""241"":26806,""199"":7037,""16"":135028,""12"":11131,""449"":0,""636"":893226,""1148"":77,""11"":8935106000,""14"":1160700155,""387"":""2b3430313633322e383030302d303038343538372e353333332b3030302e3039322f""}"
2026-07-01T07:21:08Z,862272088542776,Codec8E,2026-06-28 23:21:54.000 UTC,1782688914000,0,40.1623916,-8.4590900,91,193,10,91,0,"{""239"":1,""240"":1,""21"":4,""200"":0,""69"":1,""237"":2,""113"":100,""303"":1,""383"":3,""1149"":1,""181"":13,""182"":9,""66"":14876,""24"":91,""206"":48740,""67"":4128,""68"":0,""13"":891,""17"":-41,""18"":-63,""19"":73,""15"":1000,""241"":26806,""199"":7140,""16"":135131,""12"":11131,""449"":0,""636"":893236,""1148"":77,""11"":8935106000,""14"":1160700155,""387"":""2b3430313632332e393136372d303038343539302e393030302b3030302e3039312f""}"
2026-07-01T07:21:08Z,862272088542776,Codec8E,2026-06-28 23:21:58.000 UTC,1782688918000,0,40.1614616,-8.4592950,95,190,12,89,0,"{""239"":1,""240"":1,""21"":4,""200"":0,""69"":1,""237"":2,""113"":100,""303"":1,""383"":3,""1149"":1,""181"":11,""182"":8,""66"":14868,""24"":89,""206"":48740,""67"":4128,""68"":0,""13"":891,""17"":-148,""18"":-26,""19"":56,""15"":1000,""241"":26806,""199"":7245,""16"":135236,""12"":11131,""449"":0,""636"":893236,""1148"":77,""11"":8935106000,""14"":1160700155,""387"":""2b3430313631342e363136372d303038343539322e393530302b3030302e3039352f""}"
2026-07-01T07:21:08Z,862272088542776,Codec8E,2026-06-28 23:22:02.000 UTC,1782688922000,0,40.1605216,-8.4594183,97,181,12,89,0,"{""239"":1,""240"":1,""21"":4,""200"":0,""69"":1,""237"":2,""113"":100,""303"":1,""383"":3,""1149"":1,""181"":15,""182"":8,""66"":14855,""24"":89,""206"":48740,""67"":4128,""68"":0,""13"":891,""17"":-46,""18"":27,""19"":22,""15"":1000,""241"":26806,""199"":7350,""16"":135341,""12"":11131,""449"":0,""636"":893236,""1148"":77,""11"":8935106000,""14"":1160700155,""387"":""2b3430313630352e323136372d303038343539342e313833332b3030302e3039372f""}"
2026-07-01T07:21:08Z,862272088542776,Codec8E,2026-06-28 23:22:07.000 UTC,1782688927000,0,40.1594283,-8.4594733,104,180,11,91,0,"{""239"":1,""240"":1,""21"":4,""200"":0,""69"":1,""237"":2,""113"":100,""303"":1,""383"":3,""1149"":1,""181"":11,""182"":8,""66"":14905,""24"":91,""206"":48740,""67"":4128,""68"":0,""13"":891,""17"":-86,""18"":-26,""19"":-120,""15"":1000,""241"":26806,""199"":7472,""16"":135463,""12"":11131,""449"":0,""636"":1662230,""1148"":77,""11"":8935106000,""14"":1160700155,""387"":""2b3430313539342e323833332d303038343539342e373333332b3030302e3130342f""}"
2026-07-01T07:21:08Z,862272088542776,Codec8E,2026-06-28 23:22:11.000 UTC,1782688931000,0,40.1584933,-8.4594633,109,180,11,92,0,"{""239"":1,""240"":1,""21"":4,""200"":0,""69"":1,""237"":2,""113"":100,""303"":1,""383"":3,""1149"":1,""181"":11,""182"":8,""66"":14929,""24"":92,""206"":48740,""67"":4128,""68"":0,""13"":891,""17"":-60,""18"":-61,""19"":-23,""15"":1000,""241"":26806,""199"":7576,""16"":135567,""12"":11131,""449"":0,""636"":1662230,""1148"":66,""11"":8935106000,""14"":1160700155,""387"":""2b3430313538342e393333332d303038343539342e363333332b3030302e3130392f""}"
2026-07-01T07:21:09Z,862272088542776,Codec8E,2026-06-28 23:22:16.000 UTC,1782688936000,0,40.1573866,-8.4594966,114,180,10,90,0,"{""239"":1,""240"":1,""21"":4,""200"":0,""69"":1,""237"":2,""113"":100,""303"":1,""383"":3,""1149"":1,""181"":12,""182"":9,""66"":14844,""24"":90,""206"":48740,""67"":4128,""68"":0,""13"":891,""17"":-49,""18"":-78,""19"":27,""15"":1000,""241"":26806,""199"":7699,""16"":135690,""12"":11131,""449"":0,""636"":1662230,""1148"":66,""11"":8935106000,""14"":1160700155,""387"":""2b3430313537332e383636372d303038343539342e393636372b3030302e3131342f""}"
2026-07-01T07:21:09Z,862272088542776,Codec8E,2026-06-28 23:22:21.000 UTC,1782688941000,0,40.1562899,-8.4594850,118,178,10,88,0,"{""239"":1,""240"":1,""21"":4,""200"":0,""69"":1,""237"":2,""113"":100,""303"":1,""383"":3,""1149"":1,""181"":12,""182"":9,""66"":14900,""24"":88,""206"":48740,""67"":4128,""68"":0,""13"":891,""17"":-68,""18"":1,""19"":-3,""15"":1000,""241"":26806,""199"":7821,""16"":135812,""12"":11131,""449"":0,""636"":1662230,""1148"":66,""11"":8935106000,""14"":1160700155,""387"":""2b3430313536322e393030302d303038343539342e383530302b3030302e3131382f""}"
2026-07-01T07:21:09Z,862272088542776,Codec8E,2026-06-28 23:22:26.000 UTC,1782688946000,0,40.1551700,-8.4595483,120,184,7,90,0,"{""239"":1,""240"":1,""21"":4,""200"":0,""69"":1,""237"":2,""113"":100,""303"":1,""383"":3,""1149"":1,""181"":15,""182"":12,""66"":14868,""24"":90,""206"":48740,""67"":4128,""68"":0,""13"":891,""17"":-50,""18"":-23,""19"":6,""15"":1000,""241"":26806,""199"":7945,""16"":135936,""12"":11131,""449"":0,""636"":1662230,""1148"":66,""11"":8935106000,""14"":1160700155,""387"":""2b3430313535312e373030302d303038343539352e343833332b3030302e3132302f""}"
2026-07-01T07:21:09Z,862272088542776,Codec8E,2026-06-28 23:22:30.000 UTC,1782688950000,0,40.1542783,-8.4597366,122,189,8,92,0,"{""239"":1,""240"":1,""21"":4,""200"":0,""69"":1,""237"":2,""113"":100,""303"":1,""383"":3,""1149"":1,""181"":14,""182"":11,""66"":14882,""24"":92,""206"":48740,""67"":4128,""68"":0,""13"":891,""17"":25,""18"":51,""19"":65,""15"":1000,""241"":26806,""199"":8046,""16"":136037,""12"":11131,""449"":0,""636"":1662230,""1148"":66,""11"":8935106000,""14"":1160700155,""387"":""2b3430313534322e373833332d303038343539372e333636372b3030302e3132322f""}"
2026-07-01T07:21:09Z,862272088542776,Codec8E,2026-06-28 23:22:34.000 UTC,1782688954000,0,40.1533800,-8.4600949,121,198,8,94,0,"{""239"":1,""240"":1,""21"":4,""200"":0,""69"":1,""237"":2,""113"":100,""303"":1,""383"":3,""1149"":1,""181"":27,""182"":14,""66"":14884,""24"":94,""206"":48740,""67"":4128,""68"":0,""13"":891,""17"":40,""18"":-16,""19"":106,""15"":1000,""241"":26806,""199"":8150,""16"":136141,""12"":11131,""449"":0,""636"":1662230,""1148"":66,""11"":8935106000,""14"":1160700155,""387"":""2b3430313533332e383030302d303038343630302e393530302b3030302e3132312f""}"
2026-07-01T07:21:09Z,862272088542776,Codec8E,2026-06-28 23:22:38.000 UTC,1782688958000,0,40.1525016,-8.4605450,120,202,9,94,0,"{""239"":1,""240"":1,""21"":4,""200"":0,""69"":1,""237"":2,""113"":100,""303"":1,""383"":3,""1149"":1,""181"":15,""182"":12,""66"":14875,""24"":94,""206"":48740,""67"":4128,""68"":0,""13"":891,""17"":18,""18"":-62,""19"":94,""15"":1000,""241"":26806,""199"":8255,""16"":136246,""12"":11131,""449"":0,""636"":1662230,""1148"":66,""11"":8935106000,""14"":1160700155,""387"":""2b3430313532352e303136372d303038343630352e343530302b3030302e3132302f""}"
2026-07-01T07:21:09Z,862272088542776,Codec8E,2026-06-28 23:22:42.000 UTC,1782688962000,0,40.1516566,-8.4609966,119,202,9,93,0,"{""239"":1,""240"":1,""21"":4,""200"":0,""69"":1,""237"":2,""113"":100,""303"":1,""383"":3,""1149"":1,""181"":15,""182"":12,""66"":14838,""24"":93,""206"":48740,""67"":4128,""68"":0,""13"":891,""17"":58,""18"":-60,""19"":55,""15"":1000,""241"":26806,""199"":8356,""16"":136347,""12"":11131,""449"":0,""636"":1662230,""1148"":66,""11"":8935106000,""14"":1160700155,""387"":""2b3430313531362e353636372d303038343630392e393636372b3030302e3131392f""}"
2026-07-01T07:21:09Z,862272088542776,Codec8E,2026-06-28 23:22:47.000 UTC,1782688967000,0,40.1506533,-8.4616033,115,203,10,89,0,"{""239"":1,""240"":1,""21"":5,""200"":0,""69"":1,""237"":2,""113"":100,""303"":1,""383"":3,""1149"":20,""181"":13,""182"":11,""66"":14919,""24"":89,""206"":48740,""67"":4128,""68"":0,""13"":891,""17"":40,""18"":-43,""19"":85,""15"":1000,""241"":26806,""199"":8479,""16"":136470,""12"":11131,""449"":0,""636"":893226,""1148"":66,""11"":8935106000,""14"":1160700155,""387"":""2b3430313530362e353333332d303038343631362e303333332b3030302e3131352f""}"
2026-07-01T07:21:09Z,862272088542776,Codec8E,2026-06-28 23:22:52.000 UTC,1782688972000,0,40.1496566,-8.4622183,111,203,8,88,0,"{""239"":1,""240"":1,""21"":5,""200"":0,""69"":1,""237"":2,""113"":100,""303"":1,""383"":3,""1149"":20,""181"":23,""182"":14,""66"":14850,""24"":88,""206"":48740,""67"":4128,""68"":0,""13"":891,""17"":-25,""18"":-28,""19"":10,""15"":1000,""241"":26806,""199"":8602,""16"":136593,""12"":11131,""449"":0,""636"":893226,""1148"":66,""11"":8935106000,""14"":1160700155,""387"":""2b3430313439362e353636372d303038343632322e313833332b3030302e3131312f""}"
2026-07-01T07:21:09Z,862272088542776,Codec8E,2026-06-28 23:22:57.000 UTC,1782688977000,0,40.1486383,-8.4628100,106,205,9,89,0,"{""239"":1,""240"":1,""21"":5,""200"":0,""69"":1,""237"":2,""113"":100,""303"":1,""383"":3,""1149"":20,""181"":19,""182"":13,""66"":14904,""24"":89,""206"":48740,""67"":4128,""68"":0,""13"":891,""17"":-33,""18"":-11,""19"":74,""15"":1000,""241"":26806,""199"":8726,""16"":136717,""12"":11131,""449"":0,""636"":893226,""1148"":66,""11"":8935106000,""14"":1160700155,""387"":""2b3430313438362e333833332d303038343632382e313030302b3030302e3130362f""}"
2026-07-01T07:21:10Z,862272088542776,Codec8E,2026-06-28 23:23:02.000 UTC,1782688982000,0,40.1476266,-8.4633700,105,204,12,89,0,"{""239"":1,""240"":1,""21"":5,""200"":0,""69"":1,""237"":2,""113"":100,""303"":1,""383"":3,""1149"":20,""181"":16,""182"":9,""66"":14869,""24"":89,""206"":48740,""67"":4128,""68"":0,""13"":891,""17"":-50,""18"":-22,""19"":54,""15"":1000,""241"":26806,""199"":8848,""16"":136839,""12"":11131,""449"":0,""636"":893226,""1148"":66,""11"":8935106000,""14"":1160700155,""387"":""2b3430313437362e323636372d303038343633332e373030302b3030302e3130352f""}"
2026-07-01T07:21:10Z,862272088542776,Codec8E,2026-06-28 23:23:06.000 UTC,1782688986000,0,40.1467883,-8.4638466,108,204,13,90,0,"{""239"":1,""240"":1,""21"":5,""200"":0,""69"":1,""237"":2,""113"":100,""303"":1,""383"":3,""1149"":20,""181"":10,""182"":7,""66"":14833,""24"":90,""206"":48740,""67"":4128,""68"":0,""13"":891,""17"":-101,""18"":-30,""19"":39,""15"":1000,""241"":26806,""199"":8949,""16"":136940,""12"":11131,""449"":0,""636"":1418765,""1148"":66,""11"":8935106000,""14"":1160700155,""387"":""2b3430313436372e383833332d303038343633382e343636372b3030302e3130382f""}"
2026-07-01T07:21:10Z,862272088542776,Codec8E,2026-06-28 23:23:10.000 UTC,1782688990000,0,40.1459266,-8.4643599,111,204,12,91,0,"{""239"":1,""240"":1,""21"":5,""200"":0,""69"":1,""237"":2,""113"":100,""303"":1,""383"":3,""1149"":20,""181"":11,""182"":7,""66"":14897,""24"":91,""206"":48740,""67"":4128,""68"":0,""13"":891,""17"":-33,""18"":-51,""19"":50,""15"":1000,""241"":26806,""199"":9054,""16"":137045,""12"":11131,""449"":0,""636"":1418765,""1148"":56,""11"":8935106000,""14"":1160700155,""387"":""2b3430313435392e323636372d303038343634332e363030302b3030302e3131312f""}"
2026-07-01T07:21:10Z,862272088542776,Codec8E,2026-06-28 23:23:14.000 UTC,1782688994000,0,40.1450850,-8.4648366,109,203,12,91,0,"{""239"":1,""240"":1,""21"":5,""200"":0,""69"":1,""237"":2,""113"":100,""303"":1,""383"":3,""1149"":20,""181"":11,""182"":7,""66"":14875,""24"":91,""206"":48740,""67"":4128,""68"":0,""13"":891,""17"":-47,""18"":-47,""19"":54,""15"":1000,""241"":26806,""199"":9156,""16"":137147,""12"":11131,""449"":0,""636"":1418765,""1148"":56,""11"":8935106000,""14"":1160700155,""387"":""2b3430313435302e383530302d303038343634382e333636372b3030302e3130392f""}"
2026-07-01T07:21:10Z,862272088542776,Codec8E,2026-06-28 23:23:18.000 UTC,1782688998000,0,40.1442450,-8.4652716,106,202,10,90,0,"{""239"":1,""240"":1,""21"":5,""200"":0,""69"":1,""237"":2,""113"":100,""303"":1,""383"":3,""1149"":20,""181"":12,""182"":8,""66"":14911,""24"":90,""206"":48740,""67"":4128,""68"":0,""13"":891,""17"":-66,""18"":-53,""19"":49,""15"":1000,""241"":26806,""199"":9257,""16"":137248,""12"":11131,""449"":0,""636"":1418764,""1148"":56,""11"":8935106000,""14"":1160700155,""387"":""2b3430313434322e343530302d303038343635322e373136372b3030302e3130362f""}"
2026-07-01T07:21:11Z,862272088542776,Codec8E,2026-06-28 23:23:22.000 UTC,1782689002000,0,40.1433899,-8.4657183,103,203,11,90,0,"{""239"":1,""240"":1,""21"":5,""200"":0,""69"":1,""237"":2,""113"":100,""303"":1,""383"":3,""1149"":20,""181"":16,""182"":8,""66"":14893,""24"":90,""206"":48740,""67"":4128,""68"":0,""13"":891,""17"":0,""18"":-43,""19"":108,""15"":1000,""241"":26806,""199"":9359,""16"":137350,""12"":11131,""449"":0,""636"":1418764,""1148"":56,""11"":8935106000,""14"":1160700155,""387"":""2b3430313433332e393030302d303038343635372e313833332b3030302e3130332f""}"
2026-07-01T07:21:11Z,862272088542776,Codec8E,2026-06-28 23:23:26.000 UTC,1782689006000,0,40.1425433,-8.4661650,109,201,11,91,0,"{""239"":1,""240"":1,""21"":5,""200"":0,""69"":1,""237"":2,""113"":100,""303"":1,""383"":3,""1149"":20,""181"":11,""182"":8,""66"":14878,""24"":91,""206"":48740,""67"":4128,""68"":0,""13"":891,""17"":-11,""18"":-53,""19"":30,""15"":1000,""241"":26806,""199"":9461,""16"":137452,""12"":11131,""449"":0,""636"":1418764,""1148"":56,""11"":8935106000,""14"":1160700155,""387"":""2b3430313432352e343333332d303038343636312e363530302b3030302e3130392f""}"
2026-07-01T07:21:11Z,862272088542776,Codec8E,2026-06-28 23:23:31.000 UTC,1782689011000,0,40.1415033,-8.4666716,110,200,11,89,0,"{""239"":1,""240"":1,""21"":5,""200"":0,""69"":1,""237"":2,""113"":100,""303"":1,""383"":3,""1149"":20,""181"":12,""182"":9,""66"":14884,""24"":89,""206"":48740,""67"":4128,""68"":0,""13"":891,""17"":-11,""18"":-4,""19"":46,""15"":1000,""241"":26806,""199"":9584,""16"":137575,""12"":11131,""449"":0,""636"":1418794,""1148"":56,""11"":8935106000,""14"":1160700155,""387"":""2b3430313431352e303333332d303038343636362e373136372b3030302e3131302f""}"
2026-07-01T07:21:11Z,862272088542776,Codec8E,2026-06-28 23:23:35.000 UTC,1782689015000,0,40.1406516,-8.4670899,110,202,12,91,0,"{""239"":1,""240"":1,""21"":5,""200"":0,""69"":1,""237"":2,""113"":100,""303"":1,""383"":3,""1149"":20,""181"":11,""182"":8,""66"":14836,""24"":91,""206"":48740,""67"":4128,""68"":0,""13"":891,""17"":-45,""18"":-57,""19"":113,""15"":1000,""241"":26806,""199"":9685,""16"":137676,""12"":11131,""449"":0,""636"":1418794,""1148"":56,""11"":8935106000,""14"":1160700155,""387"":""2b3430313430362e353136372d303038343637302e393030302b3030302e3131302f""}"
2026-07-01T07:21:11Z,862272088542776,Codec8E,2026-06-28 23:23:39.000 UTC,1782689019000,0,40.1397933,-8.4675299,108,203,11,91,0,"{""239"":1,""240"":1,""21"":3,""200"":0,""69"":1,""237"":2,""113"":100,""303"":1,""383"":3,""1149"":1,""181"":11,""182"":8,""66"":14834,""24"":91,""206"":48740,""67"":4128,""68"":0,""13"":891,""17"":-64,""18"":-96,""19"":149,""15"":1000,""241"":26806,""199"":9787,""16"":137778,""12"":11131,""449"":0,""636"":1418794,""1148"":86,""11"":8935106000,""14"":1160700155,""387"":""2b3430313339372e393333332d303038343637352e333030302b3030302e3130382f""}"
2026-07-01T07:21:12Z,862272088542776,Codec8E,2026-06-28 23:23:43.000 UTC,1782689023000,0,40.1389483,-8.4679466,109,198,10,91,0,"{""239"":1,""240"":1,""21"":3,""200"":0,""69"":1,""237"":2,""113"":100,""303"":1,""383"":3,""1149"":1,""181"":16,""182"":9,""66"":14895,""24"":91,""206"":48740,""67"":4128,""68"":0,""13"":891,""17"":-13,""18"":25,""19"":110,""15"":1000,""241"":26806,""199"":9888,""16"":137879,""12"":11131,""449"":0,""636"":1418794,""1148"":86,""11"":8935106000,""14"":1160700155,""387"":""2b3430313338392e343833332d303038343637392e343636372b3030302e3130392f""}"
2026-07-01T07:21:12Z,862272088542776,Codec8E,2026-06-28 23:23:48.000 UTC,1782689028000,0,40.1378916,-8.4684150,114,200,11,89,0,"{""239"":1,""240"":1,""21"":3,""200"":0,""69"":1,""237"":2,""113"":100,""303"":1,""383"":3,""1149"":1,""181"":12,""182"":9,""66"":14859,""24"":89,""206"":48740,""67"":4128,""68"":0,""13"":891,""17"":6,""18"":-27,""19"":-30,""15"":1000,""241"":26806,""199"":10012,""16"":138003,""12"":11131,""449"":0,""636"":1418794,""1148"":86,""11"":8935106000,""14"":1160700155,""387"":""2b3430313337382e393136372d303038343638342e313530302b3030302e3131342f""}"
2026-07-01T07:21:12Z,862272088542776,Codec8E,2026-06-28 23:23:53.000 UTC,1782689033000,0,40.1368949,-8.4688933,116,201,12,86,0,"{""239"":1,""240"":1,""21"":3,""200"":0,""69"":1,""237"":2,""113"":100,""303"":1,""383"":3,""1149"":1,""181"":14,""182"":8,""66"":14946,""24"":86,""206"":48740,""67"":4128,""68"":0,""13"":891,""17"":-5,""18"":-19,""19"":-29,""15"":1000,""241"":26806,""199"":10130,""16"":138121,""12"":11131,""449"":0,""636"":1418794,""1148"":86,""11"":8935106000,""14"":1160700155,""387"":""2b3430313336382e393530302d303038343638382e393333332b3030302e3131362f""}"
2026-07-01T07:21:12Z,862272088542776,Codec8E,2026-06-28 23:23:58.000 UTC,1782689038000,0,40.1359366,-8.4695516,112,215,13,84,0,"{""239"":1,""240"":1,""21"":3,""200"":0,""69"":1,""237"":2,""113"":100,""303"":1,""383"":3,""1149"":1,""181"":10,""182"":7,""66"":14852,""24"":84,""206"":48740,""67"":4128,""68"":0,""13"":891,""17"":-5,""18"":171,""19"":60,""15"":1000,""241"":26806,""199"":10250,""16"":138241,""12"":11131,""449"":0,""636"":1418794,""1148"":86,""11"":8935106000,""14"":1160700155,""387"":""2b3430313335392e333636372d303038343639352e353136372b3030302e3131322f""}"
2026-07-01T07:21:12Z,862272088542776,Codec8E,2026-06-28 23:24:00.000 UTC,1782689040000,0,40.1356366,-8.4699099,112,227,13,84,0,"{""239"":1,""240"":1,""21"":3,""200"":0,""69"":1,""237"":2,""113"":100,""303"":1,""383"":3,""1149"":1,""181"":10,""182"":7,""66"":14885,""24"":84,""206"":48740,""67"":4128,""68"":0,""13"":891,""17"":4,""18"":43,""19"":92,""15"":1000,""241"":26806,""199"":10296,""16"":138287,""12"":11131,""449"":0,""636"":1418794,""1148"":86,""11"":8935106000,""14"":1160700155,""387"":""2b3430313335362e333636372d303038343639392e313030302b3030302e3131322f""}"
2026-07-01T07:21:12Z,862272088542776,Codec8E,2026-06-28 23:24:02.000 UTC,1782689042000,0,40.1353833,-8.4703166,110,237,13,83,0,"{""239"":1,""240"":1,""21"":3,""200"":0,""69"":1,""237"":2,""113"":100,""303"":1,""383"":3,""1149"":1,""181"":10,""182"":7,""66"":14880,""24"":83,""206"":48740,""67"":4128,""68"":0,""13"":891,""17"":-50,""18"":-22,""19"":70,""15"":1000,""241"":26806,""199"":10340,""16"":138331,""12"":11131,""449"":0,""636"":1418794,""1148"":86,""11"":8935106000,""14"":1160700155,""387"":""2b3430313335332e383333332d303038343730332e313636372b3030302e3131302f""}"
2026-07-01T07:21:12Z,862272088542776,Codec8E,2026-06-28 23:24:07.000 UTC,1782689047000,0,40.1348533,-8.4714683,115,239,13,82,0,"{""239"":1,""240"":1,""21"":3,""200"":0,""69"":1,""237"":2,""113"":100,""303"":1,""383"":3,""1149"":1,""181"":14,""182"":7,""66"":14885,""24"":82,""206"":48740,""67"":4128,""68"":0,""13"":891,""17"":-9,""18"":-64,""19"":-24,""15"":1000,""241"":26806,""199"":10455,""16"":138446,""12"":11131,""449"":0,""636"":1418794,""1148"":86,""11"":8935106000,""14"":1160700155,""387"":""2b3430313334382e353333332d303038343731342e363833332b3030302e3131352f""}"
2026-07-01T07:21:12Z,862272088542776,Codec8E,2026-06-28 23:24:12.000 UTC,1782689052000,0,40.1343433,-8.4726000,114,240,12,80,0,"{""239"":1,""240"":1,""21"":3,""200"":0,""69"":1,""237"":2,""113"":100,""303"":1,""383"":3,""1149"":1,""181"":12,""182"":8,""66"":14878,""24"":80,""206"":48740,""67"":4128,""68"":0,""13"":891,""17"":22,""18"":-88,""19"":23,""15"":1000,""241"":26806,""199"":10566,""16"":138557,""12"":11131,""449"":0,""636"":1418794,""1148"":85,""11"":8935106000,""14"":1160700155,""387"":""2b3430313334332e343333332d303038343732362e303030302b3030302e3131342f""}"
2026-07-01T07:21:12Z,862272088542776,Codec8E,2026-06-28 23:24:16.000 UTC,1782689056000,0,40.1338950,-8.4734300,106,227,12,78,0,"{""239"":1,""240"":1,""21"":3,""200"":0,""69"":1,""237"":2,""113"":100,""303"":1,""383"":3,""1149"":1,""181"":11,""182"":8,""66"":14871,""24"":78,""206"":48740,""67"":4128,""68"":0,""13"":891,""17"":56,""18"":2,""19"":-7,""15"":1000,""241"":26806,""199"":10653,""16"":138644,""12"":11131,""449"":0,""636"":1418794,""1148"":85,""11"":8935106000,""14"":1160700155,""387"":""2b3430313333382e393530302d303038343733342e333030302b3030302e3130362f""}"
2026-07-01T07:21:12Z,862272088542776,Codec8E,2026-06-28 23:24:21.000 UTC,1782689061000,0,40.1331666,-8.4742233,102,215,8,76,0,"{""239"":1,""240"":1,""21"":3,""200"":0,""69"":1,""237"":2,""113"":100,""303"":1,""383"":3,""1149"":1,""181"":16,""182"":12,""66"":14870,""24"":76,""206"":48740,""67"":4128,""68"":0,""13"":891,""17"":58,""18"":-22,""19"":43,""15"":1000,""241"":26806,""199"":10759,""16"":138750,""12"":11131,""449"":0,""636"":1418794,""1148"":85,""11"":8935106000,""14"":1160700155,""387"":""2b3430313333312e363636372d303038343734322e323333332b3030302e3130322f""}"
2026-07-01T07:21:13Z,862272088542776,Codec8E,2026-06-28 23:24:27.000 UTC,1782689067000,0,40.1323466,-8.4750816,97,225,8,68,0,"{""239"":1,""240"":1,""21"":3,""200"":0,""69"":1,""237"":2,""113"":100,""303"":1,""383"":3,""1149"":1,""181"":16,""182"":12,""66"":14867,""24"":68,""206"":48740,""67"":4128,""68"":0,""13"":891,""17"":46,""18"":46,""19"":48,""15"":1000,""241"":26806,""199"":10875,""16"":138866,""12"":11131,""449"":0,""636"":1418794,""1148"":85,""11"":8935106000,""14"":1160700155,""387"":""2b3430313332332e343636372d303038343735302e383136372b3030302e3039372f""}"
2026-07-01T07:21:13Z,862272088542776,Codec8E,2026-06-28 23:24:30.000 UTC,1782689070000,0,40.1320433,-8.4755466,95,235,8,64,0,"{""239"":1,""240"":1,""21"":3,""200"":0,""69"":1,""237"":2,""113"":100,""303"":1,""383"":3,""1149"":1,""181"":16,""182"":12,""66"":14789,""24"":64,""206"":48740,""67"":4128,""68"":0,""13"":891,""17"":18,""18"":-14,""19"":66,""15"":1000,""241"":26806,""199"":10927,""16"":138918,""12"":11131,""449"":0,""636"":1418794,""1148"":85,""11"":8935106000,""14"":1160700155,""387"":""2b3430313332302e343333332d303038343735352e343636372b3030302e3039352f""}"
2026-07-01T07:21:13Z,862272088542776,Codec8E,2026-06-28 23:24:37.000 UTC,1782689077000,0,40.1316000,-8.4767950,90,244,13,63,0,"{""239"":1,""240"":1,""21"":3,""200"":0,""69"":1,""237"":2,""113"":100,""303"":1,""383"":3,""1149"":1,""181"":10,""182"":7,""66"":14873,""24"":63,""206"":48740,""67"":4128,""68"":0,""13"":891,""17"":15,""18"":15,""19"":71,""15"":1000,""241"":26806,""199"":11045,""16"":139036,""12"":11131,""449"":0,""636"":1418794,""1148"":85,""11"":8935106000,""14"":1160700155,""387"":""2b3430313331362e303030302d303038343736372e393530302b3030302e3039302f""}"
2026-07-01T07:21:13Z,862272088542776,Codec8E,2026-06-28 23:24:43.000 UTC,1782689083000,0,40.1311533,-8.4779750,84,244,13,65,0,"{""239"":1,""240"":1,""21"":3,""200"":0,""69"":1,""237"":2,""113"":100,""303"":1,""383"":3,""1149"":1,""181"":14,""182"":7,""66"":14857,""24"":65,""206"":48740,""67"":4128,""68"":0,""13"":891,""17"":-16,""18"":-4,""19"":7,""15"":1000,""241"":26806,""199"":11156,""16"":139147,""12"":11131,""449"":0,""636"":1418794,""1148"":85,""11"":8935106000,""14"":1160700155,""387"":""2b3430313331312e353333332d303038343737392e373530302b3030302e3038342f""}"
2026-07-01T07:21:13Z,862272088542776,Codec8E,2026-06-28 23:24:49.000 UTC,1782689089000,0,40.1306649,-8.4791700,74,240,12,71,0,"{""239"":1,""240"":1,""21"":4,""200"":0,""69"":1,""237"":2,""113"":100,""303"":1,""383"":3,""1149"":1,""181"":11,""182"":8,""66"":14830,""24"":71,""206"":48740,""67"":4128,""68"":0,""13"":891,""17"":-43,""18"":-59,""19"":35,""15"":1000,""241"":26806,""199"":11272,""16"":139263,""12"":11131,""449"":0,""636"":1555753,""1148"":85,""11"":8935106000,""14"":1160700155,""387"":""2b3430313330362e363530302d303038343739312e373030302b3030302e3037342f""}"
2026-07-01T07:21:13Z,862272088542776,Codec8E,2026-06-28 23:24:54.000 UTC,1782689094000,0,40.1302016,-8.4802749,70,238,13,75,0,"{""239"":1,""240"":1,""21"":4,""200"":0,""69"":1,""237"":2,""113"":100,""303"":1,""383"":3,""1149"":1,""181"":10,""182"":7,""66"":14912,""24"":75,""206"":48740,""67"":4128,""68"":0,""13"":891,""17"":-71,""18"":-50,""19"":21,""15"":1000,""241"":26806,""199"":11379,""16"":139370,""12"":11131,""449"":0,""636"":1555753,""1148"":85,""11"":8935106000,""14"":1160700155,""387"":""2b3430313330322e303136372d303038343830322e373530302b3030302e3037302f""}"
2026-07-01T07:21:13Z,862272088542776,Codec8E,2026-06-28 23:24:59.000 UTC,1782689099000,0,40.1296333,-8.4813666,69,239,12,80,0,"{""239"":1,""240"":1,""21"":4,""200"":0,""69"":1,""237"":2,""113"":100,""303"":1,""383"":3,""1149"":1,""181"":11,""182"":7,""66"":14878,""24"":80,""206"":48740,""67"":4128,""68"":0,""13"":891,""17"":-85,""18"":-39,""19"":30,""15"":1000,""241"":26806,""199"":11491,""16"":139482,""12"":11131,""449"":0,""636"":1986346,""1148"":85,""11"":8935106000,""14"":1160700155,""387"":""2b3430313239362e333333332d303038343831332e363636372b3030302e3036392f""}"
2026-07-01T07:21:13Z,862272088542776,Codec8E,2026-06-28 23:25:04.000 UTC,1782689104000,0,40.1290816,-8.4825566,70,239,11,83,0,"{""239"":1,""240"":1,""21"":4,""200"":0,""69"":1,""237"":2,""113"":100,""303"":1,""383"":3,""1149"":1,""181"":11,""182"":7,""66"":14864,""24"":83,""206"":48740,""67"":4128,""68"":0,""13"":891,""17"":-62,""18"":-55,""19"":58,""15"":1000,""241"":26806,""199"":11610,""16"":139601,""12"":11131,""449"":0,""636"":1986346,""1148"":85,""11"":8935106000,""14"":1160700155,""387"":""2b3430313239302e383136372d303038343832352e353636372b3030302e3037302f""}"
2026-07-01T07:21:13Z,862272088542776,Codec8E,2026-06-28 23:25:09.000 UTC,1782689109000,0,40.1285600,-8.4837383,69,237,12,83,0,"{""239"":1,""240"":1,""21"":4,""200"":0,""69"":1,""237"":2,""113"":100,""303"":1,""383"":3,""1149"":1,""181"":10,""182"":7,""66"":14920,""24"":83,""206"":48740,""67"":4128,""68"":0,""13"":891,""17"":-26,""18"":-18,""19"":53,""15"":1000,""241"":26806,""199"":11726,""16"":139717,""12"":11131,""449"":0,""636"":1555755,""1148"":78,""11"":8935106000,""14"":1160700155,""387"":""2b3430313238352e363030302d303038343833372e333833332b3030302e3036392f""}"
2026-07-01T07:21:13Z,862272088542776,Codec8E,2026-06-28 23:25:14.000 UTC,1782689114000,0,40.1279833,-8.4849450,75,238,10,84,0,"{""239"":1,""240"":1,""21"":4,""200"":0,""69"":1,""237"":2,""113"":100,""303"":1,""383"":3,""1149"":1,""181"":12,""182"":9,""66"":14864,""24"":84,""206"":48740,""67"":4128,""68"":0,""13"":891,""17"":-44,""18"":-22,""19"":57,""15"":1000,""241"":26806,""199"":11847,""16"":139838,""12"":11131,""449"":0,""636"":1986346,""1148"":78,""11"":8935106000,""14"":1160700155,""387"":""2b3430313237392e383333332d303038343834392e343530302b3030302e3037352f""}"
2026-07-01T07:21:15Z,862272088542776,Codec8E,2026-06-28 23:25:19.000 UTC,1782689119000,0,40.1274216,-8.4861066,80,238,10,84,0,"{""239"":1,""240"":1,""21"":4,""200"":0,""69"":1,""237"":2,""113"":100,""303"":1,""383"":3,""1149"":1,""181"":12,""182"":9,""66"":14889,""24"":84,""206"":48740,""67"":4128,""68"":0,""13"":891,""17"":-40,""18"":-37,""19"":87,""15"":1000,""241"":26806,""199"":11964,""16"":139955,""12"":11131,""449"":0,""636"":1986346,""1148"":78,""11"":8935106000,""14"":1160700155,""387"":""2b3430313237342e323136372d303038343836312e303636372b3030302e3038302f""}"
2026-07-01T07:21:15Z,862272088542776,Codec8E,2026-06-28 23:25:24.000 UTC,1782689124000,0,40.1268216,-8.4873216,77,237,10,88,0,"{""239"":1,""240"":1,""21"":4,""200"":0,""69"":1,""237"":2,""113"":100,""303"":1,""383"":3,""1149"":1,""181"":12,""182"":9,""66"":14876,""24"":88,""206"":48740,""67"":4128,""68"":0,""13"":891,""17"":-15,""18"":-62,""19"":12,""15"":1000,""241"":26806,""199"":12086,""16"":140077,""12"":11131,""449"":0,""636"":1986346,""1148"":78,""11"":8935106000,""14"":1160700155,""387"":""2b3430313236382e323136372d303038343837332e323136372b3030302e3037372f""}"
2026-07-01T07:21:15Z,862272088542776,Codec8E,2026-06-28 23:25:28.000 UTC,1782689128000,0,40.1262833,-8.4883366,70,236,9,92,0,"{""239"":1,""240"":1,""21"":4,""200"":0,""69"":1,""237"":2,""113"":100,""303"":1,""383"":3,""1149"":1,""181"":25,""182"":12,""66"":14896,""24"":92,""206"":48740,""67"":4128,""68"":0,""13"":891,""17"":66,""18"":2,""19"":58,""15"":1000,""241"":26806,""199"":12191,""16"":140182,""12"":11131,""449"":0,""636"":1418764,""1148"":78,""11"":8935106000,""14"":1160700155,""387"":""2b3430313236322e383333332d303038343838332e333636372b3030302e3037302f""}"
2026-07-01T07:21:15Z,862272088542776,Codec8E,2026-06-28 23:25:32.000 UTC,1782689132000,0,40.1257683,-8.4893516,64,236,12,92,0,"{""239"":1,""240"":1,""21"":4,""200"":0,""69"":1,""237"":2,""113"":100,""303"":1,""383"":3,""1149"":1,""181"":11,""182"":8,""66"":14867,""24"":92,""206"":48740,""67"":4128,""68"":0,""13"":891,""17"":133,""18"":-105,""19"":51,""15"":1000,""241"":26806,""199"":12295,""16"":140286,""12"":11131,""449"":0,""636"":1555725,""1148"":78,""11"":8935106000,""14"":1160700155,""387"":""2b3430313235372e363833332d303038343839332e353136372b3030302e3036342f""}"
2026-07-01T07:21:15Z,862272088542776,Codec8E,2026-06-28 23:25:37.000 UTC,1782689137000,0,40.1251683,-8.4905233,57,236,12,88,0,"{""239"":1,""240"":1,""21"":4,""200"":0,""69"":1,""237"":2,""113"":100,""303"":1,""383"":3,""1149"":1,""181"":11,""182"":8,""66"":14932,""24"":88,""206"":48740,""67"":4128,""68"":0,""13"":891,""17"":-4,""18"":-5,""19"":84,""15"":1000,""241"":26806,""199"":12415,""16"":140406,""12"":11131,""449"":0,""636"":1555725,""1148"":78,""11"":8935106000,""14"":1160700155,""387"":""2b3430313235312e363833332d303038343930352e323333332b3030302e3035372f""}"
2026-07-01T07:21:15Z,862272088542776,Codec8E,2026-06-28 23:25:42.000 UTC,1782689142000,0,40.1245900,-8.4916983,49,236,10,86,0,"{""239"":1,""240"":1,""21"":4,""200"":0,""69"":1,""237"":2,""113"":100,""303"":1,""383"":3,""1149"":1,""181"":13,""182"":10,""66"":14891,""24"":86,""206"":48740,""67"":4128,""68"":0,""13"":891,""17"":-19,""18"":-37,""19"":144,""15"":1000,""241"":26806,""199"":12533,""16"":140524,""12"":11131,""449"":0,""636"":1555725,""1148"":83,""11"":8935106000,""14"":1160700155,""387"":""2b3430313234352e393030302d303038343931362e393833332b3030302e3034392f""}"
2026-07-01T07:21:15Z,862272088542776,Codec8E,2026-06-28 23:25:47.000 UTC,1782689147000,0,40.1240133,-8.4928749,43,237,8,85,0,"{""239"":1,""240"":1,""21"":4,""200"":0,""69"":1,""237"":2,""113"":100,""303"":1,""383"":3,""1149"":1,""181"":15,""182"":12,""66"":14883,""24"":85,""206"":48740,""67"":4128,""68"":0,""13"":891,""17"":2,""18"":-6,""19"":112,""15"":1000,""241"":26806,""199"":12652,""16"":140643,""12"":11131,""449"":0,""636"":1555755,""1148"":83,""11"":8935106000,""14"":1160700155,""387"":""2b3430313234302e313333332d303038343932382e373530302b3030302e3034332f""}"
2026-07-01T07:21:15Z,862272088542776,Codec8E,2026-06-28 23:25:52.000 UTC,1782689152000,0,40.1234633,-8.4940500,38,238,7,84,0,"{""239"":1,""240"":1,""21"":4,""200"":0,""69"":1,""237"":2,""113"":100,""303"":1,""383"":3,""1149"":1,""181"":15,""182"":12,""66"":14880,""24"":84,""206"":48740,""67"":4128,""68"":0,""13"":891,""17"":-75,""18"":-23,""19"":87,""15"":1000,""241"":26806,""199"":12769,""16"":140760,""12"":11131,""449"":0,""636"":1555755,""1148"":83,""11"":8935106000,""14"":1160700155,""387"":""2b3430313233342e363333332d303038343934302e353030302b3030302e3033382f""}"
2026-07-01T07:21:15Z,862272088542776,Codec8E,2026-06-28 23:25:57.000 UTC,1782689157000,0,40.1229400,-8.4951583,37,241,8,80,0,"{""239"":1,""240"":1,""21"":4,""200"":0,""69"":1,""237"":2,""113"":100,""303"":1,""383"":3,""1149"":1,""181"":17,""182"":14,""66"":14924,""24"":80,""206"":48740,""67"":4128,""68"":0,""13"":891,""17"":-46,""18"":-67,""19"":46,""15"":1000,""241"":26806,""199"":12880,""16"":140871,""12"":11131,""449"":0,""636"":1555755,""1148"":83,""11"":8935106000,""14"":1160700155,""387"":""2b3430313232392e343030302d303038343935312e353833332b3030302e3033372f""}"
2026-07-01T07:21:15Z,862272088542776,Codec8E,2026-06-28 23:26:02.000 UTC,1782689162000,0,40.1224733,-8.4962400,40,237,8,78,0,"{""239"":1,""240"":1,""21"":4,""200"":0,""69"":1,""237"":2,""113"":100,""303"":1,""383"":3,""1149"":1,""181"":17,""182"":14,""66"":14815,""24"":78,""206"":48740,""67"":4128,""68"":0,""13"":891,""17"":-72,""18"":-74,""19"":65,""15"":1000,""241"":26806,""199"":12986,""16"":140977,""12"":11131,""449"":0,""636"":1986346,""1148"":83,""11"":8935106000,""14"":1160700155,""387"":""2b3430313232342e373333332d303038343936322e343030302b3030302e3034302f""}"
2026-07-01T07:21:16Z,862272088542776,Codec8E,2026-06-28 23:26:07.000 UTC,1782689167000,0,40.1218549,-8.4972133,39,231,9,76,0,"{""239"":1,""240"":1,""21"":0,""200"":0,""69"":1,""237"":99,""113"":100,""303"":1,""383"":3,""1149"":0,""181"":15,""182"":12,""66"":14906,""24"":76,""206"":0,""67"":4128,""68"":0,""13"":891,""17"":14,""18"":-51,""19"":87,""15"":1000,""241"":0,""199"":13093,""16"":141084,""12"":11131,""449"":0,""636"":0,""1148"":0,""11"":8935106000,""14"":1160700155,""387"":""2b3430313231382e353530302d303038343937322e313333332b3030302e3033392f""}"
2026-07-01T07:21:16Z,862272088542776,Codec8E,2026-06-28 23:26:45.000 UTC,1782689205000,0,40.1179866,-8.5015849,78,218,10,16,0,"{""239"":1,""240"":1,""21"":4,""200"":0,""69"":1,""237"":2,""113"":100,""303"":1,""383"":3,""1149"":1,""181"":19,""182"":11,""66"":14949,""24"":16,""206"":48740,""67"":4133,""68"":0,""13"":891,""17"":-27,""18"":-73,""19"":47,""15"":0,""241"":26806,""199"":13135,""16"":141126,""12"":11131,""449"":0,""636"":339497,""1148"":78,""11"":8935106000,""14"":1160700155,""387"":""2b3430313137392e383636372d303038353031352e383530302b3030302e3037382f""}"
2026-07-01T07:21:16Z,862272088542776,Codec8E,2026-06-28 23:26:48.000 UTC,1782689208000,0,40.1175750,-8.5018666,79,211,10,28,0,"{""239"":1,""240"":1,""21"":4,""200"":0,""69"":1,""237"":2,""113"":100,""303"":1,""383"":3,""1149"":1,""181"":19,""182"":11,""66"":14828,""24"":28,""206"":48740,""67"":4130,""68"":0,""13"":891,""17"":-33,""18"":-38,""19"":37,""15"":0,""241"":26806,""199"":13186,""16"":141177,""12"":11131,""449"":0,""636"":339497,""1148"":78,""11"":8935106000,""14"":1160700155,""387"":""2b3430313137352e373530302d303038353031382e363636372b3030302e3037392f""}"
2026-07-01T07:21:16Z,862272088542776,Codec8E,2026-06-28 23:26:51.000 UTC,1782689211000,0,40.1171749,-8.5021200,79,204,9,42,0,"{""239"":1,""240"":1,""21"":4,""200"":0,""69"":1,""237"":2,""113"":100,""303"":1,""383"":3,""1149"":1,""181"":19,""182"":11,""66"":14929,""24"":42,""206"":48740,""67"":4132,""68"":0,""13"":891,""17"":-31,""18"":-41,""19"":64,""15"":0,""241"":26806,""199"":13236,""16"":141227,""12"":11131,""449"":0,""636"":339497,""1148"":82,""11"":8935106000,""14"":1160700155,""387"":""2b3430313137312e373530302d303038353032312e323030302b3030302e3037392f""}"
2026-07-01T07:21:16Z,862272088542776,Codec8E,2026-06-28 23:26:55.000 UTC,1782689215000,0,40.1166383,-8.5024083,78,200,9,52,0,"{""239"":1,""240"":1,""21"":4,""200"":0,""69"":1,""237"":2,""113"":100,""303"":1,""383"":3,""1149"":1,""181"":14,""182"":11,""66"":14903,""24"":52,""206"":48740,""67"":4131,""68"":0,""13"":891,""17"":-60,""18"":-69,""19"":54,""15"":0,""241"":26806,""199"":13300,""16"":141291,""12"":11131,""449"":0,""636"":339497,""1148"":82,""11"":8935106000,""14"":1160700155,""387"":""2b3430313136362e333833332d303038353032342e303833332b3030302e3037382f""}"
2026-07-01T07:21:16Z,862272088542776,Codec8E,2026-06-28 23:27:02.000 UTC,1782689222000,0,40.1156416,-8.5028166,77,194,9,58,0,"{""239"":1,""240"":1,""21"":4,""200"":0,""69"":1,""237"":2,""113"":100,""303"":1,""383"":3,""1149"":1,""181"":14,""182"":11,""66"":14923,""24"":58,""206"":48740,""67"":4129,""68"":0,""13"":891,""17"":-55,""18"":2,""19"":15,""15"":0,""241"":26806,""199"":13416,""16"":141407,""12"":11131,""449"":0,""636"":339497,""1148"":82,""11"":8935106000,""14"":1160700155,""387"":""2b3430313135362e343136372d303038353032382e313636372b3030302e3037372f""}"
2026-07-01T07:21:16Z,862272088542776,Codec8E,2026-06-28 23:27:08.000 UTC,1782689228000,0,40.1147600,-8.5031333,76,193,9,59,0,"{""239"":1,""240"":1,""21"":4,""200"":0,""69"":1,""237"":2,""113"":100,""303"":1,""383"":3,""1149"":1,""181"":13,""182"":10,""66"":14852,""24"":59,""206"":48740,""67"":4129,""68"":0,""13"":891,""17"":-42,""18"":-75,""19"":66,""15"":0,""241"":26806,""199"":13518,""16"":141509,""12"":11131,""449"":0,""636"":339497,""1148"":82,""11"":8935106000,""14"":1160700155,""387"":""2b3430313134372e363030302d303038353033312e333333332b3030302e3037362f""}"
2026-07-01T07:21:16Z,862272088542776,Codec8E,2026-06-28 23:27:14.000 UTC,1782689234000,0,40.1138483,-8.5033250,75,189,9,60,0,"{""239"":1,""240"":1,""21"":4,""200"":0,""69"":1,""237"":2,""113"":100,""303"":1,""383"":3,""1149"":1,""181"":12,""182"":9,""66"":14860,""24"":60,""206"":48740,""67"":4128,""68"":0,""13"":891,""17"":0,""18"":-88,""19"":82,""15"":0,""241"":26806,""199"":13621,""16"":141612,""12"":11131,""449"":0,""636"":339497,""1148"":82,""11"":8935106000,""14"":1160700155,""387"":""2b3430313133382e343833332d303038353033332e323530302b3030302e3037352f""}"
2026-07-01T07:21:16Z,862272088542776,Codec8E,2026-06-28 23:27:20.000 UTC,1782689240000,0,40.1129033,-8.5034833,74,184,13,61,0,"{""239"":1,""240"":1,""21"":4,""200"":0,""69"":1,""237"":2,""113"":100,""303"":1,""383"":3,""1149"":8,""181"":10,""182"":7,""66"":14835,""24"":61,""206"":48740,""67"":4128,""68"":0,""13"":891,""17"":-61,""18"":-70,""19"":47,""15"":0,""241"":26806,""199"":13726,""16"":141717,""12"":11131,""449"":0,""636"":2017333,""1148"":80,""11"":8935106000,""14"":1160700155,""387"":""2b3430313132392e303333332d303038353033342e383333332b3030302e3037342f""}"
2026-07-01T07:21:16Z,862272088542776,Codec8E,2026-06-28 23:27:26.000 UTC,1782689246000,0,40.1119450,-8.5034866,74,177,11,64,0,"{""239"":1,""240"":1,""21"":4,""200"":0,""69"":1,""237"":2,""113"":100,""303"":1,""383"":3,""1149"":8,""181"":11,""182"":8,""66"":14925,""24"":64,""206"":48740,""67"":4128,""68"":0,""13"":891,""17"":-25,""18"":-82,""19"":58,""15"":0,""241"":26806,""199"":13833,""16"":141824,""12"":11131,""449"":0,""636"":1515572,""1148"":80,""11"":8935106000,""14"":1160700155,""387"":""2b3430313131392e343530302d303038353033342e383636372b3030302e3037342f""}"
2026-07-01T07:21:18Z,862272088542776,Codec8E,2026-06-28 23:27:32.000 UTC,1782689252000,0,40.1109616,-8.5033733,74,173,10,65,0,"{""239"":1,""240"":1,""21"":4,""200"":0,""69"":1,""237"":2,""113"":100,""303"":1,""383"":3,""1149"":8,""181"":13,""182"":10,""66"":14867,""24"":65,""206"":48740,""67"":4128,""68"":0,""13"":891,""17"":-43,""18"":-58,""19"":85,""15"":0,""241"":26806,""199"":13943,""16"":141934,""12"":11131,""449"":0,""636"":339509,""1148"":80,""11"":8935106000,""14"":1160700155,""387"":""2b3430313130392e363136372d303038353033332e373333332b3030302e3037342f""}"
2026-07-01T07:21:18Z,862272088542776,Codec8E,2026-06-28 23:27:38.000 UTC,1782689258000,0,40.1099983,-8.5032816,73,174,9,62,0,"{""239"":1,""240"":1,""21"":4,""200"":0,""69"":1,""237"":2,""113"":100,""303"":1,""383"":3,""1149"":8,""181"":13,""182"":10,""66"":14871,""24"":62,""206"":48740,""67"":4128,""68"":0,""13"":891,""17"":137,""18"":-75,""19"":139,""15"":1000,""241"":26806,""199"":14050,""16"":142041,""12"":11131,""449"":0,""636"":339509,""1148"":80,""11"":8935106000,""14"":1160700155,""387"":""2b3430313039392e393833332d303038353033322e383136372b3030302e3037332f""}"
2026-07-01T07:21:18Z,862272088542776,Codec8E,2026-06-28 23:27:43.000 UTC,1782689263000,0,40.1093466,-8.5031950,74,176,13,52,0,"{""239"":1,""240"":1,""21"":4,""200"":0,""69"":1,""237"":2,""113"":100,""303"":1,""383"":3,""1149"":8,""181"":11,""182"":8,""66"":14904,""24"":52,""206"":48740,""67"":4128,""68"":0,""13"":891,""17"":-42,""18"":283,""19"":7,""15"":1000,""241"":26806,""199"":14123,""16"":142114,""12"":11131,""449"":0,""636"":339499,""1148"":80,""11"":8935106000,""14"":1160700155,""387"":""2b3430313039332e343636372d303038353033312e393530302b3030302e3037342f""}"
2026-07-01T07:21:18Z,862272088542776,Codec8E,2026-06-28 23:27:44.000 UTC,1782689264000,0,40.1092566,-8.5032683,74,189,13,49,0,"{""239"":1,""240"":1,""21"":4,""200"":0,""69"":1,""237"":2,""113"":100,""303"":1,""383"":3,""1149"":8,""181"":11,""182"":8,""66"":14933,""24"":49,""206"":48740,""67"":4128,""68"":0,""13"":891,""17"":-92,""18"":262,""19"":78,""15"":1000,""241"":26806,""199"":14135,""16"":142126,""12"":11131,""449"":0,""636"":339499,""1148"":80,""11"":8935106000,""14"":1160700155,""387"":""2b3430313039322e353636372d303038353033322e363833332b3030302e3037342f""}"
2026-07-01T07:21:18Z,862272088542776,Codec8E,2026-06-28 23:27:45.000 UTC,1782689265000,0,40.1091866,-8.5033616,75,206,13,46,0,"{""239"":1,""240"":1,""21"":4,""200"":0,""69"":1,""237"":2,""113"":100,""303"":1,""383"":3,""1149"":8,""181"":11,""182"":8,""66"":14819,""24"":46,""206"":48740,""67"":4128,""68"":0,""13"":891,""17"":-77,""18"":11,""19"":207,""15"":1000,""241"":26806,""199"":14146,""16"":142137,""12"":11131,""449"":0,""636"":339499,""1148"":80,""11"":8935106000,""14"":1160700155,""387"":""2b3430313039312e383636372d303038353033332e363136372b3030302e3037352f""}"
2026-07-01T07:21:19Z,862272088542776,Codec8E,2026-06-28 23:27:46.000 UTC,1782689266000,0,40.1091300,-8.5034633,75,220,13,42,0,"{""239"":1,""240"":1,""21"":4,""200"":0,""69"":1,""237"":2,""113"":100,""303"":1,""383"":3,""1149"":8,""181"":11,""182"":8,""66"":14949,""24"":42,""206"":48740,""67"":4128,""68"":0,""13"":891,""17"":-142,""18"":42,""19"":218,""15"":1000,""241"":26806,""199"":14156,""16"":142147,""12"":11131,""449"":0,""636"":339499,""1148"":80,""11"":8935106000,""14"":1160700155,""387"":""2b3430313039312e333030302d303038353033342e363333332b3030302e3037352f""}"
2026-07-01T07:21:19Z,862272088542776,Codec8E,2026-06-28 23:27:47.000 UTC,1782689267000,0,40.1090849,-8.5035983,74,234,13,41,0,"{""239"":1,""240"":1,""21"":4,""200"":0,""69"":1,""237"":2,""113"":100,""303"":1,""383"":3,""1149"":8,""181"":11,""182"":8,""66"":14844,""24"":41,""206"":48740,""67"":4128,""68"":0,""13"":891,""17"":-144,""18"":-3,""19"":-95,""15"":1000,""241"":26806,""199"":14169,""16"":142160,""12"":11131,""449"":0,""636"":339499,""1148"":80,""11"":8935106000,""14"":1160700155,""387"":""2b3430313039302e383530302d303038353033352e393833332b3030302e3037342f""}"
2026-07-01T07:21:19Z,862272088542776,Codec8E,2026-06-28 23:27:48.000 UTC,1782689268000,0,40.1090866,-8.5038333,74,253,13,42,0,"{""239"":1,""240"":1,""21"":4,""200"":0,""69"":1,""237"":2,""113"":100,""303"":1,""383"":3,""1149"":8,""181"":11,""182"":8,""66"":14884,""24"":42,""206"":48740,""67"":4128,""68"":0,""13"":891,""17"":-60,""18"":-38,""19"":42,""15"":1000,""241"":26806,""199"":14189,""16"":142180,""12"":11131,""449"":0,""636"":339499,""1148"":80,""11"":8935106000,""14"":1160700155,""387"":""2b3430313039302e383636372d303038353033382e333333332b3030302e3037342f""}"
2026-07-01T07:21:19Z,862272088542776,Codec8E,2026-06-28 23:27:53.000 UTC,1782689273000,0,40.1090016,-8.5045516,75,266,13,42,0,"{""239"":1,""240"":1,""21"":4,""200"":0,""69"":1,""237"":2,""113"":100,""303"":1,""383"":3,""1149"":1,""181"":11,""182"":8,""66"":14917,""24"":42,""206"":48740,""67"":4128,""68"":0,""13"":891,""17"":14,""18"":351,""19"":110,""15"":1000,""241"":26806,""199"":14251,""16"":142242,""12"":11131,""449"":0,""636"":339499,""1148"":81,""11"":8935106000,""14"":1160700155,""387"":""2b3430313039302e303136372d303038353034352e353136372b3030302e3037352f""}"
2026-07-01T07:21:19Z,862272088542776,Codec8E,2026-06-28 23:27:54.000 UTC,1782689274000,0,40.1090200,-8.5046749,76,276,13,41,0,"{""239"":1,""240"":1,""21"":4,""200"":0,""69"":1,""237"":2,""113"":100,""303"":1,""383"":3,""1149"":1,""181"":16,""182"":9,""66"":14833,""24"":41,""206"":48740,""67"":4128,""68"":0,""13"":891,""17"":16,""18"":300,""19"":100,""15"":1000,""241"":26806,""199"":14262,""16"":142253,""12"":11131,""449"":0,""636"":339499,""1148"":81,""11"":8935106000,""14"":1160700155,""387"":""2b3430313039302e323030302d303038353034362e373530302b3030302e3037362f""}"
2026-07-01T07:21:19Z,862272088542776,Codec8E,2026-06-28 23:27:56.000 UTC,1782689276000,0,40.1090983,-8.5048800,76,289,12,39,0,"{""239"":1,""240"":1,""21"":4,""200"":0,""69"":1,""237"":2,""113"":100,""303"":1,""383"":3,""1149"":1,""181"":11,""182"":8,""66"":14893,""24"":39,""206"":48740,""67"":4128,""68"":0,""13"":891,""17"":24,""18"":142,""19"":38,""15"":1000,""241"":26806,""199"":14281,""16"":142272,""12"":11131,""449"":0,""636"":339499,""1148"":81,""11"":8935106000,""14"":1160700155,""387"":""2b3430313039302e393833332d303038353034382e383030302b3030302e3037362f""}"
2026-07-01T07:21:19Z,862272088542776,Codec8E,2026-06-28 23:27:58.000 UTC,1782689278000,0,40.1092366,-8.5049766,78,316,13,35,0,"{""239"":1,""240"":1,""21"":4,""200"":0,""69"":1,""237"":2,""113"":100,""303"":1,""383"":3,""1149"":1,""181"":11,""182"":8,""66"":14944,""24"":35,""206"":48740,""67"":4128,""68"":0,""13"":891,""17"":52,""18"":-285,""19"":101,""15"":1000,""241"":26806,""199"":14300,""16"":142291,""12"":11131,""449"":0,""636"":339499,""1148"":81,""11"":8935106000,""14"":1160700155,""387"":""2b3430313039322e333636372d303038353034392e373636372b3030302e3037382f""}"
2026-07-01T07:21:19Z,862272088542776,Codec8E,2026-06-28 23:27:59.000 UTC,1782689279000,0,40.1093433,-8.5050100,78,329,13,35,0,"{""239"":1,""240"":1,""21"":4,""200"":0,""69"":1,""237"":2,""113"":100,""303"":1,""383"":3,""1149"":1,""181"":10,""182"":7,""66"":14838,""24"":35,""206"":48740,""67"":4128,""68"":0,""13"":891,""17"":48,""18"":-442,""19"":61,""15"":1000,""241"":26806,""199"":14312,""16"":142303,""12"":11131,""449"":0,""636"":339499,""1148"":81,""11"":8935106000,""14"":1160700155,""387"":""2b3430313039332e343333332d303038353035302e313030302b3030302e3037382f""}"
2026-07-01T07:21:19Z,862272088542776,Codec8E,2026-06-28 23:28:02.000 UTC,1782689282000,0,40.1096050,-8.5052300,79,315,12,37,0,"{""239"":1,""240"":1,""21"":4,""200"":0,""69"":1,""237"":2,""113"":100,""303"":1,""383"":3,""1149"":1,""181"":14,""182"":8,""66"":14899,""24"":37,""206"":48740,""67"":4128,""68"":0,""13"":891,""17"":-119,""18"":-254,""19"":17,""15"":1000,""241"":26806,""199"":14347,""16"":142338,""12"":11131,""449"":0,""636"":339499,""1148"":81,""11"":8935106000,""14"":1160700155,""387"":""2b3430313039362e303530302d303038353035322e333030302b3030302e3037392f""}"
2026-07-01T07:21:19Z,862272088542776,Codec8E,2026-06-28 23:28:04.000 UTC,1782689284000,0,40.1097316,-8.5054766,79,305,13,40,0,"{""239"":1,""240"":1,""21"":4,""200"":0,""69"":1,""237"":2,""113"":100,""303"":1,""383"":3,""1149"":1,""181"":14,""182"":7,""66"":14840,""24"":40,""206"":48740,""67"":4128,""68"":0,""13"":891,""17"":-83,""18"":-24,""19"":60,""15"":1000,""241"":26806,""199"":14372,""16"":142363,""12"":11131,""449"":0,""636"":339499,""1148"":81,""11"":8935106000,""14"":1160700155,""387"":""2b3430313039372e333136372d303038353035342e373636372b3030302e3037392f""}"
2026-07-01T07:21:19Z,862272088542776,Codec8E,2026-06-28 23:28:07.000 UTC,1782689287000,0,40.1098283,-8.5059083,80,288,11,43,0,"{""239"":1,""240"":1,""21"":4,""200"":0,""69"":1,""237"":2,""113"":100,""303"":1,""383"":3,""1149"":1,""181"":16,""182"":9,""66"":14914,""24"":43,""206"":48740,""67"":4128,""68"":0,""13"":891,""17"":26,""18"":-49,""19"":-8,""15"":1000,""241"":26806,""199"":14411,""16"":142402,""12"":11131,""449"":0,""636"":339499,""1148"":81,""11"":8935106000,""14"":1160700155,""387"":""2b3430313039382e323833332d303038353035392e303833332b3030302e3038302f""}"
2026-07-01T07:21:19Z,862272088542776,Codec8E,2026-06-28 23:28:09.000 UTC,1782689289000,0,40.1098133,-8.5062216,80,274,11,44,0,"{""239"":1,""240"":1,""21"":4,""200"":0,""69"":1,""237"":2,""113"":100,""303"":1,""383"":3,""1149"":1,""181"":16,""182"":9,""66"":14877,""24"":44,""206"":48740,""67"":4128,""68"":0,""13"":891,""17"":9,""18"":-74,""19"":30,""15"":1000,""241"":26806,""199"":14438,""16"":142429,""12"":11131,""449"":0,""636"":339499,""1148"":81,""11"":8935106000,""14"":1160700155,""387"":""2b3430313039382e313333332d303038353036322e323136372b3030302e3038302f""}"
2026-07-01T07:21:19Z,862272088542776,Codec8E,2026-06-28 23:28:15.000 UTC,1782689295000,0,40.1097100,-8.5069283,79,225,11,33,0,"{""239"":1,""240"":1,""21"":4,""200"":0,""69"":1,""237"":2,""113"":100,""303"":1,""383"":3,""1149"":1,""181"":16,""182"":9,""66"":14892,""24"":33,""206"":48740,""67"":4128,""68"":0,""13"":891,""17"":-218,""18"":-208,""19"":128,""15"":1000,""241"":26806,""199"":14504,""16"":142495,""12"":11131,""449"":0,""636"":339499,""1148"":81,""11"":8935106000,""14"":1160700155,""387"":""2b3430313039372e313030302d303038353036392e323833332b3030302e3037392f""}"
2026-07-01T07:21:19Z,862272088542776,Codec8E,2026-06-28 23:28:17.000 UTC,1782689297000,0,40.1096183,-8.5070050,79,214,11,27,0,"{""239"":1,""240"":1,""21"":4,""200"":0,""69"":1,""237"":2,""113"":100,""303"":1,""383"":3,""1149"":1,""181"":12,""182"":9,""66"":14845,""24"":27,""206"":48740,""67"":4128,""68"":0,""13"":891,""17"":-202,""18"":-10,""19"":-4,""15"":1000,""241"":26806,""199"":14516,""16"":142507,""12"":11131,""449"":0,""636"":339499,""1148"":81,""11"":8935106000,""14"":1160700155,""387"":""2b3430313039362e313833332d303038353037302e303530302b3030302e3037392f""}"
2026-07-01T07:21:19Z,862272088542776,Codec8E,2026-06-28 23:28:18.000 UTC,1782689298000,0,40.1095383,-8.5070050,79,196,11,26,0,"{""239"":1,""240"":1,""21"":4,""200"":0,""69"":1,""237"":2,""113"":100,""303"":1,""383"":3,""1149"":1,""181"":16,""182"":9,""66"":14906,""24"":26,""206"":48740,""67"":4128,""68"":0,""13"":891,""17"":-192,""18"":1,""19"":50,""15"":1000,""241"":26806,""199"":14525,""16"":142516,""12"":11131,""449"":0,""636"":339499,""1148"":81,""11"":8935106000,""14"":1160700155,""387"":""2b3430313039352e333833332d303038353037302e303530302b3030302e3037392f""}"
2026-07-01T07:21:20Z,862272088542776,Codec8E,2026-06-28 23:28:20.000 UTC,1782689300000,0,40.1093400,-8.5069783,79,181,11,29,0,"{""239"":1,""240"":1,""21"":4,""200"":0,""69"":1,""237"":2,""113"":100,""303"":1,""383"":3,""1149"":1,""181"":12,""182"":9,""66"":14935,""24"":29,""206"":48740,""67"":4128,""68"":0,""13"":891,""17"":-11,""18"":-143,""19"":54,""15"":1000,""241"":26806,""199"":14547,""16"":142538,""12"":11131,""449"":0,""636"":339499,""1148"":74,""11"":8935106000,""14"":1160700155,""387"":""2b3430313039332e343030302d303038353036392e373833332b3030302e3037392f""}"
2026-07-01T07:21:20Z,862272088542776,Codec8E,2026-06-28 23:28:29.000 UTC,1782689309000,0,40.1085866,-8.5070683,83,192,10,28,0,"{""239"":1,""240"":1,""21"":4,""200"":0,""69"":1,""237"":2,""113"":100,""303"":1,""383"":3,""1149"":1,""181"":19,""182"":10,""66"":14875,""24"":28,""206"":48740,""67"":4128,""68"":0,""13"":891,""17"":-104,""18"":-58,""19"":22,""15"":1000,""241"":26806,""199"":14632,""16"":142623,""12"":11131,""449"":0,""636"":339499,""1148"":74,""11"":8935106000,""14"":1160700155,""387"":""2b3430313038352e383636372d303038353037302e363833332b3030302e3038332f""}"
2026-07-01T07:21:20Z,862272088542776,Codec8E,2026-06-28 23:28:31.000 UTC,1782689311000,0,40.1085733,-8.5072766,83,255,10,26,0,"{""239"":1,""240"":1,""21"":4,""200"":0,""69"":1,""237"":2,""113"":100,""303"":1,""383"":3,""1149"":1,""181"":17,""182"":10,""66"":14879,""24"":26,""206"":48740,""67"":4128,""68"":0,""13"":891,""17"":-54,""18"":-58,""19"":59,""15"":1000,""241"":26806,""199"":14652,""16"":142643,""12"":11131,""449"":0,""636"":339499,""1148"":74,""11"":8935106000,""14"":1160700155,""387"":""2b3430313038352e373333332d303038353037322e373636372b3030302e3038332f""}"
2026-07-01T07:21:20Z,862272088542776,Codec8E,2026-06-28 23:28:39.000 UTC,1782689319000,0,40.1084599,-8.5081833,81,265,10,32,0,"{""239"":1,""240"":1,""21"":4,""200"":0,""69"":1,""237"":2,""113"":100,""303"":1,""383"":3,""1149"":1,""181"":19,""182"":11,""66"":14847,""24"":32,""206"":48740,""67"":4128,""68"":0,""13"":891,""17"":130,""18"":-26,""19"":-1,""15"":1000,""241"":26806,""199"":14730,""16"":142721,""12"":11131,""449"":0,""636"":339499,""1148"":74,""11"":8935106000,""14"":1160700155,""387"":""2b3430313038342e363030302d303038353038312e383333332b3030302e3038312f""}"
2026-07-01T07:21:20Z,862272088542776,Codec8E,2026-06-28 23:28:43.000 UTC,1782689323000,0,40.1084150,-8.5084650,80,251,10,23,0,"{""239"":1,""240"":1,""21"":4,""200"":0,""69"":1,""237"":2,""113"":100,""303"":1,""383"":3,""1149"":1,""181"":19,""182"":11,""66"":14865,""24"":23,""206"":48740,""67"":4128,""68"":0,""13"":891,""17"":100,""18"":-192,""19"":108,""15"":1000,""241"":26806,""199"":14755,""16"":142746,""12"":11131,""449"":0,""636"":339499,""1148"":74,""11"":8935106000,""14"":1160700155,""387"":""2b3430313038342e313530302d303038353038342e363530302b3030302e3038302f""}"
2026-07-01T07:21:20Z,862272088542776,Codec8E,2026-06-28 23:28:44.000 UTC,1782689324000,0,40.1083899,-8.5085050,80,235,10,21,0,"{""239"":1,""240"":1,""21"":4,""200"":0,""69"":1,""237"":2,""113"":100,""303"":1,""383"":3,""1149"":1,""181"":13,""182"":10,""66"":14897,""24"":21,""206"":48740,""67"":4128,""68"":0,""13"":891,""17"":46,""18"":-115,""19"":2,""15"":1000,""241"":26806,""199"":14759,""16"":142750,""12"":11131,""449"":0,""636"":339499,""1148"":74,""11"":8935106000,""14"":1160700155,""387"":""2b3430313038332e393030302d303038353038352e303530302b3030302e3038302f""}"
2026-07-01T07:21:20Z,862272088542776,Codec8E,2026-06-28 23:28:45.000 UTC,1782689325000,0,40.1083633,-8.5085316,80,221,10,19,0,"{""239"":1,""240"":1,""21"":4,""200"":0,""69"":1,""237"":2,""113"":100,""303"":1,""383"":3,""1149"":1,""181"":19,""182"":11,""66"":14851,""24"":19,""206"":48740,""67"":4128,""68"":0,""13"":891,""17"":159,""18"":54,""19"":95,""15"":1000,""241"":26806,""199"":14763,""16"":142754,""12"":11131,""449"":0,""636"":339499,""1148"":74,""11"":8935106000,""14"":1160700155,""387"":""2b3430313038332e363333332d303038353038352e333136372b3030302e3038302f""}"
2026-07-01T07:21:20Z,862272088542776,Codec8E,2026-06-28 23:28:49.000 UTC,1782689329000,0,40.1083116,-8.5085816,80,216,10,8,0,"{""239"":1,""240"":1,""21"":4,""200"":0,""69"":1,""237"":2,""113"":100,""303"":1,""383"":3,""1149"":1,""181"":13,""182"":10,""66"":14848,""24"":8,""206"":48740,""67"":4128,""68"":0,""13"":891,""17"":3,""18"":-32,""19"":2,""15"":1000,""241"":26806,""199"":14769,""16"":142760,""12"":11131,""449"":0,""636"":339499,""1148"":74,""11"":8935106000,""14"":1160700155,""387"":""2b3430313038332e313136372d303038353038352e383136372b3030302e3038302f""}"
2026-07-01T07:21:20Z,862272088542776,Codec8E,2026-06-28 23:28:55.000 UTC,1782689335000,0,40.1083083,-8.5085850,79,216,10,1,303,"{""239"":1,""240"":1,""21"":4,""200"":0,""69"":1,""237"":2,""113"":100,""303"":0,""383"":3,""1149"":1,""181"":13,""182"":10,""66"":14862,""24"":1,""206"":48740,""67"":4128,""68"":0,""13"":891,""17"":0,""18"":-28,""19"":5,""15"":1000,""241"":26806,""199"":14769,""16"":142760,""12"":11131,""449"":0,""636"":339499,""1148"":74,""11"":8935106000,""14"":1160700155,""387"":""2b3430313038332e303833332d303038353038352e383530302b3030302e3037392f""}"
2026-07-01T07:21:20Z,862272088542776,Codec8E,2026-06-28 23:29:13.000 UTC,1782689353000,0,40.1082883,-8.5085633,77,136,8,2,303,"{""239"":1,""240"":1,""21"":4,""200"":0,""69"":1,""237"":2,""113"":100,""303"":1,""383"":3,""1149"":3,""181"":15,""182"":12,""66"":14864,""24"":2,""206"":48740,""67"":4128,""68"":0,""13"":797,""17"":226,""18"":-20,""19"":-18,""15"":1000,""241"":26806,""199"":14769,""16"":142760,""12"":11135,""449"":0,""636"":339469,""1148"":74,""11"":8935106000,""14"":1160700155,""387"":""2b3430313038322e383833332d303038353038352e363333332b3030302e3037372f""}"
2026-07-01T07:21:21Z,862272088542776,Codec8E,2026-06-28 23:29:36.000 UTC,1782689376000,0,40.1082750,-8.5085033,0,0,0,0,303,"{""239"":1,""240"":1,""21"":4,""200"":0,""69"":2,""237"":2,""113"":100,""303"":0,""383"":3,""1149"":0,""181"":0,""182"":0,""66"":14867,""24"":0,""206"":48740,""67"":4128,""68"":0,""13"":797,""17"":-35,""18"":-17,""19"":15,""15"":1000,""241"":26806,""199"":14769,""16"":142760,""12"":11136,""449"":0,""636"":339479,""1148"":83,""11"":8935106000,""14"":1160700155,""387"":""2b3430313038322e373530302d303038353038352e303333332b3030302e3030302f""}"
2026-07-01T07:21:21Z,862272088542776,Codec8E,2026-06-28 23:29:39.000 UTC,1782689379000,0,40.1082750,-8.5085033,0,0,0,0,303,"{""239"":1,""240"":1,""21"":4,""200"":0,""69"":2,""237"":2,""113"":100,""303"":1,""383"":3,""1149"":0,""181"":0,""182"":0,""66"":14909,""24"":0,""206"":48740,""67"":4128,""68"":0,""13"":797,""17"":0,""18"":-23,""19"":11,""15"":1000,""241"":26806,""199"":14769,""16"":142760,""12"":11136,""449"":0,""636"":339479,""1148"":83,""11"":8935106000,""14"":1160700155,""387"":""2b3430313038322e373530302d303038353038352e303333332b3030302e3030302f""}"
2026-07-01T07:21:21Z,862272088542776,Codec8E,2026-06-28 23:29:46.000 UTC,1782689386000,0,40.1082750,-8.5085033,0,0,0,0,303,"{""239"":1,""240"":1,""21"":4,""200"":0,""69"":2,""237"":2,""113"":100,""303"":0,""383"":3,""1149"":0,""181"":0,""182"":0,""66"":14895,""24"":0,""206"":48740,""67"":4128,""68"":0,""13"":797,""17"":-44,""18"":-34,""19"":4,""15"":1000,""241"":26806,""199"":14769,""16"":142760,""12"":11136,""449"":0,""636"":339479,""1148"":83,""11"":8935106000,""14"":1160700155,""387"":""2b3430313038322e373530302d303038353038352e303333332b3030302e3030302f""}"
2026-07-01T07:21:21Z,862272088542776,Codec8E,2026-06-28 23:29:50.000 UTC,1782689390000,0,40.1082750,-8.5085033,0,0,0,0,303,"{""239"":1,""240"":1,""21"":4,""200"":0,""69"":2,""237"":2,""113"":100,""303"":1,""383"":3,""1149"":0,""181"":0,""182"":0,""66"":14907,""24"":0,""206"":48740,""67"":4128,""68"":0,""13"":797,""17"":-47,""18"":4,""19"":6,""15"":1000,""241"":26806,""199"":14769,""16"":142760,""12"":11136,""449"":0,""636"":339479,""1148"":83,""11"":8935106000,""14"":1160700155,""387"":""2b3430313038322e373530302d303038353038352e303333332b3030302e3030302f""}"
2026-07-01T07:21:21Z,862272088542776,Codec8E,2026-06-28 23:29:58.000 UTC,1782689398000,0,40.1082750,-8.5085033,0,0,0,0,303,"{""239"":1,""240"":1,""21"":0,""200"":0,""69"":2,""237"":2,""113"":100,""303"":0,""383"":3,""1149"":0,""181"":0,""182"":0,""66"":14890,""24"":0,""206"":48740,""67"":4128,""68"":0,""13"":797,""17"":-38,""18"":-39,""19"":4,""15"":1000,""241"":26806,""199"":14769,""16"":142760,""12"":11136,""449"":0,""636"":339479,""1148"":120,""11"":8935106000,""14"":1160700155,""387"":""2b3430313038322e373530302d303038353038352e303333332b3030302e3030302f""}"
2026-07-01T07:21:22Z,862272088542776,Codec8E,2026-06-28 23:30:01.000 UTC,1782689401000,0,40.1082750,-8.5085033,0,0,0,0,303,"{""239"":1,""240"":1,""21"":0,""200"":0,""69"":2,""237"":2,""113"":100,""303"":1,""383"":3,""1149"":0,""181"":0,""182"":0,""66"":14831,""24"":0,""206"":48740,""67"":4128,""68"":0,""13"":797,""17"":-21,""18"":12,""19"":3,""15"":1000,""241"":26806,""199"":14769,""16"":142760,""12"":11136,""449"":0,""636"":339479,""1148"":120,""11"":8935106000,""14"":1160700155,""387"":""2b3430313038322e373530302d303038353038352e303333332b3030302e3030302f""}"
2026-07-01T07:21:22Z,862272088542776,Codec8E,2026-06-28 23:30:14.000 UTC,1782689414000,0,40.1082750,-8.5085033,0,0,0,0,303,"{""239"":1,""240"":1,""21"":0,""200"":0,""69"":2,""237"":99,""113"":100,""303"":0,""383"":3,""1149"":0,""181"":0,""182"":0,""66"":14890,""24"":0,""206"":15500,""67"":4128,""68"":0,""13"":797,""17"":-39,""18"":-26,""19"":4,""15"":1000,""241"":26803,""199"":14769,""16"":142760,""12"":11136,""449"":0,""636"":0,""1148"":120,""11"":8935106000,""14"":1160700155,""387"":""2b3430313038322e373530302d303038353038352e303333332b3030302e3030302f""}"
2026-07-01T07:21:22Z,862272088542776,Codec8E,2026-06-28 23:31:13.000 UTC,1782689473000,0,40.1082750,-8.5085033,0,0,0,0,240,"{""239"":1,""240"":0,""21"":4,""200"":0,""69"":2,""237"":99,""113"":100,""303"":0,""383"":3,""1149"":20,""181"":0,""182"":0,""66"":14854,""24"":0,""206"":18,""67"":4128,""68"":0,""13"":797,""17"":-37,""18"":-21,""19"":7,""15"":1000,""241"":26801,""199"":14769,""16"":142760,""12"":11137,""449"":0,""636"":0,""1148"":120,""11"":8935106000,""14"":1160700155,""387"":""2b3430313038322e373530302d303038353038352e303333332b3030302e3030302f""}"
2026-07-01T07:21:22Z,862272088542776,Codec8E,2026-06-28 23:31:35.000 UTC,1782689495000,0,40.1082750,-8.5085033,0,0,0,0,303,"{""239"":1,""240"":0,""21"":5,""200"":0,""69"":2,""237"":99,""113"":100,""303"":1,""383"":3,""1149"":20,""181"":0,""182"":0,""66"":14906,""24"":0,""206"":18,""67"":4128,""68"":0,""13"":798,""17"":-39,""18"":-26,""19"":5,""15"":1000,""241"":26801,""199"":14769,""16"":142760,""12"":11143,""449"":0,""636"":0,""1148"":120,""11"":8935106000,""14"":1160700155,""387"":""2b3430313038322e373530302d303038353038352e303333332b3030302e3030302f""}"
2026-07-01T07:21:22Z,862272088542776,Codec8E,2026-06-28 23:31:36.000 UTC,1782689496000,0,40.1082750,-8.5085033,0,0,0,0,240,"{""239"":1,""240"":1,""21"":5,""200"":0,""69"":2,""237"":99,""113"":100,""303"":1,""383"":3,""1149"":20,""181"":0,""182"":0,""66"":14906,""24"":0,""206"":18,""67"":4128,""68"":0,""13"":798,""17"":-34,""18"":-21,""19"":3,""15"":1000,""241"":26801,""199"":14769,""16"":142760,""12"":11143,""449"":0,""636"":0,""1148"":120,""11"":8935106000,""14"":1160700155,""387"":""2b3430313038322e373530302d303038353038352e303333332b3030302e3030302f""}"
2026-07-01T07:21:23Z,862272088542776,Codec8E,2026-06-28 23:31:38.000 UTC,1782689498000,0,40.1082750,-8.5085033,0,0,0,0,303,"{""239"":1,""240"":1,""21"":5,""200"":0,""69"":2,""237"":99,""113"":100,""303"":0,""383"":3,""1149"":20,""181"":0,""182"":0,""66"":13901,""24"":0,""206"":18,""67"":4128,""68"":0,""13"":798,""17"":-37,""18"":-11,""19"":10,""15"":1000,""241"":26801,""199"":14769,""16"":142760,""12"":11143,""449"":0,""636"":0,""1148"":120,""11"":8935106000,""14"":1160700155,""387"":""2b3430313038322e373530302d303038353038352e303333332b3030302e3030302f""}"
2026-07-01T07:21:23Z,862272088542776,Codec8E,2026-06-28 23:31:46.000 UTC,1782689506000,0,40.1082750,-8.5085033,0,0,0,0,239,"{""239"":0,""240"":1,""21"":5,""200"":0,""69"":2,""237"":99,""113"":100,""303"":0,""383"":3,""1149"":20,""181"":0,""182"":0,""66"":13158,""24"":0,""206"":18,""67"":4128,""68"":0,""13"":798,""17"":-38,""18"":-29,""19"":3,""15"":1000,""241"":26801,""199"":14769,""16"":142760,""12"":11143,""449"":0,""636"":0,""1148"":120,""11"":8935106000,""14"":1160700155,""387"":""2b3430313038322e373530302d303038353038352e303333332b3030302e3030302f""}"
2026-07-01T07:21:23Z,862272088542776,Codec8E,2026-06-28 23:32:36.000 UTC,1782689556000,0,40.1082750,-8.5085033,0,0,0,0,240,"{""239"":0,""240"":0,""21"":3,""200"":0,""69"":2,""237"":99,""113"":100,""303"":0,""383"":3,""1149"":1,""181"":0,""182"":0,""66"":12705,""24"":0,""206"":18,""67"":4128,""68"":0,""13"":798,""17"":-39,""18"":-19,""19"":5,""15"":1000,""241"":26801,""199"":14769,""16"":142760,""12"":11143,""449"":0,""636"":0,""1148"":120,""11"":8935106000,""14"":1160700155,""387"":""2b3430313038322e373530302d303038353038352e303333332b3030302e3030302f""}"