received_utc,imei,codec,record_utc,timestamp_ms,priority,latitude,longitude,altitude_m,angle_deg,satellites,speed_kmh,event_io_id,io_json
2026-07-03T08:32:45Z,862272088542776,Codec8E,2026-07-03 00:54:30.000 UTC,1783040070000,0,40.1081850,-8.5084516,0,0,0,0,0,"{""239"":0,""240"":0,""21"":4,""200"":0,""69"":2,""237"":2,""113"":100,""303"":0,""383"":3,""1149"":20,""181"":0,""182"":0,""66"":12943,""24"":0,""206"":48740,""67"":4128,""68"":0,""13"":518,""17"":-27,""18"":-30,""19"":1,""15"":0,""241"":26806,""199"":0,""16"":641586,""12"":32395,""449"":0,""636"":339469,""1148"":83,""11"":8935106000,""14"":1160700155,""387"":""2b3430313038312e383530302d303038353038342e353136372b3030302e3030302f""}"
2026-07-03T08:32:45Z,862272088542776,Codec8E,2026-07-03 01:54:30.000 UTC,1783043670000,0,40.1081850,-8.5084516,0,0,0,0,0,"{""239"":0,""240"":0,""21"":4,""200"":3,""69"":3,""237"":99,""113"":100,""303"":0,""383"":3,""1149"":3,""66"":12946,""206"":18,""67"":4128,""68"":0,""17"":-27,""18"":-30,""19"":0,""241"":26801,""16"":641586,""12"":32395,""449"":0,""636"":0,""1148"":120,""11"":8935106000,""14"":1160700155,""387"":""2b3430313038312e383530302d303038353038342e353136372b3030302e3030302f""}"
2026-07-03T08:32:45Z,862272088542776,Codec8E,2026-07-03 03:25:04.000 UTC,1783049104000,0,40.1081850,-8.5084516,0,0,0,0,0,"{""239"":0,""240"":0,""21"":5,""200"":0,""69"":2,""237"":99,""113"":100,""303"":0,""383"":3,""1149"":3,""181"":0,""182"":0,""66"":12919,""24"":0,""206"":18,""67"":4128,""68"":0,""13"":518,""17"":-23,""18"":-29,""19"":0,""15"":0,""241"":26801,""199"":0,""16"":641586,""12"":32395,""449"":0,""636"":0,""1148"":108,""11"":8935106000,""14"":1160700155,""387"":""2b3430313038312e383530302d303038353038342e353136372b3030302e3030302f""}"
2026-07-03T08:32:45Z,862272088542776,Codec8E,2026-07-03 04:57:24.000 UTC,1783054644000,0,40.1081850,-8.5084516,0,0,0,0,0,"{""239"":0,""240"":0,""21"":3,""200"":0,""69"":2,""237"":99,""113"":100,""303"":0,""383"":3,""1149"":3,""181"":0,""182"":0,""66"":12897,""24"":0,""206"":18,""67"":4128,""68"":0,""13"":518,""17"":-29,""18"":-33,""19"":2,""15"":0,""241"":26801,""199"":0,""16"":641586,""12"":32395,""449"":0,""636"":0,""1148"":120,""11"":8935106000,""14"":1160700155,""387"":""2b3430313038312e383530302d303038353038342e353136372b3030302e3030302f""}"
2026-07-03T08:32:45Z,862272088542776,Codec8E,2026-07-03 06:28:16.000 UTC,1783060096000,0,40.1081850,-8.5084516,0,0,0,0,0,"{""239"":0,""240"":0,""21"":3,""200"":0,""69"":2,""237"":99,""113"":100,""303"":0,""383"":3,""1149"":8,""181"":0,""182"":0,""66"":12926,""24"":0,""206"":10701,""67"":4128,""68"":0,""13"":518,""17"":-31,""18"":-20,""19"":8,""15"":0,""241"":26802,""199"":0,""16"":641586,""12"":32395,""449"":0,""636"":0,""1148"":110,""11"":8935106000,""14"":1160700155,""387"":""2b3430313038312e383530302d303038353038342e353136372b3030302e3030302f""}"
2026-07-03T08:32:46Z,862272088542776,Codec8E,2026-07-03 07:59:37.000 UTC,1783065577000,0,40.1081850,-8.5084516,0,0,0,0,0,"{""239"":0,""240"":0,""21"":4,""200"":0,""69"":2,""237"":2,""113"":100,""303"":0,""383"":3,""1149"":20,""181"":0,""182"":0,""66"":12884,""24"":0,""206"":48740,""67"":4128,""68"":0,""13"":518,""17"":-31,""18"":-21,""19"":7,""15"":0,""241"":26806,""199"":0,""16"":641586,""12"":32395,""449"":0,""636"":339509,""1148"":82,""11"":8935106000,""14"":1160700155,""387"":""2b3430313038312e383530302d303038353038342e353136372b3030302e3030302f""}"
2026-07-03T09:30:41Z,862272088542776,Codec8E,2026-07-03 09:30:27.000 UTC,1783071027000,0,40.1081850,-8.5084516,0,0,0,0,0,"{""239"":0,""240"":0,""21"":4,""200"":0,""69"":2,""237"":2,""113"":100,""303"":0,""383"":3,""1149"":20,""181"":0,""182"":0,""66"":12884,""24"":0,""206"":48740,""67"":4128,""68"":0,""13"":518,""17"":-27,""18"":-29,""19"":4,""15"":0,""241"":26806,""199"":0,""16"":641586,""12"":32395,""449"":0,""636"":339469,""1148"":83,""11"":8935106000,""14"":1160700155,""387"":""2b3430313038312e383530302d303038353038342e353136372b3030302e3030302f""}"
2026-07-03T10:30:48Z,862272088542776,Codec8E,2026-07-03 10:30:27.000 UTC,1783074627000,0,40.1081850,-8.5084516,0,0,0,0,0,"{""239"":0,""240"":0,""21"":4,""200"":0,""69"":2,""237"":2,""113"":100,""303"":0,""383"":3,""1149"":20,""181"":0,""182"":0,""66"":12884,""24"":0,""206"":48740,""67"":4128,""68"":0,""13"":518,""17"":-26,""18"":-34,""19"":3,""15"":0,""241"":26806,""199"":0,""16"":641586,""12"":32395,""449"":0,""636"":339469,""1148"":83,""11"":8935106000,""14"":1160700155,""387"":""2b3430313038312e383530302d303038353038342e353136372b3030302e3030302f""}"
2026-07-04T02:03:07Z,862272088542776,Codec8E,2026-07-03 11:30:27.000 UTC,1783078227000,0,40.1081850,-8.5084516,0,0,0,0,0,"{""239"":0,""240"":0,""21"":4,""200"":3,""69"":3,""237"":99,""113"":100,""303"":0,""383"":3,""1149"":3,""66"":12928,""206"":18,""67"":4128,""68"":0,""17"":-30,""18"":-28,""19"":4,""241"":26801,""16"":641586,""12"":32395,""449"":0,""636"":0,""1148"":120,""11"":8935106000,""14"":1160700155,""387"":""2b3430313038312e383530302d303038353038342e353136372b3030302e3030302f""}"
2026-07-04T02:03:07Z,862272088542776,Codec8E,2026-07-03 12:30:27.000 UTC,1783081827000,0,40.1081850,-8.5084516,0,0,0,0,0,"{""239"":0,""240"":0,""21"":3,""200"":3,""69"":3,""237"":99,""113"":100,""303"":0,""383"":3,""1149"":3,""66"":12924,""206"":18,""67"":4128,""68"":0,""17"":-28,""18"":-32,""19"":2,""241"":26801,""16"":641586,""12"":32395,""449"":0,""636"":0,""1148"":120,""11"":8935106000,""14"":1160700155,""387"":""2b3430313038312e383530302d303038353038342e353136372b3030302e3030302f""}"
2026-07-04T02:03:07Z,862272088542776,Codec8E,2026-07-03 14:01:55.000 UTC,1783087315000,0,40.1081850,-8.5084516,0,0,0,0,0,"{""239"":0,""240"":0,""21"":3,""200"":0,""69"":2,""237"":99,""113"":100,""303"":0,""383"":3,""1149"":1,""181"":0,""182"":0,""66"":12884,""24"":0,""206"":18,""67"":4128,""68"":0,""13"":518,""17"":-31,""18"":-27,""19"":4,""15"":0,""241"":26801,""199"":0,""16"":641586,""12"":32395,""449"":0,""636"":0,""1148"":111,""11"":8935106000,""14"":1160700155,""387"":""2b3430313038312e383530302d303038353038342e353136372b3030302e3030302f""}"
2026-07-04T02:03:07Z,862272088542776,Codec8E,2026-07-03 15:34:15.000 UTC,1783092855000,0,40.1081850,-8.5084516,0,0,0,0,0,"{""239"":0,""240"":0,""21"":1,""200"":0,""69"":2,""237"":1,""113"":100,""303"":0,""383"":3,""1149"":0,""181"":0,""182"":0,""66"":12870,""24"":0,""206"":8740,""67"":4128,""68"":0,""13"":518,""17"":-28,""18"":-24,""19"":7,""15"":0,""241"":26806,""199"":0,""16"":641586,""12"":32395,""449"":0,""636"":21635,""1148"":108,""11"":8935106000,""14"":1160700155,""387"":""2b3430313038312e383530302d303038353038342e353136372b3030302e3030302f""}"
2026-07-04T02:03:07Z,862272088542776,Codec8E,2026-07-03 17:05:06.000 UTC,1783098306000,0,40.1081850,-8.5084516,0,0,0,0,0,"{""239"":0,""240"":0,""21"":3,""200"":0,""69"":2,""237"":99,""113"":100,""303"":0,""383"":3,""1149"":3,""181"":0,""182"":0,""66"":12853,""24"":0,""206"":18,""67"":4128,""68"":0,""13"":518,""17"":-31,""18"":-38,""19"":3,""15"":0,""241"":26801,""199"":0,""16"":641586,""12"":32395,""449"":0,""636"":0,""1148"":120,""11"":8935106000,""14"":1160700155,""387"":""2b3430313038312e383530302d303038353038342e353136372b3030302e3030302f""}"
2026-07-04T02:03:07Z,862272088542776,Codec8E,2026-07-03 18:36:25.000 UTC,1783103785000,0,40.1081850,-8.5084516,0,0,0,0,0,"{""239"":0,""240"":0,""21"":1,""200"":0,""69"":2,""237"":1,""113"":100,""303"":0,""383"":3,""1149"":0,""181"":0,""182"":0,""66"":12884,""24"":0,""206"":8740,""67"":4128,""68"":0,""13"":518,""17"":-30,""18"":-33,""19"":4,""15"":0,""241"":26806,""199"":0,""16"":641586,""12"":32395,""449"":0,""636"":21635,""1148"":107,""11"":8935106000,""14"":1160700155,""387"":""2b3430313038312e383530302d303038353038342e353136372b3030302e3030302f""}"
2026-07-04T02:03:08Z,862272088542776,Codec8E,2026-07-03 20:09:17.000 UTC,1783109357000,0,40.1081850,-8.5084516,0,0,0,0,0,"{""239"":0,""240"":0,""21"":1,""200"":0,""69"":2,""237"":1,""113"":100,""303"":0,""383"":3,""1149"":0,""181"":0,""182"":0,""66"":12882,""24"":0,""206"":8740,""67"":4128,""68"":0,""13"":518,""17"":-30,""18"":-31,""19"":8,""15"":0,""241"":26806,""199"":0,""16"":641586,""12"":32395,""449"":0,""636"":21635,""1148"":110,""11"":8935106000,""14"":1160700155,""387"":""2b3430313038312e383530302d303038353038342e353136372b3030302e3030302f""}"
2026-07-04T02:03:08Z,862272088542776,Codec8E,2026-07-03 21:41:37.000 UTC,1783114897000,0,40.1081850,-8.5084516,0,0,0,0,0,"{""239"":0,""240"":0,""21"":2,""200"":0,""69"":2,""237"":2,""113"":100,""303"":0,""383"":3,""1149"":0,""181"":0,""182"":0,""66"":12836,""24"":0,""206"":48740,""67"":4128,""68"":0,""13"":518,""17"":-28,""18"":-29,""19"":5,""15"":0,""241"":26806,""199"":0,""16"":641586,""12"":32395,""449"":0,""636"":339509,""1148"":97,""11"":8935106000,""14"":1160700155,""387"":""2b3430313038312e383530302d303038353038342e353136372b3030302e3030302f""}"
2026-07-04T02:03:08Z,862272088542776,Codec8E,2026-07-03 23:12:28.000 UTC,1783120348000,0,40.1081850,-8.5084516,0,0,0,0,0,"{""239"":0,""240"":0,""21"":3,""200"":0,""69"":2,""237"":99,""113"":100,""303"":0,""383"":3,""1149"":1,""181"":0,""182"":0,""66"":12840,""24"":0,""206"":18,""67"":4128,""68"":0,""13"":518,""17"":-24,""18"":-31,""19"":2,""15"":0,""241"":26801,""199"":0,""16"":641586,""12"":32395,""449"":0,""636"":0,""1148"":120,""11"":8935106000,""14"":1160700155,""387"":""2b3430313038312e383530302d303038353038342e353136372b3030302e3030302f""}"
2026-07-03T00:40:49Z,862272088833183,Codec8E,2026-07-03 00:40:34.000 UTC,1783039234000,0,41.5463450,-8.4190833,0,0,0,0,0,"{""239"":0,""240"":0,""80"":0,""21"":4,""200"":3,""69"":3,""237"":2,""113"":100,""263"":1,""303"":0,""383"":3,""66"":12507,""206"":26,""67"":4042,""68"":0,""17"":-26,""18"":39,""19"":0,""13201"":292,""241"":26801,""16"":62876,""12"":324,""449"":0,""636"":110218764,""11"":893510181,""238"":0,""14"":2540732448,""387"":""2b3431353436332e343530302d303038343139302e383333332b3030302e3030302f""}"
2026-07-03T01:40:56Z,862272088833183,Codec8E,2026-07-03 01:40:34.000 UTC,1783042834000,0,41.5463450,-8.4190833,0,0,0,0,0,"{""239"":0,""240"":0,""80"":0,""21"":4,""200"":3,""69"":3,""237"":2,""113"":100,""263"":1,""303"":0,""383"":3,""66"":12507,""206"":26,""67"":4042,""68"":0,""17"":-32,""18"":28,""19"":-7,""13201"":292,""241"":26801,""16"":62876,""12"":324,""449"":0,""636"":110218764,""11"":893510181,""238"":0,""14"":2540732448,""387"":""2b3431353436332e343530302d303038343139302e383333332b3030302e3030302f""}"
2026-07-03T02:41:03Z,862272088833183,Codec8E,2026-07-03 02:40:34.000 UTC,1783046434000,0,41.5463450,-8.4190833,0,0,0,0,0,"{""239"":0,""240"":0,""80"":0,""21"":4,""200"":3,""69"":3,""237"":2,""113"":100,""263"":1,""303"":0,""383"":3,""66"":12507,""206"":26,""67"":4042,""68"":0,""17"":-25,""18"":46,""19"":-16,""13201"":292,""241"":26801,""16"":62876,""12"":324,""449"":0,""636"":110218764,""11"":893510181,""238"":0,""14"":2540732448,""387"":""2b3431353436332e343530302d303038343139302e383333332b3030302e3030302f""}"
2026-07-03T03:41:09Z,862272088833183,Codec8E,2026-07-03 03:40:34.000 UTC,1783050034000,0,41.5463450,-8.4190833,0,0,0,0,0,"{""239"":0,""240"":0,""80"":0,""21"":4,""200"":3,""69"":3,""237"":2,""113"":100,""263"":1,""303"":0,""383"":3,""66"":12502,""206"":26,""67"":4042,""68"":0,""17"":-31,""18"":39,""19"":4,""13201"":292,""241"":26801,""16"":62876,""12"":324,""449"":0,""636"":110218764,""11"":893510181,""238"":0,""14"":2540732448,""387"":""2b3431353436332e343530302d303038343139302e383333332b3030302e3030302f""}"
2026-07-03T04:41:15Z,862272088833183,Codec8E,2026-07-03 04:40:34.000 UTC,1783053634000,0,41.5463450,-8.4190833,0,0,0,0,0,"{""239"":0,""240"":0,""80"":0,""21"":3,""200"":3,""69"":3,""237"":2,""113"":100,""263"":1,""303"":0,""383"":3,""66"":12507,""206"":26,""67"":4042,""68"":0,""17"":-29,""18"":24,""19"":-19,""13201"":292,""241"":26801,""16"":62876,""12"":324,""449"":0,""636"":110218764,""11"":893510181,""238"":0,""14"":2540732448,""387"":""2b3431353436332e343530302d303038343139302e383333332b3030302e3030302f""}"
2026-07-03T05:41:21Z,862272088833183,Codec8E,2026-07-03 05:40:34.000 UTC,1783057234000,0,41.5463450,-8.4190833,0,0,0,0,0,"{""239"":0,""240"":0,""80"":0,""21"":4,""200"":3,""69"":3,""237"":2,""113"":100,""263"":1,""303"":0,""383"":3,""66"":12505,""206"":26,""67"":4042,""68"":0,""17"":-27,""18"":36,""19"":-16,""13201"":292,""241"":26801,""16"":62876,""12"":324,""449"":0,""636"":110218764,""11"":893510181,""238"":0,""14"":2540732448,""387"":""2b3431353436332e343530302d303038343139302e383333332b3030302e3030302f""}"
2026-07-03T06:41:28Z,862272088833183,Codec8E,2026-07-03 06:40:34.000 UTC,1783060834000,0,41.5463450,-8.4190833,0,0,0,0,0,"{""239"":0,""240"":0,""80"":0,""21"":4,""200"":3,""69"":3,""237"":2,""113"":100,""263"":1,""303"":0,""383"":3,""66"":12498,""206"":26,""67"":4042,""68"":0,""17"":-23,""18"":39,""19"":-3,""13201"":291,""241"":26801,""16"":62876,""12"":324,""449"":0,""636"":110218764,""11"":893510181,""238"":0,""14"":2540732448,""387"":""2b3431353436332e343530302d303038343139302e383333332b3030302e3030302f""}"
2026-07-03T07:41:34Z,862272088833183,Codec8E,2026-07-03 07:40:34.000 UTC,1783064434000,0,41.5463450,-8.4190833,0,0,0,0,0,"{""239"":0,""240"":0,""80"":0,""21"":4,""200"":3,""69"":3,""237"":2,""113"":100,""263"":1,""303"":0,""383"":3,""66"":12505,""206"":26,""67"":4042,""68"":0,""17"":-24,""18"":48,""19"":-2,""13201"":291,""241"":26801,""16"":62876,""12"":324,""449"":0,""636"":110218764,""11"":893510181,""238"":0,""14"":2540732448,""387"":""2b3431353436332e343530302d303038343139302e383333332b3030302e3030302f""}"
2026-07-03T08:41:41Z,862272088833183,Codec8E,2026-07-03 08:40:34.000 UTC,1783068034000,0,41.5463450,-8.4190833,0,0,0,0,0,"{""239"":0,""240"":0,""80"":0,""21"":4,""200"":3,""69"":3,""237"":2,""113"":100,""263"":1,""303"":0,""383"":3,""66"":12505,""206"":26,""67"":4042,""68"":0,""17"":-29,""18"":39,""19"":-6,""13201"":292,""241"":26801,""16"":62876,""12"":324,""449"":0,""636"":110218764,""11"":893510181,""238"":0,""14"":2540732448,""387"":""2b3431353436332e343530302d303038343139302e383333332b3030302e3030302f""}"
2026-07-03T09:41:48Z,862272088833183,Codec8E,2026-07-03 09:40:34.000 UTC,1783071634000,0,41.5463450,-8.4190833,0,0,0,0,0,"{""239"":0,""240"":0,""80"":0,""21"":4,""200"":3,""69"":3,""237"":2,""113"":100,""263"":1,""303"":0,""383"":3,""66"":12505,""206"":26,""67"":4042,""68"":0,""17"":-27,""18"":29,""19"":-18,""13201"":293,""241"":26801,""16"":62876,""12"":324,""449"":0,""636"":110218764,""11"":893510181,""238"":0,""14"":2540732448,""387"":""2b3431353436332e343530302d303038343139302e383333332b3030302e3030302f""}"
2026-07-03T10:41:53Z,862272088833183,Codec8E,2026-07-03 10:40:34.000 UTC,1783075234000,0,41.5463450,-8.4190833,0,0,0,0,0,"{""239"":0,""240"":0,""80"":0,""21"":4,""200"":3,""69"":3,""237"":2,""113"":100,""263"":1,""303"":0,""383"":3,""66"":12502,""206"":26,""67"":4042,""68"":0,""17"":-40,""18"":29,""19"":-7,""13201"":293,""241"":26801,""16"":62876,""12"":324,""449"":0,""636"":110218764,""11"":893510181,""238"":0,""14"":2540732448,""387"":""2b3431353436332e343530302d303038343139302e383333332b3030302e3030302f""}"
2026-07-03T11:42:00Z,862272088833183,Codec8E,2026-07-03 11:40:34.000 UTC,1783078834000,0,41.5463450,-8.4190833,0,0,0,0,0,"{""239"":0,""240"":0,""80"":0,""21"":4,""200"":3,""69"":3,""237"":2,""113"":100,""263"":1,""303"":0,""383"":3,""66"":12507,""206"":26,""67"":4042,""68"":0,""17"":-25,""18"":38,""19"":-15,""13201"":295,""241"":26801,""16"":62876,""12"":324,""449"":0,""636"":110218764,""11"":893510181,""238"":0,""14"":2540732448,""387"":""2b3431353436332e343530302d303038343139302e383333332b3030302e3030302f""}"
2026-07-03T12:42:07Z,862272088833183,Codec8E,2026-07-03 12:40:34.000 UTC,1783082434000,0,41.5463450,-8.4190833,0,0,0,0,0,"{""239"":0,""240"":0,""80"":0,""21"":4,""200"":3,""69"":3,""237"":2,""113"":100,""263"":1,""303"":0,""383"":3,""66"":12505,""206"":26,""67"":4042,""68"":0,""17"":-32,""18"":29,""19"":-14,""13201"":293,""241"":26801,""16"":62876,""12"":324,""449"":0,""636"":110218764,""11"":893510181,""238"":0,""14"":2540732448,""387"":""2b3431353436332e343530302d303038343139302e383333332b3030302e3030302f""}"
2026-07-03T13:42:13Z,862272088833183,Codec8E,2026-07-03 13:40:34.000 UTC,1783086034000,0,41.5463450,-8.4190833,0,0,0,0,0,"{""239"":0,""240"":0,""80"":0,""21"":4,""200"":3,""69"":3,""237"":2,""113"":100,""263"":1,""303"":0,""383"":3,""66"":12502,""206"":26,""67"":4042,""68"":0,""17"":-24,""18"":48,""19"":-17,""13201"":295,""241"":26801,""16"":62876,""12"":324,""449"":0,""636"":110218764,""11"":893510181,""238"":0,""14"":2540732448,""387"":""2b3431353436332e343530302d303038343139302e383333332b3030302e3030302f""}"
2026-07-03T14:42:19Z,862272088833183,Codec8E,2026-07-03 14:40:34.000 UTC,1783089634000,0,41.5463450,-8.4190833,0,0,0,0,0,"{""239"":0,""240"":0,""80"":0,""21"":4,""200"":3,""69"":3,""237"":2,""113"":100,""263"":1,""303"":0,""383"":3,""66"":12461,""206"":26,""67"":4042,""68"":0,""17"":-34,""18"":25,""19"":-5,""13201"":298,""241"":26801,""16"":62876,""12"":324,""449"":0,""636"":110218764,""11"":893510181,""238"":0,""14"":2540732448,""387"":""2b3431353436332e343530302d303038343139302e383333332b3030302e3030302f""}"
2026-07-03T15:42:26Z,862272088833183,Codec8E,2026-07-03 15:40:34.000 UTC,1783093234000,0,41.5463450,-8.4190833,0,0,0,0,0,"{""239"":0,""240"":0,""80"":0,""21"":4,""200"":3,""69"":3,""237"":2,""113"":100,""263"":1,""303"":0,""383"":3,""66"":12463,""206"":26,""67"":4041,""68"":0,""17"":-33,""18"":27,""19"":-6,""13201"":298,""241"":26801,""16"":62876,""12"":324,""449"":0,""636"":110218764,""11"":893510181,""238"":0,""14"":2540732448,""387"":""2b3431353436332e343530302d303038343139302e383333332b3030302e3030302f""}"
2026-07-03T16:42:32Z,862272088833183,Codec8E,2026-07-03 16:40:34.000 UTC,1783096834000,0,41.5463450,-8.4190833,0,0,0,0,0,"{""239"":0,""240"":0,""80"":0,""21"":4,""200"":3,""69"":3,""237"":2,""113"":100,""263"":1,""303"":0,""383"":3,""66"":12500,""206"":26,""67"":4041,""68"":0,""17"":-26,""18"":34,""19"":-14,""13201"":299,""241"":26801,""16"":62876,""12"":324,""449"":0,""636"":110218764,""11"":893510181,""238"":0,""14"":2540732448,""387"":""2b3431353436332e343530302d303038343139302e383333332b3030302e3030302f""}"
2026-07-03T17:42:38Z,862272088833183,Codec8E,2026-07-03 17:40:34.000 UTC,1783100434000,0,41.5463450,-8.4190833,0,0,0,0,0,"{""239"":0,""240"":0,""80"":0,""21"":4,""200"":3,""69"":3,""237"":2,""113"":100,""263"":1,""303"":0,""383"":3,""66"":12498,""206"":26,""67"":4041,""68"":0,""17"":-23,""18"":35,""19"":-3,""13201"":299,""241"":26801,""16"":62876,""12"":324,""449"":0,""636"":110218764,""11"":893510181,""238"":0,""14"":2540732448,""387"":""2b3431353436332e343530302d303038343139302e383333332b3030302e3030302f""}"
2026-07-03T18:40:45Z,862272088833183,Codec8E,2026-07-03 18:40:34.000 UTC,1783104034000,0,41.5463450,-8.4190833,0,0,0,0,0,"{""239"":0,""240"":0,""80"":0,""21"":4,""200"":3,""69"":3,""237"":2,""113"":100,""263"":1,""303"":0,""383"":3,""66"":12483,""206"":26,""67"":4042,""68"":0,""17"":-24,""18"":39,""19"":-2,""13201"":300,""241"":26801,""16"":62876,""12"":324,""449"":0,""636"":110218764,""11"":893510181,""238"":0,""14"":2540732448,""387"":""2b3431353436332e343530302d303038343139302e383333332b3030302e3030302f""}"
2026-07-03T19:40:52Z,862272088833183,Codec8E,2026-07-03 19:40:34.000 UTC,1783107634000,0,41.5463450,-8.4190833,0,0,0,0,0,"{""239"":0,""240"":0,""80"":0,""21"":4,""200"":3,""69"":3,""237"":2,""113"":100,""263"":1,""303"":0,""383"":3,""66"":12472,""206"":26,""67"":4038,""68"":0,""17"":-27,""18"":27,""19"":-15,""13201"":301,""241"":26801,""16"":62876,""12"":324,""449"":0,""636"":110218764,""11"":893510181,""238"":0,""14"":2540732448,""387"":""2b3431353436332e343530302d303038343139302e383333332b3030302e3030302f""}"
2026-07-03T20:34:54Z,862272088833183,Codec8E,2026-07-03 20:33:27.000 UTC,1783110807000,0,41.5463450,-8.4190833,0,0,0,0,303,"{""239"":0,""240"":0,""80"":0,""21"":4,""200"":3,""69"":3,""237"":2,""113"":100,""263"":1,""303"":1,""383"":3,""66"":12420,""206"":26,""67"":4041,""68"":0,""17"":-21,""18"":50,""19"":-8,""13201"":300,""241"":26801,""16"":62876,""12"":324,""449"":0,""636"":110218764,""11"":893510181,""238"":0,""14"":2540732448,""387"":""2b3431353436332e343530302d303038343139302e383333332b3030302e3030302f""}"
2026-07-03T20:34:54Z,862272088833183,Codec8E,2026-07-03 20:33:28.000 UTC,1783110808000,0,41.5463450,-8.4190833,0,0,0,0,303,"{""239"":0,""240"":0,""80"":0,""21"":4,""200"":3,""69"":3,""237"":2,""113"":100,""263"":1,""303"":0,""383"":3,""66"":12418,""206"":26,""67"":4038,""68"":0,""17"":-33,""18"":25,""19"":-4,""13201"":301,""241"":26801,""16"":62876,""12"":324,""449"":0,""636"":110218764,""11"":893510181,""238"":0,""14"":2540732448,""387"":""2b3431353436332e343530302d303038343139302e383333332b3030302e3030302f""}"
2026-07-03T20:34:54Z,862272088833183,Codec8E,2026-07-03 20:33:45.000 UTC,1783110825000,0,41.5463450,-8.4190833,0,0,0,0,303,"{""239"":0,""240"":0,""80"":0,""21"":4,""200"":3,""69"":3,""237"":2,""113"":100,""263"":1,""303"":1,""383"":3,""66"":11739,""206"":26,""67"":4040,""68"":0,""17"":-48,""18"":37,""19"":23,""13201"":302,""241"":26801,""16"":62876,""12"":324,""449"":0,""636"":110218764,""11"":893510181,""238"":0,""14"":2540732448,""387"":""2b3431353436332e343530302d303038343139302e383333332b3030302e3030302f""}"
2026-07-03T20:34:54Z,862272088833183,Codec8E,2026-07-03 20:33:46.000 UTC,1783110826000,0,41.5463450,-8.4190833,0,0,0,0,303,"{""239"":0,""240"":0,""80"":0,""21"":4,""200"":3,""69"":3,""237"":2,""113"":100,""263"":1,""303"":0,""383"":3,""66"":11763,""206"":26,""67"":4040,""68"":0,""17"":-43,""18"":80,""19"":-16,""13201"":301,""241"":26801,""16"":62876,""12"":324,""449"":0,""636"":110218764,""11"":893510181,""238"":0,""14"":2540732448,""387"":""2b3431353436332e343530302d303038343139302e383333332b3030302e3030302f""}"
2026-07-03T20:34:54Z,862272088833183,Codec8E,2026-07-03 20:33:47.000 UTC,1783110827000,0,41.5463450,-8.4190833,0,0,0,0,303,"{""239"":0,""240"":0,""80"":0,""21"":4,""200"":3,""69"":3,""237"":2,""113"":100,""263"":1,""303"":1,""383"":3,""66"":11748,""206"":26,""67"":4039,""68"":0,""17"":-34,""18"":16,""19"":2,""13201"":301,""241"":26801,""16"":62876,""12"":324,""449"":0,""636"":110218764,""11"":893510181,""238"":0,""14"":2540732448,""387"":""2b3431353436332e343530302d303038343139302e383333332b3030302e3030302f""}"
2026-07-03T20:34:54Z,862272088833183,Codec8E,2026-07-03 20:33:49.000 UTC,1783110829000,0,41.5463450,-8.4190833,0,0,0,0,240,"{""239"":0,""240"":1,""80"":1,""21"":4,""200"":0,""69"":2,""237"":2,""113"":100,""263"":1,""303"":1,""383"":3,""181"":0,""182"":0,""66"":11748,""24"":0,""206"":26,""67"":4039,""68"":0,""13"":66,""17"":47,""18"":178,""19"":68,""15"":1000,""13201"":302,""241"":26801,""199"":0,""16"":62876,""12"":324,""449"":0,""636"":110218764,""11"":893510181,""238"":0,""14"":2540732448,""387"":""2b3431353436332e343530302d303038343139302e383333332b3030302e3030302f""}"
2026-07-03T20:34:55Z,862272088833183,Codec8E,2026-07-03 20:33:56.000 UTC,1783110836000,0,41.5463450,-8.4190833,0,0,0,0,239,"{""239"":1,""240"":1,""80"":1,""21"":4,""200"":0,""69"":2,""237"":2,""113"":100,""263"":1,""303"":1,""383"":3,""181"":0,""182"":0,""66"":13378,""24"":0,""206"":26,""67"":4040,""68"":0,""13"":66,""17"":98,""18"":-2,""19"":-14,""15"":1000,""13201"":303,""241"":26801,""199"":0,""16"":62876,""12"":324,""449"":0,""636"":110218765,""11"":893510181,""238"":0,""14"":2540732448,""387"":""2b3431353436332e343530302d303038343139302e383333332b3030302e3030302f""}"
2026-07-03T20:34:55Z,862272088833183,Codec8E,2026-07-03 20:34:31.000 UTC,1783110871000,0,41.5463450,-8.4190833,0,0,0,0,303,"{""239"":1,""240"":1,""80"":1,""21"":4,""200"":0,""69"":2,""237"":2,""113"":100,""263"":1,""303"":0,""383"":3,""30"":0,""31"":13,""32"":31,""33"":0,""35"":37,""37"":0,""38"":251,""39"":27,""181"":0,""182"":0,""66"":14212,""24"":0,""206"":26,""67"":4041,""68"":0,""13"":66,""17"":-45,""18"":6,""19"":87,""15"":1000,""13201"":308,""36"":1070,""40"":194,""43"":0,""241"":26801,""199"":0,""16"":62876,""12"":324,""449"":0,""636"":110218794,""11"":893510181,""238"":0,""14"":2540732448,""387"":""2b3431353436332e343530302d303038343139302e383333332b3030302e3030302f""}"
2026-07-03T20:34:55Z,862272088833183,Codec8E,2026-07-03 20:34:33.000 UTC,1783110873000,0,41.5463450,-8.4190833,0,0,0,0,303,"{""239"":1,""240"":1,""80"":1,""21"":4,""200"":0,""69"":2,""237"":2,""113"":100,""263"":1,""303"":1,""383"":3,""30"":0,""31"":14,""32"":32,""33"":0,""35"":37,""37"":0,""38"":0,""39"":27,""181"":0,""182"":0,""66"":14224,""24"":0,""206"":26,""67"":4037,""68"":0,""13"":66,""17"":-46,""18"":-12,""19"":171,""15"":1000,""13201"":308,""36"":1408,""40"":602,""43"":0,""241"":26801,""199"":0,""16"":62876,""12"":324,""449"":0,""636"":110218794,""11"":893510181,""238"":0,""14"":2540732448,""387"":""2b3431353436332e343530302d303038343139302e383333332b3030302e3030302f""}"
2026-07-03T20:34:59Z,862272088833183,Codec8E,2026-07-03 20:34:57.000 UTC,1783110897000,0,41.5463450,-8.4190833,0,0,0,0,303,"{""239"":1,""240"":1,""80"":1,""21"":4,""200"":0,""69"":2,""237"":2,""113"":100,""263"":1,""303"":0,""383"":3,""30"":0,""31"":12,""32"":35,""33"":2,""35"":36,""37"":0,""38"":254,""39"":26,""181"":0,""182"":0,""66"":14194,""24"":0,""206"":26,""67"":4042,""68"":0,""13"":66,""17"":-28,""18"":-1,""19"":8,""15"":1000,""13201"":312,""36"":1064,""40"":180,""43"":0,""241"":26801,""199"":0,""16"":62876,""12"":324,""449"":0,""636"":110218794,""11"":893510181,""238"":0,""14"":2540732448,""387"":""2b3431353436332e343530302d303038343139302e383333332b3030302e3030302f""}"
2026-07-03T20:35:04Z,862272088833183,Codec8E,2026-07-03 20:35:03.000 UTC,1783110903000,0,41.5463450,-8.4190833,0,0,0,0,303,"{""239"":1,""240"":1,""80"":1,""21"":5,""200"":0,""69"":2,""237"":2,""113"":100,""263"":1,""303"":1,""383"":3,""30"":0,""31"":14,""32"":35,""33"":4,""35"":37,""37"":0,""38"":255,""39"":27,""181"":0,""182"":0,""66"":14223,""24"":0,""206"":26,""67"":4041,""68"":0,""13"":66,""17"":59,""18"":-29,""19"":95,""15"":1000,""13201"":313,""36"":1062,""40"":305,""43"":0,""241"":26801,""199"":0,""16"":62876,""12"":324,""449"":0,""636"":110218794,""11"":893510181,""238"":0,""14"":2540732448,""387"":""2b3431353436332e343530302d303038343139302e383333332b3030302e3030302f""}"
2026-07-03T20:35:22Z,862272088833183,Codec8E,2026-07-03 20:35:20.000 UTC,1783110920000,0,41.5463450,-8.4190833,0,0,0,0,303,"{""239"":1,""240"":1,""80"":1,""21"":5,""200"":0,""69"":2,""237"":2,""113"":100,""263"":1,""303"":0,""383"":3,""30"":0,""31"":12,""32"":37,""33"":0,""35"":36,""37"":0,""38"":254,""39"":27,""181"":0,""182"":0,""66"":14238,""24"":0,""206"":26,""67"":4039,""68"":0,""13"":66,""17"":-12,""18"":100,""19"":154,""15"":1000,""13201"":313,""36"":1045,""40"":172,""43"":0,""241"":26801,""199"":0,""16"":62876,""12"":324,""449"":0,""636"":110218794,""11"":893510181,""238"":0,""14"":2540732448,""387"":""2b3431353436332e343530302d303038343139302e383333332b3030302e3030302f""}"
2026-07-03T20:35:22Z,862272088833183,Codec8E,2026-07-03 20:35:21.000 UTC,1783110921000,0,41.5463450,-8.4190833,0,0,0,0,303,"{""239"":1,""240"":1,""80"":1,""21"":5,""200"":0,""69"":2,""237"":2,""113"":100,""263"":1,""303"":1,""383"":3,""30"":0,""31"":12,""32"":37,""33"":0,""35"":36,""37"":0,""38"":254,""39"":27,""181"":0,""182"":0,""66"":14209,""24"":0,""206"":26,""67"":4038,""68"":0,""13"":66,""17"":61,""18"":67,""19"":113,""15"":1000,""13201"":314,""36"":1045,""40"":172,""43"":0,""241"":26801,""199"":0,""16"":62876,""12"":324,""449"":0,""636"":110218794,""11"":893510181,""238"":0,""14"":2540732448,""387"":""2b3431353436332e343530302d303038343139302e383333332b3030302e3030302f""}"
2026-07-03T20:35:55Z,862272088833183,Codec8E,2026-07-03 20:35:53.000 UTC,1783110953000,0,41.5463450,-8.4190833,0,0,0,0,303,"{""239"":1,""240"":1,""80"":1,""21"":5,""200"":0,""69"":2,""237"":2,""113"":100,""263"":1,""303"":0,""383"":3,""30"":0,""31"":13,""32"":39,""33"":7,""35"":36,""37"":0,""38"":255,""39"":27,""181"":0,""182"":0,""66"":14204,""24"":0,""206"":26,""67"":4041,""68"":0,""13"":66,""17"":0,""18"":48,""19"":-35,""15"":1000,""13201"":316,""36"":1028,""40"":183,""43"":0,""241"":26801,""199"":0,""16"":62876,""12"":324,""449"":0,""636"":110218794,""11"":893510181,""238"":0,""14"":2540732448,""387"":""2b3431353436332e343530302d303038343139302e383333332b3030302e3030302f""}"
2026-07-03T20:36:11Z,862272088833183,Codec8E,2026-07-03 20:36:10.000 UTC,1783110970000,0,41.5459633,-8.4195583,151,29,6,16,0,"{""239"":1,""240"":1,""80"":1,""21"":5,""200"":0,""69"":1,""237"":2,""113"":100,""263"":1,""303"":0,""383"":3,""30"":0,""31"":14,""32"":41,""33"":3,""35"":37,""37"":0,""38"":0,""39"":27,""181"":15,""182"":13,""66"":14199,""24"":16,""206"":26,""67"":4041,""68"":0,""13"":66,""17"":0,""18"":58,""19"":-24,""15"":1000,""13201"":319,""36"":1077,""40"":194,""43"":0,""241"":26801,""199"":0,""16"":62934,""12"":324,""449"":0,""636"":110218794,""11"":893510181,""238"":0,""14"":2540732448,""387"":""2b3431353435392e363333332d303038343139352e353833332b3030302e3135312f""}"
2026-07-03T20:36:13Z,862272088833183,Codec8E,2026-07-03 20:36:13.000 UTC,1783110973000,0,41.5459566,-8.4195616,151,29,6,6,0,"{""239"":1,""240"":1,""80"":1,""21"":5,""200"":0,""69"":1,""237"":2,""113"":100,""263"":1,""303"":0,""383"":3,""30"":0,""31"":14,""32"":41,""33"":3,""35"":37,""37"":0,""38"":0,""39"":27,""181"":21,""182"":18,""66"":14180,""24"":6,""206"":26,""67"":4040,""68"":0,""13"":66,""17"":-4,""18"":54,""19"":-12,""15"":1000,""13201"":320,""36"":1077,""40"":194,""43"":0,""241"":26801,""199"":0,""16"":62934,""12"":324,""449"":0,""636"":110218794,""11"":893510181,""238"":0,""14"":2540732448,""387"":""2b3431353435392e353636372d303038343139352e363136372b3030302e3135312f""}"
2026-07-03T20:36:54Z,862272088833183,Codec8E,2026-07-03 20:36:52.000 UTC,1783111012000,0,41.5459116,-8.4195466,156,29,7,0,240,"{""239"":1,""240"":0,""80"":0,""21"":5,""200"":0,""69"":1,""237"":2,""113"":100,""263"":1,""303"":0,""383"":3,""30"":0,""31"":14,""32"":44,""33"":4,""35"":38,""37"":0,""38"":3,""39"":27,""181"":16,""182"":14,""66"":14189,""24"":0,""206"":26,""67"":4041,""68"":0,""13"":66,""17"":-13,""18"":67,""19"":-23,""15"":1000,""13201"":323,""36"":1068,""40"":194,""43"":0,""241"":26801,""199"":0,""16"":62934,""12"":332,""449"":0,""636"":110218794,""11"":893510181,""238"":0,""14"":2540732448,""387"":""2b3431353435392e313136372d303038343139352e343636372b3030302e3135362f""}"
2026-07-03T20:37:15Z,862272088833183,Codec8E,2026-07-03 20:37:14.000 UTC,1783111034000,0,41.5459116,-8.4195466,156,239,8,1,303,"{""239"":1,""240"":0,""80"":0,""21"":5,""200"":0,""69"":1,""237"":2,""113"":100,""263"":1,""303"":1,""383"":3,""30"":0,""31"":14,""32"":46,""33"":2,""35"":39,""37"":0,""38"":3,""39"":28,""181"":15,""182"":12,""66"":14214,""24"":1,""206"":26,""67"":4041,""68"":0,""13"":67,""17"":-94,""18"":78,""19"":205,""15"":1000,""13201"":325,""36"":1054,""40"":177,""43"":0,""241"":26801,""199"":0,""16"":62934,""12"":339,""449"":0,""636"":110218794,""11"":893510181,""238"":0,""14"":2540732448,""387"":""2b3431353435392e313136372d303038343139352e343636372b3030302e3135362f""}"
2026-07-03T20:37:17Z,862272088833183,Codec8E,2026-07-03 20:37:16.000 UTC,1783111036000,0,41.5459433,-8.4195650,158,240,8,3,240,"{""239"":1,""240"":1,""80"":1,""21"":5,""200"":0,""69"":1,""237"":2,""113"":100,""263"":1,""303"":1,""383"":3,""30"":0,""31"":14,""32"":46,""33"":2,""35"":39,""37"":0,""38"":3,""39"":28,""181"":15,""182"":12,""66"":14216,""24"":3,""206"":26,""67"":4038,""68"":0,""13"":67,""17"":-62,""18"":85,""19"":130,""15"":1000,""13201"":325,""36"":1054,""40"":177,""43"":0,""241"":26801,""199"":0,""16"":62934,""12"":339,""449"":0,""636"":110218794,""11"":893510181,""238"":0,""14"":2540732448,""387"":""2b3431353435392e343333332d303038343139352e363530302b3030302e3135382f""}"
2026-07-03T20:37:21Z,862272088833183,Codec8E,2026-07-03 20:37:21.000 UTC,1783111041000,0,41.5458400,-8.4198216,158,228,8,12,0,"{""239"":1,""240"":1,""80"":1,""21"":5,""200"":0,""69"":1,""237"":2,""113"":100,""263"":1,""303"":1,""383"":3,""30"":0,""31"":41,""32"":47,""33"":255,""35"":87,""37"":16,""38"":238,""39"":27,""181"":22,""182"":13,""66"":14193,""24"":12,""206"":26,""67"":4041,""68"":0,""13"":67,""17"":-21,""18"":-294,""19"":35,""15"":1000,""13201"":326,""36"":1983,""40"":183,""43"":0,""241"":26801,""199"":26,""16"":62960,""12"":339,""449"":0,""636"":110380083,""11"":893510181,""238"":0,""14"":2540732448,""387"":""2b3431353435382e343030302d303038343139382e323136372b3030302e3135382f""}"
2026-07-03T20:37:25Z,862272088833183,Codec8E,2026-07-03 20:37:22.000 UTC,1783111042000,0,41.5458133,-8.4197783,158,141,8,12,0,"{""239"":1,""240"":1,""80"":1,""21"":5,""200"":0,""69"":1,""237"":2,""113"":100,""263"":1,""303"":1,""383"":3,""30"":0,""31"":41,""32"":47,""33"":255,""35"":87,""37"":16,""38"":238,""39"":27,""181"":27,""182"":13,""66"":14214,""24"":12,""206"":26,""67"":4039,""68"":0,""13"":67,""17"":-35,""18"":-342,""19"":60,""15"":1000,""13201"":326,""36"":1983,""40"":183,""43"":0,""241"":26801,""199"":31,""16"":62965,""12"":339,""449"":0,""636"":110218804,""11"":893510181,""238"":0,""14"":2540732448,""387"":""2b3431353435382e313333332d303038343139372e373833332b3030302e3135382f""}"
2026-07-03T20:37:25Z,862272088833183,Codec8E,2026-07-03 20:37:23.000 UTC,1783111043000,0,41.5458133,-8.4197283,158,101,8,12,0,"{""239"":1,""240"":1,""80"":1,""21"":5,""200"":0,""69"":1,""237"":2,""113"":100,""263"":1,""303"":1,""383"":3,""30"":0,""31"":5,""32"":47,""33"":247,""35"":17,""37"":13,""38"":240,""39"":28,""181"":20,""182"":12,""66"":14216,""24"":12,""206"":26,""67"":4037,""68"":0,""13"":67,""17"":-17,""18"":-201,""19"":229,""15"":1000,""13201"":326,""36"":1268,""40"":666,""43"":0,""241"":26801,""199"":35,""16"":62969,""12"":339,""449"":0,""636"":110218804,""11"":893510181,""238"":0,""14"":2540732448,""387"":""2b3431353435382e313333332d303038343139372e323833332b3030302e3135382f""}"
2026-07-03T20:37:26Z,862272088833183,Codec8E,2026-07-03 20:37:25.000 UTC,1783111045000,0,41.5458316,-8.4196083,158,82,8,14,0,"{""239"":1,""240"":1,""80"":1,""21"":5,""200"":0,""69"":1,""237"":2,""113"":100,""263"":1,""303"":1,""383"":3,""30"":0,""31"":5,""32"":47,""33"":247,""35"":17,""37"":13,""38"":240,""39"":28,""181"":27,""182"":13,""66"":14228,""24"":14,""206"":26,""67"":4037,""68"":0,""13"":67,""17"":92,""18"":-17,""19"":81,""15"":1000,""13201"":327,""36"":1268,""40"":666,""43"":0,""241"":26801,""199"":45,""16"":62979,""12"":339,""449"":0,""636"":110218804,""11"":893510181,""238"":0,""14"":2540732448,""387"":""2b3431353435382e333136372d303038343139362e303833332b3030302e3135382f""}"
2026-07-03T20:37:27Z,862272088833183,Codec8E,2026-07-03 20:37:27.000 UTC,1783111047000,0,41.5459250,-8.4194133,158,62,8,19,0,"{""239"":1,""240"":1,""80"":1,""21"":5,""200"":0,""69"":1,""237"":2,""113"":100,""263"":1,""303"":1,""383"":3,""30"":0,""31"":46,""32"":47,""33"":243,""35"":124,""37"":34,""38"":222,""39"":27,""181"":15,""182"":12,""66"":14188,""24"":19,""206"":26,""67"":4040,""68"":0,""13"":67,""17"":-59,""18"":29,""19"":136,""15"":1000,""13201"":328,""36"":3146,""40"":1500,""43"":0,""241"":26801,""199"":65,""16"":62999,""12"":339,""449"":0,""636"":110218805,""11"":893510181,""238"":0,""14"":2540732448,""387"":""2b3431353435392e323530302d303038343139342e313333332b3030302e3135382f""}"
2026-07-03T20:37:30Z,862272088833183,Codec8E,2026-07-03 20:37:30.000 UTC,1783111050000,0,41.5461300,-8.4190383,157,54,8,31,0,"{""239"":1,""240"":1,""80"":1,""21"":5,""200"":0,""69"":1,""237"":2,""113"":100,""263"":1,""303"":1,""383"":3,""30"":0,""31"":46,""32"":47,""33"":243,""35"":124,""37"":34,""38"":222,""39"":27,""181"":15,""182"":12,""66"":14228,""24"":31,""206"":26,""67"":4041,""68"":0,""13"":67,""17"":12,""18"":-89,""19"":-20,""15"":1000,""13201"":328,""36"":3146,""40"":1500,""43"":0,""241"":26801,""199"":103,""16"":63037,""12"":339,""449"":0,""636"":110218805,""11"":893510181,""238"":0,""14"":2540732448,""387"":""2b3431353436312e333030302d303038343139302e333833332b3030302e3135372f""}"
2026-07-03T20:37:34Z,862272088833183,Codec8E,2026-07-03 20:37:34.000 UTC,1783111054000,0,41.5464166,-8.4185883,157,44,7,39,0,"{""239"":1,""240"":1,""80"":1,""21"":5,""200"":0,""69"":1,""237"":2,""113"":100,""263"":1,""303"":1,""383"":3,""30"":0,""31"":49,""32"":48,""33"":247,""35"":29,""37"":40,""38"":234,""39"":27,""181"":16,""182"":13,""66"":14223,""24"":39,""206"":26,""67"":4041,""68"":0,""13"":67,""17"":61,""18"":-68,""19"":-47,""15"":1000,""13201"":329,""36"":2758,""40"":636,""43"":0,""241"":26801,""199"":152,""16"":63086,""12"":339,""449"":0,""636"":110218805,""11"":893510181,""238"":0,""14"":2540732448,""387"":""2b3431353436342e313636372d303038343138352e383833332b3030302e3135372f""}"
2026-07-03T20:37:40Z,862272088833183,Codec8E,2026-07-03 20:37:40.000 UTC,1783111060000,0,41.5469166,-8.4180566,157,34,9,39,0,"{""239"":1,""240"":1,""80"":1,""21"":5,""200"":0,""69"":1,""237"":2,""113"":100,""263"":1,""303"":1,""383"":3,""30"":0,""31"":39,""32"":48,""33"":248,""35"":19,""37"":40,""38"":234,""39"":28,""181"":15,""182"":12,""66"":14200,""24"":39,""206"":26,""67"":4040,""68"":0,""13"":67,""17"":115,""18"":-75,""19"":-116,""15"":1000,""13201"":329,""36"":2758,""40"":1311,""43"":0,""241"":26801,""199"":224,""16"":63158,""12"":339,""449"":0,""636"":110218805,""11"":893510181,""238"":0,""14"":2540732448,""387"":""2b3431353436392e313636372d303038343138302e353636372b3030302e3135372f""}"
2026-07-03T20:37:52Z,862272088833183,Codec8E,2026-07-03 20:37:49.000 UTC,1783111069000,0,41.5476933,-8.4172683,156,41,9,49,0,"{""239"":1,""240"":1,""80"":1,""21"":5,""200"":0,""69"":1,""237"":2,""113"":100,""263"":1,""303"":1,""383"":3,""30"":0,""31"":47,""32"":49,""33"":249,""35"":123,""37"":38,""38"":245,""39"":29,""181"":26,""182"":12,""66"":14208,""24"":49,""206"":26,""67"":4042,""68"":0,""13"":67,""17"":-34,""18"":24,""19"":129,""15"":1000,""13201"":331,""36"":2506,""40"":2775,""43"":0,""241"":26801,""199"":332,""16"":63266,""12"":339,""449"":0,""636"":110218804,""11"":893510181,""238"":0,""14"":2540732448,""387"":""2b3431353437362e393333332d303038343137322e363833332b3030302e3135362f""}"
2026-07-03T20:37:52Z,862272088833183,Codec8E,2026-07-03 20:37:51.000 UTC,1783111071000,0,41.5479333,-8.4170149,156,38,9,55,255,"{""239"":1,""240"":1,""80"":1,""21"":5,""200"":0,""69"":1,""237"":2,""113"":100,""263"":1,""303"":1,""383"":3,""30"":0,""31"":5,""32"":49,""33"":252,""35"":122,""37"":54,""38"":246,""39"":30,""255"":55,""181"":26,""182"":12,""66"":14218,""24"":55,""206"":26,""67"":4037,""68"":0,""13"":67,""17"":-17,""18"":119,""19"":109,""15"":1000,""13201"":331,""36"":2693,""40"":2641,""43"":0,""241"":26801,""199"":366,""16"":63300,""12"":339,""449"":0,""636"":110218803,""11"":893510181,""238"":0,""14"":2540732448,""387"":""2b3431353437392e333333332d303038343137302e313530302b3030302e3135362f""}"
2026-07-03T20:37:56Z,862272088833183,Codec8E,2026-07-03 20:37:56.000 UTC,1783111076000,0,41.5485416,-8.4161916,155,51,9,66,0,"{""239"":1,""240"":1,""80"":1,""21"":5,""200"":0,""69"":1,""237"":2,""113"":100,""263"":1,""303"":1,""383"":3,""30"":0,""31"":69,""32"":50,""33"":0,""35"":109,""37"":67,""38"":243,""39"":30,""181"":26,""182"":12,""66"":14225,""24"":66,""206"":26,""67"":4041,""68"":0,""13"":67,""17"":230,""18"":169,""19"":290,""15"":1000,""13201"":331,""36"":2420,""40"":2236,""43"":0,""241"":26801,""199"":463,""16"":63397,""12"":339,""449"":0,""636"":110218803,""11"":893510181,""238"":0,""14"":2540732448,""387"":""2b3431353438352e343136372d303038343136312e393136372b3030302e3135352f""}"
2026-07-03T20:38:00Z,862272088833183,Codec8E,2026-07-03 20:38:00.000 UTC,1783111080000,0,41.5490133,-8.4153016,149,55,9,77,0,"{""239"":1,""240"":1,""80"":1,""21"":5,""200"":0,""69"":1,""237"":2,""113"":100,""263"":1,""303"":1,""383"":3,""30"":0,""31"":68,""32"":51,""33"":247,""35"":116,""37"":82,""38"":238,""39"":32,""181"":14,""182"":11,""66"":14227,""24"":77,""206"":26,""67"":4042,""68"":0,""13"":67,""17"":162,""18"":5,""19"":98,""15"":1000,""13201"":331,""36"":2973,""40"":2158,""43"":0,""241"":26801,""199"":554,""16"":63488,""12"":339,""449"":0,""636"":110218803,""11"":893510181,""238"":0,""14"":2540732448,""387"":""2b3431353439302e313333332d303038343135332e303136372b3030302e3134392f""}"
2026-07-03T20:38:06Z,862272088833183,Codec8E,2026-07-03 20:38:05.000 UTC,1783111085000,0,41.5495166,-8.4141266,143,60,9,78,0,"{""239"":1,""240"":1,""80"":1,""21"":5,""200"":0,""69"":1,""237"":2,""113"":100,""263"":1,""303"":1,""383"":3,""30"":0,""31"":24,""32"":51,""33"":249,""35"":43,""37"":79,""38"":235,""39"":31,""181"":14,""182"":11,""66"":14240,""24"":78,""206"":26,""67"":4042,""68"":0,""13"":67,""17"":13,""18"":-70,""19"":-6,""15"":1000,""13201"":332,""36"":2075,""40"":416,""43"":0,""241"":26801,""199"":669,""16"":63603,""12"":339,""449"":0,""636"":110170165,""11"":893510181,""238"":0,""14"":2540732448,""387"":""2b3431353439352e313636372d303038343134312e323636372b3030302e3134332f""}"
2026-07-03T20:38:12Z,862272088833183,Codec8E,2026-07-03 20:38:11.000 UTC,1783111091000,0,41.5500199,-8.4128416,140,60,9,74,0,"{""239"":1,""240"":1,""80"":1,""21"":5,""200"":0,""69"":1,""237"":2,""113"":100,""263"":1,""303"":1,""383"":3,""30"":0,""31"":4,""32"":52,""33"":0,""35"":19,""37"":70,""38"":242,""39"":32,""181"":14,""182"":11,""66"":14226,""24"":74,""206"":26,""67"":4042,""68"":0,""13"":67,""17"":57,""18"":3,""19"":106,""15"":1000,""13201"":333,""36"":1828,""40"":1233,""43"":0,""241"":26801,""199"":790,""16"":63724,""12"":339,""449"":0,""636"":110170163,""11"":893510181,""238"":0,""14"":2540732448,""387"":""2b3431353530302e323030302d303038343132382e343136372b3030302e3134302f""}"
2026-07-03T20:38:16Z,862272088833183,Codec8E,2026-07-03 20:38:16.000 UTC,1783111096000,0,41.5504683,-8.4117283,138,61,8,75,0,"{""239"":1,""240"":1,""80"":1,""21"":5,""200"":0,""69"":1,""237"":2,""113"":100,""263"":1,""303"":1,""383"":3,""30"":0,""31"":58,""32"":53,""33"":247,""35"":125,""37"":74,""38"":244,""39"":33,""181"":19,""182"":12,""66"":14227,""24"":75,""206"":26,""67"":4042,""68"":0,""13"":67,""17"":68,""18"":17,""19"":-102,""15"":1000,""13201"":333,""36"":1933,""40"":1272,""43"":0,""241"":26801,""199"":895,""16"":63829,""12"":339,""449"":0,""636"":110170163,""11"":893510181,""238"":0,""14"":2540732448,""387"":""2b3431353530342e363833332d303038343131372e323833332b3030302e3133382f""}"
2026-07-03T20:38:22Z,862272088833183,Codec8E,2026-07-03 20:38:21.000 UTC,1783111101000,0,41.5508383,-8.4107966,137,62,9,63,0,"{""239"":1,""240"":1,""80"":1,""21"":5,""200"":0,""69"":1,""237"":2,""113"":100,""263"":1,""303"":1,""383"":3,""30"":0,""31"":20,""32"":53,""33"":0,""35"":25,""37"":72,""38"":231,""39"":32,""181"":26,""182"":12,""66"":14156,""24"":63,""206"":26,""67"":4042,""68"":0,""13"":67,""17"":8,""18"":15,""19"":-23,""15"":1000,""13201"":334,""36"":1894,""40"":111,""43"":0,""241"":26801,""199"":983,""16"":63917,""12"":339,""449"":0,""636"":110170163,""11"":893510181,""238"":0,""14"":2540732448,""387"":""2b3431353530382e333833332d303038343130372e393636372b3030302e3133372f""}"
2026-07-03T20:38:26Z,862272088833183,Codec8E,2026-07-03 20:38:26.000 UTC,1783111106000,0,41.5511433,-8.4100583,137,60,9,52,0,"{""239"":1,""240"":1,""80"":1,""21"":5,""200"":0,""69"":1,""237"":2,""113"":100,""263"":1,""303"":1,""383"":3,""30"":0,""31"":4,""32"":53,""33"":0,""35"":23,""37"":54,""38"":243,""39"":32,""181"":22,""182"":12,""66"":14221,""24"":52,""206"":26,""67"":4041,""68"":0,""13"":67,""17"":0,""18"":0,""19"":-19,""15"":1000,""13201"":334,""36"":810,""40"":286,""43"":0,""241"":26801,""199"":1053,""16"":63987,""12"":339,""449"":0,""636"":110170164,""11"":893510181,""238"":0,""14"":2540732448,""387"":""2b3431353531312e343333332d303038343130302e353833332b3030302e3133372f""}"
2026-07-03T20:38:36Z,862272088833183,Codec8E,2026-07-03 20:38:34.000 UTC,1783111114000,0,41.5516233,-8.4089149,137,60,9,49,0,"{""239"":1,""240"":1,""80"":1,""21"":5,""200"":0,""69"":1,""237"":2,""113"":100,""263"":1,""303"":1,""383"":3,""30"":0,""31"":27,""32"":54,""33"":10,""35"":58,""37"":49,""38"":237,""39"":32,""181"":26,""182"":12,""66"":14235,""24"":49,""206"":26,""67"":4040,""68"":0,""13"":67,""17"":13,""18"":20,""19"":12,""15"":1000,""13201"":335,""36"":1777,""40"":344,""43"":0,""241"":26801,""199"":1162,""16"":64096,""12"":339,""449"":0,""636"":110136885,""11"":893510181,""238"":0,""14"":2540732448,""387"":""2b3431353531362e323333332d303038343038392e313530302b3030302e3133372f""}"
2026-07-03T20:38:42Z,862272088833183,Codec8E,2026-07-03 20:38:42.000 UTC,1783111122000,0,41.5521300,-8.4077900,137,61,9,49,0,"{""239"":1,""240"":1,""80"":1,""21"":5,""200"":0,""69"":1,""237"":2,""113"":100,""263"":1,""303"":1,""383"":3,""30"":0,""31"":16,""32"":54,""33"":21,""35"":56,""37"":49,""38"":244,""39"":33,""181"":26,""182"":12,""66"":14210,""24"":49,""206"":26,""67"":4042,""68"":0,""13"":67,""17"":106,""18"":-9,""19"":159,""15"":1000,""13201"":335,""36"":1784,""40"":183,""43"":0,""241"":26801,""199"":1271,""16"":64205,""12"":339,""449"":0,""636"":110170164,""11"":893510181,""238"":0,""14"":2540732448,""387"":""2b3431353532312e333030302d303038343037372e393030302b3030302e3133372f""}"
2026-07-03T20:38:45Z,862272088833183,Codec8E,2026-07-03 20:38:44.000 UTC,1783111124000,0,41.5522400,-8.4075000,137,62,9,48,255,"{""239"":1,""240"":1,""80"":1,""21"":5,""200"":0,""69"":1,""237"":2,""113"":100,""263"":1,""303"":1,""383"":3,""30"":0,""31"":16,""32"":54,""33"":21,""35"":56,""37"":49,""38"":244,""39"":33,""255"":48,""181"":14,""182"":11,""66"":14224,""24"":48,""206"":26,""67"":4041,""68"":0,""13"":67,""17"":27,""18"":77,""19"":127,""15"":1000,""13201"":336,""36"":1784,""40"":183,""43"":0,""241"":26801,""199"":1298,""16"":64232,""12"":339,""449"":0,""636"":110136885,""11"":893510181,""238"":0,""14"":2540732448,""387"":""2b3431353532322e343030302d303038343037352e303030302b3030302e3133372f""}"
2026-07-03T20:38:53Z,862272088833183,Codec8E,2026-07-03 20:38:52.000 UTC,1783111132000,0,41.5527083,-8.4063566,139,61,9,51,0,"{""239"":1,""240"":1,""80"":1,""21"":5,""200"":0,""69"":1,""237"":2,""113"":100,""263"":1,""303"":1,""383"":3,""30"":0,""31"":59,""32"":54,""33"":247,""35"":88,""37"":52,""38"":236,""39"":35,""181"":26,""182"":12,""66"":14210,""24"":51,""206"":26,""67"":4042,""68"":0,""13"":67,""17"":270,""18"":-30,""19"":150,""15"":1000,""13201"":336,""36"":2599,""40"":144,""43"":0,""241"":26801,""199"":1406,""16"":64340,""12"":339,""449"":0,""636"":110136885,""11"":893510181,""238"":0,""14"":2540732448,""387"":""2b3431353532372e303833332d303038343036332e353636372b3030302e3133392f""}"
2026-07-03T20:38:57Z,862272088833183,Codec8E,2026-07-03 20:38:54.000 UTC,1783111134000,0,41.5528333,-8.4060366,138,61,9,52,255,"{""239"":1,""240"":1,""80"":1,""21"":5,""200"":0,""69"":1,""237"":2,""113"":100,""263"":1,""303"":1,""383"":3,""30"":0,""31"":59,""32"":54,""33"":247,""35"":88,""37"":52,""38"":236,""39"":35,""255"":52,""181"":26,""182"":12,""66"":14222,""24"":52,""206"":26,""67"":4038,""68"":0,""13"":67,""17"":-5,""18"":47,""19"":5,""15"":1000,""13201"":336,""36"":2599,""40"":144,""43"":0,""241"":26801,""199"":1436,""16"":64370,""12"":339,""449"":0,""636"":110136883,""11"":893510181,""238"":0,""14"":2540732448,""387"":""2b3431353532382e333333332d303038343036302e333636372b3030302e3133382f""}"
2026-07-03T20:39:00Z,862272088833183,Codec8E,2026-07-03 20:39:00.000 UTC,1783111140000,0,41.5532816,-8.4049250,130,63,9,63,0,"{""239"":1,""240"":1,""80"":1,""21"":5,""200"":0,""69"":1,""237"":2,""113"":100,""263"":1,""303"":1,""383"":3,""30"":0,""31"":14,""32"":55,""33"":254,""35"":55,""37"":66,""38"":240,""39"":35,""181"":18,""182"":12,""66"":14219,""24"":63,""206"":26,""67"":4042,""68"":0,""13"":67,""17"":-84,""18"":77,""19"":109,""15"":1000,""13201"":337,""36"":2391,""40"":1555,""43"":0,""241"":26801,""199"":1541,""16"":64475,""12"":339,""449"":0,""636"":110136884,""11"":893510181,""238"":0,""14"":2540732448,""387"":""2b3431353533322e383136372d303038343034392e323530302b3030302e3133302f""}"
2026-07-03T20:39:05Z,862272088833183,Codec8E,2026-07-03 20:39:05.000 UTC,1783111145000,0,41.5536916,-8.4038016,128,63,9,73,0,"{""239"":1,""240"":1,""80"":1,""21"":5,""200"":0,""69"":1,""237"":2,""113"":100,""263"":1,""303"":1,""383"":3,""30"":0,""31"":53,""32"":55,""33"":244,""35"":129,""37"":74,""38"":241,""39"":37,""181"":22,""182"":12,""66"":14220,""24"":73,""206"":26,""67"":4041,""68"":0,""13"":67,""17"":121,""18"":46,""19"":66,""15"":1000,""13201"":337,""36"":2698,""40"":2097,""43"":0,""241"":26801,""199"":1645,""16"":64579,""12"":339,""449"":0,""636"":110136884,""11"":893510181,""238"":0,""14"":2540732448,""387"":""2b3431353533362e393136372d303038343033382e303136372b3030302e3132382f""}"
2026-07-03T20:39:10Z,862272088833183,Codec8E,2026-07-03 20:39:10.000 UTC,1783111150000,0,41.5541383,-8.4026483,126,61,9,76,0,"{""239"":1,""240"":1,""80"":1,""21"":5,""200"":0,""69"":1,""237"":2,""113"":100,""263"":1,""303"":1,""383"":3,""30"":0,""31"":36,""32"":55,""33"":249,""35"":114,""37"":78,""38"":231,""39"":36,""181"":14,""182"":11,""66"":14220,""24"":76,""206"":26,""67"":4041,""68"":0,""13"":67,""17"":41,""18"":-13,""19"":-95,""15"":1000,""13201"":338,""36"":2029,""40"":197,""43"":0,""241"":26801,""199"":1753,""16"":64687,""12"":339,""449"":0,""636"":110136884,""11"":893510181,""238"":0,""14"":2540732448,""387"":""2b3431353534312e333833332d303038343032362e343833332b3030302e3132362f""}"
2026-07-03T20:39:19Z,862272088833183,Codec8E,2026-07-03 20:39:16.000 UTC,1783111156000,0,41.5546200,-8.4014383,124,61,9,66,0,"{""239"":1,""240"":1,""80"":1,""21"":5,""200"":0,""69"":1,""237"":2,""113"":100,""263"":1,""303"":1,""383"":3,""30"":0,""31"":10,""32"":56,""33"":0,""35"":17,""37"":70,""38"":231,""39"":36,""181"":14,""182"":11,""66"":14153,""24"":66,""206"":26,""67"":4042,""68"":0,""13"":67,""17"":141,""18"":-14,""19"":-263,""15"":1000,""13201"":338,""36"":1856,""40"":100,""43"":0,""241"":26801,""199"":1867,""16"":64801,""12"":339,""449"":0,""636"":110136884,""11"":893510181,""238"":0,""14"":2540732448,""387"":""2b3431353534362e323030302d303038343031342e333833332b3030302e3132342f""}"
2026-07-03T20:39:19Z,862272088833183,Codec8E,2026-07-03 20:39:18.000 UTC,1783111158000,0,41.5547150,-8.4011716,124,66,9,56,0,"{""239"":1,""240"":1,""80"":1,""21"":5,""200"":0,""69"":1,""237"":2,""113"":100,""263"":1,""303"":1,""383"":3,""30"":0,""31"":10,""32"":56,""33"":0,""35"":17,""37"":70,""38"":231,""39"":36,""181"":18,""182"":12,""66"":14119,""24"":56,""206"":26,""67"":4037,""68"":0,""13"":67,""17"":187,""18"":475,""19"":-138,""15"":1000,""13201"":338,""36"":1856,""40"":100,""43"":0,""241"":26801,""199"":1892,""16"":64826,""12"":339,""449"":0,""636"":110136884,""11"":893510181,""238"":0,""14"":2540732448,""387"":""2b3431353534372e313530302d303038343031312e373136372b3030302e3132342f""}"
2026-07-03T20:39:20Z,862272088833183,Codec8E,2026-07-03 20:39:20.000 UTC,1783111160000,0,41.5547199,-8.4009866,124,99,9,44,0,"{""239"":1,""240"":1,""80"":1,""21"":5,""200"":0,""69"":1,""237"":2,""113"":100,""263"":1,""303"":1,""383"":3,""30"":0,""31"":4,""32"":56,""33"":0,""35"":19,""37"":50,""38"":243,""39"":36,""181"":18,""182"":12,""66"":14173,""24"":44,""206"":26,""67"":4038,""68"":0,""13"":67,""17"":114,""18"":334,""19"":-30,""15"":1000,""13201"":339,""36"":877,""40"":150,""43"":0,""241"":26801,""199"":1908,""16"":64842,""12"":339,""449"":0,""636"":110136884,""11"":893510181,""238"":0,""14"":2540732448,""387"":""2b3431353534372e323030302d303038343030392e383636372b3030302e3132342f""}"
2026-07-03T20:39:21Z,862272088833183,Codec8E,2026-07-03 20:39:20.010 UTC,1783111160010,0,41.5547199,-8.4009866,124,99,9,44,255,"{""239"":1,""240"":1,""80"":1,""21"":5,""200"":0,""69"":1,""237"":2,""113"":100,""263"":1,""303"":1,""383"":3,""30"":0,""31"":4,""32"":56,""33"":0,""35"":19,""37"":50,""38"":243,""39"":36,""255"":44,""181"":26,""182"":13,""66"":14184,""24"":44,""206"":26,""67"":4039,""68"":0,""13"":67,""17"":76,""18"":286,""19"":166,""15"":1000,""13201"":339,""36"":877,""40"":150,""43"":0,""241"":26801,""199"":1908,""16"":64842,""12"":339,""449"":0,""636"":110136884,""11"":893510181,""238"":0,""14"":2540732448,""387"":""2b3431353534372e323030302d303038343030392e383636372b3030302e3132342f""}"
2026-07-03T20:39:21Z,862272088833183,Codec8E,2026-07-03 20:39:20.020 UTC,1783111160020,0,41.5547199,-8.4009866,124,99,9,44,253,"{""239"":1,""240"":1,""80"":1,""21"":5,""200"":0,""69"":1,""237"":2,""113"":100,""263"":1,""303"":1,""383"":3,""30"":0,""31"":4,""32"":56,""33"":0,""35"":19,""37"":50,""38"":243,""39"":36,""253"":3,""254"":41,""181"":26,""182"":13,""66"":14184,""24"":44,""206"":26,""67"":4039,""68"":0,""13"":67,""17"":76,""18"":286,""19"":166,""15"":1000,""13201"":339,""36"":877,""40"":150,""43"":0,""241"":26801,""199"":1908,""16"":64842,""12"":339,""449"":0,""636"":110136884,""11"":893510181,""238"":0,""14"":2540732448,""387"":""2b3431353534372e323030302d303038343030392e383636372b3030302e3132342f""}"
2026-07-03T20:39:24Z,862272088833183,Codec8E,2026-07-03 20:39:24.000 UTC,1783111164000,0,41.5544783,-8.4008166,124,146,9,36,0,"{""239"":1,""240"":1,""80"":1,""21"":5,""200"":0,""69"":1,""237"":2,""113"":100,""263"":1,""303"":1,""383"":3,""30"":0,""31"":12,""32"":56,""33"":21,""35"":24,""37"":27,""38"":242,""39"":36,""181"":5,""182"":4,""66"":14227,""24"":36,""206"":26,""67"":4042,""68"":0,""13"":67,""17"":31,""18"":-37,""19"":-19,""15"":1000,""13201"":339,""36"":1931,""40"":1461,""43"":0,""241"":26801,""199"":1946,""16"":64880,""12"":339,""449"":0,""636"":110136883,""11"":893510181,""238"":0,""14"":2540732448,""387"":""2b3431353534342e373833332d303038343030382e313636372b3030302e3132342f""}"
2026-07-03T20:39:25Z,862272088833183,Codec8E,2026-07-03 20:39:24.010 UTC,1783111164010,0,41.5544783,-8.4008166,124,146,9,36,253,"{""239"":1,""240"":1,""80"":1,""21"":5,""200"":0,""69"":1,""237"":2,""113"":100,""263"":1,""303"":1,""383"":3,""30"":0,""31"":12,""32"":56,""33"":21,""35"":24,""37"":27,""38"":242,""39"":36,""253"":3,""254"":66,""181"":14,""182"":11,""66"":14223,""24"":36,""206"":26,""67"":4041,""68"":0,""13"":67,""17"":58,""18"":-3,""19"":-32,""15"":1000,""13201"":339,""36"":1931,""40"":1461,""43"":0,""241"":26801,""199"":1946,""16"":64880,""12"":339,""449"":0,""636"":110377524,""11"":893510181,""238"":0,""14"":2540732448,""387"":""2b3431353534342e373833332d303038343030382e313636372b3030302e3132342f""}"
2026-07-03T20:39:33Z,862272088833183,Codec8E,2026-07-03 20:39:33.000 UTC,1783111173000,0,41.5540433,-8.4004049,134,148,10,24,0,"{""239"":1,""240"":1,""80"":1,""21"":5,""200"":0,""69"":1,""237"":2,""113"":100,""263"":1,""303"":1,""383"":3,""30"":0,""31"":4,""32"":56,""33"":0,""35"":19,""37"":18,""38"":243,""39"":36,""181"":15,""182"":9,""66"":14204,""24"":24,""206"":26,""67"":4042,""68"":0,""13"":67,""17"":40,""18"":61,""19"":-11,""15"":500,""13201"":339,""36"":861,""40"":130,""43"":0,""241"":26801,""199"":2009,""16"":64943,""12"":339,""449"":0,""636"":110377524,""11"":893510181,""238"":0,""14"":2540732448,""387"":""2b3431353534302e343333332d303038343030342e303530302b3030302e3133342f""}"
2026-07-03T20:39:44Z,862272088833183,Codec8E,2026-07-03 20:39:43.000 UTC,1783111183000,0,41.5535033,-8.4001600,142,161,12,25,0,"{""239"":1,""240"":1,""80"":1,""21"":5,""200"":0,""69"":1,""237"":2,""113"":100,""263"":1,""303"":1,""383"":3,""30"":0,""31"":24,""32"":56,""33"":244,""35"":33,""37"":24,""38"":240,""39"":37,""181"":15,""182"":8,""66"":14221,""24"":25,""206"":26,""67"":4042,""68"":0,""13"":67,""17"":12,""18"":30,""19"":-35,""15"":500,""13201"":340,""36"":2219,""40"":608,""43"":0,""241"":26801,""199"":2073,""16"":65007,""12"":339,""449"":0,""636"":110136883,""11"":893510181,""238"":0,""14"":2540732448,""387"":""2b3431353533352e303333332d303038343030312e363030302b3030302e3134322f""}"
2026-07-03T20:39:47Z,862272088833183,Codec8E,2026-07-03 20:39:47.000 UTC,1783111187000,0,41.5532416,-8.4000650,145,172,12,25,0,"{""239"":1,""240"":1,""80"":1,""21"":5,""200"":0,""69"":1,""237"":2,""113"":100,""263"":1,""303"":1,""383"":3,""30"":0,""31"":17,""32"":56,""33"":248,""35"":30,""37"":26,""38"":237,""39"":37,""181"":13,""182"":8,""66"":14197,""24"":25,""206"":26,""67"":4042,""68"":0,""13"":67,""17"":59,""18"":16,""19"":-14,""15"":500,""13201"":339,""36"":2452,""40"":452,""43"":0,""241"":26801,""199"":2103,""16"":65037,""12"":339,""449"":0,""636"":110377524,""11"":893510181,""238"":0,""14"":2540732448,""387"":""2b3431353533322e343136372d303038343030302e363530302b3030302e3134352f""}"
2026-07-03T20:39:53Z,862272088833183,Codec8E,2026-07-03 20:39:53.000 UTC,1783111193000,0,41.5529100,-8.3999583,150,160,11,24,0,"{""239"":1,""240"":1,""80"":1,""21"":5,""200"":0,""69"":1,""237"":2,""113"":100,""263"":1,""303"":1,""383"":3,""30"":0,""31"":4,""32"":57,""33"":0,""35"":27,""37"":21,""38"":237,""39"":37,""181"":12,""182"":8,""66"":14228,""24"":24,""206"":26,""67"":4042,""68"":0,""13"":67,""17"":26,""18"":-122,""19"":5,""15"":500,""13201"":341,""36"":1925,""40"":666,""43"":0,""241"":26801,""199"":2142,""16"":65076,""12"":339,""449"":0,""636"":110377524,""11"":893510181,""238"":0,""14"":2540732448,""387"":""2b3431353532392e313030302d303038333939392e353833332b3030302e3135302f""}"
2026-07-03T20:39:54Z,862272088833183,Codec8E,2026-07-03 20:39:54.000 UTC,1783111194000,0,41.5528650,-8.3999083,151,146,12,24,0,"{""239"":1,""240"":1,""80"":1,""21"":5,""200"":0,""69"":1,""237"":2,""113"":100,""263"":1,""303"":1,""383"":3,""30"":0,""31"":4,""32"":57,""33"":0,""35"":27,""37"":21,""38"":237,""39"":37,""181"":17,""182"":9,""66"":14209,""24"":24,""206"":26,""67"":4040,""68"":0,""13"":67,""17"":-59,""18"":-151,""19"":35,""15"":500,""13201"":341,""36"":1925,""40"":666,""43"":0,""241"":26801,""199"":2148,""16"":65082,""12"":339,""449"":0,""636"":110377524,""11"":893510181,""238"":0,""14"":2540732448,""387"":""2b3431353532382e363530302d303038333939392e303833332b3030302e3135312f""}"
2026-07-03T20:39:55Z,862272088833183,Codec8E,2026-07-03 20:39:55.000 UTC,1783111195000,0,41.5528233,-8.3998500,152,131,12,24,0,"{""239"":1,""240"":1,""80"":1,""21"":5,""200"":0,""69"":1,""237"":2,""113"":100,""263"":1,""303"":1,""383"":3,""30"":0,""31"":9,""32"":57,""33"":246,""35"":27,""37"":24,""38"":228,""39"":37,""181"":16,""182"":8,""66"":14215,""24"":24,""206"":26,""67"":4039,""68"":0,""13"":67,""17"":7,""18"":-174,""19"":46,""15"":500,""13201"":341,""36"":2319,""40"":505,""43"":0,""241"":26801,""199"":2155,""16"":65089,""12"":339,""449"":0,""636"":110377524,""11"":893510181,""238"":0,""14"":2540732448,""387"":""2b3431353532382e323333332d303038333939382e353030302b3030302e3135322f""}"
2026-07-03T20:39:57Z,862272088833183,Codec8E,2026-07-03 20:39:56.000 UTC,1783111196000,0,41.5528016,-8.3997666,154,117,12,25,0,"{""239"":1,""240"":1,""80"":1,""21"":5,""200"":0,""69"":1,""237"":2,""113"":100,""263"":1,""303"":1,""383"":3,""30"":0,""31"":9,""32"":57,""33"":246,""35"":27,""37"":24,""38"":228,""39"":37,""181"":16,""182"":8,""66"":14221,""24"":25,""206"":26,""67"":4039,""68"":0,""13"":67,""17"":-37,""18"":-185,""19"":78,""15"":500,""13201"":341,""36"":2319,""40"":505,""43"":0,""241"":26801,""199"":2162,""16"":65096,""12"":339,""449"":0,""636"":110377524,""11"":893510181,""238"":0,""14"":2540732448,""387"":""2b3431353532382e303136372d303038333939372e363636372b3030302e3135342f""}"
2026-07-03T20:39:57Z,862272088833183,Codec8E,2026-07-03 20:39:57.000 UTC,1783111197000,0,41.5527833,-8.3996783,154,102,12,25,0,"{""239"":1,""240"":1,""80"":1,""21"":5,""200"":0,""69"":1,""237"":2,""113"":100,""263"":1,""303"":1,""383"":3,""30"":0,""31"":9,""32"":57,""33"":246,""35"":27,""37"":24,""38"":228,""39"":37,""181"":15,""182"":8,""66"":14217,""24"":25,""206"":26,""67"":4039,""68"":0,""13"":67,""17"":18,""18"":-177,""19"":77,""15"":500,""13201"":341,""36"":2319,""40"":505,""43"":0,""241"":26801,""199"":2170,""16"":65104,""12"":339,""449"":0,""636"":110377524,""11"":893510181,""238"":0,""14"":2540732448,""387"":""2b3431353532372e383333332d303038333939362e373833332b3030302e3135342f""}"
2026-07-03T20:39:59Z,862272088833183,Codec8E,2026-07-03 20:39:58.000 UTC,1783111198000,0,41.5527783,-8.3995816,157,91,12,25,0,"{""239"":1,""240"":1,""80"":1,""21"":5,""200"":0,""69"":1,""237"":2,""113"":100,""263"":1,""303"":1,""383"":3,""30"":0,""31"":9,""32"":57,""33"":246,""35"":27,""37"":24,""38"":228,""39"":37,""181"":11,""182"":8,""66"":14209,""24"":25,""206"":26,""67"":4038,""68"":0,""13"":67,""17"":-15,""18"":-226,""19"":56,""15"":500,""13201"":341,""36"":2319,""40"":505,""43"":0,""241"":26801,""199"":2170,""16"":65104,""12"":339,""449"":0,""636"":110377524,""11"":893510181,""238"":0,""14"":2540732448,""387"":""2b3431353532372e373833332d303038333939352e383136372b3030302e3135372f""}"
2026-07-03T20:39:59Z,862272088833183,Codec8E,2026-07-03 20:39:59.000 UTC,1783111199000,0,41.5527900,-8.3994833,158,81,12,26,0,"{""239"":1,""240"":1,""80"":1,""21"":5,""200"":0,""69"":1,""237"":2,""113"":100,""263"":1,""303"":1,""383"":3,""30"":0,""31"":9,""32"":57,""33"":246,""35"":27,""37"":24,""38"":228,""39"":37,""181"":11,""182"":8,""66"":14204,""24"":26,""206"":26,""67"":4040,""68"":0,""13"":67,""17"":43,""18"":-25,""19"":22,""15"":500,""13201"":341,""36"":2319,""40"":505,""43"":0,""241"":26801,""199"":2186,""16"":65120,""12"":339,""449"":0,""636"":110377524,""11"":893510181,""238"":0,""14"":2540732448,""387"":""2b3431353532372e393030302d303038333939342e383333332b3030302e3135382f""}"
2026-07-03T20:40:00Z,862272088833183,Codec8E,2026-07-03 20:40:00.000 UTC,1783111200000,0,41.5528216,-8.3993866,158,67,12,26,0,"{""239"":1,""240"":1,""80"":1,""21"":5,""200"":0,""69"":1,""237"":2,""113"":100,""263"":1,""303"":1,""383"":3,""30"":0,""31"":19,""32"":57,""33"":252,""35"":65,""37"":27,""38"":236,""39"":38,""181"":11,""182"":8,""66"":14209,""24"":26,""206"":26,""67"":4038,""68"":0,""13"":67,""17"":7,""18"":-9,""19"":-50,""15"":500,""13201"":341,""36"":2590,""40"":119,""43"":0,""241"":26801,""199"":2186,""16"":65120,""12"":339,""449"":0,""636"":110377524,""11"":893510181,""238"":0,""14"":2540732448,""387"":""2b3431353532372e393030302d303038333939342e383333332b3030302e3135382f""}"
2026-07-03T20:40:08Z,862272088833183,Codec8E,2026-07-03 20:40:07.000 UTC,1783111207000,0,41.5530199,-8.3986283,167,80,12,32,0,"{""239"":1,""240"":1,""80"":1,""21"":5,""200"":0,""69"":1,""237"":2,""113"":100,""263"":1,""303"":1,""383"":3,""30"":0,""31"":10,""32"":58,""33"":252,""35"":29,""37"":28,""38"":241,""39"":38,""181"":14,""182"":8,""66"":14221,""24"":32,""206"":26,""67"":4042,""68"":0,""13"":67,""17"":90,""18"":7,""19"":24,""15"":500,""13201"":342,""36"":1925,""40"":980,""43"":0,""241"":26801,""199"":2262,""16"":65196,""12"":339,""449"":0,""636"":110377524,""11"":893510181,""238"":0,""14"":2540732448,""387"":""2b3431353533302e323030302d303038333938362e323833332b3030302e3136372f""}"
2026-07-03T20:40:14Z,862272088833183,Codec8E,2026-07-03 20:40:13.000 UTC,1783111213000,0,41.5530466,-8.3981583,167,84,11,20,0,"{""239"":1,""240"":1,""80"":1,""21"":5,""200"":0,""69"":1,""237"":2,""113"":100,""263"":1,""303"":1,""383"":3,""30"":0,""31"":21,""32"":58,""33"":246,""35"":24,""37"":33,""38"":228,""39"":38,""181"":19,""182"":10,""66"":14208,""24"":20,""206"":26,""67"":4042,""68"":0,""13"":67,""17"":25,""18"":-3,""19"":-40,""15"":500,""13201"":342,""36"":2232,""40"":108,""43"":0,""241"":26801,""199"":2301,""16"":65235,""12"":339,""449"":0,""636"":110344243,""11"":893510181,""238"":0,""14"":2540732448,""387"":""2b3431353533302e343636372d303038333938312e353833332b3030302e3136372f""}"
2026-07-03T20:40:22Z,862272088833183,Codec8E,2026-07-03 20:40:22.000 UTC,1783111222000,0,41.5530833,-8.3974450,172,87,10,30,0,"{""239"":1,""240"":1,""80"":1,""21"":5,""200"":0,""69"":1,""237"":2,""113"":100,""263"":1,""303"":1,""383"":3,""30"":0,""31"":15,""32"":59,""33"":10,""35"":86,""37"":16,""38"":243,""39"":38,""181"":13,""182"":10,""66"":14219,""24"":30,""206"":26,""67"":4042,""68"":0,""13"":67,""17"":-132,""18"":-9,""19"":200,""15"":500,""13201"":343,""36"":1546,""40"":1022,""43"":0,""241"":26801,""199"":2361,""16"":65295,""12"":339,""449"":0,""636"":110590005,""11"":893510181,""238"":0,""14"":2540732448,""387"":""2b3431353533302e383333332d303038333937342e343530302b3030302e3137322f""}"
2026-07-03T20:40:28Z,862272088833183,Codec8E,2026-07-03 20:40:26.000 UTC,1783111226000,0,41.5531283,-8.3968666,175,87,9,40,0,"{""239"":1,""240"":1,""80"":1,""21"":5,""200"":0,""69"":1,""237"":2,""113"":100,""263"":1,""303"":1,""383"":3,""30"":0,""31"":54,""32"":59,""33"":245,""35"":90,""37"":33,""38"":241,""39"":39,""181"":16,""182"":14,""66"":14216,""24"":40,""206"":26,""67"":4041,""68"":0,""13"":67,""17"":-18,""18"":34,""19"":124,""15"":500,""13201"":343,""36"":2963,""40"":1847,""43"":0,""241"":26801,""199"":2409,""16"":65343,""12"":339,""449"":0,""636"":110590005,""11"":893510181,""238"":0,""14"":2540732448,""387"":""2b3431353533312e323833332d303038333936382e363636372b3030302e3137352f""}"
2026-07-03T20:40:32Z,862272088833183,Codec8E,2026-07-03 20:40:31.000 UTC,1783111231000,0,41.5531700,-8.3959866,177,85,10,51,0,"{""239"":1,""240"":1,""80"":1,""21"":5,""200"":0,""69"":1,""237"":2,""113"":100,""263"":1,""303"":1,""383"":3,""30"":0,""31"":65,""32"":59,""33"":248,""35"":29,""37"":46,""38"":240,""39"":40,""181"":14,""182"":11,""66"":14204,""24"":51,""206"":26,""67"":4042,""68"":0,""13"":67,""17"":124,""18"":171,""19"":-69,""15"":500,""13201"":344,""36"":2731,""40"":1741,""43"":0,""241"":26801,""199"":2482,""16"":65416,""12"":339,""449"":0,""636"":110344243,""11"":893510181,""238"":0,""14"":2540732448,""387"":""2b3431353533312e373030302d303038333935392e383636372b3030302e3137372f""}"
2026-07-03T20:40:33Z,862272088833183,Codec8E,2026-07-03 20:40:32.000 UTC,1783111232000,0,41.5531733,-8.3958066,178,89,11,52,255,"{""239"":1,""240"":1,""80"":1,""21"":5,""200"":0,""69"":1,""237"":2,""113"":100,""263"":1,""303"":1,""383"":3,""30"":0,""31"":63,""32"":60,""33"":250,""35"":132,""37"":55,""38"":225,""39"":40,""255"":52,""181"":12,""182"":9,""66"":14178,""24"":52,""206"":26,""67"":4037,""68"":0,""13"":67,""17"":188,""18"":313,""19"":-25,""15"":500,""13201"":344,""36"":2766,""40"":111,""43"":0,""241"":26801,""199"":2497,""16"":65431,""12"":339,""449"":0,""636"":110344243,""11"":893510181,""238"":0,""14"":2540732448,""387"":""2b3431353533312e373333332d303038333935382e303636372b3030302e3137382f""}"
2026-07-03T20:40:38Z,862272088833183,Codec8E,2026-07-03 20:40:34.000 UTC,1783111234000,0,41.5531516,-8.3955083,180,96,12,48,255,"{""239"":1,""240"":1,""80"":1,""21"":5,""200"":0,""69"":1,""237"":2,""113"":100,""263"":1,""303"":1,""383"":3,""30"":0,""31"":63,""32"":60,""33"":250,""35"":132,""37"":55,""38"":225,""39"":40,""255"":48,""181"":11,""182"":8,""66"":14151,""24"":48,""206"":26,""67"":4038,""68"":0,""13"":67,""17"":81,""18"":-269,""19"":-115,""15"":500,""13201"":344,""36"":2766,""40"":111,""43"":0,""241"":26801,""199"":2522,""16"":65456,""12"":339,""449"":0,""636"":110344243,""11"":893510181,""238"":0,""14"":2540732448,""387"":""2b3431353533312e353136372d303038333935352e303833332b3030302e3138302f""}"
2026-07-03T20:40:38Z,862272088833183,Codec8E,2026-07-03 20:40:35.000 UTC,1783111235000,0,41.5530950,-8.3954233,181,117,12,44,0,"{""239"":1,""240"":1,""80"":1,""21"":5,""200"":0,""69"":1,""237"":2,""113"":100,""263"":1,""303"":1,""383"":3,""30"":0,""31"":63,""32"":60,""33"":250,""35"":132,""37"":55,""38"":225,""39"":40,""181"":12,""182"":8,""66"":14150,""24"":44,""206"":26,""67"":4038,""68"":0,""13"":67,""17"":14,""18"":-381,""19"":-109,""15"":500,""13201"":344,""36"":2766,""40"":111,""43"":0,""241"":26801,""199"":2532,""16"":65466,""12"":339,""449"":0,""636"":110344243,""11"":893510181,""238"":0,""14"":2540732448,""387"":""2b3431353533302e393530302d303038333935342e323333332b3030302e3138312f""}"
2026-07-03T20:40:38Z,862272088833183,Codec8E,2026-07-03 20:40:35.010 UTC,1783111235010,0,41.5530950,-8.3954233,181,117,12,44,253,"{""239"":1,""240"":1,""80"":1,""21"":5,""200"":0,""69"":1,""237"":2,""113"":100,""263"":1,""303"":1,""383"":3,""30"":0,""31"":4,""32"":60,""33"":251,""35"":20,""37"":36,""38"":243,""39"":40,""253"":3,""254"":33,""181"":16,""182"":8,""66"":14135,""24"":44,""206"":26,""67"":4037,""68"":0,""13"":67,""17"":-28,""18"":-468,""19"":-148,""15"":500,""13201"":344,""36"":1052,""40"":155,""43"":0,""241"":26801,""199"":2532,""16"":65466,""12"":339,""449"":0,""636"":110344243,""11"":893510181,""238"":0,""14"":2540732448,""387"":""2b3431353533302e393530302d303038333935342e323333332b3030302e3138312f""}"
2026-07-03T20:40:38Z,862272088833183,Codec8E,2026-07-03 20:40:37.000 UTC,1783111237000,0,41.5530383,-8.3952416,181,106,11,38,0,"{""239"":1,""240"":1,""80"":1,""21"":5,""200"":0,""69"":1,""237"":2,""113"":100,""263"":1,""303"":1,""383"":3,""30"":0,""31"":4,""32"":60,""33"":251,""35"":20,""37"":36,""38"":243,""39"":40,""181"":11,""182"":8,""66"":14196,""24"":38,""206"":26,""67"":4037,""68"":0,""13"":67,""17"":62,""18"":-356,""19"":-33,""15"":500,""13201"":344,""36"":1052,""40"":155,""43"":0,""241"":26801,""199"":2548,""16"":65482,""12"":339,""449"":0,""636"":110344243,""11"":893510181,""238"":0,""14"":2540732448,""387"":""2b3431353533302e333833332d303038333935322e343136372b3030302e3138312f""}"
2026-07-03T20:40:40Z,862272088833183,Codec8E,2026-07-03 20:40:38.000 UTC,1783111238000,0,41.5530666,-8.3951799,183,68,12,34,0,"{""239"":1,""240"":1,""80"":1,""21"":5,""200"":0,""69"":1,""237"":2,""113"":100,""263"":1,""303"":1,""383"":3,""30"":0,""31"":4,""32"":60,""33"":251,""35"":20,""37"":36,""38"":243,""39"":40,""181"":13,""182"":9,""66"":14221,""24"":34,""206"":26,""67"":4037,""68"":0,""13"":67,""17"":-15,""18"":-335,""19"":69,""15"":500,""13201"":344,""36"":1052,""40"":155,""43"":0,""241"":26801,""199"":2554,""16"":65488,""12"":339,""449"":0,""636"":110344243,""11"":893510181,""238"":0,""14"":2540732448,""387"":""2b3431353533302e363636372d303038333935312e383030302b3030302e3138332f""}"
2026-07-03T20:40:40Z,862272088833183,Codec8E,2026-07-03 20:40:38.010 UTC,1783111238010,0,41.5530666,-8.3951799,183,68,12,34,253,"{""239"":1,""240"":1,""80"":1,""21"":5,""200"":0,""69"":1,""237"":2,""113"":100,""263"":1,""303"":1,""383"":3,""30"":0,""31"":4,""32"":60,""33"":251,""35"":20,""37"":36,""38"":243,""39"":40,""253"":3,""254"":55,""181"":16,""182"":8,""66"":14198,""24"":34,""206"":26,""67"":4037,""68"":0,""13"":67,""17"":-50,""18"":-113,""19"":170,""15"":500,""13201"":344,""36"":1052,""40"":155,""43"":0,""241"":26801,""199"":2554,""16"":65488,""12"":339,""449"":0,""636"":110344243,""11"":893510181,""238"":0,""14"":2540732448,""387"":""2b3431353533302e363636372d303038333935312e383030302b3030302e3138332f""}"
2026-07-03T20:40:42Z,862272088833183,Codec8E,2026-07-03 20:40:40.000 UTC,1783111240000,0,41.5531449,-8.3950633,185,55,11,29,0,"{""239"":1,""240"":1,""80"":1,""21"":5,""200"":0,""69"":1,""237"":2,""113"":100,""263"":1,""303"":1,""383"":3,""30"":0,""31"":4,""32"":60,""33"":251,""35"":20,""37"":36,""38"":243,""39"":40,""181"":12,""182"":8,""66"":14202,""24"":29,""206"":26,""67"":4037,""68"":0,""13"":67,""17"":138,""18"":28,""19"":195,""15"":500,""13201"":345,""36"":1052,""40"":155,""43"":0,""241"":26801,""199"":2567,""16"":65501,""12"":339,""449"":0,""636"":110344243,""11"":893510181,""238"":0,""14"":2540732448,""387"":""2b3431353533312e343530302d303038333935302e363333332b3030302e3138352f""}"
2026-07-03T20:40:42Z,862272088833183,Codec8E,2026-07-03 20:40:41.000 UTC,1783111241000,0,41.5532516,-8.3950883,184,12,11,29,0,"{""239"":1,""240"":1,""80"":1,""21"":5,""200"":0,""69"":1,""237"":2,""113"":100,""263"":1,""303"":1,""383"":3,""30"":0,""31"":18,""32"":60,""33"":254,""35"":64,""37"":25,""38"":242,""39"":40,""181"":17,""182"":9,""66"":14219,""24"":29,""206"":26,""67"":4037,""68"":0,""13"":67,""17"":-3,""18"":123,""19"":136,""15"":500,""13201"":345,""36"":1697,""40"":1280,""43"":0,""241"":26801,""199"":2579,""16"":65513,""12"":339,""449"":0,""636"":110344243,""11"":893510181,""238"":0,""14"":2540732448,""387"":""2b3431353533322e353136372d303038333935302e383833332b3030302e3138342f""}"
2026-07-03T20:40:46Z,862272088833183,Codec8E,2026-07-03 20:40:46.000 UTC,1783111246000,0,41.5538383,-8.3951050,188,5,12,40,0,"{""239"":1,""240"":1,""80"":1,""21"":5,""200"":0,""69"":1,""237"":2,""113"":100,""263"":1,""303"":1,""383"":3,""30"":0,""31"":46,""32"":61,""33"":252,""35"":84,""37"":44,""38"":222,""39"":40,""181"":11,""182"":8,""66"":14219,""24"":40,""206"":26,""67"":4042,""68"":0,""13"":67,""17"":55,""18"":56,""19"":-46,""15"":500,""13201"":345,""36"":2907,""40"":322,""43"":0,""241"":26801,""199"":2645,""16"":65579,""12"":339,""449"":0,""636"":110344243,""11"":893510181,""238"":0,""14"":2540732448,""387"":""2b3431353533382e333833332d303038333935312e303530302b3030302e3138382f""}"
2026-07-03T20:40:56Z,862272088833183,Codec8E,2026-07-03 20:40:53.000 UTC,1783111253000,0,41.5544466,-8.3948883,188,30,12,33,0,"{""239"":1,""240"":1,""80"":1,""21"":5,""200"":0,""69"":1,""237"":2,""113"":100,""263"":1,""303"":1,""383"":3,""30"":0,""31"":7,""32"":61,""33"":0,""35"":19,""37"":43,""38"":222,""39"":40,""181"":12,""182"":8,""66"":14186,""24"":33,""206"":26,""67"":4037,""68"":0,""13"":67,""17"":-19,""18"":147,""19"":347,""15"":500,""13201"":345,""36"":2872,""40"":136,""43"":0,""241"":26801,""199"":2719,""16"":65653,""12"":339,""449"":0,""636"":110590005,""11"":893510181,""238"":0,""14"":2540732448,""387"":""2b3431353534342e343636372d303038333934382e383833332b3030302e3138382f""}"
2026-07-03T20:40:56Z,862272088833183,Codec8E,2026-07-03 20:40:54.000 UTC,1783111254000,0,41.5544383,-8.3947950,188,56,12,30,0,"{""239"":1,""240"":1,""80"":1,""21"":5,""200"":0,""69"":1,""237"":2,""113"":100,""263"":1,""303"":1,""383"":3,""30"":0,""31"":7,""32"":61,""33"":0,""35"":19,""37"":43,""38"":222,""39"":40,""181"":16,""182"":8,""66"":14191,""24"":30,""206"":26,""67"":4039,""68"":0,""13"":67,""17"":20,""18"":145,""19"":6,""15"":500,""13201"":345,""36"":2872,""40"":136,""43"":0,""241"":26801,""199"":2727,""16"":65661,""12"":339,""449"":0,""636"":110590005,""11"":893510181,""238"":0,""14"":2540732448,""387"":""2b3431353534342e333833332d303038333934372e393530302b3030302e3138382f""}"
2026-07-03T20:40:56Z,862272088833183,Codec8E,2026-07-03 20:40:54.010 UTC,1783111254010,0,41.5544383,-8.3947950,188,56,12,30,253,"{""239"":1,""240"":1,""80"":1,""21"":5,""200"":0,""69"":1,""237"":2,""113"":100,""263"":1,""303"":1,""383"":3,""30"":0,""31"":4,""32"":61,""33"":0,""35"":22,""37"":26,""38"":242,""39"":41,""253"":3,""254"":38,""181"":16,""182"":8,""66"":14193,""24"":30,""206"":26,""67"":4037,""68"":0,""13"":67,""17"":31,""18"":404,""19"":-76,""15"":500,""13201"":346,""36"":1737,""40"":1158,""43"":0,""241"":26801,""199"":2727,""16"":65661,""12"":339,""449"":0,""636"":110162484,""11"":893510181,""238"":0,""14"":2540732448,""387"":""2b3431353534342e333833332d303038333934372e393530302b3030302e3138382f""}"
2026-07-03T20:40:56Z,862272088833183,Codec8E,2026-07-03 20:40:55.000 UTC,1783111255000,0,41.5544166,-8.3947016,188,78,12,27,0,"{""239"":1,""240"":1,""80"":1,""21"":5,""200"":0,""69"":1,""237"":2,""113"":100,""263"":1,""303"":1,""383"":3,""30"":0,""31"":4,""32"":61,""33"":0,""35"":22,""37"":26,""38"":242,""39"":41,""181"":15,""182"":8,""66"":14193,""24"":27,""206"":26,""67"":4037,""68"":0,""13"":67,""17"":22,""18"":409,""19"":-41,""15"":500,""13201"":346,""36"":1737,""40"":1158,""43"":0,""241"":26801,""199"":2735,""16"":65669,""12"":339,""449"":0,""636"":110162484,""11"":893510181,""238"":0,""14"":2540732448,""387"":""2b3431353534342e313636372d303038333934372e303136372b3030302e3138382f""}"
2026-07-03T20:40:57Z,862272088833183,Codec8E,2026-07-03 20:40:56.000 UTC,1783111256000,0,41.5543849,-8.3945866,188,94,12,27,0,"{""239"":1,""240"":1,""80"":1,""21"":5,""200"":0,""69"":1,""237"":2,""113"":100,""263"":1,""303"":1,""383"":3,""30"":0,""31"":4,""32"":61,""33"":0,""35"":22,""37"":26,""38"":242,""39"":41,""181"":11,""182"":8,""66"":14217,""24"":27,""206"":26,""67"":4037,""68"":0,""13"":67,""17"":-52,""18"":522,""19"":-21,""15"":500,""13201"":346,""36"":1737,""40"":1158,""43"":0,""241"":26801,""199"":2745,""16"":65679,""12"":339,""449"":0,""636"":110590005,""11"":893510181,""238"":0,""14"":2540732448,""387"":""2b3431353534332e383530302d303038333934352e383636372b3030302e3138382f""}"
2026-07-03T20:40:57Z,862272088833183,Codec8E,2026-07-03 20:40:57.000 UTC,1783111257000,0,41.5543550,-8.3944966,189,104,12,26,0,"{""239"":1,""240"":1,""80"":1,""21"":5,""200"":0,""69"":1,""237"":2,""113"":100,""263"":1,""303"":1,""383"":3,""30"":0,""31"":4,""32"":61,""33"":0,""35"":22,""37"":26,""38"":242,""39"":41,""181"":12,""182"":8,""66"":14202,""24"":26,""206"":26,""67"":4040,""68"":0,""13"":67,""17"":-12,""18"":525,""19"":95,""15"":500,""13201"":346,""36"":1737,""40"":1158,""43"":0,""241"":26801,""199"":2753,""16"":65687,""12"":339,""449"":0,""636"":110377524,""11"":893510181,""238"":0,""14"":2540732448,""387"":""2b3431353534332e353530302d303038333934342e393636372b3030302e3138392f""}"
2026-07-03T20:40:58Z,862272088833183,Codec8E,2026-07-03 20:40:58.000 UTC,1783111258000,0,41.5542850,-8.3944850,189,160,11,25,0,"{""239"":1,""240"":1,""80"":1,""21"":5,""200"":0,""69"":1,""237"":2,""113"":100,""263"":1,""303"":1,""383"":3,""30"":0,""31"":4,""32"":61,""33"":0,""35"":22,""37"":26,""38"":242,""39"":41,""181"":16,""182"":8,""66"":14204,""24"":25,""206"":26,""67"":4039,""68"":0,""13"":67,""17"":95,""18"":39,""19"":192,""15"":500,""13201"":347,""36"":1737,""40"":1158,""43"":0,""241"":26801,""199"":2761,""16"":65695,""12"":339,""449"":0,""636"":110377524,""11"":893510181,""238"":0,""14"":2540732448,""387"":""2b3431353534322e383530302d303038333934342e383530302b3030302e3138392f""}"
2026-07-03T20:41:00Z,862272088833183,Codec8E,2026-07-03 20:41:00.000 UTC,1783111260000,0,41.5541250,-8.3944966,189,178,12,25,0,"{""239"":1,""240"":1,""80"":1,""21"":5,""200"":0,""69"":1,""237"":2,""113"":100,""263"":1,""303"":1,""383"":3,""30"":0,""31"":6,""32"":61,""33"":0,""35"":92,""37"":26,""38"":246,""39"":41,""181"":15,""182"":8,""66"":14204,""24"":25,""206"":26,""67"":4041,""68"":0,""13"":67,""17"":83,""18"":-21,""19"":454,""15"":500,""13201"":347,""36"":1661,""40"":1311,""43"":0,""241"":26801,""199"":2779,""16"":65713,""12"":339,""449"":0,""636"":110162484,""11"":893510181,""238"":0,""14"":2540732448,""387"":""2b3431353534312e323530302d303038333934342e393636372b3030302e3138392f""}"
2026-07-03T20:41:09Z,862272088833183,Codec8E,2026-07-03 20:41:06.000 UTC,1783111266000,0,41.5535533,-8.3945116,190,164,11,31,0,"{""239"":1,""240"":1,""80"":1,""21"":4,""200"":0,""69"":1,""237"":2,""113"":100,""263"":1,""303"":1,""383"":3,""30"":0,""31"":54,""32"":61,""33"":246,""35"":99,""37"":36,""38"":239,""39"":41,""181"":15,""182"":8,""66"":14230,""24"":31,""206"":26,""67"":4041,""68"":0,""13"":67,""17"":279,""18"":-30,""19"":-13,""15"":500,""13201"":347,""36"":2386,""40"":191,""43"":0,""241"":26801,""199"":2843,""16"":65777,""12"":339,""449"":0,""636"":110162484,""11"":893510181,""238"":0,""14"":2540732448,""387"":""2b3431353533352e353333332d303038333934352e313136372b3030302e3139302f""}"
2026-07-03T20:41:10Z,862272088833183,Codec8E,2026-07-03 20:41:07.000 UTC,1783111267000,0,41.5534966,-8.3944533,191,138,12,30,0,"{""239"":1,""240"":1,""80"":1,""21"":4,""200"":0,""69"":1,""237"":2,""113"":100,""263"":1,""303"":1,""383"":3,""30"":0,""31"":54,""32"":61,""33"":246,""35"":99,""37"":36,""38"":239,""39"":41,""181"":13,""182"":9,""66"":14218,""24"":30,""206"":26,""67"":4039,""68"":0,""13"":67,""17"":140,""18"":-66,""19"":214,""15"":500,""13201"":347,""36"":2386,""40"":191,""43"":0,""241"":26801,""199"":2851,""16"":65785,""12"":339,""449"":0,""636"":110162484,""11"":893510181,""238"":0,""14"":2540732448,""387"":""2b3431353533342e393636372d303038333934342e353333332b3030302e3139312f""}"
2026-07-03T20:41:10Z,862272088833183,Codec8E,2026-07-03 20:41:07.010 UTC,1783111267010,0,41.5534966,-8.3944533,191,138,12,30,253,"{""239"":1,""240"":1,""80"":1,""21"":4,""200"":0,""69"":1,""237"":2,""113"":100,""263"":1,""303"":1,""383"":3,""30"":0,""31"":54,""32"":61,""33"":246,""35"":99,""37"":36,""38"":239,""39"":41,""253"":3,""254"":43,""181"":16,""182"":8,""66"":14212,""24"":30,""206"":26,""67"":4038,""68"":0,""13"":67,""17"":82,""18"":188,""19"":169,""15"":500,""13201"":347,""36"":2386,""40"":191,""43"":0,""241"":26801,""199"":2851,""16"":65785,""12"":339,""449"":0,""636"":110162484,""11"":893510181,""238"":0,""14"":2540732448,""387"":""2b3431353533342e393636372d303038333934342e353333332b3030302e3139312f""}"
2026-07-03T20:41:10Z,862272088833183,Codec8E,2026-07-03 20:41:09.000 UTC,1783111269000,0,41.5534083,-8.3942966,192,123,12,29,0,"{""239"":1,""240"":1,""80"":1,""21"":4,""200"":0,""69"":1,""237"":2,""113"":100,""263"":1,""303"":1,""383"":3,""30"":0,""31"":11,""32"":61,""33"":253,""35"":77,""37"":30,""38"":243,""39"":42,""181"":11,""182"":8,""66"":14224,""24"":29,""206"":26,""67"":4037,""68"":0,""13"":67,""17"":181,""18"":407,""19"":21,""15"":500,""13201"":347,""36"":2000,""40"":1572,""43"":0,""241"":26801,""199"":2867,""16"":65801,""12"":339,""449"":0,""636"":110162484,""11"":893510181,""238"":0,""14"":2540732448,""387"":""2b3431353533342e303833332d303038333934322e393636372b3030302e3139322f""}"
2026-07-03T20:41:13Z,862272088833183,Codec8E,2026-07-03 20:41:11.000 UTC,1783111271000,0,41.5533333,-8.3941500,193,136,12,27,0,"{""239"":1,""240"":1,""80"":1,""21"":4,""200"":0,""69"":1,""237"":2,""113"":100,""263"":1,""303"":1,""383"":3,""30"":0,""31"":11,""32"":61,""33"":253,""35"":77,""37"":30,""38"":243,""39"":42,""181"":15,""182"":8,""66"":14207,""24"":27,""206"":26,""67"":4040,""68"":0,""13"":67,""17"":395,""18"":90,""19"":684,""15"":500,""13201"":347,""36"":2000,""40"":1572,""43"":0,""241"":26801,""199"":2882,""16"":65816,""12"":339,""449"":0,""636"":110590005,""11"":893510181,""238"":0,""14"":2540732448,""387"":""2b3431353533332e333333332d303038333934312e353030302b3030302e3139332f""}"
2026-07-03T20:41:14Z,862272088833183,Codec8E,2026-07-03 20:41:14.000 UTC,1783111274000,0,41.5531933,-8.3940083,193,148,11,24,0,"{""239"":1,""240"":1,""80"":1,""21"":4,""200"":0,""69"":1,""237"":2,""113"":100,""263"":1,""303"":1,""383"":3,""30"":0,""31"":16,""32"":61,""33"":246,""35"":92,""37"":26,""38"":245,""39"":42,""181"":11,""182"":8,""66"":14210,""24"":24,""206"":26,""67"":4042,""68"":0,""13"":67,""17"":249,""18"":-226,""19"":-11,""15"":500,""13201"":347,""36"":1755,""40"":786,""43"":0,""241"":26801,""199"":2901,""16"":65835,""12"":339,""449"":0,""636"":110590005,""11"":893510181,""238"":0,""14"":2540732448,""387"":""2b3431353533312e393333332d303038333934302e303833332b3030302e3139332f""}"
2026-07-03T20:41:18Z,862272088833183,Codec8E,2026-07-03 20:41:18.000 UTC,1783111278000,0,41.5531283,-8.3939050,194,147,10,14,0,"{""239"":1,""240"":1,""80"":1,""21"":4,""200"":0,""69"":1,""237"":2,""113"":100,""263"":1,""303"":1,""383"":3,""30"":0,""31"":10,""32"":61,""33"":247,""35"":26,""37"":14,""38"":243,""39"":41,""181"":17,""182"":10,""66"":14210,""24"":14,""206"":26,""67"":4042,""68"":0,""13"":67,""17"":-119,""18"":-16,""19"":183,""15"":500,""13201"":348,""36"":1476,""40"":141,""43"":0,""241"":26801,""199"":2913,""16"":65847,""12"":339,""449"":0,""636"":110590005,""11"":893510181,""238"":0,""14"":2540732448,""387"":""2b3431353533312e323833332d303038333933392e303530302b3030302e3139342f""}"
2026-07-03T20:41:21Z,862272088833183,Codec8E,2026-07-03 20:41:21.000 UTC,1783111281000,0,41.5531299,-8.3938633,195,118,12,8,0,"{""239"":1,""240"":1,""80"":1,""21"":4,""200"":0,""69"":1,""237"":2,""113"":100,""263"":1,""303"":1,""383"":3,""30"":0,""31"":10,""32"":61,""33"":247,""35"":26,""37"":14,""38"":243,""39"":41,""181"":11,""182"":8,""66"":14208,""24"":8,""206"":26,""67"":4042,""68"":0,""13"":67,""17"":275,""18"":28,""19"":520,""15"":500,""13201"":348,""36"":1476,""40"":141,""43"":0,""241"":26801,""199"":2920,""16"":65854,""12"":339,""449"":0,""636"":110377524,""11"":893510181,""238"":0,""14"":2540732448,""387"":""2b3431353533312e333030302d303038333933382e363333332b3030302e3139352f""}"
2026-07-03T20:41:25Z,862272088833183,Codec8E,2026-07-03 20:41:22.000 UTC,1783111282000,0,41.5531233,-8.3938216,195,98,11,9,0,"{""239"":1,""240"":1,""80"":1,""21"":4,""200"":0,""69"":1,""237"":2,""113"":100,""263"":1,""303"":1,""383"":3,""30"":0,""31"":36,""32"":62,""33"":251,""35"":104,""37"":8,""38"":243,""39"":42,""181"":12,""182"":8,""66"":14200,""24"":9,""206"":26,""67"":4041,""68"":0,""13"":67,""17"":-234,""18"":-122,""19"":371,""15"":500,""13201"":348,""36"":1704,""40"":1547,""43"":0,""241"":26801,""199"":2923,""16"":65857,""12"":339,""449"":0,""636"":110377524,""11"":893510181,""238"":0,""14"":2540732448,""387"":""2b3431353533312e323333332d303038333933382e323136372b3030302e3139352f""}"
2026-07-03T20:41:25Z,862272088833183,Codec8E,2026-07-03 20:41:23.000 UTC,1783111283000,0,41.5531316,-8.3937650,195,79,11,10,0,"{""239"":1,""240"":1,""80"":1,""21"":4,""200"":0,""69"":1,""237"":2,""113"":100,""263"":1,""303"":1,""383"":3,""30"":0,""31"":36,""32"":62,""33"":251,""35"":104,""37"":8,""38"":243,""39"":42,""181"":16,""182"":9,""66"":14204,""24"":10,""206"":26,""67"":4038,""68"":0,""13"":67,""17"":74,""18"":-173,""19"":350,""15"":500,""13201"":348,""36"":1704,""40"":1547,""43"":0,""241"":26801,""199"":2928,""16"":65862,""12"":339,""449"":0,""636"":110590005,""11"":893510181,""238"":0,""14"":2540732448,""387"":""2b3431353533312e333136372d303038333933372e363530302b3030302e3139352f""}"
2026-07-03T20:41:26Z,862272088833183,Codec8E,2026-07-03 20:41:24.000 UTC,1783111284000,0,41.5531449,-8.3937100,195,69,11,12,0,"{""239"":1,""240"":1,""80"":1,""21"":4,""200"":0,""69"":1,""237"":2,""113"":100,""263"":1,""303"":1,""383"":3,""30"":0,""31"":36,""32"":62,""33"":251,""35"":104,""37"":8,""38"":243,""39"":42,""181"":12,""182"":9,""66"":14197,""24"":12,""206"":26,""67"":4037,""68"":0,""13"":67,""17"":130,""18"":-36,""19"":314,""15"":500,""13201"":348,""36"":1704,""40"":1547,""43"":0,""241"":26801,""199"":2933,""16"":65867,""12"":339,""449"":0,""636"":110590005,""11"":893510181,""238"":0,""14"":2540732448,""387"":""2b3431353533312e343530302d303038333933372e313030302b3030302e3139352f""}"
2026-07-03T20:41:29Z,862272088833183,Codec8E,2026-07-03 20:41:29.000 UTC,1783111289000,0,41.5532283,-8.3934400,198,57,12,16,0,"{""239"":1,""240"":1,""80"":1,""21"":4,""200"":0,""69"":1,""237"":2,""113"":100,""263"":1,""303"":1,""383"":3,""30"":0,""31"":43,""32"":62,""33"":248,""35"":90,""37"":20,""38"":239,""39"":43,""181"":11,""182"":8,""66"":14249,""24"":16,""206"":26,""67"":4042,""68"":0,""13"":67,""17"":246,""18"":12,""19"":94,""15"":500,""13201"":348,""36"":2582,""40"":1419,""43"":0,""241"":26801,""199"":2958,""16"":65892,""12"":339,""449"":0,""636"":110159923,""11"":893510181,""238"":0,""14"":2540732448,""387"":""2b3431353533322e323833332d303038333933342e343030302b3030302e3139382f""}"
2026-07-03T20:41:34Z,862272088833183,Codec8E,2026-07-03 20:41:34.000 UTC,1783111294000,0,41.5532516,-8.3933799,203,52,12,6,0,"{""239"":1,""240"":1,""80"":1,""21"":5,""200"":0,""69"":1,""237"":2,""113"":100,""263"":1,""303"":1,""383"":3,""30"":0,""31"":25,""32"":62,""33"":244,""35"":28,""37"":12,""38"":240,""39"":42,""181"":11,""182"":8,""66"":14243,""24"":6,""206"":26,""67"":4042,""68"":0,""13"":67,""17"":-23,""18"":118,""19"":18,""15"":500,""13201"":349,""36"":1804,""40"":77,""43"":0,""241"":26801,""199"":2964,""16"":65898,""12"":339,""449"":0,""636"":110167603,""11"":893510181,""238"":0,""14"":2540732448,""387"":""2b3431353533322e353136372d303038333933332e383030302b3030302e3230332f""}"
2026-07-03T20:41:39Z,862272088833183,Codec8E,2026-07-03 20:41:38.000 UTC,1783111298000,0,41.5532500,-8.3933816,204,52,12,1,239,"{""239"":0,""240"":1,""80"":1,""21"":5,""200"":0,""69"":1,""237"":2,""113"":100,""263"":1,""303"":1,""383"":3,""30"":0,""31"":12,""32"":63,""33"":245,""35"":32,""37"":0,""38"":250,""39"":41,""181"":11,""182"":8,""66"":13116,""24"":1,""206"":26,""67"":4042,""68"":0,""13"":67,""17"":-45,""18"":116,""19"":2,""15"":500,""13201"":349,""36"":871,""40"":136,""43"":0,""241"":26801,""199"":2964,""16"":65898,""12"":339,""449"":0,""636"":110162484,""11"":893510181,""238"":0,""14"":2540732448,""387"":""2b3431353533322e353030302d303038333933332e383136372b3030302e3230342f""}"
2026-07-03T20:41:42Z,862272088833183,Codec8E,2026-07-03 20:41:40.000 UTC,1783111300000,0,41.5532500,-8.3933816,204,52,12,1,303,"{""239"":0,""240"":1,""80"":1,""21"":5,""200"":0,""69"":1,""237"":2,""113"":100,""263"":1,""303"":0,""383"":3,""30"":0,""31"":19,""32"":63,""33"":252,""35"":66,""37"":0,""38"":252,""39"":41,""181"":11,""182"":8,""66"":13034,""24"":1,""206"":26,""67"":4037,""68"":0,""13"":67,""17"":-42,""18"":114,""19"":19,""15"":500,""13201"":349,""36"":244,""40"":122,""43"":0,""241"":26801,""199"":2964,""16"":65898,""12"":339,""449"":0,""636"":110162484,""11"":893510181,""238"":0,""14"":2540732448,""387"":""2b3431353533322e353030302d303038333933332e383136372b3030302e3230342f""}"
2026-07-03T20:41:48Z,862272088833183,Codec8E,2026-07-03 20:41:46.000 UTC,1783111306000,0,41.5532500,-8.3933816,204,52,12,0,303,"{""239"":0,""240"":1,""80"":1,""21"":5,""200"":0,""69"":1,""237"":2,""113"":100,""263"":1,""303"":1,""383"":3,""30"":0,""31"":27,""32"":63,""33"":252,""35"":66,""37"":0,""38"":252,""39"":41,""181"":11,""182"":8,""66"":13042,""24"":0,""206"":26,""67"":4042,""68"":0,""13"":67,""17"":-42,""18"":108,""19"":18,""15"":500,""13201"":350,""36"":0,""40"":122,""43"":0,""241"":26801,""199"":2964,""16"":65898,""12"":339,""449"":0,""636"":110162484,""11"":893510181,""238"":0,""14"":2540732448,""387"":""2b3431353533322e353030302d303038333933332e383136372b3030302e3230342f""}"
2026-07-03T20:41:53Z,862272088833183,Codec8E,2026-07-03 20:41:52.000 UTC,1783111312000,0,41.5532500,-8.3933816,204,52,12,0,303,"{""239"":0,""240"":1,""80"":1,""21"":5,""200"":0,""69"":1,""237"":2,""113"":100,""263"":1,""303"":0,""383"":3,""30"":0,""31"":27,""32"":63,""33"":252,""35"":66,""37"":0,""38"":252,""39"":41,""181"":11,""182"":8,""66"":12982,""24"":0,""206"":26,""67"":4042,""68"":0,""13"":67,""17"":-38,""18"":94,""19"":7,""15"":500,""13201"":350,""36"":0,""40"":122,""43"":0,""241"":26801,""199"":2964,""16"":65898,""12"":339,""449"":0,""636"":110162484,""11"":893510181,""238"":0,""14"":2540732448,""387"":""2b3431353533322e353030302d303038333933332e383136372b3030302e3230342f""}"
2026-07-03T20:42:47Z,862272088833183,Codec8E,2026-07-03 20:42:44.000 UTC,1783111364000,0,41.5532500,-8.3933816,204,52,12,0,303,"{""239"":0,""240"":1,""80"":1,""21"":5,""200"":0,""69"":1,""237"":2,""113"":100,""263"":1,""303"":1,""383"":3,""181"":11,""182"":8,""66"":12860,""24"":0,""206"":26,""67"":4038,""68"":0,""13"":67,""17"":-47,""18"":103,""19"":3,""15"":1000,""13201"":347,""241"":26801,""199"":2964,""16"":65898,""12"":339,""449"":0,""636"":110159913,""11"":893510181,""238"":0,""14"":2540732448,""387"":""2b3431353533322e353030302d303038333933332e383136372b3030302e3230342f""}"
2026-07-03T20:42:52Z,862272088833183,Codec8E,2026-07-03 20:42:50.000 UTC,1783111370000,0,41.5532500,-8.3933816,204,52,12,0,303,"{""239"":0,""240"":1,""80"":1,""21"":5,""200"":0,""69"":1,""237"":2,""113"":100,""263"":1,""303"":0,""383"":3,""181"":11,""182"":8,""66"":12862,""24"":0,""206"":26,""67"":4038,""68"":0,""13"":67,""17"":-38,""18"":104,""19"":6,""15"":1000,""13201"":348,""241"":26801,""199"":0,""16"":65898,""12"":339,""449"":0,""636"":110159913,""11"":893510181,""238"":0,""14"":2540732448,""387"":""2b3431353533322e353030302d303038333933332e383136372b3030302e3230342f""}"
2026-07-03T20:43:52Z,862272088833183,Codec8E,2026-07-03 20:43:50.000 UTC,1783111430000,0,41.5532500,-8.3933816,204,52,12,0,240,"{""239"":0,""240"":0,""80"":0,""21"":5,""200"":0,""69"":1,""237"":2,""113"":100,""263"":1,""303"":0,""383"":3,""181"":11,""182"":8,""66"":12855,""24"":0,""206"":26,""67"":4037,""68"":0,""13"":67,""17"":-45,""18"":103,""19"":6,""15"":1000,""13201"":347,""241"":26801,""199"":0,""16"":65898,""12"":339,""449"":0,""636"":110159913,""11"":893510181,""238"":0,""14"":2540732448,""387"":""2b3431353533322e353030302d303038333933332e383136372b3030302e3230342f""}"
2026-07-03T21:16:58Z,862272088833183,Codec8E,2026-07-03 21:16:24.000 UTC,1783113384000,0,41.5532500,-8.3933816,213,52,16,0,303,"{""239"":0,""240"":0,""80"":0,""21"":5,""200"":0,""69"":1,""237"":2,""113"":100,""263"":1,""303"":1,""383"":3,""181"":11,""182"":6,""66"":12680,""24"":0,""206"":26,""67"":4038,""68"":0,""13"":67,""17"":-49,""18"":109,""19"":25,""15"":1000,""13201"":344,""241"":26801,""199"":0,""16"":65898,""12"":339,""449"":0,""636"":110159913,""11"":893510181,""238"":0,""14"":2540732448,""387"":""2b3431353533322e353030302d303038333933332e383136372b3030302e3231332f""}"
2026-07-03T21:16:58Z,862272088833183,Codec8E,2026-07-03 21:16:26.000 UTC,1783113386000,0,41.5532500,-8.3933816,213,52,16,0,303,"{""239"":0,""240"":0,""80"":0,""21"":5,""200"":0,""69"":1,""237"":2,""113"":100,""263"":1,""303"":0,""383"":3,""181"":11,""182"":6,""66"":12585,""24"":0,""206"":26,""67"":4037,""68"":0,""13"":67,""17"":-34,""18"":103,""19"":6,""15"":1000,""13201"":345,""241"":26801,""199"":0,""16"":65898,""12"":339,""449"":0,""636"":110159913,""11"":893510181,""238"":0,""14"":2540732448,""387"":""2b3431353533322e353030302d303038333933332e383136372b3030302e3231332f""}"
2026-07-03T21:16:58Z,862272088833183,Codec8E,2026-07-03 21:16:37.000 UTC,1783113397000,0,41.5532500,-8.3933816,213,52,16,0,303,"{""239"":0,""240"":0,""80"":0,""21"":4,""200"":0,""69"":1,""237"":2,""113"":100,""263"":1,""303"":1,""383"":3,""181"":9,""182"":6,""66"":11698,""24"":0,""206"":26,""67"":4039,""68"":0,""13"":67,""17"":-45,""18"":117,""19"":17,""15"":1000,""13201"":346,""241"":26801,""199"":0,""16"":65898,""12"":339,""449"":0,""636"":110159913,""11"":893510181,""238"":0,""14"":2540732448,""387"":""2b3431353533322e353030302d303038333933332e383136372b3030302e3231332f""}"
2026-07-03T21:16:58Z,862272088833183,Codec8E,2026-07-03 21:16:38.000 UTC,1783113398000,0,41.5532500,-8.3933816,213,52,15,0,303,"{""239"":0,""240"":0,""80"":0,""21"":4,""200"":0,""69"":1,""237"":2,""113"":100,""263"":1,""303"":0,""383"":3,""181"":10,""182"":6,""66"":12041,""24"":0,""206"":26,""67"":4042,""68"":0,""13"":67,""17"":-43,""18"":108,""19"":22,""15"":1000,""13201"":345,""241"":26801,""199"":0,""16"":65898,""12"":339,""449"":0,""636"":110159913,""11"":893510181,""238"":0,""14"":2540732448,""387"":""2b3431353533322e353030302d303038333933332e383136372b3030302e3231332f""}"
2026-07-03T21:16:58Z,862272088833183,Codec8E,2026-07-03 21:16:41.000 UTC,1783113401000,0,41.5533866,-8.3932333,213,27,15,0,239,"{""239"":1,""240"":0,""80"":0,""21"":4,""200"":0,""69"":1,""237"":2,""113"":100,""263"":1,""303"":0,""383"":3,""181"":10,""182"":6,""66"":14046,""24"":0,""206"":26,""67"":4042,""68"":0,""13"":67,""17"":-14,""18"":104,""19"":7,""15"":1000,""13201"":345,""241"":26801,""199"":0,""16"":65898,""12"":339,""449"":0,""636"":110159913,""11"":893510181,""238"":0,""14"":2540732448,""387"":""2b3431353533332e383636372d303038333933322e333333332b3030302e3231332f""}"
2026-07-03T21:16:58Z,862272088833183,Codec8E,2026-07-03 21:16:48.000 UTC,1783113408000,0,41.5533866,-8.3932333,213,27,15,0,303,"{""239"":1,""240"":0,""80"":0,""21"":4,""200"":0,""69"":1,""237"":2,""113"":100,""263"":1,""303"":1,""383"":3,""181"":10,""182"":6,""66"":14076,""24"":0,""206"":26,""67"":4042,""68"":0,""13"":64,""17"":-160,""18"":34,""19"":142,""15"":1000,""13201"":347,""241"":26801,""199"":0,""16"":65898,""12"":341,""449"":0,""636"":110159913,""11"":893510181,""238"":0,""14"":2540732448,""387"":""2b3431353533332e383636372d303038333933322e333333332b3030302e3231332f""}"
2026-07-03T21:16:58Z,862272088833183,Codec8E,2026-07-03 21:16:49.000 UTC,1783113409000,0,41.5533866,-8.3932333,213,27,16,0,240,"{""239"":1,""240"":1,""80"":1,""21"":4,""200"":0,""69"":1,""237"":2,""113"":100,""263"":1,""303"":1,""383"":3,""181"":9,""182"":6,""66"":14104,""24"":0,""206"":26,""67"":4042,""68"":0,""13"":64,""17"":-69,""18"":58,""19"":101,""15"":1000,""13201"":347,""241"":26801,""199"":0,""16"":65898,""12"":341,""449"":0,""636"":110159913,""11"":893510181,""238"":0,""14"":2540732448,""387"":""2b3431353533332e383636372d303038333933322e333333332b3030302e3231332f""}"
2026-07-03T21:17:02Z,862272088833183,Codec8E,2026-07-03 21:17:00.000 UTC,1783113420000,0,41.5532433,-8.3935116,204,244,16,7,0,"{""239"":1,""240"":1,""80"":1,""21"":4,""200"":0,""69"":1,""237"":2,""113"":100,""263"":1,""303"":1,""383"":3,""30"":0,""31"":14,""32"":56,""33"":0,""35"":41,""37"":10,""38"":1,""39"":52,""181"":9,""182"":6,""66"":14113,""24"":7,""206"":26,""67"":4037,""68"":0,""13"":64,""17"":58,""18"":-43,""19"":353,""15"":1000,""13201"":349,""36"":989,""40"":183,""43"":0,""241"":26801,""199"":4,""16"":65909,""12"":343,""449"":0,""636"":110159913,""11"":893510181,""238"":0,""14"":2540732448,""387"":""2b3431353533322e343333332d303038333933352e313136372b3030302e3230342f""}"
2026-07-03T21:17:02Z,862272088833183,Codec8E,2026-07-03 21:17:02.000 UTC,1783113422000,0,41.5531883,-8.3936200,202,254,15,10,0,"{""239"":1,""240"":1,""80"":1,""21"":4,""200"":0,""69"":1,""237"":2,""113"":100,""263"":1,""303"":1,""383"":3,""30"":0,""31"":14,""32"":56,""33"":0,""35"":41,""37"":10,""38"":1,""39"":52,""181"":11,""182"":6,""66"":14087,""24"":7,""206"":26,""67"":4038,""68"":0,""13"":64,""17"":-73,""18"":49,""19"":474,""15"":1000,""13201"":349,""36"":989,""40"":183,""43"":0,""241"":26801,""199"":4,""16"":65909,""12"":343,""449"":0,""636"":110159913,""11"":893510181,""238"":0,""14"":2540732448,""387"":""2b3431353533322e343333332d303038333933352e313136372b3030302e3230342f""}"
2026-07-03T21:17:06Z,862272088833183,Codec8E,2026-07-03 21:17:05.000 UTC,1783113425000,0,41.5531316,-8.3937566,199,264,15,11,0,"{""239"":1,""240"":1,""80"":1,""21"":4,""200"":0,""69"":1,""237"":2,""113"":100,""263"":1,""303"":1,""383"":3,""30"":0,""31"":11,""32"":56,""33"":0,""35"":20,""37"":15,""38"":243,""39"":51,""181"":13,""182"":7,""66"":14109,""24"":11,""206"":26,""67"":4042,""68"":0,""13"":64,""17"":79,""18"":329,""19"":276,""15"":1000,""13201"":350,""36"":1080,""40"":158,""43"":0,""241"":26801,""199"":28,""16"":65933,""12"":343,""449"":0,""636"":110159913,""11"":893510181,""238"":0,""14"":2540732448,""387"":""2b3431353533312e333136372d303038333933372e353636372b3030302e3139392f""}"
2026-07-03T21:17:06Z,862272088833183,Codec8E,2026-07-03 21:17:06.000 UTC,1783113426000,0,41.5531266,-8.3938016,199,274,15,10,0,"{""239"":1,""240"":1,""80"":1,""21"":4,""200"":0,""69"":1,""237"":2,""113"":100,""263"":1,""303"":1,""383"":3,""30"":0,""31"":11,""32"":56,""33"":0,""35"":20,""37"":15,""38"":243,""39"":51,""181"":12,""182"":7,""66"":14109,""24"":11,""206"":26,""67"":4040,""68"":0,""13"":64,""17"":-48,""18"":384,""19"":208,""15"":1000,""13201"":350,""36"":1080,""40"":158,""43"":0,""241"":26801,""199"":28,""16"":65933,""12"":343,""449"":0,""636"":110159913,""11"":893510181,""238"":0,""14"":2540732448,""387"":""2b3431353533312e333136372d303038333933372e353636372b3030302e3139392f""}"
2026-07-03T21:17:07Z,862272088833183,Codec8E,2026-07-03 21:17:07.000 UTC,1783113427000,0,41.5531200,-8.3938250,198,241,15,9,0,"{""239"":1,""240"":1,""80"":1,""21"":4,""200"":0,""69"":1,""237"":2,""113"":100,""263"":1,""303"":1,""383"":3,""30"":0,""31"":11,""32"":56,""33"":0,""35"":20,""37"":15,""38"":243,""39"":51,""181"":12,""182"":7,""66"":14109,""24"":10,""206"":26,""67"":4038,""68"":0,""13"":64,""17"":77,""18"":212,""19"":84,""15"":1000,""13201"":350,""36"":1080,""40"":158,""43"":0,""241"":26801,""199"":31,""16"":65936,""12"":343,""449"":0,""636"":110589995,""11"":893510181,""238"":0,""14"":2540732448,""387"":""2b3431353533312e323636372d303038333933382e303136372b3030302e3139392f""}"
2026-07-03T21:17:10Z,862272088833183,Codec8E,2026-07-03 21:17:09.000 UTC,1783113429000,0,41.5531033,-8.3938666,197,221,16,6,0,"{""239"":1,""240"":1,""80"":1,""21"":5,""200"":0,""69"":1,""237"":2,""113"":100,""263"":1,""303"":1,""383"":3,""30"":0,""31"":13,""32"":57,""33"":0,""35"":38,""37"":7,""38"":254,""39"":51,""181"":9,""182"":6,""66"":14104,""24"":8,""206"":26,""67"":4040,""68"":0,""13"":64,""17"":-36,""18"":67,""19"":15,""15"":1000,""13201"":351,""36"":952,""40"":175,""43"":0,""241"":26801,""199"":36,""16"":65941,""12"":343,""449"":0,""636"":110589995,""11"":893510181,""238"":0,""14"":2540732448,""387"":""2b3431353533312e303833332d303038333933382e343636372b3030302e3139382f""}"
2026-07-03T21:17:18Z,862272088833183,Codec8E,2026-07-03 21:17:17.000 UTC,1783113437000,0,41.5531899,-8.3939683,197,324,15,6,0,"{""239"":1,""240"":1,""80"":1,""21"":5,""200"":0,""69"":1,""237"":2,""113"":100,""263"":1,""303"":1,""383"":3,""30"":0,""31"":14,""32"":57,""33"":0,""35"":36,""37"":2,""38"":241,""39"":50,""181"":10,""182"":6,""66"":14130,""24"":6,""206"":26,""67"":4042,""68"":0,""13"":64,""17"":200,""18"":3,""19"":-92,""15"":1000,""13201"":351,""36"":1184,""40"":102,""43"":0,""241"":26801,""199"":49,""16"":65954,""12"":343,""449"":0,""636"":110589995,""11"":893510181,""238"":0,""14"":2540732448,""387"":""2b3431353533312e393030302d303038333933392e363833332b3030302e3139372f""}"
2026-07-03T21:17:19Z,862272088833183,Codec8E,2026-07-03 21:17:19.000 UTC,1783113439000,0,41.5532566,-8.3940050,196,334,13,8,0,"{""239"":1,""240"":1,""80"":1,""21"":5,""200"":0,""69"":1,""237"":2,""113"":100,""263"":1,""303"":1,""383"":3,""30"":0,""31"":16,""32"":57,""33"":0,""35"":36,""37"":10,""38"":249,""39"":50,""181"":12,""182"":8,""66"":14125,""24"":8,""206"":26,""67"":4040,""68"":0,""13"":64,""17"":146,""18"":-2,""19"":-45,""15"":1000,""13201"":351,""36"":917,""40"":158,""43"":0,""241"":26801,""199"":57,""16"":65962,""12"":343,""449"":0,""636"":110377514,""11"":893510181,""238"":0,""14"":2540732448,""387"":""2b3431353533322e353636372d303038333934302e303530302b3030302e3139362f""}"
2026-07-03T21:17:24Z,862272088833183,Codec8E,2026-07-03 21:17:24.000 UTC,1783113444000,0,41.5533600,-8.3940500,198,322,13,8,0,"{""239"":1,""240"":1,""80"":1,""21"":5,""200"":0,""69"":1,""237"":2,""113"":100,""263"":1,""303"":1,""383"":3,""30"":0,""31"":14,""32"":57,""33"":0,""35"":38,""37"":9,""38"":252,""39"":50,""181"":16,""182"":9,""66"":14140,""24"":8,""206"":26,""67"":4042,""68"":0,""13"":64,""17"":76,""18"":-22,""19"":-18,""15"":1000,""13201"":352,""36"":949,""40"":172,""43"":0,""241"":26801,""199"":66,""16"":65971,""12"":343,""449"":0,""636"":110377514,""11"":893510181,""238"":0,""14"":2540732448,""387"":""2b3431353533332e343530302d303038333934302e333833332b3030302e3139382f""}"
2026-07-03T21:17:26Z,862272088833183,Codec8E,2026-07-03 21:17:25.000 UTC,1783113445000,0,41.5533683,-8.3940616,199,307,13,7,0,"{""239"":1,""240"":1,""80"":1,""21"":5,""200"":0,""69"":1,""237"":2,""113"":100,""263"":1,""303"":1,""383"":3,""30"":0,""31"":14,""32"":57,""33"":0,""35"":38,""37"":9,""38"":252,""39"":50,""181"":15,""182"":9,""66"":14127,""24"":7,""206"":26,""67"":4041,""68"":0,""13"":64,""17"":127,""18"":74,""19"":-88,""15"":1000,""13201"":352,""36"":949,""40"":172,""43"":0,""241"":26801,""199"":70,""16"":65975,""12"":343,""449"":0,""636"":110377514,""11"":893510181,""238"":0,""14"":2540732448,""387"":""2b3431353533332e363833332d303038333934302e363136372b3030302e3139392f""}"
2026-07-03T21:17:26Z,862272088833183,Codec8E,2026-07-03 21:17:26.000 UTC,1783113446000,0,41.5533683,-8.3940733,200,277,13,6,0,"{""239"":1,""240"":1,""80"":1,""21"":5,""200"":0,""69"":1,""237"":2,""113"":100,""263"":1,""303"":1,""383"":3,""30"":0,""31"":14,""32"":57,""33"":0,""35"":38,""37"":9,""38"":252,""39"":50,""181"":11,""182"":8,""66"":14121,""24"":7,""206"":26,""67"":4039,""68"":0,""13"":64,""17"":28,""18"":-67,""19"":-115,""15"":1000,""13201"":352,""36"":949,""40"":172,""43"":0,""241"":26801,""199"":70,""16"":65975,""12"":343,""449"":0,""636"":110377514,""11"":893510181,""238"":0,""14"":2540732448,""387"":""2b3431353533332e363833332d303038333934302e363136372b3030302e3139392f""}"
2026-07-03T21:17:27Z,862272088833183,Codec8E,2026-07-03 21:17:27.000 UTC,1783113447000,0,41.5533583,-8.3940966,201,228,14,6,0,"{""239"":1,""240"":1,""80"":1,""21"":5,""200"":0,""69"":1,""237"":2,""113"":100,""263"":1,""303"":1,""383"":3,""30"":0,""31"":14,""32"":58,""33"":0,""35"":40,""37"":6,""38"":0,""39"":49,""181"":11,""182"":8,""66"":14118,""24"":6,""206"":26,""67"":4039,""68"":0,""13"":64,""17"":4,""18"":-116,""19"":41,""15"":1000,""13201"":353,""36"":974,""40"":177,""43"":0,""241"":26801,""199"":70,""16"":65975,""12"":343,""449"":0,""636"":110377514,""11"":893510181,""238"":0,""14"":2540732448,""387"":""2b3431353533332e363833332d303038333934302e373333332b3030302e3230302f""}"
2026-07-03T21:17:30Z,862272088833183,Codec8E,2026-07-03 21:17:29.000 UTC,1783113449000,0,41.5533350,-8.3941166,201,202,15,7,0,"{""239"":1,""240"":1,""80"":1,""21"":5,""200"":0,""69"":1,""237"":2,""113"":100,""263"":1,""303"":1,""383"":3,""30"":0,""31"":14,""32"":58,""33"":0,""35"":40,""37"":6,""38"":0,""39"":49,""181"":10,""182"":7,""66"":14126,""24"":7,""206"":26,""67"":4038,""68"":0,""13"":64,""17"":115,""18"":-113,""19"":9,""15"":1000,""13201"":353,""36"":974,""40"":177,""43"":0,""241"":26801,""199"":77,""16"":65982,""12"":343,""449"":0,""636"":110377514,""11"":893510181,""238"":0,""14"":2540732448,""387"":""2b3431353533332e333530302d303038333934312e313636372b3030302e3230312f""}"
2026-07-03T21:17:31Z,862272088833183,Codec8E,2026-07-03 21:17:30.000 UTC,1783113450000,0,41.5532716,-8.3941516,202,190,15,9,0,"{""239"":1,""240"":1,""80"":1,""21"":5,""200"":0,""69"":1,""237"":2,""113"":100,""263"":1,""303"":1,""383"":3,""30"":0,""31"":14,""32"":58,""33"":0,""35"":40,""37"":6,""38"":0,""39"":49,""181"":10,""182"":7,""66"":14140,""24"":7,""206"":26,""67"":4039,""68"":0,""13"":64,""17"":177,""18"":-89,""19"":2,""15"":1000,""13201"":353,""36"":974,""40"":177,""43"":0,""241"":26801,""199"":77,""16"":65982,""12"":343,""449"":0,""636"":110377514,""11"":893510181,""238"":0,""14"":2540732448,""387"":""2b3431353533332e333530302d303038333934312e313636372b3030302e3230312f""}"
2026-07-03T21:17:34Z,862272088833183,Codec8E,2026-07-03 21:17:34.000 UTC,1783113454000,0,41.5531200,-8.3942400,201,201,15,13,0,"{""239"":1,""240"":1,""80"":1,""21"":5,""200"":0,""69"":1,""237"":2,""113"":100,""263"":1,""303"":1,""383"":3,""30"":0,""31"":14,""32"":58,""33"":0,""35"":40,""37"":14,""38"":248,""39"":49,""181"":12,""182"":7,""66"":14186,""24"":12,""206"":26,""67"":4042,""68"":0,""13"":64,""17"":50,""18"":-92,""19"":-40,""15"":1000,""13201"":353,""36"":1134,""40"":122,""43"":0,""241"":26801,""199"":99,""16"":66004,""12"":343,""449"":0,""636"":110377514,""11"":893510181,""238"":0,""14"":2540732448,""387"":""2b3431353533312e353136372d303038333934322e313833332b3030302e3230312f""}"
2026-07-03T21:17:36Z,862272088833183,Codec8E,2026-07-03 21:17:36.000 UTC,1783113456000,0,41.5530549,-8.3943016,200,211,15,14,0,"{""239"":1,""240"":1,""80"":1,""21"":5,""200"":0,""69"":1,""237"":2,""113"":100,""263"":1,""303"":1,""383"":3,""30"":0,""31"":5,""32"":58,""33"":0,""35"":22,""37"":14,""38"":250,""39"":49,""181"":12,""182"":7,""66"":14176,""24"":13,""206"":26,""67"":4040,""68"":0,""13"":64,""17"":-89,""18"":14,""19"":70,""15"":1000,""13201"":353,""36"":1876,""40"":194,""43"":0,""241"":26801,""199"":103,""16"":66008,""12"":343,""449"":0,""636"":110377514,""11"":893510181,""238"":0,""14"":2540732448,""387"":""2b3431353533312e323030302d303038333934322e343030302b3030302e3230312f""}"
2026-07-03T21:17:40Z,862272088833183,Codec8E,2026-07-03 21:17:39.000 UTC,1783113459000,0,41.5529433,-8.3944383,199,224,15,16,0,"{""239"":1,""240"":1,""80"":1,""21"":4,""200"":0,""69"":1,""237"":2,""113"":100,""263"":1,""303"":1,""383"":3,""30"":0,""31"":5,""32"":58,""33"":0,""35"":22,""37"":14,""38"":250,""39"":49,""181"":10,""182"":7,""66"":14184,""24"":16,""206"":26,""67"":4042,""68"":0,""13"":64,""17"":179,""18"":252,""19"":71,""15"":1000,""13201"":354,""36"":1876,""40"":194,""43"":0,""241"":26801,""199"":128,""16"":66033,""12"":343,""449"":0,""636"":110377514,""11"":893510181,""238"":0,""14"":2540732448,""387"":""2b3431353532392e343333332d303038333934342e333833332b3030302e3139392f""}"
2026-07-03T21:17:42Z,862272088833183,Codec8E,2026-07-03 21:17:41.000 UTC,1783113461000,0,41.5528816,-8.3945833,198,240,15,19,0,"{""239"":1,""240"":1,""80"":1,""21"":4,""200"":0,""69"":1,""237"":2,""113"":100,""263"":1,""303"":1,""383"":3,""30"":0,""31"":10,""32"":58,""33"":0,""35"":26,""37"":25,""38"":225,""39"":49,""181"":10,""182"":6,""66"":14158,""24"":18,""206"":26,""67"":4038,""68"":0,""13"":64,""17"":117,""18"":162,""19"":254,""15"":1000,""13201"":354,""36"":2241,""40"":222,""43"":0,""241"":26801,""199"":136,""16"":66041,""12"":343,""449"":0,""636"":110377514,""11"":893510181,""238"":0,""14"":2540732448,""387"":""2b3431353532392e303333332d303038333934352e313136372b3030302e3139392f""}"
2026-07-03T21:17:42Z,862272088833183,Codec8E,2026-07-03 21:17:42.000 UTC,1783113462000,0,41.5528783,-8.3946700,198,261,14,20,0,"{""239"":1,""240"":1,""80"":1,""21"":4,""200"":0,""69"":1,""237"":2,""113"":100,""263"":1,""303"":1,""383"":3,""30"":0,""31"":10,""32"":58,""33"":0,""35"":26,""37"":25,""38"":225,""39"":49,""181"":10,""182"":6,""66"":14189,""24"":20,""206"":26,""67"":4040,""68"":0,""13"":64,""17"":643,""18"":271,""19"":159,""15"":1000,""13201"":354,""36"":2241,""40"":222,""43"":0,""241"":26801,""199"":150,""16"":66055,""12"":343,""449"":0,""636"":110377514,""11"":893510181,""238"":0,""14"":2540732448,""387"":""2b3431353532382e373833332d303038333934362e373030302b3030302e3139382f""}"
2026-07-03T21:17:45Z,862272088833183,Codec8E,2026-07-03 21:17:43.000 UTC,1783113463000,0,41.5528900,-8.3947649,197,272,14,21,0,"{""239"":1,""240"":1,""80"":1,""21"":4,""200"":0,""69"":1,""237"":2,""113"":100,""263"":1,""303"":1,""383"":3,""30"":0,""31"":10,""32"":58,""33"":0,""35"":26,""37"":25,""38"":225,""39"":49,""181"":10,""182"":7,""66"":14176,""24"":21,""206"":26,""67"":4038,""68"":0,""13"":64,""17"":499,""18"":338,""19"":104,""15"":1000,""13201"":354,""36"":2241,""40"":222,""43"":0,""241"":26801,""199"":158,""16"":66063,""12"":343,""449"":0,""636"":110377514,""11"":893510181,""238"":0,""14"":2540732448,""387"":""2b3431353532382e393030302d303038333934372e363530302b3030302e3139372f""}"
2026-07-03T21:17:49Z,862272088833183,Codec8E,2026-07-03 21:17:49.000 UTC,1783113469000,0,41.5529100,-8.3950766,197,283,16,15,0,"{""239"":1,""240"":1,""80"":1,""21"":4,""200"":0,""69"":1,""237"":2,""113"":100,""263"":1,""303"":1,""383"":3,""30"":0,""31"":7,""32"":58,""33"":0,""35"":17,""37"":24,""38"":228,""39"":49,""181"":9,""182"":6,""66"":14124,""24"":15,""206"":26,""67"":4042,""68"":0,""13"":64,""17"":4,""18"":32,""19"":-58,""15"":1000,""13201"":355,""36"":2270,""40"":116,""43"":0,""241"":26801,""199"":184,""16"":66089,""12"":343,""449"":0,""636"":110377514,""11"":893510181,""238"":0,""14"":2540732448,""387"":""2b3431353532392e313030302d303038333935302e373636372b3030302e3139372f""}"
2026-07-03T21:17:52Z,862272088833183,Codec8E,2026-07-03 21:17:52.000 UTC,1783113472000,0,41.5529216,-8.3951000,197,283,17,4,0,"{""239"":1,""240"":1,""80"":1,""21"":4,""200"":0,""69"":1,""237"":2,""113"":100,""263"":1,""303"":1,""383"":3,""30"":0,""31"":5,""32"":58,""33"":0,""35"":36,""37"":7,""38"":251,""39"":49,""181"":9,""182"":6,""66"":14173,""24"":6,""206"":26,""67"":4042,""68"":0,""13"":64,""17"":-44,""18"":40,""19"":18,""15"":1000,""13201"":356,""36"":783,""40"":161,""43"":0,""241"":26801,""199"":184,""16"":66089,""12"":343,""449"":0,""636"":110377514,""11"":893510181,""238"":0,""14"":2540732448,""387"":""2b3431353532392e323136372d303038333935312e303030302b3030302e3139372f""}"
2026-07-03T21:18:04Z,862272088833183,Codec8E,2026-07-03 21:18:02.000 UTC,1783113482000,0,41.5530750,-8.3951666,195,351,16,9,0,"{""239"":1,""240"":1,""80"":1,""21"":4,""200"":0,""69"":1,""237"":2,""113"":100,""263"":1,""303"":1,""383"":3,""30"":0,""31"":12,""32"":58,""33"":0,""35"":38,""37"":0,""38"":243,""39"":48,""181"":10,""182"":6,""66"":14142,""24"":9,""206"":26,""67"":4042,""68"":0,""13"":64,""17"":-73,""18"":6,""19"":155,""15"":1000,""13201"":356,""36"":1717,""40"":961,""43"":0,""241"":26801,""199"":203,""16"":66108,""12"":343,""449"":0,""636"":110589995,""11"":893510181,""238"":0,""14"":2540732448,""387"":""2b3431353533302e373530302d303038333935312e363636372b3030302e3139352f""}"
2026-07-03T21:18:05Z,862272088833183,Codec8E,2026-07-03 21:18:05.000 UTC,1783113485000,0,41.5535216,-8.3950833,196,5,16,29,0,"{""239"":1,""240"":1,""80"":1,""21"":4,""200"":0,""69"":1,""237"":2,""113"":100,""263"":1,""303"":1,""383"":3,""30"":0,""31"":54,""32"":58,""33"":0,""35"":23,""37"":33,""38"":240,""39"":44,""181"":9,""182"":6,""66"":14158,""24"":15,""206"":26,""67"":4041,""68"":0,""13"":64,""17"":79,""18"":66,""19"":-67,""15"":1000,""13201"":356,""36"":3466,""40"":3180,""43"":0,""241"":26801,""199"":217,""16"":66122,""12"":343,""449"":0,""636"":110589995,""11"":893510181,""238"":0,""14"":2540732448,""387"":""2b3431353533322e303030302d303038333935312e353333332b3030302e3139352f""}"
2026-07-03T21:18:06Z,862272088833183,Codec8E,2026-07-03 21:18:05.010 UTC,1783113485010,0,41.5535216,-8.3950833,196,5,16,29,253,"{""239"":1,""240"":1,""80"":1,""21"":4,""200"":0,""69"":1,""237"":2,""113"":100,""263"":1,""303"":1,""383"":3,""30"":0,""31"":54,""32"":58,""33"":0,""35"":23,""37"":33,""38"":240,""39"":44,""253"":1,""254"":39,""181"":9,""182"":6,""66"":14180,""24"":29,""206"":26,""67"":4041,""68"":0,""13"":64,""17"":26,""18"":61,""19"":-74,""15"":1000,""13201"":356,""36"":3466,""40"":3180,""43"":0,""241"":26801,""199"":254,""16"":66159,""12"":343,""449"":0,""636"":110589995,""11"":893510181,""238"":0,""14"":2540732448,""387"":""2b3431353533352e323136372d303038333935302e383333332b3030302e3139362f""}"
2026-07-03T21:18:10Z,862272088833183,Codec8E,2026-07-03 21:18:08.000 UTC,1783113488000,0,41.5538900,-8.3950499,196,4,15,40,0,"{""239"":1,""240"":1,""80"":1,""21"":4,""200"":0,""69"":1,""237"":2,""113"":100,""263"":1,""303"":1,""383"":3,""30"":0,""31"":20,""32"":58,""33"":246,""35"":28,""37"":49,""38"":222,""39"":44,""181"":10,""182"":6,""66"":14159,""24"":40,""206"":26,""67"":4039,""68"":0,""13"":64,""17"":133,""18"":68,""19"":-135,""15"":1000,""13201"":356,""36"":3288,""40"":200,""43"":0,""241"":26801,""199"":295,""16"":66200,""12"":343,""449"":0,""636"":110589995,""11"":893510181,""238"":0,""14"":2540732448,""387"":""2b3431353533382e393030302d303038333935302e353030302b3030302e3139362f""}"
2026-07-03T21:18:18Z,862272088833183,Codec8E,2026-07-03 21:18:17.000 UTC,1783113497000,0,41.5549483,-8.3949250,194,6,16,52,255,"{""239"":1,""240"":1,""80"":1,""21"":4,""200"":0,""69"":1,""237"":2,""113"":100,""263"":1,""303"":1,""383"":3,""30"":0,""31"":37,""32"":58,""33"":250,""35"":113,""37"":52,""38"":239,""39"":43,""255"":52,""181"":9,""182"":6,""66"":14175,""24"":52,""206"":26,""67"":4042,""68"":0,""13"":64,""17"":63,""18"":94,""19"":79,""15"":1000,""13201"":358,""36"":3416,""40"":2722,""43"":0,""241"":26801,""199"":414,""16"":66319,""12"":343,""449"":0,""636"":110162474,""11"":893510181,""238"":0,""14"":2540732448,""387"":""2b3431353534392e343833332d303038333934392e323530302b3030302e3139342f""}"
2026-07-03T21:18:22Z,862272088833183,Codec8E,2026-07-03 21:18:22.000 UTC,1783113502000,0,41.5557899,-8.3947783,190,5,15,63,0,"{""239"":1,""240"":1,""80"":1,""21"":4,""200"":0,""69"":1,""237"":2,""113"":100,""263"":1,""303"":1,""383"":3,""30"":0,""31"":6,""32"":58,""33"":250,""35"":63,""37"":62,""38"":222,""39"":44,""181"":9,""182"":6,""66"":14152,""24"":63,""206"":26,""67"":4042,""68"":0,""13"":64,""17"":187,""18"":-385,""19"":24,""15"":1000,""13201"":357,""36"":3141,""40"":219,""43"":0,""241"":26801,""199"":508,""16"":66413,""12"":343,""449"":0,""636"":110162474,""11"":893510181,""238"":0,""14"":2540732448,""387"":""2b3431353535372e393030302d303038333934372e373833332b3030302e3139302f""}"
2026-07-03T21:18:25Z,862272088833183,Codec8E,2026-07-03 21:18:25.000 UTC,1783113505000,0,41.5563383,-8.3948249,185,354,11,60,0,"{""239"":1,""240"":1,""80"":1,""21"":4,""200"":0,""69"":1,""237"":2,""113"":100,""263"":1,""303"":1,""383"":3,""30"":0,""31"":6,""32"":58,""33"":250,""35"":63,""37"":62,""38"":222,""39"":44,""181"":11,""182"":8,""66"":14178,""24"":60,""206"":26,""67"":4042,""68"":0,""13"":64,""17"":75,""18"":-358,""19"":-21,""15"":1000,""13201"":358,""36"":3141,""40"":219,""43"":0,""241"":26801,""199"":571,""16"":66476,""12"":343,""449"":0,""636"":110162474,""11"":893510181,""238"":0,""14"":2540732448,""387"":""2b3431353536332e333833332d303038333934382e323530302b3030302e3138352f""}"
2026-07-03T21:18:28Z,862272088833183,Codec8E,2026-07-03 21:18:26.000 UTC,1783113506000,0,41.5564300,-8.3949316,185,339,9,58,0,"{""239"":1,""240"":1,""80"":1,""21"":4,""200"":0,""69"":1,""237"":2,""113"":100,""263"":1,""303"":1,""383"":3,""30"":0,""31"":5,""32"":58,""33"":0,""35"":17,""37"":51,""38"":224,""39"":46,""181"":13,""182"":11,""66"":14172,""24"":58,""206"":26,""67"":4040,""68"":0,""13"":64,""17"":-20,""18"":-264,""19"":-37,""15"":1000,""13201"":358,""36"":2617,""40"":147,""43"":0,""241"":26801,""199"":584,""16"":66489,""12"":343,""449"":0,""636"":110162474,""11"":893510181,""238"":0,""14"":2540732448,""387"":""2b3431353536342e333030302d303038333934392e333136372b3030302e3138352f""}"
2026-07-03T21:18:28Z,862272088833183,Codec8E,2026-07-03 21:18:26.010 UTC,1783113506010,0,41.5564433,-8.3951216,186,308,9,54,253,"{""239"":1,""240"":1,""80"":1,""21"":4,""200"":0,""69"":1,""237"":2,""113"":100,""263"":1,""303"":1,""383"":3,""30"":0,""31"":5,""32"":58,""33"":0,""35"":17,""37"":51,""38"":224,""39"":46,""253"":3,""254"":48,""181"":15,""182"":12,""66"":14172,""24"":54,""206"":26,""67"":4038,""68"":0,""13"":64,""17"":1,""18"":-224,""19"":-7,""15"":1000,""13201"":358,""36"":2617,""40"":147,""43"":0,""241"":26801,""199"":600,""16"":66505,""12"":343,""449"":0,""636"":110162474,""11"":893510181,""238"":0,""14"":2540732448,""387"":""2b3431353536342e343333332d303038333935312e323136372b3030302e3138362f""}"
2026-07-03T21:18:28Z,862272088833183,Codec8E,2026-07-03 21:18:28.000 UTC,1783113508000,0,41.5564383,-8.3953050,187,292,10,50,0,"{""239"":1,""240"":1,""80"":1,""21"":4,""200"":0,""69"":1,""237"":2,""113"":100,""263"":1,""303"":1,""383"":3,""30"":0,""31"":5,""32"":58,""33"":0,""35"":17,""37"":51,""38"":224,""39"":46,""181"":15,""182"":12,""66"":14179,""24"":50,""206"":26,""67"":4037,""68"":0,""13"":64,""17"":115,""18"":-222,""19"":-191,""15"":1000,""13201"":358,""36"":2617,""40"":147,""43"":0,""241"":26801,""199"":615,""16"":66520,""12"":343,""449"":0,""636"":110162474,""11"":893510181,""238"":0,""14"":2540732448,""387"":""2b3431353536342e333833332d303038333935332e303530302b3030302e3138372f""}"
2026-07-03T21:18:29Z,862272088833183,Codec8E,2026-07-03 21:18:29.000 UTC,1783113509000,0,41.5564100,-8.3955050,187,280,12,47,0,"{""239"":1,""240"":1,""80"":1,""21"":4,""200"":0,""69"":1,""237"":2,""113"":100,""263"":1,""303"":1,""383"":3,""30"":0,""31"":5,""32"":58,""33"":0,""35"":17,""37"":51,""38"":224,""39"":46,""181"":13,""182"":10,""66"":14156,""24"":50,""206"":26,""67"":4038,""68"":0,""13"":64,""17"":167,""18"":-108,""19"":-297,""15"":1000,""13201"":359,""36"":2617,""40"":147,""43"":0,""241"":26801,""199"":615,""16"":66520,""12"":343,""449"":0,""636"":110162474,""11"":893510181,""238"":0,""14"":2540732448,""387"":""2b3431353536342e333833332d303038333935332e303530302b3030302e3138372f""}"
2026-07-03T21:18:30Z,862272088833183,Codec8E,2026-07-03 21:18:29.010 UTC,1783113509010,0,41.5564100,-8.3955050,187,280,12,47,255,"{""239"":1,""240"":1,""80"":1,""21"":4,""200"":0,""69"":1,""237"":2,""113"":100,""263"":1,""303"":1,""383"":3,""30"":0,""31"":5,""32"":58,""33"":0,""35"":17,""37"":51,""38"":224,""39"":46,""255"":47,""181"":12,""182"":9,""66"":14128,""24"":47,""206"":26,""67"":4040,""68"":0,""13"":64,""17"":123,""18"":-32,""19"":-209,""15"":1000,""13201"":359,""36"":2617,""40"":147,""43"":0,""241"":26801,""199"":632,""16"":66537,""12"":343,""449"":0,""636"":110162474,""11"":893510181,""238"":0,""14"":2540732448,""387"":""2b3431353536342e313030302d303038333935352e303530302b3030302e3138372f""}"
2026-07-03T21:18:30Z,862272088833183,Codec8E,2026-07-03 21:18:30.000 UTC,1783113510000,0,41.5563950,-8.3956500,188,261,12,42,0,"{""239"":1,""240"":1,""80"":1,""21"":4,""200"":0,""69"":1,""237"":2,""113"":100,""263"":1,""303"":1,""383"":3,""30"":0,""31"":5,""32"":58,""33"":0,""35"":17,""37"":51,""38"":224,""39"":46,""181"":12,""182"":9,""66"":14125,""24"":42,""206"":26,""67"":4040,""68"":0,""13"":64,""17"":123,""18"":-32,""19"":-209,""15"":1000,""13201"":359,""36"":2617,""40"":147,""43"":0,""241"":26801,""199"":645,""16"":66550,""12"":343,""449"":0,""636"":110162474,""11"":893510181,""238"":0,""14"":2540732448,""387"":""2b3431353536332e393530302d303038333935362e353030302b3030302e3138382f""}"
2026-07-03T21:18:32Z,862272088833183,Codec8E,2026-07-03 21:18:32.000 UTC,1783113512000,0,41.5563033,-8.3958333,187,249,13,32,0,"{""239"":1,""240"":1,""80"":1,""21"":4,""200"":0,""69"":1,""237"":2,""113"":100,""263"":1,""303"":1,""383"":3,""30"":0,""31"":7,""32"":58,""33"":0,""35"":18,""37"":39,""38"":233,""39"":47,""181"":12,""182"":9,""66"":14120,""24"":37,""206"":26,""67"":4040,""68"":0,""13"":64,""17"":58,""18"":18,""19"":-92,""15"":1000,""13201"":359,""36"":2093,""40"":100,""43"":0,""241"":26801,""199"":656,""16"":66561,""12"":343,""449"":0,""636"":110162474,""11"":893510181,""238"":0,""14"":2540732448,""387"":""2b3431353536332e343833332d303038333935372e363636372b3030302e3138382f""}"
2026-07-03T21:18:36Z,862272088833183,Codec8E,2026-07-03 21:18:35.000 UTC,1783113515000,0,41.5562750,-8.3959166,187,247,14,19,0,"{""239"":1,""240"":1,""80"":1,""21"":4,""200"":0,""69"":1,""237"":2,""113"":100,""263"":1,""303"":1,""383"":3,""30"":0,""31"":13,""32"":58,""33"":1,""35"":36,""37"":9,""38"":240,""39"":47,""181"":12,""182"":8,""66"":14178,""24"":19,""206"":26,""67"":4042,""68"":0,""13"":64,""17"":-31,""18"":13,""19"":87,""15"":1000,""13201"":359,""36"":922,""40"":338,""43"":0,""241"":26801,""199"":668,""16"":66573,""12"":343,""449"":0,""636"":110162474,""11"":893510181,""238"":0,""14"":2540732448,""387"":""2b3431353536322e373530302d303038333935392e313636372b3030302e3138372f""}"
2026-07-03T21:18:38Z,862272088833183,Codec8E,2026-07-03 21:18:38.000 UTC,1783113518000,0,41.5562399,-8.3960533,188,257,14,18,0,"{""239"":1,""240"":1,""80"":1,""21"":5,""200"":0,""69"":1,""237"":2,""113"":100,""263"":1,""303"":1,""383"":3,""30"":0,""31"":13,""32"":58,""33"":1,""35"":36,""37"":9,""38"":240,""39"":47,""181"":14,""182"":8,""66"":14176,""24"":17,""206"":26,""67"":4041,""68"":0,""13"":64,""17"":22,""18"":137,""19"":-13,""15"":1000,""13201"":360,""36"":922,""40"":338,""43"":0,""241"":26801,""199"":673,""16"":66578,""12"":343,""449"":0,""636"":110162474,""11"":893510181,""238"":0,""14"":2540732448,""387"":""2b3431353536322e363636372d303038333935392e343530302b3030302e3138372f""}"
2026-07-03T21:18:41Z,862272088833183,Codec8E,2026-07-03 21:18:39.000 UTC,1783113519000,0,41.5562300,-8.3961316,188,267,14,19,0,"{""239"":1,""240"":1,""80"":1,""21"":5,""200"":0,""69"":1,""237"":2,""113"":100,""263"":1,""303"":1,""383"":3,""30"":0,""31"":13,""32"":58,""33"":1,""35"":36,""37"":9,""38"":240,""39"":47,""181"":14,""182"":8,""66"":14171,""24"":18,""206"":26,""67"":4042,""68"":0,""13"":64,""17"":-84,""18"":59,""19"":151,""15"":1000,""13201"":360,""36"":922,""40"":338,""43"":0,""241"":26801,""199"":683,""16"":66588,""12"":343,""449"":0,""636"":110162474,""11"":893510181,""238"":0,""14"":2540732448,""387"":""2b3431353536322e343030302d303038333936302e353333332b3030302e3138382f""}"
2026-07-03T21:18:41Z,862272088833183,Codec8E,2026-07-03 21:18:41.000 UTC,1783113521000,0,41.5562350,-8.3963083,188,279,14,24,0,"{""239"":1,""240"":1,""80"":1,""21"":5,""200"":0,""69"":1,""237"":2,""113"":100,""263"":1,""303"":1,""383"":3,""30"":0,""31"":25,""32"":58,""33"":253,""35"":96,""37"":22,""38"":224,""39"":44,""181"":11,""182"":7,""66"":14154,""24"":24,""206"":26,""67"":4037,""68"":0,""13"":64,""17"":-41,""18"":-2,""19"":50,""15"":1000,""13201"":360,""36"":2746,""40"":1422,""43"":0,""241"":26801,""199"":704,""16"":66609,""12"":343,""449"":0,""636"":110162474,""11"":893510181,""238"":0,""14"":2540732448,""387"":""2b3431353536322e333530302d303038333936332e303833332b3030302e3138382f""}"
2026-07-03T21:18:46Z,862272088833183,Codec8E,2026-07-03 21:18:46.000 UTC,1783113526000,0,41.5563250,-8.3968800,186,285,17,37,0,"{""239"":1,""240"":1,""80"":1,""21"":5,""200"":0,""69"":1,""237"":2,""113"":100,""263"":1,""303"":1,""383"":3,""30"":0,""31"":61,""32"":58,""33"":0,""35"":91,""37"":39,""38"":240,""39"":42,""181"":9,""182"":6,""66"":14141,""24"":37,""206"":26,""67"":4042,""68"":0,""13"":64,""17"":124,""18"":141,""19"":-244,""15"":1000,""13201"":360,""36"":2556,""40"":313,""43"":0,""241"":26801,""199"":752,""16"":66657,""12"":343,""449"":0,""636"":110136873,""11"":893510181,""238"":0,""14"":2540732448,""387"":""2b3431353536332e323530302d303038333936382e383030302b3030302e3138362f""}"
2026-07-03T21:18:49Z,862272088833183,Codec8E,2026-07-03 21:18:49.000 UTC,1783113529000,0,41.5564100,-8.3971300,187,300,17,32,0,"{""239"":1,""240"":1,""80"":1,""21"":5,""200"":0,""69"":1,""237"":2,""113"":100,""263"":1,""303"":1,""383"":3,""30"":0,""31"":5,""32"":59,""33"":0,""35"":19,""37"":24,""38"":243,""39"":44,""181"":9,""182"":6,""66"":14142,""24"":32,""206"":26,""67"":4042,""68"":0,""13"":64,""17"":54,""18"":17,""19"":-152,""15"":1000,""13201"":360,""36"":1165,""40"":155,""43"":0,""241"":26801,""199"":776,""16"":66681,""12"":343,""449"":0,""636"":110136873,""11"":893510181,""238"":0,""14"":2540732448,""387"":""2b3431353536342e313030302d303038333937312e333030302b3030302e3138372f""}"
2026-07-03T21:18:51Z,862272088833183,Codec8E,2026-07-03 21:18:51.000 UTC,1783113531000,0,41.5564300,-8.3971683,188,313,16,21,0,"{""239"":1,""240"":1,""80"":1,""21"":5,""200"":0,""69"":1,""237"":2,""113"":100,""263"":1,""303"":1,""383"":3,""30"":0,""31"":5,""32"":59,""33"":0,""35"":19,""37"":24,""38"":243,""39"":44,""181"":11,""182"":6,""66"":14145,""24"":21,""206"":26,""67"":4040,""68"":0,""13"":64,""17"":-35,""18"":29,""19"":10,""15"":1000,""13201"":361,""36"":1165,""40"":155,""43"":0,""241"":26801,""199"":778,""16"":66683,""12"":343,""449"":0,""636"":110136873,""11"":893510181,""238"":0,""14"":2540732448,""387"":""2b3431353536342e333030302d303038333937312e363833332b3030302e3138382f""}"
2026-07-03T21:18:54Z,862272088833183,Codec8E,2026-07-03 21:18:53.000 UTC,1783113533000,0,41.5564300,-8.3971716,188,313,17,11,0,"{""239"":1,""240"":1,""80"":1,""21"":5,""200"":0,""69"":1,""237"":2,""113"":100,""263"":1,""303"":1,""383"":3,""30"":0,""31"":5,""32"":59,""33"":0,""35"":19,""37"":24,""38"":243,""39"":44,""181"":9,""182"":6,""66"":14140,""24"":11,""206"":26,""67"":4041,""68"":0,""13"":64,""17"":-122,""18"":135,""19"":253,""15"":1000,""13201"":361,""36"":1165,""40"":155,""43"":0,""241"":26801,""199"":778,""16"":66683,""12"":343,""449"":0,""636"":110136873,""11"":893510181,""238"":0,""14"":2540732448,""387"":""2b3431353536342e333030302d303038333937312e373136372b3030302e3138382f""}"
2026-07-03T21:18:56Z,862272088833183,Codec8E,2026-07-03 21:18:56.000 UTC,1783113536000,0,41.5564350,-8.3971783,189,331,17,6,0,"{""239"":1,""240"":1,""80"":1,""21"":5,""200"":0,""69"":1,""237"":2,""113"":100,""263"":1,""303"":1,""383"":3,""30"":0,""31"":11,""32"":59,""33"":253,""35"":36,""37"":0,""38"":243,""39"":44,""181"":9,""182"":6,""66"":14178,""24"":6,""206"":26,""67"":4042,""68"":0,""13"":64,""17"":-98,""18"":-182,""19"":143,""15"":1000,""13201"":362,""36"":1183,""40"":855,""43"":0,""241"":26801,""199"":778,""16"":66683,""12"":343,""449"":0,""636"":110589995,""11"":893510181,""238"":0,""14"":2540732448,""387"":""2b3431353536342e333530302d303038333937312e373833332b3030302e3138392f""}"
2026-07-03T21:18:59Z,862272088833183,Codec8E,2026-07-03 21:18:57.000 UTC,1783113537000,0,41.5565050,-8.3972183,189,342,17,9,0,"{""239"":1,""240"":1,""80"":1,""21"":5,""200"":0,""69"":1,""237"":2,""113"":100,""263"":1,""303"":1,""383"":3,""30"":0,""31"":11,""32"":59,""33"":253,""35"":36,""37"":0,""38"":243,""39"":44,""181"":9,""182"":6,""66"":14178,""24"":9,""206"":26,""67"":4040,""68"":0,""13"":64,""17"":1,""18"":-245,""19"":144,""15"":1000,""13201"":362,""36"":1183,""40"":855,""43"":0,""241"":26801,""199"":789,""16"":66694,""12"":343,""449"":0,""636"":110162474,""11"":893510181,""238"":0,""14"":2540732448,""387"":""2b3431353536352e303530302d303038333937322e313833332b3030302e3138392f""}"
2026-07-03T21:18:59Z,862272088833183,Codec8E,2026-07-03 21:18:59.000 UTC,1783113539000,0,41.5566550,-8.3973250,190,320,17,18,0,"{""239"":1,""240"":1,""80"":1,""21"":5,""200"":0,""69"":1,""237"":2,""113"":100,""263"":1,""303"":1,""383"":3,""30"":0,""31"":50,""32"":59,""33"":253,""35"":26,""37"":25,""38"":240,""39"":43,""181"":10,""182"":6,""66"":14164,""24"":18,""206"":26,""67"":4038,""68"":0,""13"":64,""17"":-110,""18"":-310,""19"":110,""15"":1000,""13201"":362,""36"":2673,""40"":2041,""43"":0,""241"":26801,""199"":808,""16"":66713,""12"":343,""449"":0,""636"":110162474,""11"":893510181,""238"":0,""14"":2540732448,""387"":""2b3431353536362e353530302d303038333937332e323530302b3030302e3139302f""}"
2026-07-03T21:19:00Z,862272088833183,Codec8E,2026-07-03 21:19:00.000 UTC,1783113540000,0,41.5567150,-8.3974166,191,305,17,22,0,"{""239"":1,""240"":1,""80"":1,""21"":5,""200"":0,""69"":1,""237"":2,""113"":100,""263"":1,""303"":1,""383"":3,""30"":0,""31"":50,""32"":59,""33"":253,""35"":26,""37"":25,""38"":240,""39"":43,""181"":9,""182"":6,""66"":14161,""24"":22,""206"":26,""67"":4038,""68"":0,""13"":64,""17"":-29,""18"":-496,""19"":7,""15"":1000,""13201"":362,""36"":2673,""40"":2041,""43"":0,""241"":26801,""199"":818,""16"":66723,""12"":343,""449"":0,""636"":110162474,""11"":893510181,""238"":0,""14"":2540732448,""387"":""2b3431353536372e313530302d303038333937342e313636372b3030302e3139312f""}"
2026-07-03T21:19:01Z,862272088833183,Codec8E,2026-07-03 21:19:01.000 UTC,1783113541000,0,41.5567533,-8.3975233,191,292,17,24,0,"{""239"":1,""240"":1,""80"":1,""21"":5,""200"":0,""69"":1,""237"":2,""113"":100,""263"":1,""303"":1,""383"":3,""30"":0,""31"":50,""32"":59,""33"":253,""35"":26,""37"":25,""38"":240,""39"":43,""181"":9,""182"":6,""66"":14163,""24"":24,""206"":26,""67"":4039,""68"":0,""13"":64,""17"":-110,""18"":-520,""19"":79,""15"":1000,""13201"":362,""36"":2673,""40"":2041,""43"":0,""241"":26801,""199"":828,""16"":66733,""12"":343,""449"":0,""636"":110589995,""11"":893510181,""238"":0,""14"":2540732448,""387"":""2b3431353536372e353333332d303038333937352e323333332b3030302e3139312f""}"
2026-07-03T21:19:03Z,862272088833183,Codec8E,2026-07-03 21:19:02.000 UTC,1783113542000,0,41.5567483,-8.3976683,191,262,17,28,0,"{""239"":1,""240"":1,""80"":1,""21"":5,""200"":0,""69"":1,""237"":2,""113"":100,""263"":1,""303"":1,""383"":3,""30"":0,""31"":50,""32"":59,""33"":253,""35"":26,""37"":25,""38"":240,""39"":43,""181"":10,""182"":6,""66"":14186,""24"":28,""206"":26,""67"":4040,""68"":0,""13"":64,""17"":-29,""18"":-318,""19"":162,""15"":1000,""13201"":362,""36"":2673,""40"":2041,""43"":0,""241"":26801,""199"":840,""16"":66745,""12"":343,""449"":0,""636"":110589995,""11"":893510181,""238"":0,""14"":2540732448,""387"":""2b3431353536372e343833332d303038333937362e363833332b3030302e3139312f""}"
2026-07-03T21:19:03Z,862272088833183,Codec8E,2026-07-03 21:19:02.010 UTC,1783113542010,0,41.5567216,-8.3978300,191,241,17,31,253,"{""239"":1,""240"":1,""80"":1,""21"":5,""200"":0,""69"":1,""237"":2,""113"":100,""263"":1,""303"":1,""383"":3,""30"":0,""31"":50,""32"":59,""33"":253,""35"":26,""37"":25,""38"":240,""39"":43,""253"":3,""254"":40,""181"":10,""182"":6,""66"":14187,""24"":31,""206"":26,""67"":4040,""68"":0,""13"":64,""17"":-28,""18"":-243,""19"":206,""15"":1000,""13201"":362,""36"":2673,""40"":2041,""43"":0,""241"":26801,""199"":853,""16"":66758,""12"":343,""449"":0,""636"":110589995,""11"":893510181,""238"":0,""14"":2540732448,""387"":""2b3431353536372e323136372d303038333937382e333030302b3030302e3139312f""}"
2026-07-03T21:19:03Z,862272088833183,Codec8E,2026-07-03 21:19:03.000 UTC,1783113543000,0,41.5566550,-8.3979383,188,220,17,34,253,"{""239"":1,""240"":1,""80"":1,""21"":5,""200"":0,""69"":1,""237"":2,""113"":100,""263"":1,""303"":1,""383"":3,""30"":0,""31"":41,""32"":59,""33"":252,""35"":100,""37"":39,""38"":237,""39"":42,""253"":3,""254"":40,""181"":9,""182"":6,""66"":14170,""24"":34,""206"":26,""67"":4039,""68"":0,""13"":64,""17"":98,""18"":50,""19"":0,""15"":1000,""13201"":362,""36"":2648,""40"":1613,""43"":0,""241"":26801,""199"":865,""16"":66770,""12"":343,""449"":0,""636"":110589995,""11"":893510181,""238"":0,""14"":2540732448,""387"":""2b3431353536372e323136372d303038333937382e333030302b3030302e3139312f""}"
2026-07-03T21:19:06Z,862272088833183,Codec8E,2026-07-03 21:19:06.000 UTC,1783113546000,0,41.5562999,-8.3982033,189,233,17,44,0,"{""239"":1,""240"":1,""80"":1,""21"":5,""200"":0,""69"":1,""237"":2,""113"":100,""263"":1,""303"":1,""383"":3,""30"":0,""31"":41,""32"":59,""33"":252,""35"":100,""37"":39,""38"":237,""39"":42,""181"":9,""182"":6,""66"":14170,""24"":44,""206"":26,""67"":4042,""68"":0,""13"":64,""17"":63,""18"":-44,""19"":112,""15"":1000,""13201"":362,""36"":2648,""40"":1613,""43"":0,""241"":26801,""199"":911,""16"":66816,""12"":343,""449"":0,""636"":110589995,""11"":893510181,""238"":0,""14"":2540732448,""387"":""2b3431353536332e303030302d303038333938322e303333332b3030302e3138392f""}"
2026-07-03T21:19:10Z,862272088833183,Codec8E,2026-07-03 21:19:09.000 UTC,1783113549000,0,41.5561966,-8.3985883,186,243,17,50,0,"{""239"":1,""240"":1,""80"":1,""21"":5,""200"":0,""69"":1,""237"":2,""113"":100,""263"":1,""303"":1,""383"":3,""30"":0,""31"":36,""32"":60,""33"":0,""35"":102,""37"":51,""38"":241,""39"":42,""181"":9,""182"":6,""66"":14181,""24"":50,""206"":26,""67"":4040,""68"":0,""13"":64,""17"":42,""18"":-72,""19"":114,""15"":1000,""13201"":362,""36"":2537,""40"":2430,""43"":0,""241"":26801,""199"":945,""16"":66850,""12"":343,""449"":0,""636"":110589995,""11"":893510181,""238"":0,""14"":2540732448,""387"":""2b3431353536312e393636372d303038333938352e383833332b3030302e3138362f""}"
2026-07-03T21:19:10Z,862272088833183,Codec8E,2026-07-03 21:19:09.010 UTC,1783113549010,0,41.5561233,-8.3987783,185,241,17,53,255,"{""239"":1,""240"":1,""80"":1,""21"":5,""200"":0,""69"":1,""237"":2,""113"":100,""263"":1,""303"":1,""383"":3,""30"":0,""31"":36,""32"":60,""33"":0,""35"":102,""37"":51,""38"":241,""39"":42,""255"":53,""181"":9,""182"":6,""66"":14181,""24"":53,""206"":26,""67"":4040,""68"":0,""13"":64,""17"":42,""18"":-72,""19"":114,""15"":1000,""13201"":362,""36"":2537,""40"":2430,""43"":0,""241"":26801,""199"":963,""16"":66868,""12"":343,""449"":0,""636"":110589995,""11"":893510181,""238"":0,""14"":2540732448,""387"":""2b3431353536312e393636372d303038333938352e383833332b3030302e3138362f""}"
2026-07-03T21:19:14Z,862272088833183,Codec8E,2026-07-03 21:19:14.000 UTC,1783113554000,0,41.5557600,-8.3996383,183,239,17,65,0,"{""239"":1,""240"":1,""80"":1,""21"":5,""200"":0,""69"":1,""237"":2,""113"":100,""263"":1,""303"":1,""383"":3,""30"":0,""31"":8,""32"":60,""33"":0,""35"":114,""37"":64,""38"":246,""39"":42,""181"":9,""182"":6,""66"":14169,""24"":65,""206"":26,""67"":4042,""68"":0,""13"":64,""17"":32,""18"":36,""19"":70,""15"":166,""13201"":363,""36"":2333,""40"":2022,""43"":0,""241"":26801,""199"":1045,""16"":66950,""12"":343,""449"":0,""636"":110118954,""11"":893510181,""238"":0,""14"":2540732448,""387"":""2b3431353535372e363030302d303038333939362e333833332b3030302e3138332f""}"
2026-07-03T21:19:20Z,862272088833183,Codec8E,2026-07-03 21:19:19.000 UTC,1783113559000,0,41.5552833,-8.4007233,181,239,17,74,0,"{""239"":1,""240"":1,""80"":1,""21"":5,""200"":0,""69"":1,""237"":2,""113"":100,""263"":1,""303"":1,""383"":3,""30"":0,""31"":61,""32"":61,""33"":0,""35"":90,""37"":73,""38"":243,""39"":41,""181"":10,""182"":6,""66"":14170,""24"":74,""206"":26,""67"":4042,""68"":0,""13"":64,""17"":71,""18"":7,""19"":62,""15"":166,""13201"":363,""36"":1895,""40"":1433,""43"":0,""241"":26801,""199"":1150,""16"":67055,""12"":343,""449"":0,""636"":110377514,""11"":893510181,""238"":0,""14"":2540732448,""387"":""2b3431353535322e383333332d303038343030372e323333332b3030302e3138312f""}"
2026-07-03T21:19:24Z,862272088833183,Codec8E,2026-07-03 21:19:24.000 UTC,1783113564000,0,41.5547450,-8.4018950,181,239,16,81,0,"{""239"":1,""240"":1,""80"":1,""21"":5,""200"":0,""69"":1,""237"":2,""113"":100,""263"":1,""303"":1,""383"":3,""30"":0,""31"":60,""32"":61,""33"":249,""35"":130,""37"":80,""38"":248,""39"":41,""181"":9,""182"":6,""66"":14158,""24"":81,""206"":26,""67"":4042,""68"":0,""13"":64,""17"":10,""18"":36,""19"":36,""15"":166,""13201"":364,""36"":2074,""40"":1702,""43"":0,""241"":26801,""199"":1265,""16"":67170,""12"":343,""449"":0,""636"":110377514,""11"":893510181,""238"":0,""14"":2540732448,""387"":""2b3431353534372e343530302d303038343031382e393530302b3030302e3138312f""}"
2026-07-03T21:19:29Z,862272088833183,Codec8E,2026-07-03 21:19:28.000 UTC,1783113568000,0,41.5541883,-8.4031750,179,241,16,87,0,"{""239"":1,""240"":1,""80"":1,""21"":5,""200"":0,""69"":1,""237"":2,""113"":100,""263"":1,""303"":1,""383"":3,""30"":0,""31"":64,""32"":62,""33"":252,""35"":136,""37"":86,""38"":245,""39"":41,""181"":9,""182"":6,""66"":14104,""24"":86,""206"":26,""67"":4041,""68"":0,""13"":64,""17"":53,""18"":75,""19"":88,""15"":166,""13201"":364,""36"":2238,""40"":1769,""43"":0,""241"":26801,""199"":1362,""16"":67267,""12"":343,""449"":0,""636"":110377514,""11"":893510181,""238"":0,""14"":2540732448,""387"":""2b3431353534332e303833332d303038343032392e303333332b3030302e3138312f""}"
2026-07-03T21:19:34Z,862272088833183,Codec8E,2026-07-03 21:19:33.000 UTC,1783113573000,0,41.5536399,-8.4045666,175,240,16,91,0,"{""239"":1,""240"":1,""80"":1,""21"":5,""200"":0,""69"":1,""237"":2,""113"":100,""263"":1,""303"":1,""383"":3,""30"":0,""31"":59,""32"":62,""33"":248,""35"":123,""37"":90,""38"":241,""39"":41,""181"":9,""182"":6,""66"":14208,""24"":91,""206"":26,""67"":4042,""68"":0,""13"":64,""17"":170,""18"":14,""19"":61,""15"":166,""13201"":365,""36"":2355,""40"":1722,""43"":0,""241"":26801,""199"":1519,""16"":67424,""12"":343,""449"":0,""636"":110377514,""11"":893510181,""238"":0,""14"":2540732448,""387"":""2b3431353533362e343030302d303038343034352e363636372b3030302e3137352f""}"
2026-07-03T21:19:40Z,862272088833183,Codec8E,2026-07-03 21:19:39.000 UTC,1783113579000,0,41.5530816,-8.4058583,180,241,16,88,0,"{""239"":1,""240"":1,""80"":1,""21"":5,""200"":0,""69"":1,""237"":2,""113"":100,""263"":1,""303"":1,""383"":3,""30"":0,""31"":49,""32"":62,""33"":3,""35"":131,""37"":87,""38"":246,""39"":42,""181"":9,""182"":6,""66"":14171,""24"":88,""206"":26,""67"":4042,""68"":0,""13"":64,""17"":-94,""18"":29,""19"":12,""15"":166,""13201"":365,""36"":2287,""40"":1766,""43"":0,""241"":26801,""199"":1643,""16"":67548,""12"":343,""449"":0,""636"":110377514,""11"":893510181,""238"":0,""14"":2540732448,""387"":""2b3431353533302e383136372d303038343035382e353833332b3030302e3138302f""}"
2026-07-03T21:19:44Z,862272088833183,Codec8E,2026-07-03 21:19:44.000 UTC,1783113584000,0,41.5526049,-8.4070550,187,240,17,84,0,"{""239"":1,""240"":1,""80"":1,""21"":5,""200"":0,""69"":1,""237"":2,""113"":100,""263"":1,""303"":1,""383"":3,""30"":0,""31"":60,""32"":62,""33"":251,""35"":76,""37"":81,""38"":240,""39"":41,""181"":10,""182"":6,""66"":14197,""24"":84,""206"":26,""67"":4042,""68"":0,""13"":64,""17"":8,""18"":22,""19"":-20,""15"":166,""13201"":365,""36"":2129,""40"":455,""43"":0,""241"":26801,""199"":1756,""16"":67661,""12"":343,""449"":0,""636"":110136873,""11"":893510181,""238"":0,""14"":2540732448,""387"":""2b3431353532362e303530302d303038343037302e353530302b3030302e3138372f""}"
2026-07-03T21:19:49Z,862272088833183,Codec8E,2026-07-03 21:19:49.000 UTC,1783113589000,0,41.5520833,-8.4082850,181,242,16,84,0,"{""239"":1,""240"":1,""80"":1,""21"":5,""200"":0,""69"":1,""237"":2,""113"":100,""263"":1,""303"":1,""383"":3,""30"":0,""31"":15,""32"":63,""33"":0,""35"":64,""37"":86,""38"":240,""39"":42,""181"":9,""182"":6,""66"":14169,""24"":84,""206"":26,""67"":4042,""68"":0,""13"":64,""17"":120,""18"":-10,""19"":133,""15"":166,""13201"":366,""36"":2238,""40"":1136,""43"":0,""241"":26801,""199"":1873,""16"":67778,""12"":343,""449"":0,""636"":110136875,""11"":893510181,""238"":0,""14"":2540732448,""387"":""2b3431353532302e383333332d303038343038322e383530302b3030302e3138312f""}"
2026-07-03T21:19:56Z,862272088833183,Codec8E,2026-07-03 21:19:54.000 UTC,1783113594000,0,41.5515583,-8.4095466,180,240,16,86,0,"{""239"":1,""240"":1,""80"":1,""21"":5,""200"":0,""69"":1,""237"":2,""113"":100,""263"":1,""303"":1,""383"":3,""30"":0,""31"":53,""32"":63,""33"":255,""35"":116,""37"":86,""38"":241,""39"":41,""181"":9,""182"":6,""66"":14191,""24"":86,""206"":26,""67"":4042,""68"":0,""13"":64,""17"":59,""18"":31,""19"":-58,""15"":166,""13201"":366,""36"":2230,""40"":1044,""43"":0,""241"":26801,""199"":1994,""16"":67899,""12"":343,""449"":0,""636"":110136875,""11"":893510181,""238"":0,""14"":2540732448,""387"":""2b3431353531352e353833332d303038343039352e343636372b3030302e3138302f""}"
2026-07-03T21:20:00Z,862272088833183,Codec8E,2026-07-03 21:19:59.000 UTC,1783113599000,0,41.5509783,-8.4108933,182,239,16,75,0,"{""239"":1,""240"":1,""80"":1,""21"":5,""200"":0,""69"":1,""237"":2,""113"":100,""263"":1,""303"":1,""383"":3,""30"":0,""31"":5,""32"":63,""33"":0,""35"":19,""37"":78,""38"":230,""39"":42,""181"":11,""182"":6,""66"":14150,""24"":75,""206"":26,""67"":4042,""68"":0,""13"":64,""17"":132,""18"":-11,""19"":-152,""15"":333,""13201"":367,""36"":2051,""40"":113,""43"":0,""241"":26801,""199"":2123,""16"":68028,""12"":343,""449"":0,""636"":110136875,""11"":893510181,""238"":0,""14"":2540732448,""387"":""2b3431353530392e373833332d303038343130382e393333332b3030302e3138322f""}"
2026-07-03T21:20:02Z,862272088833183,Codec8E,2026-07-03 21:20:02.000 UTC,1783113602000,0,41.5507833,-8.4113350,181,240,16,59,0,"{""239"":1,""240"":1,""80"":1,""21"":5,""200"":0,""69"":1,""237"":2,""113"":100,""263"":1,""303"":1,""383"":3,""30"":0,""31"":4,""32"":63,""33"":0,""35"":19,""37"":52,""38"":243,""39"":44,""181"":9,""182"":6,""66"":14097,""24"":65,""206"":26,""67"":4042,""68"":0,""13"":64,""17"":210,""18"":-22,""19"":-188,""15"":333,""13201"":366,""36"":1396,""40"":169,""43"":0,""241"":26801,""199"":2155,""16"":68060,""12"":343,""449"":0,""636"":110136875,""11"":893510181,""238"":0,""14"":2540732448,""387"":""2b3431353530382e333333332d303038343131322e323030302b3030302e3138312f""}"
2026-07-03T21:20:05Z,862272088833183,Codec8E,2026-07-03 21:20:04.000 UTC,1783113604000,0,41.5507283,-8.4114616,181,239,16,43,255,"{""239"":1,""240"":1,""80"":1,""21"":5,""200"":0,""69"":1,""237"":2,""113"":100,""263"":1,""303"":1,""383"":3,""30"":0,""31"":4,""32"":63,""33"":0,""35"":19,""37"":52,""38"":243,""39"":44,""255"":43,""181"":10,""182"":6,""66"":14143,""24"":43,""206"":26,""67"":4042,""68"":0,""13"":64,""17"":103,""18"":5,""19"":-103,""15"":333,""13201"":367,""36"":1396,""40"":169,""43"":0,""241"":26801,""199"":2178,""16"":68083,""12"":343,""449"":0,""636"":110136875,""11"":893510181,""238"":0,""14"":2540732448,""387"":""2b3431353530372e323833332d303038343131342e363136372b3030302e3138312f""}"
2026-07-03T21:20:06Z,862272088833183,Codec8E,2026-07-03 21:20:06.000 UTC,1783113606000,0,41.5507116,-8.4115000,181,226,16,28,0,"{""239"":1,""240"":1,""80"":1,""21"":5,""200"":0,""69"":1,""237"":2,""113"":100,""263"":1,""303"":1,""383"":3,""30"":0,""31"":4,""32"":63,""33"":0,""35"":19,""37"":52,""38"":243,""39"":44,""181"":11,""182"":6,""66"":14126,""24"":28,""206"":26,""67"":4041,""68"":0,""13"":64,""17"":35,""18"":38,""19"":-105,""15"":333,""13201"":367,""36"":1396,""40"":169,""43"":0,""241"":26801,""199"":2181,""16"":68086,""12"":343,""449"":0,""636"":110136875,""11"":893510181,""238"":0,""14"":2540732448,""387"":""2b3431353530372e313136372d303038343131352e303030302b3030302e3138312f""}"
2026-07-03T21:20:11Z,862272088833183,Codec8E,2026-07-03 21:20:09.000 UTC,1783113609000,0,41.5507133,-8.4114966,181,226,16,15,0,"{""239"":1,""240"":1,""80"":1,""21"":5,""200"":0,""69"":1,""237"":2,""113"":100,""263"":1,""303"":1,""383"":3,""30"":0,""31"":13,""32"":63,""33"":3,""35"":37,""37"":8,""38"":255,""39"":44,""181"":9,""182"":6,""66"":14130,""24"":15,""206"":26,""67"":4039,""68"":0,""13"":64,""17"":-15,""18"":24,""19"":-20,""15"":333,""13201"":367,""36"":908,""40"":161,""43"":0,""241"":26801,""199"":2181,""16"":68086,""12"":343,""449"":0,""636"":110170153,""11"":893510181,""238"":0,""14"":2540732448,""387"":""2b3431353530372e313333332d303038343131342e393636372b3030302e3138312f""}"
2026-07-03T21:20:15Z,862272088833183,Codec8E,2026-07-03 21:20:13.000 UTC,1783113613000,0,41.5507116,-8.4114933,180,226,16,4,0,"{""239"":1,""240"":1,""80"":1,""21"":5,""200"":0,""69"":1,""237"":2,""113"":100,""263"":1,""303"":1,""383"":3,""30"":0,""31"":13,""32"":63,""33"":7,""35"":38,""37"":0,""38"":0,""39"":44,""181"":10,""182"":6,""66"":14139,""24"":4,""206"":26,""67"":4042,""68"":0,""13"":64,""17"":-16,""18"":25,""19"":-32,""15"":333,""13201"":368,""36"":922,""40"":172,""43"":0,""241"":26801,""199"":2181,""16"":68086,""12"":343,""449"":0,""636"":110170153,""11"":893510181,""238"":0,""14"":2540732448,""387"":""2b3431353530372e313136372d303038343131342e393333332b3030302e3138302f""}"
2026-07-03T21:20:19Z,862272088833183,Codec8E,2026-07-03 21:20:17.000 UTC,1783113617000,0,41.5507116,-8.4114933,180,226,14,1,303,"{""239"":1,""240"":1,""80"":1,""21"":5,""200"":0,""69"":1,""237"":2,""113"":100,""263"":1,""303"":0,""383"":3,""30"":0,""31"":14,""32"":63,""33"":10,""35"":39,""37"":0,""38"":1,""39"":44,""181"":10,""182"":6,""66"":14145,""24"":1,""206"":26,""67"":4040,""68"":0,""13"":64,""17"":-18,""18"":23,""19"":-37,""15"":333,""13201"":368,""36"":928,""40"":169,""43"":0,""241"":26801,""199"":2181,""16"":68086,""12"":343,""449"":0,""636"":110170153,""11"":893510181,""238"":0,""14"":2540732448,""387"":""2b3431353530372e313136372d303038343131342e393333332b3030302e3138302f""}"
2026-07-03T21:20:29Z,862272088833183,Codec8E,2026-07-03 21:20:26.000 UTC,1783113626000,0,41.5506733,-8.4115799,179,257,15,8,0,"{""239"":1,""240"":1,""80"":1,""21"":5,""200"":0,""69"":1,""237"":2,""113"":100,""263"":1,""303"":1,""383"":3,""30"":0,""31"":13,""32"":63,""33"":17,""35"":77,""37"":6,""38"":246,""39"":43,""181"":13,""182"":7,""66"":14191,""24"":8,""206"":26,""67"":4042,""68"":0,""13"":62,""17"":-110,""18"":18,""19"":114,""15"":333,""13201"":369,""36"":1414,""40"":1038,""43"":0,""241"":26801,""199"":2190,""16"":68095,""12"":345,""449"":0,""636"":110170153,""11"":893510181,""238"":0,""14"":2540732448,""387"":""2b3431353530362e373333332d303038343131352e383030302b3030302e3137392f""}"
2026-07-03T21:20:29Z,862272088833183,Codec8E,2026-07-03 21:20:26.010 UTC,1783113626010,0,41.5506733,-8.4115799,179,257,15,8,303,"{""239"":1,""240"":1,""80"":1,""21"":5,""200"":0,""69"":1,""237"":2,""113"":100,""263"":1,""303"":1,""383"":3,""30"":0,""31"":13,""32"":63,""33"":17,""35"":77,""37"":6,""38"":246,""39"":43,""181"":13,""182"":7,""66"":14191,""24"":8,""206"":26,""67"":4041,""68"":0,""13"":62,""17"":-110,""18"":18,""19"":114,""15"":333,""13201"":369,""36"":1414,""40"":1038,""43"":0,""241"":26801,""199"":2190,""16"":68095,""12"":345,""449"":0,""636"":110170153,""11"":893510181,""238"":0,""14"":2540732448,""387"":""2b3431353530362e373333332d303038343131352e383030302b3030302e3137392f""}"
2026-07-03T21:20:29Z,862272088833183,Codec8E,2026-07-03 21:20:27.000 UTC,1783113627000,0,41.5506533,-8.4116433,179,246,15,11,0,"{""239"":1,""240"":1,""80"":1,""21"":5,""200"":0,""69"":1,""237"":2,""113"":100,""263"":1,""303"":1,""383"":3,""30"":0,""31"":13,""32"":63,""33"":17,""35"":77,""37"":6,""38"":246,""39"":43,""181"":12,""182"":7,""66"":14191,""24"":8,""206"":26,""67"":4040,""68"":0,""13"":62,""17"":-88,""18"":8,""19"":95,""15"":333,""13201"":369,""36"":1414,""40"":1038,""43"":0,""241"":26801,""199"":2190,""16"":68095,""12"":345,""449"":0,""636"":110170153,""11"":893510181,""238"":0,""14"":2540732448,""387"":""2b3431353530362e373333332d303038343131352e383030302b3030302e3137392f""}"
2026-07-03T21:20:32Z,862272088833183,Codec8E,2026-07-03 21:20:30.000 UTC,1783113630000,0,41.5505566,-8.4119150,178,241,16,24,253,"{""239"":1,""240"":1,""80"":1,""21"":5,""200"":0,""69"":1,""237"":2,""113"":100,""263"":1,""303"":1,""383"":3,""30"":0,""31"":5,""32"":63,""33"":253,""35"":96,""37"":26,""38"":240,""39"":42,""253"":1,""254"":25,""181"":11,""182"":6,""66"":14173,""24"":24,""206"":26,""67"":4038,""68"":0,""13"":62,""17"":0,""18"":-6,""19"":105,""15"":333,""13201"":369,""36"":2405,""40"":1944,""43"":0,""241"":26801,""199"":2221,""16"":68126,""12"":345,""449"":0,""636"":110170153,""11"":893510181,""238"":0,""14"":2540732448,""387"":""2b3431353530352e353636372d303038343131392e313530302b3030302e3137382f""}"
2026-07-03T21:20:34Z,862272088833183,Codec8E,2026-07-03 21:20:34.000 UTC,1783113634000,0,41.5504233,-8.4122966,177,240,17,34,0,"{""239"":1,""240"":1,""80"":1,""21"":5,""200"":0,""69"":1,""237"":2,""113"":100,""263"":1,""303"":1,""383"":3,""30"":0,""31"":10,""32"":64,""33"":254,""35"":102,""37"":42,""38"":239,""39"":42,""181"":9,""182"":6,""66"":14169,""24"":34,""206"":26,""67"":4042,""68"":0,""13"":62,""17"":27,""18"":3,""19"":17,""15"":333,""13201"":369,""36"":2730,""40"":2008,""43"":0,""241"":26801,""199"":2256,""16"":68161,""12"":345,""449"":0,""636"":110170153,""11"":893510181,""238"":0,""14"":2540732448,""387"":""2b3431353530342e323333332d303038343132322e393636372b3030302e3137372f""}"
2026-07-03T21:20:38Z,862272088833183,Codec8E,2026-07-03 21:20:38.000 UTC,1783113638000,0,41.5501549,-8.4129050,177,241,17,46,0,"{""239"":1,""240"":1,""80"":1,""21"":5,""200"":0,""69"":1,""237"":2,""113"":100,""263"":1,""303"":1,""383"":3,""30"":0,""31"":10,""32"":64,""33"":254,""35"":102,""37"":42,""38"":239,""39"":42,""181"":10,""182"":6,""66"":14171,""24"":46,""206"":26,""67"":4042,""68"":0,""13"":62,""17"":46,""18"":31,""19"":-21,""15"":333,""13201"":369,""36"":2730,""40"":2008,""43"":0,""241"":26801,""199"":2315,""16"":68220,""12"":345,""449"":0,""636"":110170154,""11"":893510181,""238"":0,""14"":2540732448,""387"":""2b3431353530312e353530302d303038343132392e303530302b3030302e3137372f""}"
2026-07-03T21:20:41Z,862272088833183,Codec8E,2026-07-03 21:20:40.000 UTC,1783113640000,0,41.5499366,-8.4134100,177,240,17,53,255,"{""239"":1,""240"":1,""80"":1,""21"":5,""200"":0,""69"":1,""237"":2,""113"":100,""263"":1,""303"":1,""383"":3,""30"":0,""31"":26,""32"":64,""33"":255,""35"":111,""37"":54,""38"":240,""39"":42,""255"":53,""181"":10,""182"":6,""66"":14184,""24"":53,""206"":26,""67"":4040,""68"":0,""13"":62,""17"":89,""18"":-14,""19"":34,""15"":333,""13201"":370,""36"":2672,""40"":227,""43"":0,""241"":26801,""199"":2363,""16"":68268,""12"":345,""449"":0,""636"":110170154,""11"":893510181,""238"":0,""14"":2540732448,""387"":""2b3431353439392e333636372d303038343133342e313030302b3030302e3137372f""}"
2026-07-03T21:20:50Z,862272088833183,Codec8E,2026-07-03 21:20:48.000 UTC,1783113648000,0,41.5494466,-8.4144483,179,239,17,51,0,"{""239"":1,""240"":1,""80"":1,""21"":5,""200"":0,""69"":1,""237"":2,""113"":100,""263"":1,""303"":1,""383"":3,""30"":0,""31"":6,""32"":65,""33"":0,""35"":22,""37"":48,""38"":251,""39"":43,""181"":10,""182"":6,""66"":14203,""24"":51,""206"":26,""67"":4042,""68"":0,""13"":62,""17"":-14,""18"":8,""19"":-16,""15"":333,""13201"":370,""36"":1793,""40"":702,""43"":0,""241"":26801,""199"":2466,""16"":68371,""12"":345,""449"":0,""636"":110170154,""11"":893510181,""238"":0,""14"":2540732448,""387"":""2b3431353439342e343636372d303038343134342e343833332b3030302e3137392f""}"
2026-07-03T21:20:55Z,862272088833183,Codec8E,2026-07-03 21:20:55.000 UTC,1783113655000,0,41.5489416,-8.4158433,183,242,15,57,0,"{""239"":1,""240"":1,""80"":1,""21"":5,""200"":0,""69"":1,""237"":2,""113"":100,""263"":1,""303"":1,""383"":3,""30"":0,""31"":24,""32"":65,""33"":5,""35"":48,""37"":57,""38"":228,""39"":42,""181"":10,""182"":7,""66"":14178,""24"":57,""206"":26,""67"":4042,""68"":0,""13"":62,""17"":57,""18"":-107,""19"":105,""15"":333,""13201"":371,""36"":2057,""40"":433,""43"":0,""241"":26801,""199"":2595,""16"":68500,""12"":345,""449"":0,""636"":110170153,""11"":893510181,""238"":0,""14"":2540732448,""387"":""2b3431353438392e343136372d303038343135382e343333332b3030302e3138332f""}"
2026-07-03T21:21:00Z,862272088833183,Codec8E,2026-07-03 21:21:00.000 UTC,1783113660000,0,41.5486266,-8.4164600,184,230,17,56,0,"{""239"":1,""240"":1,""80"":1,""21"":5,""200"":0,""69"":1,""237"":2,""113"":100,""263"":1,""303"":1,""383"":3,""30"":0,""31"":14,""32"":65,""33"":3,""35"":68,""37"":57,""38"":241,""39"":42,""181"":9,""182"":6,""66"":14190,""24"":56,""206"":26,""67"":4042,""68"":0,""13"":62,""17"":2,""18"":-64,""19"":-43,""15"":333,""13201"":371,""36"":2130,""40"":875,""43"":0,""241"":26801,""199"":2658,""16"":68563,""12"":345,""449"":0,""636"":110170153,""11"":893510181,""238"":0,""14"":2540732448,""387"":""2b3431353438362e323636372d303038343136342e363030302b3030302e3138342f""}"
2026-07-03T21:21:05Z,862272088833183,Codec8E,2026-07-03 21:21:05.000 UTC,1783113665000,0,41.5481283,-8.4170266,185,220,17,53,0,"{""239"":1,""240"":1,""80"":1,""21"":5,""200"":0,""69"":1,""237"":2,""113"":100,""263"":1,""303"":1,""383"":3,""30"":0,""31"":35,""32"":65,""33"":251,""35"":40,""37"":50,""38"":239,""39"":42,""181"":9,""182"":6,""66"":14166,""24"":53,""206"":26,""67"":4042,""68"":0,""13"":62,""17"":26,""18"":-31,""19"":117,""15"":333,""13201"":371,""36"":1845,""40"":722,""43"":0,""241"":26801,""199"":2733,""16"":68638,""12"":345,""449"":0,""636"":110170153,""11"":893510181,""238"":0,""14"":2540732448,""387"":""2b3431353438312e323833332d303038343137302e323636372b3030302e3138352f""}"
2026-07-03T21:21:13Z,862272088833183,Codec8E,2026-07-03 21:21:11.000 UTC,1783113671000,0,41.5472849,-8.4179583,186,216,17,63,0,"{""239"":1,""240"":1,""80"":1,""21"":5,""200"":0,""69"":1,""237"":2,""113"":100,""263"":1,""303"":1,""383"":3,""30"":0,""31"":17,""32"":65,""33"":0,""35"":91,""37"":67,""38"":233,""39"":41,""181"":9,""182"":6,""66"":14161,""24"":63,""206"":26,""67"":4042,""68"":0,""13"":62,""17"":113,""18"":4,""19"":-85,""15"":333,""13201"":372,""36"":1732,""40"":158,""43"":0,""241"":26801,""199"":2855,""16"":68760,""12"":345,""449"":0,""636"":110374955,""11"":893510181,""238"":0,""14"":2540732448,""387"":""2b3431353437322e383530302d303038343137392e353833332b3030302e3138362f""}"
2026-07-03T21:21:22Z,862272088833183,Codec8E,2026-07-03 21:21:18.000 UTC,1783113678000,0,41.5466350,-8.4186350,184,213,16,50,0,"{""239"":1,""240"":1,""80"":1,""21"":5,""200"":0,""69"":1,""237"":2,""113"":100,""263"":1,""303"":1,""383"":3,""30"":0,""31"":5,""32"":66,""33"":0,""35"":19,""37"":55,""38"":243,""39"":43,""181"":9,""182"":6,""66"":14105,""24"":50,""206"":26,""67"":4042,""68"":0,""13"":62,""17"":89,""18"":350,""19"":-31,""15"":333,""13201"":372,""36"":1348,""40"":150,""43"":0,""241"":26801,""199"":2946,""16"":68851,""12"":345,""449"":0,""636"":110374955,""11"":893510181,""238"":0,""14"":2540732448,""387"":""2b3431353436362e333530302d303038343138362e333530302b3030302e3138342f""}"
2026-07-03T21:21:22Z,862272088833183,Codec8E,2026-07-03 21:21:18.010 UTC,1783113678010,0,41.5465750,-8.4186899,184,212,16,45,255,"{""239"":1,""240"":1,""80"":1,""21"":5,""200"":0,""69"":1,""237"":2,""113"":100,""263"":1,""303"":1,""383"":3,""30"":0,""31"":5,""32"":66,""33"":0,""35"":19,""37"":55,""38"":243,""39"":43,""255"":45,""181"":9,""182"":6,""66"":14117,""24"":45,""206"":26,""67"":4042,""68"":0,""13"":62,""17"":64,""18"":314,""19"":-30,""15"":333,""13201"":372,""36"":1348,""40"":150,""43"":0,""241"":26801,""199"":2955,""16"":68860,""12"":345,""449"":0,""636"":110374955,""11"":893510181,""238"":0,""14"":2540732448,""387"":""2b3431353436352e373530302d303038343138362e393030302b3030302e3138342f""}"
2026-07-03T21:21:22Z,862272088833183,Codec8E,2026-07-03 21:21:21.000 UTC,1783113681000,0,41.5465649,-8.4188783,185,288,15,33,0,"{""239"":1,""240"":1,""80"":1,""21"":5,""200"":0,""69"":1,""237"":2,""113"":100,""263"":1,""303"":1,""383"":3,""30"":0,""31"":13,""32"":66,""33"":21,""35"":37,""37"":24,""38"":0,""39"":43,""181"":12,""182"":7,""66"":14141,""24"":41,""206"":26,""67"":4037,""68"":0,""13"":62,""17"":221,""18"":171,""19"":219,""15"":333,""13201"":372,""36"":891,""40"":155,""43"":0,""241"":26801,""199"":2961,""16"":68866,""12"":345,""449"":0,""636"":110374955,""11"":893510181,""238"":0,""14"":2540732448,""387"":""2b3431353436352e323833332d303038343138372e343030302b3030302e3138342f""}"
2026-07-03T21:21:22Z,862272088833183,Codec8E,2026-07-03 21:21:21.010 UTC,1783113681010,0,41.5465649,-8.4188783,185,288,15,33,253,"{""239"":1,""240"":1,""80"":1,""21"":5,""200"":0,""69"":1,""237"":2,""113"":100,""263"":1,""303"":1,""383"":3,""30"":0,""31"":13,""32"":66,""33"":21,""35"":37,""37"":24,""38"":0,""39"":43,""253"":3,""254"":78,""181"":12,""182"":7,""66"":14170,""24"":33,""206"":26,""67"":4038,""68"":0,""13"":62,""17"":267,""18"":322,""19"":349,""15"":333,""13201"":372,""36"":891,""40"":155,""43"":0,""241"":26801,""199"":2973,""16"":68878,""12"":345,""449"":0,""636"":110374955,""11"":893510181,""238"":0,""14"":2540732448,""387"":""2b3431353436352e363530302d303038343138382e373833332b3030302e3138352f""}"
2026-07-03T21:21:22Z,862272088833183,Codec8E,2026-07-03 21:21:22.000 UTC,1783113682000,0,41.5466099,-8.4189466,186,299,15,30,0,"{""239"":1,""240"":1,""80"":1,""21"":5,""200"":0,""69"":1,""237"":2,""113"":100,""263"":1,""303"":1,""383"":3,""30"":0,""31"":13,""32"":66,""33"":21,""35"":37,""37"":24,""38"":0,""39"":43,""181"":12,""182"":7,""66"":14178,""24"":33,""206"":26,""67"":4038,""68"":0,""13"":62,""17"":89,""18"":263,""19"":60,""15"":333,""13201"":372,""36"":891,""40"":155,""43"":0,""241"":26801,""199"":2973,""16"":68878,""12"":345,""449"":0,""636"":110374955,""11"":893510181,""238"":0,""14"":2540732448,""387"":""2b3431353436352e363530302d303038343138382e373833332b3030302e3138352f""}"
2026-07-03T21:21:24Z,862272088833183,Codec8E,2026-07-03 21:21:24.000 UTC,1783113684000,0,41.5466883,-8.4190816,187,309,14,28,0,"{""239"":1,""240"":1,""80"":1,""21"":5,""200"":0,""69"":1,""237"":2,""113"":100,""263"":1,""303"":1,""383"":3,""30"":0,""31"":13,""32"":66,""33"":21,""35"":37,""37"":24,""38"":0,""39"":43,""181"":11,""182"":7,""66"":14180,""24"":28,""206"":26,""67"":4041,""68"":0,""13"":62,""17"":0,""18"":84,""19"":264,""15"":333,""13201"":372,""36"":891,""40"":155,""43"":0,""241"":26801,""199"":2995,""16"":68900,""12"":345,""449"":0,""636"":110374955,""11"":893510181,""238"":0,""14"":2540732448,""387"":""2b3431353436362e383833332d303038343139302e383136372b3030302e3138372f""}"
2026-07-03T21:21:28Z,862272088833183,Codec8E,2026-07-03 21:21:27.000 UTC,1783113687000,0,41.5468566,-8.4192166,186,326,11,26,0,"{""239"":1,""240"":1,""80"":1,""21"":5,""200"":0,""69"":1,""237"":2,""113"":100,""263"":1,""303"":1,""383"":3,""30"":0,""31"":29,""32"":65,""33"":2,""35"":53,""37"":26,""38"":242,""39"":43,""181"":13,""182"":8,""66"":14187,""24"":26,""206"":26,""67"":4041,""68"":0,""13"":62,""17"":241,""18"":33,""19"":182,""15"":333,""13201"":372,""36"":1668,""40"":883,""43"":0,""241"":26801,""199"":3018,""16"":68923,""12"":345,""449"":0,""636"":110218794,""11"":893510181,""238"":0,""14"":2540732448,""387"":""2b3431353436382e353636372d303038343139322e313636372b3030302e3138362f""}"
2026-07-03T21:21:32Z,862272088833183,Codec8E,2026-07-03 21:21:30.000 UTC,1783113690000,0,41.5470816,-8.4193166,186,336,12,28,0,"{""239"":1,""240"":1,""80"":1,""21"":5,""200"":0,""69"":1,""237"":2,""113"":100,""263"":1,""303"":1,""383"":3,""30"":0,""31"":29,""32"":65,""33"":2,""35"":53,""37"":26,""38"":242,""39"":43,""181"":11,""182"":8,""66"":14143,""24"":28,""206"":26,""67"":4040,""68"":0,""13"":62,""17"":196,""18"":108,""19"":255,""15"":333,""13201"":372,""36"":1668,""40"":883,""43"":0,""241"":26801,""199"":3044,""16"":68949,""12"":345,""449"":0,""636"":110218794,""11"":893510181,""238"":0,""14"":2540732448,""387"":""2b3431353437302e383136372d303038343139332e313636372b3030302e3138362f""}"
2026-07-03T21:21:43Z,862272088833183,Codec8E,2026-07-03 21:21:42.000 UTC,1783113702000,0,41.5478200,-8.4196683,187,358,14,21,0,"{""239"":1,""240"":1,""80"":1,""21"":5,""200"":0,""69"":1,""237"":2,""113"":100,""263"":1,""303"":1,""383"":3,""30"":0,""31"":4,""32"":65,""33"":246,""35"":30,""37"":19,""38"":253,""39"":42,""181"":11,""182"":8,""66"":14182,""24"":21,""206"":26,""67"":4042,""68"":0,""13"":62,""17"":35,""18"":183,""19"":332,""15"":333,""13201"":373,""36"":805,""40"":163,""43"":0,""241"":26801,""199"":3132,""16"":69037,""12"":345,""449"":0,""636"":110218794,""11"":893510181,""238"":0,""14"":2540732448,""387"":""2b3431353437382e323030302d303038343139362e363833332b3030302e3138372f""}"
2026-07-03T21:21:43Z,862272088833183,Codec8E,2026-07-03 21:21:43.000 UTC,1783113703000,0,41.5478600,-8.4196133,186,36,14,17,0,"{""239"":1,""240"":1,""80"":1,""21"":5,""200"":0,""69"":1,""237"":2,""113"":100,""263"":1,""303"":1,""383"":3,""30"":0,""31"":4,""32"":65,""33"":246,""35"":30,""37"":19,""38"":253,""39"":42,""181"":10,""182"":7,""66"":14188,""24"":21,""206"":26,""67"":4041,""68"":0,""13"":62,""17"":-137,""18"":42,""19"":371,""15"":333,""13201"":373,""36"":805,""40"":163,""43"":0,""241"":26801,""199"":3132,""16"":69037,""12"":345,""449"":0,""636"":110218793,""11"":893510181,""238"":0,""14"":2540732448,""387"":""2b3431353437382e323030302d303038343139362e363833332b3030302e3138372f""}"
2026-07-03T21:21:45Z,862272088833183,Codec8E,2026-07-03 21:21:45.000 UTC,1783113705000,0,41.5479100,-8.4194983,185,65,15,16,0,"{""239"":1,""240"":1,""80"":1,""21"":5,""200"":0,""69"":1,""237"":2,""113"":100,""263"":1,""303"":1,""383"":3,""30"":0,""31"":38,""32"":66,""33"":0,""35"":104,""37"":21,""38"":237,""39"":42,""181"":12,""182"":7,""66"":14162,""24"":16,""206"":26,""67"":4040,""68"":0,""13"":62,""17"":218,""18"":47,""19"":252,""15"":333,""13201"":373,""36"":2514,""40"":1913,""43"":0,""241"":26801,""199"":3150,""16"":69055,""12"":345,""449"":0,""636"":110218793,""11"":893510181,""238"":0,""14"":2540732448,""387"":""2b3431353437392e313030302d303038343139342e393833332b3030302e3138352f""}"
2026-07-03T21:21:47Z,862272088833183,Codec8E,2026-07-03 21:21:46.000 UTC,1783113706000,0,41.5479433,-8.4194533,185,53,15,16,0,"{""239"":1,""240"":1,""80"":1,""21"":5,""200"":0,""69"":1,""237"":2,""113"":100,""263"":1,""303"":1,""383"":3,""30"":0,""31"":38,""32"":66,""33"":0,""35"":104,""37"":21,""38"":237,""39"":42,""181"":10,""182"":7,""66"":14156,""24"":16,""206"":26,""67"":4042,""68"":0,""13"":62,""17"":287,""18"":57,""19"":223,""15"":333,""13201"":373,""36"":2514,""40"":1913,""43"":0,""241"":26801,""199"":3155,""16"":69060,""12"":345,""449"":0,""636"":110218793,""11"":893510181,""238"":0,""14"":2540732448,""387"":""2b3431353437392e343333332d303038343139342e353333332b3030302e3138352f""}"
2026-07-03T21:21:50Z,862272088833183,Codec8E,2026-07-03 21:21:48.000 UTC,1783113708000,0,41.5480250,-8.4193316,185,39,14,18,0,"{""239"":1,""240"":1,""80"":1,""21"":5,""200"":0,""69"":1,""237"":2,""113"":100,""263"":1,""303"":1,""383"":3,""30"":0,""31"":38,""32"":66,""33"":0,""35"":104,""37"":21,""38"":237,""39"":42,""181"":10,""182"":7,""66"":14169,""24"":18,""206"":26,""67"":4038,""68"":0,""13"":62,""17"":354,""18"":108,""19"":319,""15"":333,""13201"":373,""36"":2514,""40"":1913,""43"":0,""241"":26801,""199"":3168,""16"":69073,""12"":345,""449"":0,""636"":110218793,""11"":893510181,""238"":0,""14"":2540732448,""387"":""2b3431353438302e323530302d303038343139332e333136372b3030302e3138352f""}"
2026-07-03T21:21:52Z,862272088833183,Codec8E,2026-07-03 21:21:52.000 UTC,1783113712000,0,41.5483266,-8.4190083,185,34,12,28,0,"{""239"":1,""240"":1,""80"":1,""21"":5,""200"":0,""69"":1,""237"":2,""113"":100,""263"":1,""303"":1,""383"":3,""30"":0,""31"":8,""32"":66,""33"":0,""35"":71,""37"":33,""38"":234,""39"":42,""181"":12,""182"":8,""66"":14188,""24"":28,""206"":26,""67"":4042,""68"":0,""13"":62,""17"":273,""18"":137,""19"":-36,""15"":333,""13201"":374,""36"":3152,""40"":952,""43"":0,""241"":26801,""199"":3211,""16"":69116,""12"":345,""449"":0,""636"":110218793,""11"":893510181,""238"":0,""14"":2540732448,""387"":""2b3431353438332e323636372d303038343139302e303833332b3030302e3138352f""}"
2026-07-03T21:22:05Z,862272088833183,Codec8E,2026-07-03 21:22:02.000 UTC,1783113722000,0,41.5489200,-8.4184366,185,24,14,21,0,"{""239"":1,""240"":1,""80"":1,""21"":5,""200"":0,""69"":1,""237"":2,""113"":100,""263"":1,""303"":1,""383"":3,""30"":0,""31"":22,""32"":66,""33"":6,""35"":59,""37"":26,""38"":227,""39"":43,""181"":12,""182"":7,""66"":14186,""24"":21,""206"":26,""67"":4042,""68"":0,""13"":62,""17"":95,""18"":-250,""19"":63,""15"":333,""13201"":374,""36"":2483,""40"":347,""43"":0,""241"":26801,""199"":3293,""16"":69198,""12"":345,""449"":0,""636"":110218793,""11"":893510181,""238"":0,""14"":2540732448,""387"":""2b3431353438392e323030302d303038343138342e333636372b3030302e3138352f""}"
2026-07-03T21:22:05Z,862272088833183,Codec8E,2026-07-03 21:22:03.000 UTC,1783113723000,0,41.5489450,-8.4184250,185,9,15,18,0,"{""239"":1,""240"":1,""80"":1,""21"":5,""200"":0,""69"":1,""237"":2,""113"":100,""263"":1,""303"":1,""383"":3,""30"":0,""31"":8,""32"":66,""33"":0,""35"":18,""37"":18,""38"":237,""39"":44,""181"":12,""182"":7,""66"":14181,""24"":18,""206"":26,""67"":4040,""68"":0,""13"":62,""17"":131,""18"":-140,""19"":22,""15"":333,""13201"":374,""36"":1735,""40"":283,""43"":0,""241"":26801,""199"":3296,""16"":69201,""12"":345,""449"":0,""636"":110218793,""11"":893510181,""238"":0,""14"":2540732448,""387"":""2b3431353438392e343530302d303038343138342e323530302b3030302e3138352f""}"
2026-07-03T21:22:05Z,862272088833183,Codec8E,2026-07-03 21:22:04.000 UTC,1783113724000,0,41.5489766,-8.4184466,186,338,15,17,0,"{""239"":1,""240"":1,""80"":1,""21"":5,""200"":0,""69"":1,""237"":2,""113"":100,""263"":1,""303"":1,""383"":3,""30"":0,""31"":8,""32"":66,""33"":0,""35"":18,""37"":18,""38"":237,""39"":44,""181"":10,""182"":6,""66"":14171,""24"":17,""206"":26,""67"":4037,""68"":0,""13"":62,""17"":202,""18"":67,""19"":245,""15"":333,""13201"":374,""36"":1735,""40"":283,""43"":0,""241"":26801,""199"":3300,""16"":69205,""12"":345,""449"":0,""636"":110218793,""11"":893510181,""238"":0,""14"":2540732448,""387"":""2b3431353438392e373636372d303038343138342e343636372b3030302e3138362f""}"
2026-07-03T21:22:07Z,862272088833183,Codec8E,2026-07-03 21:22:07.000 UTC,1783113727000,0,41.5490749,-8.4185516,190,308,15,17,0,"{""239"":1,""240"":1,""80"":1,""21"":5,""200"":0,""69"":1,""237"":2,""113"":100,""263"":1,""303"":1,""383"":3,""30"":0,""31"":20,""32"":67,""33"":21,""35"":47,""37"":16,""38"":242,""39"":43,""181"":12,""182"":7,""66"":14179,""24"":16,""206"":26,""67"":4042,""68"":0,""13"":62,""17"":70,""18"":35,""19"":47,""15"":333,""13201"":373,""36"":1589,""40"":866,""43"":0,""241"":26801,""199"":3304,""16"":69209,""12"":345,""449"":0,""636"":110218793,""11"":893510181,""238"":0,""14"":2540732448,""387"":""2b3431353439302e313030302d303038343138342e363333332b3030302e3138382f""}"
2026-07-03T21:22:16Z,862272088833183,Codec8E,2026-07-03 21:22:13.000 UTC,1783113733000,0,41.5492633,-8.4189533,192,285,16,22,0,"{""239"":1,""240"":1,""80"":1,""21"":5,""200"":0,""69"":1,""237"":2,""113"":100,""263"":1,""303"":1,""383"":3,""30"":0,""31"":5,""32"":67,""33"":254,""35"":77,""37"":24,""38"":237,""39"":42,""181"":11,""182"":6,""66"":14188,""24"":22,""206"":26,""67"":4042,""68"":0,""13"":62,""17"":130,""18"":-13,""19"":-30,""15"":333,""13201"":374,""36"":1621,""40"":247,""43"":0,""241"":26801,""199"":3354,""16"":69259,""12"":345,""449"":0,""636"":110218793,""11"":893510181,""238"":0,""14"":2540732448,""387"":""2b3431353439322e363333332d303038343138392e353333332b3030302e3139322f""}"
2026-07-03T21:22:16Z,862272088833183,Codec8E,2026-07-03 21:22:14.000 UTC,1783113734000,0,41.5492683,-8.4190233,192,275,16,22,0,"{""239"":1,""240"":1,""80"":1,""21"":5,""200"":0,""69"":1,""237"":2,""113"":100,""263"":1,""303"":1,""383"":3,""30"":0,""31"":5,""32"":67,""33"":254,""35"":77,""37"":24,""38"":237,""39"":42,""181"":11,""182"":6,""66"":14183,""24"":22,""206"":26,""67"":4040,""68"":0,""13"":62,""17"":222,""18"":26,""19"":83,""15"":333,""13201"":374,""36"":1621,""40"":247,""43"":0,""241"":26801,""199"":3360,""16"":69265,""12"":345,""449"":0,""636"":110218793,""11"":893510181,""238"":0,""14"":2540732448,""387"":""2b3431353439322e363833332d303038343139302e323333332b3030302e3139322f""}"
2026-07-03T21:22:16Z,862272088833183,Codec8E,2026-07-03 21:22:16.000 UTC,1783113736000,0,41.5492400,-8.4191433,193,246,15,21,0,"{""239"":1,""240"":1,""80"":1,""21"":5,""200"":0,""69"":1,""237"":2,""113"":100,""263"":1,""303"":1,""383"":3,""30"":0,""31"":4,""32"":67,""33"":249,""35"":18,""37"":20,""38"":238,""39"":43,""181"":11,""182"":6,""66"":14100,""24"":21,""206"":26,""67"":4038,""68"":0,""13"":62,""17"":237,""18"":-33,""19"":-46,""15"":333,""13201"":374,""36"":1473,""40"":136,""43"":0,""241"":26801,""199"":3371,""16"":69276,""12"":345,""449"":0,""636"":110218793,""11"":893510181,""238"":0,""14"":2540732448,""387"":""2b3431353439322e343030302d303038343139312e343333332b3030302e3139332f""}"
2026-07-03T21:22:21Z,862272088833183,Codec8E,2026-07-03 21:22:18.000 UTC,1783113738000,0,41.5491833,-8.4192250,194,230,15,18,0,"{""239"":1,""240"":1,""80"":1,""21"":5,""200"":0,""69"":1,""237"":2,""113"":100,""263"":1,""303"":1,""383"":3,""30"":0,""31"":4,""32"":67,""33"":249,""35"":18,""37"":20,""38"":238,""39"":43,""181"":12,""182"":7,""66"":14133,""24"":18,""206"":26,""67"":4041,""68"":0,""13"":62,""17"":52,""18"":0,""19"":5,""15"":333,""13201"":374,""36"":1473,""40"":136,""43"":0,""241"":26801,""199"":3380,""16"":69285,""12"":345,""449"":0,""636"":110218793,""11"":893510181,""238"":0,""14"":2540732448,""387"":""2b3431353439312e383333332d303038343139322e323530302b3030302e3139342f""}"
2026-07-03T21:22:21Z,862272088833183,Codec8E,2026-07-03 21:22:19.000 UTC,1783113739000,0,41.5491633,-8.4192450,194,219,15,15,0,"{""239"":1,""240"":1,""80"":1,""21"":5,""200"":0,""69"":1,""237"":2,""113"":100,""263"":1,""303"":1,""383"":3,""30"":0,""31"":4,""32"":67,""33"":249,""35"":18,""37"":20,""38"":238,""39"":43,""181"":12,""182"":7,""66"":14135,""24"":15,""206"":26,""67"":4042,""68"":0,""13"":62,""17"":27,""18"":-118,""19"":-51,""15"":333,""13201"":375,""36"":1473,""40"":136,""43"":0,""241"":26801,""199"":3383,""16"":69288,""12"":345,""449"":0,""636"":110218793,""11"":893510181,""238"":0,""14"":2540732448,""387"":""2b3431353439312e363333332d303038343139322e343530302b3030302e3139342f""}"
2026-07-03T21:22:21Z,862272088833183,Codec8E,2026-07-03 21:22:21.000 UTC,1783113741000,0,41.5491349,-8.4192716,195,234,14,11,0,"{""239"":1,""240"":1,""80"":1,""21"":5,""200"":0,""69"":1,""237"":2,""113"":100,""263"":1,""303"":1,""383"":3,""30"":0,""31"":13,""32"":68,""33"":0,""35"":38,""37"":7,""38"":0,""39"":44,""181"":11,""182"":7,""66"":14145,""24"":11,""206"":26,""67"":4038,""68"":0,""13"":62,""17"":-83,""18"":3,""19"":76,""15"":333,""13201"":375,""36"":871,""40"":163,""43"":0,""241"":26801,""199"":3386,""16"":69291,""12"":345,""449"":0,""636"":110218793,""11"":893510181,""238"":0,""14"":2540732448,""387"":""2b3431353439312e333530302d303038343139322e373136372b3030302e3139352f""}"
2026-07-03T21:22:31Z,862272088833183,Codec8E,2026-07-03 21:22:29.000 UTC,1783113749000,0,41.5491216,-8.4193000,199,234,14,1,0,"{""239"":1,""240"":1,""80"":1,""21"":5,""200"":0,""69"":1,""237"":2,""113"":100,""263"":1,""303"":1,""383"":3,""30"":0,""31"":14,""32"":68,""33"":6,""35"":22,""37"":1,""38"":243,""39"":44,""181"":10,""182"":7,""66"":14079,""24"":1,""206"":26,""67"":4042,""68"":0,""13"":62,""17"":-25,""18"":22,""19"":21,""15"":333,""13201"":375,""36"":874,""40"":1305,""43"":0,""241"":26801,""199"":3394,""16"":69299,""12"":345,""449"":0,""636"":110218793,""11"":893510181,""238"":0,""14"":2540732448,""387"":""2b3431353439312e323136372d303038343139332e303030302b3030302e3139392f""}"
2026-07-03T21:22:45Z,862272088833183,Codec8E,2026-07-03 21:22:44.000 UTC,1783113764000,0,41.5491216,-8.4192949,199,234,15,0,303,"{""239"":1,""240"":1,""80"":1,""21"":5,""200"":0,""69"":1,""237"":2,""113"":100,""263"":1,""303"":0,""383"":3,""30"":0,""31"":13,""32"":69,""33"":9,""35"":39,""37"":0,""38"":0,""39"":44,""181"":10,""182"":7,""66"":14225,""24"":0,""206"":26,""67"":4042,""68"":0,""13"":61,""17"":-16,""18"":36,""19"":-15,""15"":333,""13201"":375,""36"":822,""40"":152,""43"":0,""241"":26801,""199"":3394,""16"":69299,""12"":349,""449"":0,""636"":110218793,""11"":893510181,""238"":0,""14"":2540732448,""387"":""2b3431353439312e323136372d303038343139322e393530302b3030302e3139392f""}"
2026-07-03T21:22:54Z,862272088833183,Codec8E,2026-07-03 21:22:52.000 UTC,1783113772000,0,41.5491216,-8.4192949,199,234,15,0,239,"{""239"":0,""240"":1,""80"":1,""21"":5,""200"":0,""69"":1,""237"":2,""113"":100,""263"":1,""303"":0,""383"":3,""30"":0,""31"":13,""32"":70,""33"":16,""35"":46,""37"":0,""38"":1,""39"":44,""181"":10,""182"":7,""66"":13110,""24"":0,""206"":26,""67"":4042,""68"":0,""13"":62,""17"":3,""18"":49,""19"":0,""15"":333,""13201"":375,""36"":300,""40"":130,""43"":0,""241"":26801,""199"":3394,""16"":69299,""12"":350,""449"":0,""636"":110218793,""11"":893510181,""238"":0,""14"":2540732448,""387"":""2b3431353439312e323136372d303038343139322e393530302b3030302e3139392f""}"
2026-07-03T21:23:00Z,862272088833183,Codec8E,2026-07-03 21:22:57.000 UTC,1783113777000,0,41.5491216,-8.4192949,199,234,15,0,303,"{""239"":0,""240"":1,""80"":1,""21"":5,""200"":0,""69"":1,""237"":2,""113"":100,""263"":1,""303"":1,""383"":3,""30"":0,""31"":25,""32"":70,""33"":16,""35"":64,""37"":0,""38"":1,""39"":44,""181"":10,""182"":7,""66"":12973,""24"":0,""206"":26,""67"":4042,""68"":0,""13"":62,""17"":-25,""18"":22,""19"":-18,""15"":333,""13201"":376,""36"":0,""40"":130,""43"":0,""241"":26801,""199"":3394,""16"":69299,""12"":350,""449"":0,""636"":110218793,""11"":893510181,""238"":0,""14"":2540732448,""387"":""2b3431353439312e323136372d303038343139322e393530302b3030302e3139392f""}"
2026-07-03T21:23:03Z,862272088833183,Codec8E,2026-07-03 21:23:02.000 UTC,1783113782000,0,41.5491216,-8.4192949,199,234,15,0,303,"{""239"":0,""240"":1,""80"":1,""21"":5,""200"":0,""69"":1,""237"":2,""113"":100,""263"":1,""303"":0,""383"":3,""30"":0,""31"":25,""32"":70,""33"":16,""35"":64,""37"":0,""38"":1,""39"":44,""181"":10,""182"":7,""66"":12869,""24"":0,""206"":26,""67"":4042,""68"":0,""13"":62,""17"":-33,""18"":6,""19"":-17,""15"":333,""13201"":377,""36"":0,""40"":130,""43"":0,""241"":26801,""199"":3394,""16"":69299,""12"":350,""449"":0,""636"":110218793,""11"":893510181,""238"":0,""14"":2540732448,""387"":""2b3431353439312e323136372d303038343139322e393530302b3030302e3139392f""}"
2026-07-03T21:23:05Z,862272088833183,Codec8E,2026-07-03 21:23:03.000 UTC,1783113783000,0,41.5491216,-8.4192949,199,234,15,0,303,"{""239"":0,""240"":1,""80"":1,""21"":5,""200"":0,""69"":1,""237"":2,""113"":100,""263"":1,""303"":1,""383"":3,""30"":0,""31"":25,""32"":70,""33"":16,""35"":64,""37"":0,""38"":1,""39"":44,""181"":10,""182"":7,""66"":12833,""24"":0,""206"":26,""67"":4041,""68"":0,""13"":62,""17"":-26,""18"":12,""19"":-23,""15"":333,""13201"":377,""36"":0,""40"":130,""43"":0,""241"":26801,""199"":3394,""16"":69299,""12"":350,""449"":0,""636"":110218793,""11"":893510181,""238"":0,""14"":2540732448,""387"":""2b3431353439312e323136372d303038343139322e393530302b3030302e3139392f""}"
2026-07-03T21:23:15Z,862272088833183,Codec8E,2026-07-03 21:23:13.000 UTC,1783113793000,0,41.5491216,-8.4192949,199,234,15,0,303,"{""239"":0,""240"":1,""80"":1,""21"":5,""200"":0,""69"":1,""237"":2,""113"":100,""263"":1,""303"":0,""383"":3,""181"":10,""182"":7,""66"":12849,""24"":0,""206"":26,""67"":4039,""68"":0,""13"":62,""17"":-25,""18"":23,""19"":-4,""15"":333,""13201"":377,""241"":26801,""199"":3394,""16"":69299,""12"":350,""449"":0,""636"":110218793,""11"":893510181,""238"":0,""14"":2540732448,""387"":""2b3431353439312e323136372d303038343139322e393530302b3030302e3139392f""}"
2026-07-03T21:24:14Z,862272088833183,Codec8E,2026-07-03 21:24:12.000 UTC,1783113852000,0,41.5491216,-8.4192949,199,234,12,0,240,"{""239"":0,""240"":0,""80"":0,""21"":5,""200"":0,""69"":1,""237"":2,""113"":100,""263"":1,""303"":0,""383"":3,""181"":12,""182"":9,""66"":12887,""24"":0,""206"":26,""67"":4038,""68"":0,""13"":62,""17"":-18,""18"":22,""19"":-24,""15"":1000,""13201"":374,""241"":26801,""199"":0,""16"":69299,""12"":350,""449"":0,""636"":110218793,""11"":893510181,""238"":0,""14"":2540732448,""387"":""2b3431353439312e323136372d303038343139322e393530302b3030302e3139392f""}"
2026-07-03T21:31:00Z,862272088833183,Codec8E,2026-07-03 21:30:56.000 UTC,1783114256000,0,41.5491216,-8.4192949,209,234,13,0,303,"{""239"":0,""240"":0,""80"":0,""21"":5,""200"":0,""69"":1,""237"":2,""113"":100,""263"":1,""303"":1,""383"":3,""181"":11,""182"":8,""66"":12766,""24"":0,""206"":26,""67"":4037,""68"":0,""13"":62,""17"":-13,""18"":14,""19"":-29,""15"":1000,""13201"":369,""241"":26801,""199"":0,""16"":69299,""12"":350,""449"":0,""636"":110218793,""11"":893510181,""238"":0,""14"":2540732448,""387"":""2b3431353439312e323136372d303038343139322e393530302b3030302e3230392f""}"
2026-07-03T21:31:00Z,862272088833183,Codec8E,2026-07-03 21:30:57.000 UTC,1783114257000,0,41.5490516,-8.4193800,209,257,13,0,240,"{""239"":0,""240"":1,""80"":1,""21"":5,""200"":0,""69"":1,""237"":2,""113"":100,""263"":1,""303"":1,""383"":3,""181"":11,""182"":8,""66"":12766,""24"":0,""206"":26,""67"":4038,""68"":0,""13"":62,""17"":-18,""18"":22,""19"":-8,""15"":1000,""13201"":369,""241"":26801,""199"":0,""16"":69299,""12"":350,""449"":0,""636"":110218793,""11"":893510181,""238"":0,""14"":2540732448,""387"":""2b3431353439302e353136372d303038343139332e383030302b3030302e3230392f""}"
2026-07-03T21:31:05Z,862272088833183,Codec8E,2026-07-03 21:31:03.000 UTC,1783114263000,0,41.5490516,-8.4193800,209,257,13,0,303,"{""239"":0,""240"":1,""80"":1,""21"":5,""200"":0,""69"":1,""237"":2,""113"":100,""263"":1,""303"":0,""383"":3,""181"":11,""182"":8,""66"":12703,""24"":0,""206"":26,""67"":4042,""68"":0,""13"":62,""17"":-12,""18"":22,""19"":-18,""15"":1000,""13201"":369,""241"":26801,""199"":0,""16"":69299,""12"":350,""449"":0,""636"":110218793,""11"":893510181,""238"":0,""14"":2540732448,""387"":""2b3431353439302e353136372d303038343139332e383030302b3030302e3230392f""}"
2026-07-03T21:31:08Z,862272088833183,Codec8E,2026-07-03 21:31:05.000 UTC,1783114265000,0,41.5490516,-8.4193800,209,257,14,0,239,"{""239"":1,""240"":1,""80"":1,""21"":5,""200"":0,""69"":1,""237"":2,""113"":100,""263"":1,""303"":0,""383"":3,""181"":10,""182"":7,""66"":13983,""24"":0,""206"":26,""67"":4037,""68"":0,""13"":62,""17"":-26,""18"":22,""19"":-16,""15"":1000,""13201"":369,""241"":26801,""199"":0,""16"":69299,""12"":351,""449"":0,""636"":110218793,""11"":893510181,""238"":0,""14"":2540732448,""387"":""2b3431353439302e353136372d303038343139332e383030302b3030302e3230392f""}"
2026-07-03T21:31:11Z,862272088833183,Codec8E,2026-07-03 21:31:10.000 UTC,1783114270000,0,41.5490516,-8.4193800,209,257,14,0,303,"{""239"":1,""240"":1,""80"":1,""21"":5,""200"":0,""69"":1,""237"":2,""113"":100,""263"":1,""303"":1,""383"":3,""181"":10,""182"":7,""66"":14078,""24"":0,""206"":26,""67"":4042,""68"":0,""13"":62,""17"":-23,""18"":28,""19"":18,""15"":1000,""13201"":370,""241"":26801,""199"":0,""16"":69299,""12"":352,""449"":0,""636"":110218793,""11"":893510181,""238"":0,""14"":2540732448,""387"":""2b3431353439302e353136372d303038343139332e383030302b3030302e3230392f""}"
2026-07-03T21:31:17Z,862272088833183,Codec8E,2026-07-03 21:31:15.000 UTC,1783114275000,0,41.5490799,-8.4192949,206,85,13,2,303,"{""239"":1,""240"":1,""80"":1,""21"":5,""200"":0,""69"":1,""237"":2,""113"":100,""263"":1,""303"":0,""383"":3,""30"":0,""31"":16,""32"":76,""33"":0,""35"":45,""37"":0,""38"":1,""39"":56,""181"":11,""182"":8,""66"":14076,""24"":2,""206"":26,""67"":4041,""68"":0,""13"":62,""17"":-33,""18"":35,""19"":8,""15"":1000,""13201"":372,""36"":887,""40"":183,""43"":0,""241"":26801,""199"":0,""16"":69299,""12"":353,""449"":0,""636"":110218793,""11"":893510181,""238"":0,""14"":2540732448,""387"":""2b3431353439302e383030302d303038343139322e393530302b3030302e3230362f""}"
2026-07-03T21:31:20Z,862272088833183,Codec8E,2026-07-03 21:31:20.000 UTC,1783114280000,0,41.5490866,-8.4193083,205,61,12,0,303,"{""239"":1,""240"":1,""80"":1,""21"":5,""200"":0,""69"":1,""237"":2,""113"":100,""263"":1,""303"":1,""383"":3,""30"":0,""31"":16,""32"":74,""33"":0,""35"":44,""37"":0,""38"":241,""39"":54,""181"":11,""182"":8,""66"":14122,""24"":0,""206"":26,""67"":4042,""68"":0,""13"":62,""17"":83,""18"":-94,""19"":-37,""15"":1000,""13201"":372,""36"":1440,""40"":352,""43"":0,""241"":26801,""199"":0,""16"":69299,""12"":353,""449"":0,""636"":110218793,""11"":893510181,""238"":0,""14"":2540732448,""387"":""2b3431353439302e383636372d303038343139332e303833332b3030302e3230352f""}"
2026-07-03T21:31:30Z,862272088833183,Codec8E,2026-07-03 21:31:30.000 UTC,1783114290000,0,41.5489933,-8.4194266,202,203,13,8,0,"{""239"":1,""240"":1,""80"":1,""21"":5,""200"":0,""69"":1,""237"":2,""113"":100,""263"":1,""303"":1,""383"":3,""30"":0,""31"":25,""32"":72,""33"":0,""35"":75,""37"":8,""38"":245,""39"":52,""181"":10,""182"":7,""66"":14154,""24"":8,""206"":26,""67"":4042,""68"":0,""13"":62,""17"":77,""18"":87,""19"":225,""15"":1000,""13201"":373,""36"":1344,""40"":716,""43"":0,""241"":26801,""199"":0,""16"":69312,""12"":353,""449"":0,""636"":110218793,""11"":893510181,""238"":0,""14"":2540732448,""387"":""2b3431353438392e393333332d303038343139342e323636372b3030302e3230322f""}"
2026-07-03T21:31:32Z,862272088833183,Codec8E,2026-07-03 21:31:32.000 UTC,1783114292000,0,41.5488483,-8.4195650,201,219,13,16,0,"{""239"":1,""240"":1,""80"":1,""21"":5,""200"":0,""69"":1,""237"":2,""113"":100,""263"":1,""303"":1,""383"":3,""30"":0,""31"":29,""32"":73,""33"":0,""35"":40,""37"":24,""38"":239,""39"":50,""181"":11,""182"":8,""66"":14166,""24"":16,""206"":26,""67"":4042,""68"":0,""13"":62,""17"":154,""18"":22,""19"":197,""15"":1000,""13201"":373,""36"":2173,""40"":1038,""43"":0,""241"":26801,""199"":20,""16"":69332,""12"":353,""449"":0,""636"":110218793,""11"":893510181,""238"":0,""14"":2540732448,""387"":""2b3431353438382e343833332d303038343139352e363530302b3030302e3230312f""}"
2026-07-03T21:31:35Z,862272088833183,Codec8E,2026-07-03 21:31:35.000 UTC,1783114295000,0,41.5485649,-8.4198933,199,217,13,28,0,"{""239"":1,""240"":1,""80"":1,""21"":5,""200"":0,""69"":1,""237"":2,""113"":100,""263"":1,""303"":1,""383"":3,""30"":0,""31"":29,""32"":73,""33"":0,""35"":40,""37"":24,""38"":239,""39"":50,""181"":11,""182"":8,""66"":14150,""24"":28,""206"":26,""67"":4042,""68"":0,""13"":62,""17"":354,""18"":-7,""19"":-248,""15"":1000,""13201"":373,""36"":2173,""40"":1038,""43"":0,""241"":26801,""199"":62,""16"":69374,""12"":353,""449"":0,""636"":110218793,""11"":893510181,""238"":0,""14"":2540732448,""387"":""2b3431353438352e363530302d303038343139382e393333332b3030302e3139392f""}"
2026-07-03T21:31:43Z,862272088833183,Codec8E,2026-07-03 21:31:38.000 UTC,1783114298000,0,41.5483916,-8.4200266,199,197,14,28,0,"{""239"":1,""240"":1,""80"":1,""21"":5,""200"":0,""69"":1,""237"":2,""113"":100,""263"":1,""303"":1,""383"":3,""30"":0,""31"":24,""32"":73,""33"":0,""35"":30,""37"":36,""38"":222,""39"":50,""181"":10,""182"":7,""66"":14151,""24"":28,""206"":26,""67"":4042,""68"":0,""13"":62,""17"":10,""18"":-291,""19"":82,""15"":1000,""13201"":373,""36"":3293,""40"":177,""43"":0,""241"":26801,""199"":84,""16"":69396,""12"":353,""449"":0,""636"":110218793,""11"":893510181,""238"":0,""14"":2540732448,""387"":""2b3431353438332e393136372d303038343230302e323636372b3030302e3139392f""}"
2026-07-03T21:31:43Z,862272088833183,Codec8E,2026-07-03 21:31:40.000 UTC,1783114300000,0,41.5482550,-8.4199983,198,169,13,26,0,"{""239"":1,""240"":1,""80"":1,""21"":5,""200"":0,""69"":1,""237"":2,""113"":100,""263"":1,""303"":1,""383"":3,""30"":0,""31"":24,""32"":73,""33"":0,""35"":30,""37"":36,""38"":222,""39"":50,""181"":10,""182"":7,""66"":14151,""24"":26,""206"":26,""67"":4037,""68"":0,""13"":62,""17"":172,""18"":-89,""19"":92,""15"":1000,""13201"":374,""36"":3293,""40"":177,""43"":0,""241"":26801,""199"":100,""16"":69412,""12"":353,""449"":0,""636"":110218793,""11"":893510181,""238"":0,""14"":2540732448,""387"":""2b3431353438322e353530302d303038343139392e393833332b3030302e3139382f""}"
2026-07-03T21:31:43Z,862272088833183,Codec8E,2026-07-03 21:31:42.000 UTC,1783114302000,0,41.5481216,-8.4198983,197,156,15,28,0,"{""239"":1,""240"":1,""80"":1,""21"":5,""200"":0,""69"":1,""237"":2,""113"":100,""263"":1,""303"":1,""383"":3,""30"":0,""31"":4,""32"":73,""33"":0,""35"":63,""37"":25,""38"":239,""39"":50,""181"":11,""182"":8,""66"":14167,""24"":28,""206"":26,""67"":4038,""68"":0,""13"":62,""17"":278,""18"":-80,""19"":49,""15"":1000,""13201"":374,""36"":2279,""40"":1100,""43"":0,""241"":26801,""199"":117,""16"":69429,""12"":353,""449"":0,""636"":110218793,""11"":893510181,""238"":0,""14"":2540732448,""387"":""2b3431353438312e323136372d303038343139382e393833332b3030302e3139372f""}"
2026-07-03T21:31:48Z,862272088833183,Codec8E,2026-07-03 21:31:48.000 UTC,1783114308000,0,41.5477450,-8.4196216,193,146,15,28,0,"{""239"":1,""240"":1,""80"":1,""21"":5,""200"":0,""69"":1,""237"":2,""113"":100,""263"":1,""303"":1,""383"":3,""30"":0,""31"":28,""32"":72,""33"":0,""35"":19,""37"":28,""38"":234,""39"":51,""181"":10,""182"":7,""66"":14172,""24"":28,""206"":26,""67"":4042,""68"":0,""13"":62,""17"":54,""18"":-183,""19"":196,""15"":1000,""13201"":375,""36"":1974,""40"":97,""43"":0,""241"":26801,""199"":166,""16"":69478,""12"":353,""449"":0,""636"":110218793,""11"":893510181,""238"":0,""14"":2540732448,""387"":""2b3431353437372e343530302d303038343139362e323136372b3030302e3139332f""}"
2026-07-03T21:31:50Z,862272088833183,Codec8E,2026-07-03 21:31:50.000 UTC,1783114310000,0,41.5477149,-8.4195216,192,125,15,23,0,"{""239"":1,""240"":1,""80"":1,""21"":5,""200"":0,""69"":1,""237"":2,""113"":100,""263"":1,""303"":1,""383"":3,""30"":0,""31"":25,""32"":72,""33"":255,""35"":66,""37"":19,""38"":241,""39"":50,""181"":12,""182"":7,""66"":14171,""24"":23,""206"":26,""67"":4040,""68"":0,""13"":62,""17"":187,""18"":50,""19"":68,""15"":1000,""13201"":375,""36"":1815,""40"":1383,""43"":0,""241"":26801,""199"":176,""16"":69488,""12"":353,""449"":0,""636"":110218793,""11"":893510181,""238"":0,""14"":2540732448,""387"":""2b3431353437372e313530302d303038343139352e323136372b3030302e3139322f""}"
2026-07-03T21:31:51Z,862272088833183,Codec8E,2026-07-03 21:31:51.000 UTC,1783114311000,0,41.5477366,-8.4194466,191,101,14,21,0,"{""239"":1,""240"":1,""80"":1,""21"":5,""200"":0,""69"":1,""237"":2,""113"":100,""263"":1,""303"":1,""383"":3,""30"":0,""31"":25,""32"":72,""33"":255,""35"":66,""37"":19,""38"":241,""39"":50,""181"":12,""182"":7,""66"":14143,""24"":21,""206"":26,""67"":4042,""68"":0,""13"":62,""17"":70,""18"":258,""19"":-32,""15"":1000,""13201"":375,""36"":1815,""40"":1383,""43"":0,""241"":26801,""199"":183,""16"":69495,""12"":353,""449"":0,""636"":110218793,""11"":893510181,""238"":0,""14"":2540732448,""387"":""2b3431353437372e333636372d303038343139342e343636372b3030302e3139312f""}"
2026-07-03T21:31:59Z,862272088833183,Codec8E,2026-07-03 21:31:56.000 UTC,1783114316000,0,41.5477566,-8.4189983,188,113,14,22,0,"{""239"":1,""240"":1,""80"":1,""21"":5,""200"":0,""69"":1,""237"":2,""113"":100,""263"":1,""303"":1,""383"":3,""30"":0,""31"":4,""32"":72,""33"":0,""35"":20,""37"":27,""38"":241,""39"":49,""181"":10,""182"":7,""66"":14162,""24"":21,""206"":26,""67"":4041,""68"":0,""13"":62,""17"":121,""18"":-95,""19"":197,""15"":1000,""13201"":376,""36"":1779,""40"":805,""43"":0,""241"":26801,""199"":212,""16"":69524,""12"":353,""449"":0,""636"":110218793,""11"":893510181,""238"":0,""14"":2540732448,""387"":""2b3431353437372e383333332d303038343139312e303136372b3030302e3138392f""}"
2026-07-03T21:32:06Z,862272088833183,Codec8E,2026-07-03 21:32:01.000 UTC,1783114321000,0,41.5475883,-8.4185200,185,123,15,27,0,"{""239"":1,""240"":1,""80"":1,""21"":5,""200"":0,""69"":1,""237"":2,""113"":100,""263"":1,""303"":1,""383"":3,""30"":0,""31"":24,""32"":71,""33"":249,""35"":53,""37"":34,""38"":225,""39"":49,""181"":10,""182"":7,""66"":14122,""24"":27,""206"":26,""67"":4042,""68"":0,""13"":62,""17"":450,""18"":583,""19"":-110,""15"":1000,""13201"":376,""36"":2336,""40"":150,""43"":0,""241"":26801,""199"":266,""16"":69578,""12"":353,""449"":0,""636"":110218793,""11"":893510181,""238"":0,""14"":2540732448,""387"":""2b3431353437352e383833332d303038343138352e323030302b3030302e3138352f""}"
2026-07-03T21:32:06Z,862272088833183,Codec8E,2026-07-03 21:32:03.000 UTC,1783114323000,0,41.5474733,-8.4184066,185,139,15,26,0,"{""239"":1,""240"":1,""80"":1,""21"":5,""200"":0,""69"":1,""237"":2,""113"":100,""263"":1,""303"":1,""383"":3,""30"":0,""31"":24,""32"":71,""33"":249,""35"":53,""37"":34,""38"":225,""39"":49,""181"":12,""182"":7,""66"":14141,""24"":26,""206"":26,""67"":4038,""68"":0,""13"":62,""17"":121,""18"":113,""19"":68,""15"":1000,""13201"":376,""36"":2336,""40"":150,""43"":0,""241"":26801,""199"":282,""16"":69594,""12"":353,""449"":0,""636"":110218793,""11"":893510181,""238"":0,""14"":2540732448,""387"":""2b3431353437342e373333332d303038343138342e303636372b3030302e3138352f""}"
2026-07-03T21:32:06Z,862272088833183,Codec8E,2026-07-03 21:32:04.000 UTC,1783114324000,0,41.5474216,-8.4183950,185,150,15,25,0,"{""239"":1,""240"":1,""80"":1,""21"":5,""200"":0,""69"":1,""237"":2,""113"":100,""263"":1,""303"":1,""383"":3,""30"":0,""31"":4,""32"":71,""33"":0,""35"":19,""37"":22,""38"":2,""39"":50,""181"":12,""182"":7,""66"":14167,""24"":26,""206"":26,""67"":4038,""68"":0,""13"":62,""17"":41,""18"":153,""19"":166,""15"":1000,""13201"":376,""36"":1491,""40"":633,""43"":0,""241"":26801,""199"":282,""16"":69594,""12"":353,""449"":0,""636"":110218793,""11"":893510181,""238"":0,""14"":2540732448,""387"":""2b3431353437342e373333332d303038343138342e303636372b3030302e3138352f""}"
2026-07-03T21:32:06Z,862272088833183,Codec8E,2026-07-03 21:32:05.000 UTC,1783114325000,0,41.5473850,-8.4184016,184,163,15,24,0,"{""239"":1,""240"":1,""80"":1,""21"":5,""200"":0,""69"":1,""237"":2,""113"":100,""263"":1,""303"":1,""383"":3,""30"":0,""31"":4,""32"":71,""33"":0,""35"":19,""37"":22,""38"":2,""39"":50,""181"":12,""182"":7,""66"":14148,""24"":25,""206"":26,""67"":4037,""68"":0,""13"":62,""17"":57,""18"":-38,""19"":155,""15"":1000,""13201"":377,""36"":1491,""40"":633,""43"":0,""241"":26801,""199"":287,""16"":69599,""12"":353,""449"":0,""636"":110218793,""11"":893510181,""238"":0,""14"":2540732448,""387"":""2b3431353437342e323136372d303038343138332e393530302b3030302e3138352f""}"
2026-07-03T21:32:06Z,862272088833183,Codec8E,2026-07-03 21:32:06.000 UTC,1783114326000,0,41.5473650,-8.4184700,184,189,16,21,0,"{""239"":1,""240"":1,""80"":1,""21"":5,""200"":0,""69"":1,""237"":2,""113"":100,""263"":1,""303"":1,""383"":3,""30"":0,""31"":4,""32"":71,""33"":0,""35"":19,""37"":22,""38"":2,""39"":50,""181"":9,""182"":7,""66"":14174,""24"":21,""206"":26,""67"":4038,""68"":0,""13"":62,""17"":189,""18"":109,""19"":149,""15"":1000,""13201"":377,""36"":1491,""40"":633,""43"":0,""241"":26801,""199"":298,""16"":69610,""12"":353,""449"":0,""636"":110218793,""11"":893510181,""238"":0,""14"":2540732448,""387"":""2b3431353437332e363530302d303038343138342e373030302b3030302e3138342f""}"
2026-07-03T21:32:07Z,862272088833183,Codec8E,2026-07-03 21:32:07.000 UTC,1783114327000,0,41.5473033,-8.4185566,184,209,15,21,0,"{""239"":1,""240"":1,""80"":1,""21"":5,""200"":0,""69"":1,""237"":2,""113"":100,""263"":1,""303"":1,""383"":3,""30"":0,""31"":4,""32"":71,""33"":0,""35"":19,""37"":22,""38"":2,""39"":50,""181"":11,""182"":6,""66"":14163,""24"":21,""206"":26,""67"":4041,""68"":0,""13"":62,""17"":117,""18"":-25,""19"":111,""15"":1000,""13201"":377,""36"":1491,""40"":633,""43"":0,""241"":26801,""199"":298,""16"":69610,""12"":353,""449"":0,""636"":110218793,""11"":893510181,""238"":0,""14"":2540732448,""387"":""2b3431353437332e363530302d303038343138342e373030302b3030302e3138342f""}"
2026-07-03T21:32:16Z,862272088833183,Codec8E,2026-07-03 21:32:13.000 UTC,1783114333000,0,41.5468850,-8.4190366,180,195,13,23,0,"{""239"":1,""240"":1,""80"":1,""21"":5,""200"":0,""69"":1,""237"":2,""113"":100,""263"":1,""303"":1,""383"":3,""30"":0,""31"":5,""32"":70,""33"":0,""35"":18,""37"":22,""38"":255,""39"":50,""181"":10,""182"":7,""66"":14102,""24"":23,""206"":26,""67"":4042,""68"":0,""13"":62,""17"":124,""18"":-96,""19"":20,""15"":1000,""13201"":377,""36"":1603,""40"":147,""43"":0,""241"":26801,""199"":369,""16"":69681,""12"":353,""449"":0,""636"":110218793,""11"":893510181,""238"":0,""14"":2540732448,""387"":""2b3431353436382e383530302d303038343139302e333636372b3030302e3138302f""}"
2026-07-03T21:32:16Z,862272088833183,Codec8E,2026-07-03 21:32:14.000 UTC,1783114334000,0,41.5468333,-8.4190500,179,180,14,21,0,"{""239"":1,""240"":1,""80"":1,""21"":5,""200"":0,""69"":1,""237"":2,""113"":100,""263"":1,""303"":1,""383"":3,""30"":0,""31"":5,""32"":70,""33"":0,""35"":18,""37"":22,""38"":255,""39"":50,""181"":11,""182"":8,""66"":14160,""24"":21,""206"":26,""67"":4041,""68"":0,""13"":62,""17"":158,""18"":-8,""19"":36,""15"":1000,""13201"":377,""36"":1603,""40"":147,""43"":0,""241"":26801,""199"":375,""16"":69687,""12"":353,""449"":0,""636"":110218793,""11"":893510181,""238"":0,""14"":2540732448,""387"":""2b3431353436382e333333332d303038343139302e353030302b3030302e3137392f""}"
2026-07-03T21:32:17Z,862272088833183,Codec8E,2026-07-03 21:32:17.000 UTC,1783114337000,0,41.5467333,-8.4191166,176,192,10,19,0,"{""239"":1,""240"":1,""80"":1,""21"":5,""200"":0,""69"":1,""237"":2,""113"":100,""263"":1,""303"":1,""383"":3,""30"":0,""31"":5,""32"":70,""33"":0,""35"":18,""37"":22,""38"":255,""39"":50,""181"":13,""182"":8,""66"":14163,""24"":19,""206"":26,""67"":4038,""68"":0,""13"":62,""17"":228,""18"":311,""19"":75,""15"":1000,""13201"":378,""36"":1603,""40"":147,""43"":0,""241"":26801,""199"":387,""16"":69699,""12"":353,""449"":0,""636"":110218793,""11"":893510181,""238"":0,""14"":2540732448,""387"":""2b3431353436372e333333332d303038343139312e313636372b3030302e3137362f""}"
2026-07-03T21:32:20Z,862272088833183,Codec8E,2026-07-03 21:32:20.000 UTC,1783114340000,0,41.5466399,-8.4191916,174,215,11,18,0,"{""239"":1,""240"":1,""80"":1,""21"":5,""200"":0,""69"":1,""237"":2,""113"":100,""263"":1,""303"":1,""383"":3,""30"":0,""31"":9,""32"":70,""33"":253,""35"":36,""37"":19,""38"":231,""39"":50,""181"":11,""182"":9,""66"":14158,""24"":18,""206"":26,""67"":4042,""68"":0,""13"":62,""17"":258,""18"":493,""19"":105,""15"":1000,""13201"":378,""36"":1737,""40"":113,""43"":0,""241"":26801,""199"":400,""16"":69712,""12"":353,""449"":0,""636"":110218793,""11"":893510181,""238"":0,""14"":2540732448,""387"":""2b3431353436362e343030302d303038343139312e393136372b3030302e3137342f""}"
2026-07-03T21:32:21Z,862272088833183,Codec8E,2026-07-03 21:32:21.000 UTC,1783114341000,0,41.5466500,-8.4192316,174,227,10,18,0,"{""239"":1,""240"":1,""80"":1,""21"":5,""200"":0,""69"":1,""237"":2,""113"":100,""263"":1,""303"":1,""383"":3,""30"":0,""31"":9,""32"":70,""33"":253,""35"":36,""37"":19,""38"":231,""39"":50,""181"":12,""182"":9,""66"":14165,""24"":18,""206"":26,""67"":4041,""68"":0,""13"":62,""17"":175,""18"":-44,""19"":234,""15"":1000,""13201"":378,""36"":1737,""40"":113,""43"":0,""241"":26801,""199"":404,""16"":69716,""12"":353,""449"":0,""636"":110218793,""11"":893510181,""238"":0,""14"":2540732448,""387"":""2b3431353436362e353030302d303038343139322e333136372b3030302e3137342f""}"
2026-07-03T21:32:23Z,862272088833183,Codec8E,2026-07-03 21:32:23.000 UTC,1783114343000,0,41.5466200,-8.4194000,172,251,11,20,0,"{""239"":1,""240"":1,""80"":1,""21"":5,""200"":0,""69"":1,""237"":2,""113"":100,""263"":1,""303"":1,""383"":3,""30"":0,""31"":4,""32"":70,""33"":2,""35"":69,""37"":24,""38"":240,""39"":49,""181"":12,""182"":9,""66"":14163,""24"":20,""206"":26,""67"":4041,""68"":0,""13"":62,""17"":165,""18"":66,""19"":89,""15"":1000,""13201"":378,""36"":2066,""40"":688,""43"":0,""241"":26801,""199"":418,""16"":69730,""12"":353,""449"":0,""636"":110218793,""11"":893510181,""238"":0,""14"":2540732448,""387"":""2b3431353436362e323030302d303038343139342e303030302b3030302e3137322f""}"
2026-07-03T21:32:28Z,862272088833183,Codec8E,2026-07-03 21:32:28.000 UTC,1783114348000,0,41.5464866,-8.4198266,167,237,10,24,0,"{""239"":1,""240"":1,""80"":1,""21"":5,""200"":0,""69"":1,""237"":2,""113"":100,""263"":1,""303"":1,""383"":3,""30"":0,""31"":10,""32"":70,""33"":0,""35"":79,""37"":30,""38"":229,""39"":48,""181"":12,""182"":9,""66"":14141,""24"":24,""206"":26,""67"":4042,""68"":0,""13"":62,""17"":201,""18"":-243,""19"":-26,""15"":1000,""13201"":378,""36"":1988,""40"":122,""43"":0,""241"":26801,""199"":457,""16"":69769,""12"":353,""449"":0,""636"":110218793,""11"":893510181,""238"":0,""14"":2540732448,""387"":""2b3431353436342e383636372d303038343139382e323636372b3030302e3136372f""}"
2026-07-03T21:32:34Z,862272088833183,Codec8E,2026-07-03 21:32:30.000 UTC,1783114350000,0,41.5464416,-8.4198466,166,180,12,21,0,"{""239"":1,""240"":1,""80"":1,""21"":5,""200"":0,""69"":1,""237"":2,""113"":100,""263"":1,""303"":1,""383"":3,""30"":0,""31"":10,""32"":70,""33"":0,""35"":79,""37"":30,""38"":229,""39"":48,""181"":12,""182"":9,""66"":14089,""24"":23,""206"":26,""67"":4040,""68"":0,""13"":62,""17"":380,""18"":-36,""19"":49,""15"":1000,""13201"":378,""36"":1988,""40"":122,""43"":0,""241"":26801,""199"":460,""16"":69772,""12"":353,""449"":0,""636"":110218794,""11"":893510181,""238"":0,""14"":2540732448,""387"":""2b3431353436342e393636372d303038343139382e363030302b3030302e3136362f""}"
2026-07-03T21:32:34Z,862272088833183,Codec8E,2026-07-03 21:32:31.000 UTC,1783114351000,0,41.5463766,-8.4198150,167,162,13,19,0,"{""239"":1,""240"":1,""80"":1,""21"":5,""200"":0,""69"":1,""237"":2,""113"":100,""263"":1,""303"":1,""383"":3,""30"":0,""31"":5,""32"":70,""33"":0,""35"":41,""37"":16,""38"":247,""39"":50,""181"":16,""182"":9,""66"":14109,""24"":19,""206"":26,""67"":4038,""68"":0,""13"":62,""17"":131,""18"":19,""19"":-232,""15"":1000,""13201"":378,""36"":665,""40"":147,""43"":0,""241"":26801,""199"":474,""16"":69786,""12"":353,""449"":0,""636"":110218794,""11"":893510181,""238"":0,""14"":2540732448,""387"":""2b3431353436332e373636372d303038343139382e313530302b3030302e3136372f""}"
2026-07-03T21:32:37Z,862272088833183,Codec8E,2026-07-03 21:32:36.000 UTC,1783114356000,0,41.5463116,-8.4197499,165,135,15,10,0,"{""239"":1,""240"":1,""80"":1,""21"":5,""200"":0,""69"":1,""237"":2,""113"":100,""263"":1,""303"":1,""383"":3,""30"":0,""31"":14,""32"":70,""33"":0,""35"":91,""37"":3,""38"":245,""39"":49,""181"":10,""182"":7,""66"":14173,""24"":10,""206"":26,""67"":4042,""68"":0,""13"":62,""17"":152,""18"":-170,""19"":-10,""15"":1000,""13201"":379,""36"":1776,""40"":613,""43"":0,""241"":26801,""199"":482,""16"":69794,""12"":353,""449"":0,""636"":110218795,""11"":893510181,""238"":0,""14"":2540732448,""387"":""2b3431353436332e313136372d303038343139372e353030302b3030302e3136352f""}"
2026-07-03T21:32:38Z,862272088833183,Codec8E,2026-07-03 21:32:38.000 UTC,1783114358000,0,41.5462633,-8.4196416,168,104,15,10,0,"{""239"":1,""240"":1,""80"":1,""21"":5,""200"":0,""69"":1,""237"":2,""113"":100,""263"":1,""303"":1,""383"":3,""30"":0,""31"":14,""32"":70,""33"":0,""35"":91,""37"":3,""38"":245,""39"":49,""181"":10,""182"":7,""66"":14168,""24"":10,""206"":26,""67"":4039,""68"":0,""13"":62,""17"":-3,""18"":-20,""19"":-104,""15"":1000,""13201"":379,""36"":1776,""40"":613,""43"":0,""241"":26801,""199"":491,""16"":69803,""12"":353,""449"":0,""636"":110218795,""11"":893510181,""238"":0,""14"":2540732448,""387"":""2b3431353436322e373030302d303038343139362e373636372b3030302e3136382f""}"
2026-07-03T21:32:40Z,862272088833183,Codec8E,2026-07-03 21:32:40.000 UTC,1783114360000,0,41.5462766,-8.4195883,169,84,15,11,0,"{""239"":1,""240"":1,""80"":1,""21"":5,""200"":0,""69"":1,""237"":2,""113"":100,""263"":1,""303"":1,""383"":3,""30"":0,""31"":14,""32"":70,""33"":0,""35"":91,""37"":3,""38"":245,""39"":49,""181"":10,""182"":7,""66"":14136,""24"":11,""206"":26,""67"":4042,""68"":0,""13"":62,""17"":104,""18"":45,""19"":-152,""15"":1000,""13201"":379,""36"":1776,""40"":613,""43"":0,""241"":26801,""199"":499,""16"":69811,""12"":353,""449"":0,""636"":110218795,""11"":893510181,""238"":0,""14"":2540732448,""387"":""2b3431353436322e373636372d303038343139352e383833332b3030302e3136392f""}"
2026-07-03T21:32:41Z,862272088833183,Codec8E,2026-07-03 21:32:41.000 UTC,1783114361000,0,41.5462933,-8.4195199,170,71,15,12,0,"{""239"":1,""240"":1,""80"":1,""21"":5,""200"":0,""69"":1,""237"":2,""113"":100,""263"":1,""303"":1,""383"":3,""30"":0,""31"":16,""32"":70,""33"":247,""35"":28,""37"":16,""38"":240,""39"":49,""181"":10,""182"":7,""66"":14137,""24"":12,""206"":26,""67"":4041,""68"":0,""13"":62,""17"":192,""18"":11,""19"":-243,""15"":1000,""13201"":380,""36"":2127,""40"":138,""43"":0,""241"":26801,""199"":505,""16"":69817,""12"":353,""449"":0,""636"":110218795,""11"":893510181,""238"":0,""14"":2540732448,""387"":""2b3431353436322e393333332d303038343139352e323030302b3030302e3137302f""}"
2026-07-03T21:32:49Z,862272088833183,Codec8E,2026-07-03 21:32:49.000 UTC,1783114369000,0,41.5463033,-8.4193850,172,70,12,2,0,"{""239"":1,""240"":1,""80"":1,""21"":5,""200"":0,""69"":1,""237"":2,""113"":100,""263"":1,""303"":1,""383"":3,""30"":0,""31"":4,""32"":70,""33"":0,""35"":35,""37"":1,""38"":251,""39"":50,""181"":11,""182"":8,""66"":14117,""24"":2,""206"":26,""67"":4042,""68"":0,""13"":62,""17"":31,""18"":32,""19"":-98,""15"":1000,""13201"":380,""36"":778,""40"":152,""43"":0,""241"":26801,""199"":521,""16"":69833,""12"":353,""449"":0,""636"":110218795,""11"":893510181,""238"":0,""14"":2540732448,""387"":""2b3431353436332e303333332d303038343139332e383530302b3030302e3137322f""}"
2026-07-03T21:33:34Z,862272088833183,Codec8E,2026-07-03 21:33:31.000 UTC,1783114411000,0,41.5463483,-8.4193216,0,0,0,0,303,"{""239"":1,""240"":1,""80"":1,""21"":5,""200"":0,""69"":2,""237"":2,""113"":100,""263"":1,""303"":0,""383"":3,""30"":0,""31"":11,""32"":71,""33"":253,""35"":34,""37"":0,""38"":251,""39"":49,""181"":0,""182"":0,""66"":14230,""24"":0,""206"":26,""67"":4042,""68"":0,""13"":62,""17"":-20,""18"":49,""19"":-14,""15"":1000,""13201"":379,""36"":813,""40"":136,""43"":0,""241"":26801,""199"":521,""16"":69833,""12"":354,""449"":0,""636"":110218764,""11"":893510181,""238"":0,""14"":2540732448,""387"":""2b3431353436332e343833332d303038343139332e323136372b3030302e3030302f""}"
2026-07-03T21:34:33Z,862272088833183,Codec8E,2026-07-03 21:34:30.000 UTC,1783114470000,0,41.5463483,-8.4193216,0,0,0,0,240,"{""239"":1,""240"":0,""80"":0,""21"":4,""200"":0,""69"":2,""237"":2,""113"":100,""263"":1,""303"":0,""383"":3,""30"":0,""31"":13,""32"":75,""33"":1,""35"":37,""37"":0,""38"":6,""39"":49,""181"":0,""182"":0,""66"":14217,""24"":0,""206"":26,""67"":4042,""68"":0,""13"":62,""17"":-35,""18"":23,""19"":-11,""15"":1000,""13201"":383,""36"":881,""40"":147,""43"":0,""241"":26801,""199"":521,""16"":69833,""12"":355,""449"":0,""636"":110218764,""11"":893510181,""238"":0,""14"":2540732448,""387"":""2b3431353436332e343833332d303038343139332e323136372b3030302e3030302f""}"
2026-07-03T21:36:31Z,862272088833183,Codec8E,2026-07-03 21:36:29.000 UTC,1783114589000,0,41.5463483,-8.4193216,0,0,0,0,239,"{""239"":0,""240"":0,""80"":0,""21"":4,""200"":0,""69"":2,""237"":2,""113"":100,""263"":1,""303"":0,""383"":3,""30"":0,""31"":13,""32"":82,""33"":1,""35"":38,""37"":0,""38"":1,""39"":49,""181"":0,""182"":0,""66"":13160,""24"":0,""206"":26,""67"":4042,""68"":0,""13"":68,""17"":-11,""18"":29,""19"":-10,""15"":1000,""13201"":384,""36"":834,""40"":144,""43"":0,""241"":26801,""199"":521,""16"":69833,""12"":387,""449"":0,""636"":110218764,""11"":893510181,""238"":0,""14"":2540732448,""387"":""2b3431353436332e343833332d303038343139332e323136372b3030302e3030302f""}"
2026-07-03T22:37:07Z,862272088833183,Codec8E,2026-07-03 22:36:29.000 UTC,1783118189000,0,41.5463483,-8.4193216,0,0,0,0,0,"{""239"":0,""240"":0,""80"":0,""21"":4,""200"":0,""69"":2,""237"":2,""113"":100,""263"":1,""303"":0,""383"":3,""181"":0,""182"":0,""66"":12723,""24"":0,""206"":26,""67"":4038,""68"":0,""13"":68,""17"":-39,""18"":23,""19"":-8,""15"":1000,""13201"":381,""241"":26801,""199"":0,""16"":69833,""12"":387,""449"":0,""636"":110218764,""11"":893510181,""238"":0,""14"":2540732448,""387"":""2b3431353436332e343833332d303038343139332e323136372b3030302e3030302f""}"
2026-07-03T23:37:17Z,862272088833183,Codec8E,2026-07-03 23:36:29.000 UTC,1783121789000,0,41.5463483,-8.4193216,0,0,0,0,0,"{""239"":0,""240"":0,""80"":0,""21"":4,""200"":0,""69"":2,""237"":2,""113"":100,""263"":1,""303"":0,""383"":3,""181"":0,""182"":0,""66"":12680,""24"":0,""206"":26,""67"":4037,""68"":0,""13"":68,""17"":-28,""18"":32,""19"":-11,""15"":1000,""13201"":378,""241"":26801,""199"":0,""16"":69833,""12"":387,""449"":0,""636"":110218764,""11"":893510181,""238"":0,""14"":2540732448,""387"":""2b3431353436332e343833332d303038343139332e323136372b3030302e3030302f""}"