received_utc,imei,codec,record_utc,timestamp_ms,priority,latitude,longitude,altitude_m,angle_deg,satellites,speed_kmh,event_io_id,io_json
2026-07-01T01:37:29Z,862272088542776,Codec8E,2026-06-27 00:44:20.000 UTC,1782521060000,0,40.1081566,-8.5085316,0,0,0,0,0,"{""239"":1,""240"":0,""21"":4,""200"":0,""69"":2,""237"":2,""113"":100,""303"":0,""383"":3,""1149"":20,""181"":0,""182"":0,""66"":14379,""24"":0,""206"":48740,""67"":4128,""68"":0,""13"":1003,""17"":-42,""18"":-25,""19"":5,""15"":1000,""241"":26806,""199"":3469,""16"":75228,""12"":7503,""449"":0,""636"":339509,""1148"":83,""11"":8935106000,""14"":1160700155,""387"":""2b3430313038312e353636372d303038353038352e333136372b3030302e3030302f""}"
2026-07-01T01:37:30Z,862272088542776,Codec8E,2026-06-27 02:16:40.000 UTC,1782526600000,0,40.1081566,-8.5085316,0,0,0,0,0,"{""239"":1,""240"":0,""21"":1,""200"":0,""69"":2,""237"":1,""113"":100,""303"":0,""383"":3,""1149"":0,""181"":0,""182"":0,""66"":14379,""24"":0,""206"":8740,""67"":4128,""68"":0,""13"":1208,""17"":-38,""18"":-33,""19"":0,""15"":1000,""241"":26806,""199"":3469,""16"":75228,""12"":9035,""449"":0,""636"":21635,""1148"":104,""11"":8935106000,""14"":1160700155,""387"":""2b3430313038312e353636372d303038353038352e333136372b3030302e3030302f""}"
2026-07-01T01:37:30Z,862272088542776,Codec8E,2026-06-27 03:49:00.000 UTC,1782532140000,0,40.1081566,-8.5085316,0,0,0,0,0,"{""239"":1,""240"":0,""21"":1,""200"":0,""69"":2,""237"":1,""113"":100,""303"":0,""383"":3,""1149"":0,""181"":0,""182"":0,""66"":14247,""24"":0,""206"":8740,""67"":4128,""68"":0,""13"":1412,""17"":-38,""18"":-24,""19"":3,""15"":1000,""241"":26806,""199"":3469,""16"":75228,""12"":10567,""449"":0,""636"":21635,""1148"":104,""11"":8935106000,""14"":1160700155,""387"":""2b3430313038312e353636372d303038353038352e333136372b3030302e3030302f""}"
2026-07-01T01:37:30Z,862272088542776,Codec8E,2026-06-27 03:53:48.000 UTC,1782532428000,0,40.1081566,-8.5085316,0,0,0,0,239,"{""239"":0,""240"":0,""21"":1,""200"":0,""69"":2,""237"":1,""113"":100,""303"":0,""383"":3,""1149"":0,""181"":0,""182"":0,""66"":13018,""24"":0,""206"":8740,""67"":4128,""68"":0,""13"":1423,""17"":-45,""18"":-14,""19"":5,""15"":1000,""241"":26806,""199"":3469,""16"":75228,""12"":10646,""449"":0,""636"":21635,""1148"":104,""11"":8935106000,""14"":1160700155,""387"":""2b3430313038312e353636372d303038353038352e333136372b3030302e3030302f""}"
2026-07-01T01:37:30Z,862272088542776,Codec8E,2026-06-27 05:21:20.000 UTC,1782537680000,0,40.1081566,-8.5085316,0,0,0,0,0,"{""239"":0,""240"":0,""21"":1,""200"":0,""69"":2,""237"":1,""113"":100,""303"":0,""383"":3,""1149"":0,""181"":0,""182"":0,""66"":13060,""24"":0,""206"":8740,""67"":4128,""68"":0,""13"":1423,""17"":-37,""18"":-16,""19"":9,""15"":0,""241"":26806,""199"":0,""16"":75228,""12"":10646,""449"":0,""636"":21635,""1148"":104,""11"":8935106000,""14"":1160700155,""387"":""2b3430313038312e353636372d303038353038352e333136372b3030302e3030302f""}"
2026-07-01T01:37:30Z,862272088542776,Codec8E,2026-06-27 06:53:40.000 UTC,1782543220000,0,40.1081566,-8.5085316,0,0,0,0,0,"{""239"":0,""240"":0,""21"":4,""200"":0,""69"":2,""237"":2,""113"":100,""303"":0,""383"":3,""1149"":20,""181"":0,""182"":0,""66"":12993,""24"":0,""206"":48740,""67"":4128,""68"":0,""13"":1423,""17"":-35,""18"":-25,""19"":5,""15"":0,""241"":26806,""199"":0,""16"":75228,""12"":10646,""449"":0,""636"":339509,""1148"":83,""11"":8935106000,""14"":1160700155,""387"":""2b3430313038312e353636372d303038353038352e333136372b3030302e3030302f""}"
2026-07-01T01:37:32Z,862272088542776,Codec8E,2026-06-27 08:26:00.000 UTC,1782548760000,0,40.1081566,-8.5085316,0,0,0,0,0,"{""239"":0,""240"":0,""21"":4,""200"":0,""69"":2,""237"":2,""113"":100,""303"":0,""383"":3,""1149"":20,""181"":0,""182"":0,""66"":12968,""24"":0,""206"":48740,""67"":4128,""68"":0,""13"":1423,""17"":-41,""18"":-14,""19"":3,""15"":0,""241"":26806,""199"":0,""16"":75228,""12"":10646,""449"":0,""636"":339469,""1148"":82,""11"":8935106000,""14"":1160700155,""387"":""2b3430313038312e353636372d303038353038352e333136372b3030302e3030302f""}"
2026-07-01T01:37:32Z,862272088542776,Codec8E,2026-06-27 09:22:17.000 UTC,1782552137000,0,40.1081566,-8.5085316,0,0,0,0,239,"{""239"":1,""240"":0,""21"":4,""200"":0,""69"":2,""237"":2,""113"":100,""303"":0,""383"":3,""1149"":20,""181"":0,""182"":0,""66"":15113,""24"":0,""206"":48740,""67"":4128,""68"":0,""13"":1423,""17"":-39,""18"":-26,""19"":9,""15"":0,""241"":26806,""199"":0,""16"":75228,""12"":10646,""449"":0,""636"":339469,""1148"":83,""11"":8935106000,""14"":1160700155,""387"":""2b3430313038312e353636372d303038353038352e333136372b3030302e3030302f""}"
2026-07-01T01:37:32Z,862272088542776,Codec8E,2026-06-27 09:24:29.000 UTC,1782552269000,0,40.1081566,-8.5085316,0,0,0,0,303,"{""239"":1,""240"":0,""21"":4,""200"":0,""69"":2,""237"":2,""113"":100,""303"":1,""383"":3,""1149"":20,""181"":0,""182"":0,""66"":14503,""24"":0,""206"":48740,""67"":4128,""68"":0,""13"":1428,""17"":-71,""18"":16,""19"":7,""15"":0,""241"":26806,""199"":0,""16"":75228,""12"":10682,""449"":0,""636"":339469,""1148"":80,""11"":8935106000,""14"":1160700155,""387"":""2b3430313038312e353636372d303038353038352e333136372b3030302e3030302f""}"
2026-07-01T01:37:32Z,862272088542776,Codec8E,2026-06-27 09:24:30.000 UTC,1782552270000,0,40.1081566,-8.5085316,0,0,0,0,303,"{""239"":1,""240"":0,""21"":4,""200"":0,""69"":2,""237"":2,""113"":100,""303"":0,""383"":3,""1149"":20,""181"":0,""182"":0,""66"":14588,""24"":0,""206"":48740,""67"":4128,""68"":0,""13"":1428,""17"":-103,""18"":22,""19"":0,""15"":0,""241"":26806,""199"":0,""16"":75228,""12"":10683,""449"":0,""636"":339469,""1148"":80,""11"":8935106000,""14"":1160700155,""387"":""2b3430313038312e353636372d303038353038352e333136372b3030302e3030302f""}"
2026-07-01T01:37:32Z,862272088542776,Codec8E,2026-06-27 09:24:42.000 UTC,1782552282000,0,40.1081566,-8.5085316,0,0,0,0,303,"{""239"":1,""240"":0,""21"":4,""200"":0,""69"":2,""237"":2,""113"":100,""303"":1,""383"":3,""1149"":20,""181"":0,""182"":0,""66"":14585,""24"":0,""206"":48740,""67"":4128,""68"":0,""13"":1428,""17"":-305,""18"":-3,""19"":42,""15"":0,""241"":26806,""199"":0,""16"":75228,""12"":10686,""449"":0,""636"":339469,""1148"":80,""11"":8935106000,""14"":1160700155,""387"":""2b3430313038312e353636372d303038353038352e333136372b3030302e3030302f""}"
2026-07-01T01:37:33Z,862272088542776,Codec8E,2026-06-27 09:24:43.000 UTC,1782552283000,0,40.1081566,-8.5085316,0,0,0,0,240,"{""239"":1,""240"":1,""21"":4,""200"":0,""69"":2,""237"":2,""113"":100,""303"":1,""383"":3,""1149"":20,""181"":0,""182"":0,""66"":14537,""24"":0,""206"":48740,""67"":4128,""68"":0,""13"":1428,""17"":-320,""18"":10,""19"":-35,""15"":0,""241"":26806,""199"":0,""16"":75228,""12"":10686,""449"":0,""636"":339469,""1148"":80,""11"":8935106000,""14"":1160700155,""387"":""2b3430313038312e353636372d303038353038352e333136372b3030302e3030302f""}"
2026-07-01T01:37:33Z,862272088542776,Codec8E,2026-06-27 09:28:58.000 UTC,1782552538000,0,40.1081566,-8.5085316,0,0,0,0,303,"{""239"":1,""240"":1,""21"":5,""200"":0,""69"":2,""237"":2,""113"":100,""303"":0,""383"":3,""1149"":1,""181"":0,""182"":0,""66"":14555,""24"":0,""206"":48740,""67"":4128,""68"":0,""13"":1428,""17"":-196,""18"":-24,""19"":-1,""15"":0,""241"":26806,""199"":0,""16"":75228,""12"":10686,""449"":0,""636"":339498,""1148"":57,""11"":8935106000,""14"":1160700155,""387"":""2b3430313038312e353636372d303038353038352e333136372b3030302e3030302f""}"
2026-07-01T01:37:33Z,862272088542776,Codec8E,2026-06-27 09:29:09.000 UTC,1782552549000,0,40.1081566,-8.5085316,0,0,0,0,303,"{""239"":1,""240"":1,""21"":5,""200"":0,""69"":2,""237"":2,""113"":100,""303"":1,""383"":3,""1149"":1,""181"":0,""182"":0,""66"":14555,""24"":0,""206"":48740,""67"":4128,""68"":0,""13"":1428,""17"":12,""18"":76,""19"":41,""15"":0,""241"":26806,""199"":0,""16"":75228,""12"":10686,""449"":0,""636"":339498,""1148"":57,""11"":8935106000,""14"":1160700155,""387"":""2b3430313038312e353636372d303038353038352e333136372b3030302e3030302f""}"
2026-07-01T01:37:33Z,862272088542776,Codec8E,2026-06-27 09:32:43.000 UTC,1782552763000,0,40.1172200,-8.5020716,-50,24,4,41,0,"{""239"":1,""240"":1,""21"":5,""200"":0,""69"":1,""237"":2,""113"":100,""303"":1,""383"":3,""1149"":20,""181"":33,""182"":32,""66"":14565,""24"":41,""206"":48740,""67"":4128,""68"":0,""13"":1428,""17"":-55,""18"":-40,""19"":32,""15"":0,""241"":26806,""199"":0,""16"":75228,""12"":10686,""449"":0,""636"":339467,""1148"":63,""11"":8935106000,""14"":1160700155,""387"":""2b3430313137322e323030302d303038353032302e373136372d3030302e3035302f""}"
2026-07-01T01:37:33Z,862272088542776,Codec8E,2026-06-27 09:32:50.000 UTC,1782552770000,0,40.1180216,-8.5015249,-50,28,4,46,0,"{""239"":1,""240"":1,""21"":5,""200"":0,""69"":1,""237"":2,""113"":100,""303"":1,""383"":3,""1149"":20,""181"":96,""182"":24,""66"":14559,""24"":46,""206"":48740,""67"":4128,""68"":0,""13"":1428,""17"":-5,""18"":-21,""19"":105,""15"":1000,""241"":26806,""199"":101,""16"":75329,""12"":10686,""449"":0,""636"":339467,""1148"":63,""11"":8935106000,""14"":1160700155,""387"":""2b3430313138302e323136372d303038353031352e323530302d3030302e3035302f""}"
2026-07-01T01:37:34Z,862272088542776,Codec8E,2026-06-27 09:33:23.000 UTC,1782552803000,0,40.1184416,-8.5012300,0,0,3,0,303,"{""239"":1,""240"":1,""21"":4,""200"":0,""69"":2,""237"":2,""113"":100,""303"":0,""383"":3,""1149"":1,""181"":47,""182"":46,""66"":14560,""24"":0,""206"":48740,""67"":4128,""68"":0,""13"":1428,""17"":17,""18"":-29,""19"":12,""15"":1000,""241"":26806,""199"":154,""16"":75382,""12"":10686,""449"":0,""636"":339497,""1148"":82,""11"":8935106000,""14"":1160700155,""387"":""2b3430313138342e343136372d303038353031322e333030302b3030302e3030302f""}"
2026-07-01T01:37:34Z,862272088542776,Codec8E,2026-06-27 09:33:33.000 UTC,1782552813000,0,40.1202849,-8.4995683,-48,43,4,6,0,"{""239"":1,""240"":1,""21"":4,""200"":0,""69"":2,""237"":2,""113"":100,""303"":0,""383"":3,""1149"":1,""181"":47,""182"":46,""66"":14555,""24"":0,""206"":48740,""67"":4128,""68"":0,""13"":1428,""17"":-122,""18"":-28,""19"":1,""15"":1000,""241"":26806,""199"":154,""16"":75382,""12"":10686,""449"":0,""636"":339497,""1148"":74,""11"":8935106000,""14"":1160700155,""387"":""2b3430313138342e343136372d303038353031322e333030302b3030302e3030302f""}"
2026-07-01T01:37:34Z,862272088542776,Codec8E,2026-06-27 09:33:35.000 UTC,1782552815000,0,40.1203266,-8.4995549,-48,30,4,8,0,"{""239"":1,""240"":1,""21"":4,""200"":0,""69"":1,""237"":2,""113"":100,""303"":0,""383"":3,""1149"":1,""181"":25,""182"":22,""66"":14555,""24"":7,""206"":48740,""67"":4128,""68"":0,""13"":1428,""17"":-99,""18"":-15,""19"":7,""15"":1000,""241"":26806,""199"":402,""16"":75630,""12"":10686,""449"":0,""636"":339497,""1148"":74,""11"":8935106000,""14"":1160700155,""387"":""2b3430313230332e303136372d303038343939352e373530302d3030302e3034382f""}"
2026-07-01T01:37:34Z,862272088542776,Codec8E,2026-06-27 09:33:39.000 UTC,1782552819000,0,40.1204266,-8.4994333,-48,32,4,11,303,"{""239"":1,""240"":1,""21"":4,""200"":0,""69"":1,""237"":2,""113"":100,""303"":1,""383"":3,""1149"":1,""181"":25,""182"":22,""66"":14550,""24"":11,""206"":48740,""67"":4128,""68"":0,""13"":1428,""17"":73,""18"":-15,""19"":31,""15"":1000,""241"":26806,""199"":422,""16"":75650,""12"":10686,""449"":0,""636"":339497,""1148"":74,""11"":8935106000,""14"":1160700155,""387"":""2b3430313230342e323636372d303038343939342e333333332d3030302e3034382f""}"
2026-07-01T01:37:34Z,862272088542776,Codec8E,2026-06-27 09:33:46.000 UTC,1782552826000,0,40.1205683,-8.4992999,-47,46,4,13,0,"{""239"":1,""240"":1,""21"":4,""200"":0,""69"":1,""237"":2,""113"":100,""303"":1,""383"":3,""1149"":1,""181"":25,""182"":22,""66"":14553,""24"":13,""206"":48740,""67"":4128,""68"":0,""13"":1428,""17"":-153,""18"":-175,""19"":48,""15"":1000,""241"":26806,""199"":444,""16"":75672,""12"":10686,""449"":0,""636"":339497,""1148"":74,""11"":8935106000,""14"":1160700155,""387"":""2b3430313230352e363833332d303038343939332e303030302d3030302e3034372f""}"
2026-07-01T01:37:35Z,862272088542776,Codec8E,2026-06-27 09:33:51.000 UTC,1782552831000,0,40.1208483,-8.4989783,-46,34,4,22,0,"{""239"":1,""240"":1,""21"":4,""200"":0,""69"":1,""237"":2,""113"":100,""303"":1,""383"":3,""1149"":1,""181"":25,""182"":22,""66"":14553,""24"":22,""206"":48740,""67"":4128,""68"":0,""13"":1428,""17"":-160,""18"":40,""19"":20,""15"":1000,""241"":26806,""199"":485,""16"":75713,""12"":10686,""449"":0,""636"":339497,""1148"":74,""11"":8935106000,""14"":1160700155,""387"":""2b3430313230382e343833332d303038343938392e373833332d3030302e3034362f""}"
2026-07-01T01:37:35Z,862272088542776,Codec8E,2026-06-27 09:33:57.000 UTC,1782552837000,0,40.1212016,-8.4985699,-45,37,4,32,0,"{""239"":1,""240"":1,""21"":4,""200"":0,""69"":1,""237"":2,""113"":100,""303"":1,""383"":3,""1149"":1,""181"":25,""182"":22,""66"":14550,""24"":32,""206"":48740,""67"":4128,""68"":0,""13"":1428,""17"":-78,""18"":-9,""19"":76,""15"":1000,""241"":26806,""199"":538,""16"":75766,""12"":10686,""449"":0,""636"":339497,""1148"":74,""11"":8935106000,""14"":1160700155,""387"":""2b3430313231322e303136372d303038343938352e373030302d3030302e3034352f""}"
2026-07-01T01:37:35Z,862272088542776,Codec8E,2026-06-27 09:34:56.000 UTC,1782552896000,0,40.1271733,-8.4865183,-22,54,4,72,0,"{""239"":1,""240"":1,""21"":3,""200"":0,""69"":1,""237"":2,""113"":100,""303"":1,""383"":3,""1149"":1,""181"":42,""182"":41,""66"":14562,""24"":72,""206"":48740,""67"":4128,""68"":0,""13"":1428,""17"":-83,""18"":-51,""19"":29,""15"":1000,""241"":26806,""199"":1762,""16"":76990,""12"":10686,""449"":0,""636"":1555755,""1148"":87,""11"":8935106000,""14"":1160700155,""387"":""2b3430313237312e373333332d303038343836352e313833332d3030302e3032322f""}"
2026-07-01T01:37:35Z,862272088542776,Codec8E,2026-06-27 09:35:50.000 UTC,1782552950000,0,40.1324216,-8.4749933,-19,51,4,70,0,"{""239"":1,""240"":1,""21"":3,""200"":0,""69"":1,""237"":2,""113"":100,""303"":1,""383"":3,""1149"":1,""181"":22,""182"":19,""66"":14548,""24"":70,""206"":48740,""67"":4128,""68"":0,""13"":1428,""17"":-112,""18"":-144,""19"":27,""15"":1000,""241"":26806,""199"":2901,""16"":78129,""12"":10686,""449"":0,""636"":1555755,""1148"":77,""11"":8935106000,""14"":1160700155,""387"":""2b3430313332342e323136372d303038343734392e393333332d3030302e3031392f""}"
2026-07-01T01:37:35Z,862272088542776,Codec8E,2026-06-27 09:35:54.000 UTC,1782552954000,0,40.1329400,-8.4742533,-31,44,4,80,0,"{""239"":1,""240"":1,""21"":3,""200"":0,""69"":1,""237"":2,""113"":100,""303"":1,""383"":3,""1149"":1,""181"":207,""182"":58,""66"":14555,""24"":80,""206"":48740,""67"":4128,""68"":0,""13"":1428,""17"":-95,""18"":-1,""19"":33,""15"":1000,""241"":26806,""199"":2922,""16"":78150,""12"":10686,""449"":0,""636"":1555755,""1148"":77,""11"":8935106000,""14"":1160700155,""387"":""2b3430313332392e343030302d303038343734322e353333332d3030302e3033312f""}"
2026-07-01T01:37:36Z,862272088542776,Codec8E,2026-06-27 09:35:58.000 UTC,1782552958000,0,40.1336666,-8.4733933,-35,39,5,84,0,"{""239"":1,""240"":1,""21"":3,""200"":0,""69"":1,""237"":2,""113"":100,""303"":1,""383"":3,""1149"":1,""181"":60,""182"":19,""66"":14552,""24"":83,""206"":48740,""67"":4128,""68"":0,""13"":1428,""17"":-81,""18"":-44,""19"":45,""15"":1000,""241"":26806,""199"":3073,""16"":78301,""12"":10686,""449"":0,""636"":1555755,""1148"":77,""11"":8935106000,""14"":1160700155,""387"":""2b3430313333352e313333332d303038343733352e363136372d3030302e3033322f""}"
2026-07-01T01:37:36Z,862272088542776,Codec8E,2026-06-27 09:36:05.000 UTC,1782552965000,0,40.1345800,-8.4728083,-18,33,5,81,0,"{""239"":1,""240"":1,""21"":3,""200"":0,""69"":1,""237"":2,""113"":100,""303"":1,""383"":3,""1149"":1,""181"":28,""182"":17,""66"":14552,""24"":80,""206"":48740,""67"":4128,""68"":0,""13"":1428,""17"":-121,""18"":68,""19"":43,""15"":1000,""241"":26806,""199"":3228,""16"":78456,""12"":10686,""449"":0,""636"":1555753,""1148"":77,""11"":8935106000,""14"":1160700155,""387"":""2b3430313334372e303530302d303038343732362e363636372d3030302e3032302f""}"
2026-07-01T01:37:36Z,862272088542776,Codec8E,2026-06-27 09:36:10.000 UTC,1782552970000,0,40.1353849,-8.4719550,-21,36,4,76,0,"{""239"":1,""240"":1,""21"":3,""200"":0,""69"":1,""237"":2,""113"":100,""303"":1,""383"":3,""1149"":1,""181"":69,""182"":27,""66"":14555,""24"":77,""206"":48740,""67"":4128,""68"":0,""13"":1428,""17"":-46,""18"":-16,""19"":-35,""15"":1000,""241"":26806,""199"":3306,""16"":78534,""12"":10686,""449"":0,""636"":1418804,""1148"":77,""11"":8935106000,""14"":1160700155,""387"":""2b3430313335322e363636372d303038343732312e313530302d3030302e3032312f""}"
2026-07-01T01:37:36Z,862272088542776,Codec8E,2026-06-27 09:36:16.000 UTC,1782552976000,0,40.1361233,-8.4709783,-19,40,4,76,0,"{""239"":1,""240"":1,""21"":3,""200"":0,""69"":1,""237"":2,""113"":100,""303"":1,""383"":3,""1149"":1,""181"":27,""182"":25,""66"":14541,""24"":76,""206"":48740,""67"":4128,""68"":0,""13"":1428,""17"":-131,""18"":-58,""19"":75,""15"":1000,""241"":26806,""199"":3442,""16"":78670,""12"":10686,""449"":0,""636"":1418804,""1148"":77,""11"":8935106000,""14"":1160700155,""387"":""2b3430313336312e323333332d303038343730392e373833332d3030302e3031392f""}"
2026-07-01T01:37:36Z,862272088542776,Codec8E,2026-06-27 09:36:21.000 UTC,1782552981000,0,40.1364216,-8.4697333,-41,46,4,78,0,"{""239"":1,""240"":1,""21"":3,""200"":0,""69"":1,""237"":2,""113"":100,""303"":1,""383"":3,""1149"":1,""181"":69,""182"":27,""66"":14548,""24"":78,""206"":48740,""67"":4128,""68"":0,""13"":1428,""17"":-38,""18"":-160,""19"":124,""15"":1000,""241"":26806,""199"":3529,""16"":78757,""12"":10686,""449"":0,""636"":1418804,""1148"":77,""11"":8935106000,""14"":1160700155,""387"":""2b3430313336342e333333332d303038343730302e353333332d3030302e3032392f""}"
2026-07-01T01:37:37Z,862272088542776,Codec8E,2026-06-27 09:36:26.000 UTC,1782552986000,0,40.1368800,-8.4688766,-71,34,5,79,0,"{""239"":1,""240"":1,""21"":3,""200"":0,""69"":1,""237"":2,""113"":100,""303"":1,""383"":3,""1149"":1,""181"":20,""182"":17,""66"":14552,""24"":79,""206"":48740,""67"":4128,""68"":0,""13"":1428,""17"":-37,""18"":-62,""19"":15,""15"":1000,""241"":26806,""199"":3646,""16"":78874,""12"":10686,""449"":0,""636"":1418804,""1148"":77,""11"":8935106000,""14"":1160700155,""387"":""2b3430313336382e383030302d303038343638382e373636372d3030302e3037312f""}"
2026-07-01T01:37:37Z,862272088542776,Codec8E,2026-06-27 09:36:28.000 UTC,1782552988000,0,40.1372066,-8.4686099,-77,24,5,78,0,"{""239"":1,""240"":1,""21"":4,""200"":0,""69"":1,""237"":2,""113"":100,""303"":1,""383"":3,""1149"":1,""181"":20,""182"":17,""66"":14552,""24"":78,""206"":48740,""67"":4128,""68"":0,""13"":1428,""17"":-51,""18"":-5,""19"":22,""15"":1000,""241"":26806,""199"":3689,""16"":78917,""12"":10686,""449"":0,""636"":1418804,""1148"":80,""11"":8935106000,""14"":1160700155,""387"":""2b3430313337322e303636372d303038343638362e313030302d3030302e3037372f""}"
2026-07-01T01:37:37Z,862272088542776,Codec8E,2026-06-27 09:36:33.000 UTC,1782552993000,0,40.1380983,-8.4680550,-86,22,5,79,0,"{""239"":1,""240"":1,""21"":4,""200"":0,""69"":1,""237"":2,""113"":100,""303"":1,""383"":3,""1149"":1,""181"":61,""182"":19,""66"":14555,""24"":79,""206"":48740,""67"":4128,""68"":0,""13"":1428,""17"":-9,""18"":-34,""19"":35,""15"":1000,""241"":26806,""199"":3799,""16"":79027,""12"":10686,""449"":0,""636"":1418794,""1148"":80,""11"":8935106000,""14"":1160700155,""387"":""2b3430313338302e393833332d303038343638302e353530302d3030302e3038362f""}"
2026-07-01T01:37:37Z,862272088542776,Codec8E,2026-06-27 09:36:38.000 UTC,1782552998000,0,40.1390533,-8.4676183,-93,20,4,81,0,"{""239"":1,""240"":1,""21"":4,""200"":0,""69"":1,""237"":2,""113"":100,""303"":1,""383"":3,""1149"":1,""181"":22,""182"":19,""66"":14557,""24"":81,""206"":48740,""67"":4128,""68"":0,""13"":1428,""17"":4,""18"":-56,""19"":125,""15"":1000,""241"":26806,""199"":3911,""16"":79139,""12"":10686,""449"":0,""636"":1418794,""1148"":80,""11"":8935106000,""14"":1160700155,""387"":""2b3430313339302e353333332d303038343637362e313833332d3030302e3039332f""}"
2026-07-01T01:37:37Z,862272088542776,Codec8E,2026-06-27 09:36:43.000 UTC,1782553003000,0,40.1399966,-8.4671966,-98,19,4,81,0,"{""239"":1,""240"":1,""21"":4,""200"":0,""69"":1,""237"":2,""113"":100,""303"":1,""383"":3,""1149"":1,""181"":22,""182"":19,""66"":14561,""24"":81,""206"":48740,""67"":4128,""68"":0,""13"":1428,""17"":-146,""18"":8,""19"":77,""15"":1000,""241"":26806,""199"":4022,""16"":79250,""12"":10686,""449"":0,""636"":1418794,""1148"":80,""11"":8935106000,""14"":1160700155,""387"":""2b3430313339392e393636372d303038343637312e393636372d3030302e3039382f""}"
2026-07-01T01:37:39Z,862272088542776,Codec8E,2026-06-27 09:36:48.000 UTC,1782553008000,0,40.1409783,-8.4666983,-102,22,5,85,0,"{""239"":1,""240"":1,""21"":4,""200"":0,""69"":1,""237"":2,""113"":100,""303"":1,""383"":3,""1149"":1,""181"":20,""182"":17,""66"":14556,""24"":85,""206"":48740,""67"":4128,""68"":0,""13"":1428,""17"":-76,""18"":-58,""19"":165,""15"":1000,""241"":26806,""199"":4139,""16"":79367,""12"":10686,""449"":0,""636"":1418794,""1148"":80,""11"":8935106000,""14"":1160700155,""387"":""2b3430313430392e373833332d303038343636362e393833332d3030302e3130322f""}"
2026-07-01T01:37:39Z,862272088542776,Codec8E,2026-06-27 09:36:53.000 UTC,1782553013000,0,40.1419950,-8.4661983,-102,21,5,88,0,"{""239"":1,""240"":1,""21"":4,""200"":0,""69"":1,""237"":2,""113"":100,""303"":1,""383"":3,""1149"":1,""181"":61,""182"":19,""66"":14561,""24"":88,""206"":48740,""67"":4128,""68"":0,""13"":1428,""17"":-56,""18"":-28,""19"":46,""15"":1000,""241"":26806,""199"":4260,""16"":79488,""12"":10686,""449"":0,""636"":1418794,""1148"":80,""11"":8935106000,""14"":1160700155,""387"":""2b3430313431392e393530302d303038343636312e393833332d3030302e3130322f""}"
2026-07-01T01:37:39Z,862272088542776,Codec8E,2026-06-27 09:36:58.000 UTC,1782553018000,0,40.1430316,-8.4656750,-104,22,5,89,0,"{""239"":1,""240"":1,""21"":5,""200"":0,""69"":1,""237"":2,""113"":100,""303"":1,""383"":3,""1149"":1,""181"":61,""182"":19,""66"":14556,""24"":89,""206"":48740,""67"":4128,""68"":0,""13"":1428,""17"":48,""18"":-14,""19"":20,""15"":1000,""241"":26806,""199"":4383,""16"":79611,""12"":10686,""449"":0,""636"":1418794,""1148"":72,""11"":8935106000,""14"":1160700155,""387"":""2b3430313433302e333136372d303038343635362e373530302d3030302e3130342f""}"
2026-07-01T01:37:39Z,862272088542776,Codec8E,2026-06-27 09:37:03.000 UTC,1782553023000,0,40.1439966,-8.4651749,-107,21,5,83,0,"{""239"":1,""240"":1,""21"":5,""200"":0,""69"":1,""237"":2,""113"":100,""303"":1,""383"":3,""1149"":1,""181"":61,""182"":19,""66"":14552,""24"":83,""206"":48740,""67"":4128,""68"":0,""13"":1428,""17"":-2,""18"":-48,""19"":31,""15"":1000,""241"":26806,""199"":4499,""16"":79727,""12"":10686,""449"":0,""636"":1418794,""1148"":72,""11"":8935106000,""14"":1160700155,""387"":""2b3430313433392e393636372d303038343635312e373530302d3030302e3130372f""}"
2026-07-01T01:37:39Z,862272088542776,Codec8E,2026-06-27 09:37:08.000 UTC,1782553028000,0,40.1448100,-8.4647449,-111,24,5,73,0,"{""239"":1,""240"":1,""21"":5,""200"":0,""69"":1,""237"":2,""113"":100,""303"":1,""383"":3,""1149"":1,""181"":20,""182"":17,""66"":14623,""24"":73,""206"":48740,""67"":4128,""68"":0,""13"":1428,""17"":-24,""18"":-21,""19"":19,""15"":1000,""241"":26806,""199"":4596,""16"":79824,""12"":10686,""449"":0,""636"":1418794,""1148"":72,""11"":8935106000,""14"":1160700155,""387"":""2b3430313434382e313030302d303038343634372e343530302d3030302e3131312f""}"
2026-07-01T01:37:42Z,862272088542776,Codec8E,2026-06-27 09:37:14.000 UTC,1782553034000,0,40.1456983,-8.4642333,-117,24,5,66,0,"{""239"":1,""240"":1,""21"":5,""200"":0,""69"":1,""237"":2,""113"":100,""303"":1,""383"":3,""1149"":1,""181"":20,""182"":17,""66"":14593,""24"":66,""206"":48740,""67"":4128,""68"":0,""13"":1428,""17"":123,""18"":-26,""19"":-1,""15"":1000,""241"":26806,""199"":4704,""16"":79932,""12"":10686,""449"":0,""636"":1418794,""1148"":72,""11"":8935106000,""14"":1160700155,""387"":""2b3430313435362e393833332d303038343634322e333333332d3030302e3131372f""}"
2026-07-01T01:37:42Z,862272088542776,Codec8E,2026-06-27 09:37:19.000 UTC,1782553039000,0,40.1462516,-8.4638550,-119,30,5,54,0,"{""239"":1,""240"":1,""21"":5,""200"":0,""69"":1,""237"":2,""113"":100,""303"":1,""383"":3,""1149"":1,""181"":20,""182"":17,""66"":14579,""24"":54,""206"":48740,""67"":4128,""68"":0,""13"":1428,""17"":135,""18"":198,""19"":36,""15"":1000,""241"":26806,""199"":4774,""16"":80002,""12"":10686,""449"":0,""636"":1418795,""1148"":72,""11"":8935106000,""14"":1160700155,""387"":""2b3430313436322e353136372d303038343633382e353530302d3030302e3131392f""}"
2026-07-01T01:37:42Z,862272088542776,Codec8E,2026-06-27 09:37:22.000 UTC,1782553042000,0,40.1464133,-8.4636000,-122,55,5,42,0,"{""239"":1,""240"":1,""21"":5,""200"":0,""69"":1,""237"":2,""113"":100,""303"":1,""383"":3,""1149"":1,""181"":61,""182"":19,""66"":14607,""24"":42,""206"":48740,""67"":4128,""68"":0,""13"":1428,""17"":-65,""18"":334,""19"":64,""15"":1000,""241"":26806,""199"":4803,""16"":80031,""12"":10686,""449"":0,""636"":1418795,""1148"":72,""11"":8935106000,""14"":1160700155,""387"":""2b3430313436342e313333332d303038343633362e303030302d3030302e3132322f""}"
2026-07-01T01:37:42Z,862272088542776,Codec8E,2026-06-27 09:37:23.000 UTC,1782553043000,0,40.1464233,-8.4635233,-122,71,5,38,0,"{""239"":1,""240"":1,""21"":5,""200"":0,""69"":1,""237"":2,""113"":100,""303"":1,""383"":3,""1149"":1,""181"":20,""182"":17,""66"":14562,""24"":38,""206"":48740,""67"":4128,""68"":0,""13"":1428,""17"":-111,""18"":281,""19"":32,""15"":1000,""241"":26806,""199"":4809,""16"":80037,""12"":10686,""449"":0,""636"":1418795,""1148"":72,""11"":8935106000,""14"":1160700155,""387"":""2b3430313436342e323333332d303038343633352e323333332d3030302e3132322f""}"
2026-07-01T01:37:42Z,862272088542776,Codec8E,2026-06-27 09:37:24.000 UTC,1782553044000,0,40.1464050,-8.4634416,-123,94,5,34,0,"{""239"":1,""240"":1,""21"":5,""200"":0,""69"":1,""237"":2,""113"":100,""303"":1,""383"":3,""1149"":1,""181"":20,""182"":17,""66"":14555,""24"":34,""206"":48740,""67"":4128,""68"":0,""13"":1428,""17"":-113,""18"":269,""19"":6,""15"":1000,""241"":26806,""199"":4816,""16"":80044,""12"":10686,""449"":0,""636"":1418795,""1148"":72,""11"":8935106000,""14"":1160700155,""387"":""2b3430313436342e303530302d303038343633342e343136372d3030302e3132332f""}"
2026-07-01T01:37:44Z,862272088542776,Codec8E,2026-06-27 09:37:25.000 UTC,1782553045000,0,40.1463616,-8.4633666,-124,115,5,32,0,"{""239"":1,""240"":1,""21"":5,""200"":0,""69"":1,""237"":2,""113"":100,""303"":1,""383"":3,""1149"":1,""181"":20,""182"":17,""66"":14631,""24"":32,""206"":48740,""67"":4128,""68"":0,""13"":1428,""17"":-94,""18"":286,""19"":48,""15"":1000,""241"":26806,""199"":4824,""16"":80052,""12"":10686,""449"":0,""636"":1418795,""1148"":72,""11"":8935106000,""14"":1160700155,""387"":""2b3430313436332e363136372d303038343633332e363636372d3030302e3132342f""}"
2026-07-01T01:37:44Z,862272088542776,Codec8E,2026-06-27 09:37:26.000 UTC,1782553046000,0,40.1463050,-8.4633083,-125,132,5,31,0,"{""239"":1,""240"":1,""21"":5,""200"":0,""69"":1,""237"":2,""113"":100,""303"":1,""383"":3,""1149"":1,""181"":20,""182"":17,""66"":14560,""24"":31,""206"":48740,""67"":4128,""68"":0,""13"":1428,""17"":-75,""18"":320,""19"":23,""15"":1000,""241"":26806,""199"":4832,""16"":80060,""12"":10686,""449"":0,""636"":1418795,""1148"":72,""11"":8935106000,""14"":1160700155,""387"":""2b3430313436332e303530302d303038343633332e303833332d3030302e3132352f""}"
2026-07-01T01:37:44Z,862272088542776,Codec8E,2026-06-27 09:37:29.000 UTC,1782553049000,0,40.1461100,-8.4632566,-127,176,5,28,0,"{""239"":1,""240"":1,""21"":5,""200"":0,""69"":1,""237"":2,""113"":100,""303"":1,""383"":3,""1149"":1,""181"":61,""182"":19,""66"":14610,""24"":28,""206"":48740,""67"":4128,""68"":0,""13"":1428,""17"":33,""18"":334,""19"":104,""15"":1000,""241"":26806,""199"":4857,""16"":80085,""12"":10686,""449"":0,""636"":1418795,""1148"":73,""11"":8935106000,""14"":1160700155,""387"":""2b3430313436312e313030302d303038343633322e353636372d3030302e3132372f""}"
2026-07-01T01:37:44Z,862272088542776,Codec8E,2026-06-27 09:37:30.000 UTC,1782553050000,0,40.1460200,-8.4633200,-128,197,5,29,0,"{""239"":1,""240"":1,""21"":5,""200"":0,""69"":1,""237"":2,""113"":100,""303"":1,""383"":3,""1149"":1,""181"":61,""182"":19,""66"":14553,""24"":29,""206"":48740,""67"":4128,""68"":0,""13"":1428,""17"":8,""18"":132,""19"":43,""15"":1000,""241"":26806,""199"":4869,""16"":80097,""12"":10686,""449"":0,""636"":1418795,""1148"":73,""11"":8935106000,""14"":1160700155,""387"":""2b3430313436302e323030302d303038343633332e323030302d3030302e3132382f""}"
2026-07-01T01:37:44Z,862272088542776,Codec8E,2026-06-27 09:37:32.000 UTC,1782553052000,0,40.1458666,-8.4634500,-130,209,5,31,0,"{""239"":1,""240"":1,""21"":5,""200"":0,""69"":1,""237"":2,""113"":100,""303"":1,""383"":3,""1149"":1,""181"":61,""182"":19,""66"":14570,""24"":31,""206"":48740,""67"":4128,""68"":0,""13"":1428,""17"":180,""18"":-162,""19"":144,""15"":1000,""241"":26806,""199"":4889,""16"":80117,""12"":10686,""449"":0,""636"":1418795,""1148"":73,""11"":8935106000,""14"":1160700155,""387"":""2b3430313435382e363636372d303038343633342e353030302d3030302e3133302f""}"
2026-07-01T01:37:46Z,862272088542776,Codec8E,2026-06-27 09:37:37.000 UTC,1782553057000,0,40.1455833,-8.4636700,-134,185,5,26,0,"{""239"":1,""240"":1,""21"":5,""200"":0,""69"":1,""237"":2,""113"":100,""303"":1,""383"":3,""1149"":1,""181"":20,""182"":17,""66"":14554,""24"":26,""206"":48740,""67"":4128,""68"":0,""13"":1428,""17"":-64,""18"":-335,""19"":34,""15"":1000,""241"":26806,""199"":4929,""16"":80157,""12"":10686,""449"":0,""636"":1418795,""1148"":73,""11"":8935106000,""14"":1160700155,""387"":""2b3430313435352e383333332d303038343633362e373030302d3030302e3133342f""}"
2026-07-01T01:37:46Z,862272088542776,Codec8E,2026-06-27 09:37:38.000 UTC,1782553058000,0,40.1455399,-8.4636400,-134,163,5,23,0,"{""239"":1,""240"":1,""21"":5,""200"":0,""69"":1,""237"":2,""113"":100,""303"":1,""383"":3,""1149"":1,""181"":20,""182"":17,""66"":14550,""24"":23,""206"":48740,""67"":4128,""68"":0,""13"":1428,""17"":-92,""18"":-383,""19"":37,""15"":1000,""241"":26806,""199"":4935,""16"":80163,""12"":10686,""449"":0,""636"":1418795,""1148"":73,""11"":8935106000,""14"":1160700155,""387"":""2b3430313435352e343030302d303038343633362e343030302d3030302e3133342f""}"
2026-07-01T01:37:46Z,862272088542776,Codec8E,2026-06-27 09:37:39.000 UTC,1782553059000,0,40.1455066,-8.4635766,-135,134,5,22,0,"{""239"":1,""240"":1,""21"":5,""200"":0,""69"":1,""237"":2,""113"":100,""303"":1,""383"":3,""1149"":1,""181"":61,""182"":19,""66"":14552,""24"":22,""206"":48740,""67"":4128,""68"":0,""13"":1428,""17"":-133,""18"":-314,""19"":115,""15"":1000,""241"":26806,""199"":4941,""16"":80169,""12"":10686,""449"":0,""636"":1418795,""1148"":73,""11"":8935106000,""14"":1160700155,""387"":""2b3430313435352e303636372d303038343633352e373636372d3030302e3133352f""}"
2026-07-01T01:37:46Z,862272088542776,Codec8E,2026-06-27 09:37:40.000 UTC,1782553060000,0,40.1454883,-8.4634950,-135,113,5,22,0,"{""239"":1,""240"":1,""21"":5,""200"":0,""69"":1,""237"":2,""113"":100,""303"":1,""383"":3,""1149"":1,""181"":61,""182"":19,""66"":14606,""24"":22,""206"":48740,""67"":4128,""68"":0,""13"":1428,""17"":-97,""18"":-97,""19"":104,""15"":1000,""241"":26806,""199"":4948,""16"":80176,""12"":10686,""449"":0,""636"":1418795,""1148"":73,""11"":8935106000,""14"":1160700155,""387"":""2b3430313435342e383833332d303038343633342e393530302d3030302e3133352f""}"
2026-07-01T01:37:46Z,862272088542776,Codec8E,2026-06-27 09:37:41.000 UTC,1782553061000,0,40.1454883,-8.4634083,-136,98,5,23,0,"{""239"":1,""240"":1,""21"":5,""200"":0,""69"":1,""237"":2,""113"":100,""303"":1,""383"":3,""1149"":1,""181"":20,""182"":17,""66"":14563,""24"":23,""206"":48740,""67"":4128,""68"":0,""13"":1428,""17"":-184,""18"":88,""19"":90,""15"":1000,""241"":26806,""199"":4956,""16"":80184,""12"":10686,""449"":0,""636"":1418795,""1148"":73,""11"":8935106000,""14"":1160700155,""387"":""2b3430313435342e383833332d303038343633342e303833332d3030302e3133362f""}"
2026-07-01T01:37:55Z,862272088542776,Codec8E,2026-06-27 09:37:42.000 UTC,1782553062000,0,40.1454983,-8.4633150,-136,88,5,24,0,"{""239"":1,""240"":1,""21"":5,""200"":0,""69"":1,""237"":2,""113"":100,""303"":1,""383"":3,""1149"":1,""181"":61,""182"":19,""66"":14551,""24"":24,""206"":48740,""67"":4128,""68"":0,""13"":1428,""17"":-134,""18"":111,""19"":36,""15"":1000,""241"":26806,""199"":4964,""16"":80192,""12"":10686,""449"":0,""636"":1418795,""1148"":73,""11"":8935106000,""14"":1160700155,""387"":""2b3430313435342e393833332d303038343633332e313530302d3030302e3133362f""}"
2026-07-01T01:37:55Z,862272088542776,Codec8E,2026-06-27 09:37:46.000 UTC,1782553066000,0,40.1455799,-8.4628783,-138,72,5,31,0,"{""239"":1,""240"":1,""21"":5,""200"":0,""69"":1,""237"":2,""113"":100,""303"":1,""383"":3,""1149"":1,""181"":62,""182"":19,""66"":14554,""24"":31,""206"":48740,""67"":4128,""68"":0,""13"":1428,""17"":-176,""18"":-233,""19"":52,""15"":1000,""241"":26806,""199"":5002,""16"":80230,""12"":10686,""449"":0,""636"":1418795,""1148"":73,""11"":8935106000,""14"":1160700155,""387"":""2b3430313435352e383030302d303038343632382e373833332d3030302e3133382f""}"
2026-07-01T01:37:55Z,862272088542776,Codec8E,2026-06-27 09:37:47.000 UTC,1782553067000,0,40.1456499,-8.4627766,-139,58,5,33,0,"{""239"":1,""240"":1,""21"":5,""200"":0,""69"":1,""237"":2,""113"":100,""303"":1,""383"":3,""1149"":1,""181"":62,""182"":19,""66"":14600,""24"":33,""206"":48740,""67"":4128,""68"":0,""13"":1428,""17"":-201,""18"":-86,""19"":17,""15"":1000,""241"":26806,""199"":5014,""16"":80242,""12"":10686,""449"":0,""636"":1418795,""1148"":73,""11"":8935106000,""14"":1160700155,""387"":""2b3430313435362e353030302d303038343632372e373636372d3030302e3133392f""}"
2026-07-01T01:37:55Z,862272088542776,Codec8E,2026-06-27 09:37:49.000 UTC,1782553069000,0,40.1457950,-8.4625999,-140,44,5,37,0,"{""239"":1,""240"":1,""21"":5,""200"":0,""69"":1,""237"":2,""113"":100,""303"":1,""383"":3,""1149"":1,""181"":62,""182"":19,""66"":14549,""24"":37,""206"":48740,""67"":4128,""68"":0,""13"":1428,""17"":-195,""18"":-38,""19"":86,""15"":1000,""241"":26806,""199"":5036,""16"":80264,""12"":10686,""449"":0,""636"":1418795,""1148"":73,""11"":8935106000,""14"":1160700155,""387"":""2b3430313435372e393530302d303038343632362e303030302d3030302e3134302f""}"
2026-07-01T01:37:55Z,862272088542776,Codec8E,2026-06-27 09:37:56.000 UTC,1782553076000,0,40.1463583,-8.4619383,-143,61,5,43,0,"{""239"":1,""240"":1,""21"":5,""200"":0,""69"":1,""237"":2,""113"":100,""303"":1,""383"":3,""1149"":1,""181"":62,""182"":19,""66"":14555,""24"":43,""206"":48740,""67"":4128,""68"":0,""13"":1428,""17"":-28,""18"":158,""19"":35,""15"":1000,""241"":26806,""199"":5121,""16"":80349,""12"":10686,""449"":0,""636"":1418795,""1148"":73,""11"":8935106000,""14"":1160700155,""387"":""2b3430313436332e353833332d303038343631392e333833332d3030302e3134332f""}"
2026-07-01T01:37:59Z,862272088542776,Codec8E,2026-06-27 09:37:58.000 UTC,1782553078000,0,40.1464383,-8.4616700,-143,73,5,43,0,"{""239"":1,""240"":1,""21"":5,""200"":0,""69"":1,""237"":2,""113"":100,""303"":1,""383"":3,""1149"":1,""181"":20,""182"":17,""66"":14606,""24"":43,""206"":48740,""67"":4128,""68"":0,""13"":1428,""17"":-147,""18"":187,""19"":127,""15"":1000,""241"":26806,""199"":5146,""16"":80374,""12"":10686,""449"":0,""636"":1418795,""1148"":73,""11"":8935106000,""14"":1160700155,""387"":""2b3430313436342e333833332d303038343631362e373030302d3030302e3134332f""}"
2026-07-01T01:37:59Z,862272088542776,Codec8E,2026-06-27 09:38:00.000 UTC,1782553080000,0,40.1464399,-8.4614350,-144,89,5,41,0,"{""239"":1,""240"":1,""21"":5,""200"":0,""69"":1,""237"":2,""113"":100,""303"":1,""383"":3,""1149"":1,""181"":20,""182"":17,""66"":14560,""24"":41,""206"":48740,""67"":4128,""68"":0,""13"":1428,""17"":-151,""18"":-77,""19"":125,""15"":1000,""241"":26806,""199"":5166,""16"":80394,""12"":10686,""449"":0,""636"":1418795,""1148"":73,""11"":8935106000,""14"":1160700155,""387"":""2b3430313436342e343030302d303038343631342e333530302d3030302e3134342f""}"
2026-07-01T01:37:59Z,862272088542776,Codec8E,2026-06-27 09:38:02.000 UTC,1782553082000,0,40.1463766,-8.4612083,-145,107,5,39,0,"{""239"":1,""240"":1,""21"":5,""200"":0,""69"":1,""237"":2,""113"":100,""303"":1,""383"":3,""1149"":1,""181"":20,""182"":17,""66"":14582,""24"":39,""206"":48740,""67"":4128,""68"":0,""13"":1428,""17"":-74,""18"":52,""19"":65,""15"":1000,""241"":26806,""199"":5186,""16"":80414,""12"":10686,""449"":0,""636"":1418795,""1148"":73,""11"":8935106000,""14"":1160700155,""387"":""2b3430313436332e373636372d303038343631322e303833332d3030302e3134352f""}"
2026-07-01T01:37:59Z,862272088542776,Codec8E,2026-06-27 09:38:11.000 UTC,1782553091000,0,40.1460616,-8.4600816,-150,109,5,39,0,"{""239"":1,""240"":1,""21"":5,""200"":0,""69"":1,""237"":2,""113"":100,""303"":1,""383"":3,""1149"":1,""181"":62,""182"":19,""66"":14588,""24"":39,""206"":48740,""67"":4128,""68"":0,""13"":1428,""17"":39,""18"":8,""19"":104,""15"":1000,""241"":26806,""199"":5289,""16"":80517,""12"":10686,""449"":0,""636"":1418795,""1148"":73,""11"":8935106000,""14"":1160700155,""387"":""2b3430313436302e363136372d303038343630302e383136372d3030302e3135302f""}"
2026-07-01T01:37:59Z,862272088542776,Codec8E,2026-06-27 09:38:15.000 UTC,1782553095000,0,40.1458950,-8.4594800,-153,119,5,43,0,"{""239"":1,""240"":1,""21"":5,""200"":0,""69"":1,""237"":2,""113"":100,""303"":1,""383"":3,""1149"":1,""181"":62,""182"":19,""66"":14553,""24"":43,""206"":48740,""67"":4128,""68"":0,""13"":1428,""17"":19,""18"":231,""19"":60,""15"":1000,""241"":26806,""199"":5343,""16"":80571,""12"":10686,""449"":0,""636"":1418795,""1148"":73,""11"":8935106000,""14"":1160700155,""387"":""2b3430313435382e393530302d303038343539342e383030302d3030302e3135332f""}"
2026-07-01T01:38:06Z,862272088542776,Codec8E,2026-06-27 09:38:17.000 UTC,1782553097000,0,40.1457416,-8.4592449,-155,133,5,44,0,"{""239"":1,""240"":1,""21"":5,""200"":0,""69"":1,""237"":2,""113"":100,""303"":1,""383"":3,""1149"":1,""181"":62,""182"":19,""66"":14566,""24"":44,""206"":48740,""67"":4128,""68"":0,""13"":1428,""17"":-18,""18"":45,""19"":98,""15"":1000,""241"":26806,""199"":5370,""16"":80598,""12"":10686,""449"":0,""636"":1418793,""1148"":73,""11"":8935106000,""14"":1160700155,""387"":""2b3430313435372e343136372d303038343539322e343530302d3030302e3135352f""}"
2026-07-01T01:38:06Z,862272088542776,Codec8E,2026-06-27 09:38:19.000 UTC,1782553099000,0,40.1455900,-8.4591050,-156,144,5,41,0,"{""239"":1,""240"":1,""21"":5,""200"":0,""69"":1,""237"":2,""113"":100,""303"":1,""383"":3,""1149"":1,""181"":62,""182"":19,""66"":14554,""24"":41,""206"":48740,""67"":4128,""68"":0,""13"":1428,""17"":104,""18"":-77,""19"":30,""15"":1000,""241"":26806,""199"":5390,""16"":80618,""12"":10686,""449"":0,""636"":1418793,""1148"":73,""11"":8935106000,""14"":1160700155,""387"":""2b3430313435352e393030302d303038343539312e303530302d3030302e3135362f""}"
2026-07-01T01:38:06Z,862272088542776,Codec8E,2026-06-27 09:38:23.000 UTC,1782553103000,0,40.1454333,-8.4589633,-158,144,5,27,0,"{""239"":1,""240"":1,""21"":5,""200"":0,""69"":1,""237"":2,""113"":100,""303"":1,""383"":3,""1149"":1,""181"":62,""182"":19,""66"":14569,""24"":27,""206"":48740,""67"":4128,""68"":0,""13"":1428,""17"":42,""18"":-50,""19"":-2,""15"":1000,""241"":26806,""199"":5412,""16"":80640,""12"":10686,""449"":0,""636"":1418793,""1148"":73,""11"":8935106000,""14"":1160700155,""387"":""2b3430313435342e333333332d303038343538392e363333332d3030302e3135382f""}"
2026-07-01T01:38:06Z,862272088542776,Codec8E,2026-06-27 09:38:24.000 UTC,1782553104000,0,40.1454249,-8.4589266,-159,116,5,23,0,"{""239"":1,""240"":1,""21"":5,""200"":0,""69"":1,""237"":2,""113"":100,""303"":1,""383"":3,""1149"":1,""181"":20,""182"":17,""66"":14625,""24"":23,""206"":48740,""67"":4128,""68"":0,""13"":1428,""17"":53,""18"":-20,""19"":71,""15"":1000,""241"":26806,""199"":5415,""16"":80643,""12"":10686,""449"":0,""636"":1418793,""1148"":73,""11"":8935106000,""14"":1160700155,""387"":""2b3430313435342e323530302d303038343538392e323636372d3030302e3135392f""}"
2026-07-01T01:38:06Z,862272088542776,Codec8E,2026-06-27 09:38:26.000 UTC,1782553106000,0,40.1454300,-8.4589216,-161,116,5,12,0,"{""239"":1,""240"":1,""21"":5,""200"":0,""69"":1,""237"":2,""113"":100,""303"":1,""383"":3,""1149"":1,""181"":20,""182"":17,""66"":14568,""24"":12,""206"":48740,""67"":4128,""68"":0,""13"":1428,""17"":-31,""18"":-14,""19"":5,""15"":1000,""241"":26806,""199"":5415,""16"":80643,""12"":10686,""449"":0,""636"":1418793,""1148"":73,""11"":8935106000,""14"":1160700155,""387"":""2b3430313435342e333030302d303038343538392e323136372d3030302e3136312f""}"
2026-07-01T01:38:07Z,862272088542776,Codec8E,2026-06-27 09:38:31.000 UTC,1782553111000,0,40.1454249,-8.4589133,-161,116,5,2,0,"{""239"":1,""240"":1,""21"":5,""200"":0,""69"":1,""237"":2,""113"":100,""303"":1,""383"":3,""1149"":1,""181"":20,""182"":17,""66"":14571,""24"":2,""206"":48740,""67"":4128,""68"":0,""13"":1428,""17"":-67,""18"":-9,""19"":23,""15"":1000,""241"":26806,""199"":5415,""16"":80643,""12"":10686,""449"":0,""636"":1418793,""1148"":61,""11"":8935106000,""14"":1160700155,""387"":""2b3430313435342e323530302d303038343538392e313333332d3030302e3136312f""}"
2026-07-01T01:38:07Z,862272088542776,Codec8E,2026-06-27 09:38:55.000 UTC,1782553135000,0,40.1456716,-8.4588233,-176,307,5,0,303,"{""239"":1,""240"":1,""21"":5,""200"":0,""69"":1,""237"":2,""113"":100,""303"":0,""383"":3,""1149"":1,""181"":20,""182"":17,""66"":14604,""24"":0,""206"":48740,""67"":4128,""68"":0,""13"":1428,""17"":-12,""18"":-21,""19"":6,""15"":1000,""241"":26806,""199"":5444,""16"":80672,""12"":10686,""449"":0,""636"":1418793,""1148"":61,""11"":8935106000,""14"":1160700155,""387"":""2b3430313435362e373136372d303038343538382e323333332d3030302e3137362f""}"
2026-07-01T01:38:07Z,862272088542776,Codec8E,2026-06-27 09:39:05.000 UTC,1782553145000,0,40.1456716,-8.4588233,-176,307,5,0,303,"{""239"":1,""240"":1,""21"":5,""200"":0,""69"":1,""237"":2,""113"":100,""303"":1,""383"":3,""1149"":1,""181"":20,""182"":17,""66"":14596,""24"":0,""206"":48740,""67"":4128,""68"":0,""13"":1377,""17"":-10,""18"":-27,""19"":7,""15"":1000,""241"":26806,""199"":5444,""16"":80672,""12"":10689,""449"":0,""636"":1418793,""1148"":63,""11"":8935106000,""14"":1160700155,""387"":""2b3430313435362e373136372d303038343538382e323333332d3030302e3137362f""}"
2026-07-01T01:38:07Z,862272088542776,Codec8E,2026-06-27 09:39:13.000 UTC,1782553153000,0,40.1456716,-8.4588233,-176,307,5,0,303,"{""239"":1,""240"":1,""21"":5,""200"":0,""69"":1,""237"":2,""113"":100,""303"":0,""383"":3,""1149"":1,""181"":20,""182"":17,""66"":14593,""24"":0,""206"":48740,""67"":4128,""68"":0,""13"":1377,""17"":-15,""18"":-24,""19"":4,""15"":1000,""241"":26806,""199"":5444,""16"":80672,""12"":10691,""449"":0,""636"":1418793,""1148"":63,""11"":8935106000,""14"":1160700155,""387"":""2b3430313435362e373136372d303038343538382e323333332d3030302e3137362f""}"
2026-07-01T01:38:07Z,862272088542776,Codec8E,2026-06-27 09:39:43.000 UTC,1782553183000,0,40.1456649,-8.4589533,-178,307,9,0,239,"{""239"":0,""240"":1,""21"":5,""200"":0,""69"":1,""237"":2,""113"":100,""303"":0,""383"":3,""1149"":1,""181"":13,""182"":10,""66"":13142,""24"":0,""206"":48740,""67"":4128,""68"":0,""13"":1378,""17"":-16,""18"":-28,""19"":4,""15"":1000,""241"":26806,""199"":5444,""16"":80672,""12"":10699,""449"":0,""636"":1418793,""1148"":57,""11"":8935106000,""14"":1160700155,""387"":""2b3430313435362e363530302d303038343538392e353333332d3030302e3137382f""}"
2026-07-01T01:38:08Z,862272088542776,Codec8E,2026-06-27 09:40:13.000 UTC,1782553213000,0,40.1450183,-8.4584800,-6,19,10,0,240,"{""239"":0,""240"":0,""21"":5,""200"":0,""69"":1,""237"":2,""113"":100,""303"":0,""383"":3,""1149"":1,""181"":12,""182"":9,""66"":12831,""24"":0,""206"":48740,""67"":4128,""68"":0,""13"":1378,""17"":-18,""18"":-22,""19"":4,""15"":1000,""241"":26806,""199"":5444,""16"":80672,""12"":10699,""449"":0,""636"":1418793,""1148"":57,""11"":8935106000,""14"":1160700155,""387"":""2b3430313435302e313833332d303038343538342e383030302d3030302e3030362f""}"
2026-07-01T01:38:08Z,862272088542776,Codec8E,2026-06-27 09:42:06.000 UTC,1782553326000,0,40.1450183,-8.4584800,25,19,11,0,239,"{""239"":1,""240"":0,""21"":5,""200"":0,""69"":1,""237"":2,""113"":100,""303"":0,""383"":3,""1149"":1,""181"":12,""182"":9,""66"":14699,""24"":0,""206"":48740,""67"":4128,""68"":0,""13"":1378,""17"":-10,""18"":-27,""19"":10,""15"":1000,""241"":26806,""199"":0,""16"":80672,""12"":10699,""449"":0,""636"":1418793,""1148"":57,""11"":8935106000,""14"":1160700155,""387"":""2b3430313435302e313833332d303038343538342e383030302b3030302e3032352f""}"
2026-07-01T01:38:08Z,862272088542776,Codec8E,2026-06-27 09:43:19.000 UTC,1782553399000,0,40.1450183,-8.4584800,29,19,10,0,303,"{""239"":1,""240"":0,""21"":5,""200"":0,""69"":1,""237"":2,""113"":100,""303"":1,""383"":3,""1149"":1,""181"":13,""182"":10,""66"":14541,""24"":0,""206"":48740,""67"":4128,""68"":0,""13"":1381,""17"":41,""18"":-17,""19"":8,""15"":1000,""241"":26806,""199"":0,""16"":80672,""12"":10719,""449"":0,""636"":1418793,""1148"":66,""11"":8935106000,""14"":1160700155,""387"":""2b3430313435302e313833332d303038343538342e383030302b3030302e3032392f""}"
2026-07-01T01:38:08Z,862272088542776,Codec8E,2026-06-27 09:43:20.000 UTC,1782553400000,0,40.1449300,-8.4588116,29,235,10,3,240,"{""239"":1,""240"":1,""21"":5,""200"":0,""69"":1,""237"":2,""113"":100,""303"":1,""383"":3,""1149"":1,""181"":13,""182"":10,""66"":14537,""24"":3,""206"":48740,""67"":4128,""68"":0,""13"":1381,""17"":88,""18"":57,""19"":18,""15"":1000,""241"":26806,""199"":0,""16"":80672,""12"":10720,""449"":0,""636"":1418793,""1148"":66,""11"":8935106000,""14"":1160700155,""387"":""2b3430313434392e333030302d303038343538382e313136372b3030302e3032392f""}"
2026-07-01T01:38:08Z,862272088542776,Codec8E,2026-06-27 09:43:26.000 UTC,1782553406000,0,40.1450266,-8.4588950,30,333,10,6,0,"{""239"":1,""240"":1,""21"":5,""200"":0,""69"":1,""237"":2,""113"":100,""303"":1,""383"":3,""1149"":1,""181"":13,""182"":10,""66"":14548,""24"":6,""206"":48740,""67"":4128,""68"":0,""13"":1381,""17"":-131,""18"":-9,""19"":-3,""15"":1000,""241"":26806,""199"":3,""16"":80749,""12"":10720,""449"":0,""636"":1418793,""1148"":66,""11"":8935106000,""14"":1160700155,""387"":""2b3430313435302e323636372d303038343538382e393530302b3030302e3033302f""}"
2026-07-01T01:38:09Z,862272088542776,Codec8E,2026-06-27 09:43:31.000 UTC,1782553411000,0,40.1452416,-8.4590316,32,336,10,16,0,"{""239"":1,""240"":1,""21"":4,""200"":0,""69"":1,""237"":2,""113"":100,""303"":1,""383"":3,""1149"":1,""181"":13,""182"":9,""66"":14544,""24"":16,""206"":48740,""67"":4128,""68"":0,""13"":1381,""17"":-64,""18"":-111,""19"":67,""15"":1000,""241"":26806,""199"":30,""16"":80776,""12"":10720,""449"":0,""636"":1418793,""1148"":77,""11"":8935106000,""14"":1160700155,""387"":""2b3430313435322e343136372d303038343539302e333136372b3030302e3033322f""}"
2026-07-01T01:38:09Z,862272088542776,Codec8E,2026-06-27 09:43:35.000 UTC,1782553415000,0,40.1454533,-8.4592466,33,318,11,23,0,"{""239"":1,""240"":1,""21"":4,""200"":0,""69"":1,""237"":2,""113"":100,""303"":1,""383"":3,""1149"":1,""181"":12,""182"":9,""66"":14550,""24"":23,""206"":48740,""67"":4128,""68"":0,""13"":1381,""17"":-72,""18"":-212,""19"":29,""15"":1000,""241"":26806,""199"":60,""16"":80806,""12"":10720,""449"":0,""636"":1418793,""1148"":77,""11"":8935106000,""14"":1160700155,""387"":""2b3430313435342e353333332d303038343539322e343636372b3030302e3033332f""}"
2026-07-01T01:38:09Z,862272088542776,Codec8E,2026-06-27 09:43:37.000 UTC,1782553417000,0,40.1455516,-8.4594233,34,308,11,26,0,"{""239"":1,""240"":1,""21"":4,""200"":0,""69"":1,""237"":2,""113"":100,""303"":1,""383"":3,""1149"":1,""181"":12,""182"":9,""66"":14551,""24"":26,""206"":48740,""67"":4128,""68"":0,""13"":1381,""17"":-95,""18"":-38,""19"":143,""15"":1000,""241"":26806,""199"":79,""16"":80825,""12"":10720,""449"":0,""636"":1418793,""1148"":77,""11"":8935106000,""14"":1160700155,""387"":""2b3430313435352e353136372d303038343539342e323333332b3030302e3033342f""}"
2026-07-01T01:38:09Z,862272088542776,Codec8E,2026-06-27 09:43:40.000 UTC,1782553420000,0,40.1456850,-8.4597350,36,297,11,30,0,"{""239"":1,""240"":1,""21"":4,""200"":0,""69"":1,""237"":2,""113"":100,""303"":1,""383"":3,""1149"":1,""181"":20,""182"":10,""66"":14565,""24"":30,""206"":48740,""67"":4128,""68"":0,""13"":1381,""17"":-67,""18"":-74,""19"":98,""15"":1000,""241"":26806,""199"":109,""16"":80855,""12"":10720,""449"":0,""636"":1418793,""1148"":77,""11"":8935106000,""14"":1160700155,""387"":""2b3430313435362e383530302d303038343539372e333530302b3030302e3033362f""}"
2026-07-01T01:38:09Z,862272088542776,Codec8E,2026-06-27 09:43:47.000 UTC,1782553427000,0,40.1459300,-8.4605399,39,287,10,34,0,"{""239"":1,""240"":1,""21"":4,""200"":0,""69"":1,""237"":2,""113"":100,""303"":1,""383"":3,""1149"":1,""181"":13,""182"":10,""66"":14552,""24"":34,""206"":48740,""67"":4128,""68"":0,""13"":1381,""17"":-11,""18"":20,""19"":34,""15"":1000,""241"":26806,""199"":183,""16"":80929,""12"":10720,""449"":0,""636"":1418793,""1148"":77,""11"":8935106000,""14"":1160700155,""387"":""2b3430313435392e333030302d303038343630352e343030302b3030302e3033392f""}"
2026-07-01T01:38:11Z,862272088542776,Codec8E,2026-06-27 09:43:49.000 UTC,1782553429000,0,40.1459500,-8.4607966,40,277,9,35,0,"{""239"":1,""240"":1,""21"":4,""200"":0,""69"":1,""237"":2,""113"":100,""303"":1,""383"":3,""1149"":1,""181"":14,""182"":11,""66"":14544,""24"":35,""206"":48740,""67"":4128,""68"":0,""13"":1381,""17"":-41,""18"":103,""19"":102,""15"":1000,""241"":26806,""199"":205,""16"":80951,""12"":10720,""449"":0,""636"":1418793,""1148"":77,""11"":8935106000,""14"":1160700155,""387"":""2b3430313435392e353030302d303038343630372e393636372b3030302e3034302f""}"
2026-07-01T01:38:11Z,862272088542776,Codec8E,2026-06-27 09:43:58.000 UTC,1782553438000,0,40.1461050,-8.4618966,43,265,9,37,0,"{""239"":1,""240"":1,""21"":4,""200"":0,""69"":1,""237"":2,""113"":100,""303"":1,""383"":3,""1149"":1,""181"":23,""182"":12,""66"":14552,""24"":37,""206"":48740,""67"":4128,""68"":0,""13"":1381,""17"":55,""18"":-219,""19"":130,""15"":1000,""241"":26806,""199"":301,""16"":81047,""12"":10720,""449"":0,""636"":1418793,""1148"":77,""11"":8935106000,""14"":1160700155,""387"":""2b3430313436312e303530302d303038343631382e393636372b3030302e3034332f""}"
2026-07-01T01:38:11Z,862272088542776,Codec8E,2026-06-27 09:43:59.000 UTC,1782553439000,0,40.1460583,-8.4619983,43,255,9,36,0,"{""239"":1,""240"":1,""21"":4,""200"":0,""69"":1,""237"":2,""113"":100,""303"":1,""383"":3,""1149"":1,""181"":14,""182"":11,""66"":14552,""24"":36,""206"":48740,""67"":4128,""68"":0,""13"":1381,""17"":0,""18"":-229,""19"":0,""15"":1000,""241"":26806,""199"":311,""16"":81057,""12"":10720,""449"":0,""636"":1418793,""1148"":77,""11"":8935106000,""14"":1160700155,""387"":""2b3430313436302e353833332d303038343631392e393833332b3030302e3034332f""}"
2026-07-01T01:38:11Z,862272088542776,Codec8E,2026-06-27 09:44:02.000 UTC,1782553442000,0,40.1459183,-8.4622933,43,242,9,35,0,"{""239"":1,""240"":1,""21"":4,""200"":0,""69"":1,""237"":2,""113"":100,""303"":1,""383"":3,""1149"":1,""181"":13,""182"":10,""66"":14552,""24"":35,""206"":48740,""67"":4128,""68"":0,""13"":1381,""17"":-30,""18"":-140,""19"":41,""15"":1000,""241"":26806,""199"":341,""16"":81087,""12"":10720,""449"":0,""636"":1418793,""1148"":77,""11"":8935106000,""14"":1160700155,""387"":""2b3430313435392e313833332d303038343632322e393333332b3030302e3034332f""}"
2026-07-01T01:38:11Z,862272088542776,Codec8E,2026-06-27 09:44:04.000 UTC,1782553444000,0,40.1457883,-8.4624499,44,230,10,35,0,"{""239"":1,""240"":1,""21"":4,""200"":0,""69"":1,""237"":2,""113"":100,""303"":1,""383"":3,""1149"":1,""181"":13,""182"":9,""66"":14552,""24"":35,""206"":48740,""67"":4128,""68"":0,""13"":1381,""17"":-2,""18"":-78,""19"":-18,""15"":1000,""241"":26806,""199"":361,""16"":81107,""12"":10720,""449"":0,""636"":1418793,""1148"":77,""11"":8935106000,""14"":1160700155,""387"":""2b3430313435372e383833332d303038343632342e353030302b3030302e3034342f""}"
2026-07-01T01:38:12Z,862272088542776,Codec8E,2026-06-27 09:44:07.000 UTC,1782553447000,0,40.1455433,-8.4627083,44,220,9,37,0,"{""239"":1,""240"":1,""21"":4,""200"":0,""69"":1,""237"":2,""113"":100,""303"":1,""383"":3,""1149"":1,""181"":13,""182"":9,""66"":14555,""24"":37,""206"":48740,""67"":4128,""68"":0,""13"":1381,""17"":53,""18"":35,""19"":-4,""15"":1000,""241"":26806,""199"":396,""16"":81142,""12"":10720,""449"":0,""636"":1418793,""1148"":77,""11"":8935106000,""14"":1160700155,""387"":""2b3430313435352e343333332d303038343632372e303833332b3030302e3034342f""}"
2026-07-01T01:38:12Z,862272088542776,Codec8E,2026-06-27 09:44:12.000 UTC,1782553452000,0,40.1452100,-8.4632033,45,243,7,38,0,"{""239"":1,""240"":1,""21"":4,""200"":0,""69"":1,""237"":2,""113"":100,""303"":1,""383"":3,""1149"":1,""181"":14,""182"":11,""66"":14523,""24"":38,""206"":48740,""67"":4128,""68"":0,""13"":1381,""17"":189,""18"":156,""19"":11,""15"":1000,""241"":26806,""199"":454,""16"":81200,""12"":10720,""449"":0,""636"":1418795,""1148"":77,""11"":8935106000,""14"":1160700155,""387"":""2b3430313435322e313030302d303038343633322e303333332b3030302e3034352f""}"
2026-07-01T01:38:12Z,862272088542776,Codec8E,2026-06-27 09:44:16.000 UTC,1782553456000,0,40.1451200,-8.4634733,45,249,9,28,0,"{""239"":1,""240"":1,""21"":4,""200"":0,""69"":1,""237"":2,""113"":100,""303"":1,""383"":3,""1149"":1,""181"":13,""182"":10,""66"":14526,""24"":28,""206"":48740,""67"":4128,""68"":0,""13"":1381,""17"":3,""18"":107,""19"":80,""15"":1000,""241"":26806,""199"":479,""16"":81225,""12"":10720,""449"":0,""636"":1418795,""1148"":77,""11"":8935106000,""14"":1160700155,""387"":""2b3430313435312e323030302d303038343633342e373333332b3030302e3034352f""}"
2026-07-01T01:38:12Z,862272088542776,Codec8E,2026-06-27 09:44:17.000 UTC,1782553457000,0,40.1452350,-8.4634500,46,327,9,25,0,"{""239"":1,""240"":1,""21"":4,""200"":0,""69"":1,""237"":2,""113"":100,""303"":1,""383"":3,""1149"":1,""181"":13,""182"":10,""66"":14526,""24"":25,""206"":48740,""67"":4128,""68"":0,""13"":1381,""17"":-88,""18"":200,""19"":-47,""15"":1000,""241"":26806,""199"":492,""16"":81238,""12"":10720,""449"":0,""636"":1418795,""1148"":77,""11"":8935106000,""14"":1160700155,""387"":""2b3430313435322e333530302d303038343633342e353030302b3030302e3034362f""}"
2026-07-01T01:38:12Z,862272088542776,Codec8E,2026-06-27 09:44:19.000 UTC,1782553459000,0,40.1453433,-8.4635033,46,340,8,22,0,"{""239"":1,""240"":1,""21"":4,""200"":0,""69"":1,""237"":2,""113"":100,""303"":1,""383"":3,""1149"":1,""181"":24,""182"":12,""66"":14536,""24"":22,""206"":48740,""67"":4128,""68"":0,""13"":1381,""17"":-126,""18"":140,""19"":124,""15"":1000,""241"":26806,""199"":505,""16"":81251,""12"":10720,""449"":0,""636"":1418795,""1148"":77,""11"":8935106000,""14"":1160700155,""387"":""2b3430313435332e343333332d303038343633352e303333332b3030302e3034362f""}"
2026-07-01T01:38:13Z,862272088542776,Codec8E,2026-06-27 09:44:20.000 UTC,1782553460000,0,40.1454416,-8.4634933,47,3,8,23,0,"{""239"":1,""240"":1,""21"":4,""200"":0,""69"":1,""237"":2,""113"":100,""303"":1,""383"":3,""1149"":1,""181"":14,""182"":11,""66"":14537,""24"":23,""206"":48740,""67"":4128,""68"":0,""13"":1381,""17"":-106,""18"":-143,""19"":245,""15"":1000,""241"":26806,""199"":516,""16"":81262,""12"":10720,""449"":0,""636"":1418795,""1148"":77,""11"":8935106000,""14"":1160700155,""387"":""2b3430313435342e343136372d303038343633342e393333332b3030302e3034372f""}"
2026-07-01T01:38:13Z,862272088542776,Codec8E,2026-06-27 09:44:26.000 UTC,1782553466000,0,40.1459883,-8.4634983,49,348,9,29,0,"{""239"":1,""240"":1,""21"":4,""200"":0,""69"":1,""237"":2,""113"":100,""303"":1,""383"":3,""1149"":1,""181"":22,""182"":11,""66"":14550,""24"":29,""206"":48740,""67"":4128,""68"":0,""13"":1381,""17"":119,""18"":168,""19"":37,""15"":1000,""241"":26806,""199"":578,""16"":81324,""12"":10720,""449"":0,""636"":1418794,""1148"":77,""11"":8935106000,""14"":1160700155,""387"":""2b3430313435392e383833332d303038343633342e393833332b3030302e3034392f""}"
2026-07-01T01:38:13Z,862272088542776,Codec8E,2026-06-27 09:44:28.000 UTC,1782553468000,0,40.1461050,-8.4636316,50,332,9,30,0,"{""239"":1,""240"":1,""21"":4,""200"":0,""69"":1,""237"":2,""113"":100,""303"":1,""383"":3,""1149"":1,""181"":13,""182"":10,""66"":14535,""24"":30,""206"":48740,""67"":4128,""68"":0,""13"":1381,""17"":38,""18"":234,""19"":-2,""15"":1000,""241"":26806,""199"":596,""16"":81342,""12"":10720,""449"":0,""636"":1418794,""1148"":75,""11"":8935106000,""14"":1160700155,""387"":""2b3430313436312e303530302d303038343633362e333136372b3030302e3035302f""}"
2026-07-01T01:38:13Z,862272088542776,Codec8E,2026-06-27 09:44:30.000 UTC,1782553470000,0,40.1462466,-8.4637066,51,344,9,30,0,"{""239"":1,""240"":1,""21"":4,""200"":0,""69"":1,""237"":2,""113"":100,""303"":1,""383"":3,""1149"":1,""181"":13,""182"":10,""66"":14557,""24"":30,""206"":48740,""67"":4128,""68"":0,""13"":1381,""17"":277,""18"":9,""19"":0,""15"":1000,""241"":26806,""199"":613,""16"":81359,""12"":10720,""449"":0,""636"":1418794,""1148"":75,""11"":8935106000,""14"":1160700155,""387"":""2b3430313436322e343636372d303038343633372e303636372b3030302e3035312f""}"
2026-07-01T01:38:13Z,862272088542776,Codec8E,2026-06-27 09:44:31.000 UTC,1782553471000,0,40.1463016,-8.4636799,52,7,10,30,0,"{""239"":1,""240"":1,""21"":4,""200"":0,""69"":1,""237"":2,""113"":100,""303"":1,""383"":3,""1149"":1,""181"":20,""182"":11,""66"":14534,""24"":30,""206"":48740,""67"":4128,""68"":0,""13"":1381,""17"":348,""18"":-48,""19"":3,""15"":1000,""241"":26806,""199"":620,""16"":81366,""12"":10720,""449"":0,""636"":1418794,""1148"":75,""11"":8935106000,""14"":1160700155,""387"":""2b3430313436332e303136372d303038343633362e383030302b3030302e3035322f""}"
2026-07-01T01:38:15Z,862272088542776,Codec8E,2026-06-27 09:44:35.000 UTC,1782553475000,0,40.1464249,-8.4636433,54,17,11,23,0,"{""239"":1,""240"":1,""21"":4,""200"":0,""69"":1,""237"":2,""113"":100,""303"":1,""383"":3,""1149"":1,""181"":20,""182"":10,""66"":14563,""24"":23,""206"":48740,""67"":4128,""68"":0,""13"":1381,""17"":-174,""18"":-50,""19"":9,""15"":1000,""241"":26806,""199"":634,""16"":81380,""12"":10720,""449"":0,""636"":1418795,""1148"":75,""11"":8935106000,""14"":1160700155,""387"":""2b3430313436342e323530302d303038343633362e343333332b3030302e3035342f""}"
2026-07-01T01:38:15Z,862272088542776,Codec8E,2026-06-27 09:44:37.000 UTC,1782553477000,0,40.1464166,-8.4636483,55,6,11,17,0,"{""239"":1,""240"":1,""21"":4,""200"":0,""69"":1,""237"":2,""113"":100,""303"":1,""383"":3,""1149"":1,""181"":20,""182"":10,""66"":14562,""24"":17,""206"":48740,""67"":4128,""68"":0,""13"":1381,""17"":-256,""18"":-88,""19"":20,""15"":1000,""241"":26806,""199"":634,""16"":81380,""12"":10720,""449"":0,""636"":1418795,""1148"":75,""11"":8935106000,""14"":1160700155,""387"":""2b3430313436342e313636372d303038343633362e343833332b3030302e3035352f""}"
2026-07-01T01:38:15Z,862272088542776,Codec8E,2026-06-27 09:44:41.000 UTC,1782553481000,0,40.1466083,-8.4635850,57,22,10,20,0,"{""239"":1,""240"":1,""21"":4,""200"":0,""69"":1,""237"":2,""113"":100,""303"":1,""383"":3,""1149"":1,""181"":12,""182"":9,""66"":14566,""24"":20,""206"":48740,""67"":4128,""68"":0,""13"":1381,""17"":-234,""18"":38,""19"":49,""15"":1000,""241"":26806,""199"":656,""16"":81402,""12"":10720,""449"":0,""636"":1418795,""1148"":75,""11"":8935106000,""14"":1160700155,""387"":""2b3430313436362e303833332d303038343633352e383530302b3030302e3035372f""}"
2026-07-01T01:38:15Z,862272088542776,Codec8E,2026-06-27 09:44:44.000 UTC,1782553484000,0,40.1469583,-8.4633966,58,24,9,34,0,"{""239"":1,""240"":1,""21"":4,""200"":0,""69"":1,""237"":2,""113"":100,""303"":1,""383"":3,""1149"":1,""181"":20,""182"":11,""66"":14562,""24"":34,""206"":48740,""67"":4128,""68"":0,""13"":1381,""17"":1,""18"":-50,""19"":31,""15"":1000,""241"":26806,""199"":698,""16"":81444,""12"":10720,""449"":0,""636"":1418795,""1148"":75,""11"":8935106000,""14"":1160700155,""387"":""2b3430313436392e353833332d303038343633332e393636372b3030302e3035382f""}"
2026-07-01T01:38:15Z,862272088542776,Codec8E,2026-06-27 09:44:47.000 UTC,1782553487000,0,40.1473900,-8.4631800,59,23,10,47,0,"{""239"":1,""240"":1,""21"":4,""200"":0,""69"":1,""237"":2,""113"":100,""303"":1,""383"":3,""1149"":1,""181"":13,""182"":9,""66"":14555,""24"":47,""206"":48740,""67"":4128,""68"":0,""13"":1381,""17"":-106,""18"":-73,""19"":63,""15"":1000,""241"":26806,""199"":750,""16"":81496,""12"":10720,""449"":0,""636"":1418795,""1148"":75,""11"":8935106000,""14"":1160700155,""387"":""2b3430313437332e393030302d303038343633312e383030302b3030302e3035392f""}"
2026-07-01T01:38:18Z,862272088542776,Codec8E,2026-06-27 09:44:50.000 UTC,1782553490000,0,40.1478283,-8.4629216,60,24,11,57,0,"{""239"":1,""240"":1,""21"":4,""200"":0,""69"":1,""237"":2,""113"":100,""303"":1,""383"":3,""1149"":1,""181"":20,""182"":10,""66"":14557,""24"":57,""206"":48740,""67"":4128,""68"":0,""13"":1381,""17"":-112,""18"":-58,""19"":14,""15"":1000,""241"":26806,""199"":803,""16"":81549,""12"":10720,""449"":0,""636"":1418795,""1148"":75,""11"":8935106000,""14"":1160700155,""387"":""2b3430313437382e323833332d303038343632392e323136372b3030302e3036302f""}"
2026-07-01T01:38:18Z,862272088542776,Codec8E,2026-06-27 09:44:54.000 UTC,1782553494000,0,40.1485116,-8.4625283,62,23,11,69,0,"{""239"":1,""240"":1,""21"":4,""200"":0,""69"":1,""237"":2,""113"":100,""303"":1,""383"":3,""1149"":1,""181"":20,""182"":10,""66"":14557,""24"":69,""206"":48740,""67"":4128,""68"":0,""13"":1381,""17"":-130,""18"":-27,""19"":20,""15"":1000,""241"":26806,""199"":886,""16"":81632,""12"":10720,""449"":0,""636"":1418795,""1148"":75,""11"":8935106000,""14"":1160700155,""387"":""2b3430313438352e313136372d303038343632352e323833332b3030302e3036322f""}"
2026-07-01T01:38:18Z,862272088542776,Codec8E,2026-06-27 09:44:58.000 UTC,1782553498000,0,40.1492900,-8.4620733,67,25,11,80,0,"{""239"":1,""240"":1,""21"":5,""200"":0,""69"":1,""237"":2,""113"":100,""303"":1,""383"":3,""1149"":1,""181"":12,""182"":9,""66"":14557,""24"":80,""206"":48740,""67"":4128,""68"":0,""13"":1381,""17"":-105,""18"":-46,""19"":36,""15"":1000,""241"":26806,""199"":981,""16"":81727,""12"":10720,""449"":0,""636"":1418795,""1148"":61,""11"":8935106000,""14"":1160700155,""387"":""2b3430313439322e393030302d303038343632302e373333332b3030302e3036372f""}"
2026-07-01T01:38:18Z,862272088542776,Codec8E,2026-06-27 09:45:03.000 UTC,1782553503000,0,40.1502966,-8.4615199,74,25,11,87,0,"{""239"":1,""240"":1,""21"":5,""200"":0,""69"":1,""237"":2,""113"":100,""303"":1,""383"":3,""1149"":1,""181"":12,""182"":9,""66"":14557,""24"":87,""206"":48740,""67"":4128,""68"":0,""13"":1381,""17"":-74,""18"":-17,""19"":73,""15"":1000,""241"":26806,""199"":1102,""16"":81848,""12"":10720,""449"":0,""636"":1418795,""1148"":61,""11"":8935106000,""14"":1160700155,""387"":""2b3430313530322e393636372d303038343631352e323030302b3030302e3037342f""}"
2026-07-01T01:38:18Z,862272088542776,Codec8E,2026-06-27 09:45:08.000 UTC,1782553508000,0,40.1512966,-8.4609600,82,23,11,85,0,"{""239"":1,""240"":1,""21"":5,""200"":0,""69"":1,""237"":2,""113"":100,""303"":1,""383"":3,""1149"":1,""181"":12,""182"":9,""66"":14552,""24"":85,""206"":48740,""67"":4128,""68"":0,""13"":1381,""17"":-67,""18"":-14,""19"":28,""15"":1000,""241"":26806,""199"":1223,""16"":81969,""12"":10720,""449"":0,""636"":1418795,""1148"":61,""11"":8935106000,""14"":1160700155,""387"":""2b3430313531322e393636372d303038343630392e363030302b3030302e3038322f""}"
2026-07-01T01:39:14Z,862272088542776,Codec8E,2026-06-27 09:45:13.000 UTC,1782553513000,0,40.1522650,-8.4603550,86,25,12,87,0,"{""239"":1,""240"":1,""21"":5,""200"":0,""69"":1,""237"":2,""113"":100,""303"":1,""383"":3,""1149"":1,""181"":16,""182"":9,""66"":14552,""24"":87,""206"":48740,""67"":4128,""68"":0,""13"":1381,""17"":-83,""18"":-10,""19"":39,""15"":1000,""241"":26806,""199"":1342,""16"":82088,""12"":10720,""449"":0,""636"":1418795,""1148"":61,""11"":8935106000,""14"":1160700155,""387"":""2b3430313532322e363530302d303038343630332e353530302b3030302e3038362f""}"
2026-07-01T01:39:14Z,862272088542776,Codec8E,2026-06-27 09:45:18.000 UTC,1782553518000,0,40.1532650,-8.4598166,90,19,11,86,0,"{""239"":1,""240"":1,""21"":5,""200"":0,""69"":1,""237"":2,""113"":100,""303"":1,""383"":3,""1149"":1,""181"":12,""182"":8,""66"":14557,""24"":86,""206"":48740,""67"":4128,""68"":0,""13"":1381,""17"":-55,""18"":-26,""19"":22,""15"":1000,""241"":26806,""199"":1463,""16"":82209,""12"":10720,""449"":0,""636"":1418795,""1148"":61,""11"":8935106000,""14"":1160700155,""387"":""2b3430313533322e363530302d303038343539382e313636372b3030302e3039302f""}"
2026-07-01T01:39:14Z,862272088542776,Codec8E,2026-06-27 09:45:23.000 UTC,1782553523000,0,40.1543100,-8.4594816,99,13,9,86,0,"{""239"":1,""240"":1,""21"":5,""200"":0,""69"":1,""237"":2,""113"":100,""303"":1,""383"":3,""1149"":1,""181"":13,""182"":10,""66"":14555,""24"":86,""206"":48740,""67"":4128,""68"":0,""13"":1381,""17"":-50,""18"":-64,""19"":74,""15"":1000,""241"":26806,""199"":1582,""16"":82328,""12"":10720,""449"":0,""636"":1418795,""1148"":61,""11"":8935106000,""14"":1160700155,""387"":""2b3430313534332e313030302d303038343539342e383136372b3030302e3039392f""}"
2026-07-01T01:39:14Z,862272088542776,Codec8E,2026-06-27 09:45:28.000 UTC,1782553528000,0,40.1553933,-8.4592700,104,5,8,86,0,"{""239"":1,""240"":1,""21"":5,""200"":0,""69"":1,""237"":2,""113"":100,""303"":1,""383"":3,""1149"":1,""181"":14,""182"":11,""66"":14558,""24"":86,""206"":48740,""67"":4128,""68"":0,""13"":1381,""17"":-3,""18"":-30,""19"":23,""15"":1000,""241"":26806,""199"":1704,""16"":82450,""12"":10720,""449"":0,""636"":1418795,""1148"":80,""11"":8935106000,""14"":1160700155,""387"":""2b3430313535332e393333332d303038343539322e373030302b3030302e3130342f""}"
2026-07-01T01:39:14Z,862272088542776,Codec8E,2026-06-27 09:45:33.000 UTC,1782553533000,0,40.1564783,-8.4592283,108,0,7,85,0,"{""239"":1,""240"":1,""21"":5,""200"":0,""69"":1,""237"":2,""113"":100,""303"":1,""383"":3,""1149"":1,""181"":16,""182"":12,""66"":14553,""24"":85,""206"":48740,""67"":4128,""68"":0,""13"":1381,""17"":17,""18"":-30,""19"":35,""15"":1000,""241"":26806,""199"":1825,""16"":82571,""12"":10720,""449"":0,""636"":1418795,""1148"":80,""11"":8935106000,""14"":1160700155,""387"":""2b3430313536342e373833332d303038343539322e323833332b3030302e3130382f""}"
2026-07-01T03:09:09Z,862272088542776,Codec8E,2026-06-27 09:45:38.000 UTC,1782553538000,0,40.1575966,-8.4592483,112,358,7,88,0,"{""239"":1,""240"":1,""21"":5,""200"":0,""69"":1,""237"":2,""113"":100,""303"":1,""383"":3,""1149"":1,""181"":17,""182"":14,""66"":14538,""24"":88,""206"":48740,""67"":4128,""68"":0,""13"":1381,""17"":15,""18"":-59,""19"":99,""15"":1000,""241"":26806,""199"":1949,""16"":82695,""12"":10720,""449"":0,""636"":1418795,""1148"":80,""11"":8935106000,""14"":1160700155,""387"":""2b3430313537352e393636372d303038343539322e343833332b3030302e3131322f""}"
2026-07-01T03:09:09Z,862272088542776,Codec8E,2026-06-27 09:45:43.000 UTC,1782553543000,0,40.1586883,-8.4592666,114,1,7,88,0,"{""239"":1,""240"":1,""21"":5,""200"":0,""69"":1,""237"":2,""113"":100,""303"":1,""383"":3,""1149"":1,""181"":17,""182"":14,""66"":14548,""24"":88,""206"":48740,""67"":4128,""68"":0,""13"":1381,""17"":4,""18"":-73,""19"":76,""15"":1000,""241"":26806,""199"":2070,""16"":82816,""12"":10720,""449"":0,""636"":1418795,""1148"":80,""11"":8935106000,""14"":1160700155,""387"":""2b3430313538362e383833332d303038343539322e363636372b3030302e3131342f""}"
2026-07-01T03:09:09Z,862272088542776,Codec8E,2026-06-27 09:45:48.000 UTC,1782553548000,0,40.1597850,-8.4592566,115,359,8,88,0,"{""239"":1,""240"":1,""21"":5,""200"":0,""69"":1,""237"":2,""113"":100,""303"":1,""383"":3,""1149"":1,""181"":14,""182"":11,""66"":14555,""24"":88,""206"":48740,""67"":4128,""68"":0,""13"":1381,""17"":39,""18"":-35,""19"":16,""15"":1000,""241"":26806,""199"":2192,""16"":82938,""12"":10720,""449"":0,""636"":1418795,""1148"":80,""11"":8935106000,""14"":1160700155,""387"":""2b3430313539372e383530302d303038343539322e353636372b3030302e3131352f""}"
2026-07-01T03:09:09Z,862272088542776,Codec8E,2026-06-27 09:45:53.000 UTC,1782553553000,0,40.1608616,-8.4592083,116,3,8,87,0,"{""239"":1,""240"":1,""21"":5,""200"":0,""69"":1,""237"":2,""113"":100,""303"":1,""383"":3,""1149"":1,""181"":14,""182"":11,""66"":14546,""24"":87,""206"":48740,""67"":4128,""68"":0,""13"":1381,""17"":4,""18"":23,""19"":314,""15"":1000,""241"":26806,""199"":2312,""16"":83058,""12"":10720,""449"":0,""636"":1418795,""1148"":80,""11"":8935106000,""14"":1160700155,""387"":""2b3430313630382e363136372d303038343539322e303833332b3030302e3131362f""}"
2026-07-01T03:09:09Z,862272088542776,Codec8E,2026-06-27 09:45:58.000 UTC,1782553558000,0,40.1619383,-8.4589783,117,12,8,87,0,"{""239"":1,""240"":1,""21"":5,""200"":0,""69"":1,""237"":2,""113"":100,""303"":1,""383"":3,""1149"":1,""181"":14,""182"":11,""66"":14555,""24"":87,""206"":48740,""67"":4128,""68"":0,""13"":1381,""17"":-27,""18"":14,""19"":91,""15"":1000,""241"":26806,""199"":2433,""16"":83179,""12"":10720,""449"":0,""636"":1418795,""1148"":80,""11"":8935106000,""14"":1160700155,""387"":""2b3430313631392e333833332d303038343538392e373833332b3030302e3131372f""}"
2026-07-01T03:09:11Z,862272088542776,Codec8E,2026-06-27 09:46:03.000 UTC,1782553563000,0,40.1629933,-8.4586183,119,17,7,86,0,"{""239"":1,""240"":1,""21"":5,""200"":0,""69"":1,""237"":2,""113"":100,""303"":1,""383"":3,""1149"":1,""181"":14,""182"":11,""66"":14552,""24"":86,""206"":48740,""67"":4128,""68"":0,""13"":1381,""17"":-47,""18"":3,""19"":23,""15"":1000,""241"":26806,""199"":2555,""16"":83301,""12"":10720,""449"":0,""636"":1418795,""1148"":80,""11"":8935106000,""14"":1160700155,""387"":""2b3430313632392e393333332d303038343538362e313833332b3030302e3131392f""}"
2026-07-01T03:09:11Z,862272088542776,Codec8E,2026-06-27 09:46:08.000 UTC,1782553568000,0,40.1640199,-8.4581533,122,20,8,87,0,"{""239"":1,""240"":1,""21"":3,""200"":0,""69"":1,""237"":2,""113"":100,""303"":1,""383"":3,""1149"":1,""181"":13,""182"":10,""66"":14524,""24"":87,""206"":48740,""67"":4128,""68"":0,""13"":1381,""17"":-86,""18"":-38,""19"":92,""15"":1000,""241"":26806,""199"":2675,""16"":83421,""12"":10720,""449"":0,""636"":1662230,""1148"":80,""11"":8935106000,""14"":1160700155,""387"":""2b3430313634302e323030302d303038343538312e353333332b3030302e3132322f""}"
2026-07-01T03:09:11Z,862272088542776,Codec8E,2026-06-27 09:46:12.000 UTC,1782553572000,0,40.1648583,-8.4577016,123,21,8,90,0,"{""239"":1,""240"":1,""21"":3,""200"":0,""69"":1,""237"":2,""113"":100,""303"":1,""383"":3,""1149"":1,""181"":13,""182"":10,""66"":14537,""24"":90,""206"":48740,""67"":4128,""68"":0,""13"":1381,""17"":-101,""18"":-24,""19"":43,""15"":1000,""241"":26806,""199"":2776,""16"":83522,""12"":10720,""449"":0,""636"":1662220,""1148"":80,""11"":8935106000,""14"":1160700155,""387"":""2b3430313634382e353833332d303038343537372e303136372b3030302e3132332f""}"
2026-07-01T03:09:11Z,862272088542776,Codec8E,2026-06-27 09:46:16.000 UTC,1782553576000,0,40.1657466,-8.4572450,125,23,8,94,0,"{""239"":1,""240"":1,""21"":3,""200"":0,""69"":1,""237"":2,""113"":100,""303"":1,""383"":3,""1149"":1,""181"":18,""182"":11,""66"":14535,""24"":94,""206"":48740,""67"":4128,""68"":0,""13"":1381,""17"":-51,""18"":-26,""19"":16,""15"":1000,""241"":26806,""199"":2882,""16"":83628,""12"":10720,""449"":0,""636"":1662220,""1148"":80,""11"":8935106000,""14"":1160700155,""387"":""2b3430313635372e343636372d303038343537322e343530302b3030302e3132352f""}"
2026-07-01T03:09:11Z,862272088542776,Codec8E,2026-06-27 09:46:20.000 UTC,1782553580000,0,40.1666333,-8.4567466,128,23,8,95,0,"{""239"":1,""240"":1,""21"":3,""200"":0,""69"":1,""237"":2,""113"":100,""303"":1,""383"":3,""1149"":1,""181"":13,""182"":10,""66"":14552,""24"":95,""206"":48740,""67"":4128,""68"":0,""13"":1381,""17"":-48,""18"":-57,""19"":65,""15"":1000,""241"":26806,""199"":2989,""16"":83735,""12"":10720,""449"":0,""636"":1662220,""1148"":80,""11"":8935106000,""14"":1160700155,""387"":""2b3430313636362e333333332d303038343536372e343636372b3030302e3132382f""}"
2026-07-01T03:09:12Z,862272088542776,Codec8E,2026-06-27 09:46:24.000 UTC,1782553584000,0,40.1675366,-8.4562483,134,21,8,97,0,"{""239"":1,""240"":1,""21"":3,""200"":0,""69"":1,""237"":2,""113"":100,""303"":1,""383"":3,""1149"":1,""181"":18,""182"":11,""66"":14555,""24"":97,""206"":48740,""67"":4128,""68"":0,""13"":1381,""17"":-13,""18"":-13,""19"":4,""15"":1000,""241"":26806,""199"":3098,""16"":83844,""12"":10720,""449"":0,""636"":1662250,""1148"":80,""11"":8935106000,""14"":1160700155,""387"":""2b3430313637352e333636372d303038343536322e343833332b3030302e3133342f""}"
2026-07-01T03:09:12Z,862272088542776,Codec8E,2026-06-27 09:46:28.000 UTC,1782553588000,0,40.1684149,-8.4557816,138,20,8,94,0,"{""239"":1,""240"":1,""21"":5,""200"":0,""69"":1,""237"":2,""113"":100,""303"":1,""383"":3,""1149"":1,""181"":13,""182"":10,""66"":14559,""24"":94,""206"":48740,""67"":4128,""68"":0,""13"":1381,""17"":-34,""18"":-31,""19"":30,""15"":1000,""241"":26806,""199"":3204,""16"":83950,""12"":10720,""449"":0,""636"":1662250,""1148"":70,""11"":8935106000,""14"":1160700155,""387"":""2b3430313638342e313530302d303038343535372e383136372b3030302e3133382f""}"
2026-07-01T03:09:12Z,862272088542776,Codec8E,2026-06-27 09:46:33.000 UTC,1782553593000,0,40.1694250,-8.4552233,143,22,8,88,0,"{""239"":1,""240"":1,""21"":5,""200"":0,""69"":1,""237"":2,""113"":100,""303"":1,""383"":3,""1149"":1,""181"":18,""182"":11,""66"":14558,""24"":88,""206"":48740,""67"":4128,""68"":0,""13"":1381,""17"":-47,""18"":-17,""19"":25,""15"":1000,""241"":26806,""199"":3326,""16"":84072,""12"":10720,""449"":0,""636"":893226,""1148"":70,""11"":8935106000,""14"":1160700155,""387"":""2b3430313639342e323530302d303038343535322e323333332b3030302e3134332f""}"
2026-07-01T03:09:12Z,862272088542776,Codec8E,2026-06-27 09:46:38.000 UTC,1782553598000,0,40.1704166,-8.4546666,147,23,8,87,0,"{""239"":1,""240"":1,""21"":5,""200"":0,""69"":1,""237"":2,""113"":100,""303"":1,""383"":3,""1149"":1,""181"":13,""182"":10,""66"":14557,""24"":87,""206"":48740,""67"":4128,""68"":0,""13"":1381,""17"":-63,""18"":-45,""19"":51,""15"":1000,""241"":26806,""199"":3445,""16"":84191,""12"":10720,""449"":0,""636"":1662250,""1148"":70,""11"":8935106000,""14"":1160700155,""387"":""2b3430313730342e313636372d303038343534362e363636372b3030302e3134372f""}"
2026-07-01T03:09:12Z,862272088542776,Codec8E,2026-06-27 09:46:43.000 UTC,1782553603000,0,40.1714416,-8.4541133,148,23,9,88,0,"{""239"":1,""240"":1,""21"":5,""200"":0,""69"":1,""237"":2,""113"":100,""303"":1,""383"":3,""1149"":1,""181"":17,""182"":10,""66"":14587,""24"":88,""206"":48740,""67"":4128,""68"":0,""13"":1381,""17"":-105,""18"":-8,""19"":32,""15"":1000,""241"":26806,""199"":3569,""16"":84315,""12"":10720,""449"":0,""636"":893226,""1148"":70,""11"":8935106000,""14"":1160700155,""387"":""2b3430313731342e343136372d303038343534312e313333332b3030302e3134382f""}"
2026-07-01T03:09:12Z,862272088542776,Codec8E,2026-06-27 09:46:48.000 UTC,1782553608000,0,40.1724366,-8.4535499,152,23,10,86,0,"{""239"":1,""240"":1,""21"":5,""200"":0,""69"":1,""237"":2,""113"":100,""303"":1,""383"":3,""1149"":1,""181"":12,""182"":9,""66"":14618,""24"":86,""206"":48740,""67"":4128,""68"":0,""13"":1381,""17"":-82,""18"":-26,""19"":4,""15"":1000,""241"":26806,""199"":3689,""16"":84435,""12"":10720,""449"":0,""636"":893226,""1148"":70,""11"":8935106000,""14"":1160700155,""387"":""2b3430313732342e333636372d303038343533352e353030302b3030302e3135322f""}"
2026-07-01T03:09:12Z,862272088542776,Codec8E,2026-06-27 09:46:53.000 UTC,1782553613000,0,40.1734333,-8.4529350,156,27,10,88,0,"{""239"":1,""240"":1,""21"":5,""200"":0,""69"":1,""237"":2,""113"":100,""303"":1,""383"":3,""1149"":1,""181"":12,""182"":9,""66"":14559,""24"":88,""206"":48740,""67"":4128,""68"":0,""13"":1381,""17"":-101,""18"":107,""19"":31,""15"":1000,""241"":26806,""199"":3812,""16"":84558,""12"":10720,""449"":0,""636"":893226,""1148"":70,""11"":8935106000,""14"":1160700155,""387"":""2b3430313733342e333333332d303038343532392e333530302b3030302e3135362f""}"
2026-07-01T03:09:12Z,862272088542776,Codec8E,2026-06-27 09:46:58.000 UTC,1782553618000,0,40.1743716,-8.4521950,161,34,9,88,0,"{""239"":1,""240"":1,""21"":5,""200"":0,""69"":1,""237"":2,""113"":100,""303"":1,""383"":3,""1149"":1,""181"":13,""182"":10,""66"":14563,""24"":88,""206"":48740,""67"":4128,""68"":0,""13"":1381,""17"":-70,""18"":-21,""19"":44,""15"":1000,""241"":26806,""199"":3933,""16"":84679,""12"":10720,""449"":0,""636"":893226,""1148"":50,""11"":8935106000,""14"":1160700155,""387"":""2b3430313734332e373136372d303038343532312e393530302b3030302e3136312f""}"
2026-07-01T03:09:12Z,862272088542776,Codec8E,2026-06-27 09:47:03.000 UTC,1782553623000,0,40.1752650,-8.4513333,165,37,7,88,0,"{""239"":1,""240"":1,""21"":5,""200"":0,""69"":1,""237"":2,""113"":100,""303"":1,""383"":3,""1149"":1,""181"":17,""182"":14,""66"":14580,""24"":88,""206"":48740,""67"":4128,""68"":0,""13"":1381,""17"":-29,""18"":-18,""19"":26,""15"":1000,""241"":26806,""199"":4057,""16"":84803,""12"":10720,""449"":0,""636"":893226,""1148"":50,""11"":8935106000,""14"":1160700155,""387"":""2b3430313735322e363530302d303038343531332e333333332b3030302e3136352f""}"
2026-07-01T03:09:12Z,862272088542776,Codec8E,2026-06-27 09:47:08.000 UTC,1782553628000,0,40.1761383,-8.4505050,166,33,10,86,0,"{""239"":1,""240"":1,""21"":5,""200"":0,""69"":1,""237"":2,""113"":100,""303"":1,""383"":3,""1149"":1,""181"":12,""182"":9,""66"":14558,""24"":86,""206"":48740,""67"":4128,""68"":0,""13"":1381,""17"":-31,""18"":-47,""19"":64,""15"":1000,""241"":26806,""199"":4177,""16"":84923,""12"":10720,""449"":0,""636"":893226,""1148"":50,""11"":8935106000,""14"":1160700155,""387"":""2b3430313736312e333833332d303038343530352e303530302b3030302e3136362f""}"
2026-07-01T03:09:14Z,862272088542776,Codec8E,2026-06-27 09:47:13.000 UTC,1782553633000,0,40.1770133,-8.4496833,167,36,8,86,0,"{""239"":1,""240"":1,""21"":5,""200"":0,""69"":1,""237"":2,""113"":100,""303"":1,""383"":3,""1149"":1,""181"":15,""182"":13,""66"":14552,""24"":86,""206"":48740,""67"":4128,""68"":0,""13"":1381,""17"":-38,""18"":-6,""19"":63,""15"":1000,""241"":26806,""199"":4296,""16"":85042,""12"":10720,""449"":0,""636"":893225,""1148"":50,""11"":8935106000,""14"":1160700155,""387"":""2b3430313737302e313333332d303038343439362e383333332b3030302e3136372f""}"
2026-07-01T03:09:14Z,862272088542776,Codec8E,2026-06-27 09:47:18.000 UTC,1782553638000,0,40.1778966,-8.4488900,167,33,8,86,0,"{""239"":1,""240"":1,""21"":5,""200"":0,""69"":1,""237"":2,""113"":100,""303"":1,""383"":3,""1149"":1,""181"":15,""182"":12,""66"":14626,""24"":86,""206"":48740,""67"":4128,""68"":0,""13"":1381,""17"":12,""18"":-79,""19"":85,""15"":1000,""241"":26806,""199"":4415,""16"":85161,""12"":10720,""449"":0,""636"":893225,""1148"":50,""11"":8935106000,""14"":1160700155,""387"":""2b3430313737382e393636372d303038343438382e393030302b3030302e3136372f""}"
2026-07-01T03:09:14Z,862272088542776,Codec8E,2026-06-27 09:47:23.000 UTC,1782553643000,0,40.1788383,-8.4482000,169,26,9,85,0,"{""239"":1,""240"":1,""21"":5,""200"":0,""69"":1,""237"":2,""113"":100,""303"":1,""383"":3,""1149"":1,""181"":13,""182"":10,""66"":14562,""24"":85,""206"":48740,""67"":4128,""68"":0,""13"":1381,""17"":-22,""18"":-100,""19"":107,""15"":1000,""241"":26806,""199"":4535,""16"":85281,""12"":10720,""449"":0,""636"":893225,""1148"":50,""11"":8935106000,""14"":1160700155,""387"":""2b3430313738382e333833332d303038343438322e303030302b3030302e3136392f""}"
2026-07-01T03:09:14Z,862272088542776,Codec8E,2026-06-27 09:47:26.000 UTC,1782553646000,0,40.1794466,-8.4479300,171,14,9,84,0,"{""239"":1,""240"":1,""21"":5,""200"":0,""69"":1,""237"":2,""113"":100,""303"":1,""383"":3,""1149"":1,""181"":25,""182"":12,""66"":14595,""24"":84,""206"":48740,""67"":4128,""68"":0,""13"":1381,""17"":-35,""18"":-238,""19"":127,""15"":1000,""241"":26806,""199"":4607,""16"":85353,""12"":10720,""449"":0,""636"":893225,""1148"":50,""11"":8935106000,""14"":1160700155,""387"":""2b3430313739342e343636372d303038343437392e333030302b3030302e3137312f""}"
2026-07-01T03:09:14Z,862272088542776,Codec8E,2026-06-27 09:47:30.000 UTC,1782553650000,0,40.1802850,-8.4477850,175,3,10,84,0,"{""239"":1,""240"":1,""21"":5,""200"":0,""69"":1,""237"":2,""113"":100,""303"":1,""383"":3,""1149"":1,""181"":12,""182"":9,""66"":14570,""24"":84,""206"":48740,""67"":4128,""68"":0,""13"":1381,""17"":6,""18"":-96,""19"":89,""15"":1000,""241"":26806,""199"":4701,""16"":85447,""12"":10720,""449"":0,""636"":893225,""1148"":68,""11"":8935106000,""14"":1160700155,""387"":""2b3430313830322e383530302d303038343437372e383530302b3030302e3137352f""}"
2026-07-01T03:09:15Z,862272088542776,Codec8E,2026-06-27 09:47:34.000 UTC,1782553654000,0,40.1811633,-8.4478700,176,353,9,85,0,"{""239"":1,""240"":1,""21"":5,""200"":0,""69"":1,""237"":2,""113"":100,""303"":1,""383"":3,""1149"":1,""181"":12,""182"":9,""66"":14568,""24"":85,""206"":48740,""67"":4128,""68"":0,""13"":1381,""17"":-63,""18"":-90,""19"":116,""15"":1000,""241"":26806,""199"":4799,""16"":85545,""12"":10720,""449"":0,""636"":893225,""1148"":68,""11"":8935106000,""14"":1160700155,""387"":""2b3430313831312e363333332d303038343437382e373030302b3030302e3137362f""}"
2026-07-01T03:09:15Z,862272088542776,Codec8E,2026-06-27 09:47:38.000 UTC,1782553658000,0,40.1821166,-8.4480466,177,351,7,92,0,"{""239"":1,""240"":1,""21"":5,""200"":0,""69"":1,""237"":2,""113"":100,""303"":1,""383"":3,""1149"":1,""181"":24,""182"":12,""66"":14559,""24"":92,""206"":48740,""67"":4128,""68"":0,""13"":1381,""17"":-6,""18"":-21,""19"":28,""15"":1000,""241"":26806,""199"":4906,""16"":85652,""12"":10720,""449"":0,""636"":893225,""1148"":68,""11"":8935106000,""14"":1160700155,""387"":""2b3430313832312e313636372d303038343438302e343636372b3030302e3137372f""}"
2026-07-01T03:09:15Z,862272088542776,Codec8E,2026-06-27 09:47:42.000 UTC,1782553662000,0,40.1831100,-8.4482483,175,352,8,95,0,"{""239"":1,""240"":1,""21"":5,""200"":0,""69"":1,""237"":2,""113"":100,""303"":1,""383"":3,""1149"":1,""181"":23,""182"":12,""66"":14553,""24"":95,""206"":48740,""67"":4128,""68"":0,""13"":1381,""17"":31,""18"":-36,""19"":34,""15"":1000,""241"":26806,""199"":5018,""16"":85764,""12"":10720,""449"":0,""636"":893225,""1148"":68,""11"":8935106000,""14"":1160700155,""387"":""2b3430313833312e313030302d303038343438322e343833332b3030302e3137352f""}"
2026-07-01T03:09:15Z,862272088542776,Codec8E,2026-06-27 09:47:46.000 UTC,1782553666000,0,40.1841116,-8.4484450,172,353,8,97,0,"{""239"":1,""240"":1,""21"":5,""200"":0,""69"":1,""237"":2,""113"":100,""303"":1,""383"":3,""1149"":1,""181"":23,""182"":12,""66"":14555,""24"":97,""206"":48740,""67"":4128,""68"":0,""13"":1381,""17"":89,""18"":18,""19"":166,""15"":1000,""241"":26806,""199"":5130,""16"":85876,""12"":10720,""449"":0,""636"":893225,""1148"":68,""11"":8935106000,""14"":1160700155,""387"":""2b3430313834312e313136372d303038343438342e343530302b3030302e3137322f""}"
2026-07-01T03:09:15Z,862272088542776,Codec8E,2026-06-27 09:47:50.000 UTC,1782553670000,0,40.1851050,-8.4486233,169,352,8,98,0,"{""239"":1,""240"":1,""21"":5,""200"":0,""69"":1,""237"":2,""113"":100,""303"":1,""383"":3,""1149"":1,""181"":23,""182"":12,""66"":14553,""24"":98,""206"":48740,""67"":4128,""68"":0,""13"":1381,""17"":26,""18"":0,""19"":60,""15"":1000,""241"":26806,""199"":5242,""16"":85988,""12"":10720,""449"":0,""636"":893225,""1148"":68,""11"":8935106000,""14"":1160700155,""387"":""2b3430313835312e303530302d303038343438362e323333332b3030302e3136392f""}"
2026-07-01T03:09:16Z,862272088542776,Codec8E,2026-06-27 09:47:54.000 UTC,1782553674000,0,40.1860633,-8.4488799,168,347,10,97,0,"{""239"":1,""240"":1,""21"":5,""200"":0,""69"":1,""237"":2,""113"":100,""303"":1,""383"":3,""1149"":1,""181"":13,""182"":9,""66"":14538,""24"":97,""206"":48740,""67"":4128,""68"":0,""13"":1381,""17"":123,""18"":-50,""19"":48,""15"":1000,""241"":26806,""199"":5350,""16"":86096,""12"":10720,""449"":0,""636"":893225,""1148"":68,""11"":8935106000,""14"":1160700155,""387"":""2b3430313836302e363333332d303038343438382e383030302b3030302e3136382f""}"
2026-07-01T03:09:16Z,862272088542776,Codec8E,2026-06-27 09:47:58.000 UTC,1782553678000,0,40.1870000,-8.4492049,165,345,8,96,0,"{""239"":1,""240"":1,""21"":5,""200"":0,""69"":1,""237"":2,""113"":100,""303"":1,""383"":3,""1149"":1,""181"":14,""182"":11,""66"":14555,""24"":96,""206"":48740,""67"":4128,""68"":0,""13"":1381,""17"":13,""18"":-14,""19"":25,""15"":1000,""241"":26806,""199"":5458,""16"":86204,""12"":10720,""449"":0,""636"":893225,""1148"":68,""11"":8935106000,""14"":1160700155,""387"":""2b3430313837302e303030302d303038343439322e303530302b3030302e3136352f""}"
2026-07-01T03:09:16Z,862272088542776,Codec8E,2026-06-27 09:48:02.000 UTC,1782553682000,0,40.1879233,-8.4495150,160,346,8,96,0,"{""239"":1,""240"":1,""21"":5,""200"":0,""69"":1,""237"":2,""113"":100,""303"":1,""383"":3,""1149"":1,""181"":14,""182"":11,""66"":14539,""24"":96,""206"":48740,""67"":4128,""68"":0,""13"":1381,""17"":46,""18"":21,""19"":64,""15"":1000,""241"":26806,""199"":5564,""16"":86310,""12"":10720,""449"":0,""636"":893225,""1148"":68,""11"":8935106000,""14"":1160700155,""387"":""2b3430313837392e323333332d303038343439352e313530302b3030302e3136302f""}"
2026-07-01T03:09:16Z,862272088542776,Codec8E,2026-06-27 09:48:06.000 UTC,1782553686000,0,40.1888833,-8.4497616,156,349,8,98,0,"{""239"":1,""240"":1,""21"":5,""200"":0,""69"":1,""237"":2,""113"":100,""303"":1,""383"":3,""1149"":1,""181"":14,""182"":11,""66"":14591,""24"":98,""206"":48740,""67"":4128,""68"":0,""13"":1381,""17"":29,""18"":27,""19"":67,""15"":1000,""241"":26806,""199"":5673,""16"":86419,""12"":10720,""449"":0,""636"":1420330,""1148"":68,""11"":8935106000,""14"":1160700155,""387"":""2b3430313838382e383333332d303038343439372e363136372b3030302e3135362f""}"
2026-07-01T03:09:16Z,862272088542776,Codec8E,2026-06-27 09:48:10.000 UTC,1782553690000,0,40.1898783,-8.4499016,153,355,9,101,0,"{""239"":1,""240"":1,""21"":4,""200"":0,""69"":1,""237"":2,""113"":100,""303"":1,""383"":3,""1149"":1,""181"":13,""182"":10,""66"":14557,""24"":101,""206"":48740,""67"":4128,""68"":0,""13"":1381,""17"":0,""18"":-49,""19"":59,""15"":1000,""241"":26806,""199"":5784,""16"":86530,""12"":10720,""449"":0,""636"":1420330,""1148"":68,""11"":8935106000,""14"":1160700155,""387"":""2b3430313839382e373833332d303038343439392e303136372b3030302e3135332f""}"
2026-07-01T03:09:16Z,862272088542776,Codec8E,2026-06-27 09:48:14.000 UTC,1782553694000,0,40.1908716,-8.4499750,150,356,8,102,0,"{""239"":1,""240"":1,""21"":4,""200"":0,""69"":1,""237"":2,""113"":100,""303"":1,""383"":3,""1149"":1,""181"":13,""182"":10,""66"":14559,""24"":102,""206"":48740,""67"":4128,""68"":0,""13"":1381,""17"":-25,""18"":-35,""19"":83,""15"":1000,""241"":26806,""199"":5895,""16"":86641,""12"":10720,""449"":0,""636"":1420330,""1148"":68,""11"":8935106000,""14"":1160700155,""387"":""2b3430313930382e373136372d303038343439392e373530302b3030302e3135302f""}"
2026-07-01T03:09:16Z,862272088542776,Codec8E,2026-06-27 09:48:18.000 UTC,1782553698000,0,40.1918583,-8.4500866,148,355,8,101,0,"{""239"":1,""240"":1,""21"":4,""200"":0,""69"":1,""237"":2,""113"":100,""303"":1,""383"":3,""1149"":1,""181"":23,""182"":12,""66"":14570,""24"":101,""206"":48740,""67"":4128,""68"":0,""13"":1381,""17"":-27,""18"":-50,""19"":193,""15"":1000,""241"":26806,""199"":6005,""16"":86751,""12"":10720,""449"":0,""636"":1420331,""1148"":68,""11"":8935106000,""14"":1160700155,""387"":""2b3430313931382e353833332d303038343530302e383636372b3030302e3134382f""}"
2026-07-01T03:09:16Z,862272088542776,Codec8E,2026-06-27 09:48:22.000 UTC,1782553702000,0,40.1928216,-8.4502033,146,353,8,98,0,"{""239"":1,""240"":1,""21"":4,""200"":0,""69"":1,""237"":2,""113"":100,""303"":1,""383"":3,""1149"":1,""181"":13,""182"":10,""66"":14570,""24"":98,""206"":48740,""67"":4128,""68"":0,""13"":1381,""17"":-17,""18"":-57,""19"":12,""15"":1000,""241"":26806,""199"":6112,""16"":86858,""12"":10720,""449"":0,""636"":1420331,""1148"":68,""11"":8935106000,""14"":1160700155,""387"":""2b3430313932382e323136372d303038343530322e303333332b3030302e3134362f""}"
2026-07-01T03:09:16Z,862272088542776,Codec8E,2026-06-27 09:48:26.000 UTC,1782553706000,0,40.1937850,-8.4503499,143,352,8,98,0,"{""239"":1,""240"":1,""21"":4,""200"":0,""69"":1,""237"":2,""113"":100,""303"":1,""383"":3,""1149"":1,""181"":23,""182"":12,""66"":14558,""24"":98,""206"":48740,""67"":4128,""68"":0,""13"":1381,""17"":35,""18"":-6,""19"":89,""15"":1000,""241"":26806,""199"":6220,""16"":86966,""12"":10720,""449"":0,""636"":1420331,""1148"":68,""11"":8935106000,""14"":1160700155,""387"":""2b3430313933372e383530302d303038343530332e353030302b3030302e3134332f""}"
2026-07-01T03:09:16Z,862272088542776,Codec8E,2026-06-27 09:48:30.000 UTC,1782553710000,0,40.1947250,-8.4504833,139,352,8,94,0,"{""239"":1,""240"":1,""21"":4,""200"":0,""69"":1,""237"":2,""113"":100,""303"":1,""383"":3,""1149"":1,""181"":23,""182"":12,""66"":14589,""24"":94,""206"":48740,""67"":4128,""68"":0,""13"":1381,""17"":41,""18"":21,""19"":110,""15"":1000,""241"":26806,""199"":6325,""16"":87071,""12"":10720,""449"":0,""636"":1420331,""1148"":75,""11"":8935106000,""14"":1160700155,""387"":""2b3430313934372e323530302d303038343530342e383333332b3030302e3133392f""}"
2026-07-01T03:09:18Z,862272088542776,Codec8E,2026-06-27 09:48:35.000 UTC,1782553715000,0,40.1957833,-8.4507466,133,343,9,87,0,"{""239"":1,""240"":1,""21"":4,""200"":0,""69"":1,""237"":2,""113"":100,""303"":1,""383"":3,""1149"":1,""181"":13,""182"":10,""66"":14573,""24"":87,""206"":48740,""67"":4128,""68"":0,""13"":1381,""17"":9,""18"":-176,""19"":154,""15"":1000,""241"":26806,""199"":6445,""16"":87191,""12"":10720,""449"":0,""636"":1420331,""1148"":75,""11"":8935106000,""14"":1160700155,""387"":""2b3430313935372e383333332d303038343530372e343636372b3030302e3133332f""}"
2026-07-01T03:09:18Z,862272088542776,Codec8E,2026-06-27 09:48:39.000 UTC,1782553719000,0,40.1964816,-8.4512216,129,331,9,81,0,"{""239"":1,""240"":1,""21"":4,""200"":0,""69"":1,""237"":2,""113"":100,""303"":1,""383"":3,""1149"":1,""181"":13,""182"":10,""66"":14558,""24"":81,""206"":48740,""67"":4128,""68"":0,""13"":1381,""17"":63,""18"":-72,""19"":-5,""15"":1000,""241"":26806,""199"":6533,""16"":87279,""12"":10720,""449"":0,""636"":1420331,""1148"":75,""11"":8935106000,""14"":1160700155,""387"":""2b3430313936342e383136372d303038343531322e323136372b3030302e3132392f""}"
2026-07-01T03:09:18Z,862272088542776,Codec8E,2026-06-27 09:48:41.000 UTC,1782553721000,0,40.1967633,-8.4516133,127,320,7,81,0,"{""239"":1,""240"":1,""21"":4,""200"":0,""69"":1,""237"":2,""113"":100,""303"":1,""383"":3,""1149"":1,""181"":15,""182"":12,""66"":14589,""24"":81,""206"":48740,""67"":4128,""68"":0,""13"":1381,""17"":-14,""18"":193,""19"":43,""15"":1000,""241"":26806,""199"":6579,""16"":87325,""12"":10720,""449"":0,""636"":1420331,""1148"":75,""11"":8935106000,""14"":1160700155,""387"":""2b3430313936372e363333332d303038343531362e313333332b3030302e3132372f""}"
2026-07-01T03:09:18Z,862272088542776,Codec8E,2026-06-27 09:48:46.000 UTC,1782553726000,0,40.1975266,-8.4526016,121,325,8,84,0,"{""239"":1,""240"":1,""21"":4,""200"":0,""69"":1,""237"":2,""113"":100,""303"":1,""383"":3,""1149"":1,""181"":14,""182"":11,""66"":14557,""24"":84,""206"":48740,""67"":4128,""68"":0,""13"":1381,""17"":21,""18"":120,""19"":156,""15"":1000,""241"":26806,""199"":6699,""16"":87445,""12"":10720,""449"":0,""636"":1420331,""1148"":75,""11"":8935106000,""14"":1160700155,""387"":""2b3430313937352e323636372d303038343532362e303136372b3030302e3132312f""}"
2026-07-01T03:09:18Z,862272088542776,Codec8E,2026-06-27 09:48:50.000 UTC,1782553730000,0,40.1983300,-8.4531366,119,334,6,86,0,"{""239"":1,""240"":1,""21"":4,""200"":0,""69"":1,""237"":2,""113"":100,""303"":1,""383"":3,""1149"":1,""181"":32,""182"":18,""66"":14553,""24"":86,""206"":48740,""67"":4128,""68"":0,""13"":1381,""17"":58,""18"":-159,""19"":209,""15"":1000,""241"":26806,""199"":6799,""16"":87545,""12"":10720,""449"":0,""636"":1420331,""1148"":75,""11"":8935106000,""14"":1160700155,""387"":""2b3430313938332e333030302d303038343533312e333636372b3030302e3131392f""}"
2026-07-01T03:09:24Z,862272088542776,Codec8E,2026-06-27 09:48:55.000 UTC,1782553735000,0,40.1993466,-8.4536783,113,341,8,86,0,"{""239"":1,""240"":1,""21"":4,""200"":0,""69"":1,""237"":2,""113"":100,""303"":1,""383"":3,""1149"":1,""181"":15,""182"":12,""66"":14555,""24"":86,""206"":48740,""67"":4128,""68"":0,""13"":1381,""17"":-73,""18"":47,""19"":115,""15"":1000,""241"":26806,""199"":6921,""16"":87667,""12"":10720,""449"":0,""636"":1420331,""1148"":75,""11"":8935106000,""14"":1160700155,""387"":""2b3430313939332e343636372d303038343533362e373833332b3030302e3131332f""}"
2026-07-01T03:09:24Z,862272088542776,Codec8E,2026-06-27 09:48:58.000 UTC,1782553738000,0,40.1999833,-8.4539066,109,352,10,87,0,"{""239"":1,""240"":1,""21"":4,""200"":0,""69"":1,""237"":2,""113"":100,""303"":1,""383"":3,""1149"":1,""181"":20,""182"":11,""66"":14555,""24"":87,""206"":48740,""67"":4128,""68"":0,""13"":1381,""17"":-158,""18"":-47,""19"":8,""15"":1000,""241"":26806,""199"":6995,""16"":87741,""12"":10720,""449"":0,""636"":1420331,""1148"":75,""11"":8935106000,""14"":1160700155,""387"":""2b3430313939392e383333332d303038343533392e303636372b3030302e3130392f""}"
2026-07-01T03:09:24Z,862272088542776,Codec8E,2026-06-27 09:49:02.000 UTC,1782553742000,0,40.2009099,-8.4538866,108,7,10,91,0,"{""239"":1,""240"":1,""21"":4,""200"":0,""69"":1,""237"":2,""113"":100,""303"":1,""383"":3,""1149"":1,""181"":20,""182"":11,""66"":14566,""24"":91,""206"":48740,""67"":4128,""68"":0,""13"":1381,""17"":-26,""18"":101,""19"":88,""15"":1000,""241"":26806,""199"":7098,""16"":87844,""12"":10720,""449"":0,""636"":1420331,""1148"":79,""11"":8935106000,""14"":1160700155,""387"":""2b3430323030392e313030302d303038343533382e383636372b3030302e3130382f""}"
2026-07-01T03:09:24Z,862272088542776,Codec8E,2026-06-27 09:49:06.000 UTC,1782553746000,0,40.2018816,-8.4535650,110,17,9,94,0,"{""239"":1,""240"":1,""21"":4,""200"":0,""69"":1,""237"":2,""113"":100,""303"":1,""383"":3,""1149"":1,""181"":13,""182"":10,""66"":14558,""24"":94,""206"":48740,""67"":4128,""68"":0,""13"":1381,""17"":50,""18"":95,""19"":123,""15"":1000,""241"":26806,""199"":7210,""16"":87956,""12"":10720,""449"":0,""636"":1420331,""1148"":79,""11"":8935106000,""14"":1160700155,""387"":""2b3430323031382e383136372d303038343533352e363530302b3030302e3131302f""}"
2026-07-01T03:09:24Z,862272088542776,Codec8E,2026-06-27 09:49:08.000 UTC,1782553748000,0,40.2023200,-8.4532683,112,27,11,95,0,"{""239"":1,""240"":1,""21"":4,""200"":0,""69"":1,""237"":2,""113"":100,""303"":1,""383"":3,""1149"":1,""181"":11,""182"":8,""66"":14557,""24"":95,""206"":48740,""67"":4128,""68"":0,""13"":1381,""17"":-44,""18"":115,""19"":160,""15"":1000,""241"":26806,""199"":7265,""16"":88011,""12"":10720,""449"":0,""636"":1420331,""1148"":79,""11"":8935106000,""14"":1160700155,""387"":""2b3430323032332e323030302d303038343533322e363833332b3030302e3131322f""}"
2026-07-01T03:09:32Z,862272088542776,Codec8E,2026-06-27 09:49:12.000 UTC,1782553752000,0,40.2031166,-8.4525316,114,39,10,96,0,"{""239"":1,""240"":1,""21"":4,""200"":0,""69"":1,""237"":2,""113"":100,""303"":1,""383"":3,""1149"":1,""181"":12,""182"":9,""66"":14616,""24"":96,""206"":48740,""67"":4128,""68"":0,""13"":1381,""17"":-5,""18"":87,""19"":130,""15"":1000,""241"":26806,""199"":7373,""16"":88119,""12"":10720,""449"":0,""636"":894475,""1148"":79,""11"":8935106000,""14"":1160700155,""387"":""2b3430323033312e313636372d303038343532352e333136372b3030302e3131342f""}"
2026-07-01T03:09:32Z,862272088542776,Codec8E,2026-06-27 09:49:16.000 UTC,1782553756000,0,40.2037966,-8.4516033,116,45,10,96,0,"{""239"":1,""240"":1,""21"":4,""200"":0,""69"":1,""237"":2,""113"":100,""303"":1,""383"":3,""1149"":1,""181"":12,""182"":9,""66"":14605,""24"":96,""206"":48740,""67"":4128,""68"":0,""13"":1381,""17"":-45,""18"":-43,""19"":54,""15"":1000,""241"":26806,""199"":7483,""16"":88229,""12"":10720,""449"":0,""636"":894475,""1148"":79,""11"":8935106000,""14"":1160700155,""387"":""2b3430323033372e393636372d303038343531362e303333332b3030302e3131362f""}"
2026-07-01T03:09:32Z,862272088542776,Codec8E,2026-06-27 09:49:20.000 UTC,1782553760000,0,40.2044616,-8.4506333,114,45,10,96,0,"{""239"":1,""240"":1,""21"":4,""200"":0,""69"":1,""237"":2,""113"":100,""303"":1,""383"":3,""1149"":1,""181"":17,""182"":10,""66"":14570,""24"":96,""206"":48740,""67"":4128,""68"":0,""13"":1381,""17"":-39,""18"":-41,""19"":20,""15"":1000,""241"":26806,""199"":7593,""16"":88339,""12"":10720,""449"":0,""636"":894475,""1148"":79,""11"":8935106000,""14"":1160700155,""387"":""2b3430323034342e363136372d303038343530362e333333332b3030302e3131342f""}"
2026-07-01T03:09:32Z,862272088542776,Codec8E,2026-06-27 09:49:24.000 UTC,1782553764000,0,40.2051449,-8.4496983,112,44,10,97,0,"{""239"":1,""240"":1,""21"":4,""200"":0,""69"":1,""237"":2,""113"":100,""303"":1,""383"":3,""1149"":1,""181"":12,""182"":9,""66"":14621,""24"":97,""206"":48740,""67"":4128,""68"":0,""13"":1381,""17"":-41,""18"":3,""19"":194,""15"":1000,""241"":26806,""199"":7703,""16"":88449,""12"":10720,""449"":0,""636"":894475,""1148"":79,""11"":8935106000,""14"":1160700155,""387"":""2b3430323035312e343530302d303038343439362e393833332b3030302e3131322f""}"
2026-07-01T03:09:32Z,862272088542776,Codec8E,2026-06-27 09:49:28.000 UTC,1782553768000,0,40.2058216,-8.4487916,111,44,10,94,0,"{""239"":1,""240"":1,""21"":4,""200"":0,""69"":1,""237"":2,""113"":100,""303"":1,""383"":3,""1149"":1,""181"":17,""182"":10,""66"":14608,""24"":94,""206"":48740,""67"":4128,""68"":0,""13"":1381,""17"":113,""18"":-107,""19"":110,""15"":1000,""241"":26806,""199"":7811,""16"":88557,""12"":10720,""449"":0,""636"":609804,""1148"":79,""11"":8935106000,""14"":1160700155,""387"":""2b3430323035382e323136372d303038343438372e393136372b3030302e3131312f""}"
2026-07-01T03:09:33Z,862272088542776,Codec8E,2026-06-27 09:49:33.000 UTC,1782553773000,0,40.2066383,-8.4479300,111,33,9,84,0,"{""239"":1,""240"":1,""21"":5,""200"":0,""69"":1,""237"":2,""113"":100,""303"":1,""383"":3,""1149"":20,""181"":13,""182"":10,""66"":14586,""24"":84,""206"":48740,""67"":4128,""68"":0,""13"":1381,""17"":-49,""18"":-42,""19"":68,""15"":1000,""241"":26806,""199"":7927,""16"":88673,""12"":10720,""449"":0,""636"":609804,""1148"":70,""11"":8935106000,""14"":1160700155,""387"":""2b3430323036362e333833332d303038343437392e333030302b3030302e3131312f""}"
2026-07-01T03:09:33Z,862272088542776,Codec8E,2026-06-27 09:49:35.000 UTC,1782553775000,0,40.2070383,-8.4477200,110,21,8,84,0,"{""239"":1,""240"":1,""21"":5,""200"":0,""69"":1,""237"":2,""113"":100,""303"":1,""383"":3,""1149"":20,""181"":18,""182"":11,""66"":14550,""24"":84,""206"":48740,""67"":4128,""68"":0,""13"":1381,""17"":32,""18"":-13,""19"":12,""15"":1000,""241"":26806,""199"":7975,""16"":88721,""12"":10720,""449"":0,""636"":609804,""1148"":70,""11"":8935106000,""14"":1160700155,""387"":""2b3430323037302e333833332d303038343437372e323030302b3030302e3131302f""}"
2026-07-01T03:09:33Z,862272088542776,Codec8E,2026-06-27 09:49:40.000 UTC,1782553780000,0,40.2080633,-8.4472950,108,17,9,86,0,"{""239"":1,""240"":1,""21"":5,""200"":0,""69"":1,""237"":2,""113"":100,""303"":1,""383"":3,""1149"":20,""181"":13,""182"":11,""66"":14560,""24"":86,""206"":48740,""67"":4128,""68"":0,""13"":1381,""17"":67,""18"":-43,""19"":255,""15"":1000,""241"":26806,""199"":8095,""16"":88841,""12"":10720,""449"":0,""636"":609804,""1148"":70,""11"":8935106000,""14"":1160700155,""387"":""2b3430323038302e363333332d303038343437322e393530302b3030302e3130382f""}"
2026-07-01T03:09:33Z,862272088542776,Codec8E,2026-06-27 09:49:45.000 UTC,1782553785000,0,40.2090966,-8.4468733,107,17,8,87,0,"{""239"":1,""240"":1,""21"":5,""200"":0,""69"":1,""237"":2,""113"":100,""303"":1,""383"":3,""1149"":20,""181"":14,""182"":11,""66"":14599,""24"":87,""206"":48740,""67"":4128,""68"":0,""13"":1381,""17"":35,""18"":-1,""19"":69,""15"":1000,""241"":26806,""199"":8215,""16"":88961,""12"":10720,""449"":0,""636"":609804,""1148"":70,""11"":8935106000,""14"":1160700155,""387"":""2b3430323039302e393636372d303038343436382e373333332b3030302e3130372f""}"
2026-07-01T03:09:33Z,862272088542776,Codec8E,2026-06-27 09:49:50.000 UTC,1782553790000,0,40.2101200,-8.4464033,103,15,9,86,0,"{""239"":1,""240"":1,""21"":5,""200"":0,""69"":1,""237"":2,""113"":100,""303"":1,""383"":3,""1149"":20,""181"":13,""182"":10,""66"":14514,""24"":86,""206"":48740,""67"":4128,""68"":0,""13"":1381,""17"":53,""18"":-71,""19"":18,""15"":1000,""241"":26806,""199"":8336,""16"":89082,""12"":10720,""449"":0,""636"":609804,""1148"":70,""11"":8935106000,""14"":1160700155,""387"":""2b3430323130312e323030302d303038343436342e303333332b3030302e3130332f""}"
2026-07-01T03:09:35Z,862272088542776,Codec8E,2026-06-27 09:49:53.000 UTC,1782553793000,0,40.2107783,-8.4462699,99,5,9,86,0,"{""239"":1,""240"":1,""21"":5,""200"":0,""69"":1,""237"":2,""113"":100,""303"":1,""383"":3,""1149"":20,""181"":13,""182"":10,""66"":14537,""24"":86,""206"":48740,""67"":4128,""68"":0,""13"":1381,""17"":5,""18"":-62,""19"":56,""15"":1000,""241"":26806,""199"":8410,""16"":89156,""12"":10720,""449"":0,""636"":609804,""1148"":70,""11"":8935106000,""14"":1160700155,""387"":""2b3430323130372e373833332d303038343436322e373030302b3030302e3039392f""}"
2026-07-01T03:09:35Z,862272088542776,Codec8E,2026-06-27 09:49:58.000 UTC,1782553798000,0,40.2118733,-8.4463300,94,355,10,87,0,"{""239"":1,""240"":1,""21"":5,""200"":0,""69"":1,""237"":2,""113"":100,""303"":1,""383"":3,""1149"":20,""181"":13,""182"":9,""66"":14555,""24"":87,""206"":48740,""67"":4128,""68"":0,""13"":1381,""17"":105,""18"":47,""19"":105,""15"":1000,""241"":26806,""199"":8532,""16"":89278,""12"":10720,""449"":0,""636"":609804,""1148"":70,""11"":8935106000,""14"":1160700155,""387"":""2b3430323131382e373333332d303038343436332e333030302b3030302e3039342f""}"
2026-07-01T03:09:35Z,862272088542776,Codec8E,2026-06-27 09:50:03.000 UTC,1782553803000,0,40.2129683,-8.4463950,89,4,9,85,0,"{""239"":1,""240"":1,""21"":5,""200"":0,""69"":1,""237"":2,""113"":100,""303"":1,""383"":3,""1149"":20,""181"":23,""182"":12,""66"":14577,""24"":85,""206"":48740,""67"":4128,""68"":0,""13"":1381,""17"":118,""18"":18,""19"":86,""15"":1000,""241"":26806,""199"":8654,""16"":89400,""12"":10720,""449"":0,""636"":609804,""1148"":70,""11"":8935106000,""14"":1160700155,""387"":""2b3430323132392e363833332d303038343436332e393530302b3030302e3038392f""}"
2026-07-01T03:09:35Z,862272088542776,Codec8E,2026-06-27 09:50:07.000 UTC,1782553807000,0,40.2136366,-8.4462083,82,12,10,73,0,"{""239"":1,""240"":1,""21"":5,""200"":0,""69"":1,""237"":2,""113"":100,""303"":1,""383"":3,""1149"":20,""181"":13,""182"":9,""66"":14537,""24"":73,""206"":48740,""67"":4128,""68"":0,""13"":1381,""17"":176,""18"":162,""19"":74,""15"":1000,""241"":26806,""199"":8730,""16"":89476,""12"":10720,""449"":0,""636"":609834,""1148"":70,""11"":8935106000,""14"":1160700155,""387"":""2b3430323133362e333636372d303038343436322e303833332b3030302e3038322f""}"
2026-07-01T03:09:35Z,862272088542776,Codec8E,2026-06-27 09:50:08.000 UTC,1782553808000,0,40.2137316,-8.4461433,81,22,10,67,0,"{""239"":1,""240"":1,""21"":5,""200"":0,""69"":1,""237"":2,""113"":100,""303"":1,""383"":3,""1149"":20,""181"":22,""182"":11,""66"":14528,""24"":67,""206"":48740,""67"":4128,""68"":0,""13"":1381,""17"":101,""18"":158,""19"":84,""15"":1000,""241"":26806,""199"":8742,""16"":89488,""12"":10720,""449"":0,""636"":609834,""1148"":70,""11"":8935106000,""14"":1160700155,""387"":""2b3430323133372e333136372d303038343436312e343333332b3030302e3038312f""}"
2026-07-01T03:09:36Z,862272088542776,Codec8E,2026-06-27 09:50:10.000 UTC,1782553810000,0,40.2139016,-8.4460183,80,39,10,54,0,"{""239"":1,""240"":1,""21"":5,""200"":0,""69"":1,""237"":2,""113"":100,""303"":1,""383"":3,""1149"":20,""181"":22,""182"":11,""66"":14533,""24"":54,""206"":48740,""67"":4128,""68"":0,""13"":1381,""17"":256,""18"":25,""19"":16,""15"":1000,""241"":26806,""199"":8764,""16"":89510,""12"":10720,""449"":0,""636"":609804,""1148"":70,""11"":8935106000,""14"":1160700155,""387"":""2b3430323133392e303136372d303038343436302e313833332b3030302e3038302f""}"
2026-07-01T03:09:36Z,862272088542776,Codec8E,2026-06-27 09:50:12.000 UTC,1782553812000,0,40.2139866,-8.4459100,79,46,11,42,0,"{""239"":1,""240"":1,""21"":5,""200"":0,""69"":1,""237"":2,""113"":100,""303"":1,""383"":3,""1149"":20,""181"":12,""182"":9,""66"":14556,""24"":42,""206"":48740,""67"":4128,""68"":0,""13"":1381,""17"":-225,""18"":27,""19"":56,""15"":1000,""241"":26806,""199"":8777,""16"":89523,""12"":10720,""449"":0,""636"":609804,""1148"":70,""11"":8935106000,""14"":1160700155,""387"":""2b3430323133392e383636372d303038343435392e313030302b3030302e3037392f""}"
2026-07-01T03:09:36Z,862272088542776,Codec8E,2026-06-27 09:50:15.000 UTC,1782553815000,0,40.2140733,-8.4457766,78,54,11,30,0,"{""239"":1,""240"":1,""21"":5,""200"":0,""69"":1,""237"":2,""113"":100,""303"":1,""383"":3,""1149"":20,""181"":12,""182"":9,""66"":14607,""24"":30,""206"":48740,""67"":4128,""68"":0,""13"":1381,""17"":-230,""18"":0,""19"":43,""15"":1000,""241"":26806,""199"":8792,""16"":89538,""12"":10720,""449"":0,""636"":609804,""1148"":70,""11"":8935106000,""14"":1160700155,""387"":""2b3430323134302e373333332d303038343435372e373636372b3030302e3037382f""}"
2026-07-01T03:09:36Z,862272088542776,Codec8E,2026-06-27 09:50:16.000 UTC,1782553816000,0,40.2140816,-8.4456866,78,77,11,29,0,"{""239"":1,""240"":1,""21"":5,""200"":0,""69"":1,""237"":2,""113"":100,""303"":1,""383"":3,""1149"":20,""181"":20,""182"":11,""66"":14560,""24"":29,""206"":48740,""67"":4128,""68"":0,""13"":1381,""17"":-122,""18"":-197,""19"":54,""15"":1000,""241"":26806,""199"":8800,""16"":89546,""12"":10720,""449"":0,""636"":609804,""1148"":70,""11"":8935106000,""14"":1160700155,""387"":""2b3430323134302e383136372d303038343435362e383636372b3030302e3037382f""}"
2026-07-01T03:09:36Z,862272088542776,Codec8E,2026-06-27 09:50:20.000 UTC,1782553820000,0,40.2142183,-8.4452533,76,60,11,34,0,"{""239"":1,""240"":1,""21"":5,""200"":0,""69"":1,""237"":2,""113"":100,""303"":1,""383"":3,""1149"":20,""181"":20,""182"":11,""66"":14568,""24"":34,""206"":48740,""67"":4128,""68"":0,""13"":1381,""17"":-131,""18"":-30,""19"":45,""15"":1000,""241"":26806,""199"":8840,""16"":89586,""12"":10720,""449"":0,""636"":609834,""1148"":70,""11"":8935106000,""14"":1160700155,""387"":""2b3430323134322e313833332d303038343435322e353333332b3030302e3037362f""}"
2026-07-01T03:09:37Z,862272088542776,Codec8E,2026-06-27 09:50:21.000 UTC,1782553821000,0,40.2143216,-8.4451483,75,42,11,37,0,"{""239"":1,""240"":1,""21"":5,""200"":0,""69"":1,""237"":2,""113"":100,""303"":1,""383"":3,""1149"":20,""181"":20,""182"":11,""66"":14556,""24"":37,""206"":48740,""67"":4128,""68"":0,""13"":1381,""17"":-41,""18"":177,""19"":49,""15"":1000,""241"":26806,""199"":8855,""16"":89601,""12"":10720,""449"":0,""636"":609834,""1148"":70,""11"":8935106000,""14"":1160700155,""387"":""2b3430323134332e323136372d303038343435312e343833332b3030302e3037352f""}"
2026-07-01T03:09:37Z,862272088542776,Codec8E,2026-06-27 09:50:24.000 UTC,1782553824000,0,40.2145700,-8.4447633,72,54,11,45,0,"{""239"":1,""240"":1,""21"":5,""200"":0,""69"":1,""237"":2,""113"":100,""303"":1,""383"":3,""1149"":20,""181"":12,""182"":9,""66"":14591,""24"":45,""206"":48740,""67"":4128,""68"":0,""13"":1381,""17"":-98,""18"":13,""19"":41,""15"":1000,""241"":26806,""199"":8897,""16"":89643,""12"":10720,""449"":0,""636"":609834,""1148"":70,""11"":8935106000,""14"":1160700155,""387"":""2b3430323134352e373030302d303038343434372e363333332b3030302e3037322f""}"
2026-07-01T03:09:37Z,862272088542776,Codec8E,2026-06-27 09:50:26.000 UTC,1782553826000,0,40.2146733,-8.4444200,71,68,11,49,0,"{""239"":1,""240"":1,""21"":5,""200"":0,""69"":1,""237"":2,""113"":100,""303"":1,""383"":3,""1149"":20,""181"":20,""182"":11,""66"":14562,""24"":49,""206"":48740,""67"":4128,""68"":0,""13"":1381,""17"":-17,""18"":-38,""19"":29,""15"":1000,""241"":26806,""199"":8929,""16"":89675,""12"":10720,""449"":0,""636"":609834,""1148"":70,""11"":8935106000,""14"":1160700155,""387"":""2b3430323134362e373333332d303038343434342e323030302b3030302e3037312f""}"
2026-07-01T03:09:37Z,862272088542776,Codec8E,2026-06-27 09:50:32.000 UTC,1782553832000,0,40.2148783,-8.4432650,68,77,11,56,0,"{""239"":1,""240"":1,""21"":5,""200"":0,""69"":1,""237"":2,""113"":100,""303"":1,""383"":3,""1149"":1,""181"":12,""182"":9,""66"":14563,""24"":56,""206"":48740,""67"":4128,""68"":0,""13"":1381,""17"":-10,""18"":191,""19"":67,""15"":1000,""241"":26806,""199"":9029,""16"":89775,""12"":10720,""449"":0,""636"":609834,""1148"":73,""11"":8935106000,""14"":1160700155,""387"":""2b3430323134382e373833332d303038343433322e363530302b3030302e3036382f""}"
2026-07-01T03:09:37Z,862272088542776,Codec8E,2026-06-27 09:50:33.000 UTC,1782553833000,0,40.2148449,-8.4431083,68,98,11,54,0,"{""239"":1,""240"":1,""21"":5,""200"":0,""69"":1,""237"":2,""113"":100,""303"":1,""383"":3,""1149"":1,""181"":20,""182"":11,""66"":14560,""24"":54,""206"":48740,""67"":4128,""68"":0,""13"":1381,""17"":-39,""18"":61,""19"":117,""15"":1000,""241"":26806,""199"":9043,""16"":89789,""12"":10720,""449"":0,""636"":609834,""1148"":73,""11"":8935106000,""14"":1160700155,""387"":""2b3430323134382e343530302d303038343433312e303833332b3030302e3036382f""}"
2026-07-01T03:09:39Z,862272088542776,Codec8E,2026-06-27 09:50:35.000 UTC,1782553835000,0,40.2147516,-8.4427933,67,109,11,52,0,"{""239"":1,""240"":1,""21"":5,""200"":0,""69"":1,""237"":2,""113"":100,""303"":1,""383"":3,""1149"":1,""181"":12,""182"":9,""66"":14603,""24"":52,""206"":48740,""67"":4128,""68"":0,""13"":1381,""17"":-83,""18"":17,""19"":24,""15"":1000,""241"":26806,""199"":9072,""16"":89818,""12"":10720,""449"":0,""636"":1629728,""1148"":73,""11"":8935106000,""14"":1160700155,""387"":""2b3430323134372e353136372d303038343432372e393333332b3030302e3036372f""}"
2026-07-01T03:09:39Z,862272088542776,Codec8E,2026-06-27 09:50:40.000 UTC,1782553840000,0,40.2143766,-8.4420600,66,121,11,54,0,"{""239"":1,""240"":1,""21"":5,""200"":0,""69"":1,""237"":2,""113"":100,""303"":1,""383"":3,""1149"":1,""181"":12,""182"":9,""66"":14555,""24"":54,""206"":48740,""67"":4128,""68"":0,""13"":1381,""17"":-63,""18"":129,""19"":75,""15"":1000,""241"":26806,""199"":9147,""16"":89893,""12"":10720,""449"":0,""636"":1629728,""1148"":73,""11"":8935106000,""14"":1160700155,""387"":""2b3430323134332e373636372d303038343432302e363030302b3030302e3036362f""}"
2026-07-01T03:09:39Z,862272088542776,Codec8E,2026-06-27 09:50:42.000 UTC,1782553842000,0,40.2141516,-8.4418416,65,136,9,53,0,"{""239"":1,""240"":1,""21"":5,""200"":0,""69"":1,""237"":2,""113"":100,""303"":1,""383"":3,""1149"":1,""181"":14,""182"":11,""66"":14607,""24"":53,""206"":48740,""67"":4128,""68"":0,""13"":1381,""17"":-67,""18"":33,""19"":13,""15"":1000,""241"":26806,""199"":9179,""16"":89925,""12"":10720,""449"":0,""636"":1629728,""1148"":73,""11"":8935106000,""14"":1160700155,""387"":""2b3430323134312e353136372d303038343431382e343136372b3030302e3036352f""}"
2026-07-01T03:09:39Z,862272088542776,Codec8E,2026-06-27 09:50:43.000 UTC,1782553843000,0,40.2139766,-8.4418100,65,157,8,53,0,"{""239"":1,""240"":1,""21"":5,""200"":0,""69"":1,""237"":2,""113"":100,""303"":1,""383"":3,""1149"":1,""181"":27,""182"":15,""66"":14555,""24"":53,""206"":48740,""67"":4128,""68"":0,""13"":1381,""17"":-71,""18"":26,""19"":231,""15"":1000,""241"":26806,""199"":9198,""16"":89944,""12"":10720,""449"":0,""636"":1629728,""1148"":73,""11"":8935106000,""14"":1160700155,""387"":""2b3430323133392e373636372d303038343431382e313030302b3030302e3036352f""}"
2026-07-01T03:09:39Z,862272088542776,Codec8E,2026-06-27 09:50:49.000 UTC,1782553849000,0,40.2130066,-8.4414399,61,156,9,61,0,"{""239"":1,""240"":1,""21"":5,""200"":0,""69"":1,""237"":2,""113"":100,""303"":1,""383"":3,""1149"":1,""181"":13,""182"":10,""66"":14590,""24"":61,""206"":48740,""67"":4128,""68"":0,""13"":1381,""17"":-8,""18"":-53,""19"":36,""15"":1000,""241"":26806,""199"":9311,""16"":90057,""12"":10720,""449"":0,""636"":1629728,""1148"":73,""11"":8935106000,""14"":1160700155,""387"":""2b3430323133302e303636372d303038343431342e343030302b3030302e3036312f""}"
2026-07-01T03:09:43Z,862272088542776,Codec8E,2026-06-27 09:50:56.000 UTC,1782553856000,0,40.2121133,-8.4408766,62,161,9,51,0,"{""239"":1,""240"":1,""21"":5,""200"":0,""69"":1,""237"":2,""113"":100,""303"":1,""383"":3,""1149"":1,""181"":22,""182"":11,""66"":14555,""24"":51,""206"":48740,""67"":4128,""68"":0,""13"":1381,""17"":22,""18"":365,""19"":62,""15"":1000,""241"":26806,""199"":9421,""16"":90167,""12"":10720,""449"":0,""636"":1629728,""1148"":73,""11"":8935106000,""14"":1160700155,""387"":""2b3430323132312e313333332d303038343430382e373636372b3030302e3036322f""}"
2026-07-01T03:09:43Z,862272088542776,Codec8E,2026-06-27 09:50:57.000 UTC,1782553857000,0,40.2120233,-8.4408683,63,181,9,47,0,"{""239"":1,""240"":1,""21"":5,""200"":0,""69"":1,""237"":2,""113"":100,""303"":1,""383"":3,""1149"":1,""181"":22,""182"":11,""66"":14561,""24"":47,""206"":48740,""67"":4128,""68"":0,""13"":1381,""17"":-59,""18"":361,""19"":27,""15"":1000,""241"":26806,""199"":9431,""16"":90177,""12"":10720,""449"":0,""636"":1629728,""1148"":73,""11"":8935106000,""14"":1160700155,""387"":""2b3430323132302e323333332d303038343430382e363833332b3030302e3036332f""}"
2026-07-01T03:09:43Z,862272088542776,Codec8E,2026-06-27 09:50:59.000 UTC,1782553859000,0,40.2118600,-8.4409116,65,192,9,40,0,"{""239"":1,""240"":1,""21"":5,""200"":0,""69"":1,""237"":2,""113"":100,""303"":1,""383"":3,""1149"":7,""181"":13,""182"":10,""66"":14563,""24"":40,""206"":48740,""67"":4128,""68"":0,""13"":1381,""17"":-43,""18"":402,""19"":12,""15"":1000,""241"":26806,""199"":9449,""16"":90195,""12"":10720,""449"":0,""636"":1629728,""1148"":64,""11"":8935106000,""14"":1160700155,""387"":""2b3430323131382e363030302d303038343430392e313136372b3030302e3036352f""}"
2026-07-01T03:09:43Z,862272088542776,Codec8E,2026-06-27 09:51:01.000 UTC,1782553861000,0,40.2117550,-8.4410316,67,209,9,35,0,"{""239"":1,""240"":1,""21"":5,""200"":0,""69"":1,""237"":2,""113"":100,""303"":1,""383"":3,""1149"":7,""181"":22,""182"":11,""66"":14619,""24"":35,""206"":48740,""67"":4128,""68"":0,""13"":1381,""17"":-178,""18"":248,""19"":9,""15"":1000,""241"":26806,""199"":9465,""16"":90211,""12"":10720,""449"":0,""636"":1629728,""1148"":64,""11"":8935106000,""14"":1160700155,""387"":""2b3430323131372e353530302d303038343431302e333136372b3030302e3036372f""}"
2026-07-01T03:09:43Z,862272088542776,Codec8E,2026-06-27 09:51:03.000 UTC,1782553863000,0,40.2118633,-8.4412200,69,305,8,29,0,"{""239"":1,""240"":1,""21"":5,""200"":0,""69"":1,""237"":2,""113"":100,""303"":1,""383"":3,""1149"":7,""181"":32,""182"":13,""66"":14557,""24"":29,""206"":48740,""67"":4128,""68"":0,""13"":1381,""17"":-210,""18"":76,""19"":26,""15"":1000,""241"":26806,""199"":9491,""16"":90237,""12"":10720,""449"":0,""636"":1629728,""1148"":64,""11"":8935106000,""14"":1160700155,""387"":""2b3430323131382e363333332d303038343431322e323030302b3030302e3036392f""}"
2026-07-01T03:09:57Z,862272088542776,Codec8E,2026-06-27 09:51:04.000 UTC,1782553864000,0,40.2119633,-8.4412766,71,330,8,28,0,"{""239"":1,""240"":1,""21"":5,""200"":0,""69"":1,""237"":2,""113"":100,""303"":1,""383"":3,""1149"":7,""181"":27,""182"":12,""66"":14619,""24"":28,""206"":48740,""67"":4128,""68"":0,""13"":1381,""17"":-158,""18"":65,""19"":57,""15"":1000,""241"":26806,""199"":9503,""16"":90249,""12"":10720,""449"":0,""636"":1629728,""1148"":64,""11"":8935106000,""14"":1160700155,""387"":""2b3430323131392e363333332d303038343431322e373636372b3030302e3037312f""}"
2026-07-01T03:09:57Z,862272088542776,Codec8E,2026-06-27 09:51:11.000 UTC,1782553871000,0,40.2126383,-8.4417183,77,323,9,38,0,"{""239"":1,""240"":1,""21"":5,""200"":0,""69"":1,""237"":2,""113"":100,""303"":1,""383"":3,""1149"":7,""181"":13,""182"":10,""66"":14623,""24"":38,""206"":48740,""67"":4128,""68"":0,""13"":1381,""17"":-125,""18"":-20,""19"":101,""15"":1000,""241"":26806,""199"":9587,""16"":90333,""12"":10720,""449"":0,""636"":1629728,""1148"":64,""11"":8935106000,""14"":1160700155,""387"":""2b3430323132362e333833332d303038343431372e313833332b3030302e3037372f""}"
2026-07-01T03:09:57Z,862272088542776,Codec8E,2026-06-27 09:51:13.000 UTC,1782553873000,0,40.2127750,-8.4419066,77,312,9,39,0,"{""239"":1,""240"":1,""21"":5,""200"":0,""69"":1,""237"":2,""113"":100,""303"":1,""383"":3,""1149"":7,""181"":13,""182"":10,""66"":14573,""24"":39,""206"":48740,""67"":4128,""68"":0,""13"":1381,""17"":-142,""18"":-43,""19"":55,""15"":1000,""241"":26806,""199"":9609,""16"":90355,""12"":10720,""449"":0,""636"":1629728,""1148"":64,""11"":8935106000,""14"":1160700155,""387"":""2b3430323132372e373530302d303038343431392e303636372b3030302e3037372f""}"
2026-07-01T03:09:57Z,862272088542776,Codec8E,2026-06-27 09:51:16.000 UTC,1782553876000,0,40.2129683,-8.4422766,77,301,9,41,0,"{""239"":1,""240"":1,""21"":5,""200"":0,""69"":1,""237"":2,""113"":100,""303"":1,""383"":3,""1149"":7,""181"":22,""182"":11,""66"":14558,""24"":41,""206"":48740,""67"":4128,""68"":0,""13"":1381,""17"":-132,""18"":-97,""19"":56,""15"":1000,""241"":26806,""199"":9648,""16"":90394,""12"":10720,""449"":0,""636"":1629728,""1148"":64,""11"":8935106000,""14"":1160700155,""387"":""2b3430323132392e363833332d303038343432322e373636372b3030302e3037372f""}"
2026-07-01T03:09:57Z,862272088542776,Codec8E,2026-06-27 09:51:18.000 UTC,1782553878000,0,40.2130516,-8.4425566,78,290,9,42,0,"{""239"":1,""240"":1,""21"":5,""200"":0,""69"":1,""237"":2,""113"":100,""303"":1,""383"":3,""1149"":7,""181"":13,""182"":10,""66"":14597,""24"":42,""206"":48740,""67"":4128,""68"":0,""13"":1381,""17"":-131,""18"":-35,""19"":70,""15"":1000,""241"":26806,""199"":9673,""16"":90419,""12"":10720,""449"":0,""636"":1629728,""1148"":64,""11"":8935106000,""14"":1160700155,""387"":""2b3430323133302e353136372d303038343432352e353636372b3030302e3037382f""}"
2026-07-01T03:09:58Z,862272088542776,Codec8E,2026-06-27 09:51:21.000 UTC,1782553881000,0,40.2131016,-8.4430083,78,279,9,42,0,"{""239"":1,""240"":1,""21"":5,""200"":0,""69"":1,""237"":2,""113"":100,""303"":1,""383"":3,""1149"":7,""181"":13,""182"":10,""66"":14572,""24"":42,""206"":48740,""67"":4128,""68"":0,""13"":1381,""17"":-96,""18"":5,""19"":17,""15"":1000,""241"":26806,""199"":9712,""16"":90458,""12"":10720,""449"":0,""636"":1629728,""1148"":64,""11"":8935106000,""14"":1160700155,""387"":""2b3430323133312e303136372d303038343433302e303833332b3030302e3037382f""}"
2026-07-01T03:09:58Z,862272088542776,Codec8E,2026-06-27 09:51:23.000 UTC,1782553883000,0,40.2130283,-8.4433416,79,263,10,42,0,"{""239"":1,""240"":1,""21"":5,""200"":0,""69"":1,""237"":2,""113"":100,""303"":1,""383"":3,""1149"":7,""181"":13,""182"":9,""66"":14571,""24"":42,""206"":48740,""67"":4128,""68"":0,""13"":1381,""17"":2,""18"":33,""19"":75,""15"":1000,""241"":26806,""199"":9742,""16"":90488,""12"":10720,""449"":0,""636"":1629728,""1148"":64,""11"":8935106000,""14"":1160700155,""387"":""2b3430323133302e323833332d303038343433332e343136372b3030302e3037392f""}"
2026-07-01T03:09:58Z,862272088542776,Codec8E,2026-06-27 09:52:01.000 UTC,1782553921000,0,40.2128900,-8.4441850,84,0,0,0,303,"{""239"":1,""240"":1,""21"":3,""200"":0,""69"":2,""237"":2,""113"":0,""303"":0,""383"":3,""1149"":7,""181"":0,""182"":0,""66"":14591,""24"":0,""206"":48740,""67"":4133,""68"":0,""13"":1381,""17"":-75,""18"":-4,""19"":-2,""15"":0,""241"":26806,""199"":9815,""16"":90561,""12"":10720,""449"":0,""636"":666409,""1148"":92,""11"":8935106000,""14"":1160700155,""387"":""2b3430323132382e393030302d303038343434312e383530302b3030302e3038342f""}"
2026-07-01T03:09:58Z,862272088542776,Codec8E,2026-06-27 09:52:02.000 UTC,1782553922000,0,40.2128900,-8.4441850,84,0,0,0,303,"{""239"":1,""240"":1,""21"":3,""200"":0,""69"":2,""237"":2,""113"":0,""303"":1,""383"":3,""1149"":7,""181"":0,""182"":0,""66"":14528,""24"":0,""206"":48740,""67"":4149,""68"":50,""13"":1381,""17"":-50,""18"":-40,""19"":13,""15"":0,""241"":26806,""199"":9815,""16"":90561,""12"":10720,""449"":0,""636"":666409,""1148"":92,""11"":8935106000,""14"":1160700155,""387"":""2b3430323132382e393030302d303038343434312e383530302b3030302e3038342f""}"
2026-07-01T03:09:58Z,862272088542776,Codec8E,2026-06-27 09:52:03.000 UTC,1782553923000,0,40.2128900,-8.4441850,84,0,0,0,303,"{""239"":1,""240"":1,""21"":3,""200"":0,""69"":2,""237"":2,""113"":0,""303"":0,""383"":3,""1149"":7,""181"":0,""182"":0,""66"":14528,""24"":0,""206"":48740,""67"":4152,""68"":53,""13"":1381,""17"":-42,""18"":-10,""19"":62,""15"":0,""241"":26806,""199"":9815,""16"":90561,""12"":10720,""449"":0,""636"":666409,""1148"":92,""11"":8935106000,""14"":1160700155,""387"":""2b3430323132382e393030302d303038343434312e383530302b3030302e3038342f""}"
2026-07-01T03:09:59Z,862272088542776,Codec8E,2026-06-27 09:52:09.000 UTC,1782553929000,0,40.2128900,-8.4441850,84,0,0,0,303,"{""239"":1,""240"":1,""21"":3,""200"":0,""69"":2,""237"":2,""113"":100,""303"":1,""383"":3,""1149"":7,""181"":0,""182"":0,""66"":14588,""24"":0,""206"":48740,""67"":4131,""68"":0,""13"":1381,""17"":-37,""18"":-18,""19"":2,""15"":0,""241"":26806,""199"":9815,""16"":90561,""12"":10720,""449"":0,""636"":666409,""1148"":92,""11"":8935106000,""14"":1160700155,""387"":""2b3430323132382e393030302d303038343434312e383530302b3030302e3038342f""}"
2026-07-01T03:09:59Z,862272088542776,Codec8E,2026-06-27 09:52:32.000 UTC,1782553952000,0,40.2128900,-8.4441850,84,0,0,0,303,"{""239"":1,""240"":1,""21"":3,""200"":0,""69"":2,""237"":2,""113"":100,""303"":0,""383"":3,""1149"":1,""181"":0,""182"":0,""66"":14610,""24"":0,""206"":48740,""67"":4128,""68"":0,""13"":1381,""17"":-36,""18"":-7,""19"":42,""15"":0,""241"":26806,""199"":9815,""16"":90561,""12"":10720,""449"":0,""636"":666409,""1148"":84,""11"":8935106000,""14"":1160700155,""387"":""2b3430323132382e393030302d303038343434312e383530302b3030302e3038342f""}"
2026-07-01T03:09:59Z,862272088542776,Codec8E,2026-06-27 09:52:33.000 UTC,1782553953000,0,40.2128900,-8.4441850,84,0,0,0,303,"{""239"":1,""240"":1,""21"":3,""200"":0,""69"":2,""237"":2,""113"":100,""303"":1,""383"":3,""1149"":1,""181"":0,""182"":0,""66"":14548,""24"":0,""206"":48740,""67"":4128,""68"":0,""13"":1381,""17"":-47,""18"":114,""19"":-6,""15"":0,""241"":26806,""199"":9815,""16"":90561,""12"":10720,""449"":0,""636"":666409,""1148"":84,""11"":8935106000,""14"":1160700155,""387"":""2b3430323132382e393030302d303038343434312e383530302b3030302e3038342f""}"
2026-07-01T03:09:59Z,862272088542776,Codec8E,2026-06-27 09:53:38.000 UTC,1782554018000,0,40.2128900,-8.4441850,84,0,0,0,303,"{""239"":1,""240"":1,""21"":3,""200"":0,""69"":2,""237"":2,""113"":100,""303"":0,""383"":3,""1149"":1,""181"":0,""182"":0,""66"":14538,""24"":0,""206"":48740,""67"":4128,""68"":0,""13"":1381,""17"":-50,""18"":-35,""19"":8,""15"":0,""241"":26806,""199"":9815,""16"":90561,""12"":10720,""449"":0,""636"":666409,""1148"":85,""11"":8935106000,""14"":1160700155,""387"":""2b3430323132382e393030302d303038343434312e383530302b3030302e3038342f""}"
2026-07-01T03:09:59Z,862272088542776,Codec8E,2026-06-27 09:54:36.000 UTC,1782554076000,0,40.2128900,-8.4441850,84,0,0,0,239,"{""239"":0,""240"":1,""21"":3,""200"":0,""69"":2,""237"":2,""113"":100,""303"":0,""383"":3,""1149"":1,""181"":0,""182"":0,""66"":13158,""24"":0,""206"":48740,""67"":4128,""68"":0,""13"":1381,""17"":-36,""18"":-23,""19"":4,""15"":0,""241"":26806,""199"":9815,""16"":90561,""12"":10720,""449"":0,""636"":666409,""1148"":90,""11"":8935106000,""14"":1160700155,""387"":""2b3430323132382e393030302d303038343434312e383530302b3030302e3038342f""}"
2026-07-01T03:10:01Z,862272088542776,Codec8E,2026-06-27 09:54:37.000 UTC,1782554077000,0,40.2128900,-8.4441850,84,0,0,0,240,"{""239"":0,""240"":0,""21"":3,""200"":0,""69"":2,""237"":2,""113"":100,""303"":0,""383"":3,""1149"":1,""181"":0,""182"":0,""66"":13087,""24"":0,""206"":48740,""67"":4128,""68"":0,""13"":1381,""17"":-37,""18"":-22,""19"":4,""15"":0,""241"":26806,""199"":9815,""16"":90561,""12"":10720,""449"":0,""636"":666409,""1148"":90,""11"":8935106000,""14"":1160700155,""387"":""2b3430323132382e393030302d303038343434312e383530302b3030302e3038342f""}"
2026-07-01T03:10:01Z,862272088542776,Codec8E,2026-06-27 10:54:37.000 UTC,1782557677000,0,40.2128900,-8.4441850,0,0,0,0,0,"{""239"":0,""240"":0,""21"":3,""200"":0,""69"":2,""237"":2,""113"":100,""303"":0,""383"":3,""1149"":1,""181"":0,""182"":0,""66"":13060,""24"":0,""206"":48740,""67"":4128,""68"":0,""13"":1381,""17"":-36,""18"":-22,""19"":4,""15"":1000,""241"":26806,""199"":0,""16"":90561,""12"":10720,""449"":0,""636"":666409,""1148"":81,""11"":8935106000,""14"":1160700155,""387"":""2b3430323132382e393030302d303038343434312e383530302b3030302e3030302f""}"
2026-07-01T03:10:01Z,862272088542776,Codec8E,2026-06-27 11:11:39.000 UTC,1782558699000,0,40.2128900,-8.4441850,0,0,0,0,239,"{""239"":1,""240"":0,""21"":4,""200"":0,""69"":2,""237"":2,""113"":100,""303"":0,""383"":3,""1149"":1,""181"":0,""182"":0,""66"":15038,""24"":0,""206"":48740,""67"":4128,""68"":0,""13"":1381,""17"":-32,""18"":-26,""19"":0,""15"":1000,""241"":26806,""199"":0,""16"":90561,""12"":10720,""449"":0,""636"":666409,""1148"":82,""11"":8935106000,""14"":1160700155,""387"":""2b3430323132382e393030302d303038343434312e383530302b3030302e3030302f""}"
2026-07-01T03:10:01Z,862272088542776,Codec8E,2026-06-27 11:11:43.000 UTC,1782558703000,0,40.2128900,-8.4441850,0,0,0,0,303,"{""239"":1,""240"":0,""21"":4,""200"":0,""69"":2,""237"":2,""113"":100,""303"":1,""383"":3,""1149"":1,""181"":0,""182"":0,""66"":14595,""24"":0,""206"":48740,""67"":4128,""68"":0,""13"":1226,""17"":-33,""18"":-31,""19"":6,""15"":1000,""241"":26806,""199"":0,""16"":90561,""12"":10721,""449"":0,""636"":666409,""1148"":82,""11"":8935106000,""14"":1160700155,""387"":""2b3430323132382e393030302d303038343434312e383530302b3030302e3030302f""}"
2026-07-01T03:10:01Z,862272088542776,Codec8E,2026-06-27 11:11:45.000 UTC,1782558705000,0,40.2128900,-8.4441850,0,0,0,0,240,"{""239"":1,""240"":1,""21"":0,""200"":0,""69"":2,""237"":99,""113"":100,""303"":1,""383"":3,""1149"":0,""181"":0,""182"":0,""66"":14613,""24"":0,""206"":0,""67"":4128,""68"":0,""13"":1226,""17"":-36,""18"":-19,""19"":6,""15"":1000,""241"":0,""199"":0,""16"":90561,""12"":10721,""449"":0,""636"":0,""1148"":0,""11"":8935106000,""14"":1160700155,""387"":""2b3430323132382e393030302d303038343434312e383530302b3030302e3030302f""}"
2026-07-01T03:10:02Z,862272088542776,Codec8E,2026-06-27 11:11:46.000 UTC,1782558706000,0,40.2128900,-8.4441850,0,0,0,0,303,"{""239"":1,""240"":1,""21"":0,""200"":0,""69"":2,""237"":99,""113"":100,""303"":0,""383"":3,""1149"":0,""181"":0,""182"":0,""66"":14557,""24"":0,""206"":0,""67"":4128,""68"":0,""13"":1226,""17"":-35,""18"":-24,""19"":7,""15"":1000,""241"":0,""199"":0,""16"":90561,""12"":10721,""449"":0,""636"":0,""1148"":0,""11"":8935106000,""14"":1160700155,""387"":""2b3430323132382e393030302d303038343434312e383530302b3030302e3030302f""}"
2026-07-01T03:10:02Z,862272088542776,Codec8E,2026-06-27 11:12:56.000 UTC,1782558776000,0,40.2128900,-8.4441850,0,0,0,0,303,"{""239"":1,""240"":1,""21"":3,""200"":0,""69"":2,""237"":2,""113"":100,""303"":1,""383"":3,""1149"":1,""181"":0,""182"":0,""66"":14569,""24"":0,""206"":48740,""67"":4128,""68"":0,""13"":1226,""17"":-66,""18"":-20,""19"":-3,""15"":0,""241"":26806,""199"":0,""16"":90561,""12"":10721,""449"":0,""636"":666409,""1148"":89,""11"":8935106000,""14"":1160700155,""387"":""2b3430323132382e393030302d303038343434312e383530302b3030302e3030302f""}"
2026-07-01T03:10:02Z,862272088542776,Codec8E,2026-06-27 11:17:56.000 UTC,1782559076000,0,40.2128900,-8.4441850,0,0,0,0,0,"{""239"":1,""240"":1,""21"":4,""200"":0,""69"":2,""237"":2,""113"":100,""303"":1,""383"":3,""1149"":1,""181"":0,""182"":0,""66"":14631,""24"":0,""206"":48740,""67"":4128,""68"":0,""13"":1226,""17"":-21,""18"":6,""19"":109,""15"":0,""241"":26806,""199"":0,""16"":90561,""12"":10721,""449"":0,""636"":894506,""1148"":82,""11"":8935106000,""14"":1160700155,""387"":""2b3430323132382e393030302d303038343434312e383530302b3030302e3030302f""}"
2026-07-01T03:10:02Z,862272088542776,Codec8E,2026-06-27 11:22:56.000 UTC,1782559376000,0,40.2128900,-8.4441850,0,0,0,0,0,"{""239"":1,""240"":1,""21"":4,""200"":0,""69"":2,""237"":2,""113"":100,""303"":1,""383"":3,""1149"":1,""181"":0,""182"":0,""66"":14550,""24"":0,""206"":48740,""67"":4128,""68"":0,""13"":1226,""17"":69,""18"":-322,""19"":38,""15"":0,""241"":26806,""199"":0,""16"":90561,""12"":10721,""449"":0,""636"":1418795,""1148"":78,""11"":8935106000,""14"":1160700155,""387"":""2b3430323132382e393030302d303038343434312e383530302b3030302e3030302f""}"
2026-07-01T03:10:02Z,862272088542776,Codec8E,2026-06-27 11:24:29.000 UTC,1782559469000,0,40.2128900,-8.4441850,0,0,0,0,303,"{""239"":1,""240"":1,""21"":5,""200"":0,""69"":2,""237"":2,""113"":100,""303"":0,""383"":3,""1149"":20,""181"":0,""182"":0,""66"":14552,""24"":0,""206"":48740,""67"":4128,""68"":0,""13"":1226,""17"":35,""18"":-27,""19"":5,""15"":0,""241"":26806,""199"":0,""16"":90561,""12"":10721,""449"":0,""636"":1418793,""1148"":57,""11"":8935106000,""14"":1160700155,""387"":""2b3430323132382e393030302d303038343434312e383530302b3030302e3030302f""}"
2026-07-01T03:10:03Z,862272088542776,Codec8E,2026-06-27 11:25:11.000 UTC,1782559511000,0,40.1449133,-8.4591383,114,0,5,0,0,"{""239"":1,""240"":1,""21"":5,""200"":0,""69"":1,""237"":2,""113"":100,""303"":0,""383"":3,""1149"":1,""181"":21,""182"":19,""66"":14601,""24"":0,""206"":48740,""67"":4128,""68"":0,""13"":1226,""17"":-16,""18"":-22,""19"":4,""15"":0,""241"":26806,""199"":0,""16"":90561,""12"":10721,""449"":0,""636"":1418793,""1148"":55,""11"":8935106000,""14"":1160700155,""387"":""2b3430313434392e313333332d303038343539312e333833332b3030302e3131342f""}"
2026-07-01T03:10:03Z,862272088542776,Codec8E,2026-06-27 11:25:29.000 UTC,1782559529000,0,40.1449450,-8.4589266,52,0,5,0,240,"{""239"":1,""240"":0,""21"":5,""200"":0,""69"":1,""237"":2,""113"":100,""303"":0,""383"":3,""1149"":1,""181"":21,""182"":19,""66"":13115,""24"":0,""206"":48740,""67"":4128,""68"":0,""13"":1226,""17"":-16,""18"":-22,""19"":4,""15"":0,""241"":26806,""199"":0,""16"":90561,""12"":10725,""449"":0,""636"":1418793,""1148"":55,""11"":8935106000,""14"":1160700155,""387"":""2b3430313434392e343530302d303038343538392e323636372b3030302e3035322f""}"
2026-07-01T03:10:03Z,862272088542776,Codec8E,2026-06-27 11:25:30.000 UTC,1782559530000,0,40.1449450,-8.4589266,50,0,5,0,239,"{""239"":0,""240"":0,""21"":5,""200"":0,""69"":1,""237"":2,""113"":100,""303"":0,""383"":3,""1149"":1,""181"":21,""182"":19,""66"":13063,""24"":0,""206"":48740,""67"":4128,""68"":0,""13"":1226,""17"":-13,""18"":-23,""19"":5,""15"":0,""241"":26806,""199"":0,""16"":90561,""12"":10725,""449"":0,""636"":1418793,""1148"":55,""11"":8935106000,""14"":1160700155,""387"":""2b3430313434392e343530302d303038343538392e323636372b3030302e3035302f""}"
2026-07-01T03:10:03Z,862272088542776,Codec8E,2026-06-27 11:35:06.000 UTC,1782560106000,0,40.1449450,-8.4589266,108,0,9,0,239,"{""239"":1,""240"":0,""21"":5,""200"":0,""69"":1,""237"":2,""113"":100,""303"":0,""383"":3,""1149"":1,""181"":14,""182"":11,""66"":15076,""24"":0,""206"":48740,""67"":4128,""68"":0,""13"":1226,""17"":-18,""18"":-25,""19"":9,""15"":0,""241"":26806,""199"":0,""16"":90561,""12"":10726,""449"":0,""636"":1418793,""1148"":57,""11"":8935106000,""14"":1160700155,""387"":""2b3430313434392e343530302d303038343538392e323636372b3030302e3130382f""}"
2026-07-01T03:10:03Z,862272088542776,Codec8E,2026-06-27 11:35:57.000 UTC,1782560157000,0,40.1449450,-8.4589266,107,0,9,0,303,"{""239"":1,""240"":0,""21"":5,""200"":0,""69"":1,""237"":2,""113"":100,""303"":1,""383"":3,""1149"":1,""181"":13,""182"":11,""66"":14537,""24"":0,""206"":48740,""67"":4128,""68"":0,""13"":1228,""17"":-59,""18"":-126,""19"":4,""15"":0,""241"":26806,""199"":0,""16"":90561,""12"":10740,""449"":0,""636"":1418793,""1148"":62,""11"":8935106000,""14"":1160700155,""387"":""2b3430313434392e343530302d303038343538392e323636372b3030302e3130372f""}"
2026-07-01T03:10:04Z,862272088542776,Codec8E,2026-06-27 11:35:58.000 UTC,1782560158000,0,40.1449416,-8.4591450,107,108,9,0,240,"{""239"":1,""240"":1,""21"":5,""200"":0,""69"":1,""237"":2,""113"":100,""303"":1,""383"":3,""1149"":1,""181"":13,""182"":11,""66"":14629,""24"":0,""206"":48740,""67"":4128,""68"":0,""13"":1228,""17"":-61,""18"":-68,""19"":5,""15"":0,""241"":26806,""199"":0,""16"":90561,""12"":10740,""449"":0,""636"":1418793,""1148"":62,""11"":8935106000,""14"":1160700155,""387"":""2b3430313434392e343136372d303038343539312e343530302b3030302e3130372f""}"
2026-07-01T03:10:04Z,862272088542776,Codec8E,2026-06-27 11:36:19.000 UTC,1782560179000,0,40.1449216,-8.4592700,112,323,10,6,0,"{""239"":1,""240"":1,""21"":5,""200"":0,""69"":1,""237"":2,""113"":100,""303"":1,""383"":3,""1149"":1,""181"":13,""182"":10,""66"":14579,""24"":6,""206"":48740,""67"":4128,""68"":0,""13"":1228,""17"":-156,""18"":-89,""19"":31,""15"":0,""241"":26806,""199"":0,""16"":90561,""12"":10742,""449"":0,""636"":1418793,""1148"":66,""11"":8935106000,""14"":1160700155,""387"":""2b3430313434392e323136372d303038343539322e373030302b3030302e3131322f""}"
2026-07-01T03:10:04Z,862272088542776,Codec8E,2026-06-27 11:36:21.000 UTC,1782560181000,0,40.1449833,-8.4593233,113,333,10,10,0,"{""239"":1,""240"":1,""21"":5,""200"":0,""69"":1,""237"":2,""113"":100,""303"":1,""383"":3,""1149"":1,""181"":13,""182"":10,""66"":14552,""24"":10,""206"":48740,""67"":4128,""68"":0,""13"":1228,""17"":-82,""18"":-23,""19"":17,""15"":1000,""241"":26806,""199"":8,""16"":90569,""12"":10742,""449"":0,""636"":1418793,""1148"":66,""11"":8935106000,""14"":1160700155,""387"":""2b3430313434392e383333332d303038343539332e323333332b3030302e3131332f""}"
2026-07-01T03:10:04Z,862272088542776,Codec8E,2026-06-27 11:36:25.000 UTC,1782560185000,0,40.1452416,-8.4594750,114,335,9,22,0,"{""239"":1,""240"":1,""21"":5,""200"":0,""69"":1,""237"":2,""113"":100,""303"":1,""383"":3,""1149"":1,""181"":14,""182"":11,""66"":14606,""24"":22,""206"":48740,""67"":4128,""68"":0,""13"":1228,""17"":-124,""18"":-268,""19"":63,""15"":1000,""241"":26806,""199"":40,""16"":90601,""12"":10742,""449"":0,""636"":1418793,""1148"":66,""11"":8935106000,""14"":1160700155,""387"":""2b3430313435322e343136372d303038343539342e373530302b3030302e3131342f""}"
2026-07-01T03:10:04Z,862272088542776,Codec8E,2026-06-27 11:36:28.000 UTC,1782560188000,0,40.1454550,-8.4597000,115,321,9,28,0,"{""239"":1,""240"":1,""21"":5,""200"":0,""69"":1,""237"":2,""113"":100,""303"":1,""383"":3,""1149"":1,""181"":32,""182"":15,""66"":14583,""24"":28,""206"":48740,""67"":4128,""68"":0,""13"":1228,""17"":-116,""18"":-56,""19"":62,""15"":1000,""241"":26806,""199"":70,""16"":90631,""12"":10742,""449"":0,""636"":1418793,""1148"":66,""11"":8935106000,""14"":1160700155,""387"":""2b3430313435342e353530302d303038343539372e303030302b3030302e3131352f""}"
2026-07-01T03:10:06Z,862272088542776,Codec8E,2026-06-27 11:36:29.000 UTC,1782560189000,0,40.1454866,-8.4598366,116,299,9,30,0,"{""239"":1,""240"":1,""21"":5,""200"":0,""69"":1,""237"":2,""113"":100,""303"":1,""383"":3,""1149"":1,""181"":14,""182"":11,""66"":14551,""24"":30,""206"":48740,""67"":4128,""68"":0,""13"":1228,""17"":-131,""18"":-89,""19"":124,""15"":1000,""241"":26806,""199"":82,""16"":90643,""12"":10742,""449"":0,""636"":1418793,""1148"":66,""11"":8935106000,""14"":1160700155,""387"":""2b3430313435342e383636372d303038343539382e333636372b3030302e3131362f""}"
2026-07-01T03:10:06Z,862272088542776,Codec8E,2026-06-27 11:36:32.000 UTC,1782560192000,0,40.1455766,-8.4602583,116,287,9,36,0,"{""239"":1,""240"":1,""21"":5,""200"":0,""69"":1,""237"":2,""113"":100,""303"":1,""383"":3,""1149"":1,""181"":14,""182"":11,""66"":14559,""24"":36,""206"":48740,""67"":4128,""68"":0,""13"":1228,""17"":-80,""18"":-102,""19"":407,""15"":1000,""241"":26806,""199"":120,""16"":90681,""12"":10742,""449"":0,""636"":1418793,""1148"":66,""11"":8935106000,""14"":1160700155,""387"":""2b3430313435352e373636372d303038343630322e353833332b3030302e3131362f""}"
2026-07-01T03:10:06Z,862272088542776,Codec8E,2026-06-27 11:36:40.000 UTC,1782560200000,0,40.1458300,-8.4614850,118,284,9,44,0,"{""239"":1,""240"":1,""21"":5,""200"":0,""69"":1,""237"":2,""113"":100,""303"":1,""383"":3,""1149"":1,""181"":14,""182"":11,""66"":14574,""24"":44,""206"":48740,""67"":4128,""68"":0,""13"":1228,""17"":-5,""18"":27,""19"":205,""15"":1000,""241"":26806,""199"":228,""16"":90789,""12"":10742,""449"":0,""636"":1418793,""1148"":66,""11"":8935106000,""14"":1160700155,""387"":""2b3430313435382e333030302d303038343631342e383530302b3030302e3131382f""}"
2026-07-01T03:10:06Z,862272088542776,Codec8E,2026-06-27 11:36:46.000 UTC,1782560206000,0,40.1458950,-8.4622933,118,272,8,42,0,"{""239"":1,""240"":1,""21"":5,""200"":0,""69"":1,""237"":2,""113"":100,""303"":1,""383"":3,""1149"":1,""181"":34,""182"":15,""66"":14547,""24"":42,""206"":48740,""67"":4128,""68"":0,""13"":1228,""17"":49,""18"":-228,""19"":61,""15"":1000,""241"":26806,""199"":297,""16"":90858,""12"":10742,""449"":0,""636"":1418793,""1148"":66,""11"":8935106000,""14"":1160700155,""387"":""2b3430313435382e393530302d303038343632322e393333332b3030302e3131382f""}"
2026-07-01T03:10:06Z,862272088542776,Codec8E,2026-06-27 11:36:47.000 UTC,1782560207000,0,40.1458350,-8.4624166,118,256,7,42,0,"{""239"":1,""240"":1,""21"":5,""200"":0,""69"":1,""237"":2,""113"":100,""303"":1,""383"":3,""1149"":1,""181"":17,""182"":14,""66"":14574,""24"":42,""206"":48740,""67"":4128,""68"":0,""13"":1228,""17"":53,""18"":-257,""19"":44,""15"":1000,""241"":26806,""199"":310,""16"":90871,""12"":10742,""449"":0,""636"":1418793,""1148"":66,""11"":8935106000,""14"":1160700155,""387"":""2b3430313435382e333530302d303038343632342e313636372b3030302e3131382f""}"
2026-07-01T03:10:06Z,862272088542776,Codec8E,2026-06-27 11:36:49.000 UTC,1782560209000,0,40.1457783,-8.4626466,117,246,8,41,0,"{""239"":1,""240"":1,""21"":5,""200"":0,""69"":1,""237"":2,""113"":100,""303"":1,""383"":3,""1149"":1,""181"":34,""182"":15,""66"":14549,""24"":41,""206"":48740,""67"":4128,""68"":0,""13"":1228,""17"":-6,""18"":-168,""19"":2,""15"":1000,""241"":26806,""199"":330,""16"":90891,""12"":10742,""449"":0,""636"":1418795,""1148"":66,""11"":8935106000,""14"":1160700155,""387"":""2b3430313435372e373833332d303038343632362e343636372b3030302e3131372f""}"
2026-07-01T03:10:06Z,862272088542776,Codec8E,2026-06-27 11:36:53.000 UTC,1782560213000,0,40.1455283,-8.4629833,117,219,10,41,0,"{""239"":1,""240"":1,""21"":5,""200"":0,""69"":1,""237"":2,""113"":100,""303"":1,""383"":3,""1149"":1,""181"":25,""182"":14,""66"":14557,""24"":41,""206"":48740,""67"":4128,""68"":0,""13"":1228,""17"":40,""18"":-41,""19"":2,""15"":1000,""241"":26806,""199"":373,""16"":90934,""12"":10742,""449"":0,""636"":1418795,""1148"":66,""11"":8935106000,""14"":1160700155,""387"":""2b3430313435352e323833332d303038343632392e383333332b3030302e3131372f""}"
2026-07-01T03:10:06Z,862272088542776,Codec8E,2026-06-27 11:37:02.000 UTC,1782560222000,0,40.1450183,-8.4637350,114,289,9,31,0,"{""239"":1,""240"":1,""21"":5,""200"":0,""69"":1,""237"":2,""113"":100,""303"":1,""383"":3,""1149"":1,""181"":32,""182"":15,""66"":14558,""24"":31,""206"":48740,""67"":4128,""68"":0,""13"":1228,""17"":12,""18"":-273,""19"":-22,""15"":1000,""241"":26806,""199"":480,""16"":91041,""12"":10742,""449"":0,""636"":1418794,""1148"":71,""11"":8935106000,""14"":1160700155,""387"":""2b3430313435302e313833332d303038343633372e333530302b3030302e3131342f""}"
2026-07-01T03:10:07Z,862272088542776,Codec8E,2026-06-27 11:37:03.000 UTC,1782560223000,0,40.1450866,-8.4637749,114,323,8,27,0,"{""239"":1,""240"":1,""21"":5,""200"":0,""69"":1,""237"":2,""113"":100,""303"":1,""383"":3,""1149"":1,""181"":15,""182"":12,""66"":14559,""24"":27,""206"":48740,""67"":4128,""68"":0,""13"":1228,""17"":-55,""18"":-236,""19"":22,""15"":1000,""241"":26806,""199"":488,""16"":91049,""12"":10742,""449"":0,""636"":1418794,""1148"":71,""11"":8935106000,""14"":1160700155,""387"":""2b3430313435302e383636372d303038343633372e373530302b3030302e3131342f""}"
2026-07-01T03:10:07Z,862272088542776,Codec8E,2026-06-27 11:37:05.000 UTC,1782560225000,0,40.1451916,-8.4638850,113,311,9,24,0,"{""239"":1,""240"":1,""21"":5,""200"":0,""69"":1,""237"":2,""113"":100,""303"":1,""383"":3,""1149"":1,""181"":14,""182"":11,""66"":14557,""24"":24,""206"":48740,""67"":4128,""68"":0,""13"":1228,""17"":-2,""18"":-374,""19"":-14,""15"":1000,""241"":26806,""199"":504,""16"":91065,""12"":10742,""449"":0,""636"":1418794,""1148"":71,""11"":8935106000,""14"":1160700155,""387"":""2b3430313435312e393136372d303038343633382e383530302b3030302e3131332f""}"
2026-07-01T03:10:07Z,862272088542776,Codec8E,2026-06-27 11:37:07.000 UTC,1782560227000,0,40.1452483,-8.4640433,113,281,9,24,0,"{""239"":1,""240"":1,""21"":5,""200"":0,""69"":1,""237"":2,""113"":100,""303"":1,""383"":3,""1149"":1,""181"":20,""182"":12,""66"":14557,""24"":24,""206"":48740,""67"":4128,""68"":0,""13"":1228,""17"":-17,""18"":141,""19"":78,""15"":1000,""241"":26806,""199"":520,""16"":91081,""12"":10742,""449"":0,""636"":1418794,""1148"":71,""11"":8935106000,""14"":1160700155,""387"":""2b3430313435322e343833332d303038343634302e343333332b3030302e3131332f""}"
2026-07-01T03:10:07Z,862272088542776,Codec8E,2026-06-27 11:37:14.000 UTC,1782560234000,0,40.1454350,-8.4647599,112,294,7,31,0,"{""239"":1,""240"":1,""21"":5,""200"":0,""69"":1,""237"":2,""113"":100,""303"":1,""383"":3,""1149"":1,""181"":15,""182"":12,""66"":14557,""24"":31,""206"":48740,""67"":4128,""68"":0,""13"":1228,""17"":167,""18"":36,""19"":124,""15"":1000,""241"":26806,""199"":584,""16"":91145,""12"":10742,""449"":0,""636"":1418794,""1148"":71,""11"":8935106000,""14"":1160700155,""387"":""2b3430313435342e333530302d303038343634372e363030302b3030302e3131322f""}"
2026-07-01T03:10:07Z,862272088542776,Codec8E,2026-06-27 11:37:18.000 UTC,1782560238000,0,40.1455883,-8.4650816,112,325,8,28,0,"{""239"":1,""240"":1,""21"":5,""200"":0,""69"":1,""237"":2,""113"":100,""303"":1,""383"":3,""1149"":1,""181"":24,""182"":16,""66"":14557,""24"":28,""206"":48740,""67"":4128,""68"":0,""13"":1228,""17"":-115,""18"":236,""19"":52,""15"":1000,""241"":26806,""199"":618,""16"":91179,""12"":10742,""449"":0,""636"":1418794,""1148"":71,""11"":8935106000,""14"":1160700155,""387"":""2b3430313435352e383833332d303038343635302e383136372b3030302e3131322f""}"
2026-07-01T03:10:07Z,862272088542776,Codec8E,2026-06-27 11:37:19.000 UTC,1782560239000,0,40.1456283,-8.4651016,112,341,9,25,0,"{""239"":1,""240"":1,""21"":5,""200"":0,""69"":1,""237"":2,""113"":100,""303"":1,""383"":3,""1149"":1,""181"":13,""182"":10,""66"":14561,""24"":25,""206"":48740,""67"":4128,""68"":0,""13"":1228,""17"":-140,""18"":-51,""19"":33,""15"":1000,""241"":26806,""199"":623,""16"":91184,""12"":10742,""449"":0,""636"":1418794,""1148"":71,""11"":8935106000,""14"":1160700155,""387"":""2b3430313435362e323833332d303038343635312e303136372b3030302e3131322f""}"
2026-07-01T03:10:07Z,862272088542776,Codec8E,2026-06-27 11:37:21.000 UTC,1782560241000,0,40.1457466,-8.4651166,112,355,10,23,0,"{""239"":1,""240"":1,""21"":5,""200"":0,""69"":1,""237"":2,""113"":100,""303"":1,""383"":3,""1149"":1,""181"":13,""182"":10,""66"":14560,""24"":23,""206"":48740,""67"":4128,""68"":0,""13"":1228,""17"":11,""18"":105,""19"":85,""15"":1000,""241"":26806,""199"":636,""16"":91197,""12"":10742,""449"":0,""636"":1418795,""1148"":71,""11"":8935106000,""14"":1160700155,""387"":""2b3430313435372e343636372d303038343635312e313636372b3030302e3131322f""}"
2026-07-01T03:10:08Z,862272088542776,Codec8E,2026-06-27 11:37:22.000 UTC,1782560242000,0,40.1458166,-8.4650750,111,18,10,23,0,"{""239"":1,""240"":1,""21"":5,""200"":0,""69"":1,""237"":2,""113"":100,""303"":1,""383"":3,""1149"":1,""181"":20,""182"":11,""66"":14558,""24"":23,""206"":48740,""67"":4128,""68"":0,""13"":1228,""17"":0,""18"":195,""19"":50,""15"":1000,""241"":26806,""199"":645,""16"":91206,""12"":10742,""449"":0,""636"":1418795,""1148"":71,""11"":8935106000,""14"":1160700155,""387"":""2b3430313435382e313636372d303038343635302e373530302b3030302e3131312f""}"
2026-07-01T03:10:08Z,862272088542776,Codec8E,2026-06-27 11:37:24.000 UTC,1782560244000,0,40.1459450,-8.4649783,111,30,10,25,0,"{""239"":1,""240"":1,""21"":5,""200"":0,""69"":1,""237"":2,""113"":100,""303"":1,""383"":3,""1149"":1,""181"":13,""182"":10,""66"":14559,""24"":25,""206"":48740,""67"":4128,""68"":0,""13"":1228,""17"":-90,""18"":337,""19"":97,""15"":1000,""241"":26806,""199"":661,""16"":91222,""12"":10742,""449"":0,""636"":1418795,""1148"":71,""11"":8935106000,""14"":1160700155,""387"":""2b3430313435392e343530302d303038343634392e373833332b3030302e3131312f""}"
2026-07-01T03:10:08Z,862272088542776,Codec8E,2026-06-27 11:37:27.000 UTC,1782560247000,0,40.1460750,-8.4647733,111,40,10,25,0,"{""239"":1,""240"":1,""21"":5,""200"":0,""69"":1,""237"":2,""113"":100,""303"":1,""383"":3,""1149"":1,""181"":20,""182"":11,""66"":14562,""24"":25,""206"":48740,""67"":4128,""68"":0,""13"":1228,""17"":-146,""18"":177,""19"":123,""15"":1000,""241"":26806,""199"":684,""16"":91245,""12"":10742,""449"":0,""636"":1418795,""1148"":71,""11"":8935106000,""14"":1160700155,""387"":""2b3430313436302e373530302d303038343634372e373333332b3030302e3131312f""}"
2026-07-01T03:10:08Z,862272088542776,Codec8E,2026-06-27 11:37:29.000 UTC,1782560249000,0,40.1460516,-8.4646133,110,64,10,22,0,"{""239"":1,""240"":1,""21"":5,""200"":0,""69"":1,""237"":2,""113"":100,""303"":1,""383"":3,""1149"":1,""181"":20,""182"":11,""66"":14557,""24"":22,""206"":48740,""67"":4128,""68"":0,""13"":1228,""17"":-113,""18"":246,""19"":146,""15"":1000,""241"":26806,""199"":699,""16"":91260,""12"":10742,""449"":0,""636"":1418795,""1148"":71,""11"":8935106000,""14"":1160700155,""387"":""2b3430313436302e353136372d303038343634362e313333332b3030302e3131302f""}"
2026-07-01T03:10:08Z,862272088542776,Codec8E,2026-06-27 11:37:31.000 UTC,1782560251000,0,40.1459883,-8.4645016,111,79,11,18,0,"{""239"":1,""240"":1,""21"":5,""200"":0,""69"":1,""237"":2,""113"":100,""303"":1,""383"":3,""1149"":1,""181"":19,""182"":11,""66"":14555,""24"":18,""206"":48740,""67"":4128,""68"":0,""13"":1228,""17"":-191,""18"":105,""19"":36,""15"":1000,""241"":26806,""199"":711,""16"":91272,""12"":10742,""449"":0,""636"":1418795,""1148"":71,""11"":8935106000,""14"":1160700155,""387"":""2b3430313435392e383833332d303038343634352e303136372b3030302e3131312f""}"
2026-07-01T03:10:09Z,862272088542776,Codec8E,2026-06-27 11:37:32.000 UTC,1782560252000,0,40.1459500,-8.4644650,111,104,11,16,0,"{""239"":1,""240"":1,""21"":4,""200"":0,""69"":1,""237"":2,""113"":100,""303"":1,""383"":3,""1149"":1,""181"":19,""182"":11,""66"":14561,""24"":16,""206"":48740,""67"":4128,""68"":0,""13"":1228,""17"":-233,""18"":-44,""19"":45,""15"":1000,""241"":26806,""199"":717,""16"":91278,""12"":10742,""449"":0,""636"":1418795,""1148"":81,""11"":8935106000,""14"":1160700155,""387"":""2b3430313435392e353030302d303038343634342e363530302b3030302e3131312f""}"
2026-07-01T03:10:09Z,862272088542776,Codec8E,2026-06-27 11:37:33.000 UTC,1782560253000,0,40.1459200,-8.4644700,111,132,11,14,0,"{""239"":1,""240"":1,""21"":4,""200"":0,""69"":1,""237"":2,""113"":100,""303"":1,""383"":3,""1149"":1,""181"":12,""182"":9,""66"":14557,""24"":14,""206"":48740,""67"":4128,""68"":0,""13"":1228,""17"":-214,""18"":-67,""19"":34,""15"":1000,""241"":26806,""199"":720,""16"":91281,""12"":10742,""449"":0,""636"":1418795,""1148"":81,""11"":8935106000,""14"":1160700155,""387"":""2b3430313435392e323030302d303038343634342e373030302b3030302e3131312f""}"
2026-07-01T03:10:09Z,862272088542776,Codec8E,2026-06-27 11:37:34.000 UTC,1782560254000,0,40.1458433,-8.4644866,111,173,10,13,0,"{""239"":1,""240"":1,""21"":4,""200"":0,""69"":1,""237"":2,""113"":100,""303"":1,""383"":3,""1149"":1,""181"":22,""182"":14,""66"":14557,""24"":13,""206"":48740,""67"":4128,""68"":0,""13"":1228,""17"":-229,""18"":-75,""19"":36,""15"":1000,""241"":26806,""199"":729,""16"":91290,""12"":10742,""449"":0,""636"":1418795,""1148"":81,""11"":8935106000,""14"":1160700155,""387"":""2b3430313435382e343333332d303038343634342e383636372b3030302e3131312f""}"
2026-07-01T03:10:09Z,862272088542776,Codec8E,2026-06-27 11:37:35.000 UTC,1782560255000,0,40.1457649,-8.4645133,111,189,10,13,0,"{""239"":1,""240"":1,""21"":4,""200"":0,""69"":1,""237"":2,""113"":100,""303"":1,""383"":3,""1149"":1,""181"":14,""182"":11,""66"":14559,""24"":13,""206"":48740,""67"":4128,""68"":0,""13"":1228,""17"":-236,""18"":-95,""19"":20,""15"":1000,""241"":26806,""199"":738,""16"":91299,""12"":10742,""449"":0,""636"":1418795,""1148"":81,""11"":8935106000,""14"":1160700155,""387"":""2b3430313435372e363530302d303038343634352e313333332b3030302e3131312f""}"
2026-07-01T03:10:09Z,862272088542776,Codec8E,2026-06-27 11:37:36.000 UTC,1782560256000,0,40.1455983,-8.4645950,112,202,10,19,0,"{""239"":1,""240"":1,""21"":4,""200"":0,""69"":1,""237"":2,""113"":100,""303"":1,""383"":3,""1149"":1,""181"":22,""182"":14,""66"":14566,""24"":19,""206"":48740,""67"":4128,""68"":0,""13"":1228,""17"":-218,""18"":-66,""19"":41,""15"":1000,""241"":26806,""199"":758,""16"":91319,""12"":10742,""449"":0,""636"":1418795,""1148"":81,""11"":8935106000,""14"":1160700155,""387"":""2b3430313435352e393833332d303038343634352e393530302b3030302e3131322f""}"
2026-07-01T03:10:10Z,862272088542776,Codec8E,2026-06-27 11:37:38.000 UTC,1782560258000,0,40.1452833,-8.4647033,112,197,10,30,0,"{""239"":1,""240"":1,""21"":4,""200"":0,""69"":1,""237"":2,""113"":100,""303"":1,""383"":3,""1149"":1,""181"":22,""182"":14,""66"":14561,""24"":30,""206"":48740,""67"":4128,""68"":0,""13"":1228,""17"":-66,""18"":-20,""19"":40,""15"":1000,""241"":26806,""199"":794,""16"":91355,""12"":10742,""449"":0,""636"":1418795,""1148"":81,""11"":8935106000,""14"":1160700155,""387"":""2b3430313435322e383333332d303038343634372e303333332b3030302e3131322f""}"
2026-07-01T03:10:10Z,862272088542776,Codec8E,2026-06-27 11:37:40.000 UTC,1782560260000,0,40.1449666,-8.4648316,112,200,10,42,0,"{""239"":1,""240"":1,""21"":4,""200"":0,""69"":1,""237"":2,""113"":100,""303"":1,""383"":3,""1149"":1,""181"":14,""182"":11,""66"":14567,""24"":42,""206"":48740,""67"":4128,""68"":0,""13"":1228,""17"":-92,""18"":-21,""19"":25,""15"":1000,""241"":26806,""199"":831,""16"":91392,""12"":10742,""449"":0,""636"":1418795,""1148"":81,""11"":8935106000,""14"":1160700155,""387"":""2b3430313434392e363636372d303038343634382e333136372b3030302e3131322f""}"
2026-07-01T03:10:10Z,862272088542776,Codec8E,2026-06-27 11:37:43.000 UTC,1782560263000,0,40.1445099,-8.4650300,113,196,10,53,0,"{""239"":1,""240"":1,""21"":4,""200"":0,""69"":1,""237"":2,""113"":100,""303"":1,""383"":3,""1149"":1,""181"":14,""182"":11,""66"":14555,""24"":53,""206"":48740,""67"":4128,""68"":0,""13"":1228,""17"":-74,""18"":-51,""19"":40,""15"":1000,""241"":26806,""199"":884,""16"":91445,""12"":10742,""449"":0,""636"":1418794,""1148"":81,""11"":8935106000,""14"":1160700155,""387"":""2b3430313434352e313030302d303038343635302e333030302b3030302e3131332f""}"
2026-07-01T03:10:10Z,862272088542776,Codec8E,2026-06-27 11:37:49.000 UTC,1782560269000,0,40.1435416,-8.4654916,113,201,7,63,0,"{""239"":1,""240"":1,""21"":4,""200"":0,""69"":1,""237"":2,""113"":100,""303"":1,""383"":3,""1149"":1,""181"":17,""182"":14,""66"":14559,""24"":63,""206"":48740,""67"":4128,""68"":0,""13"":1228,""17"":-53,""18"":-34,""19"":35,""15"":1000,""241"":26806,""199"":999,""16"":91560,""12"":10742,""449"":0,""636"":1418794,""1148"":81,""11"":8935106000,""14"":1160700155,""387"":""2b3430313433352e343136372d303038343635342e393136372b3030302e3131332f""}"
2026-07-01T03:10:10Z,862272088542776,Codec8E,2026-06-27 11:37:54.000 UTC,1782560274000,0,40.1426966,-8.4659583,113,199,9,70,0,"{""239"":1,""240"":1,""21"":4,""200"":0,""69"":1,""237"":2,""113"":100,""303"":1,""383"":3,""1149"":1,""181"":14,""182"":11,""66"":14607,""24"":70,""206"":48740,""67"":4128,""68"":0,""13"":1228,""17"":-71,""18"":-35,""19"":31,""15"":1000,""241"":26806,""199"":1101,""16"":91662,""12"":10742,""449"":0,""636"":1418794,""1148"":81,""11"":8935106000,""14"":1160700155,""387"":""2b3430313432362e393636372d303038343635392e353833332b3030302e3131332f""}"
2026-07-01T03:10:11Z,862272088542776,Codec8E,2026-06-27 11:37:59.000 UTC,1782560279000,0,40.1417766,-8.4664233,112,199,8,76,0,"{""239"":1,""240"":1,""21"":4,""200"":0,""69"":1,""237"":2,""113"":100,""303"":1,""383"":3,""1149"":1,""181"":15,""182"":11,""66"":14555,""24"":76,""206"":48740,""67"":4128,""68"":0,""13"":1228,""17"":15,""18"":-44,""19"":92,""15"":1000,""241"":26806,""199"":1210,""16"":91771,""12"":10742,""449"":0,""636"":1418794,""1148"":81,""11"":8935106000,""14"":1160700155,""387"":""2b3430313431372e373636372d303038343636342e323333332b3030302e3131322f""}"
2026-07-01T03:10:11Z,862272088542776,Codec8E,2026-06-27 11:38:04.000 UTC,1782560284000,0,40.1408616,-8.4668750,111,201,8,77,0,"{""239"":1,""240"":1,""21"":4,""200"":0,""69"":1,""237"":2,""113"":100,""303"":1,""383"":3,""1149"":1,""181"":15,""182"":11,""66"":14594,""24"":77,""206"":48740,""67"":4128,""68"":0,""13"":1228,""17"":-8,""18"":-17,""19"":45,""15"":1000,""241"":26806,""199"":1319,""16"":91880,""12"":10742,""449"":0,""636"":1418794,""1148"":79,""11"":8935106000,""14"":1160700155,""387"":""2b3430313430382e363136372d303038343636382e373530302b3030302e3131312f""}"
2026-07-01T03:10:11Z,862272088542776,Codec8E,2026-06-27 11:38:09.000 UTC,1782560289000,0,40.1399366,-8.4673800,109,201,7,79,0,"{""239"":1,""240"":1,""21"":4,""200"":0,""69"":1,""237"":2,""113"":100,""303"":1,""383"":3,""1149"":1,""181"":17,""182"":14,""66"":14551,""24"":79,""206"":48740,""67"":4128,""68"":0,""13"":1228,""17"":3,""18"":-89,""19"":86,""15"":1000,""241"":26806,""199"":1431,""16"":91992,""12"":10742,""449"":0,""636"":1418794,""1148"":79,""11"":8935106000,""14"":1160700155,""387"":""2b3430313339392e333636372d303038343637332e383030302b3030302e3130392f""}"
2026-07-01T03:10:11Z,862272088542776,Codec8E,2026-06-27 11:38:14.000 UTC,1782560294000,0,40.1390150,-8.4678466,107,200,8,78,0,"{""239"":1,""240"":1,""21"":4,""200"":0,""69"":1,""237"":2,""113"":100,""303"":1,""383"":3,""1149"":1,""181"":15,""182"":11,""66"":14549,""24"":78,""206"":48740,""67"":4128,""68"":0,""13"":1228,""17"":64,""18"":-34,""19"":31,""15"":1000,""241"":26806,""199"":1540,""16"":92101,""12"":10742,""449"":0,""636"":1418794,""1148"":79,""11"":8935106000,""14"":1160700155,""387"":""2b3430313339302e313530302d303038343637382e343636372b3030302e3130372f""}"
2026-07-01T03:10:11Z,862272088542776,Codec8E,2026-06-27 11:38:19.000 UTC,1782560299000,0,40.1381516,-8.4683400,105,202,7,73,0,"{""239"":1,""240"":1,""21"":4,""200"":0,""69"":1,""237"":2,""113"":100,""303"":1,""383"":3,""1149"":1,""181"":16,""182"":13,""66"":14581,""24"":73,""206"":48740,""67"":4128,""68"":0,""13"":1228,""17"":41,""18"":-43,""19"":43,""15"":1000,""241"":26806,""199"":1645,""16"":92206,""12"":10742,""449"":0,""636"":1418794,""1148"":79,""11"":8935106000,""14"":1160700155,""387"":""2b3430313338312e353136372d303038343638332e343030302b3030302e3130352f""}"
2026-07-01T03:10:12Z,862272088542776,Codec8E,2026-06-27 11:38:25.000 UTC,1782560305000,0,40.1372683,-8.4687983,103,200,5,63,0,"{""239"":1,""240"":1,""21"":4,""200"":0,""69"":1,""237"":2,""113"":100,""303"":1,""383"":3,""1149"":1,""181"":21,""182"":19,""66"":14549,""24"":63,""206"":48740,""67"":4128,""68"":0,""13"":1228,""17"":-40,""18"":-112,""19"":44,""15"":1000,""241"":26806,""199"":1751,""16"":92312,""12"":10742,""449"":0,""636"":1418794,""1148"":79,""11"":8935106000,""14"":1160700155,""387"":""2b3430313337322e363833332d303038343638372e393833332b3030302e3130332f""}"
2026-07-01T03:10:12Z,862272088542776,Codec8E,2026-06-27 11:38:32.000 UTC,1782560312000,0,40.1363450,-8.4692483,102,202,7,57,0,"{""239"":1,""240"":1,""21"":4,""200"":0,""69"":1,""237"":2,""113"":100,""303"":1,""383"":3,""1149"":1,""181"":16,""182"":13,""66"":14548,""24"":57,""206"":48740,""67"":4128,""68"":0,""13"":1228,""17"":214,""18"":-28,""19"":43,""15"":1000,""241"":26806,""199"":1860,""16"":92421,""12"":10742,""449"":0,""636"":1418794,""1148"":79,""11"":8935106000,""14"":1160700155,""387"":""2b3430313336332e343530302d303038343639322e343833332b3030302e3130322f""}"
2026-07-01T03:10:12Z,862272088542776,Codec8E,2026-06-27 11:38:36.000 UTC,1782560316000,0,40.1359633,-8.4694866,101,212,8,49,0,"{""239"":1,""240"":1,""21"":4,""200"":0,""69"":1,""237"":2,""113"":100,""303"":1,""383"":3,""1149"":1,""181"":15,""182"":12,""66"":14555,""24"":49,""206"":48740,""67"":4128,""68"":0,""13"":1228,""17"":-49,""18"":-8,""19"":84,""15"":1000,""241"":26806,""199"":1907,""16"":92468,""12"":10742,""449"":0,""636"":1418794,""1148"":79,""11"":8935106000,""14"":1160700155,""387"":""2b3430313335392e363333332d303038343639342e383636372b3030302e3130312f""}"
2026-07-01T03:10:12Z,862272088542776,Codec8E,2026-06-27 11:38:40.000 UTC,1782560320000,0,40.1356483,-8.4698116,99,224,9,44,0,"{""239"":1,""240"":1,""21"":4,""200"":0,""69"":1,""237"":2,""113"":100,""303"":1,""383"":3,""1149"":1,""181"":14,""182"":11,""66"":14557,""24"":44,""206"":48740,""67"":4128,""68"":0,""13"":1228,""17"":-29,""18"":-21,""19"":37,""15"":1000,""241"":26806,""199"":1952,""16"":92513,""12"":10742,""449"":0,""636"":1418794,""1148"":79,""11"":8935106000,""14"":1160700155,""387"":""2b3430313335362e343833332d303038343639382e313136372b3030302e3039392f""}"
2026-07-01T03:10:12Z,862272088542776,Codec8E,2026-06-27 11:38:44.000 UTC,1782560324000,0,40.1353833,-8.4702850,98,237,8,45,0,"{""239"":1,""240"":1,""21"":5,""200"":0,""69"":1,""237"":2,""113"":100,""303"":1,""383"":3,""1149"":1,""181"":14,""182"":11,""66"":14552,""24"":45,""206"":48740,""67"":4128,""68"":0,""13"":1228,""17"":-55,""18"":-38,""19"":67,""15"":1000,""241"":26806,""199"":2002,""16"":92563,""12"":10742,""449"":0,""636"":1418794,""1148"":79,""11"":8935106000,""14"":1160700155,""387"":""2b3430313335332e383333332d303038343730322e383530302b3030302e3039382f""}"
2026-07-01T03:10:14Z,862272088542776,Codec8E,2026-06-27 11:38:51.000 UTC,1782560331000,0,40.1349300,-8.4713300,98,242,8,50,0,"{""239"":1,""240"":1,""21"":5,""200"":0,""69"":1,""237"":2,""113"":100,""303"":1,""383"":3,""1149"":1,""181"":22,""182"":13,""66"":14574,""24"":50,""206"":48740,""67"":4128,""68"":0,""13"":1228,""17"":-38,""18"":-66,""19"":29,""15"":1000,""241"":26806,""199"":2104,""16"":92665,""12"":10742,""449"":0,""636"":1418794,""1148"":79,""11"":8935106000,""14"":1160700155,""387"":""2b3430313334392e333030302d303038343731332e333030302b3030302e3039382f""}"
2026-07-01T03:10:14Z,862272088542776,Codec8E,2026-06-27 11:38:58.000 UTC,1782560338000,0,40.1344466,-8.4723983,98,238,7,53,0,"{""239"":1,""240"":1,""21"":5,""200"":0,""69"":1,""237"":2,""113"":100,""303"":1,""383"":3,""1149"":1,""181"":15,""182"":12,""66"":14574,""24"":53,""206"":48740,""67"":4128,""68"":0,""13"":1228,""17"":84,""18"":-2,""19"":31,""15"":1000,""241"":26806,""199"":2210,""16"":92771,""12"":10742,""449"":0,""636"":1418794,""1148"":79,""11"":8935106000,""14"":1160700155,""387"":""2b3430313334342e343636372d303038343732332e393833332b3030302e3039382f""}"
2026-07-01T03:10:14Z,862272088542776,Codec8E,2026-06-27 11:39:05.000 UTC,1782560345000,0,40.1339183,-8.4734166,96,229,9,55,0,"{""239"":1,""240"":1,""21"":3,""200"":0,""69"":1,""237"":2,""113"":100,""303"":1,""383"":3,""1149"":1,""181"":14,""182"":11,""66"":14569,""24"":55,""206"":48740,""67"":4128,""68"":0,""13"":1228,""17"":88,""18"":-25,""19"":28,""15"":1000,""241"":26806,""199"":2315,""16"":92876,""12"":10742,""449"":0,""636"":1418794,""1148"":85,""11"":8935106000,""14"":1160700155,""387"":""2b3430313333392e313833332d303038343733342e313636372b3030302e3039362f""}"
2026-07-01T03:10:14Z,862272088542776,Codec8E,2026-06-27 11:39:08.000 UTC,1782560348000,0,40.1336383,-8.4737366,95,219,8,53,0,"{""239"":1,""240"":1,""21"":3,""200"":0,""69"":1,""237"":2,""113"":100,""303"":1,""383"":3,""1149"":1,""181"":15,""182"":12,""66"":14555,""24"":53,""206"":48740,""67"":4128,""68"":0,""13"":1228,""17"":-12,""18"":23,""19"":-36,""15"":1000,""241"":26806,""199"":2356,""16"":92917,""12"":10742,""449"":0,""636"":1418794,""1148"":85,""11"":8935106000,""14"":1160700155,""387"":""2b3430313333362e333833332d303038343733372e333636372b3030302e3039352f""}"
2026-07-01T03:10:14Z,862272088542776,Codec8E,2026-06-27 11:39:15.000 UTC,1782560355000,0,40.1328583,-8.4744183,92,217,7,53,0,"{""239"":1,""240"":1,""21"":3,""200"":0,""69"":1,""237"":2,""113"":100,""303"":1,""383"":3,""1149"":1,""181"":16,""182"":13,""66"":14558,""24"":53,""206"":48740,""67"":4128,""68"":0,""13"":1228,""17"":17,""18"":-16,""19"":8,""15"":1000,""241"":26806,""199"":2460,""16"":93021,""12"":10742,""449"":0,""636"":339467,""1148"":85,""11"":8935106000,""14"":1160700155,""387"":""2b3430313332382e353833332d303038343734342e313833332b3030302e3039322f""}"
2026-07-01T03:10:15Z,862272088542776,Codec8E,2026-06-27 11:39:21.000 UTC,1782560361000,0,40.1322133,-8.4751449,87,227,9,54,0,"{""239"":1,""240"":1,""21"":3,""200"":0,""69"":1,""237"":2,""113"":100,""303"":1,""383"":3,""1149"":1,""181"":14,""182"":11,""66"":14556,""24"":54,""206"":48740,""67"":4128,""68"":0,""13"":1228,""17"":4,""18"":23,""19"":78,""15"":1000,""241"":26806,""199"":2555,""16"":93116,""12"":10742,""449"":0,""636"":339467,""1148"":85,""11"":8935106000,""14"":1160700155,""387"":""2b3430313332322e313333332d303038343735312e343530302b3030302e3038372f""}"
2026-07-01T03:10:15Z,862272088542776,Codec8E,2026-06-27 11:39:24.000 UTC,1782560364000,0,40.1320183,-8.4756200,86,237,9,56,0,"{""239"":1,""240"":1,""21"":3,""200"":0,""69"":1,""237"":2,""113"":100,""303"":1,""383"":3,""1149"":1,""181"":14,""182"":11,""66"":14554,""24"":56,""206"":48740,""67"":4128,""68"":0,""13"":1228,""17"":-42,""18"":-37,""19"":86,""15"":1000,""241"":26806,""199"":2601,""16"":93162,""12"":10742,""449"":0,""636"":1555763,""1148"":85,""11"":8935106000,""14"":1160700155,""387"":""2b3430313332302e313833332d303038343735362e323030302b3030302e3038362f""}"
2026-07-01T03:10:15Z,862272088542776,Codec8E,2026-06-27 11:39:28.000 UTC,1782560368000,0,40.1316966,-8.4765066,82,246,9,59,303,"{""239"":1,""240"":1,""21"":3,""200"":0,""69"":1,""237"":2,""113"":100,""303"":0,""383"":3,""1149"":1,""181"":30,""182"":15,""66"":14555,""24"":59,""206"":48740,""67"":4128,""68"":0,""13"":1228,""17"":7,""18"":-31,""19"":-1,""15"":1000,""241"":26806,""199"":2684,""16"":93245,""12"":10742,""449"":0,""636"":1555763,""1148"":85,""11"":8935106000,""14"":1160700155,""387"":""2b3430313331362e393636372d303038343736352e303636372b3030302e3038322f""}"
2026-07-01T03:10:15Z,862272088542776,Codec8E,2026-06-27 11:39:32.000 UTC,1782560372000,0,40.1314266,-8.4772583,80,242,9,62,303,"{""239"":1,""240"":1,""21"":5,""200"":0,""69"":1,""237"":2,""113"":100,""303"":1,""383"":3,""1149"":20,""181"":23,""182"":13,""66"":14555,""24"":62,""206"":48740,""67"":4128,""68"":0,""13"":1228,""17"":45,""18"":-12,""19"":23,""15"":1000,""241"":26806,""199"":2755,""16"":93316,""12"":10742,""449"":0,""636"":1555723,""1148"":25,""11"":8935106000,""14"":1160700155,""387"":""2b3430313331342e323636372d303038343737322e353833332b3030302e3038302f""}"
2026-07-01T03:10:15Z,862272088542776,Codec8E,2026-06-27 11:39:39.000 UTC,1782560379000,0,40.1310116,-8.4784133,75,242,9,64,0,"{""239"":1,""240"":1,""21"":5,""200"":0,""69"":1,""237"":2,""113"":100,""303"":1,""383"":3,""1149"":20,""181"":14,""182"":11,""66"":14555,""24"":64,""206"":48740,""67"":4128,""68"":0,""13"":1228,""17"":-33,""18"":69,""19"":93,""15"":1000,""241"":26806,""199"":2863,""16"":93424,""12"":10742,""449"":0,""636"":1986346,""1148"":25,""11"":8935106000,""14"":1160700155,""387"":""2b3430313331302e313136372d303038343738342e313333332b3030302e3037352f""}"
2026-07-01T03:10:16Z,862272088542776,Codec8E,2026-06-27 11:39:45.000 UTC,1782560385000,0,40.1304983,-8.4796066,71,238,10,69,0,"{""239"":1,""240"":1,""21"":5,""200"":0,""69"":1,""237"":2,""113"":100,""303"":1,""383"":3,""1149"":20,""181"":20,""182"":11,""66"":14555,""24"":69,""206"":48740,""67"":4128,""68"":0,""13"":1228,""17"":-28,""18"":-88,""19"":205,""15"":1000,""241"":26806,""199"":2980,""16"":93541,""12"":10742,""449"":0,""636"":1986346,""1148"":25,""11"":8935106000,""14"":1160700155,""387"":""2b3430313330342e393833332d303038343739362e303636372b3030302e3037312f""}"
2026-07-01T03:10:16Z,862272088542776,Codec8E,2026-06-27 11:39:51.000 UTC,1782560391000,0,40.1299216,-8.4807750,69,239,10,70,0,"{""239"":1,""240"":1,""21"":5,""200"":0,""69"":1,""237"":2,""113"":100,""303"":1,""383"":3,""1149"":20,""181"":20,""182"":11,""66"":14555,""24"":70,""206"":48740,""67"":4128,""68"":0,""13"":1228,""17"":-52,""18"":-83,""19"":67,""15"":1000,""241"":26806,""199"":3098,""16"":93659,""12"":10742,""449"":0,""636"":1986346,""1148"":25,""11"":8935106000,""14"":1160700155,""387"":""2b3430313239392e323136372d303038343830372e373530302b3030302e3036392f""}"
2026-07-01T03:10:16Z,862272088542776,Codec8E,2026-06-27 11:39:56.000 UTC,1782560396000,0,40.1294399,-8.4817850,69,239,10,73,0,"{""239"":1,""240"":1,""21"":5,""200"":0,""69"":1,""237"":2,""113"":100,""303"":1,""383"":3,""1149"":20,""181"":20,""182"":11,""66"":14555,""24"":73,""206"":48740,""67"":4128,""68"":0,""13"":1228,""17"":-84,""18"":-85,""19"":73,""15"":1000,""241"":26806,""199"":3199,""16"":93760,""12"":10742,""449"":0,""636"":1555753,""1148"":25,""11"":8935106000,""14"":1160700155,""387"":""2b3430313239342e343030302d303038343831372e383530302b3030302e3036392f""}"
2026-07-01T03:10:16Z,862272088542776,Codec8E,2026-06-27 11:40:01.000 UTC,1782560401000,0,40.1289183,-8.4828316,67,237,8,76,0,"{""239"":1,""240"":1,""21"":5,""200"":0,""69"":1,""237"":2,""113"":100,""303"":1,""383"":3,""1149"":20,""181"":14,""182"":11,""66"":14555,""24"":76,""206"":48740,""67"":4128,""68"":0,""13"":1228,""17"":-50,""18"":-43,""19"":57,""15"":1000,""241"":26806,""199"":3305,""16"":93866,""12"":10742,""449"":0,""636"":1555753,""1148"":25,""11"":8935106000,""14"":1160700155,""387"":""2b3430313238392e313833332d303038343832382e333136372b3030302e3036372f""}"
2026-07-01T03:10:16Z,862272088542776,Codec8E,2026-06-27 11:40:06.000 UTC,1782560406000,0,40.1284100,-8.4839166,65,237,9,77,0,"{""239"":1,""240"":1,""21"":5,""200"":0,""69"":1,""237"":2,""113"":100,""303"":1,""383"":3,""1149"":20,""181"":13,""182"":10,""66"":14542,""24"":77,""206"":48740,""67"":4128,""68"":0,""13"":1228,""17"":-52,""18"":-54,""19"":42,""15"":1000,""241"":26806,""199"":3413,""16"":93974,""12"":10742,""449"":0,""636"":1555753,""1148"":78,""11"":8935106000,""14"":1160700155,""387"":""2b3430313238342e313030302d303038343833392e313636372b3030302e3036352f""}"
2026-07-01T03:10:17Z,862272088542776,Codec8E,2026-06-27 11:40:11.000 UTC,1782560411000,0,40.1279016,-8.4849816,64,237,6,77,0,"{""239"":1,""240"":1,""21"":5,""200"":0,""69"":1,""237"":2,""113"":100,""303"":1,""383"":3,""1149"":20,""181"":16,""182"":13,""66"":14542,""24"":77,""206"":48740,""67"":4128,""68"":0,""13"":1228,""17"":-29,""18"":-30,""19"":90,""15"":1000,""241"":26806,""199"":3520,""16"":94081,""12"":10742,""449"":0,""636"":1555753,""1148"":78,""11"":8935106000,""14"":1160700155,""387"":""2b3430313237392e303136372d303038343834392e383136372b3030302e3036342f""}"
2026-07-01T03:10:17Z,862272088542776,Codec8E,2026-06-27 11:40:16.000 UTC,1782560416000,0,40.1273800,-8.4860733,62,238,7,78,0,"{""239"":1,""240"":1,""21"":5,""200"":0,""69"":1,""237"":2,""113"":100,""303"":1,""383"":3,""1149"":20,""181"":15,""182"":12,""66"":14551,""24"":78,""206"":48740,""67"":4128,""68"":0,""13"":1228,""17"":-15,""18"":-7,""19"":75,""15"":1000,""241"":26806,""199"":3630,""16"":94191,""12"":10742,""449"":0,""636"":1555753,""1148"":78,""11"":8935106000,""14"":1160700155,""387"":""2b3430313237332e383030302d303038343836302e373333332b3030302e3036322f""}"
2026-07-01T03:10:17Z,862272088542776,Codec8E,2026-06-27 11:40:21.000 UTC,1782560421000,0,40.1268416,-8.4871716,60,235,6,81,0,"{""239"":1,""240"":1,""21"":5,""200"":0,""69"":1,""237"":2,""113"":100,""303"":1,""383"":3,""1149"":20,""181"":41,""182"":21,""66"":14546,""24"":81,""206"":48740,""67"":4128,""68"":0,""13"":1228,""17"":-7,""18"":-52,""19"":61,""15"":1000,""241"":26806,""199"":3740,""16"":94301,""12"":10742,""449"":0,""636"":1555753,""1148"":78,""11"":8935106000,""14"":1160700155,""387"":""2b3430313236382e343136372d303038343837312e373136372b3030302e3036302f""}"
2026-07-01T03:10:17Z,862272088542776,Codec8E,2026-06-27 11:40:25.000 UTC,1782560425000,0,40.1263616,-8.4881716,60,235,6,88,0,"{""239"":1,""240"":1,""21"":5,""200"":0,""69"":1,""237"":2,""113"":100,""303"":1,""383"":3,""1149"":20,""181"":49,""182"":25,""66"":14552,""24"":88,""206"":48740,""67"":4128,""68"":0,""13"":1228,""17"":-57,""18"":-24,""19"":99,""15"":1000,""241"":26806,""199"":3841,""16"":94402,""12"":10742,""449"":0,""636"":1555753,""1148"":78,""11"":8935106000,""14"":1160700155,""387"":""2b3430313236332e363136372d303038343838312e373136372b3030302e3036302f""}"
2026-07-01T03:10:17Z,862272088542776,Codec8E,2026-06-27 11:40:29.000 UTC,1782560429000,0,40.1258516,-8.4892066,58,236,7,92,0,"{""239"":1,""240"":1,""21"":5,""200"":0,""69"":1,""237"":2,""113"":100,""303"":1,""383"":3,""1149"":20,""181"":45,""182"":22,""66"":14552,""24"":92,""206"":48740,""67"":4128,""68"":0,""13"":1228,""17"":-14,""18"":3,""19"":94,""15"":1000,""241"":26806,""199"":3946,""16"":94507,""12"":10742,""449"":0,""636"":1555753,""1148"":78,""11"":8935106000,""14"":1160700155,""387"":""2b3430313235382e353136372d303038343839322e303636372b3030302e3035382f""}"
2026-07-01T03:10:18Z,862272088542776,Codec8E,2026-06-27 11:40:33.000 UTC,1782560433000,0,40.1253100,-8.4902783,55,236,7,96,0,"{""239"":1,""240"":1,""21"":5,""200"":0,""69"":1,""237"":2,""113"":100,""303"":1,""383"":3,""1149"":20,""181"":48,""182"":25,""66"":14546,""24"":96,""206"":48740,""67"":4128,""68"":0,""13"":1228,""17"":10,""18"":-21,""19"":86,""15"":1000,""241"":26806,""199"":4055,""16"":94616,""12"":10742,""449"":0,""636"":1555753,""1148"":78,""11"":8935106000,""14"":1160700155,""387"":""2b3430313235332e313030302d303038343930322e373833332b3030302e3035352f""}"
2026-07-01T03:10:18Z,862272088542776,Codec8E,2026-06-27 11:40:37.000 UTC,1782560437000,0,40.1247616,-8.4913750,53,238,6,97,0,"{""239"":1,""240"":1,""21"":5,""200"":0,""69"":1,""237"":2,""113"":100,""303"":1,""383"":3,""1149"":20,""181"":17,""182"":14,""66"":14555,""24"":97,""206"":48740,""67"":4128,""68"":0,""13"":1228,""17"":-43,""18"":-43,""19"":56,""15"":1000,""241"":26806,""199"":4166,""16"":94727,""12"":10742,""449"":0,""636"":1555753,""1148"":78,""11"":8935106000,""14"":1160700155,""387"":""2b3430313234372e363136372d303038343931332e373530302b3030302e3035332f""}"
2026-07-01T03:10:18Z,862272088542776,Codec8E,2026-06-27 11:40:41.000 UTC,1782560441000,0,40.1242400,-8.4924133,51,236,6,95,0,"{""239"":1,""240"":1,""21"":3,""200"":0,""69"":1,""237"":2,""113"":100,""303"":1,""383"":3,""1149"":1,""181"":47,""182"":22,""66"":14550,""24"":95,""206"":48740,""67"":4128,""68"":0,""13"":1228,""17"":21,""18"":-49,""19"":161,""15"":1000,""241"":26806,""199"":4272,""16"":94833,""12"":10742,""449"":0,""636"":1555725,""1148"":78,""11"":8935106000,""14"":1160700155,""387"":""2b3430313234322e343030302d303038343932342e313333332b3030302e3035312f""}"
2026-07-01T03:10:18Z,862272088542776,Codec8E,2026-06-27 11:40:45.000 UTC,1782560445000,0,40.1237116,-8.4934516,50,236,7,94,0,"{""239"":1,""240"":1,""21"":3,""200"":0,""69"":1,""237"":2,""113"":100,""303"":1,""383"":3,""1149"":1,""181"":16,""182"":13,""66"":14552,""24"":94,""206"":48740,""67"":4128,""68"":0,""13"":1228,""17"":-30,""18"":-58,""19"":106,""15"":1000,""241"":26806,""199"":4378,""16"":94939,""12"":10742,""449"":0,""636"":1555725,""1148"":78,""11"":8935106000,""14"":1160700155,""387"":""2b3430313233372e313136372d303038343933342e353136372b3030302e3035302f""}"
2026-07-01T03:10:18Z,862272088542776,Codec8E,2026-06-27 11:40:49.000 UTC,1782560449000,0,40.1232233,-8.4944816,48,237,8,94,0,"{""239"":1,""240"":1,""21"":3,""200"":0,""69"":1,""237"":2,""113"":100,""303"":1,""383"":3,""1149"":1,""181"":15,""182"":12,""66"":14548,""24"":94,""206"":48740,""67"":4128,""68"":0,""13"":1228,""17"":-84,""18"":-32,""19"":166,""15"":1000,""241"":26806,""199"":4481,""16"":95042,""12"":10742,""449"":0,""636"":1555725,""1148"":78,""11"":8935106000,""14"":1160700155,""387"":""2b3430313233322e323333332d303038343934342e383136372b3030302e3034382f""}"
2026-07-01T03:10:19Z,862272088542776,Codec8E,2026-06-27 11:40:53.000 UTC,1782560453000,0,40.1226916,-8.4954766,48,236,6,93,0,"{""239"":1,""240"":1,""21"":3,""200"":0,""69"":1,""237"":2,""113"":100,""303"":1,""383"":3,""1149"":1,""181"":38,""182"":17,""66"":14552,""24"":93,""206"":48740,""67"":4128,""68"":0,""13"":1228,""17"":-30,""18"":-71,""19"":59,""15"":1000,""241"":26806,""199"":4584,""16"":95145,""12"":10742,""449"":0,""636"":1555755,""1148"":78,""11"":8935106000,""14"":1160700155,""387"":""2b3430313232362e393136372d303038343935342e373636372b3030302e3034382f""}"
2026-07-01T03:10:19Z,862272088542776,Codec8E,2026-06-27 11:40:58.000 UTC,1782560458000,0,40.1220733,-8.4966383,48,236,5,87,0,"{""239"":1,""240"":1,""21"":3,""200"":0,""69"":1,""237"":2,""113"":100,""303"":1,""383"":3,""1149"":1,""181"":18,""182"":15,""66"":14551,""24"":87,""206"":48740,""67"":4128,""68"":0,""13"":1228,""17"":162,""18"":-32,""19"":52,""15"":1000,""241"":26806,""199"":4704,""16"":95265,""12"":10742,""449"":0,""636"":1555735,""1148"":78,""11"":8935106000,""14"":1160700155,""387"":""2b3430313232302e373333332d303038343936362e333833332b3030302e3034382f""}"
2026-07-01T03:10:19Z,862272088542776,Codec8E,2026-06-27 11:41:03.000 UTC,1782560463000,0,40.1215300,-8.4976266,47,229,7,77,0,"{""239"":1,""240"":1,""21"":4,""200"":0,""69"":1,""237"":2,""113"":100,""303"":1,""383"":3,""1149"":8,""181"":23,""182"":14,""66"":14547,""24"":77,""206"":48740,""67"":4128,""68"":0,""13"":1228,""17"":23,""18"":-38,""19"":0,""15"":1000,""241"":26806,""199"":4808,""16"":95369,""12"":10742,""449"":0,""636"":1555735,""1148"":81,""11"":8935106000,""14"":1160700155,""387"":""2b3430313231352e333030302d303038343937362e323636372b3030302e3034372f""}"
2026-07-01T03:10:19Z,862272088542776,Codec8E,2026-06-27 11:41:06.000 UTC,1782560466000,0,40.1212566,-8.4980800,46,227,7,67,0,"{""239"":1,""240"":1,""21"":4,""200"":0,""69"":1,""237"":2,""113"":100,""303"":1,""383"":3,""1149"":8,""181"":16,""182"":12,""66"":14550,""24"":67,""206"":48740,""67"":4128,""68"":0,""13"":1228,""17"":21,""18"":-45,""19"":53,""15"":1000,""241"":26806,""199"":4857,""16"":95418,""12"":10742,""449"":0,""636"":1418804,""1148"":81,""11"":8935106000,""14"":1160700155,""387"":""2b3430313231322e353636372d303038343938302e383030302b3030302e3034362f""}"
2026-07-01T03:10:19Z,862272088542776,Codec8E,2026-06-27 11:41:11.000 UTC,1782560471000,0,40.1207583,-8.4986666,45,217,7,56,0,"{""239"":1,""240"":1,""21"":4,""200"":0,""69"":1,""237"":2,""113"":100,""303"":1,""383"":3,""1149"":8,""181"":44,""182"":22,""66"":14546,""24"":56,""206"":48740,""67"":4128,""68"":0,""13"":1228,""17"":48,""18"":-5,""19"":8,""15"":1000,""241"":26806,""199"":4932,""16"":95493,""12"":10742,""449"":0,""636"":1515572,""1148"":81,""11"":8935106000,""14"":1160700155,""387"":""2b3430313230372e353833332d303038343938362e363636372b3030302e3034352f""}"
2026-07-01T03:10:20Z,862272088542776,Codec8E,2026-06-27 11:41:15.000 UTC,1782560475000,0,40.1204916,-8.4990150,43,219,8,43,0,"{""239"":1,""240"":1,""21"":4,""200"":0,""69"":1,""237"":2,""113"":100,""303"":1,""383"":3,""1149"":8,""181"":34,""182"":17,""66"":14547,""24"":43,""206"":48740,""67"":4128,""68"":0,""13"":1228,""17"":-104,""18"":19,""19"":14,""15"":1000,""241"":26806,""199"":4975,""16"":95536,""12"":10742,""449"":0,""636"":1418804,""1148"":81,""11"":8935106000,""14"":1160700155,""387"":""2b3430313230342e393136372d303038343939302e313530302b3030302e3034332f""}"
2026-07-01T03:10:20Z,862272088542776,Codec8E,2026-06-27 11:41:17.000 UTC,1782560477000,0,40.1204250,-8.4991383,41,230,8,35,0,"{""239"":1,""240"":1,""21"":4,""200"":0,""69"":1,""237"":2,""113"":100,""303"":1,""383"":3,""1149"":8,""181"":34,""182"":17,""66"":14551,""24"":35,""206"":48740,""67"":4128,""68"":0,""13"":1228,""17"":-114,""18"":-217,""19"":74,""15"":1000,""241"":26806,""199"":4989,""16"":95550,""12"":10742,""449"":0,""636"":1418804,""1148"":81,""11"":8935106000,""14"":1160700155,""387"":""2b3430313230342e323530302d303038343939312e333833332b3030302e3034312f""}"
2026-07-01T03:10:20Z,862272088542776,Codec8E,2026-06-27 11:41:22.000 UTC,1782560482000,0,40.1201383,-8.4995033,39,217,8,35,0,"{""239"":1,""240"":1,""21"":4,""200"":0,""69"":1,""237"":2,""113"":100,""303"":1,""383"":3,""1149"":8,""181"":34,""182"":17,""66"":14554,""24"":35,""206"":48740,""67"":4128,""68"":0,""13"":1228,""17"":-48,""18"":-40,""19"":51,""15"":1000,""241"":26806,""199"":5034,""16"":95595,""12"":10742,""449"":0,""636"":339507,""1148"":81,""11"":8935106000,""14"":1160700155,""387"":""2b3430313230312e333833332d303038343939352e303333332b3030302e3033392f""}"
2026-07-01T03:10:20Z,862272088542776,Codec8E,2026-06-27 11:41:27.000 UTC,1782560487000,0,40.1196283,-8.4999850,38,218,9,45,0,"{""239"":1,""240"":1,""21"":4,""200"":0,""69"":1,""237"":2,""113"":100,""303"":1,""383"":3,""1149"":8,""181"":30,""182"":14,""66"":14555,""24"":45,""206"":48740,""67"":4128,""68"":0,""13"":1228,""17"":-29,""18"":-24,""19"":69,""15"":1000,""241"":26806,""199"":5103,""16"":95664,""12"":10742,""449"":0,""636"":339507,""1148"":81,""11"":8935106000,""14"":1160700155,""387"":""2b3430313139362e323833332d303038343939392e383530302b3030302e3033382f""}"
2026-07-01T03:10:20Z,862272088542776,Codec8E,2026-06-27 11:41:34.000 UTC,1782560494000,0,40.1188483,-8.5008083,39,213,9,53,0,"{""239"":1,""240"":1,""21"":4,""200"":0,""69"":1,""237"":2,""113"":100,""303"":1,""383"":3,""1149"":1,""181"":30,""182"":14,""66"":14562,""24"":53,""206"":48740,""67"":4128,""68"":0,""13"":1228,""17"":-61,""18"":6,""19"":72,""15"":1000,""241"":26806,""199"":5215,""16"":95776,""12"":10742,""449"":0,""636"":339497,""1148"":78,""11"":8935106000,""14"":1160700155,""387"":""2b3430313138382e343833332d303038353030382e303833332b3030302e3033392f""}"
2026-07-01T03:10:21Z,862272088542776,Codec8E,2026-06-27 11:41:41.000 UTC,1782560501000,0,40.1179700,-8.5015000,38,210,9,56,0,"{""239"":1,""240"":1,""21"":4,""200"":0,""69"":1,""237"":2,""113"":100,""303"":1,""383"":3,""1149"":1,""181"":30,""182"":14,""66"":14557,""24"":56,""206"":48740,""67"":4128,""68"":0,""13"":1228,""17"":-25,""18"":-38,""19"":3,""15"":1000,""241"":26806,""199"":5329,""16"":95890,""12"":10742,""449"":0,""636"":339497,""1148"":78,""11"":8935106000,""14"":1160700155,""387"":""2b3430313137392e373030302d303038353031352e303030302b3030302e3033382f""}"
2026-07-01T03:10:21Z,862272088542776,Codec8E,2026-06-27 11:41:48.000 UTC,1782560508000,0,40.1170700,-8.5020966,37,200,8,58,0,"{""239"":1,""240"":1,""21"":4,""200"":0,""69"":1,""237"":2,""113"":100,""303"":1,""383"":3,""1149"":1,""181"":33,""182"":14,""66"":14559,""24"":58,""206"":48740,""67"":4128,""68"":0,""13"":1228,""17"":-24,""18"":-48,""19"":26,""15"":1000,""241"":26806,""199"":5441,""16"":96002,""12"":10742,""449"":0,""636"":339497,""1148"":78,""11"":8935106000,""14"":1160700155,""387"":""2b3430313137302e373030302d303038353032302e393636372b3030302e3033372f""}"
2026-07-01T03:10:21Z,862272088542776,Codec8E,2026-06-27 11:41:55.000 UTC,1782560515000,0,40.1160966,-8.5025600,36,197,9,59,0,"{""239"":1,""240"":1,""21"":4,""200"":0,""69"":1,""237"":2,""113"":100,""303"":1,""383"":3,""1149"":1,""181"":14,""182"":11,""66"":14561,""24"":59,""206"":48740,""67"":4128,""68"":0,""13"":1228,""17"":-42,""18"":-60,""19"":74,""15"":1000,""241"":26806,""199"":5556,""16"":96117,""12"":10742,""449"":0,""636"":339497,""1148"":78,""11"":8935106000,""14"":1160700155,""387"":""2b3430313136302e393636372d303038353032352e363030302b3030302e3033362f""}"
2026-07-01T03:10:21Z,862272088542776,Codec8E,2026-06-27 11:42:02.000 UTC,1782560522000,0,40.1151200,-8.5029533,34,196,9,57,0,"{""239"":1,""240"":1,""21"":4,""200"":0,""69"":1,""237"":2,""113"":100,""303"":1,""383"":3,""1149"":1,""181"":30,""182"":14,""66"":14568,""24"":57,""206"":48740,""67"":4128,""68"":0,""13"":1228,""17"":-28,""18"":-41,""19"":69,""15"":1000,""241"":26806,""199"":5670,""16"":96231,""12"":10742,""449"":0,""636"":339497,""1148"":78,""11"":8935106000,""14"":1160700155,""387"":""2b3430313135312e323030302d303038353032392e353333332b3030302e3033342f""}"
2026-07-01T03:10:21Z,862272088542776,Codec8E,2026-06-27 11:42:09.000 UTC,1782560529000,0,40.1142299,-8.5032100,33,186,8,51,0,"{""239"":1,""240"":1,""21"":4,""200"":0,""69"":1,""237"":2,""113"":100,""303"":1,""383"":3,""1149"":1,""181"":15,""182"":12,""66"":14547,""24"":51,""206"":48740,""67"":4128,""68"":0,""13"":1228,""17"":-26,""18"":-36,""19"":76,""15"":1000,""241"":26806,""199"":5771,""16"":96332,""12"":10742,""449"":0,""636"":339497,""1148"":82,""11"":8935106000,""14"":1160700155,""387"":""2b3430313134322e333030302d303038353033322e313030302b3030302e3033332f""}"
2026-07-01T03:10:22Z,862272088542776,Codec8E,2026-06-27 11:42:17.000 UTC,1782560537000,0,40.1132700,-8.5034033,31,187,7,50,0,"{""239"":1,""240"":1,""21"":4,""200"":0,""69"":1,""237"":2,""113"":100,""303"":1,""383"":3,""1149"":1,""181"":16,""182"":13,""66"":14546,""24"":50,""206"":48740,""67"":4128,""68"":0,""13"":1228,""17"":-44,""18"":-68,""19"":54,""15"":1000,""241"":26806,""199"":5879,""16"":96440,""12"":10742,""449"":0,""636"":339497,""1148"":82,""11"":8935106000,""14"":1160700155,""387"":""2b3430313133322e373030302d303038353033342e303333332b3030302e3033312f""}"
2026-07-01T03:10:22Z,862272088542776,Codec8E,2026-06-27 11:42:24.000 UTC,1782560544000,0,40.1123349,-8.5034583,31,184,7,52,0,"{""239"":1,""240"":1,""21"":4,""200"":0,""69"":1,""237"":2,""113"":100,""303"":1,""383"":3,""1149"":1,""181"":16,""182"":13,""66"":14555,""24"":52,""206"":48740,""67"":4128,""68"":0,""13"":1228,""17"":-51,""18"":-82,""19"":47,""15"":1000,""241"":26806,""199"":5983,""16"":96544,""12"":10742,""449"":0,""636"":339497,""1148"":82,""11"":8935106000,""14"":1160700155,""387"":""2b3430313132332e333530302d303038353033342e353833332b3030302e3033312f""}"
2026-07-01T03:10:22Z,862272088542776,Codec8E,2026-06-27 11:42:31.000 UTC,1782560551000,0,40.1113783,-8.5034100,32,178,5,54,0,"{""239"":1,""240"":1,""21"":4,""200"":0,""69"":1,""237"":2,""113"":100,""303"":1,""383"":3,""1149"":1,""181"":20,""182"":18,""66"":14555,""24"":54,""206"":48740,""67"":4128,""68"":0,""13"":1228,""17"":-67,""18"":-69,""19"":58,""15"":1000,""241"":26806,""199"":6090,""16"":96651,""12"":10742,""449"":0,""636"":339497,""1148"":82,""11"":8935106000,""14"":1160700155,""387"":""2b3430313131332e373833332d303038353033342e313030302b3030302e3033322f""}"
2026-07-01T03:10:22Z,862272088542776,Codec8E,2026-06-27 11:42:38.000 UTC,1782560558000,0,40.1103650,-8.5032466,34,173,7,54,0,"{""239"":1,""240"":1,""21"":4,""200"":0,""69"":1,""237"":2,""113"":100,""303"":1,""383"":3,""1149"":1,""181"":17,""182"":15,""66"":14555,""24"":54,""206"":48740,""67"":4128,""68"":0,""13"":1228,""17"":-83,""18"":-28,""19"":87,""15"":1000,""241"":26806,""199"":6203,""16"":96764,""12"":10742,""449"":0,""636"":339497,""1148"":82,""11"":8935106000,""14"":1160700155,""387"":""2b3430313130332e363530302d303038353033322e343636372b3030302e3033342f""}"
2026-07-01T03:10:22Z,862272088542776,Codec8E,2026-06-27 11:42:45.000 UTC,1782560565000,0,40.1094283,-8.5030233,37,167,8,50,0,"{""239"":1,""240"":1,""21"":4,""200"":0,""69"":1,""237"":2,""113"":100,""303"":1,""383"":3,""1149"":1,""181"":16,""182"":13,""66"":14546,""24"":50,""206"":48740,""67"":4128,""68"":0,""13"":1228,""17"":38,""18"":347,""19"":163,""15"":1000,""241"":26806,""199"":6309,""16"":96870,""12"":10742,""449"":0,""636"":1515562,""1148"":82,""11"":8935106000,""14"":1160700155,""387"":""2b3430313039342e323833332d303038353033302e323333332b3030302e3033372f""}"
2026-07-01T03:10:26Z,862272088542776,Codec8E,2026-06-27 11:42:47.000 UTC,1782560567000,0,40.1092550,-8.5030700,40,183,8,46,0,"{""239"":1,""240"":1,""21"":4,""200"":0,""69"":1,""237"":2,""113"":100,""303"":1,""383"":3,""1149"":1,""181"":16,""182"":13,""66"":14548,""24"":46,""206"":48740,""67"":4128,""68"":0,""13"":1228,""17"":-75,""18"":217,""19"":161,""15"":1000,""241"":26806,""199"":6330,""16"":96891,""12"":10742,""449"":0,""636"":1515562,""1148"":82,""11"":8935106000,""14"":1160700155,""387"":""2b3430313039322e353530302d303038353033302e373030302b3030302e3034302f""}"
2026-07-01T03:10:26Z,862272088542776,Codec8E,2026-06-27 11:42:48.000 UTC,1782560568000,0,40.1091983,-8.5031616,40,208,8,43,0,"{""239"":1,""240"":1,""21"":4,""200"":0,""69"":1,""237"":2,""113"":100,""303"":1,""383"":3,""1149"":1,""181"":30,""182"":16,""66"":14552,""24"":43,""206"":48740,""67"":4128,""68"":0,""13"":1228,""17"":-65,""18"":210,""19"":146,""15"":1000,""241"":26806,""199"":6340,""16"":96901,""12"":10742,""449"":0,""636"":1515562,""1148"":82,""11"":8935106000,""14"":1160700155,""387"":""2b3430313039312e393833332d303038353033312e363136372b3030302e3034302f""}"
2026-07-01T03:10:26Z,862272088542776,Codec8E,2026-06-27 11:42:49.000 UTC,1782560569000,0,40.1091450,-8.5032533,40,230,8,41,0,"{""239"":1,""240"":1,""21"":4,""200"":0,""69"":1,""237"":2,""113"":100,""303"":1,""383"":3,""1149"":1,""181"":30,""182"":16,""66"":14546,""24"":41,""206"":48740,""67"":4128,""68"":0,""13"":1228,""17"":-95,""18"":66,""19"":328,""15"":1000,""241"":26806,""199"":6350,""16"":96911,""12"":10742,""449"":0,""636"":1515562,""1148"":82,""11"":8935106000,""14"":1160700155,""387"":""2b3430313039312e343530302d303038353033322e353333332b3030302e3034302f""}"
2026-07-01T03:10:26Z,862272088542776,Codec8E,2026-06-27 11:42:51.000 UTC,1782560571000,0,40.1091050,-8.5035216,41,247,9,38,0,"{""239"":1,""240"":1,""21"":4,""200"":0,""69"":1,""237"":2,""113"":100,""303"":1,""383"":3,""1149"":1,""181"":14,""182"":11,""66"":14555,""24"":38,""206"":48740,""67"":4128,""68"":0,""13"":1228,""17"":-81,""18"":-25,""19"":43,""15"":1000,""241"":26806,""199"":6373,""16"":96934,""12"":10742,""449"":0,""636"":1515562,""1148"":82,""11"":8935106000,""14"":1160700155,""387"":""2b3430313039312e303530302d303038353033352e323136372b3030302e3034312f""}"
2026-07-01T03:10:26Z,862272088542776,Codec8E,2026-06-27 11:42:54.000 UTC,1782560574000,0,40.1090600,-8.5039016,42,258,9,36,0,"{""239"":1,""240"":1,""21"":4,""200"":0,""69"":1,""237"":2,""113"":100,""303"":1,""383"":3,""1149"":1,""181"":14,""182"":11,""66"":14554,""24"":36,""206"":48740,""67"":4128,""68"":0,""13"":1228,""17"":-4,""18"":-32,""19"":66,""15"":1000,""241"":26806,""199"":6406,""16"":96967,""12"":10742,""449"":0,""636"":339499,""1148"":82,""11"":8935106000,""14"":1160700155,""387"":""2b3430313039302e363030302d303038353033392e303136372b3030302e3034322f""}"
2026-07-01T03:10:37Z,862272088542776,Codec8E,2026-06-27 11:43:00.000 UTC,1782560580000,0,40.1090416,-8.5044916,44,270,9,29,0,"{""239"":1,""240"":1,""21"":4,""200"":0,""69"":1,""237"":2,""113"":100,""303"":1,""383"":3,""1149"":1,""181"":29,""182"":14,""66"":14546,""24"":29,""206"":48740,""67"":4128,""68"":0,""13"":1228,""17"":7,""18"":202,""19"":31,""15"":1000,""241"":26806,""199"":6457,""16"":97018,""12"":10742,""449"":0,""636"":1515562,""1148"":82,""11"":8935106000,""14"":1160700155,""387"":""2b3430313039302e343136372d303038353034342e393136372b3030302e3034342f""}"
2026-07-01T03:10:37Z,862272088542776,Codec8E,2026-06-27 11:43:02.000 UTC,1782560582000,0,40.1091133,-8.5046766,46,304,9,28,0,"{""239"":1,""240"":1,""21"":4,""200"":0,""69"":1,""237"":2,""113"":100,""303"":1,""383"":3,""1149"":1,""181"":21,""182"":12,""66"":14551,""24"":28,""206"":48740,""67"":4128,""68"":0,""13"":1228,""17"":7,""18"":101,""19"":15,""15"":1000,""241"":26806,""199"":6475,""16"":97036,""12"":10742,""449"":0,""636"":1515562,""1148"":82,""11"":8935106000,""14"":1160700155,""387"":""2b3430313039312e313333332d303038353034362e373636372b3030302e3034362f""}"
2026-07-01T03:10:37Z,862272088542776,Codec8E,2026-06-27 11:43:04.000 UTC,1782560584000,0,40.1092316,-8.5048016,47,333,9,27,0,"{""239"":1,""240"":1,""21"":4,""200"":0,""69"":1,""237"":2,""113"":100,""303"":1,""383"":3,""1149"":1,""181"":21,""182"":12,""66"":14553,""24"":27,""206"":48740,""67"":4128,""68"":0,""13"":1228,""17"":65,""18"":-182,""19"":136,""15"":1000,""241"":26806,""199"":6493,""16"":97054,""12"":10742,""449"":0,""636"":1515562,""1148"":79,""11"":8935106000,""14"":1160700155,""387"":""2b3430313039322e333136372d303038353034382e303136372b3030302e3034372f""}"
2026-07-01T03:10:37Z,862272088542776,Codec8E,2026-06-27 11:43:08.000 UTC,1782560588000,0,40.1095216,-8.5050766,48,311,10,32,0,"{""239"":1,""240"":1,""21"":4,""200"":0,""69"":1,""237"":2,""113"":100,""303"":1,""383"":3,""1149"":1,""181"":20,""182"":11,""66"":14556,""24"":32,""206"":48740,""67"":4128,""68"":0,""13"":1228,""17"":-91,""18"":-246,""19"":54,""15"":1000,""241"":26806,""199"":6533,""16"":97094,""12"":10742,""449"":0,""636"":339499,""1148"":79,""11"":8935106000,""14"":1160700155,""387"":""2b3430313039352e323136372d303038353035302e373636372b3030302e3034382f""}"
2026-07-01T03:10:37Z,862272088542776,Codec8E,2026-06-27 11:43:09.000 UTC,1782560589000,0,40.1095633,-8.5051733,48,299,10,32,0,"{""239"":1,""240"":1,""21"":4,""200"":0,""69"":1,""237"":2,""113"":100,""303"":1,""383"":3,""1149"":1,""181"":20,""182"":11,""66"":14555,""24"":32,""206"":48740,""67"":4128,""68"":0,""13"":1228,""17"":-103,""18"":-261,""19"":9,""15"":1000,""241"":26806,""199"":6542,""16"":97103,""12"":10742,""449"":0,""636"":339499,""1148"":79,""11"":8935106000,""14"":1160700155,""387"":""2b3430313039352e363333332d303038353035312e373333332b3030302e3034382f""}"
2026-07-01T03:10:38Z,862272088542776,Codec8E,2026-06-27 11:43:12.000 UTC,1782560592000,0,40.1096583,-8.5054883,49,288,8,34,0,"{""239"":1,""240"":1,""21"":4,""200"":0,""69"":1,""237"":2,""113"":100,""303"":1,""383"":3,""1149"":1,""181"":32,""182"":14,""66"":14557,""24"":34,""206"":48740,""67"":4128,""68"":0,""13"":1228,""17"":-47,""18"":-34,""19"":93,""15"":1000,""241"":26806,""199"":6571,""16"":97132,""12"":10742,""449"":0,""636"":339499,""1148"":79,""11"":8935106000,""14"":1160700155,""387"":""2b3430313039362e353833332d303038353035342e383833332b3030302e3034392f""}"
2026-07-01T03:10:38Z,862272088542776,Codec8E,2026-06-27 11:43:13.000 UTC,1782560593000,0,40.1096650,-8.5056183,49,278,8,34,0,"{""239"":1,""240"":1,""21"":4,""200"":0,""69"":1,""237"":2,""113"":100,""303"":1,""383"":3,""1149"":1,""181"":32,""182"":14,""66"":14558,""24"":34,""206"":48740,""67"":4128,""68"":0,""13"":1228,""17"":-9,""18"":-15,""19"":56,""15"":1000,""241"":26806,""199"":6582,""16"":97143,""12"":10742,""449"":0,""636"":339499,""1148"":79,""11"":8935106000,""14"":1160700155,""387"":""2b3430313039362e363530302d303038353035362e313833332b3030302e3034392f""}"
2026-07-01T03:10:38Z,862272088542776,Codec8E,2026-06-27 11:43:19.000 UTC,1782560599000,0,40.1096816,-8.5063733,47,265,8,38,0,"{""239"":1,""240"":1,""21"":4,""200"":0,""69"":1,""237"":2,""113"":100,""303"":1,""383"":3,""1149"":1,""181"":30,""182"":16,""66"":14568,""24"":38,""206"":48740,""67"":4128,""68"":0,""13"":1228,""17"":149,""18"":-26,""19"":62,""15"":1000,""241"":26806,""199"":6647,""16"":97208,""12"":10742,""449"":0,""636"":339499,""1148"":79,""11"":8935106000,""14"":1160700155,""387"":""2b3430313039362e383136372d303038353036332e373333332b3030302e3034372f""}"
2026-07-01T03:10:38Z,862272088542776,Codec8E,2026-06-27 11:43:24.000 UTC,1782560604000,0,40.1097150,-8.5067300,46,292,7,24,0,"{""239"":1,""240"":1,""21"":4,""200"":0,""69"":1,""237"":2,""113"":100,""303"":1,""383"":3,""1149"":1,""181"":31,""182"":18,""66"":14567,""24"":24,""206"":48740,""67"":4128,""68"":0,""13"":1228,""17"":-169,""18"":-77,""19"":10,""15"":1000,""241"":26806,""199"":6682,""16"":97243,""12"":10742,""449"":0,""636"":339499,""1148"":79,""11"":8935106000,""14"":1160700155,""387"":""2b3430313039372e313530302d303038353036372e333030302b3030302e3034362f""}"
2026-07-01T03:10:38Z,862272088542776,Codec8E,2026-06-27 11:43:26.000 UTC,1782560606000,0,40.1097449,-8.5067600,46,281,6,16,0,"{""239"":1,""240"":1,""21"":4,""200"":0,""69"":1,""237"":2,""113"":100,""303"":1,""383"":3,""1149"":1,""181"":27,""182"":25,""66"":14566,""24"":16,""206"":48740,""67"":4128,""68"":0,""13"":1228,""17"":-154,""18"":-271,""19"":-15,""15"":1000,""241"":26806,""199"":6685,""16"":97246,""12"":10742,""449"":0,""636"":339499,""1148"":79,""11"":8935106000,""14"":1160700155,""387"":""2b3430313039372e343530302d303038353036372e363030302b3030302e3034362f""}"
2026-07-01T03:10:39Z,862272088542776,Codec8E,2026-06-27 11:43:27.000 UTC,1782560607000,0,40.1097233,-8.5067799,46,237,8,14,0,"{""239"":1,""240"":1,""21"":4,""200"":0,""69"":1,""237"":2,""113"":100,""303"":1,""383"":3,""1149"":1,""181"":30,""182"":16,""66"":14572,""24"":14,""206"":48740,""67"":4128,""68"":0,""13"":1228,""17"":-249,""18"":-190,""19"":4,""15"":1000,""241"":26806,""199"":6689,""16"":97250,""12"":10742,""449"":0,""636"":339499,""1148"":79,""11"":8935106000,""14"":1160700155,""387"":""2b3430313039372e323333332d303038353036372e383030302b3030302e3034362f""}"
2026-07-01T03:10:39Z,862272088542776,Codec8E,2026-06-27 11:43:28.000 UTC,1782560608000,0,40.1096783,-8.5068033,48,213,9,14,0,"{""239"":1,""240"":1,""21"":4,""200"":0,""69"":1,""237"":2,""113"":100,""303"":1,""383"":3,""1149"":1,""181"":14,""182"":11,""66"":14579,""24"":14,""206"":48740,""67"":4128,""68"":0,""13"":1228,""17"":-126,""18"":-163,""19"":137,""15"":1000,""241"":26806,""199"":6694,""16"":97255,""12"":10742,""449"":0,""636"":339499,""1148"":79,""11"":8935106000,""14"":1160700155,""387"":""2b3430313039362e373833332d303038353036382e303333332b3030302e3034382f""}"
2026-07-01T03:10:39Z,862272088542776,Codec8E,2026-06-27 11:43:29.000 UTC,1782560609000,0,40.1096200,-8.5068233,49,200,9,15,0,"{""239"":1,""240"":1,""21"":4,""200"":0,""69"":1,""237"":2,""113"":100,""303"":1,""383"":3,""1149"":1,""181"":14,""182"":11,""66"":14566,""24"":15,""206"":48740,""67"":4128,""68"":0,""13"":1228,""17"":-163,""18"":-145,""19"":-109,""15"":1000,""241"":26806,""199"":6701,""16"":97262,""12"":10742,""449"":0,""636"":339499,""1148"":79,""11"":8935106000,""14"":1160700155,""387"":""2b3430313039362e323030302d303038353036382e323333332b3030302e3034392f""}"
2026-07-01T03:10:39Z,862272088542776,Codec8E,2026-06-27 11:43:30.000 UTC,1782560610000,0,40.1095633,-8.5068316,50,190,9,15,0,"{""239"":1,""240"":1,""21"":4,""200"":0,""69"":1,""237"":2,""113"":100,""303"":1,""383"":3,""1149"":1,""181"":14,""182"":11,""66"":14570,""24"":15,""206"":48740,""67"":4128,""68"":0,""13"":1228,""17"":-141,""18"":-2,""19"":52,""15"":1000,""241"":26806,""199"":6707,""16"":97268,""12"":10742,""449"":0,""636"":339499,""1148"":79,""11"":8935106000,""14"":1160700155,""387"":""2b3430313039352e363333332d303038353036382e333136372b3030302e3035302f""}"
2026-07-01T03:10:39Z,862272088542776,Codec8E,2026-06-27 11:43:31.000 UTC,1782560611000,0,40.1094583,-8.5068183,50,174,9,18,0,"{""239"":1,""240"":1,""21"":4,""200"":0,""69"":1,""237"":2,""113"":100,""303"":1,""383"":3,""1149"":1,""181"":22,""182"":14,""66"":14563,""24"":18,""206"":48740,""67"":4128,""68"":0,""13"":1228,""17"":-118,""18"":22,""19"":126,""15"":1000,""241"":26806,""199"":6719,""16"":97280,""12"":10742,""449"":0,""636"":339499,""1148"":79,""11"":8935106000,""14"":1160700155,""387"":""2b3430313039342e353833332d303038353036382e313833332b3030302e3035302f""}"
2026-07-01T03:10:40Z,862272088542776,Codec8E,2026-06-27 11:43:36.000 UTC,1782560616000,0,40.1089316,-8.5068200,58,184,7,28,0,"{""239"":1,""240"":1,""21"":4,""200"":0,""69"":1,""237"":2,""113"":100,""303"":1,""383"":3,""1149"":1,""181"":17,""182"":15,""66"":14555,""24"":28,""206"":48740,""67"":4128,""68"":0,""13"":1228,""17"":-49,""18"":-40,""19"":23,""15"":1000,""241"":26806,""199"":6777,""16"":97338,""12"":10742,""449"":0,""636"":339499,""1148"":83,""11"":8935106000,""14"":1160700155,""387"":""2b3430313038392e333136372d303038353036382e323030302b3030302e3035382f""}"
2026-07-01T03:10:40Z,862272088542776,Codec8E,2026-06-27 11:43:45.000 UTC,1782560625000,0,40.1084666,-8.5068933,59,203,6,19,0,"{""239"":1,""240"":1,""21"":4,""200"":0,""69"":1,""237"":2,""113"":100,""303"":1,""383"":3,""1149"":1,""181"":19,""182"":17,""66"":14571,""24"":19,""206"":48740,""67"":4128,""68"":0,""13"":1228,""17"":-136,""18"":-45,""19"":23,""15"":1000,""241"":26806,""199"":6832,""16"":97393,""12"":10742,""449"":0,""636"":339499,""1148"":83,""11"":8935106000,""14"":1160700155,""387"":""2b3430313038342e363636372d303038353036382e393333332b3030302e3035392f""}"
2026-07-01T03:10:40Z,862272088542776,Codec8E,2026-06-27 11:43:47.000 UTC,1782560627000,0,40.1084383,-8.5069416,60,214,6,15,0,"{""239"":1,""240"":1,""21"":4,""200"":0,""69"":1,""237"":2,""113"":100,""303"":1,""383"":3,""1149"":1,""181"":85,""182"":17,""66"":14557,""24"":15,""206"":48740,""67"":4128,""68"":0,""13"":1228,""17"":-92,""18"":-59,""19"":44,""15"":1000,""241"":26806,""199"":6838,""16"":97399,""12"":10742,""449"":0,""636"":339499,""1148"":83,""11"":8935106000,""14"":1160700155,""387"":""2b3430313038342e333833332d303038353036392e343136372b3030302e3036302f""}"
2026-07-01T03:10:40Z,862272088542776,Codec8E,2026-06-27 11:43:48.000 UTC,1782560628000,0,40.1084316,-8.5069883,60,227,7,14,0,"{""239"":1,""240"":1,""21"":4,""200"":0,""69"":1,""237"":2,""113"":100,""303"":1,""383"":3,""1149"":1,""181"":34,""182"":17,""66"":14555,""24"":14,""206"":48740,""67"":4128,""68"":0,""13"":1228,""17"":-64,""18"":-12,""19"":84,""15"":1000,""241"":26806,""199"":6842,""16"":97403,""12"":10742,""449"":0,""636"":339499,""1148"":83,""11"":8935106000,""14"":1160700155,""387"":""2b3430313038342e333136372d303038353036392e383833332b3030302e3036302f""}"
2026-07-01T03:10:40Z,862272088542776,Codec8E,2026-06-27 11:43:49.000 UTC,1782560629000,0,40.1084100,-8.5071333,58,246,7,14,0,"{""239"":1,""240"":1,""21"":4,""200"":0,""69"":1,""237"":2,""113"":100,""303"":1,""383"":3,""1149"":1,""181"":17,""182"":14,""66"":14555,""24"":14,""206"":48740,""67"":4128,""68"":0,""13"":1228,""17"":3,""18"":-42,""19"":-12,""15"":1000,""241"":26806,""199"":6854,""16"":97415,""12"":10742,""449"":0,""636"":339499,""1148"":83,""11"":8935106000,""14"":1160700155,""387"":""2b3430313038342e313030302d303038353037312e333333332b3030302e3035382f""}"
2026-07-01T03:10:42Z,862272088542776,Codec8E,2026-06-27 11:43:50.000 UTC,1782560630000,0,40.1084083,-8.5072483,58,258,7,16,0,"{""239"":1,""240"":1,""21"":4,""200"":0,""69"":1,""237"":2,""113"":100,""303"":1,""383"":3,""1149"":1,""181"":17,""182"":14,""66"":14557,""24"":16,""206"":48740,""67"":4128,""68"":0,""13"":1228,""17"":16,""18"":-28,""19"":43,""15"":1000,""241"":26806,""199"":6864,""16"":97425,""12"":10742,""449"":0,""636"":339499,""1148"":83,""11"":8935106000,""14"":1160700155,""387"":""2b3430313038342e303833332d303038353037322e343833332b3030302e3035382f""}"
2026-07-01T03:10:42Z,862272088542776,Codec8E,2026-06-27 11:44:00.000 UTC,1782560640000,0,40.1083333,-8.5080049,59,238,7,17,0,"{""239"":1,""240"":1,""21"":4,""200"":0,""69"":1,""237"":2,""113"":100,""303"":1,""383"":3,""1149"":1,""181"":17,""182"":14,""66"":14563,""24"":17,""206"":48740,""67"":4128,""68"":0,""13"":1228,""17"":18,""18"":-34,""19"":187,""15"":1000,""241"":26806,""199"":6929,""16"":97490,""12"":10742,""449"":0,""636"":339499,""1148"":83,""11"":8935106000,""14"":1160700155,""387"":""2b3430313038332e333333332d303038353038302e303530302b3030302e3035392f""}"
2026-07-01T03:10:42Z,862272088542776,Codec8E,2026-06-27 11:44:03.000 UTC,1782560643000,0,40.1083183,-8.5080150,59,238,7,6,0,"{""239"":1,""240"":1,""21"":0,""200"":0,""69"":1,""237"":99,""113"":100,""303"":1,""383"":3,""1149"":0,""181"":17,""182"":14,""66"":14538,""24"":6,""206"":0,""67"":4128,""68"":0,""13"":1228,""17"":7,""18"":-38,""19"":14,""15"":1000,""241"":0,""199"":6929,""16"":97490,""12"":10742,""449"":0,""636"":0,""1148"":0,""11"":8935106000,""14"":1160700155,""387"":""2b3430313038332e313833332d303038353038302e313530302b3030302e3035392f""}"
2026-07-01T03:10:42Z,862272088542776,Codec8E,2026-06-27 11:44:22.000 UTC,1782560662000,0,40.1083183,-8.5080150,59,0,0,0,303,"{""239"":1,""240"":1,""21"":5,""200"":0,""69"":2,""237"":2,""113"":0,""303"":1,""383"":3,""1149"":20,""181"":0,""182"":0,""66"":14574,""24"":0,""206"":48740,""67"":0,""68"":0,""13"":1228,""17"":-48,""18"":-39,""19"":2,""15"":0,""241"":26806,""199"":6929,""16"":97490,""12"":10742,""449"":0,""636"":339469,""1148"":72,""11"":8935106000,""14"":1160700155,""387"":""2b3430313038332e313833332d303038353038302e313530302b3030302e3035392f""}"
2026-07-01T03:10:42Z,862272088542776,Codec8E,2026-06-27 11:44:30.000 UTC,1782560670000,0,40.1083183,-8.5080150,59,0,5,0,303,"{""239"":1,""240"":1,""21"":5,""200"":0,""69"":2,""237"":2,""113"":0,""303"":0,""383"":3,""1149"":20,""181"":33,""182"":32,""66"":14571,""24"":0,""206"":48740,""67"":4128,""68"":0,""13"":1228,""17"":-52,""18"":-42,""19"":4,""15"":0,""241"":26806,""199"":6929,""16"":97490,""12"":10742,""449"":0,""636"":339469,""1148"":72,""11"":8935106000,""14"":1160700155,""387"":""2b3430313038332e313833332d303038353038302e313530302b3030302e3035392f""}"
2026-07-01T03:10:43Z,862272088542776,Codec8E,2026-06-27 11:44:38.000 UTC,1782560678000,0,40.1076566,-8.5082816,150,329,5,2,239,"{""239"":0,""240"":1,""21"":5,""200"":0,""69"":1,""237"":2,""113"":0,""303"":0,""383"":3,""1149"":20,""181"":33,""182"":32,""66"":13102,""24"":2,""206"":48740,""67"":4146,""68"":35,""13"":1228,""17"":-64,""18"":-49,""19"":1,""15"":0,""241"":26806,""199"":6929,""16"":97490,""12"":10742,""449"":0,""636"":339499,""1148"":72,""11"":8935106000,""14"":1160700155,""387"":""2b3430313037362e353636372d303038353038322e383136372b3030302e3135302f""}"
2026-07-01T03:10:43Z,862272088542776,Codec8E,2026-06-27 11:44:40.000 UTC,1782560680000,0,40.1076550,-8.5082750,149,329,5,1,303,"{""239"":0,""240"":1,""21"":5,""200"":0,""69"":1,""237"":2,""113"":0,""303"":1,""383"":3,""1149"":20,""181"":33,""182"":32,""66"":13051,""24"":1,""206"":48740,""67"":4129,""68"":0,""13"":1228,""17"":-54,""18"":-41,""19"":4,""15"":0,""241"":26806,""199"":6929,""16"":97490,""12"":10742,""449"":0,""636"":339499,""1148"":72,""11"":8935106000,""14"":1160700155,""387"":""2b3430313037362e353530302d303038353038322e373530302b3030302e3134392f""}"
2026-07-01T03:10:43Z,862272088542776,Codec8E,2026-06-27 11:44:44.000 UTC,1782560684000,0,40.1076366,-8.5082700,150,329,5,0,303,"{""239"":0,""240"":1,""21"":5,""200"":0,""69"":1,""237"":2,""113"":100,""303"":0,""383"":3,""1149"":20,""181"":33,""182"":32,""66"":12879,""24"":0,""206"":48740,""67"":4128,""68"":0,""13"":1228,""17"":-50,""18"":-40,""19"":3,""15"":0,""241"":26806,""199"":6929,""16"":97490,""12"":10742,""449"":0,""636"":339499,""1148"":72,""11"":8935106000,""14"":1160700155,""387"":""2b3430313037362e333636372d303038353038322e373030302b3030302e3135302f""}"
2026-07-01T03:10:43Z,862272088542776,Codec8E,2026-06-27 11:45:44.000 UTC,1782560744000,0,40.1076066,-8.5082066,138,329,5,0,240,"{""239"":0,""240"":0,""21"":3,""200"":0,""69"":1,""237"":2,""113"":100,""303"":0,""383"":3,""1149"":1,""181"":28,""182"":27,""66"":12882,""24"":0,""206"":48740,""67"":4128,""68"":0,""13"":1228,""17"":-55,""18"":-36,""19"":6,""15"":1000,""241"":26806,""199"":0,""16"":97490,""12"":10742,""449"":0,""636"":339499,""1148"":85,""11"":8935106000,""14"":1160700155,""387"":""2b3430313037362e303636372d303038353038322e303636372b3030302e3133382f""}"
2026-07-01T03:10:43Z,862272088542776,Codec8E,2026-06-27 12:02:29.000 UTC,1782561749000,0,40.1076066,-8.5082066,116,329,10,0,239,"{""239"":1,""240"":0,""21"":5,""200"":0,""69"":1,""237"":2,""113"":100,""303"":0,""383"":3,""1149"":1,""181"":13,""182"":11,""66"":15108,""24"":0,""206"":48740,""67"":4128,""68"":0,""13"":1228,""17"":-50,""18"":-42,""19"":4,""15"":1000,""241"":26806,""199"":0,""16"":97490,""12"":10742,""449"":0,""636"":339499,""1148"":85,""11"":8935106000,""14"":1160700155,""387"":""2b3430313037362e303636372d303038353038322e303636372b3030302e3131362f""}"
2026-07-01T03:10:44Z,862272088542776,Codec8E,2026-06-27 12:03:16.000 UTC,1782561796000,0,40.1076066,-8.5082066,112,329,6,0,303,"{""239"":1,""240"":0,""21"":3,""200"":0,""69"":1,""237"":2,""113"":100,""303"":1,""383"":3,""1149"":1,""181"":24,""182"":22,""66"":14510,""24"":0,""206"":48740,""67"":4128,""68"":0,""13"":1139,""17"":-91,""18"":-42,""19"":4,""15"":1000,""241"":26806,""199"":0,""16"":97490,""12"":10755,""449"":0,""636"":339499,""1148"":85,""11"":8935106000,""14"":1160700155,""387"":""2b3430313037362e303636372d303038353038322e303636372b3030302e3131322f""}"
2026-07-01T03:10:44Z,862272088542776,Codec8E,2026-06-27 12:03:17.000 UTC,1782561797000,0,40.1076066,-8.5082066,112,329,6,0,303,"{""239"":1,""240"":0,""21"":3,""200"":0,""69"":1,""237"":2,""113"":100,""303"":0,""383"":3,""1149"":1,""181"":24,""182"":22,""66"":14507,""24"":0,""206"":48740,""67"":4128,""68"":0,""13"":1139,""17"":54,""18"":77,""19"":-9,""15"":1000,""241"":26806,""199"":0,""16"":97490,""12"":10755,""449"":0,""636"":339499,""1148"":85,""11"":8935106000,""14"":1160700155,""387"":""2b3430313037362e303636372d303038353038322e303636372b3030302e3131322f""}"
2026-07-01T03:10:44Z,862272088542776,Codec8E,2026-06-27 12:03:19.000 UTC,1782561799000,0,40.1076066,-8.5082066,111,329,7,0,303,"{""239"":1,""240"":0,""21"":3,""200"":0,""69"":1,""237"":2,""113"":100,""303"":1,""383"":3,""1149"":1,""181"":21,""182"":19,""66"":14513,""24"":0,""206"":48740,""67"":4128,""68"":0,""13"":1140,""17"":15,""18"":-64,""19"":17,""15"":1000,""241"":26806,""199"":0,""16"":97490,""12"":10756,""449"":0,""636"":339499,""1148"":87,""11"":8935106000,""14"":1160700155,""387"":""2b3430313037362e303636372d303038353038322e303636372b3030302e3131312f""}"
2026-07-01T03:10:44Z,862272088542776,Codec8E,2026-06-27 12:03:20.000 UTC,1782561800000,0,40.1076066,-8.5082066,111,329,7,0,303,"{""239"":1,""240"":0,""21"":3,""200"":0,""69"":1,""237"":2,""113"":100,""303"":0,""383"":3,""1149"":1,""181"":18,""182"":16,""66"":14500,""24"":0,""206"":48740,""67"":4128,""68"":0,""13"":1140,""17"":-28,""18"":-79,""19"":-7,""15"":1000,""241"":26806,""199"":0,""16"":97490,""12"":10756,""449"":0,""636"":339499,""1148"":87,""11"":8935106000,""14"":1160700155,""387"":""2b3430313037362e303636372d303038353038322e303636372b3030302e3131312f""}"
2026-07-01T03:10:44Z,862272088542776,Codec8E,2026-06-27 12:03:23.000 UTC,1782561803000,0,40.1076066,-8.5082066,110,329,9,0,303,"{""239"":1,""240"":0,""21"":3,""200"":0,""69"":1,""237"":2,""113"":100,""303"":1,""383"":3,""1149"":1,""181"":14,""182"":11,""66"":14493,""24"":0,""206"":48740,""67"":4128,""68"":0,""13"":1140,""17"":-128,""18"":10,""19"":2,""15"":1000,""241"":26806,""199"":0,""16"":97490,""12"":10757,""449"":0,""636"":339499,""1148"":87,""11"":8935106000,""14"":1160700155,""387"":""2b3430313037362e303636372d303038353038322e303636372b3030302e3131302f""}"
2026-07-01T03:10:45Z,862272088542776,Codec8E,2026-06-27 12:03:24.000 UTC,1782561804000,0,40.1083716,-8.5081666,110,184,9,1,240,"{""239"":1,""240"":1,""21"":3,""200"":0,""69"":1,""237"":2,""113"":100,""303"":1,""383"":3,""1149"":1,""181"":14,""182"":11,""66"":14556,""24"":1,""206"":48740,""67"":4128,""68"":0,""13"":1140,""17"":-149,""18"":49,""19"":-6,""15"":1000,""241"":26806,""199"":0,""16"":97490,""12"":10757,""449"":0,""636"":339499,""1148"":87,""11"":8935106000,""14"":1160700155,""387"":""2b3430313038332e373136372d303038353038312e363636372b3030302e3131302f""}"
2026-07-01T03:10:45Z,862272088542776,Codec8E,2026-06-27 12:03:25.000 UTC,1782561805000,0,40.1083450,-8.5081916,110,216,8,2,303,"{""239"":1,""240"":1,""21"":3,""200"":0,""69"":1,""237"":2,""113"":100,""303"":0,""383"":3,""1149"":1,""181"":16,""182"":13,""66"":14524,""24"":2,""206"":48740,""67"":4128,""68"":0,""13"":1140,""17"":-159,""18"":-56,""19"":33,""15"":1000,""241"":26806,""199"":0,""16"":97490,""12"":10757,""449"":0,""636"":339499,""1148"":87,""11"":8935106000,""14"":1160700155,""387"":""2b3430313038332e343530302d303038353038312e393136372b3030302e3131302f""}"
2026-07-01T03:10:45Z,862272088542776,Codec8E,2026-06-27 12:03:28.000 UTC,1782561808000,0,40.1083266,-8.5082616,108,250,9,7,0,"{""239"":1,""240"":1,""21"":3,""200"":0,""69"":1,""237"":2,""113"":100,""303"":0,""383"":3,""1149"":1,""181"":14,""182"":11,""66"":14524,""24"":7,""206"":48740,""67"":4128,""68"":0,""13"":1140,""17"":-50,""18"":-45,""19"":14,""15"":1000,""241"":26806,""199"":4,""16"":97494,""12"":10757,""449"":0,""636"":339499,""1148"":87,""11"":8935106000,""14"":1160700155,""387"":""2b3430313038332e323636372d303038353038322e363136372b3030302e3130382f""}"
2026-07-01T03:10:45Z,862272088542776,Codec8E,2026-06-27 12:03:31.000 UTC,1782561811000,0,40.1082650,-8.5085450,106,249,9,17,303,"{""239"":1,""240"":1,""21"":3,""200"":0,""69"":1,""237"":2,""113"":100,""303"":1,""383"":3,""1149"":1,""181"":14,""182"":11,""66"":14513,""24"":17,""206"":48740,""67"":4128,""68"":0,""13"":1140,""17"":10,""18"":-48,""19"":18,""15"":1000,""241"":26806,""199"":30,""16"":97520,""12"":10757,""449"":0,""636"":339499,""1148"":87,""11"":8935106000,""14"":1160700155,""387"":""2b3430313038322e363530302d303038353038352e343530302b3030302e3130362f""}"
2026-07-01T03:10:45Z,862272088542776,Codec8E,2026-06-27 12:03:37.000 UTC,1782561817000,0,40.1082100,-8.5090066,104,262,10,24,0,"{""239"":1,""240"":1,""21"":3,""200"":0,""69"":1,""237"":2,""113"":100,""303"":1,""383"":3,""1149"":1,""181"":13,""182"":10,""66"":14546,""24"":24,""206"":48740,""67"":4128,""68"":0,""13"":1140,""17"":34,""18"":-7,""19"":50,""15"":1000,""241"":26806,""199"":69,""16"":97559,""12"":10757,""449"":0,""636"":339469,""1148"":87,""11"":8935106000,""14"":1160700155,""387"":""2b3430313038322e313030302d303038353039302e303636372b3030302e3130342f""}"
2026-07-01T03:10:46Z,862272088542776,Codec8E,2026-06-27 12:03:46.000 UTC,1782561826000,0,40.1081716,-8.5095933,99,245,9,19,0,"{""239"":1,""240"":1,""21"":3,""200"":0,""69"":1,""237"":2,""113"":100,""303"":1,""383"":3,""1149"":1,""181"":14,""182"":11,""66"":14561,""24"":19,""206"":48740,""67"":4128,""68"":0,""13"":1140,""17"":-154,""18"":-141,""19"":28,""15"":1000,""241"":26806,""199"":122,""16"":97612,""12"":10757,""449"":0,""636"":339509,""1148"":87,""11"":8935106000,""14"":1160700155,""387"":""2b3430313038312e373136372d303038353039352e393333332b3030302e3039392f""}"
2026-07-01T03:10:46Z,862272088542776,Codec8E,2026-06-27 12:03:48.000 UTC,1782561828000,0,40.1080883,-8.5097233,99,229,10,22,0,"{""239"":1,""240"":1,""21"":3,""200"":0,""69"":1,""237"":2,""113"":100,""303"":1,""383"":3,""1149"":1,""181"":19,""182"":10,""66"":14534,""24"":22,""206"":48740,""67"":4128,""68"":0,""13"":1140,""17"":-7,""18"":-29,""19"":65,""15"":1000,""241"":26806,""199"":136,""16"":97626,""12"":10757,""449"":0,""636"":339509,""1148"":87,""11"":8935106000,""14"":1160700155,""387"":""2b3430313038302e383833332d303038353039372e323333332b3030302e3039392f""}"
2026-07-01T03:10:46Z,862272088542776,Codec8E,2026-06-27 12:03:51.000 UTC,1782561831000,0,40.1079216,-8.5099383,97,218,9,26,0,"{""239"":1,""240"":1,""21"":4,""200"":0,""69"":1,""237"":2,""113"":100,""303"":1,""383"":3,""1149"":8,""181"":14,""182"":11,""66"":14536,""24"":26,""206"":48740,""67"":4128,""68"":0,""13"":1140,""17"":79,""18"":-84,""19"":80,""15"":1000,""241"":26806,""199"":162,""16"":97652,""12"":10757,""449"":0,""636"":339509,""1148"":83,""11"":8935106000,""14"":1160700155,""387"":""2b3430313037392e323136372d303038353039392e333833332b3030302e3039372f""}"
2026-07-01T03:10:46Z,862272088542776,Codec8E,2026-06-27 12:03:53.000 UTC,1782561833000,0,40.1078116,-8.5100349,96,208,9,28,0,"{""239"":1,""240"":1,""21"":4,""200"":0,""69"":1,""237"":2,""113"":100,""303"":1,""383"":3,""1149"":8,""181"":19,""182"":11,""66"":14507,""24"":28,""206"":48740,""67"":4128,""68"":0,""13"":1140,""17"":296,""18"":1,""19"":96,""15"":1000,""241"":26806,""199"":177,""16"":97667,""12"":10757,""449"":0,""636"":339509,""1148"":83,""11"":8935106000,""14"":1160700155,""387"":""2b3430313037382e313136372d303038353130302e333530302b3030302e3039362f""}"
2026-07-01T03:10:46Z,862272088542776,Codec8E,2026-06-27 12:03:59.000 UTC,1782561839000,0,40.1076916,-8.5101183,91,211,9,16,0,"{""239"":1,""240"":1,""21"":4,""200"":0,""69"":1,""237"":2,""113"":100,""303"":1,""383"":3,""1149"":8,""181"":19,""182"":11,""66"":14511,""24"":16,""206"":48740,""67"":4128,""68"":0,""13"":1140,""17"":-27,""18"":-35,""19"":7,""15"":1000,""241"":26806,""199"":195,""16"":97685,""12"":10757,""449"":0,""636"":339509,""1148"":83,""11"":8935106000,""14"":1160700155,""387"":""2b3430313037362e393136372d303038353130312e313833332b3030302e3039312f""}"
2026-07-01T03:10:47Z,862272088542776,Codec8E,2026-06-27 12:04:03.000 UTC,1782561843000,0,40.1076933,-8.5101000,89,211,10,5,0,"{""239"":1,""240"":1,""21"":4,""200"":0,""69"":1,""237"":2,""113"":100,""303"":1,""383"":3,""1149"":8,""181"":13,""182"":10,""66"":14459,""24"":5,""206"":48740,""67"":4128,""68"":0,""13"":1140,""17"":-311,""18"":-6,""19"":13,""15"":1000,""241"":26806,""199"":198,""16"":97688,""12"":10757,""449"":0,""636"":339509,""1148"":83,""11"":8935106000,""14"":1160700155,""387"":""2b3430313037362e393333332d303038353130312e303030302b3030302e3038392f""}"
2026-07-01T03:10:47Z,862272088542776,Codec8E,2026-06-27 12:04:07.000 UTC,1782561847000,0,40.1076616,-8.5101600,87,239,11,6,0,"{""239"":1,""240"":1,""21"":4,""200"":0,""69"":1,""237"":2,""113"":100,""303"":1,""383"":3,""1149"":8,""181"":12,""182"":9,""66"":14550,""24"":6,""206"":48740,""67"":4128,""68"":0,""13"":1140,""17"":-155,""18"":-87,""19"":20,""15"":1000,""241"":26806,""199"":203,""16"":97693,""12"":10757,""449"":0,""636"":1515572,""1148"":83,""11"":8935106000,""14"":1160700155,""387"":""2b3430313037362e363136372d303038353130312e363030302b3030302e3038372f""}"
2026-07-01T03:10:47Z,862272088542776,Codec8E,2026-06-27 12:04:08.000 UTC,1782561848000,0,40.1076483,-8.5102116,86,249,11,8,0,"{""239"":1,""240"":1,""21"":4,""200"":0,""69"":1,""237"":2,""113"":100,""303"":1,""383"":3,""1149"":8,""181"":12,""182"":9,""66"":14457,""24"":8,""206"":48740,""67"":4128,""68"":0,""13"":1140,""17"":-77,""18"":-41,""19"":27,""15"":1000,""241"":26806,""199"":208,""16"":97698,""12"":10757,""449"":0,""636"":1515572,""1148"":83,""11"":8935106000,""14"":1160700155,""387"":""2b3430313037362e343833332d303038353130322e313136372b3030302e3038362f""}"
2026-07-01T03:10:47Z,862272088542776,Codec8E,2026-06-27 12:04:09.000 UTC,1782561849000,0,40.1076416,-8.5102833,86,259,11,10,0,"{""239"":1,""240"":1,""21"":4,""200"":0,""69"":1,""237"":2,""113"":100,""303"":1,""383"":3,""1149"":8,""181"":17,""182"":10,""66"":14547,""24"":10,""206"":48740,""67"":4128,""68"":0,""13"":1140,""17"":33,""18"":-61,""19"":26,""15"":1000,""241"":26806,""199"":214,""16"":97704,""12"":10757,""449"":0,""636"":1515572,""1148"":83,""11"":8935106000,""14"":1160700155,""387"":""2b3430313037362e343136372d303038353130322e383333332b3030302e3038362f""}"
2026-07-01T03:10:47Z,862272088542776,Codec8E,2026-06-27 12:04:12.000 UTC,1782561852000,0,40.1076349,-8.5105900,84,266,10,20,0,"{""239"":1,""240"":1,""21"":4,""200"":0,""69"":1,""237"":2,""113"":100,""303"":1,""383"":3,""1149"":8,""181"":12,""182"":10,""66"":14552,""24"":20,""206"":48740,""67"":4128,""68"":0,""13"":1140,""17"":155,""18"":-61,""19"":48,""15"":1000,""241"":26806,""199"":240,""16"":97730,""12"":10757,""449"":0,""636"":339469,""1148"":83,""11"":8935106000,""14"":1160700155,""387"":""2b3430313037362e333530302d303038353130352e393030302b3030302e3038342f""}"
2026-07-01T03:10:53Z,862272088542776,Codec8E,2026-06-27 12:04:16.000 UTC,1782561856000,0,40.1076383,-8.5109116,82,278,10,22,0,"{""239"":1,""240"":1,""21"":4,""200"":0,""69"":1,""237"":2,""113"":100,""303"":1,""383"":3,""1149"":8,""181"":18,""182"":10,""66"":14493,""24"":22,""206"":48740,""67"":4128,""68"":0,""13"":1140,""17"":303,""18"":-65,""19"":40,""15"":1000,""241"":26806,""199"":267,""16"":97757,""12"":10757,""449"":0,""636"":1430028,""1148"":83,""11"":8935106000,""14"":1160700155,""387"":""2b3430313037362e333833332d303038353130392e313136372b3030302e3038322f""}"
2026-07-01T03:10:53Z,862272088542776,Codec8E,2026-06-27 12:04:18.000 UTC,1782561858000,0,40.1076550,-8.5109883,80,292,10,18,0,"{""239"":1,""240"":1,""21"":4,""200"":0,""69"":1,""237"":2,""113"":100,""303"":1,""383"":3,""1149"":8,""181"":12,""182"":10,""66"":14525,""24"":18,""206"":48740,""67"":4128,""68"":0,""13"":1140,""17"":125,""18"":-52,""19"":-8,""15"":1000,""241"":26806,""199"":274,""16"":97764,""12"":10757,""449"":0,""636"":339469,""1148"":83,""11"":8935106000,""14"":1160700155,""387"":""2b3430313037362e353530302d303038353130392e383833332b3030302e3038302f""}"
2026-07-01T03:10:53Z,862272088542776,Codec8E,2026-06-27 12:04:19.000 UTC,1782561859000,0,40.1076700,-8.5109716,79,327,10,15,0,"{""239"":1,""240"":1,""21"":5,""200"":0,""69"":1,""237"":2,""113"":100,""303"":1,""383"":3,""1149"":20,""181"":18,""182"":10,""66"":14483,""24"":15,""206"":48740,""67"":4128,""68"":0,""13"":1140,""17"":45,""18"":-232,""19"":23,""15"":1000,""241"":26806,""199"":274,""16"":97764,""12"":10757,""449"":0,""636"":339469,""1148"":73,""11"":8935106000,""14"":1160700155,""387"":""2b3430313037362e373030302d303038353130392e373136372b3030302e3037392f""}"
2026-07-01T03:10:53Z,862272088542776,Codec8E,2026-06-27 12:04:21.000 UTC,1782561861000,0,40.1076999,-8.5109966,78,314,11,11,0,"{""239"":1,""240"":1,""21"":5,""200"":0,""69"":1,""237"":2,""113"":100,""303"":1,""383"":3,""1149"":20,""181"":12,""182"":9,""66"":14547,""24"":11,""206"":48740,""67"":4128,""68"":0,""13"":1140,""17"":-69,""18"":-243,""19"":-7,""15"":1000,""241"":26806,""199"":278,""16"":97768,""12"":10757,""449"":0,""636"":1430028,""1148"":73,""11"":8935106000,""14"":1160700155,""387"":""2b3430313037372e303030302d303038353130392e393636372b3030302e3037382f""}"
2026-07-01T03:10:53Z,862272088542776,Codec8E,2026-06-27 12:04:22.000 UTC,1782561862000,0,40.1077133,-8.5110216,78,302,11,10,0,"{""239"":1,""240"":1,""21"":5,""200"":0,""69"":1,""237"":2,""113"":100,""303"":1,""383"":3,""1149"":20,""181"":12,""182"":9,""66"":14485,""24"":10,""206"":48740,""67"":4128,""68"":0,""13"":1140,""17"":-82,""18"":-160,""19"":29,""15"":1000,""241"":26806,""199"":282,""16"":97772,""12"":10757,""449"":0,""636"":1430028,""1148"":73,""11"":8935106000,""14"":1160700155,""387"":""2b3430313037372e313333332d303038353131302e323136372b3030302e3037382f""}"
2026-07-01T03:10:58Z,862272088542776,Codec8E,2026-06-27 12:04:23.000 UTC,1782561863000,0,40.1077216,-8.5110566,77,286,11,10,0,"{""239"":1,""240"":1,""21"":5,""200"":0,""69"":1,""237"":2,""113"":100,""303"":1,""383"":3,""1149"":20,""181"":12,""182"":9,""66"":14506,""24"":10,""206"":48740,""67"":4128,""68"":0,""13"":1140,""17"":-65,""18"":-118,""19"":77,""15"":1000,""241"":26806,""199"":285,""16"":97775,""12"":10757,""449"":0,""636"":1430028,""1148"":73,""11"":8935106000,""14"":1160700155,""387"":""2b3430313037372e323136372d303038353131302e353636372b3030302e3037372f""}"
2026-07-01T03:10:58Z,862272088542776,Codec8E,2026-06-27 12:04:27.000 UTC,1782561867000,0,40.1077650,-8.5112683,76,275,11,13,0,"{""239"":1,""240"":1,""21"":5,""200"":0,""69"":1,""237"":2,""113"":100,""303"":1,""383"":3,""1149"":20,""181"":17,""182"":10,""66"":14533,""24"":13,""206"":48740,""67"":4128,""68"":0,""13"":1140,""17"":46,""18"":55,""19"":16,""15"":1000,""241"":26806,""199"":304,""16"":97794,""12"":10757,""449"":0,""636"":1430028,""1148"":73,""11"":8935106000,""14"":1160700155,""387"":""2b3430313037372e363530302d303038353131322e363833332b3030302e3037362f""}"
2026-07-01T03:10:58Z,862272088542776,Codec8E,2026-06-27 12:04:32.000 UTC,1782561872000,0,40.1077183,-8.5114366,72,222,11,9,0,"{""239"":1,""240"":1,""21"":5,""200"":0,""69"":1,""237"":2,""113"":100,""303"":1,""383"":3,""1149"":20,""181"":12,""182"":9,""66"":14547,""24"":9,""206"":48740,""67"":4128,""68"":0,""13"":1140,""17"":13,""18"":-28,""19"":12,""15"":1000,""241"":26806,""199"":321,""16"":97811,""12"":10757,""449"":0,""636"":1430028,""1148"":73,""11"":8935106000,""14"":1160700155,""387"":""2b3430313037372e313833332d303038353131342e333636372b3030302e3037322f""}"
2026-07-01T03:10:58Z,862272088542776,Codec8E,2026-06-27 12:04:33.000 UTC,1782561873000,0,40.1077016,-8.5114416,71,191,11,8,0,"{""239"":1,""240"":1,""21"":5,""200"":0,""69"":1,""237"":2,""113"":100,""303"":1,""383"":3,""1149"":20,""181"":17,""182"":10,""66"":14461,""24"":8,""206"":48740,""67"":4128,""68"":0,""13"":1140,""17"":1,""18"":-69,""19"":17,""15"":1000,""241"":26806,""199"":321,""16"":97811,""12"":10757,""449"":0,""636"":1430028,""1148"":73,""11"":8935106000,""14"":1160700155,""387"":""2b3430313037372e303136372d303038353131342e343136372b3030302e3037312f""}"
2026-07-01T03:10:58Z,862272088542776,Codec8E,2026-06-27 12:04:37.000 UTC,1782561877000,0,40.1076566,-8.5114550,67,170,10,5,303,"{""239"":1,""240"":1,""21"":5,""200"":0,""69"":1,""237"":2,""113"":100,""303"":0,""383"":3,""1149"":20,""181"":13,""182"":10,""66"":14509,""24"":5,""206"":48740,""67"":4128,""68"":0,""13"":1140,""17"":-103,""18"":-28,""19"":-11,""15"":1000,""241"":26806,""199"":328,""16"":97818,""12"":10757,""449"":0,""636"":1430028,""1148"":73,""11"":8935106000,""14"":1160700155,""387"":""2b3430313037362e353636372d303038353131342e353530302b3030302e3036372f""}"
2026-07-01T03:11:20Z,862272088542776,Codec8E,2026-06-27 12:04:38.000 UTC,1782561878000,0,40.1076483,-8.5114533,67,170,11,5,303,"{""239"":1,""240"":1,""21"":5,""200"":0,""69"":1,""237"":2,""113"":100,""303"":1,""383"":3,""1149"":20,""181"":12,""182"":9,""66"":14533,""24"":5,""206"":48740,""67"":4128,""68"":0,""13"":1140,""17"":-40,""18"":-35,""19"":4,""15"":1000,""241"":26806,""199"":328,""16"":97818,""12"":10757,""449"":0,""636"":1430028,""1148"":73,""11"":8935106000,""14"":1160700155,""387"":""2b3430313037362e343833332d303038353131342e353333332b3030302e3036372f""}"
2026-07-01T03:11:20Z,862272088542776,Codec8E,2026-06-27 12:04:40.000 UTC,1782561880000,0,40.1076399,-8.5114483,65,170,11,2,303,"{""239"":1,""240"":1,""21"":5,""200"":0,""69"":1,""237"":2,""113"":100,""303"":0,""383"":3,""1149"":20,""181"":12,""182"":9,""66"":14489,""24"":2,""206"":48740,""67"":4128,""68"":0,""13"":1140,""17"":-43,""18"":-37,""19"":3,""15"":1000,""241"":26806,""199"":328,""16"":97818,""12"":10757,""449"":0,""636"":1430028,""1148"":73,""11"":8935106000,""14"":1160700155,""387"":""2b3430313037362e343030302d303038353131342e343833332b3030302e3036352f""}"
2026-07-01T03:11:20Z,862272088542776,Codec8E,2026-06-27 12:05:38.000 UTC,1782561938000,0,40.1076433,-8.5114450,65,170,12,0,239,"{""239"":0,""240"":1,""21"":5,""200"":0,""69"":1,""237"":2,""113"":100,""303"":0,""383"":3,""1149"":20,""181"":11,""182"":8,""66"":13087,""24"":0,""206"":48740,""67"":4128,""68"":0,""13"":1137,""17"":-44,""18"":-38,""19"":2,""15"":1000,""241"":26806,""199"":328,""16"":97818,""12"":10772,""449"":0,""636"":1430028,""1148"":25,""11"":8935106000,""14"":1160700155,""387"":""2b3430313037362e343333332d303038353131342e343530302b3030302e3036352f""}"
2026-07-01T03:11:20Z,862272088542776,Codec8E,2026-06-27 12:05:39.000 UTC,1782561939000,0,40.1076433,-8.5114450,65,170,13,0,240,"{""239"":0,""240"":0,""21"":5,""200"":0,""69"":1,""237"":2,""113"":100,""303"":0,""383"":3,""1149"":20,""181"":11,""182"":8,""66"":13060,""24"":0,""206"":48740,""67"":4128,""68"":0,""13"":1137,""17"":-40,""18"":-35,""19"":7,""15"":1000,""241"":26806,""199"":328,""16"":97818,""12"":10772,""449"":0,""636"":1430028,""1148"":25,""11"":8935106000,""14"":1160700155,""387"":""2b3430313037362e343333332d303038353131342e343530302b3030302e3036352f""}"
2026-07-01T03:11:20Z,862272088542776,Codec8E,2026-06-27 12:48:28.000 UTC,1782564508000,0,40.1076433,-8.5114450,59,170,14,0,239,"{""239"":1,""240"":0,""21"":3,""200"":0,""69"":1,""237"":2,""113"":100,""303"":0,""383"":3,""1149"":8,""181"":10,""182"":7,""66"":14930,""24"":0,""206"":48740,""67"":4128,""68"":0,""13"":1137,""17"":-53,""18"":-26,""19"":41,""15"":1000,""241"":26806,""199"":0,""16"":97818,""12"":10772,""449"":0,""636"":1515572,""1148"":86,""11"":8935106000,""14"":1160700155,""387"":""2b3430313037362e343333332d303038353131342e343530302b3030302e3035392f""}"
2026-07-01T03:11:22Z,862272088542776,Codec8E,2026-06-27 12:50:24.000 UTC,1782564624000,0,40.1076433,-8.5114450,59,170,13,0,303,"{""239"":1,""240"":0,""21"":5,""200"":0,""69"":1,""237"":2,""113"":100,""303"":1,""383"":3,""1149"":20,""181"":11,""182"":8,""66"":14506,""24"":0,""206"":48740,""67"":4128,""68"":0,""13"":1141,""17"":-43,""18"":-39,""19"":2,""15"":1000,""241"":26806,""199"":0,""16"":97818,""12"":10804,""449"":0,""636"":1430028,""1148"":73,""11"":8935106000,""14"":1160700155,""387"":""2b3430313037362e343333332d303038353131342e343530302b3030302e3035392f""}"
2026-07-01T03:11:22Z,862272088542776,Codec8E,2026-06-27 12:50:25.000 UTC,1782564625000,0,40.1076433,-8.5114450,59,170,13,0,303,"{""239"":1,""240"":0,""21"":5,""200"":0,""69"":1,""237"":2,""113"":100,""303"":0,""383"":3,""1149"":20,""181"":11,""182"":8,""66"":14423,""24"":0,""206"":48740,""67"":4128,""68"":0,""13"":1141,""17"":-40,""18"":-35,""19"":0,""15"":1000,""241"":26806,""199"":0,""16"":97818,""12"":10804,""449"":0,""636"":1430028,""1148"":73,""11"":8935106000,""14"":1160700155,""387"":""2b3430313037362e343333332d303038353131342e343530302b3030302e3035392f""}"
2026-07-01T03:11:22Z,862272088542776,Codec8E,2026-06-27 12:50:51.000 UTC,1782564651000,0,40.1076433,-8.5114450,59,170,14,0,239,"{""239"":0,""240"":0,""21"":5,""200"":0,""69"":1,""237"":2,""113"":100,""303"":0,""383"":3,""1149"":20,""181"":10,""182"":7,""66"":14225,""24"":0,""206"":48740,""67"":4128,""68"":0,""13"":1141,""17"":-43,""18"":-35,""19"":3,""15"":1000,""241"":26806,""199"":0,""16"":97818,""12"":10811,""449"":0,""636"":1430028,""1148"":73,""11"":8935106000,""14"":1160700155,""387"":""2b3430313037362e343333332d303038353131342e343530302b3030302e3035392f""}"
2026-07-01T03:11:22Z,862272088542776,Codec8E,2026-06-27 12:50:52.000 UTC,1782564652000,0,40.1076433,-8.5114450,59,170,14,0,239,"{""239"":1,""240"":0,""21"":5,""200"":0,""69"":1,""237"":2,""113"":100,""303"":0,""383"":3,""1149"":20,""181"":10,""182"":7,""66"":14930,""24"":0,""206"":48740,""67"":4128,""68"":0,""13"":1142,""17"":-43,""18"":-31,""19"":3,""15"":1000,""241"":26806,""199"":0,""16"":97818,""12"":10812,""449"":0,""636"":1430028,""1148"":73,""11"":8935106000,""14"":1160700155,""387"":""2b3430313037362e343333332d303038353131342e343530302b3030302e3035392f""}"
2026-07-01T03:11:22Z,862272088542776,Codec8E,2026-06-27 12:51:32.000 UTC,1782564692000,0,40.1076433,-8.5114450,58,170,12,0,303,"{""239"":1,""240"":0,""21"":3,""200"":0,""69"":1,""237"":2,""113"":100,""303"":1,""383"":3,""1149"":8,""181"":12,""182"":7,""66"":14487,""24"":0,""206"":48740,""67"":4128,""68"":0,""13"":1143,""17"":43,""18"":255,""19"":38,""15"":1000,""241"":26806,""199"":0,""16"":97818,""12"":10823,""449"":0,""636"":1515572,""1148"":85,""11"":8935106000,""14"":1160700155,""387"":""2b3430313037362e343333332d303038353131342e343530302b3030302e3035382f""}"
2026-07-01T03:11:23Z,862272088542776,Codec8E,2026-06-27 12:51:33.000 UTC,1782564693000,0,40.1077350,-8.5111650,58,104,13,12,240,"{""239"":1,""240"":1,""21"":3,""200"":0,""69"":1,""237"":2,""113"":100,""303"":1,""383"":3,""1149"":8,""181"":14,""182"":8,""66"":14479,""24"":12,""206"":48740,""67"":4128,""68"":0,""13"":1143,""17"":23,""18"":109,""19"":32,""15"":1000,""241"":26806,""199"":0,""16"":97844,""12"":10823,""449"":0,""636"":1515572,""1148"":85,""11"":8935106000,""14"":1160700155,""387"":""2b3430313037372e333530302d303038353131312e363530302b3030302e3035382f""}"
2026-07-01T03:11:23Z,862272088542776,Codec8E,2026-06-27 12:51:35.000 UTC,1782564695000,0,40.1077200,-8.5111283,58,118,13,12,0,"{""239"":1,""240"":1,""21"":0,""200"":0,""69"":1,""237"":99,""113"":100,""303"":1,""383"":3,""1149"":0,""181"":11,""182"":7,""66"":14442,""24"":12,""206"":0,""67"":4128,""68"":0,""13"":1143,""17"":-191,""18"":58,""19"":-27,""15"":1000,""241"":0,""199"":3,""16"":97847,""12"":10823,""449"":0,""636"":0,""1148"":0,""11"":8935106000,""14"":1160700155,""387"":""2b3430313037372e323030302d303038353131312e323833332b3030302e3035382f""}"
2026-07-01T03:11:23Z,862272088542776,Codec8E,2026-06-27 12:51:36.000 UTC,1782564696000,0,40.1076916,-8.5111050,59,130,13,12,0,"{""239"":1,""240"":1,""21"":0,""200"":0,""69"":1,""237"":99,""113"":100,""303"":1,""383"":3,""1149"":0,""181"":14,""182"":8,""66"":14518,""24"":12,""206"":0,""67"":4128,""68"":0,""13"":1143,""17"":-66,""18"":-17,""19"":-19,""15"":1000,""241"":0,""199"":7,""16"":97851,""12"":10823,""449"":0,""636"":0,""1148"":0,""11"":8935106000,""14"":1160700155,""387"":""2b3430313037362e393136372d303038353131312e303530302b3030302e3035392f""}"
2026-07-01T03:11:23Z,862272088542776,Codec8E,2026-06-27 12:51:37.000 UTC,1782564697000,0,40.1076700,-8.5110900,60,141,13,11,0,"{""239"":1,""240"":1,""21"":0,""200"":0,""69"":1,""237"":99,""113"":100,""303"":1,""383"":3,""1149"":0,""181"":14,""182"":8,""66"":14477,""24"":11,""206"":0,""67"":4128,""68"":0,""13"":1143,""17"":-147,""18"":-14,""19"":-5,""15"":1000,""241"":0,""199"":10,""16"":97854,""12"":10823,""449"":0,""636"":0,""1148"":0,""11"":8935106000,""14"":1160700155,""387"":""2b3430313037362e373030302d303038353131302e393030302b3030302e3036302f""}"
2026-07-01T03:11:23Z,862272088542776,Codec8E,2026-06-27 12:51:38.000 UTC,1782564698000,0,40.1076399,-8.5110800,60,162,13,9,0,"{""239"":1,""240"":1,""21"":0,""200"":0,""69"":1,""237"":99,""113"":100,""303"":1,""383"":3,""1149"":0,""181"":11,""182"":7,""66"":14462,""24"":9,""206"":0,""67"":4128,""68"":0,""13"":1143,""17"":-276,""18"":3,""19"":21,""15"":1000,""241"":0,""199"":13,""16"":97857,""12"":10823,""449"":0,""636"":0,""1148"":0,""11"":8935106000,""14"":1160700155,""387"":""2b3430313037362e343030302d303038353131302e383030302b3030302e3036302f""}"
2026-07-01T03:11:24Z,862272088542776,Codec8E,2026-06-27 12:52:10.000 UTC,1782564730000,0,40.1081416,-8.5095800,69,24,11,15,0,"{""239"":1,""240"":1,""21"":4,""200"":0,""69"":1,""237"":2,""113"":0,""303"":1,""383"":3,""1149"":20,""181"":15,""182"":9,""66"":14473,""24"":15,""206"":48740,""67"":4128,""68"":0,""13"":1143,""17"":-116,""18"":41,""19"":101,""15"":0,""241"":26806,""199"":16,""16"":97860,""12"":10823,""449"":0,""636"":339469,""1148"":75,""11"":8935106000,""14"":1160700155,""387"":""2b3430313038312e343136372d303038353039352e383030302b3030302e3036392f""}"
2026-07-01T03:11:24Z,862272088542776,Codec8E,2026-06-27 12:52:11.000 UTC,1782564731000,0,40.1082783,-8.5094366,83,48,12,17,0,"{""239"":1,""240"":1,""21"":4,""200"":0,""69"":1,""237"":2,""113"":0,""303"":1,""383"":3,""1149"":20,""181"":12,""182"":8,""66"":14480,""24"":17,""206"":48740,""67"":4134,""68"":0,""13"":1143,""17"":-124,""18"":-7,""19"":46,""15"":0,""241"":26806,""199"":35,""16"":97879,""12"":10823,""449"":0,""636"":339469,""1148"":75,""11"":8935106000,""14"":1160700155,""387"":""2b3430313038322e373833332d303038353039342e333636372b3030302e3038332f""}"
2026-07-01T03:11:24Z,862272088542776,Codec8E,2026-06-27 12:52:15.000 UTC,1782564735000,0,40.1083633,-8.5091483,96,58,9,24,0,"{""239"":1,""240"":1,""21"":4,""200"":0,""69"":1,""237"":2,""113"":0,""303"":1,""383"":3,""1149"":20,""181"":14,""182"":11,""66"":14442,""24"":24,""206"":48740,""67"":4134,""68"":4,""13"":1143,""17"":-15,""18"":-41,""19"":97,""15"":0,""241"":26806,""199"":62,""16"":97906,""12"":10823,""449"":0,""636"":339499,""1148"":75,""11"":8935106000,""14"":1160700155,""387"":""2b3430313038332e363333332d303038353039312e343833332b3030302e3039362f""}"
2026-07-01T03:11:24Z,862272088542776,Codec8E,2026-06-27 12:52:17.000 UTC,1782564737000,0,40.1083999,-8.5089266,99,72,10,27,0,"{""239"":1,""240"":1,""21"":4,""200"":0,""69"":1,""237"":2,""113"":100,""303"":1,""383"":3,""1149"":20,""181"":13,""182"":10,""66"":14464,""24"":27,""206"":48740,""67"":4133,""68"":0,""13"":1143,""17"":6,""18"":-9,""19"":74,""15"":0,""241"":26806,""199"":81,""16"":97925,""12"":10823,""449"":0,""636"":339499,""1148"":75,""11"":8935106000,""14"":1160700155,""387"":""2b3430313038342e303030302d303038353038392e323636372b3030302e3039392f""}"
2026-07-01T03:11:24Z,862272088542776,Codec8E,2026-06-27 12:52:20.000 UTC,1782564740000,0,40.1084150,-8.5086266,100,82,9,28,0,"{""239"":1,""240"":1,""21"":4,""200"":0,""69"":1,""237"":2,""113"":100,""303"":1,""383"":3,""1149"":20,""181"":22,""182"":11,""66"":14513,""24"":28,""206"":48740,""67"":4132,""68"":0,""13"":1143,""17"":-7,""18"":-73,""19"":25,""15"":0,""241"":26806,""199"":107,""16"":97951,""12"":10823,""449"":0,""636"":339499,""1148"":75,""11"":8935106000,""14"":1160700155,""387"":""2b3430313038342e313530302d303038353038362e323636372b3030302e3130302f""}"
2026-07-01T03:11:25Z,862272088542776,Codec8E,2026-06-27 12:52:25.000 UTC,1782564745000,0,40.1084200,-8.5082750,96,74,10,16,0,"{""239"":1,""240"":1,""21"":4,""200"":0,""69"":1,""237"":2,""113"":100,""303"":1,""383"":3,""1149"":20,""181"":22,""182"":11,""66"":14536,""24"":19,""206"":48740,""67"":4131,""68"":0,""13"":1143,""17"":-166,""18"":-47,""19"":15,""15"":0,""241"":26806,""199"":134,""16"":97978,""12"":10823,""449"":0,""636"":339499,""1148"":74,""11"":8935106000,""14"":1160700155,""387"":""2b3430313038342e313030302d303038353038332e303636372b3030302e3039362f""}"
2026-07-01T03:11:25Z,862272088542776,Codec8E,2026-06-27 12:52:27.000 UTC,1782564747000,0,40.1084350,-8.5082366,97,63,10,15,0,"{""239"":1,""240"":1,""21"":4,""200"":0,""69"":1,""237"":2,""113"":100,""303"":1,""383"":3,""1149"":20,""181"":13,""182"":10,""66"":14537,""24"":15,""206"":48740,""67"":4129,""68"":0,""13"":1143,""17"":-72,""18"":-100,""19"":11,""15"":0,""241"":26806,""199"":141,""16"":97985,""12"":10823,""449"":0,""636"":339469,""1148"":74,""11"":8935106000,""14"":1160700155,""387"":""2b3430313038342e333530302d303038353038322e333636372b3030302e3039372f""}"
2026-07-01T03:11:25Z,862272088542776,Codec8E,2026-06-27 12:52:29.000 UTC,1782564749000,0,40.1084516,-8.5081350,98,76,9,16,0,"{""239"":1,""240"":1,""21"":4,""200"":0,""69"":1,""237"":2,""113"":100,""303"":1,""383"":3,""1149"":20,""181"":14,""182"":11,""66"":14529,""24"":16,""206"":48740,""67"":4129,""68"":0,""13"":1143,""17"":-40,""18"":0,""19"":21,""15"":0,""241"":26806,""199"":150,""16"":97994,""12"":10823,""449"":0,""636"":339469,""1148"":74,""11"":8935106000,""14"":1160700155,""387"":""2b3430313038342e353136372d303038353038312e333530302b3030302e3039382f""}"
2026-07-01T03:11:25Z,862272088542776,Codec8E,2026-06-27 12:52:32.000 UTC,1782564752000,0,40.1084300,-8.5080099,95,92,10,14,0,"{""239"":1,""240"":1,""21"":4,""200"":0,""69"":1,""237"":2,""113"":100,""303"":1,""383"":3,""1149"":20,""181"":13,""182"":10,""66"":14528,""24"":14,""206"":48740,""67"":4128,""68"":0,""13"":1143,""17"":108,""18"":54,""19"":17,""15"":0,""241"":26806,""199"":162,""16"":98006,""12"":10823,""449"":0,""636"":339469,""1148"":74,""11"":8935106000,""14"":1160700155,""387"":""2b3430313038342e333030302d303038353038302e313030302b3030302e3039352f""}"
2026-07-01T03:11:25Z,862272088542776,Codec8E,2026-06-27 12:52:33.000 UTC,1782564753000,0,40.1084033,-8.5079683,95,112,11,14,0,"{""239"":1,""240"":1,""21"":4,""200"":0,""69"":1,""237"":2,""113"":100,""303"":1,""383"":3,""1149"":20,""181"":13,""182"":9,""66"":14503,""24"":14,""206"":48740,""67"":4128,""68"":0,""13"":1143,""17"":-5,""18"":-47,""19"":-7,""15"":0,""241"":26806,""199"":166,""16"":98010,""12"":10823,""449"":0,""636"":339469,""1148"":74,""11"":8935106000,""14"":1160700155,""387"":""2b3430313038342e303333332d303038353037392e363833332b3030302e3039352f""}"
2026-07-01T03:11:26Z,862272088542776,Codec8E,2026-06-27 12:52:34.000 UTC,1782564754000,0,40.1083866,-8.5079600,96,132,11,13,0,"{""239"":1,""240"":1,""21"":4,""200"":0,""69"":1,""237"":2,""113"":100,""303"":1,""383"":3,""1149"":20,""181"":22,""182"":10,""66"":14518,""24"":13,""206"":48740,""67"":4128,""68"":0,""13"":1143,""17"":-8,""18"":-55,""19"":11,""15"":0,""241"":26806,""199"":166,""16"":98010,""12"":10823,""449"":0,""636"":339469,""1148"":74,""11"":8935106000,""14"":1160700155,""387"":""2b3430313038332e383636372d303038353037392e363030302b3030302e3039362f""}"
2026-07-01T03:11:26Z,862272088542776,Codec8E,2026-06-27 12:52:35.000 UTC,1782564755000,0,40.1083716,-8.5079516,97,151,10,11,0,"{""239"":1,""240"":1,""21"":4,""200"":0,""69"":1,""237"":2,""113"":100,""303"":1,""383"":3,""1149"":20,""181"":25,""182"":12,""66"":14496,""24"":11,""206"":48740,""67"":4128,""68"":0,""13"":1143,""17"":-30,""18"":-24,""19"":16,""15"":0,""241"":26806,""199"":170,""16"":98014,""12"":10823,""449"":0,""636"":339469,""1148"":74,""11"":8935106000,""14"":1160700155,""387"":""2b3430313038332e373136372d303038353037392e353136372b3030302e3039372f""}"
2026-07-01T03:11:26Z,862272088542776,Codec8E,2026-06-27 12:52:42.000 UTC,1782564762000,0,40.1083450,-8.5079316,97,151,11,1,0,"{""239"":1,""240"":1,""21"":4,""200"":0,""69"":1,""237"":2,""113"":100,""303"":1,""383"":3,""1149"":20,""181"":12,""182"":9,""66"":14491,""24"":1,""206"":48740,""67"":4128,""68"":0,""13"":1143,""17"":-58,""18"":-41,""19"":2,""15"":0,""241"":26806,""199"":173,""16"":98017,""12"":10823,""449"":0,""636"":339469,""1148"":74,""11"":8935106000,""14"":1160700155,""387"":""2b3430313038332e343530302d303038353037392e333136372b3030302e3039372f""}"
2026-07-01T03:11:26Z,862272088542776,Codec8E,2026-06-27 12:52:43.000 UTC,1782564763000,0,40.1083450,-8.5079316,97,151,12,0,303,"{""239"":1,""240"":1,""21"":4,""200"":0,""69"":1,""237"":2,""113"":100,""303"":0,""383"":3,""1149"":20,""181"":12,""182"":9,""66"":14523,""24"":0,""206"":48740,""67"":4128,""68"":0,""13"":1143,""17"":-58,""18"":-43,""19"":1,""15"":0,""241"":26806,""199"":173,""16"":98017,""12"":10823,""449"":0,""636"":339469,""1148"":74,""11"":8935106000,""14"":1160700155,""387"":""2b3430313038332e343530302d303038353037392e333136372b3030302e3039372f""}"
2026-07-01T03:11:26Z,862272088542776,Codec8E,2026-06-27 12:53:21.000 UTC,1782564801000,0,40.1083450,-8.5079316,97,151,12,0,239,"{""239"":0,""240"":1,""21"":3,""200"":0,""69"":1,""237"":2,""113"":100,""303"":0,""383"":3,""1149"":1,""181"":12,""182"":8,""66"":13150,""24"":0,""206"":48740,""67"":4128,""68"":0,""13"":1141,""17"":-57,""18"":-42,""19"":3,""15"":0,""241"":26806,""199"":173,""16"":98017,""12"":10833,""449"":0,""636"":339499,""1148"":86,""11"":8935106000,""14"":1160700155,""387"":""2b3430313038332e343530302d303038353037392e333136372b3030302e3039372f""}"
2026-07-01T03:11:29Z,862272088542776,Codec8E,2026-06-27 12:53:42.000 UTC,1782564822000,0,40.1083450,-8.5079316,97,151,13,0,240,"{""239"":0,""240"":0,""21"":3,""200"":0,""69"":1,""237"":2,""113"":100,""303"":0,""383"":3,""1149"":1,""181"":11,""182"":8,""66"":12721,""24"":0,""206"":48740,""67"":4128,""68"":0,""13"":1141,""17"":-57,""18"":-38,""19"":4,""15"":0,""241"":26806,""199"":173,""16"":98017,""12"":10833,""449"":0,""636"":339499,""1148"":86,""11"":8935106000,""14"":1160700155,""387"":""2b3430313038332e343530302d303038353037392e333136372b3030302e3039372f""}"
2026-07-01T03:11:29Z,862272088542776,Codec8E,2026-06-27 13:53:42.000 UTC,1782568422000,0,40.1083450,-8.5079316,74,151,10,0,0,"{""239"":0,""240"":0,""21"":5,""200"":0,""69"":1,""237"":2,""113"":100,""303"":0,""383"":3,""1149"":20,""181"":13,""182"":10,""66"":12961,""24"":0,""206"":48740,""67"":4128,""68"":0,""13"":1141,""17"":-54,""18"":-40,""19"":0,""15"":1000,""241"":26806,""199"":0,""16"":98017,""12"":10833,""449"":0,""636"":339469,""1148"":70,""11"":8935106000,""14"":1160700155,""387"":""2b3430313038332e343530302d303038353037392e333136372b3030302e3037342f""}"
2026-07-01T03:11:29Z,862272088542776,Codec8E,2026-06-27 14:03:51.000 UTC,1782569031000,0,40.1083450,-8.5079316,74,151,12,0,303,"{""239"":0,""240"":0,""21"":5,""200"":0,""69"":1,""237"":2,""113"":100,""303"":1,""383"":3,""1149"":20,""181"":11,""182"":8,""66"":12972,""24"":0,""206"":48740,""67"":4128,""68"":0,""13"":1141,""17"":-56,""18"":-43,""19"":0,""15"":1000,""241"":26806,""199"":0,""16"":98017,""12"":10833,""449"":0,""636"":339499,""1148"":69,""11"":8935106000,""14"":1160700155,""387"":""2b3430313038332e343530302d303038353037392e333136372b3030302e3037342f""}"
2026-07-01T03:11:29Z,862272088542776,Codec8E,2026-06-27 14:03:52.000 UTC,1782569032000,0,40.1083450,-8.5079316,74,151,12,0,303,"{""239"":0,""240"":0,""21"":5,""200"":0,""69"":1,""237"":2,""113"":100,""303"":0,""383"":3,""1149"":20,""181"":11,""182"":8,""66"":12970,""24"":0,""206"":48740,""67"":4128,""68"":0,""13"":1141,""17"":-54,""18"":-42,""19"":0,""15"":1000,""241"":26806,""199"":0,""16"":98017,""12"":10833,""449"":0,""636"":339499,""1148"":69,""11"":8935106000,""14"":1160700155,""387"":""2b3430313038332e343530302d303038353037392e333136372b3030302e3037342f""}"
2026-07-01T03:11:29Z,862272088542776,Codec8E,2026-06-27 14:18:45.000 UTC,1782569925000,0,40.1083450,-8.5079316,46,151,12,0,239,"{""239"":1,""240"":0,""21"":3,""200"":0,""69"":1,""237"":2,""113"":100,""303"":0,""383"":3,""1149"":1,""181"":12,""182"":10,""66"":15023,""24"":0,""206"":48740,""67"":4128,""68"":0,""13"":1141,""17"":-49,""18"":-47,""19"":4,""15"":1000,""241"":26806,""199"":0,""16"":98017,""12"":10833,""449"":0,""636"":339499,""1148"":88,""11"":8935106000,""14"":1160700155,""387"":""2b3430313038332e343530302d303038353037392e333136372b3030302e3034362f""}"
2026-07-01T03:11:43Z,862272088542776,Codec8E,2026-06-27 14:19:32.000 UTC,1782569972000,0,40.1083450,-8.5079316,49,151,11,0,303,"{""239"":1,""240"":0,""21"":5,""200"":0,""69"":1,""237"":2,""113"":100,""303"":1,""383"":3,""1149"":20,""181"":12,""182"":10,""66"":14372,""24"":0,""206"":48740,""67"":4128,""68"":0,""13"":1143,""17"":-220,""18"":-23,""19"":42,""15"":1000,""241"":26806,""199"":0,""16"":98017,""12"":10846,""449"":0,""636"":339469,""1148"":68,""11"":8935106000,""14"":1160700155,""387"":""2b3430313038332e343530302d303038353037392e333136372b3030302e3034392f""}"
2026-07-01T03:11:43Z,862272088542776,Codec8E,2026-06-27 14:19:33.000 UTC,1782569973000,0,40.1085100,-8.5076750,49,76,12,7,240,"{""239"":1,""240"":1,""21"":0,""200"":0,""69"":1,""237"":99,""113"":100,""303"":1,""383"":3,""1149"":0,""181"":15,""182"":9,""66"":14342,""24"":7,""206"":0,""67"":4128,""68"":0,""13"":1143,""17"":-175,""18"":-48,""19"":2,""15"":1000,""241"":0,""199"":0,""16"":98045,""12"":10847,""449"":0,""636"":0,""1148"":0,""11"":8935106000,""14"":1160700155,""387"":""2b3430313038352e313030302d303038353037362e373530302b3030302e3034392f""}"
2026-07-01T03:11:43Z,862272088542776,Codec8E,2026-06-27 14:19:35.000 UTC,1782569975000,0,40.1085050,-8.5076233,49,88,12,10,0,"{""239"":1,""240"":1,""21"":0,""200"":0,""69"":1,""237"":99,""113"":100,""303"":1,""383"":3,""1149"":0,""181"":15,""182"":9,""66"":14374,""24"":10,""206"":0,""67"":4128,""68"":0,""13"":1143,""17"":-129,""18"":-58,""19"":1,""15"":1000,""241"":0,""199"":4,""16"":98049,""12"":10847,""449"":0,""636"":0,""1148"":0,""11"":8935106000,""14"":1160700155,""387"":""2b3430313038352e303530302d303038353037362e323333332b3030302e3034392f""}"
2026-07-01T03:11:43Z,862272088542776,Codec8E,2026-06-27 14:20:10.000 UTC,1782570010000,0,40.1089450,-8.5058233,85,136,12,2,0,"{""239"":1,""240"":1,""21"":4,""200"":0,""69"":1,""237"":2,""113"":0,""303"":1,""383"":3,""1149"":1,""181"":12,""182"":8,""66"":14402,""24"":2,""206"":48740,""67"":4143,""68"":40,""13"":1143,""17"":-153,""18"":39,""19"":39,""15"":0,""241"":26806,""199"":16,""16"":98061,""12"":10847,""449"":0,""636"":339499,""1148"":75,""11"":8935106000,""14"":1160700155,""387"":""2b3430313038392e343530302d303038353035382e323333332b3030302e3038352f""}"
2026-07-01T03:11:43Z,862272088542776,Codec8E,2026-06-27 14:20:17.000 UTC,1782570017000,0,40.1085349,-8.5054433,79,141,13,12,0,"{""239"":1,""240"":1,""21"":4,""200"":0,""69"":1,""237"":2,""113"":100,""303"":1,""383"":3,""1149"":1,""181"":13,""182"":7,""66"":14410,""24"":12,""206"":48740,""67"":4133,""68"":0,""13"":1143,""17"":-10,""18"":-303,""19"":233,""15"":0,""241"":26806,""199"":41,""16"":98086,""12"":10847,""449"":0,""636"":339499,""1148"":75,""11"":8935106000,""14"":1160700155,""387"":""2b3430313038352e333530302d303038353035342e343333332b3030302e3037392f""}"
2026-07-01T03:11:44Z,862272088542776,Codec8E,2026-06-27 14:20:20.000 UTC,1782570020000,0,40.1084200,-8.5052483,77,126,12,14,0,"{""239"":1,""240"":1,""21"":5,""200"":0,""69"":1,""237"":2,""113"":100,""303"":1,""383"":3,""1149"":1,""181"":14,""182"":8,""66"":14489,""24"":14,""206"":48740,""67"":4133,""68"":0,""13"":1143,""17"":-54,""18"":22,""19"":130,""15"":0,""241"":26806,""199"":63,""16"":98108,""12"":10847,""449"":0,""636"":339499,""1148"":73,""11"":8935106000,""14"":1160700155,""387"":""2b3430313038342e323030302d303038353035322e343833332b3030302e3037372f""}"
2026-07-01T03:11:44Z,862272088542776,Codec8E,2026-06-27 14:20:22.000 UTC,1782570022000,0,40.1084050,-8.5050883,73,110,12,15,0,"{""239"":1,""240"":1,""21"":5,""200"":0,""69"":1,""237"":2,""113"":100,""303"":1,""383"":3,""1149"":1,""181"":16,""182"":8,""66"":14416,""24"":15,""206"":48740,""67"":4133,""68"":0,""13"":1143,""17"":12,""18"":235,""19"":202,""15"":0,""241"":26806,""199"":76,""16"":98121,""12"":10847,""449"":0,""636"":339499,""1148"":73,""11"":8935106000,""14"":1160700155,""387"":""2b3430313038342e303530302d303038353035302e383833332b3030302e3037332f""}"
2026-07-01T03:11:44Z,862272088542776,Codec8E,2026-06-27 14:20:27.000 UTC,1782570027000,0,40.1082399,-8.5045533,74,116,12,27,0,"{""239"":1,""240"":1,""21"":5,""200"":0,""69"":1,""237"":2,""113"":100,""303"":1,""383"":3,""1149"":1,""181"":16,""182"":8,""66"":14478,""24"":27,""206"":48740,""67"":4133,""68"":0,""13"":1143,""17"":-153,""18"":65,""19"":94,""15"":0,""241"":26806,""199"":126,""16"":98171,""12"":10847,""449"":0,""636"":339499,""1148"":73,""11"":8935106000,""14"":1160700155,""387"":""2b3430313038322e343030302d303038353034352e353333332b3030302e3037342f""}"
2026-07-01T03:11:44Z,862272088542776,Codec8E,2026-06-27 14:20:30.000 UTC,1782570030000,0,40.1079916,-8.5042816,75,137,12,33,0,"{""239"":1,""240"":1,""21"":5,""200"":0,""69"":1,""237"":2,""113"":100,""303"":1,""383"":3,""1149"":1,""181"":16,""182"":8,""66"":14427,""24"":33,""206"":48740,""67"":4133,""68"":0,""13"":1143,""17"":-111,""18"":-87,""19"":60,""15"":0,""241"":26806,""199"":162,""16"":98207,""12"":10847,""449"":0,""636"":339499,""1148"":73,""11"":8935106000,""14"":1160700155,""387"":""2b3430313037392e393136372d303038353034322e383136372b3030302e3037352f""}"
2026-07-01T03:11:44Z,862272088542776,Codec8E,2026-06-27 14:20:33.000 UTC,1782570033000,0,40.1077400,-8.5039466,74,127,11,38,0,"{""239"":1,""240"":1,""21"":5,""200"":0,""69"":1,""237"":2,""113"":100,""303"":1,""383"":3,""1149"":1,""181"":17,""182"":9,""66"":14479,""24"":38,""206"":48740,""67"":4133,""68"":0,""13"":1143,""17"":-120,""18"":-12,""19"":35,""15"":0,""241"":26806,""199"":202,""16"":98247,""12"":10847,""449"":0,""636"":339499,""1148"":73,""11"":8935106000,""14"":1160700155,""387"":""2b3430313037372e343030302d303038353033392e343636372b3030302e3037342f""}"
2026-07-01T03:11:45Z,862272088542776,Codec8E,2026-06-27 14:20:37.000 UTC,1782570037000,0,40.1074916,-8.5033800,75,115,11,47,0,"{""239"":1,""240"":1,""21"":5,""200"":0,""69"":1,""237"":2,""113"":100,""303"":1,""383"":3,""1149"":1,""181"":17,""182"":9,""66"":14423,""24"":47,""206"":48740,""67"":4133,""68"":0,""13"":1143,""17"":-111,""18"":4,""19"":174,""15"":0,""241"":26806,""199"":257,""16"":98302,""12"":10847,""449"":0,""636"":339499,""1148"":73,""11"":8935106000,""14"":1160700155,""387"":""2b3430313037342e393136372d303038353033332e383030302b3030302e3037352f""}"
2026-07-01T03:11:45Z,862272088542776,Codec8E,2026-06-27 14:20:44.000 UTC,1782570044000,0,40.1070999,-8.5021316,84,111,11,53,0,"{""239"":1,""240"":1,""21"":5,""200"":0,""69"":1,""237"":2,""113"":100,""303"":1,""383"":3,""1149"":1,""181"":16,""182"":9,""66"":14416,""24"":53,""206"":48740,""67"":4133,""68"":0,""13"":1143,""17"":-23,""18"":-47,""19"":41,""15"":0,""241"":26806,""199"":372,""16"":98417,""12"":10847,""449"":0,""636"":339499,""1148"":73,""11"":8935106000,""14"":1160700155,""387"":""2b3430313037312e303030302d303038353032312e333136372b3030302e3038342f""}"
2026-07-01T03:11:45Z,862272088542776,Codec8E,2026-06-27 14:20:51.000 UTC,1782570051000,0,40.1067366,-8.5011600,85,121,11,45,0,"{""239"":1,""240"":1,""21"":5,""200"":0,""69"":1,""237"":2,""113"":100,""303"":1,""383"":3,""1149"":1,""181"":11,""182"":8,""66"":14422,""24"":45,""206"":48740,""67"":4131,""68"":0,""13"":1143,""17"":4,""18"":342,""19"":-25,""15"":0,""241"":26806,""199"":464,""16"":98509,""12"":10847,""449"":0,""636"":339499,""1148"":69,""11"":8935106000,""14"":1160700155,""387"":""2b3430313036372e333636372d303038353031312e363030302b3030302e3038352f""}"
2026-07-01T03:11:45Z,862272088542776,Codec8E,2026-06-27 14:20:52.000 UTC,1782570052000,0,40.1066150,-8.5012166,85,180,11,42,0,"{""239"":1,""240"":1,""21"":5,""200"":0,""69"":1,""237"":2,""113"":100,""303"":1,""383"":3,""1149"":1,""181"":17,""182"":9,""66"":14423,""24"":42,""206"":48740,""67"":4132,""68"":0,""13"":1143,""17"":-3,""18"":278,""19"":54,""15"":0,""241"":26806,""199"":479,""16"":98524,""12"":10847,""449"":0,""636"":339499,""1148"":69,""11"":8935106000,""14"":1160700155,""387"":""2b3430313036362e313530302d303038353031322e313636372b3030302e3038352f""}"
2026-07-01T03:11:45Z,862272088542776,Codec8E,2026-06-27 14:20:53.000 UTC,1782570053000,0,40.1065233,-8.5012683,85,201,12,40,0,"{""239"":1,""240"":1,""21"":5,""200"":0,""69"":1,""237"":2,""113"":100,""303"":1,""383"":3,""1149"":1,""181"":16,""182"":8,""66"":14481,""24"":40,""206"":48740,""67"":4129,""68"":0,""13"":1143,""17"":32,""18"":326,""19"":32,""15"":0,""241"":26806,""199"":490,""16"":98535,""12"":10847,""449"":0,""636"":339499,""1148"":69,""11"":8935106000,""14"":1160700155,""387"":""2b3430313036352e323333332d303038353031322e363833332b3030302e3038352f""}"
2026-07-01T03:11:46Z,862272088542776,Codec8E,2026-06-27 14:20:55.000 UTC,1782570055000,0,40.1063583,-8.5014083,86,214,12,39,0,"{""239"":1,""240"":1,""21"":5,""200"":0,""69"":1,""237"":2,""113"":100,""303"":1,""383"":3,""1149"":1,""181"":11,""182"":8,""66"":14425,""24"":39,""206"":48740,""67"":4131,""68"":0,""13"":1143,""17"":42,""18"":303,""19"":26,""15"":0,""241"":26806,""199"":512,""16"":98557,""12"":10847,""449"":0,""636"":339499,""1148"":69,""11"":8935106000,""14"":1160700155,""387"":""2b3430313036332e353833332d303038353031342e303833332b3030302e3038362f""}"
2026-07-01T03:11:46Z,862272088542776,Codec8E,2026-06-27 14:20:57.000 UTC,1782570057000,0,40.1062283,-8.5015766,86,225,12,37,0,"{""239"":1,""240"":1,""21"":5,""200"":0,""69"":1,""237"":2,""113"":100,""303"":1,""383"":3,""1149"":1,""181"":16,""182"":8,""66"":14409,""24"":37,""206"":48740,""67"":4129,""68"":0,""13"":1143,""17"":22,""18"":295,""19"":96,""15"":0,""241"":26806,""199"":532,""16"":98577,""12"":10847,""449"":0,""636"":339499,""1148"":69,""11"":8935106000,""14"":1160700155,""387"":""2b3430313036322e323833332d303038353031352e373636372b3030302e3038362f""}"
2026-07-01T03:11:46Z,862272088542776,Codec8E,2026-06-27 14:20:58.000 UTC,1782570058000,0,40.1063116,-8.5017533,86,274,11,37,0,"{""239"":1,""240"":1,""21"":5,""200"":0,""69"":1,""237"":2,""113"":100,""303"":1,""383"":3,""1149"":1,""181"":17,""182"":9,""66"":14417,""24"":37,""206"":48740,""67"":4130,""68"":0,""13"":1143,""17"":-27,""18"":299,""19"":53,""15"":0,""241"":26806,""199"":550,""16"":98595,""12"":10847,""449"":0,""636"":339499,""1148"":69,""11"":8935106000,""14"":1160700155,""387"":""2b3430313036332e313136372d303038353031372e353333332b3030302e3038362f""}"
2026-07-01T03:11:46Z,862272088542776,Codec8E,2026-06-27 14:21:00.000 UTC,1782570060000,0,40.1064283,-8.5019499,87,312,11,37,0,"{""239"":1,""240"":1,""21"":5,""200"":0,""69"":1,""237"":2,""113"":100,""303"":1,""383"":3,""1149"":1,""181"":17,""182"":9,""66"":14430,""24"":37,""206"":48740,""67"":4131,""68"":0,""13"":1143,""17"":-69,""18"":101,""19"":25,""15"":0,""241"":26806,""199"":574,""16"":98619,""12"":10847,""449"":0,""636"":339499,""1148"":69,""11"":8935106000,""14"":1160700155,""387"":""2b3430313036342e323833332d303038353031392e353030302b3030302e3038372f""}"
2026-07-01T03:11:46Z,862272088542776,Codec8E,2026-06-27 14:21:03.000 UTC,1782570063000,0,40.1066933,-8.5021700,87,324,10,39,0,"{""239"":1,""240"":1,""21"":5,""200"":0,""69"":1,""237"":2,""113"":100,""303"":1,""383"":3,""1149"":1,""181"":19,""182"":10,""66"":14417,""24"":39,""206"":48740,""67"":4131,""68"":0,""13"":1143,""17"":-66,""18"":-5,""19"":47,""15"":0,""241"":26806,""199"":609,""16"":98654,""12"":10847,""449"":0,""636"":339499,""1148"":69,""11"":8935106000,""14"":1160700155,""387"":""2b3430313036362e393333332d303038353032312e373030302b3030302e3038372f""}"
2026-07-01T03:11:47Z,862272088542776,Codec8E,2026-06-27 14:21:08.000 UTC,1782570068000,0,40.1072816,-8.5025283,87,334,10,47,0,"{""239"":1,""240"":1,""21"":5,""200"":0,""69"":1,""237"":2,""113"":100,""303"":1,""383"":3,""1149"":1,""181"":13,""182"":10,""66"":14450,""24"":47,""206"":48740,""67"":4131,""68"":0,""13"":1143,""17"":6,""18"":-37,""19"":-10,""15"":0,""241"":26806,""199"":681,""16"":98726,""12"":10847,""449"":0,""636"":339499,""1148"":69,""11"":8935106000,""14"":1160700155,""387"":""2b3430313037322e383136372d303038353032352e323833332b3030302e3038372f""}"
2026-07-01T03:11:47Z,862272088542776,Codec8E,2026-06-27 14:21:10.000 UTC,1782570070000,0,40.1075950,-8.5025883,88,346,10,49,0,"{""239"":1,""240"":1,""21"":5,""200"":0,""69"":1,""237"":2,""113"":100,""303"":1,""383"":3,""1149"":1,""181"":21,""182"":11,""66"":14425,""24"":49,""206"":48740,""67"":4130,""68"":0,""13"":1143,""17"":29,""18"":24,""19"":56,""15"":0,""241"":26806,""199"":717,""16"":98762,""12"":10847,""449"":0,""636"":339499,""1148"":69,""11"":8935106000,""14"":1160700155,""387"":""2b3430313037352e393530302d303038353032352e383833332b3030302e3038382f""}"
2026-07-01T03:11:47Z,862272088542776,Codec8E,2026-06-27 14:21:14.000 UTC,1782570074000,0,40.1081300,-8.5025749,88,358,11,49,0,"{""239"":1,""240"":1,""21"":5,""200"":0,""69"":1,""237"":2,""113"":100,""303"":1,""383"":3,""1149"":1,""181"":18,""182"":9,""66"":14451,""24"":49,""206"":48740,""67"":4130,""68"":0,""13"":1143,""17"":17,""18"":118,""19"":20,""15"":0,""241"":26806,""199"":776,""16"":98821,""12"":10847,""449"":0,""636"":339499,""1148"":69,""11"":8935106000,""14"":1160700155,""387"":""2b3430313038312e333030302d303038353032352e373530302b3030302e3038382f""}"
2026-07-01T03:11:47Z,862272088542776,Codec8E,2026-06-27 14:21:16.000 UTC,1782570076000,0,40.1083700,-8.5025233,88,12,12,48,0,"{""239"":1,""240"":1,""21"":5,""200"":0,""69"":1,""237"":2,""113"":100,""303"":1,""383"":3,""1149"":1,""181"":15,""182"":8,""66"":14415,""24"":48,""206"":48740,""67"":4129,""68"":0,""13"":1143,""17"":23,""18"":22,""19"":13,""15"":0,""241"":26806,""199"":803,""16"":98848,""12"":10847,""449"":0,""636"":339499,""1148"":69,""11"":8935106000,""14"":1160700155,""387"":""2b3430313038332e373030302d303038353032352e323333332b3030302e3038382f""}"
2026-07-01T03:11:47Z,862272088542776,Codec8E,2026-06-27 14:21:22.000 UTC,1782570082000,0,40.1090383,-8.5023416,84,1,12,43,0,"{""239"":1,""240"":1,""21"":5,""200"":0,""69"":1,""237"":2,""113"":100,""303"":1,""383"":3,""1149"":1,""181"":16,""182"":8,""66"":14412,""24"":43,""206"":48740,""67"":4130,""68"":0,""13"":1143,""17"":28,""18"":115,""19"":53,""15"":0,""241"":26806,""199"":880,""16"":98925,""12"":10847,""449"":0,""636"":339499,""1148"":61,""11"":8935106000,""14"":1160700155,""387"":""2b3430313039302e333833332d303038353032332e343136372b3030302e3038342f""}"
2026-07-01T03:11:53Z,862272088542776,Codec8E,2026-06-27 14:21:24.000 UTC,1782570084000,0,40.1092466,-8.5023950,84,348,12,42,0,"{""239"":1,""240"":1,""21"":5,""200"":0,""69"":1,""237"":2,""113"":100,""303"":1,""383"":3,""1149"":1,""181"":16,""182"":8,""66"":14416,""24"":42,""206"":48740,""67"":4130,""68"":0,""13"":1143,""17"":-25,""18"":158,""19"":-104,""15"":0,""241"":26806,""199"":903,""16"":98948,""12"":10847,""449"":0,""636"":339499,""1148"":61,""11"":8935106000,""14"":1160700155,""387"":""2b3430313039322e343636372d303038353032332e393530302b3030302e3038342f""}"
2026-07-01T03:11:53Z,862272088542776,Codec8E,2026-06-27 14:21:28.000 UTC,1782570088000,0,40.1096116,-8.5024283,82,9,11,38,0,"{""239"":1,""240"":1,""21"":5,""200"":0,""69"":1,""237"":2,""113"":100,""303"":1,""383"":3,""1149"":1,""181"":12,""182"":8,""66"":14427,""24"":38,""206"":48740,""67"":4129,""68"":0,""13"":1143,""17"":-38,""18"":115,""19"":30,""15"":0,""241"":26806,""199"":945,""16"":98990,""12"":10847,""449"":0,""636"":339499,""1148"":61,""11"":8935106000,""14"":1160700155,""387"":""2b3430313039362e313136372d303038353032342e323833332b3030302e3038322f""}"
2026-07-01T03:11:53Z,862272088542776,Codec8E,2026-06-27 14:21:29.000 UTC,1782570089000,0,40.1096966,-8.5023933,82,22,11,37,0,"{""239"":1,""240"":1,""21"":5,""200"":0,""69"":1,""237"":2,""113"":100,""303"":1,""383"":3,""1149"":1,""181"":16,""182"":9,""66"":14429,""24"":37,""206"":48740,""67"":4130,""68"":0,""13"":1143,""17"":-74,""18"":-2,""19"":27,""15"":0,""241"":26806,""199"":954,""16"":98999,""12"":10847,""449"":0,""636"":339499,""1148"":61,""11"":8935106000,""14"":1160700155,""387"":""2b3430313039362e393636372d303038353032332e393333332b3030302e3038322f""}"
2026-07-01T03:11:53Z,862272088542776,Codec8E,2026-06-27 14:21:31.000 UTC,1782570091000,0,40.1098566,-8.5022733,81,34,9,37,0,"{""239"":1,""240"":1,""21"":5,""200"":0,""69"":1,""237"":2,""113"":100,""303"":1,""383"":3,""1149"":1,""181"":23,""182"":12,""66"":14429,""24"":37,""206"":48740,""67"":4129,""68"":0,""13"":1143,""17"":-61,""18"":-6,""19"":39,""15"":0,""241"":26806,""199"":975,""16"":99020,""12"":10847,""449"":0,""636"":339499,""1148"":61,""11"":8935106000,""14"":1160700155,""387"":""2b3430313039382e353636372d303038353032322e373333332b3030302e3038312f""}"
2026-07-01T03:11:53Z,862272088542776,Codec8E,2026-06-27 14:21:40.000 UTC,1782570100000,0,40.1106316,-8.5015249,79,36,10,41,0,"{""239"":1,""240"":1,""21"":5,""200"":0,""69"":1,""237"":2,""113"":100,""303"":1,""383"":3,""1149"":1,""181"":13,""182"":10,""66"":14418,""24"":41,""206"":48740,""67"":4130,""68"":0,""13"":1143,""17"":-16,""18"":-66,""19"":104,""15"":1000,""241"":26806,""199"":1082,""16"":99127,""12"":10847,""449"":0,""636"":339499,""1148"":61,""11"":8935106000,""14"":1160700155,""387"":""2b3430313130362e333136372d303038353031352e323530302b3030302e3037392f""}"
2026-07-01T03:12:00Z,862272088542776,Codec8E,2026-06-27 14:21:44.000 UTC,1782570104000,0,40.1109316,-8.5012916,79,25,8,37,0,"{""239"":1,""240"":1,""21"":5,""200"":0,""69"":1,""237"":2,""113"":100,""303"":1,""383"":3,""1149"":1,""181"":25,""182"":14,""66"":14483,""24"":37,""206"":48740,""67"":4128,""68"":0,""13"":1143,""17"":98,""18"":-63,""19"":56,""15"":1000,""241"":26806,""199"":1121,""16"":99166,""12"":10847,""449"":0,""636"":339499,""1148"":61,""11"":8935106000,""14"":1160700155,""387"":""2b3430313130392e333136372d303038353031322e393136372b3030302e3037392f""}"
2026-07-01T03:12:00Z,862272088542776,Codec8E,2026-06-27 14:21:49.000 UTC,1782570109000,0,40.1111433,-8.5011050,78,29,10,25,0,"{""239"":1,""240"":1,""21"":5,""200"":0,""69"":1,""237"":2,""113"":100,""303"":1,""383"":3,""1149"":1,""181"":14,""182"":11,""66"":14481,""24"":25,""206"":48740,""67"":4128,""68"":0,""13"":1143,""17"":-30,""18"":9,""19"":167,""15"":1000,""241"":26806,""199"":1148,""16"":99193,""12"":10847,""449"":0,""636"":339499,""1148"":76,""11"":8935106000,""14"":1160700155,""387"":""2b3430313131312e343333332d303038353031312e303530302b3030302e3037382f""}"
2026-07-01T03:12:00Z,862272088542776,Codec8E,2026-06-27 14:21:51.000 UTC,1782570111000,0,40.1111233,-8.5011216,78,29,10,13,0,"{""239"":1,""240"":1,""21"":5,""200"":0,""69"":1,""237"":2,""113"":100,""303"":1,""383"":3,""1149"":1,""181"":14,""182"":11,""66"":14418,""24"":13,""206"":48740,""67"":4128,""68"":0,""13"":1143,""17"":-127,""18"":19,""19"":53,""15"":1000,""241"":26806,""199"":1148,""16"":99193,""12"":10847,""449"":0,""636"":339499,""1148"":76,""11"":8935106000,""14"":1160700155,""387"":""2b3430313131312e323333332d303038353031312e323136372b3030302e3037382f""}"
2026-07-01T03:12:00Z,862272088542776,Codec8E,2026-06-27 14:21:56.000 UTC,1782570116000,0,40.1111300,-8.5012000,76,29,11,3,0,"{""239"":1,""240"":1,""21"":5,""200"":0,""69"":1,""237"":2,""113"":100,""303"":1,""383"":3,""1149"":1,""181"":13,""182"":10,""66"":14419,""24"":3,""206"":48740,""67"":4128,""68"":0,""13"":1143,""17"":19,""18"":-58,""19"":92,""15"":1000,""241"":26806,""199"":1148,""16"":99193,""12"":10847,""449"":0,""636"":339499,""1148"":76,""11"":8935106000,""14"":1160700155,""387"":""2b3430313131312e333030302d303038353031322e303030302b3030302e3037362f""}"
2026-07-01T03:12:00Z,862272088542776,Codec8E,2026-06-27 14:22:02.000 UTC,1782570122000,0,40.1110650,-8.5013533,74,243,12,6,0,"{""239"":1,""240"":1,""21"":5,""200"":0,""69"":1,""237"":2,""113"":100,""303"":1,""383"":3,""1149"":1,""181"":12,""182"":9,""66"":14408,""24"":6,""206"":48740,""67"":4129,""68"":0,""13"":1143,""17"":-30,""18"":20,""19"":40,""15"":1000,""241"":26806,""199"":1167,""16"":99212,""12"":10847,""449"":0,""636"":339499,""1148"":76,""11"":8935106000,""14"":1160700155,""387"":""2b3430313131302e363530302d303038353031332e353333332b3030302e3037342f""}"
2026-07-01T03:12:02Z,862272088542776,Codec8E,2026-06-27 14:22:04.000 UTC,1782570124000,0,40.1110383,-8.5014083,73,227,12,7,0,"{""239"":1,""240"":1,""21"":5,""200"":0,""69"":1,""237"":2,""113"":100,""303"":1,""383"":3,""1149"":1,""181"":18,""182"":10,""66"":14415,""24"":7,""206"":48740,""67"":4129,""68"":0,""13"":1143,""17"":26,""18"":15,""19"":91,""15"":1000,""241"":26806,""199"":1175,""16"":99220,""12"":10847,""449"":0,""636"":339499,""1148"":76,""11"":8935106000,""14"":1160700155,""387"":""2b3430313131302e333833332d303038353031342e303833332b3030302e3037332f""}"
2026-07-01T03:12:02Z,862272088542776,Codec8E,2026-06-27 14:22:06.000 UTC,1782570126000,0,40.1110100,-8.5014633,73,242,11,7,0,"{""239"":1,""240"":1,""21"":5,""200"":0,""69"":1,""237"":2,""113"":100,""303"":1,""383"":3,""1149"":1,""181"":21,""182"":11,""66"":14371,""24"":7,""206"":48740,""67"":4129,""68"":0,""13"":1143,""17"":-9,""18"":39,""19"":20,""15"":1000,""241"":26806,""199"":1178,""16"":99223,""12"":10847,""449"":0,""636"":339499,""1148"":76,""11"":8935106000,""14"":1160700155,""387"":""2b3430313131302e313030302d303038353031342e363333332b3030302e3037332f""}"
2026-07-01T03:12:02Z,862272088542776,Codec8E,2026-06-27 14:22:07.000 UTC,1782570127000,0,40.1110016,-8.5014866,73,278,11,7,0,"{""239"":1,""240"":1,""21"":5,""200"":0,""69"":1,""237"":2,""113"":100,""303"":1,""383"":3,""1149"":1,""181"":21,""182"":11,""66"":14399,""24"":7,""206"":48740,""67"":4129,""68"":0,""13"":1143,""17"":41,""18"":6,""19"":19,""15"":1000,""241"":26806,""199"":1183,""16"":99228,""12"":10847,""449"":0,""636"":339499,""1148"":76,""11"":8935106000,""14"":1160700155,""387"":""2b3430313131302e303136372d303038353031342e383636372b3030302e3037332f""}"
2026-07-01T03:12:02Z,862272088542776,Codec8E,2026-06-27 14:22:08.000 UTC,1782570128000,0,40.1110000,-8.5015083,73,267,12,7,0,"{""239"":1,""240"":1,""21"":5,""200"":0,""69"":1,""237"":2,""113"":100,""303"":1,""383"":3,""1149"":1,""181"":12,""182"":9,""66"":14417,""24"":7,""206"":48740,""67"":4129,""68"":0,""13"":1143,""17"":-6,""18"":34,""19"":138,""15"":1000,""241"":26806,""199"":1183,""16"":99228,""12"":10847,""449"":0,""636"":339499,""1148"":76,""11"":8935106000,""14"":1160700155,""387"":""2b3430313131302e303030302d303038353031352e303833332b3030302e3037332f""}"
2026-07-01T03:12:02Z,862272088542776,Codec8E,2026-06-27 14:22:09.000 UTC,1782570129000,0,40.1109916,-8.5015216,72,281,12,7,0,"{""239"":1,""240"":1,""21"":5,""200"":0,""69"":1,""237"":2,""113"":100,""303"":1,""383"":3,""1149"":1,""181"":12,""182"":9,""66"":14418,""24"":7,""206"":48740,""67"":4128,""68"":0,""13"":1143,""17"":13,""18"":42,""19"":69,""15"":1000,""241"":26806,""199"":1186,""16"":99231,""12"":10847,""449"":0,""636"":339499,""1148"":76,""11"":8935106000,""14"":1160700155,""387"":""2b3430313130392e393136372d303038353031352e323136372b3030302e3037322f""}"
2026-07-01T03:12:21Z,862272088542776,Codec8E,2026-06-27 14:22:11.000 UTC,1782570131000,0,40.1110033,-8.5015783,73,301,12,7,0,"{""239"":1,""240"":1,""21"":5,""200"":0,""69"":1,""237"":2,""113"":100,""303"":1,""383"":3,""1149"":1,""181"":12,""182"":9,""66"":14400,""24"":7,""206"":48740,""67"":4129,""68"":0,""13"":1143,""17"":74,""18"":16,""19"":21,""15"":1000,""241"":26806,""199"":1191,""16"":99236,""12"":10847,""449"":0,""636"":339499,""1148"":76,""11"":8935106000,""14"":1160700155,""387"":""2b3430313131302e303333332d303038353031352e373833332b3030302e3037332f""}"
2026-07-01T03:12:21Z,862272088542776,Codec8E,2026-06-27 14:22:18.000 UTC,1782570138000,0,40.1110316,-8.5016233,74,301,11,1,303,"{""239"":1,""240"":1,""21"":5,""200"":0,""69"":1,""237"":2,""113"":100,""303"":0,""383"":3,""1149"":1,""181"":13,""182"":10,""66"":14324,""24"":1,""206"":48740,""67"":4129,""68"":0,""13"":1143,""17"":-30,""18"":14,""19"":0,""15"":1000,""241"":26806,""199"":1194,""16"":99239,""12"":10847,""449"":0,""636"":339499,""1148"":76,""11"":8935106000,""14"":1160700155,""387"":""2b3430313131302e333136372d303038353031362e323333332b3030302e3037342f""}"
2026-07-01T03:12:21Z,862272088542776,Codec8E,2026-06-27 14:22:37.000 UTC,1782570157000,0,40.1110316,-8.5016233,74,301,12,0,303,"{""239"":1,""240"":1,""21"":5,""200"":0,""69"":1,""237"":2,""113"":100,""303"":1,""383"":3,""1149"":1,""181"":12,""182"":8,""66"":14459,""24"":0,""206"":48740,""67"":4128,""68"":0,""13"":1129,""17"":-25,""18"":2,""19"":5,""15"":1000,""241"":26806,""199"":1194,""16"":99239,""12"":10851,""449"":0,""636"":339499,""1148"":76,""11"":8935106000,""14"":1160700155,""387"":""2b3430313131302e333136372d303038353031362e323333332b3030302e3037342f""}"
2026-07-01T03:12:21Z,862272088542776,Codec8E,2026-06-27 14:22:46.000 UTC,1782570166000,0,40.1110316,-8.5016233,74,301,12,0,303,"{""239"":1,""240"":1,""21"":5,""200"":0,""69"":1,""237"":2,""113"":100,""303"":0,""383"":3,""1149"":1,""181"":12,""182"":8,""66"":14432,""24"":0,""206"":48740,""67"":4128,""68"":0,""13"":1129,""17"":-27,""18"":8,""19"":1,""15"":1000,""241"":26806,""199"":1194,""16"":99239,""12"":10854,""449"":0,""636"":339499,""1148"":76,""11"":8935106000,""14"":1160700155,""387"":""2b3430313131302e333136372d303038353031362e323333332b3030302e3037342f""}"
2026-07-01T03:12:21Z,862272088542776,Codec8E,2026-06-27 14:23:27.000 UTC,1782570207000,0,40.1110316,-8.5016233,74,301,12,0,239,"{""239"":0,""240"":1,""21"":5,""200"":0,""69"":1,""237"":2,""113"":100,""303"":0,""383"":3,""1149"":1,""181"":11,""182"":8,""66"":13149,""24"":0,""206"":48740,""67"":4129,""68"":0,""13"":1130,""17"":-27,""18"":10,""19"":1,""15"":1000,""241"":26806,""199"":1194,""16"":99239,""12"":10865,""449"":0,""636"":339499,""1148"":70,""11"":8935106000,""14"":1160700155,""387"":""2b3430313131302e333136372d303038353031362e323333332b3030302e3037342f""}"
2026-07-01T03:12:25Z,862272088542776,Codec8E,2026-06-27 14:23:45.000 UTC,1782570225000,0,40.1110316,-8.5016233,74,301,13,0,240,"{""239"":0,""240"":0,""21"":5,""200"":0,""69"":1,""237"":2,""113"":100,""303"":0,""383"":3,""1149"":1,""181"":11,""182"":8,""66"":12937,""24"":0,""206"":48740,""67"":4129,""68"":0,""13"":1130,""17"":-30,""18"":12,""19"":5,""15"":1000,""241"":26806,""199"":1194,""16"":99239,""12"":10865,""449"":0,""636"":339499,""1148"":70,""11"":8935106000,""14"":1160700155,""387"":""2b3430313131302e333136372d303038353031362e323333332b3030302e3037342f""}"
2026-07-01T03:12:25Z,862272088542776,Codec8E,2026-06-27 15:16:25.000 UTC,1782573385000,0,40.1110316,-8.5016233,64,301,14,0,239,"{""239"":1,""240"":0,""21"":5,""200"":0,""69"":1,""237"":2,""113"":100,""303"":0,""383"":3,""1149"":1,""181"":10,""182"":7,""66"":14889,""24"":0,""206"":48740,""67"":4128,""68"":0,""13"":1130,""17"":-35,""18"":5,""19"":13,""15"":1000,""241"":26806,""199"":0,""16"":99239,""12"":10865,""449"":0,""636"":339499,""1148"":72,""11"":8935106000,""14"":1160700155,""387"":""2b3430313131302e333136372d303038353031362e323333332b3030302e3036342f""}"
2026-07-01T03:12:25Z,862272088542776,Codec8E,2026-06-27 15:17:00.000 UTC,1782573420000,0,40.1110316,-8.5016233,59,301,12,0,303,"{""239"":1,""240"":0,""21"":5,""200"":0,""69"":1,""237"":2,""113"":100,""303"":1,""383"":3,""1149"":1,""181"":12,""182"":8,""66"":14394,""24"":0,""206"":48740,""67"":4128,""68"":0,""13"":1131,""17"":-45,""18"":37,""19"":33,""15"":1000,""241"":26806,""199"":0,""16"":99239,""12"":10875,""449"":0,""636"":339499,""1148"":69,""11"":8935106000,""14"":1160700155,""387"":""2b3430313131302e333136372d303038353031362e323333332b3030302e3035392f""}"
2026-07-01T03:12:25Z,862272088542776,Codec8E,2026-06-27 15:17:01.000 UTC,1782573421000,0,40.1110766,-8.5015950,59,276,12,0,240,"{""239"":1,""240"":1,""21"":0,""200"":0,""69"":1,""237"":99,""113"":100,""303"":1,""383"":3,""1149"":0,""181"":12,""182"":8,""66"":14396,""24"":0,""206"":0,""67"":4128,""68"":0,""13"":1131,""17"":-43,""18"":-17,""19"":45,""15"":1000,""241"":0,""199"":0,""16"":99239,""12"":10875,""449"":0,""636"":0,""1148"":0,""11"":8935106000,""14"":1160700155,""387"":""2b3430313131302e373636372d303038353031352e393530302b3030302e3035392f""}"
2026-07-01T03:12:25Z,862272088542776,Codec8E,2026-06-27 15:17:26.000 UTC,1782573446000,0,40.1110933,-8.5015633,59,0,0,0,303,"{""239"":1,""240"":1,""21"":5,""200"":0,""69"":2,""237"":2,""113"":0,""303"":1,""383"":3,""1149"":1,""181"":0,""182"":0,""66"":14404,""24"":0,""206"":48740,""67"":4128,""68"":0,""13"":1131,""17"":-100,""18"":-14,""19"":9,""15"":0,""241"":26806,""199"":0,""16"":99239,""12"":10876,""449"":0,""636"":339469,""1148"":71,""11"":8935106000,""14"":1160700155,""387"":""2b3430313131302e393333332d303038353031352e363333332b3030302e3035392f""}"
2026-07-01T03:12:25Z,862272088542776,Codec8E,2026-06-27 15:17:45.000 UTC,1782573465000,0,40.1102850,-8.5018933,64,218,7,28,0,"{""239"":1,""240"":1,""21"":5,""200"":0,""69"":1,""237"":2,""113"":100,""303"":1,""383"":3,""1149"":1,""181"":19,""182"":11,""66"":14361,""24"":28,""206"":48740,""67"":4133,""68"":0,""13"":1131,""17"":-43,""18"":-59,""19"":44,""15"":0,""241"":26806,""199"":0,""16"":99239,""12"":10876,""449"":0,""636"":339499,""1148"":71,""11"":8935106000,""14"":1160700155,""387"":""2b3430313130322e383530302d303038353031382e393333332b3030302e3036342f""}"
2026-07-01T03:12:25Z,862272088542776,Codec8E,2026-06-27 15:17:58.000 UTC,1782573478000,0,40.1096950,-8.5024683,59,219,7,18,0,"{""239"":1,""240"":1,""21"":4,""200"":0,""69"":1,""237"":2,""113"":100,""303"":1,""383"":3,""1149"":1,""181"":17,""182"":14,""66"":14399,""24"":18,""206"":48740,""67"":4133,""68"":0,""13"":1131,""17"":-111,""18"":-24,""19"":13,""15"":1000,""241"":26806,""199"":82,""16"":99321,""12"":10876,""449"":0,""636"":339499,""1148"":71,""11"":8935106000,""14"":1160700155,""387"":""2b3430313039362e393530302d303038353032342e363833332b3030302e3035392f""}"
2026-07-01T03:12:25Z,862272088542776,Codec8E,2026-06-27 15:18:03.000 UTC,1782573483000,0,40.1095533,-8.5026133,59,230,8,17,0,"{""239"":1,""240"":1,""21"":4,""200"":0,""69"":1,""237"":2,""113"":100,""303"":1,""383"":3,""1149"":1,""181"":16,""182"":14,""66"":14425,""24"":17,""206"":48740,""67"":4133,""68"":0,""13"":1131,""17"":-95,""18"":85,""19"":161,""15"":1000,""241"":26806,""199"":103,""16"":99342,""12"":10876,""449"":0,""636"":339499,""1148"":71,""11"":8935106000,""14"":1160700155,""387"":""2b3430313039352e353333332d303038353032362e313333332b3030302e3035392f""}"
2026-07-01T03:12:25Z,862272088542776,Codec8E,2026-06-27 15:18:06.000 UTC,1782573486000,0,40.1094966,-8.5028983,57,244,9,22,0,"{""239"":1,""240"":1,""21"":4,""200"":0,""69"":1,""237"":2,""113"":100,""303"":1,""383"":3,""1149"":1,""181"":13,""182"":10,""66"":14389,""24"":22,""206"":48740,""67"":4133,""68"":0,""13"":1131,""17"":1,""18"":-288,""19"":-30,""15"":1000,""241"":26806,""199"":128,""16"":99367,""12"":10876,""449"":0,""636"":339499,""1148"":71,""11"":8935106000,""14"":1160700155,""387"":""2b3430313039342e393636372d303038353032382e393833332b3030302e3035372f""}"
2026-07-01T03:12:25Z,862272088542776,Codec8E,2026-06-27 15:18:08.000 UTC,1782573488000,0,40.1094233,-8.5030100,57,226,12,23,0,"{""239"":1,""240"":1,""21"":4,""200"":0,""69"":1,""237"":2,""113"":100,""303"":1,""383"":3,""1149"":1,""181"":14,""182"":8,""66"":14419,""24"":23,""206"":48740,""67"":4133,""68"":0,""13"":1131,""17"":-37,""18"":-295,""19"":48,""15"":1000,""241"":26806,""199"":142,""16"":99381,""12"":10876,""449"":0,""636"":339499,""1148"":71,""11"":8935106000,""14"":1160700155,""387"":""2b3430313039342e323333332d303038353033302e313030302b3030302e3035372f""}"
2026-07-01T03:12:26Z,862272088542776,Codec8E,2026-06-27 15:18:10.000 UTC,1782573490000,0,40.1093266,-8.5030683,57,213,13,22,0,"{""239"":1,""240"":1,""21"":4,""200"":0,""69"":1,""237"":2,""113"":100,""303"":1,""383"":3,""1149"":1,""181"":14,""182"":7,""66"":14387,""24"":22,""206"":48740,""67"":4133,""68"":0,""13"":1131,""17"":-41,""18"":-333,""19"":73,""15"":1000,""241"":26806,""199"":153,""16"":99392,""12"":10876,""449"":0,""636"":1515562,""1148"":71,""11"":8935106000,""14"":1160700155,""387"":""2b3430313039332e323636372d303038353033302e363833332b3030302e3035372f""}"
2026-07-01T03:12:26Z,862272088542776,Codec8E,2026-06-27 15:18:11.000 UTC,1782573491000,0,40.1092800,-8.5030899,57,203,13,22,0,"{""239"":1,""240"":1,""21"":4,""200"":0,""69"":1,""237"":2,""113"":100,""303"":1,""383"":3,""1149"":1,""181"":14,""182"":7,""66"":14394,""24"":22,""206"":48740,""67"":4132,""68"":0,""13"":1131,""17"":-82,""18"":-205,""19"":71,""15"":1000,""241"":26806,""199"":159,""16"":99398,""12"":10876,""449"":0,""636"":1515562,""1148"":71,""11"":8935106000,""14"":1160700155,""387"":""2b3430313039322e383030302d303038353033302e393030302b3030302e3035372f""}"
2026-07-01T03:12:26Z,862272088542776,Codec8E,2026-06-27 15:18:12.000 UTC,1782573492000,0,40.1092266,-8.5030383,57,181,13,20,0,"{""239"":1,""240"":1,""21"":4,""200"":0,""69"":1,""237"":2,""113"":100,""303"":1,""383"":3,""1149"":1,""181"":10,""182"":7,""66"":14341,""24"":20,""206"":48740,""67"":4132,""68"":0,""13"":1131,""17"":-118,""18"":4,""19"":6,""15"":1000,""241"":26806,""199"":166,""16"":99405,""12"":10876,""449"":0,""636"":1515562,""1148"":71,""11"":8935106000,""14"":1160700155,""387"":""2b3430313039322e323636372d303038353033302e333833332b3030302e3035372f""}"
2026-07-01T03:12:26Z,862272088542776,Codec8E,2026-06-27 15:18:13.000 UTC,1782573493000,0,40.1091950,-8.5029666,57,151,13,19,0,"{""239"":1,""240"":1,""21"":4,""200"":0,""69"":1,""237"":2,""113"":100,""303"":1,""383"":3,""1149"":1,""181"":14,""182"":7,""66"":14418,""24"":19,""206"":48740,""67"":4132,""68"":0,""13"":1131,""17"":-48,""18"":142,""19"":8,""15"":1000,""241"":26806,""199"":173,""16"":99412,""12"":10876,""449"":0,""636"":1515562,""1148"":71,""11"":8935106000,""14"":1160700155,""387"":""2b3430313039312e393530302d303038353032392e363636372b3030302e3035372f""}"
2026-07-01T03:12:26Z,862272088542776,Codec8E,2026-06-27 15:18:14.000 UTC,1782573494000,0,40.1091800,-8.5028899,58,130,13,18,0,"{""239"":1,""240"":1,""21"":4,""200"":0,""69"":1,""237"":2,""113"":100,""303"":1,""383"":3,""1149"":1,""181"":10,""182"":7,""66"":14345,""24"":18,""206"":48740,""67"":4132,""68"":0,""13"":1131,""17"":-36,""18"":270,""19"":-16,""15"":1000,""241"":26806,""199"":180,""16"":99419,""12"":10876,""449"":0,""636"":1515562,""1148"":71,""11"":8935106000,""14"":1160700155,""387"":""2b3430313039312e383030302d303038353032382e393030302b3030302e3035382f""}"
2026-07-01T03:12:27Z,862272088542776,Codec8E,2026-06-27 15:18:17.000 UTC,1782573497000,0,40.1090699,-8.5026600,58,142,13,18,0,"{""239"":1,""240"":1,""21"":4,""200"":0,""69"":1,""237"":2,""113"":100,""303"":1,""383"":3,""1149"":1,""181"":14,""182"":7,""66"":14323,""24"":18,""206"":48740,""67"":4131,""68"":0,""13"":1131,""17"":-10,""18"":199,""19"":44,""15"":1000,""241"":26806,""199"":203,""16"":99442,""12"":10876,""449"":0,""636"":1515562,""1148"":79,""11"":8935106000,""14"":1160700155,""387"":""2b3430313039302e373030302d303038353032362e363030302b3030302e3035382f""}"
2026-07-01T03:12:27Z,862272088542776,Codec8E,2026-06-27 15:18:18.000 UTC,1782573498000,0,40.1090066,-8.5026049,58,152,13,20,0,"{""239"":1,""240"":1,""21"":4,""200"":0,""69"":1,""237"":2,""113"":100,""303"":1,""383"":3,""1149"":1,""181"":10,""182"":7,""66"":14383,""24"":20,""206"":48740,""67"":4131,""68"":0,""13"":1131,""17"":10,""18"":2,""19"":-36,""15"":1000,""241"":26806,""199"":212,""16"":99451,""12"":10876,""449"":0,""636"":1515562,""1148"":79,""11"":8935106000,""14"":1160700155,""387"":""2b3430313039302e303636372d303038353032362e303530302b3030302e3035382f""}"
2026-07-01T03:12:27Z,862272088542776,Codec8E,2026-06-27 15:18:19.000 UTC,1782573499000,0,40.1089466,-8.5025733,58,166,13,21,0,"{""239"":1,""240"":1,""21"":4,""200"":0,""69"":1,""237"":2,""113"":100,""303"":1,""383"":3,""1149"":1,""181"":14,""182"":7,""66"":14373,""24"":21,""206"":48740,""67"":4131,""68"":0,""13"":1131,""17"":98,""18"":-45,""19"":52,""15"":1000,""241"":26806,""199"":219,""16"":99458,""12"":10876,""449"":0,""636"":1515562,""1148"":79,""11"":8935106000,""14"":1160700155,""387"":""2b3430313038392e343636372d303038353032352e373333332b3030302e3035382f""}"
2026-07-01T03:12:27Z,862272088542776,Codec8E,2026-06-27 15:18:20.000 UTC,1782573500000,0,40.1088900,-8.5025633,57,181,13,21,0,"{""239"":1,""240"":1,""21"":4,""200"":0,""69"":1,""237"":2,""113"":100,""303"":1,""383"":3,""1149"":1,""181"":14,""182"":7,""66"":14344,""24"":21,""206"":48740,""67"":4131,""68"":0,""13"":1131,""17"":82,""18"":-103,""19"":-25,""15"":1000,""241"":26806,""199"":225,""16"":99464,""12"":10876,""449"":0,""636"":339499,""1148"":79,""11"":8935106000,""14"":1160700155,""387"":""2b3430313038382e393030302d303038353032352e363333332b3030302e3035372f""}"
2026-07-01T03:12:27Z,862272088542776,Codec8E,2026-06-27 15:18:25.000 UTC,1782573505000,0,40.1087500,-8.5025083,58,173,13,10,0,"{""239"":1,""240"":1,""21"":4,""200"":0,""69"":1,""237"":2,""113"":100,""303"":1,""383"":3,""1149"":1,""181"":10,""182"":7,""66"":14350,""24"":10,""206"":48740,""67"":4131,""68"":0,""13"":1131,""17"":-224,""18"":-70,""19"":4,""15"":1000,""241"":26806,""199"":242,""16"":99481,""12"":10876,""449"":0,""636"":339499,""1148"":79,""11"":8935106000,""14"":1160700155,""387"":""2b3430313038372e353030302d303038353032352e303833332b3030302e3035382f""}"
2026-07-01T03:12:29Z,862272088542776,Codec8E,2026-06-27 15:18:27.000 UTC,1782573507000,0,40.1087266,-8.5024950,59,153,12,9,0,"{""239"":1,""240"":1,""21"":4,""200"":0,""69"":1,""237"":2,""113"":100,""303"":1,""383"":3,""1149"":1,""181"":11,""182"":8,""66"":14394,""24"":9,""206"":48740,""67"":4132,""68"":0,""13"":1131,""17"":-170,""18"":-28,""19"":142,""15"":1000,""241"":26806,""199"":245,""16"":99484,""12"":10876,""449"":0,""636"":339499,""1148"":79,""11"":8935106000,""14"":1160700155,""387"":""2b3430313038372e323636372d303038353032342e393530302b3030302e3035392f""}"
2026-07-01T03:12:29Z,862272088542776,Codec8E,2026-06-27 15:18:29.000 UTC,1782573509000,0,40.1086816,-8.5024500,59,138,13,10,0,"{""239"":1,""240"":1,""21"":4,""200"":0,""69"":1,""237"":2,""113"":100,""303"":1,""383"":3,""1149"":1,""181"":14,""182"":7,""66"":14378,""24"":10,""206"":48740,""67"":4132,""68"":0,""13"":1131,""17"":-186,""18"":-33,""19"":-5,""15"":1000,""241"":26806,""199"":251,""16"":99490,""12"":10876,""449"":0,""636"":339499,""1148"":79,""11"":8935106000,""14"":1160700155,""387"":""2b3430313038362e383136372d303038353032342e353030302b3030302e3035392f""}"
2026-07-01T03:12:29Z,862272088542776,Codec8E,2026-06-27 15:18:30.000 UTC,1782573510000,0,40.1086600,-8.5024050,58,121,13,12,0,"{""239"":1,""240"":1,""21"":4,""200"":0,""69"":1,""237"":2,""113"":100,""303"":1,""383"":3,""1149"":1,""181"":14,""182"":7,""66"":14338,""24"":12,""206"":48740,""67"":4131,""68"":0,""13"":1131,""17"":-185,""18"":45,""19"":44,""15"":1000,""241"":26806,""199"":256,""16"":99495,""12"":10876,""449"":0,""636"":339499,""1148"":79,""11"":8935106000,""14"":1160700155,""387"":""2b3430313038362e363030302d303038353032342e303530302b3030302e3035382f""}"
2026-07-01T03:12:29Z,862272088542776,Codec8E,2026-06-27 15:18:34.000 UTC,1782573514000,0,40.1085499,-8.5021116,59,109,10,20,0,"{""239"":1,""240"":1,""21"":4,""200"":0,""69"":1,""237"":2,""113"":100,""303"":1,""383"":3,""1149"":1,""181"":20,""182"":9,""66"":14353,""24"":20,""206"":48740,""67"":4132,""68"":0,""13"":1131,""17"":-148,""18"":108,""19"":43,""15"":1000,""241"":26806,""199"":283,""16"":99522,""12"":10876,""449"":0,""636"":339499,""1148"":79,""11"":8935106000,""14"":1160700155,""387"":""2b3430313038352e353030302d303038353032312e313136372b3030302e3035392f""}"
2026-07-01T03:12:29Z,862272088542776,Codec8E,2026-06-27 15:18:35.000 UTC,1782573515000,0,40.1084666,-8.5020133,58,129,10,23,0,"{""239"":1,""240"":1,""21"":4,""200"":0,""69"":1,""237"":2,""113"":100,""303"":1,""383"":3,""1149"":1,""181"":20,""182"":9,""66"":14391,""24"":23,""206"":48740,""67"":4131,""68"":0,""13"":1131,""17"":-177,""18"":53,""19"":75,""15"":1000,""241"":26806,""199"":296,""16"":99535,""12"":10876,""449"":0,""636"":339499,""1148"":79,""11"":8935106000,""14"":1160700155,""387"":""2b3430313038342e363636372d303038353032302e313333332b3030302e3035382f""}"
2026-07-01T03:13:05Z,862272088542776,Codec8E,2026-06-27 15:18:38.000 UTC,1782573518000,0,40.1082300,-8.5017199,58,134,10,34,0,"{""239"":1,""240"":1,""21"":4,""200"":0,""69"":1,""237"":2,""113"":100,""303"":1,""383"":3,""1149"":1,""181"":20,""182"":9,""66"":14370,""24"":34,""206"":48740,""67"":4129,""68"":0,""13"":1131,""17"":-129,""18"":6,""19"":100,""15"":1000,""241"":26806,""199"":332,""16"":99571,""12"":10876,""449"":0,""636"":339499,""1148"":79,""11"":8935106000,""14"":1160700155,""387"":""2b3430313038322e333030302d303038353031372e323030302b3030302e3035382f""}"
2026-07-01T03:13:05Z,862272088542776,Codec8E,2026-06-27 15:18:43.000 UTC,1782573523000,0,40.1077166,-8.5011800,59,145,8,44,0,"{""239"":1,""240"":1,""21"":4,""200"":0,""69"":1,""237"":2,""113"":100,""303"":1,""383"":3,""1149"":1,""181"":16,""182"":12,""66"":14333,""24"":44,""206"":48740,""67"":4132,""68"":0,""13"":1131,""17"":-57,""18"":-30,""19"":203,""15"":1000,""241"":26806,""199"":405,""16"":99644,""12"":10876,""449"":0,""636"":339499,""1148"":79,""11"":8935106000,""14"":1160700155,""387"":""2b3430313037372e313636372d303038353031312e383030302b3030302e3035392f""}"
2026-07-01T03:13:05Z,862272088542776,Codec8E,2026-06-27 15:18:46.000 UTC,1782573526000,0,40.1074016,-8.5009616,58,156,7,44,0,"{""239"":1,""240"":1,""21"":4,""200"":0,""69"":1,""237"":2,""113"":100,""303"":1,""383"":3,""1149"":1,""181"":39,""182"":14,""66"":14403,""24"":44,""206"":48740,""67"":4131,""68"":0,""13"":1131,""17"":-46,""18"":261,""19"":68,""15"":1000,""241"":26806,""199"":445,""16"":99684,""12"":10876,""449"":0,""636"":339499,""1148"":79,""11"":8935106000,""14"":1160700155,""387"":""2b3430313037342e303136372d303038353030392e363136372b3030302e3035382f""}"
2026-07-01T03:13:05Z,862272088542776,Codec8E,2026-06-27 15:18:48.000 UTC,1782573528000,0,40.1072016,-8.5009316,57,180,7,42,0,"{""239"":1,""240"":1,""21"":4,""200"":0,""69"":1,""237"":2,""113"":100,""303"":1,""383"":3,""1149"":1,""181"":39,""182"":14,""66"":14410,""24"":42,""206"":48740,""67"":4130,""68"":0,""13"":1131,""17"":-61,""18"":316,""19"":18,""15"":1000,""241"":26806,""199"":469,""16"":99708,""12"":10876,""449"":0,""636"":339499,""1148"":71,""11"":8935106000,""14"":1160700155,""387"":""2b3430313037322e303136372d303038353030392e333136372b3030302e3035372f""}"
2026-07-01T03:13:05Z,862272088542776,Codec8E,2026-06-27 15:18:51.000 UTC,1782573531000,0,40.1069266,-8.5010100,57,191,9,39,0,"{""239"":1,""240"":1,""21"":4,""200"":0,""69"":1,""237"":2,""113"":100,""303"":1,""383"":3,""1149"":1,""181"":14,""182"":11,""66"":14331,""24"":39,""206"":48740,""67"":4132,""68"":0,""13"":1131,""17"":-76,""18"":320,""19"":43,""15"":1000,""241"":26806,""199"":500,""16"":99739,""12"":10876,""449"":0,""636"":339499,""1148"":71,""11"":8935106000,""14"":1160700155,""387"":""2b3430313036392e323636372d303038353031302e313030302b3030302e3035372f""}"
2026-07-01T03:13:08Z,862272088542776,Codec8E,2026-06-27 15:18:53.000 UTC,1782573533000,0,40.1068350,-8.5012049,56,214,9,36,0,"{""239"":1,""240"":1,""21"":4,""200"":0,""69"":1,""237"":2,""113"":100,""303"":1,""383"":3,""1149"":1,""181"":14,""182"":11,""66"":14331,""24"":36,""206"":48740,""67"":4131,""68"":0,""13"":1131,""17"":-120,""18"":-93,""19"":-26,""15"":1000,""241"":26806,""199"":522,""16"":99761,""12"":10876,""449"":0,""636"":339499,""1148"":71,""11"":8935106000,""14"":1160700155,""387"":""2b3430313036382e333530302d303038353031322e303530302b3030302e3035362f""}"
2026-07-01T03:13:08Z,862272088542776,Codec8E,2026-06-27 15:18:54.000 UTC,1782573534000,0,40.1068749,-8.5014266,57,241,8,35,0,"{""239"":1,""240"":1,""21"":4,""200"":0,""69"":1,""237"":2,""113"":100,""303"":1,""383"":3,""1149"":1,""181"":24,""182"":12,""66"":14415,""24"":35,""206"":48740,""67"":4131,""68"":0,""13"":1131,""17"":-129,""18"":-46,""19"":50,""15"":1000,""241"":26806,""199"":541,""16"":99780,""12"":10876,""449"":0,""636"":339499,""1148"":71,""11"":8935106000,""14"":1160700155,""387"":""2b3430313036382e373530302d303038353031342e323636372b3030302e3035372f""}"
2026-07-01T03:13:08Z,862272088542776,Codec8E,2026-06-27 15:18:55.000 UTC,1782573535000,0,40.1069550,-8.5016300,57,275,9,36,0,"{""239"":1,""240"":1,""21"":4,""200"":0,""69"":1,""237"":2,""113"":100,""303"":1,""383"":3,""1149"":1,""181"":20,""182"":11,""66"":14345,""24"":36,""206"":48740,""67"":4130,""68"":0,""13"":1131,""17"":-108,""18"":-43,""19"":0,""15"":1000,""241"":26806,""199"":561,""16"":99800,""12"":10876,""449"":0,""636"":339499,""1148"":71,""11"":8935106000,""14"":1160700155,""387"":""2b3430313036392e353530302d303038353031362e333030302b3030302e3035372f""}"
2026-07-01T03:13:08Z,862272088542776,Codec8E,2026-06-27 15:18:58.000 UTC,1782573538000,0,40.1070816,-8.5021266,56,286,7,43,0,"{""239"":1,""240"":1,""21"":4,""200"":0,""69"":1,""237"":2,""113"":100,""303"":1,""383"":3,""1149"":1,""181"":15,""182"":12,""66"":14428,""24"":43,""206"":48740,""67"":4130,""68"":0,""13"":1131,""17"":-47,""18"":-2,""19"":10,""15"":1000,""241"":26806,""199"":605,""16"":99844,""12"":10876,""449"":0,""636"":339499,""1148"":71,""11"":8935106000,""14"":1160700155,""387"":""2b3430313037302e383136372d303038353032312e323636372b3030302e3035362f""}"
2026-07-01T03:13:08Z,862272088542776,Codec8E,2026-06-27 15:19:05.000 UTC,1782573545000,0,40.1074083,-8.5033316,55,287,9,52,0,"{""239"":1,""240"":1,""21"":4,""200"":0,""69"":1,""237"":2,""113"":100,""303"":1,""383"":3,""1149"":1,""181"":13,""182"":10,""66"":14337,""24"":52,""206"":48740,""67"":4132,""68"":0,""13"":1131,""17"":22,""18"":5,""19"":-5,""15"":1000,""241"":26806,""199"":714,""16"":99953,""12"":10876,""449"":0,""636"":339499,""1148"":71,""11"":8935106000,""14"":1160700155,""387"":""2b3430313037342e303833332d303038353033332e333136372b3030302e3035352f""}"
2026-07-01T03:13:10Z,862272088542776,Codec8E,2026-06-27 15:19:11.000 UTC,1782573551000,0,40.1077800,-8.5042050,54,302,12,49,0,"{""239"":1,""240"":1,""21"":4,""200"":0,""69"":1,""237"":2,""113"":100,""303"":1,""383"":3,""1149"":1,""181"":11,""182"":8,""66"":14320,""24"":49,""206"":48740,""67"":4131,""68"":0,""13"":1131,""17"":62,""18"":39,""19"":26,""15"":1000,""241"":26806,""199"":801,""16"":100040,""12"":10876,""449"":0,""636"":339499,""1148"":71,""11"":8935106000,""14"":1160700155,""387"":""2b3430313037372e383030302d303038353034322e303530302b3030302e3035342f""}"
2026-07-01T03:13:10Z,862272088542776,Codec8E,2026-06-27 15:19:13.000 UTC,1782573553000,0,40.1080066,-8.5043683,54,317,11,46,0,"{""239"":1,""240"":1,""21"":4,""200"":0,""69"":1,""237"":2,""113"":100,""303"":1,""383"":3,""1149"":1,""181"":11,""182"":8,""66"":14348,""24"":46,""206"":48740,""67"":4129,""68"":0,""13"":1131,""17"":54,""18"":22,""19"":26,""15"":1000,""241"":26806,""199"":830,""16"":100069,""12"":10876,""449"":0,""636"":339499,""1148"":71,""11"":8935106000,""14"":1160700155,""387"":""2b3430313038302e303636372d303038353034332e363833332b3030302e3035342f""}"
2026-07-01T03:13:10Z,862272088542776,Codec8E,2026-06-27 15:19:15.000 UTC,1782573555000,0,40.1082150,-8.5044716,54,328,11,44,0,"{""239"":1,""240"":1,""21"":4,""200"":0,""69"":1,""237"":2,""113"":100,""303"":1,""383"":3,""1149"":1,""181"":11,""182"":8,""66"":14367,""24"":44,""206"":48740,""67"":4129,""68"":0,""13"":1131,""17"":140,""18"":30,""19"":60,""15"":1000,""241"":26806,""199"":855,""16"":100094,""12"":10876,""449"":0,""636"":339499,""1148"":71,""11"":8935106000,""14"":1160700155,""387"":""2b3430313038322e313530302d303038353034342e373136372b3030302e3035342f""}"
2026-07-01T03:13:10Z,862272088542776,Codec8E,2026-06-27 15:19:18.000 UTC,1782573558000,0,40.1084816,-8.5045983,54,339,12,40,0,"{""239"":1,""240"":1,""21"":4,""200"":0,""69"":1,""237"":2,""113"":100,""303"":1,""383"":3,""1149"":1,""181"":14,""182"":8,""66"":14392,""24"":40,""206"":48740,""67"":4129,""68"":0,""13"":1131,""17"":43,""18"":49,""19"":107,""15"":1000,""241"":26806,""199"":886,""16"":100125,""12"":10876,""449"":0,""636"":339499,""1148"":68,""11"":8935106000,""14"":1160700155,""387"":""2b3430313038342e383136372d303038353034352e393833332b3030302e3035342f""}"
2026-07-01T03:13:10Z,862272088542776,Codec8E,2026-06-27 15:19:20.000 UTC,1782573560000,0,40.1086716,-8.5046316,54,352,13,38,0,"{""239"":1,""240"":1,""21"":4,""200"":0,""69"":1,""237"":2,""113"":100,""303"":1,""383"":3,""1149"":1,""181"":10,""182"":7,""66"":14333,""24"":38,""206"":48740,""67"":4128,""68"":0,""13"":1131,""17"":99,""18"":-335,""19"":7,""15"":1000,""241"":26806,""199"":908,""16"":100147,""12"":10876,""449"":0,""636"":339499,""1148"":68,""11"":8935106000,""14"":1160700155,""387"":""2b3430313038362e373136372d303038353034362e333136372b3030302e3035342f""}"
2026-07-01T03:13:12Z,862272088542776,Codec8E,2026-06-27 15:19:23.000 UTC,1782573563000,0,40.1089583,-8.5046983,53,342,11,36,0,"{""239"":1,""240"":1,""21"":4,""200"":0,""69"":1,""237"":2,""113"":100,""303"":1,""383"":3,""1149"":1,""181"":15,""182"":8,""66"":14393,""24"":36,""206"":48740,""67"":4129,""68"":0,""13"":1131,""17"":-91,""18"":79,""19"":84,""15"":1000,""241"":26806,""199"":940,""16"":100179,""12"":10876,""449"":0,""636"":339499,""1148"":68,""11"":8935106000,""14"":1160700155,""387"":""2b3430313038392e353833332d303038353034362e393833332b3030302e3035332f""}"
2026-07-01T03:13:12Z,862272088542776,Codec8E,2026-06-27 15:19:26.000 UTC,1782573566000,0,40.1091800,-8.5048733,53,328,10,36,0,"{""239"":1,""240"":1,""21"":4,""200"":0,""69"":1,""237"":2,""113"":100,""303"":1,""383"":3,""1149"":1,""181"":15,""182"":8,""66"":14346,""24"":36,""206"":48740,""67"":4129,""68"":0,""13"":1131,""17"":32,""18"":104,""19"":59,""15"":1000,""241"":26806,""199"":969,""16"":100208,""12"":10876,""449"":0,""636"":339499,""1148"":68,""11"":8935106000,""14"":1160700155,""387"":""2b3430313039312e383030302d303038353034382e373333332b3030302e3035332f""}"
2026-07-01T03:13:12Z,862272088542776,Codec8E,2026-06-27 15:19:32.000 UTC,1782573572000,0,40.1096133,-8.5052550,50,318,11,35,0,"{""239"":1,""240"":1,""21"":4,""200"":0,""69"":1,""237"":2,""113"":100,""303"":1,""383"":3,""1149"":1,""181"":18,""182"":9,""66"":14346,""24"":35,""206"":48740,""67"":4130,""68"":0,""13"":1131,""17"":-22,""18"":-262,""19"":0,""15"":1000,""241"":26806,""199"":1027,""16"":100266,""12"":10876,""449"":0,""636"":339499,""1148"":68,""11"":8935106000,""14"":1160700155,""387"":""2b3430313039362e313333332d303038353035322e353530302b3030302e3035302f""}"
2026-07-01T03:13:12Z,862272088542776,Codec8E,2026-06-27 15:19:34.000 UTC,1782573574000,0,40.1097100,-8.5054200,50,306,11,34,0,"{""239"":1,""240"":1,""21"":4,""200"":0,""69"":1,""237"":2,""113"":100,""303"":1,""383"":3,""1149"":1,""181"":18,""182"":9,""66"":14336,""24"":34,""206"":48740,""67"":4129,""68"":0,""13"":1131,""17"":-62,""18"":-80,""19"":74,""15"":1000,""241"":26806,""199"":1045,""16"":100284,""12"":10876,""449"":0,""636"":339499,""1148"":68,""11"":8935106000,""14"":1160700155,""387"":""2b3430313039372e313030302d303038353035342e323030302b3030302e3035302f""}"
2026-07-01T03:13:12Z,862272088542776,Codec8E,2026-06-27 15:19:36.000 UTC,1782573576000,0,40.1097416,-8.5056400,50,284,9,35,0,"{""239"":1,""240"":1,""21"":4,""200"":0,""69"":1,""237"":2,""113"":100,""303"":1,""383"":3,""1149"":1,""181"":19,""182"":10,""66"":14344,""24"":35,""206"":48740,""67"":4131,""68"":0,""13"":1131,""17"":-39,""18"":-46,""19"":76,""15"":1000,""241"":26806,""199"":1064,""16"":100303,""12"":10876,""449"":0,""636"":339499,""1148"":68,""11"":8935106000,""14"":1160700155,""387"":""2b3430313039372e343136372d303038353035362e343030302b3030302e3035302f""}"
2026-07-01T03:13:13Z,862272088542776,Codec8E,2026-06-27 15:19:39.000 UTC,1782573579000,0,40.1097516,-8.5060133,50,273,9,36,0,"{""239"":1,""240"":1,""21"":4,""200"":0,""69"":1,""237"":2,""113"":100,""303"":1,""383"":3,""1149"":1,""181"":22,""182"":11,""66"":14357,""24"":36,""206"":48740,""67"":4129,""68"":0,""13"":1131,""17"":-37,""18"":-63,""19"":46,""15"":1000,""241"":26806,""199"":1096,""16"":100335,""12"":10876,""449"":0,""636"":339499,""1148"":68,""11"":8935106000,""14"":1160700155,""387"":""2b3430313039372e353136372d303038353036302e313333332b3030302e3035302f""}"
2026-07-01T03:13:13Z,862272088542776,Codec8E,2026-06-27 15:19:48.000 UTC,1782573588000,0,40.1096933,-8.5069433,51,259,12,28,0,"{""239"":1,""240"":1,""21"":4,""200"":0,""69"":1,""237"":2,""113"":100,""303"":1,""383"":3,""1149"":1,""181"":11,""182"":8,""66"":14416,""24"":28,""206"":48740,""67"":4130,""68"":0,""13"":1131,""17"":-67,""18"":-338,""19"":45,""15"":1000,""241"":26806,""199"":1176,""16"":100415,""12"":10876,""449"":0,""636"":339499,""1148"":68,""11"":8935106000,""14"":1160700155,""387"":""2b3430313039362e393333332d303038353036392e343333332b3030302e3035312f""}"
2026-07-01T03:13:13Z,862272088542776,Codec8E,2026-06-27 15:19:50.000 UTC,1782573590000,0,40.1096066,-8.5070166,51,231,12,23,0,"{""239"":1,""240"":1,""21"":4,""200"":0,""69"":1,""237"":2,""113"":100,""303"":1,""383"":3,""1149"":1,""181"":17,""182"":8,""66"":14411,""24"":23,""206"":48740,""67"":4129,""68"":0,""13"":1131,""17"":-113,""18"":-24,""19"":142,""15"":1000,""241"":26806,""199"":1188,""16"":100427,""12"":10876,""449"":0,""636"":339499,""1148"":68,""11"":8935106000,""14"":1160700155,""387"":""2b3430313039362e303636372d303038353037302e313636372b3030302e3035312f""}"
2026-07-01T03:13:13Z,862272088542776,Codec8E,2026-06-27 15:19:51.000 UTC,1782573591000,0,40.1095483,-8.5070216,51,209,12,21,0,"{""239"":1,""240"":1,""21"":4,""200"":0,""69"":1,""237"":2,""113"":100,""303"":1,""383"":3,""1149"":1,""181"":17,""182"":8,""66"":14327,""24"":21,""206"":48740,""67"":4129,""68"":0,""13"":1131,""17"":-58,""18"":-41,""19"":49,""15"":1000,""241"":26806,""199"":1194,""16"":100433,""12"":10876,""449"":0,""636"":339499,""1148"":68,""11"":8935106000,""14"":1160700155,""387"":""2b3430313039352e343833332d303038353037302e323136372b3030302e3035312f""}"
2026-07-01T03:13:13Z,862272088542776,Codec8E,2026-06-27 15:19:52.000 UTC,1782573592000,0,40.1094966,-8.5070150,51,193,11,20,0,"{""239"":1,""240"":1,""21"":4,""200"":0,""69"":1,""237"":2,""113"":100,""303"":1,""383"":3,""1149"":1,""181"":12,""182"":8,""66"":14381,""24"":20,""206"":48740,""67"":4129,""68"":0,""13"":1131,""17"":-31,""18"":-40,""19"":107,""15"":1000,""241"":26806,""199"":1200,""16"":100439,""12"":10876,""449"":0,""636"":339499,""1148"":68,""11"":8935106000,""14"":1160700155,""387"":""2b3430313039342e393636372d303038353037302e313530302b3030302e3035312f""}"
2026-07-01T03:13:19Z,862272088542776,Codec8E,2026-06-27 15:19:54.000 UTC,1782573594000,0,40.1093566,-8.5069816,51,180,10,19,0,"{""239"":1,""240"":1,""21"":4,""200"":0,""69"":1,""237"":2,""113"":100,""303"":1,""383"":3,""1149"":1,""181"":12,""182"":9,""66"":14346,""24"":19,""206"":48740,""67"":4129,""68"":0,""13"":1131,""17"":-160,""18"":75,""19"":76,""15"":1000,""241"":26806,""199"":1216,""16"":100455,""12"":10876,""449"":0,""636"":339499,""1148"":68,""11"":8935106000,""14"":1160700155,""387"":""2b3430313039332e353636372d303038353036392e383136372b3030302e3035312f""}"
2026-07-01T03:13:19Z,862272088542776,Codec8E,2026-06-27 15:19:57.000 UTC,1782573597000,0,40.1091283,-8.5069266,53,170,9,23,0,"{""239"":1,""240"":1,""21"":3,""200"":0,""69"":1,""237"":2,""113"":100,""303"":1,""383"":3,""1149"":1,""181"":14,""182"":11,""66"":14380,""24"":23,""206"":48740,""67"":4130,""68"":0,""13"":1131,""17"":-156,""18"":-31,""19"":-11,""15"":1000,""241"":26806,""199"":1242,""16"":100481,""12"":10876,""449"":0,""636"":339499,""1148"":68,""11"":8935106000,""14"":1160700155,""387"":""2b3430313039312e323833332d303038353036392e323636372b3030302e3035332f""}"
2026-07-01T03:13:19Z,862272088542776,Codec8E,2026-06-27 15:19:58.000 UTC,1782573598000,0,40.1090466,-8.5069333,53,181,7,24,0,"{""239"":1,""240"":1,""21"":3,""200"":0,""69"":1,""237"":2,""113"":100,""303"":1,""383"":3,""1149"":1,""181"":15,""182"":12,""66"":14346,""24"":24,""206"":48740,""67"":4130,""68"":0,""13"":1131,""17"":-107,""18"":-63,""19"":14,""15"":1000,""241"":26806,""199"":1251,""16"":100490,""12"":10876,""449"":0,""636"":339499,""1148"":68,""11"":8935106000,""14"":1160700155,""387"":""2b3430313039302e343636372d303038353036392e333333332b3030302e3035332f""}"
2026-07-01T03:13:19Z,862272088542776,Codec8E,2026-06-27 15:20:04.000 UTC,1782573604000,0,40.1086216,-8.5070050,55,202,7,28,0,"{""239"":1,""240"":1,""21"":3,""200"":0,""69"":1,""237"":2,""113"":100,""303"":1,""383"":3,""1149"":1,""181"":15,""182"":12,""66"":14334,""24"":28,""206"":48740,""67"":4130,""68"":0,""13"":1131,""17"":-53,""18"":168,""19"":103,""15"":1000,""241"":26806,""199"":1300,""16"":100539,""12"":10876,""449"":0,""636"":339499,""1148"":68,""11"":8935106000,""14"":1160700155,""387"":""2b3430313038362e323136372d303038353037302e303530302b3030302e3035352f""}"
2026-07-01T03:13:19Z,862272088542776,Codec8E,2026-06-27 15:20:06.000 UTC,1782573606000,0,40.1085450,-8.5070933,55,225,6,25,0,"{""239"":1,""240"":1,""21"":3,""200"":0,""69"":1,""237"":2,""113"":100,""303"":1,""383"":3,""1149"":1,""181"":18,""182"":15,""66"":14330,""24"":25,""206"":48740,""67"":4130,""68"":0,""13"":1131,""17"":-152,""18"":8,""19"":-10,""15"":1000,""241"":26806,""199"":1312,""16"":100551,""12"":10876,""449"":0,""636"":339499,""1148"":68,""11"":8935106000,""14"":1160700155,""387"":""2b3430313038352e343530302d303038353037302e393333332b3030302e3035352f""}"
2026-07-01T03:13:21Z,862272088542776,Codec8E,2026-06-27 15:20:09.000 UTC,1782573609000,0,40.1084649,-8.5072800,55,239,6,24,0,"{""239"":1,""240"":1,""21"":3,""200"":0,""69"":1,""237"":2,""113"":100,""303"":1,""383"":3,""1149"":1,""181"":44,""182"":15,""66"":14392,""24"":24,""206"":48740,""67"":4130,""68"":0,""13"":1131,""17"":-13,""18"":-71,""19"":-75,""15"":1000,""241"":26806,""199"":1330,""16"":100569,""12"":10876,""449"":0,""636"":339499,""1148"":68,""11"":8935106000,""14"":1160700155,""387"":""2b3430313038342e363530302d303038353037322e383030302b3030302e3035352f""}"
2026-07-01T03:13:21Z,862272088542776,Codec8E,2026-06-27 15:20:12.000 UTC,1782573612000,0,40.1084166,-8.5075800,56,254,8,27,0,"{""239"":1,""240"":1,""21"":3,""200"":0,""69"":1,""237"":2,""113"":100,""303"":1,""383"":3,""1149"":1,""181"":13,""182"":10,""66"":14381,""24"":27,""206"":48740,""67"":4129,""68"":0,""13"":1131,""17"":26,""18"":-25,""19"":34,""15"":1000,""241"":26806,""199"":1356,""16"":100595,""12"":10876,""449"":0,""636"":339499,""1148"":68,""11"":8935106000,""14"":1160700155,""387"":""2b3430313038342e313636372d303038353037352e383030302b3030302e3035362f""}"
2026-07-01T03:13:21Z,862272088542776,Codec8E,2026-06-27 15:20:19.000 UTC,1782573619000,0,40.1083566,-8.5082550,57,265,7,27,0,"{""239"":1,""240"":1,""21"":4,""200"":0,""69"":1,""237"":2,""113"":100,""303"":1,""383"":3,""1149"":20,""181"":15,""182"":12,""66"":14338,""24"":27,""206"":48740,""67"":4130,""68"":0,""13"":1131,""17"":92,""18"":-110,""19"":46,""15"":1000,""241"":26806,""199"":1414,""16"":100653,""12"":10876,""449"":0,""636"":339499,""1148"":76,""11"":8935106000,""14"":1160700155,""387"":""2b3430313038332e353636372d303038353038322e353530302b3030302e3035372f""}"
2026-07-01T03:13:21Z,862272088542776,Codec8E,2026-06-27 15:20:23.000 UTC,1782573623000,0,40.1083050,-8.5084799,58,237,7,21,0,"{""239"":1,""240"":1,""21"":4,""200"":0,""69"":1,""237"":2,""113"":100,""303"":1,""383"":3,""1149"":20,""181"":38,""182"":16,""66"":14390,""24"":21,""206"":48740,""67"":4129,""68"":0,""13"":1131,""17"":100,""18"":-129,""19"":14,""15"":1000,""241"":26806,""199"":1436,""16"":100675,""12"":10876,""449"":0,""636"":339469,""1148"":76,""11"":8935106000,""14"":1160700155,""387"":""2b3430313038332e303530302d303038353038342e383030302b3030302e3035382f""}"
2026-07-01T03:13:21Z,862272088542776,Codec8E,2026-06-27 15:20:27.000 UTC,1782573627000,0,40.1082683,-8.5084933,60,233,9,9,0,"{""239"":1,""240"":1,""21"":4,""200"":0,""69"":1,""237"":2,""113"":100,""303"":1,""383"":3,""1149"":20,""181"":14,""182"":11,""66"":14365,""24"":9,""206"":48740,""67"":4129,""68"":0,""13"":1131,""17"":-43,""18"":-50,""19"":6,""15"":1000,""241"":26806,""199"":1443,""16"":100682,""12"":10876,""449"":0,""636"":339469,""1148"":76,""11"":8935106000,""14"":1160700155,""387"":""2b3430313038322e363833332d303038353038342e393333332b3030302e3036302f""}"
2026-07-01T03:13:22Z,862272088542776,Codec8E,2026-06-27 15:20:31.000 UTC,1782573631000,0,40.1082750,-8.5085100,61,233,9,2,303,"{""239"":1,""240"":1,""21"":4,""200"":0,""69"":1,""237"":2,""113"":100,""303"":0,""383"":3,""1149"":20,""181"":14,""182"":11,""66"":14399,""24"":2,""206"":48740,""67"":4130,""68"":0,""13"":1131,""17"":-50,""18"":-55,""19"":2,""15"":1000,""241"":26806,""199"":1443,""16"":100682,""12"":10876,""449"":0,""636"":339469,""1148"":76,""11"":8935106000,""14"":1160700155,""387"":""2b3430313038322e373530302d303038353038352e313030302b3030302e3036312f""}"
2026-07-01T03:13:22Z,862272088542776,Codec8E,2026-06-27 15:21:05.000 UTC,1782573665000,0,40.1082233,-8.5085000,64,176,10,0,303,"{""239"":1,""240"":1,""21"":5,""200"":0,""69"":1,""237"":2,""113"":100,""303"":1,""383"":3,""1149"":20,""181"":12,""182"":9,""66"":14342,""24"":0,""206"":48740,""67"":4129,""68"":0,""13"":1115,""17"":237,""18"":-56,""19"":28,""15"":1000,""241"":26806,""199"":1443,""16"":100682,""12"":10881,""449"":0,""636"":339499,""1148"":73,""11"":8935106000,""14"":1160700155,""387"":""2b3430313038322e323333332d303038353038352e303030302b3030302e3036342f""}"
2026-07-01T03:13:22Z,862272088542776,Codec8E,2026-06-27 15:21:38.000 UTC,1782573698000,0,40.1082033,-8.5085066,0,0,0,0,303,"{""239"":1,""240"":1,""21"":5,""200"":0,""69"":2,""237"":2,""113"":100,""303"":0,""383"":3,""1149"":20,""181"":0,""182"":0,""66"":14395,""24"":0,""206"":48740,""67"":4128,""68"":0,""13"":1115,""17"":-78,""18"":-44,""19"":4,""15"":1000,""241"":26806,""199"":1443,""16"":100682,""12"":10883,""449"":0,""636"":339499,""1148"":120,""11"":8935106000,""14"":1160700155,""387"":""2b3430313038322e303333332d303038353038352e303636372b3030302e3030302f""}"
2026-07-01T03:13:22Z,862272088542776,Codec8E,2026-06-27 15:21:39.000 UTC,1782573699000,0,40.1082033,-8.5085066,0,0,0,0,303,"{""239"":1,""240"":1,""21"":5,""200"":0,""69"":2,""237"":2,""113"":100,""303"":1,""383"":3,""1149"":20,""181"":0,""182"":0,""66"":14382,""24"":0,""206"":48740,""67"":4129,""68"":0,""13"":1115,""17"":-24,""18"":-15,""19"":3,""15"":1000,""241"":26806,""199"":1443,""16"":100682,""12"":10883,""449"":0,""636"":339499,""1148"":120,""11"":8935106000,""14"":1160700155,""387"":""2b3430313038322e303333332d303038353038352e303636372b3030302e3030302f""}"
2026-07-01T03:13:22Z,862272088542776,Codec8E,2026-06-27 15:21:47.000 UTC,1782573707000,0,40.1082033,-8.5085066,0,0,0,0,303,"{""239"":1,""240"":1,""21"":5,""200"":0,""69"":2,""237"":2,""113"":100,""303"":0,""383"":3,""1149"":20,""181"":0,""182"":0,""66"":14381,""24"":0,""206"":48740,""67"":4128,""68"":0,""13"":1115,""17"":-45,""18"":-17,""19"":5,""15"":1000,""241"":26806,""199"":1443,""16"":100682,""12"":10883,""449"":0,""636"":339499,""1148"":120,""11"":8935106000,""14"":1160700155,""387"":""2b3430313038322e303333332d303038353038352e303636372b3030302e3030302f""}"
2026-07-01T03:13:22Z,862272088542776,Codec8E,2026-06-27 15:22:46.000 UTC,1782573766000,0,40.1082033,-8.5085066,0,0,0,0,240,"{""239"":1,""240"":0,""21"":5,""200"":0,""69"":2,""237"":99,""113"":100,""303"":0,""383"":3,""1149"":20,""181"":0,""182"":0,""66"":14345,""24"":0,""206"":18,""67"":4128,""68"":0,""13"":1115,""17"":-32,""18"":-23,""19"":4,""15"":1000,""241"":26801,""199"":1443,""16"":100682,""12"":10883,""449"":0,""636"":0,""1148"":120,""11"":8935106000,""14"":1160700155,""387"":""2b3430313038322e303333332d303038353038352e303636372b3030302e3030302f""}"
2026-07-01T03:13:22Z,862272088542776,Codec8E,2026-06-27 15:23:55.000 UTC,1782573835000,0,40.1082033,-8.5085066,0,0,0,0,239,"{""239"":0,""240"":0,""21"":4,""200"":0,""69"":2,""237"":99,""113"":100,""303"":0,""383"":3,""1149"":20,""181"":0,""182"":0,""66"":13095,""24"":0,""206"":18,""67"":4128,""68"":0,""13"":1117,""17"":-35,""18"":-25,""19"":0,""15"":1000,""241"":26801,""199"":1443,""16"":100682,""12"":10902,""449"":0,""636"":0,""1148"":120,""11"":8935106000,""14"":1160700155,""387"":""2b3430313038322e303333332d303038353038352e303636372b3030302e3030302f""}"
2026-07-01T03:13:22Z,862272088542776,Codec8E,2026-06-27 16:23:55.000 UTC,1782577435000,0,40.1082033,-8.5085066,0,0,0,0,0,"{""239"":0,""240"":0,""21"":3,""200"":0,""69"":2,""237"":99,""113"":100,""303"":0,""383"":3,""1149"":3,""181"":0,""182"":0,""66"":13060,""24"":0,""206"":18,""67"":4128,""68"":0,""13"":1117,""17"":-39,""18"":-17,""19"":3,""15"":1000,""241"":26801,""199"":0,""16"":100682,""12"":10902,""449"":0,""636"":0,""1148"":107,""11"":8935106000,""14"":1160700155,""387"":""2b3430313038322e303333332d303038353038352e303636372b3030302e3030302f""}"
2026-07-01T03:13:22Z,862272088542776,Codec8E,2026-06-27 17:49:42.000 UTC,1782582582000,0,40.1082033,-8.5085066,0,0,0,0,0,"{""239"":0,""240"":0,""21"":5,""200"":0,""69"":2,""237"":99,""113"":100,""303"":0,""383"":3,""1149"":20,""181"":0,""182"":0,""66"":12970,""24"":0,""206"":18,""67"":4128,""68"":0,""13"":1117,""17"":-38,""18"":-33,""19"":5,""15"":0,""241"":26801,""199"":0,""16"":100682,""12"":10902,""449"":0,""636"":0,""1148"":0,""11"":8935106000,""14"":1160700155,""387"":""2b3430313038322e303333332d303038353038352e303636372b3030302e3030302f""}"
2026-07-01T03:13:22Z,862272088542776,Codec8E,2026-06-27 19:20:33.000 UTC,1782588033000,0,40.1082033,-8.5085066,0,0,0,0,0,"{""239"":0,""240"":0,""21"":5,""200"":0,""69"":2,""237"":99,""113"":100,""303"":0,""383"":3,""1149"":20,""181"":0,""182"":0,""66"":12928,""24"":0,""206"":18,""67"":4128,""68"":0,""13"":1117,""17"":-38,""18"":-25,""19"":5,""15"":0,""241"":26801,""199"":0,""16"":100682,""12"":10902,""449"":0,""636"":0,""1148"":107,""11"":8935106000,""14"":1160700155,""387"":""2b3430313038322e303333332d303038353038352e303636372b3030302e3030302f""}"
2026-07-01T03:13:24Z,862272088542776,Codec8E,2026-06-27 22:53:10.000 UTC,1782600790000,0,40.1082033,-8.5085066,0,0,0,0,0,"{""239"":0,""240"":0,""21"":1,""200"":0,""69"":2,""237"":1,""113"":100,""303"":0,""383"":3,""1149"":0,""181"":0,""182"":0,""66"":12927,""24"":0,""206"":8740,""67"":4128,""68"":0,""13"":1117,""17"":-39,""18"":-23,""19"":4,""15"":0,""241"":26806,""199"":0,""16"":100682,""12"":10902,""449"":0,""636"":21635,""1148"":106,""11"":8935106000,""14"":1160700155,""387"":""2b3430313038322e303333332d303038353038352e303636372b3030302e3030302f""}"